scenario,planner,replan_policy,prediction_horizon_ms,replan_period_ms,planning_clearance_mm,trial,seed,collision_episodes,obstacle_collision_episodes,robot_collision_episodes,minimum_clearance_mm,minimum_robot_clearance_mm,minimum_obstacle_clearance_mm,contact_time_ms
random-s0-0000,voronoi,once,0.0,20.0,0.0,1,0,1,1,0,-40.19323126347044,680.7020006761659,-40.19323126347044,259.99999999999994
random-s0-0000,voronoi,cycle,0.0,20.0,0.0,1,0,0,0,0,156.87319637073887,492.0387621552528,156.87319637073887,0.0
random-s0-0000,voronoi,cycle,0.0,100.0,0.0,1,0,0,0,0,137.77480367313092,586.7061780294972,137.77480367313092,0.0
random-s0-0000,voronoi,cycle,50.0,20.0,0.0,1,0,0,0,0,200.9251094074537,437.2367578307334,200.9251094074537,0.0
random-s0-0000,voronoi,cycle,50.0,100.0,0.0,1,0,0,0,0,183.4657693350069,219.6135418144444,183.4657693350069,0.0
random-s0-0000,voronoi,cycle,150.0,20.0,0.0,1,0,0,0,0,133.36988999581274,267.4545687170624,133.36988999581274,0.0
random-s0-0000,voronoi,cycle,150.0,100.0,0.0,1,0,0,0,0,82.99998032669976,107.45241397944562,82.99998032669976,0.0
random-s0-0000,voronoi,event,0.0,20.0,0.0,1,0,0,0,0,125.26476522160992,416.6284122470538,125.26476522160992,0.0
random-s0-0000,voronoi,event,0.0,100.0,0.0,1,0,0,0,0,137.77480367313092,301.13900086711726,137.77480367313092,0.0
random-s0-0000,voronoi,event,50.0,20.0,0.0,1,0,0,0,0,157.22860151735256,310.3094239678043,157.22860151735256,0.0
random-s0-0000,voronoi,event,50.0,100.0,0.0,1,0,1,1,0,-40.98034253700661,804.5875755797097,-40.98034253700661,340.0
random-s0-0000,voronoi,event,150.0,20.0,0.0,1,0,0,0,0,134.32857611316592,267.4545687170624,134.32857611316592,0.0
random-s0-0000,voronoi,event,150.0,100.0,0.0,1,0,0,0,0,83.07518100611128,116.0088676819077,83.07518100611128,0.0
random-s0-0000,prm,once,0.0,20.0,0.0,1,0,0,0,0,137.77480367313098,680.7020006761659,137.77480367313098,0.0
random-s0-0000,prm,cycle,0.0,20.0,0.0,1,0,0,0,0,110.77916443909396,492.75557706620566,110.77916443909396,0.0
random-s0-0000,prm,cycle,0.0,100.0,0.0,1,0,0,0,0,137.77480367313092,584.191881404422,137.77480367313092,0.0
random-s0-0000,prm,cycle,50.0,20.0,0.0,1,0,0,0,0,59.269366660572274,372.5328672902472,59.269366660572274,0.0
random-s0-0000,prm,cycle,50.0,100.0,0.0,1,0,0,0,0,176.58311079507132,380.2802820973424,176.58311079507132,0.0
random-s0-0000,prm,cycle,150.0,20.0,0.0,1,0,0,0,0,155.11236734956083,540.1227402250136,155.11236734956083,0.0
random-s0-0000,prm,cycle,150.0,100.0,0.0,1,0,0,0,0,190.60890064701303,658.0934532424193,190.60890064701303,0.0
random-s0-0000,prm,event,0.0,20.0,0.0,1,0,0,0,0,110.77916443909396,547.7889403458196,110.77916443909396,0.0
random-s0-0000,prm,event,0.0,100.0,0.0,1,0,0,0,0,137.77480367313092,549.9300832801114,137.77480367313092,0.0
random-s0-0000,prm,event,50.0,20.0,0.0,1,0,0,0,0,49.94840659903517,291.133610879386,49.94840659903517,0.0
random-s0-0000,prm,event,50.0,100.0,0.0,1,0,0,0,0,176.58311079507132,380.2802820973424,176.58311079507132,0.0
random-s0-0000,prm,event,150.0,20.0,0.0,1,0,0,0,0,120.35664659555516,622.5821441194147,120.35664659555516,0.0
random-s0-0000,prm,event,150.0,100.0,0.0,1,0,0,0,0,109.6219851885682,658.0934532424193,109.6219851885682,0.0
random-s0-0000,visibility,once,0.0,20.0,0.0,1,0,0,0,0,82.76418901321057,680.7020006761659,82.76418901321057,0.0
random-s0-0000,visibility,cycle,0.0,20.0,0.0,1,0,0,0,0,145.40148061158112,710.5196920695024,145.40148061158112,0.0
random-s0-0000,visibility,cycle,0.0,100.0,0.0,1,0,0,0,0,122.89787332554096,713.3712403759331,122.89787332554096,0.0
random-s0-0000,visibility,cycle,50.0,20.0,0.0,1,0,0,0,0,154.49492617626788,728.640915142317,154.49492617626788,0.0
random-s0-0000,visibility,cycle,50.0,100.0,0.0,1,0,0,0,0,140.36823858324624,720.1316919304683,140.36823858324624,0.0
random-s0-0000,visibility,cycle,150.0,20.0,0.0,1,0,0,0,0,5.754175365322084,839.3265117084607,5.754175365322084,0.0
random-s0-0000,visibility,cycle,150.0,100.0,0.0,1,0,0,0,0,3.661239837814861,839.1119219820208,3.661239837814861,0.0
random-s0-0000,visibility,event,0.0,20.0,0.0,1,0,0,0,0,145.89547205241712,728.5001353937772,145.89547205241712,0.0
random-s0-0000,visibility,event,0.0,100.0,0.0,1,0,0,0,0,127.9890573226504,735.8699354895539,127.9890573226504,0.0
random-s0-0000,visibility,event,50.0,20.0,0.0,1,0,0,0,0,157.29886280605916,571.1031269389246,157.29886280605916,0.0
random-s0-0000,visibility,event,50.0,100.0,0.0,1,0,0,0,0,140.36823858324624,633.8374140027587,140.36823858324624,0.0
random-s0-0000,visibility,event,150.0,20.0,0.0,1,0,1,1,0,-40.19323126347044,39.64283695025725,-40.19323126347044,320.0
random-s0-0000,visibility,event,150.0,100.0,0.0,1,0,0,0,0,3.661239837814861,690.1764167097824,3.661239837814861,0.0
random-s0-0001,voronoi,once,0.0,20.0,0.0,1,0,1,1,0,-169.03402356557666,201.2995062831088,-169.03402356557666,960.0000000000006
random-s0-0001,voronoi,cycle,0.0,20.0,0.0,1,0,0,0,0,10.117213626960108,60.24067421481499,10.117213626960108,0.0
random-s0-0001,voronoi,cycle,0.0,100.0,0.0,1,0,0,0,0,1.5374976113847652,134.12740175247967,1.5374976113847652,0.0
random-s0-0001,voronoi,cycle,50.0,20.0,0.0,1,0,0,0,0,10.323489445663853,285.58689159409045,10.323489445663853,0.0
random-s0-0001,voronoi,cycle,50.0,100.0,0.0,1,0,1,1,0,-1.2760909847567063,186.70682432638733,-1.2760909847567063,20.0
random-s0-0001,voronoi,cycle,150.0,20.0,0.0,1,0,0,0,0,100.01621459060914,331.0006667813309,100.01621459060914,0.0
random-s0-0001,voronoi,cycle,150.0,100.0,0.0,1,0,0,0,0,74.95271042833656,361.3857850213129,74.95271042833656,0.0
random-s0-0001,voronoi,event,0.0,20.0,0.0,1,0,2,1,1,-116.68316073261006,-2.8813587953774515,-116.68316073261006,320.0
random-s0-0001,voronoi,event,0.0,100.0,0.0,1,0,3,2,1,-164.41953532397724,-105.74196139664627,-164.41953532397724,620.0000000000002
random-s0-0001,voronoi,event,50.0,20.0,0.0,1,0,1,1,0,-90.400485630508,176.18368265179896,-90.400485630508,240.0
random-s0-0001,voronoi,event,50.0,100.0,0.0,1,0,1,1,0,-1.9730741230645208,217.60392554351864,-1.9730741230645208,20.0
random-s0-0001,voronoi,event,150.0,20.0,0.0,1,0,0,0,0,102.6690275882044,396.2981472775964,102.6690275882044,0.0
random-s0-0001,voronoi,event,150.0,100.0,0.0,1,0,0,0,0,73.69843008467103,312.074689080831,73.69843008467103,0.0
random-s0-0001,prm,once,0.0,20.0,0.0,1,0,2,2,0,-169.03402356557666,176.78089745289827,-169.03402356557666,1020.0000000000005
random-s0-0001,prm,cycle,0.0,20.0,0.0,1,0,0,0,0,3.22133692763066,92.30451602836756,3.22133692763066,0.0
random-s0-0001,prm,cycle,0.0,100.0,0.0,1,0,2,1,1,-14.863832153832677,-14.863832153832677,-12.173138604152117,60.0
random-s0-0001,prm,cycle,50.0,20.0,0.0,1,0,1,1,0,-77.043712934465,223.4064965943108,-77.043712934465,200.0
random-s0-0001,prm,cycle,50.0,100.0,0.0,1,0,1,1,0,-77.68150799375334,285.5868915940905,-77.68150799375334,200.0
random-s0-0001,prm,cycle,150.0,20.0,0.0,1,0,1,1,0,-119.7580104500042,285.58689159409045,-119.7580104500042,300.0
random-s0-0001,prm,cycle,150.0,100.0,0.0,1,0,1,1,0,-176.42097201176608,107.55767912633088,-176.42097201176608,640.0000000000002
random-s0-0001,prm,event,0.0,20.0,0.0,1,0,1,1,0,-72.58203273813083,30.56982066155589,-72.58203273813083,180.0
random-s0-0001,prm,event,0.0,100.0,0.0,1,0,2,1,1,-88.40558240599202,-26.657423528523708,-88.40558240599202,300.0
random-s0-0001,prm,event,50.0,20.0,0.0,1,0,1,1,0,-159.24529403581957,48.81334980459354,-159.24529403581957,420.0000000000001
random-s0-0001,prm,event,50.0,100.0,0.0,1,0,1,1,0,-159.56382651131162,176.78089745289867,-159.56382651131162,580.0000000000002
random-s0-0001,prm,event,150.0,20.0,0.0,1,0,1,1,0,-103.95497379757728,285.58689159409045,-103.95497379757728,200.0
random-s0-0001,prm,event,150.0,100.0,0.0,1,0,1,1,0,-176.06394282487656,285.5868915940905,-176.06394282487656,720.0000000000003
random-s0-0001,visibility,once,0.0,20.0,0.0,1,0,2,1,1,-169.03402356557666,-72.7964612977853,-169.03402356557666,800.0000000000003
random-s0-0001,visibility,cycle,0.0,20.0,0.0,1,0,0,0,0,5.014706404727008,285.58689159409045,5.014706404727008,0.0
random-s0-0001,visibility,cycle,0.0,100.0,0.0,1,0,0,0,0,14.821775943425706,285.5868915940905,14.821775943425706,0.0
random-s0-0001,visibility,cycle,50.0,20.0,0.0,1,0,2,2,0,-157.00437238652194,285.58689159409045,-157.00437238652194,659.9999999999915
random-s0-0001,visibility,cycle,50.0,100.0,0.0,1,0,2,2,0,-161.4931944857705,285.5868915940905,-161.4931944857705,699.9999999999999
random-s0-0001,visibility,cycle,150.0,20.0,0.0,1,0,3,3,0,-171.7489873312907,285.58689159409045,-171.7489873312907,899.9999999999934
random-s0-0001,visibility,cycle,150.0,100.0,0.0,1,0,1,1,0,-33.77256959384829,285.5868915940905,-33.77256959384829,80.0
random-s0-0001,visibility,event,0.0,20.0,0.0,1,0,0,0,0,5.014706404727008,232.8443599539927,5.014706404727008,0.0
random-s0-0001,visibility,event,0.0,100.0,0.0,1,0,0,0,0,14.821775943425706,259.2159330805798,14.821775943425706,0.0
random-s0-0001,visibility,event,50.0,20.0,0.0,1,0,2,2,0,-170.54608490874838,285.58689159409045,-170.54608490874838,639.9999999999919
random-s0-0001,visibility,event,50.0,100.0,0.0,1,0,2,2,0,-176.88676865839545,285.5868915940905,-176.88676865839545,860.0
random-s0-0001,visibility,event,150.0,20.0,0.0,1,0,2,2,0,-34.76504009388032,285.58689159409045,-34.76504009388032,99.99999999999916
random-s0-0001,visibility,event,150.0,100.0,0.0,1,0,3,3,0,-174.77032383494554,285.5868915940905,-174.77032383494554,779.9999999999999
random-s0-0002,voronoi,once,0.0,20.0,0.0,1,0,3,3,0,-163.95817904165932,164.350226247045,-163.95817904165932,580.0000000000002
random-s0-0002,voronoi,cycle,0.0,20.0,0.0,1,0,0,0,0,3.3280347401274923,91.04924720578106,3.3280347401274923,0.0
random-s0-0002,voronoi,cycle,0.0,100.0,0.0,1,0,0,0,0,125.6306586428932,238.4615659466372,125.6306586428932,0.0
random-s0-0002,voronoi,cycle,50.0,20.0,0.0,1,0,1,1,0,-8.91532544674584,219.2554187961088,-8.91532544674584,0.0
random-s0-0002,voronoi,cycle,50.0,100.0,0.0,1,0,0,0,0,116.80827205083216,152.25279705011138,116.80827205083216,0.0
random-s0-0002,voronoi,cycle,150.0,20.0,0.0,1,0,0,0,0,63.58080002697139,117.21780753864516,63.58080002697139,0.0
random-s0-0002,voronoi,cycle,150.0,100.0,0.0,1,0,1,1,0,-154.60838875231008,234.46086933436163,-154.60838875231008,240.0
random-s0-0002,voronoi,event,0.0,20.0,0.0,1,0,0,0,0,3.3280347401274923,160.92679314251603,3.3280347401274923,0.0
random-s0-0002,voronoi,event,0.0,100.0,0.0,1,0,1,1,0,-152.31157179247128,7.130876775581498,-152.31157179247128,380.00000000000006
random-s0-0002,voronoi,event,50.0,20.0,0.0,1,0,0,0,0,22.284182920842824,196.1504951882947,22.284182920842824,0.0
random-s0-0002,voronoi,event,50.0,100.0,0.0,1,0,0,0,0,61.70181927514437,61.70181927514437,100.6423267272774,0.0
random-s0-0002,voronoi,event,150.0,20.0,0.0,1,0,1,1,0,-5.632720580104092,193.33952495909008,-5.632720580104092,0.0
random-s0-0002,voronoi,event,150.0,100.0,0.0,1,0,2,2,0,-154.62917912480927,188.2444566040801,-154.62917912480927,1000.0000000000005
random-s0-0002,prm,once,0.0,20.0,0.0,1,0,3,3,0,-152.31157179247086,17.60907297929336,-152.31157179247086,980.0000000000006
random-s0-0002,prm,cycle,0.0,20.0,0.0,1,0,0,0,0,19.01742999419844,44.52118325697765,19.01742999419844,0.0
random-s0-0002,prm,cycle,0.0,100.0,0.0,1,0,0,0,0,58.81785729862341,135.5956992185092,58.81785729862341,0.0
random-s0-0002,prm,cycle,50.0,20.0,0.0,1,0,0,0,0,14.661499416374198,198.06234976541052,14.661499416374198,0.0
random-s0-0002,prm,cycle,50.0,100.0,0.0,1,0,0,0,0,66.03213681877833,227.89105844408408,66.03213681877833,0.0
random-s0-0002,prm,cycle,150.0,20.0,0.0,1,0,1,1,0,-80.70969744040768,171.27371967716368,-80.70969744040768,80.0
random-s0-0002,prm,cycle,150.0,100.0,0.0,1,0,1,1,0,-62.95331926308202,66.8246869813241,-62.95331926308202,60.0
random-s0-0002,prm,event,0.0,20.0,0.0,1,0,2,2,0,-152.31157179247086,70.76449953017357,-152.31157179247086,279.99999999999994
random-s0-0002,prm,event,0.0,100.0,0.0,1,0,2,2,0,-152.31157179247128,135.5956992185092,-152.31157179247128,340.0
random-s0-0002,prm,event,50.0,20.0,0.0,1,0,0,0,0,52.10307895836456,242.13900982934683,52.10307895836456,0.0
random-s0-0002,prm,event,50.0,100.0,0.0,1,0,0,0,0,66.03213681877833,242.13900982934723,66.03213681877833,0.0
random-s0-0002,prm,event,150.0,20.0,0.0,1,0,1,1,0,-152.31157179247086,13.10106106376452,-152.31157179247086,380.00000000000006
random-s0-0002,prm,event,150.0,100.0,0.0,1,0,3,3,0,-152.31157179247128,84.82820189797445,-152.31157179247128,760.0000000000003
random-s0-0002,visibility,once,0.0,20.0,0.0,1,0,4,3,1,-153.6182812522954,-80.0149796630608,-153.6182812522954,660.0000000000002
random-s0-0002,visibility,cycle,0.0,20.0,0.0,1,0,4,4,0,-152.31157179247086,142.49153418024645,-152.31157179247086,1659.9999999999854
random-s0-0002,visibility,cycle,0.0,100.0,0.0,1,0,4,4,0,-152.31157179247128,148.10275994296205,-152.31157179247128,1660.0000000000011
random-s0-0002,visibility,cycle,50.0,20.0,0.0,1,0,3,3,0,-152.31157179247086,191.2915049218329,-152.31157179247086,1579.9999999999873
random-s0-0002,visibility,cycle,50.0,100.0,0.0,1,0,0,0,0,25.8777279687489,184.6007238084348,25.8777279687489,0.0
random-s0-0002,visibility,cycle,150.0,20.0,0.0,1,0,1,1,0,-114.78800450518862,85.7176173900906,-114.78800450518862,239.99999999999983
random-s0-0002,visibility,cycle,150.0,100.0,0.0,1,0,1,1,0,-87.23384986601366,208.87104078754288,-87.23384986601366,159.9999999999998
random-s0-0002,visibility,event,0.0,20.0,0.0,1,0,2,2,0,-152.31157179247086,76.268591193298,-152.31157179247086,960.0000000000006
random-s0-0002,visibility,event,0.0,100.0,0.0,1,0,3,3,0,-152.31157179247128,87.38641787947171,-152.31157179247128,1060.0000000000005
random-s0-0002,visibility,event,50.0,20.0,0.0,1,0,3,3,0,-152.31157179247086,88.71456520877956,-152.31157179247086,1399.9999999999914
random-s0-0002,visibility,event,50.0,100.0,0.0,1,0,3,3,0,-152.31157179247128,100.16975799997788,-152.31157179247128,960.0000000000006
random-s0-0002,visibility,event,150.0,20.0,0.0,1,0,4,4,0,-152.31157179247086,119.88089915981465,-152.31157179247086,1819.9999999999875
random-s0-0002,visibility,event,150.0,100.0,0.0,1,0,4,4,0,-153.3902860131614,186.4044141631946,-153.3902860131614,1140.0000000000005
random-s0-0003,voronoi,once,0.0,20.0,0.0,1,0,1,1,0,-137.89866493230855,207.23700206606043,-137.89866493230855,259.99999999999994
random-s0-0003,voronoi,cycle,0.0,20.0,0.0,1,0,0,0,0,7.944837881925338,7.944837881925338,36.05306079605603,0.0
random-s0-0003,voronoi,cycle,0.0,100.0,0.0,1,0,0,0,0,30.503073368453784,78.07503213188772,30.503073368453784,0.0
random-s0-0003,voronoi,cycle,50.0,20.0,0.0,1,0,0,0,0,44.51806722557152,55.244999993269545,44.51806722557152,0.0
random-s0-0003,voronoi,cycle,50.0,100.0,0.0,1,0,0,0,0,50.66466782719263,109.30373567857656,50.66466782719263,0.0
random-s0-0003,voronoi,cycle,150.0,20.0,0.0,1,0,0,0,0,77.23826657795684,194.80115580547044,77.23826657795684,0.0
random-s0-0003,voronoi,cycle,150.0,100.0,0.0,1,0,0,0,0,81.78598725517503,81.78598725517503,115.13386793114744,0.0
random-s0-0003,voronoi,event,0.0,20.0,0.0,1,0,1,0,1,-0.9045682735384446,-0.9045682735384446,36.28273184343243,20.0
random-s0-0003,voronoi,event,0.0,100.0,0.0,1,0,1,0,1,-58.30849830731718,-58.30849830731718,30.503073368453784,119.99999999999991
random-s0-0003,voronoi,event,50.0,20.0,0.0,1,0,0,0,0,45.71921544237645,67.53567047324245,45.71921544237645,0.0
random-s0-0003,voronoi,event,50.0,100.0,0.0,1,0,2,2,0,-16.680302733623222,66.10945684997651,-16.680302733623222,320.0
random-s0-0003,voronoi,event,150.0,20.0,0.0,1,0,0,0,0,115.13386793114744,250.865100810318,115.13386793114744,0.0
random-s0-0003,voronoi,event,150.0,100.0,0.0,1,0,0,0,0,87.37984877267564,87.37984877267564,115.13386793114744,0.0
random-s0-0003,prm,once,0.0,20.0,0.0,1,0,3,1,2,-105.08161343872425,-105.08161343872425,-8.94419007665033,400.00000000000006
random-s0-0003,prm,cycle,0.0,20.0,0.0,1,0,0,0,0,32.215532974590474,32.215532974590474,86.12244501883134,0.0
random-s0-0003,prm,cycle,0.0,100.0,0.0,1,0,0,0,0,73.98881958074776,73.98881958074776,74.61655610152579,0.0
random-s0-0003,prm,cycle,50.0,20.0,0.0,1,0,0,0,0,40.57468076554588,118.08671311126432,40.57468076554588,0.0
random-s0-0003,prm,cycle,50.0,100.0,0.0,1,0,0,0,0,81.50385248640248,113.15333291291068,81.50385248640248,0.0
random-s0-0003,prm,cycle,150.0,20.0,0.0,1,0,0,0,0,115.13386793114744,205.62029689468824,115.13386793114744,0.0
random-s0-0003,prm,cycle,150.0,100.0,0.0,1,0,0,0,0,113.09686315578148,126.47571206975392,113.09686315578148,0.0
random-s0-0003,prm,event,0.0,20.0,0.0,1,0,0,0,0,16.89390272524102,16.89390272524102,86.12244501883134,0.0
random-s0-0003,prm,event,0.0,100.0,0.0,1,0,0,0,0,39.03084186562219,39.03084186562219,74.61655610152579,0.0
random-s0-0003,prm,event,50.0,20.0,0.0,1,0,0,0,0,37.804519191665946,37.804519191665946,40.57468076554588,0.0
random-s0-0003,prm,event,50.0,100.0,0.0,1,0,0,0,0,54.502239228033375,153.44434370583076,54.502239228033375,0.0
random-s0-0003,prm,event,150.0,20.0,0.0,1,0,0,0,0,100.88441217201176,123.67808020898023,100.88441217201176,0.0
random-s0-0003,prm,event,150.0,100.0,0.0,1,0,0,0,0,115.13386793114744,127.32069009114451,115.13386793114744,0.0
random-s0-0003,visibility,once,0.0,20.0,0.0,1,0,0,0,0,15.238579078700354,15.238579078700354,72.7163424855421,0.0
random-s0-0003,visibility,cycle,0.0,20.0,0.0,1,0,0,0,0,41.00776999677481,41.00776999677481,77.22326768470197,0.0
random-s0-0003,visibility,cycle,0.0,100.0,0.0,1,0,0,0,0,38.21636338156978,38.21636338156978,78.93140370014862,0.0
random-s0-0003,visibility,cycle,50.0,20.0,0.0,1,0,0,0,0,61.8213103975493,61.8213103975493,83.50582372428977,0.0
random-s0-0003,visibility,cycle,50.0,100.0,0.0,1,0,1,0,1,-116.9849932525206,-116.9849932525206,91.59374479904945,79.99999999999991
random-s0-0003,visibility,cycle,150.0,20.0,0.0,1,0,0,0,0,67.95328021644985,161.36540274868105,67.95328021644985,0.0
random-s0-0003,visibility,cycle,150.0,100.0,0.0,1,0,0,0,0,15.072630793081371,15.072630793081371,69.09045515145868,0.0
random-s0-0003,visibility,event,0.0,20.0,0.0,1,0,0,0,0,14.492389744972089,14.492389744972089,77.59634926983671,0.0
random-s0-0003,visibility,event,0.0,100.0,0.0,1,0,0,0,0,15.770690235530395,15.770690235530395,78.93140370014862,0.0
random-s0-0003,visibility,event,50.0,20.0,0.0,1,0,0,0,0,18.707949480032,18.707949480032,84.36003289311276,0.0
random-s0-0003,visibility,event,50.0,100.0,0.0,1,0,0,0,0,16.02388194040904,16.02388194040904,93.51867807720686,0.0
random-s0-0003,visibility,event,150.0,20.0,0.0,1,0,0,0,0,21.82351728531708,21.82351728531708,67.95328021644985,0.0
random-s0-0003,visibility,event,150.0,100.0,0.0,1,0,1,0,1,-159.91798452597624,-159.91798452597624,69.09045515145868,480.00000000000017
random-s0-0004,voronoi,once,0.0,20.0,0.0,1,0,6,2,4,-115.63095203453436,-115.63095203453436,-99.9318643622484,1120.0000000000005
random-s0-0004,voronoi,cycle,0.0,20.0,0.0,1,0,0,0,0,6.0341601490781045,6.0341601490781045,98.30234296007568,0.0
random-s0-0004,voronoi,cycle,0.0,100.0,0.0,1,0,1,0,1,-16.555544973753626,-16.555544973753626,58.50355979324922,39.99999999999991
random-s0-0004,voronoi,cycle,50.0,20.0,0.0,1,0,0,0,0,87.66381145595108,87.66381145595108,146.6006090887949,0.0
random-s0-0004,voronoi,cycle,50.0,100.0,0.0,1,0,0,0,0,98.4961164965082,98.4961164965082,150.72309497390108,0.0
random-s0-0004,voronoi,cycle,150.0,20.0,0.0,1,0,0,0,0,63.11575218414964,63.11575218414964,102.85038775093182,0.0
random-s0-0004,voronoi,cycle,150.0,100.0,0.0,1,0,2,0,2,-112.84677807922716,-112.84677807922716,95.57787296448868,620.0000000000001
random-s0-0004,voronoi,event,0.0,20.0,0.0,1,0,0,0,0,0.1770824134504209,0.1770824134504209,111.0143923540582,0.0
random-s0-0004,voronoi,event,0.0,100.0,0.0,1,0,5,3,2,-140.34920552640975,-140.34920552640975,-11.583312065669588,259.99999999999983
random-s0-0004,voronoi,event,50.0,20.0,0.0,1,0,0,0,0,5.178465276062866,5.178465276062866,138.023242587707,0.0
random-s0-0004,voronoi,event,50.0,100.0,0.0,1,0,0,0,0,32.20890980761865,65.77468714360299,32.20890980761865,0.0
random-s0-0004,voronoi,event,150.0,20.0,0.0,1,0,0,0,0,15.67296697281094,15.67296697281094,102.85038775093182,0.0
random-s0-0004,voronoi,event,150.0,100.0,0.0,1,0,2,0,2,-112.84677807922716,-112.84677807922716,95.57787296448868,620.0000000000001
random-s0-0004,prm,once,0.0,20.0,0.0,1,0,3,1,2,-123.06467647851213,-115.63095203453436,-123.06467647851213,460.0000000000001
random-s0-0004,prm,cycle,0.0,20.0,0.0,1,0,1,1,0,-58.20121281122634,0.3611663851333162,-58.20121281122634,520.0000000000001
random-s0-0004,prm,cycle,0.0,100.0,0.0,1,0,4,1,3,-164.76575854845257,-164.76575854845257,-73.40545894294178,1080.0000000000002
random-s0-0004,prm,cycle,50.0,20.0,0.0,1,0,0,0,0,43.35197627268633,222.3441527327752,43.35197627268633,0.0
random-s0-0004,prm,cycle,50.0,100.0,0.0,1,0,2,1,1,-126.02496151339616,-126.02496151339616,-62.30940804429292,420.00000000000006
random-s0-0004,prm,cycle,150.0,20.0,0.0,1,0,1,1,0,-25.995819636867367,86.6179091356434,-25.995819636867367,199.99999999999997
random-s0-0004,prm,cycle,150.0,100.0,0.0,1,0,1,1,0,-25.995819636867367,2.251933225940462,-25.995819636867367,199.99999999999997
random-s0-0004,prm,event,0.0,20.0,0.0,1,0,0,0,0,8.9227753410687,147.90833196343883,8.9227753410687,0.0
random-s0-0004,prm,event,0.0,100.0,0.0,1,0,3,1,2,-164.76575854845257,-164.76575854845257,-55.49325051112788,880.0000000000002
random-s0-0004,prm,event,50.0,20.0,0.0,1,0,2,2,0,-50.463997515378935,6.622696704254082,-50.463997515378935,220.0
random-s0-0004,prm,event,50.0,100.0,0.0,1,0,2,1,1,-126.02496151339616,-126.02496151339616,-62.30940804429292,400.0
random-s0-0004,prm,event,150.0,20.0,0.0,1,0,1,1,0,-25.995819636867367,240.9367957339205,-25.995819636867367,199.99999999999997
random-s0-0004,prm,event,150.0,100.0,0.0,1,0,1,1,0,-25.995819636867367,67.311928728846,-25.995819636867367,199.99999999999997
random-s0-0004,visibility,once,0.0,20.0,0.0,1,0,6,2,4,-115.63095203453436,-115.63095203453436,-72.44910436495461,1020.0000000000005
random-s0-0004,visibility,cycle,0.0,20.0,0.0,1,0,2,2,0,-101.44902903672138,8.820388868991898,-101.44902903672138,640.0000000000002
random-s0-0004,visibility,cycle,0.0,100.0,0.0,1,0,2,2,0,-78.35118103943365,16.99897146891584,-78.35118103943365,600.0
random-s0-0004,visibility,cycle,50.0,20.0,0.0,1,0,0,0,0,17.8226854979589,65.10932302363972,17.8226854979589,0.0
random-s0-0004,visibility,cycle,50.0,100.0,0.0,1,0,1,0,1,-144.61272785470263,-144.61272785470263,52.822788153482776,259.99999999999966
random-s0-0004,visibility,cycle,150.0,20.0,0.0,1,0,1,1,0,-25.995819636867367,172.9288893419347,-25.995819636867367,199.99999999999997
random-s0-0004,visibility,cycle,150.0,100.0,0.0,1,0,1,1,0,-25.995819636867367,61.13814098722642,-25.995819636867367,199.99999999999997
random-s0-0004,visibility,event,0.0,20.0,0.0,1,0,2,1,1,-164.67191949704494,-164.67191949704494,-86.10840907132064,720.0000000000003
random-s0-0004,visibility,event,0.0,100.0,0.0,1,0,2,2,0,-74.3650120173452,17.010804726159705,-74.3650120173452,440.0000000000001
random-s0-0004,visibility,event,50.0,20.0,0.0,1,0,0,0,0,37.88472322469471,116.63322114085965,37.88472322469471,0.0
random-s0-0004,visibility,event,50.0,100.0,0.0,1,0,1,0,1,-144.61272785470263,-144.61272785470263,69.92601085446253,259.99999999999966
random-s0-0004,visibility,event,150.0,20.0,0.0,1,0,2,2,0,-25.995819636867367,78.74471944341877,-25.995819636867367,420.0000000000001
random-s0-0004,visibility,event,150.0,100.0,0.0,1,0,1,1,0,-25.995819636867367,119.64482356915435,-25.995819636867367,199.99999999999997
random-s0-0005,voronoi,once,0.0,20.0,0.0,1,0,2,2,0,-165.8288202484973,97.40228830659458,-165.8288202484973,520.0000000000001
random-s0-0005,voronoi,cycle,0.0,20.0,0.0,1,0,0,0,0,21.172945970398928,238.98739654386617,21.172945970398928,0.0
random-s0-0005,voronoi,cycle,0.0,100.0,0.0,1,0,0,0,0,68.67936478756931,141.58877780510596,68.67936478756931,0.0
random-s0-0005,voronoi,cycle,50.0,20.0,0.0,1,0,1,1,0,-45.70175970290097,470.0488162128279,-45.70175970290097,240.0
random-s0-0005,voronoi,cycle,50.0,100.0,0.0,1,0,1,1,0,-45.70175970290072,448.14962243202353,-45.70175970290072,240.0
random-s0-0005,voronoi,cycle,150.0,20.0,0.0,1,0,0,0,0,125.2416679417044,424.0121391470625,125.2416679417044,0.0
random-s0-0005,voronoi,cycle,150.0,100.0,0.0,1,0,3,2,1,-59.98382396786164,-59.98382396786164,-47.59724414891227,619.9999999999999
random-s0-0005,voronoi,event,0.0,20.0,0.0,1,0,1,1,0,-5.702950150894395,258.2907687439716,-5.702950150894395,40.0
random-s0-0005,voronoi,event,0.0,100.0,0.0,1,0,0,0,0,11.349149966260512,203.19907753151188,11.349149966260512,0.0
random-s0-0005,voronoi,event,50.0,20.0,0.0,1,0,1,1,0,-45.70175970290097,535.8154477464166,-45.70175970290097,240.0
random-s0-0005,voronoi,event,50.0,100.0,0.0,1,0,1,1,0,-45.70175970290072,500.0785464902723,-45.70175970290072,240.0
random-s0-0005,voronoi,event,150.0,20.0,0.0,1,0,1,1,0,-45.73502779368309,489.83901947666607,-45.73502779368309,240.0
random-s0-0005,voronoi,event,150.0,100.0,0.0,1,0,1,1,0,-44.03378037343177,403.430393954268,-44.03378037343177,240.0
random-s0-0005,prm,once,0.0,20.0,0.0,1,0,2,1,1,-71.01245836999203,-71.01245836999203,-19.854056502799665,100.0
random-s0-0005,prm,cycle,0.0,20.0,0.0,1,0,0,0,0,56.94679479906495,212.9384937819452,56.94679479906495,0.0
random-s0-0005,prm,cycle,0.0,100.0,0.0,1,0,0,0,0,108.16590092158935,236.7118790444508,108.16590092158935,0.0
random-s0-0005,prm,cycle,50.0,20.0,0.0,1,0,0,0,0,32.30701389316448,192.752218470809,32.30701389316448,0.0
random-s0-0005,prm,cycle,50.0,100.0,0.0,1,0,0,0,0,92.98866921808168,352.8452750769148,92.98866921808168,0.0
random-s0-0005,prm,cycle,150.0,20.0,0.0,1,0,0,0,0,124.32951326332392,145.04165799493978,124.32951326332392,0.0
random-s0-0005,prm,cycle,150.0,100.0,0.0,1,0,0,0,0,124.32951326332396,234.12622131166935,124.32951326332396,0.0
random-s0-0005,prm,event,0.0,20.0,0.0,1,0,0,0,0,77.12000044619191,251.9499989061179,77.12000044619191,0.0
random-s0-0005,prm,event,0.0,100.0,0.0,1,0,0,0,0,108.16590092158935,236.7118790444508,108.16590092158935,0.0
random-s0-0005,prm,event,50.0,20.0,0.0,1,0,0,0,0,59.67784625365701,205.19007956667173,59.67784625365701,0.0
random-s0-0005,prm,event,50.0,100.0,0.0,1,0,0,0,0,59.93321928039322,338.62252716616047,59.93321928039322,0.0
random-s0-0005,prm,event,150.0,20.0,0.0,1,0,0,0,0,129.66316769969853,186.2931758088842,129.66316769969853,0.0
random-s0-0005,prm,event,150.0,100.0,0.0,1,0,1,1,0,-45.70175970290072,102.91401857580456,-45.70175970290072,240.0
random-s0-0005,visibility,once,0.0,20.0,0.0,1,0,0,0,0,4.188322407509787,28.324900119975155,4.188322407509787,0.0
random-s0-0005,visibility,cycle,0.0,20.0,0.0,1,0,0,0,0,59.01001893819395,243.19655885772164,59.01001893819395,0.0
random-s0-0005,visibility,cycle,0.0,100.0,0.0,1,0,0,0,0,81.95120376250213,261.7356539110222,81.95120376250213,0.0
random-s0-0005,visibility,cycle,50.0,20.0,0.0,1,0,0,0,0,64.75613086351515,305.38511702842953,64.75613086351515,0.0
random-s0-0005,visibility,cycle,50.0,100.0,0.0,1,0,0,0,0,88.1122567595616,301.19877762803986,88.1122567595616,0.0
random-s0-0005,visibility,cycle,150.0,20.0,0.0,1,0,0,0,0,88.79773423238225,284.66803589992975,88.79773423238225,0.0
random-s0-0005,visibility,cycle,150.0,100.0,0.0,1,0,0,0,0,80.40293171200835,299.6697646297437,80.40293171200835,0.0
random-s0-0005,visibility,event,0.0,20.0,0.0,1,0,0,0,0,72.96426707460517,254.53999650147824,72.96426707460517,0.0
random-s0-0005,visibility,event,0.0,100.0,0.0,1,0,0,0,0,72.96426707460523,270.1493044119219,72.96426707460523,0.0
random-s0-0005,visibility,event,50.0,20.0,0.0,1,0,0,0,0,76.35285157996975,321.8858829087354,76.35285157996975,0.0
random-s0-0005,visibility,event,50.0,100.0,0.0,1,0,0,0,0,76.35285157996958,303.9146848625868,76.35285157996958,0.0
random-s0-0005,visibility,event,150.0,20.0,0.0,1,0,0,0,0,124.32951326332392,199.97672009743263,124.32951326332392,0.0
random-s0-0005,visibility,event,150.0,100.0,0.0,1,0,0,0,0,124.32951326332396,169.74526761424585,124.32951326332396,0.0
random-s0-0006,voronoi,once,0.0,20.0,0.0,1,0,3,3,0,-117.70092171313236,62.84946388946639,-117.70092171313236,780.0000000000003
random-s0-0006,voronoi,cycle,0.0,20.0,0.0,1,0,2,2,0,-5.426956402326994,319.8308092452884,-5.426956402326994,360.00000000000006
random-s0-0006,voronoi,cycle,0.0,100.0,0.0,1,0,2,2,0,-106.13106697702976,268.1475962583277,-106.13106697702976,740.0000000000001
random-s0-0006,voronoi,cycle,50.0,20.0,0.0,1,0,0,0,0,49.48609767606098,433.4080850928219,49.48609767606098,0.0
random-s0-0006,voronoi,cycle,50.0,100.0,0.0,1,0,0,0,0,31.961688847729533,207.13120099282253,31.961688847729533,0.0
random-s0-0006,voronoi,cycle,150.0,20.0,0.0,1,0,0,0,0,83.30680539994984,269.30773989477643,83.30680539994984,0.0
random-s0-0006,voronoi,cycle,150.0,100.0,0.0,1,0,0,0,0,91.2661744236642,464.8164388391857,91.2661744236642,0.0
random-s0-0006,voronoi,event,0.0,20.0,0.0,1,0,1,1,0,-5.589254902211962,324.65879210470587,-5.589254902211962,60.0
random-s0-0006,voronoi,event,0.0,100.0,0.0,1,0,1,1,0,-34.59311505638624,334.2266008577375,-34.59311505638624,319.9999999999998
random-s0-0006,voronoi,event,50.0,20.0,0.0,1,0,0,0,0,41.44415748017727,125.2721105404786,41.44415748017727,0.0
random-s0-0006,voronoi,event,50.0,100.0,0.0,1,0,2,2,0,-90.58661923699148,30.056260764489732,-90.58661923699148,380.00000000000006
random-s0-0006,voronoi,event,150.0,20.0,0.0,1,0,1,1,0,-90.3984976449258,421.2324349663585,-90.3984976449258,439.9999999999906
random-s0-0006,voronoi,event,150.0,100.0,0.0,1,0,0,0,0,30.631692984979537,30.631692984979537,117.59975845694248,0.0
random-s0-0006,prm,once,0.0,20.0,0.0,1,0,3,2,1,-143.32463716116493,-143.32463716116493,-117.70092171313236,840.0000000000005
random-s0-0006,prm,cycle,0.0,20.0,0.0,1,0,1,1,0,-126.04469867374291,353.2984116036852,-126.04469867374291,720.0000000000003
random-s0-0006,prm,cycle,0.0,100.0,0.0,1,0,2,2,0,-123.06668202841176,336.9629285385687,-123.06668202841176,800.0000000000002
random-s0-0006,prm,cycle,50.0,20.0,0.0,1,0,1,1,0,-177.44751943707615,57.28185346858558,-177.44751943707615,540.0000000000001
random-s0-0006,prm,cycle,50.0,100.0,0.0,1,0,3,2,1,-88.80770527150335,-5.762571874556585,-88.80770527150335,300.0
random-s0-0006,prm,cycle,150.0,20.0,0.0,1,0,1,1,0,-130.57610711199513,506.3359060459313,-130.57610711199513,660.0000000000002
random-s0-0006,prm,cycle,150.0,100.0,0.0,1,0,1,1,0,-167.0564231848809,304.245722616555,-167.0564231848809,700.0000000000001
random-s0-0006,prm,event,0.0,20.0,0.0,1,0,1,1,0,-124.98992700521744,332.72526932222263,-124.98992700521744,680.0000000000002
random-s0-0006,prm,event,0.0,100.0,0.0,1,0,1,1,0,-124.19914550389778,336.9629285385687,-124.19914550389778,680.0
random-s0-0006,prm,event,50.0,20.0,0.0,1,0,0,0,0,45.776644779352665,248.41983612981448,45.776644779352665,0.0
random-s0-0006,prm,event,50.0,100.0,0.0,1,0,1,0,1,-57.022688303142445,-57.022688303142445,126.7193243259336,140.0
random-s0-0006,prm,event,150.0,20.0,0.0,1,0,1,1,0,-132.36034889574373,544.7323280857651,-132.36034889574373,660.0000000000002
random-s0-0006,prm,event,150.0,100.0,0.0,1,0,1,1,0,-160.17212155116331,78.83602169405037,-160.17212155116331,640.0000000000002
random-s0-0006,visibility,once,0.0,20.0,0.0,1,0,2,2,0,-151.15372257634002,304.245722616555,-151.15372257634002,700.0000000000003
random-s0-0006,visibility,cycle,0.0,20.0,0.0,1,0,2,2,0,-130.18803848436258,348.876516287952,-130.18803848436258,680.0000000000002
random-s0-0006,visibility,cycle,0.0,100.0,0.0,1,0,2,2,0,-131.31202067969815,356.73894451826845,-131.31202067969815,660.0000000000001
random-s0-0006,visibility,cycle,50.0,20.0,0.0,1,0,2,2,0,-133.10487930614386,341.19464902485026,-133.10487930614386,780.0000000000003
random-s0-0006,visibility,cycle,50.0,100.0,0.0,1,0,2,2,0,-138.29835190775333,252.85627266364463,-138.29835190775333,760.0000000000001
random-s0-0006,visibility,cycle,150.0,20.0,0.0,1,0,1,1,0,-165.8440854800408,297.59340268778675,-165.8440854800408,800.0000000000003
random-s0-0006,visibility,cycle,150.0,100.0,0.0,1,0,1,1,0,-175.76815296423433,304.245722616555,-175.76815296423433,800.0000000000002
random-s0-0006,visibility,event,0.0,20.0,0.0,1,0,2,2,0,-130.1473039441057,352.0604618967782,-130.1473039441057,620.0000000000002
random-s0-0006,visibility,event,0.0,100.0,0.0,1,0,2,2,0,-132.349365862412,350.86805049309805,-132.349365862412,660.0000000000001
random-s0-0006,visibility,event,50.0,20.0,0.0,1,0,2,2,0,-134.21560730868975,325.06390386547315,-134.21560730868975,720.0000000000003
random-s0-0006,visibility,event,50.0,100.0,0.0,1,0,2,2,0,-141.02429734870486,252.85627266364463,-141.02429734870486,700.0000000000002
random-s0-0006,visibility,event,150.0,20.0,0.0,1,0,1,0,1,-21.939076457369623,-21.939076457369623,14.208438547913689,60.0
random-s0-0006,visibility,event,150.0,100.0,0.0,1,0,1,1,0,-139.0244160830668,304.245722616555,-139.0244160830668,800.0000000000002
random-s0-0007,voronoi,once,0.0,20.0,0.0,1,0,2,2,0,-132.20015112794155,73.31543972272479,-132.20015112794155,560.0000000000001
random-s0-0007,voronoi,cycle,0.0,20.0,0.0,1,0,4,4,0,-12.346679599575111,182.86070459983097,-12.346679599575111,240.0
random-s0-0007,voronoi,cycle,0.0,100.0,0.0,1,0,2,2,0,-42.17639169284536,224.55710350950451,-42.17639169284536,500.0000000000001
random-s0-0007,voronoi,cycle,50.0,20.0,0.0,1,0,0,0,0,53.93588726972754,223.7759959362481,53.93588726972754,0.0
random-s0-0007,voronoi,cycle,50.0,100.0,0.0,1,0,0,0,0,21.34650058048101,202.74414572465892,21.34650058048101,0.0
random-s0-0007,voronoi,cycle,150.0,20.0,0.0,1,0,0,0,0,89.94532584732082,198.8103975667604,89.94532584732082,0.0
random-s0-0007,voronoi,cycle,150.0,100.0,0.0,1,0,0,0,0,105.7185021634022,105.7185021634022,223.1179019226821,0.0
random-s0-0007,voronoi,event,0.0,20.0,0.0,1,0,1,1,0,-14.245054230919663,224.55710350950451,-14.245054230919663,160.0
random-s0-0007,voronoi,event,0.0,100.0,0.0,1,0,1,1,0,-42.17639169284536,224.55710350950451,-42.17639169284536,320.0
random-s0-0007,voronoi,event,50.0,20.0,0.0,1,0,0,0,0,66.4812872001487,224.55710350950451,66.4812872001487,0.0
random-s0-0007,voronoi,event,50.0,100.0,0.0,1,0,0,0,0,78.60381343251436,177.45341414935848,78.60381343251436,0.0
random-s0-0007,voronoi,event,150.0,20.0,0.0,1,0,0,0,0,85.10358216577532,197.82104766719493,85.10358216577532,0.0
random-s0-0007,voronoi,event,150.0,100.0,0.0,1,0,0,0,0,105.7185021634022,105.7185021634022,139.54798867025772,0.0
random-s0-0007,prm,once,0.0,20.0,0.0,1,0,4,3,1,-124.32381738674096,-10.965531574141693,-124.32381738674096,740.0000000000003
random-s0-0007,prm,cycle,0.0,20.0,0.0,1,0,2,2,0,-129.62753198502102,224.55710350950451,-129.62753198502102,580.0000000000002
random-s0-0007,prm,cycle,0.0,100.0,0.0,1,0,1,1,0,-139.96711177633566,224.55710350950451,-139.96711177633566,600.0000000000002
random-s0-0007,prm,cycle,50.0,20.0,0.0,1,0,0,0,0,44.59525487164692,224.55710350950451,44.59525487164692,0.0
random-s0-0007,prm,cycle,50.0,100.0,0.0,1,0,1,1,0,-155.61370312697642,224.55710350950451,-155.61370312697642,600.0000000000002
random-s0-0007,prm,cycle,150.0,20.0,0.0,1,0,0,0,0,121.13678902522332,151.0532005580443,121.13678902522332,0.0
random-s0-0007,prm,cycle,150.0,100.0,0.0,1,0,0,0,0,121.1367890252236,174.996152237515,121.1367890252236,0.0
random-s0-0007,prm,event,0.0,20.0,0.0,1,0,1,1,0,-156.92343172890486,224.55710350950451,-156.92343172890486,640.0000000000002
random-s0-0007,prm,event,0.0,100.0,0.0,1,0,1,1,0,-152.43900492278394,224.55710350950451,-152.43900492278394,640.0000000000002
random-s0-0007,prm,event,50.0,20.0,0.0,1,0,0,0,0,45.89908991446868,224.55710350950451,45.89908991446868,0.0
random-s0-0007,prm,event,50.0,100.0,0.0,1,0,0,0,0,55.42763935984618,224.55710350950451,55.42763935984618,0.0
random-s0-0007,prm,event,150.0,20.0,0.0,1,0,0,0,0,120.23481402195569,187.0914723279577,120.23481402195569,0.0
random-s0-0007,prm,event,150.0,100.0,0.0,1,0,0,0,0,121.1367890252236,206.30786450110296,121.1367890252236,0.0
random-s0-0007,visibility,once,0.0,20.0,0.0,1,0,3,2,1,-162.02751066079418,-61.34634480337682,-162.02751066079418,840.0000000000005
random-s0-0007,visibility,cycle,0.0,20.0,0.0,1,0,2,2,0,-153.03254253553283,139.13573019515536,-153.03254253553283,880.0000000000005
random-s0-0007,visibility,cycle,0.0,100.0,0.0,1,0,2,2,0,-156.5336863187768,97.6004331190855,-156.5336863187768,880.0000000000002
random-s0-0007,visibility,cycle,50.0,20.0,0.0,1,0,2,2,0,-149.61116091277987,200.81920949294613,-149.61116091277987,840.0000000000005
random-s0-0007,visibility,cycle,50.0,100.0,0.0,1,0,3,2,1,-155.77610266563147,-142.61632753707315,-155.77610266563147,1080.0000000000002
random-s0-0007,visibility,cycle,150.0,20.0,0.0,1,0,1,1,0,-79.38895220333119,142.0105056127074,-79.38895220333119,180.0
random-s0-0007,visibility,cycle,150.0,100.0,0.0,1,0,1,1,0,-106.40624062105356,195.2535799965248,-106.40624062105356,199.99999999999983
random-s0-0007,visibility,event,0.0,20.0,0.0,1,0,2,2,0,-153.39923569463613,145.74787500792075,-153.39923569463613,880.0000000000005
random-s0-0007,visibility,event,0.0,100.0,0.0,1,0,2,2,0,-156.5336863187768,97.6004331190855,-156.5336863187768,880.0000000000002
random-s0-0007,visibility,event,50.0,20.0,0.0,1,0,2,2,0,-150.40944983226314,202.4713786501952,-150.40944983226314,840.0000000000005
random-s0-0007,visibility,event,50.0,100.0,0.0,1,0,3,2,1,-155.77610266563147,-142.61632753707315,-155.77610266563147,1080.0000000000002
random-s0-0007,visibility,event,150.0,20.0,0.0,1,0,1,1,0,-80.93466003402975,148.08477738583667,-80.93466003402975,180.0
random-s0-0007,visibility,event,150.0,100.0,0.0,1,0,1,1,0,-106.40624062105356,179.15147649595465,-106.40624062105356,199.99999999999983
random-s0-0008,voronoi,once,0.0,20.0,0.0,1,0,5,4,1,-170.68339781056807,-67.18670427548902,-170.68339781056807,900.0000000000005
random-s0-0008,voronoi,cycle,0.0,20.0,0.0,1,0,0,0,0,1.8520527089663688,128.9636056904077,1.8520527089663688,0.0
random-s0-0008,voronoi,cycle,0.0,100.0,0.0,1,0,0,0,0,64.32905319092015,79.73437868604032,64.32905319092015,0.0
random-s0-0008,voronoi,cycle,50.0,20.0,0.0,1,0,0,0,0,38.10269400370342,160.4348256150618,38.10269400370342,0.0
random-s0-0008,voronoi,cycle,50.0,100.0,0.0,1,0,0,0,0,57.382416552022505,68.41030026063254,57.382416552022505,0.0
random-s0-0008,voronoi,cycle,150.0,20.0,0.0,1,0,1,1,0,-25.279648215857748,227.2853370988261,-25.279648215857748,239.99999999999488
random-s0-0008,voronoi,cycle,150.0,100.0,0.0,1,0,2,2,0,-149.6379922508815,36.080573301056944,-149.6379922508815,440.0000000000001
random-s0-0008,voronoi,event,0.0,20.0,0.0,1,0,0,0,0,1.8520527089663688,120.40366128593696,1.8520527089663688,0.0
random-s0-0008,voronoi,event,0.0,100.0,0.0,1,0,2,2,0,-58.06944930777739,20.137072472959403,-58.06944930777739,740.0
random-s0-0008,voronoi,event,50.0,20.0,0.0,1,0,1,1,0,-32.4098365084368,16.840199028324776,-32.4098365084368,259.99999999999443
random-s0-0008,voronoi,event,50.0,100.0,0.0,1,0,1,1,0,-26.53247368301936,102.27091658662852,-26.53247368301936,240.0
random-s0-0008,voronoi,event,150.0,20.0,0.0,1,0,1,1,0,-155.92022666891677,3.67125744372882,-155.92022666891677,499.9999999999893
random-s0-0008,voronoi,event,150.0,100.0,0.0,1,0,1,1,0,-162.81652493326467,96.15568264929207,-162.81652493326467,500.0000000000001
random-s0-0008,prm,once,0.0,20.0,0.0,1,0,2,2,0,-90.98690842735556,27.61335892074064,-90.98690842735556,300.0
random-s0-0008,prm,cycle,0.0,20.0,0.0,1,0,1,1,0,-7.529502609417278,7.690826731220113,-7.529502609417278,60.0
random-s0-0008,prm,cycle,0.0,100.0,0.0,1,0,1,1,0,-3.8258447482404,79.73437868604032,-3.8258447482404,40.0
random-s0-0008,prm,cycle,50.0,20.0,0.0,1,0,0,0,0,29.227956647392432,29.227956647392432,95.97031720469664,0.0
random-s0-0008,prm,cycle,50.0,100.0,0.0,1,0,0,0,0,89.16475065930155,89.16475065930155,117.13419920989789,0.0
random-s0-0008,prm,cycle,150.0,20.0,0.0,1,0,0,0,0,87.63813095260087,87.63813095260087,141.44186330612035,0.0
random-s0-0008,prm,cycle,150.0,100.0,0.0,1,0,0,0,0,10.86858412101168,10.86858412101168,75.0734565498737,0.0
random-s0-0008,prm,event,0.0,20.0,0.0,1,0,3,3,0,-7.529502609417278,0.8612015209185415,-7.529502609417278,140.0
random-s0-0008,prm,event,0.0,100.0,0.0,1,0,1,1,0,-3.8258447482404,79.73437868604032,-3.8258447482404,40.0
random-s0-0008,prm,event,50.0,20.0,0.0,1,0,0,0,0,77.75474243831485,101.45608486324068,77.75474243831485,0.0
random-s0-0008,prm,event,50.0,100.0,0.0,1,0,0,0,0,38.77752469048031,38.77752469048031,108.05568909299632,0.0
random-s0-0008,prm,event,150.0,20.0,0.0,1,0,0,0,0,56.00610720633839,56.00610720633839,108.05568909299645,0.0
random-s0-0008,prm,event,150.0,100.0,0.0,1,0,0,0,0,45.13442229108961,231.1453625709872,45.13442229108961,0.0
random-s0-0008,visibility,once,0.0,20.0,0.0,1,0,1,1,0,-29.622855455443982,27.61335892074064,-29.622855455443982,80.0
random-s0-0008,visibility,cycle,0.0,20.0,0.0,1,0,0,0,0,40.88439314802002,60.68508855957347,40.88439314802002,0.0
random-s0-0008,visibility,cycle,0.0,100.0,0.0,1,0,2,2,0,-29.622855455443982,32.80264561348261,-29.622855455443982,179.99999999999977
random-s0-0008,visibility,cycle,50.0,20.0,0.0,1,0,2,1,1,-44.92584268805095,-44.92584268805095,-10.72209048914246,240.0
random-s0-0008,visibility,cycle,50.0,100.0,0.0,1,0,2,1,1,-50.16725837042253,-48.26428117812327,-50.16725837042253,359.99999999999983
random-s0-0008,visibility,cycle,150.0,20.0,0.0,1,0,0,0,0,20.78640666847073,20.78640666847073,114.0338622461785,0.0
random-s0-0008,visibility,cycle,150.0,100.0,0.0,1,0,1,0,1,-10.574266931767935,-10.574266931767935,27.34463868468788,60.0
random-s0-0008,visibility,event,0.0,20.0,0.0,1,0,1,0,1,-105.54337693384532,-105.54337693384532,83.34564637168711,80.0
random-s0-0008,visibility,event,0.0,100.0,0.0,1,0,2,1,1,-127.58771716638311,-127.58771716638311,-29.622855455443982,140.0
random-s0-0008,visibility,event,50.0,20.0,0.0,1,0,0,0,0,33.98451564498083,33.98451564498083,83.83368283359255,0.0
random-s0-0008,visibility,event,50.0,100.0,0.0,1,0,0,0,0,107.7452215007064,201.08064832447195,107.7452215007064,0.0
random-s0-0008,visibility,event,150.0,20.0,0.0,1,0,0,0,0,149.2970341948619,227.41324361704235,149.2970341948619,0.0
random-s0-0008,visibility,event,150.0,100.0,0.0,1,0,0,0,0,25.12206563093932,219.30399209668724,25.12206563093932,0.0
random-s0-0009,voronoi,once,0.0,20.0,0.0,1,0,3,3,0,-170.88771912004864,36.718009698811215,-170.88771912004864,2060.0000000000014
random-s0-0009,voronoi,cycle,0.0,20.0,0.0,1,0,9,9,0,-7.313148583806111,176.01152559275022,-7.313148583806111,640.0000000000002
random-s0-0009,voronoi,cycle,0.0,100.0,0.0,1,0,2,2,0,-21.4541066336256,220.98291734187384,-21.4541066336256,199.9999999999998
random-s0-0009,voronoi,cycle,50.0,20.0,0.0,1,0,0,0,0,37.15092230801662,212.70266311964303,37.15092230801662,0.0
random-s0-0009,voronoi,cycle,50.0,100.0,0.0,1,0,0,0,0,90.1970319846426,220.98291734187384,90.1970319846426,0.0
random-s0-0009,voronoi,cycle,150.0,20.0,0.0,1,0,0,0,0,144.41211299734448,205.32928099912272,144.41211299734448,0.0
random-s0-0009,voronoi,cycle,150.0,100.0,0.0,1,0,0,0,0,190.33325673613564,190.33325673613564,202.4281780396644,0.0
random-s0-0009,voronoi,event,0.0,20.0,0.0,1,0,2,2,0,-6.520855350681558,202.8575856984405,-6.520855350681558,120.0
random-s0-0009,voronoi,event,0.0,100.0,0.0,1,0,2,2,0,-22.839645713663344,220.98291734187384,-22.839645713663344,259.9999999999998
random-s0-0009,voronoi,event,50.0,20.0,0.0,1,0,0,0,0,36.712056654592885,119.07538846907369,36.712056654592885,0.0
random-s0-0009,voronoi,event,50.0,100.0,0.0,1,0,0,0,0,43.81287107301944,43.81287107301944,90.1970319846426,0.0
random-s0-0009,voronoi,event,150.0,20.0,0.0,1,0,0,0,0,89.43956132191266,124.24129046312368,89.43956132191266,0.0
random-s0-0009,voronoi,event,150.0,100.0,0.0,1,0,0,0,0,88.08837574495584,88.08837574495584,118.20009804739624,0.0
random-s0-0009,prm,once,0.0,20.0,0.0,1,0,0,0,0,36.718009698811215,36.718009698811215,152.04203714374555,0.0
random-s0-0009,prm,cycle,0.0,20.0,0.0,1,0,1,1,0,-2.7750801547518904,123.43656534065184,-2.7750801547518904,40.0
random-s0-0009,prm,cycle,0.0,100.0,0.0,1,0,0,0,0,56.03441991775688,104.44312894114309,56.03441991775688,0.0
random-s0-0009,prm,cycle,50.0,20.0,0.0,1,0,0,0,0,31.266036621587038,115.412583369978,31.266036621587038,0.0
random-s0-0009,prm,cycle,50.0,100.0,0.0,1,0,0,0,0,60.56932016344842,102.70877158457512,60.56932016344842,0.0
random-s0-0009,prm,cycle,150.0,20.0,0.0,1,0,0,0,0,123.81022972189498,220.98291734187384,123.81022972189498,0.0
random-s0-0009,prm,cycle,150.0,100.0,0.0,1,0,0,0,0,59.24463917567573,59.24463917567573,128.87703356862278,0.0
random-s0-0009,prm,event,0.0,20.0,0.0,1,0,1,1,0,-2.7750801547518904,127.05649251894698,-2.7750801547518904,40.0
random-s0-0009,prm,event,0.0,100.0,0.0,1,0,0,0,0,56.03441991775688,104.44312894114309,56.03441991775688,0.0
random-s0-0009,prm,event,50.0,20.0,0.0,1,0,0,0,0,41.17438782634474,220.98291734187384,41.17438782634474,0.0
random-s0-0009,prm,event,50.0,100.0,0.0,1,0,0,0,0,60.56932016344842,220.98291734187384,60.56932016344842,0.0
random-s0-0009,prm,event,150.0,20.0,0.0,1,0,0,0,0,177.73435021186953,220.98291734187384,177.73435021186953,0.0
random-s0-0009,prm,event,150.0,100.0,0.0,1,0,1,0,1,-78.02853233518113,-78.02853233518113,128.87703356862278,100.0
random-s0-0009,visibility,once,0.0,20.0,0.0,1,0,1,1,0,-59.47431882245613,36.718009698811215,-59.47431882245613,200.0
random-s0-0009,visibility,cycle,0.0,20.0,0.0,1,0,1,1,0,-31.09788764009673,153.88222005322837,-31.09788764009673,160.0
random-s0-0009,visibility,cycle,0.0,100.0,0.0,1,0,1,1,0,-163.45507468834657,150.468496307645,-163.45507468834657,480.0000000000001
random-s0-0009,visibility,cycle,50.0,20.0,0.0,1,0,1,1,0,-148.8653675605374,220.98291734187384,-148.8653675605374,460.0000000000001
random-s0-0009,visibility,cycle,50.0,100.0,0.0,1,0,1,1,0,-124.93867668773048,220.98291734187384,-124.93867668773048,460.0000000000001
random-s0-0009,visibility,cycle,150.0,20.0,0.0,1,0,1,1,0,-103.4997310041873,8.852191616810671,-103.4997310041873,560.0000000000001
random-s0-0009,visibility,cycle,150.0,100.0,0.0,1,0,1,1,0,-90.3308069208377,21.39339820654672,-90.3308069208377,539.9999999999999
random-s0-0009,visibility,event,0.0,20.0,0.0,1,0,1,1,0,-32.02191658240386,156.90135805504906,-32.02191658240386,160.0
random-s0-0009,visibility,event,0.0,100.0,0.0,1,0,1,1,0,-163.45507468834657,150.468496307645,-163.45507468834657,480.0000000000001
random-s0-0009,visibility,event,50.0,20.0,0.0,1,0,1,1,0,-139.75207972678533,220.98291734187384,-139.75207972678533,480.00000000000017
random-s0-0009,visibility,event,50.0,100.0,0.0,1,0,1,1,0,-124.93867668773048,220.98291734187384,-124.93867668773048,460.0000000000001
random-s0-0009,visibility,event,150.0,20.0,0.0,1,0,1,1,0,-97.55753740176095,90.34020822941278,-97.55753740176095,560.0000000000001
random-s0-0009,visibility,event,150.0,100.0,0.0,1,0,1,1,0,-84.8892377781354,91.69995491028124,-84.8892377781354,540.0000000000001
random-s0-0010,voronoi,once,0.0,20.0,0.0,1,0,1,1,0,-5.208436307089642,416.4668110607165,-5.208436307089642,0.0
random-s0-0010,voronoi,cycle,0.0,20.0,0.0,1,0,1,0,1,-3.6256923167125024,-3.6256923167125024,321.733574718695,20.0
random-s0-0010,voronoi,cycle,0.0,100.0,0.0,1,0,1,0,1,-67.78610977127173,-67.78610977127173,321.733574718695,40.0
random-s0-0010,voronoi,cycle,50.0,20.0,0.0,1,0,0,0,0,217.62207137377212,217.62207137377212,321.733574718695,0.0
random-s0-0010,voronoi,cycle,50.0,100.0,0.0,1,0,0,0,0,171.780122540818,171.780122540818,321.733574718695,0.0
random-s0-0010,voronoi,cycle,150.0,20.0,0.0,1,0,0,0,0,248.7598371376264,248.7598371376264,313.7626758993956,0.0
random-s0-0010,voronoi,cycle,150.0,100.0,0.0,1,0,0,0,0,321.733574718695,340.9263575648404,321.733574718695,0.0
random-s0-0010,voronoi,event,0.0,20.0,0.0,1,0,0,0,0,211.2193108583092,211.2193108583092,321.733574718695,0.0
random-s0-0010,voronoi,event,0.0,100.0,0.0,1,0,0,0,0,60.22927584358448,60.22927584358448,321.733574718695,0.0
random-s0-0010,voronoi,event,50.0,20.0,0.0,1,0,0,0,0,163.521137384268,163.521137384268,321.733574718695,0.0
random-s0-0010,voronoi,event,50.0,100.0,0.0,1,0,0,0,0,151.2986028176952,151.2986028176952,321.733574718695,0.0
random-s0-0010,voronoi,event,150.0,20.0,0.0,1,0,0,0,0,176.61053256119573,184.97114724437216,176.61053256119573,0.0
random-s0-0010,voronoi,event,150.0,100.0,0.0,1,0,0,0,0,321.733574718695,470.73651956953415,321.733574718695,0.0
random-s0-0010,prm,once,0.0,20.0,0.0,1,0,0,0,0,198.2863395486607,416.4668110607165,198.2863395486607,0.0
random-s0-0010,prm,cycle,0.0,20.0,0.0,1,0,1,0,1,-41.35309196869926,-41.35309196869926,321.733574718695,60.0
random-s0-0010,prm,cycle,0.0,100.0,0.0,1,0,0,0,0,27.746421508693004,27.746421508693004,321.733574718695,0.0
random-s0-0010,prm,cycle,50.0,20.0,0.0,1,0,0,0,0,321.733574718695,416.4668110607166,321.733574718695,0.0
random-s0-0010,prm,cycle,50.0,100.0,0.0,1,0,0,0,0,321.733574718695,416.4668110607165,321.733574718695,0.0
random-s0-0010,prm,cycle,150.0,20.0,0.0,1,0,0,0,0,321.733574718695,416.4668110607166,321.733574718695,0.0
random-s0-0010,prm,cycle,150.0,100.0,0.0,1,0,0,0,0,321.733574718695,416.4668110607165,321.733574718695,0.0
random-s0-0010,prm,event,0.0,20.0,0.0,1,0,1,0,1,-69.6763869954804,-69.6763869954804,321.733574718695,60.0
random-s0-0010,prm,event,0.0,100.0,0.0,1,0,0,0,0,27.746421508693004,27.746421508693004,321.733574718695,0.0
random-s0-0010,prm,event,50.0,20.0,0.0,1,0,0,0,0,321.733574718695,416.4668110607166,321.733574718695,0.0
random-s0-0010,prm,event,50.0,100.0,0.0,1,0,0,0,0,321.733574718695,416.4668110607165,321.733574718695,0.0
random-s0-0010,prm,event,150.0,20.0,0.0,1,0,0,0,0,321.733574718695,416.4668110607166,321.733574718695,0.0
random-s0-0010,prm,event,150.0,100.0,0.0,1,0,0,0,0,321.733574718695,416.4668110607165,321.733574718695,0.0
random-s0-0010,visibility,once,0.0,20.0,0.0,1,0,0,0,0,102.21571731494636,102.21571731494636,321.733574718695,0.0
random-s0-0010,visibility,cycle,0.0,20.0,0.0,1,0,0,0,0,233.067114858745,233.067114858745,321.733574718695,0.0
random-s0-0010,visibility,cycle,0.0,100.0,0.0,1,0,0,0,0,311.65638214550904,311.65638214550904,321.733574718695,0.0
random-s0-0010,visibility,cycle,50.0,20.0,0.0,1,0,0,0,0,321.733574718695,357.5746441867424,321.733574718695,0.0
random-s0-0010,visibility,cycle,50.0,100.0,0.0,1,0,0,0,0,321.733574718695,392.2349239910619,321.733574718695,0.0
random-s0-0010,visibility,cycle,150.0,20.0,0.0,1,0,0,0,0,310.44730973932343,416.4668110607166,310.44730973932343,0.0
random-s0-0010,visibility,cycle,150.0,100.0,0.0,1,0,0,0,0,168.99443549443538,168.99443549443538,321.733574718695,0.0
random-s0-0010,visibility,event,0.0,20.0,0.0,1,0,0,0,0,281.0436615400745,281.0436615400745,321.733574718695,0.0
random-s0-0010,visibility,event,0.0,100.0,0.0,1,0,0,0,0,311.65638214550904,311.65638214550904,321.733574718695,0.0
random-s0-0010,visibility,event,50.0,20.0,0.0,1,0,0,0,0,321.733574718695,380.58725961181824,321.733574718695,0.0
random-s0-0010,visibility,event,50.0,100.0,0.0,1,0,0,0,0,321.733574718695,387.0013776743781,321.733574718695,0.0
random-s0-0010,visibility,event,150.0,20.0,0.0,1,0,0,0,0,129.70817447185374,129.70817447185374,260.9615930782547,0.0
random-s0-0010,visibility,event,150.0,100.0,0.0,1,0,1,1,0,-40.54021993504443,106.93175676894282,-40.54021993504443,240.0
random-s0-0011,voronoi,once,0.0,20.0,0.0,1,0,2,0,2,-131.7944336956884,-131.7944336956884,148.05839044306498,340.0
random-s0-0011,voronoi,cycle,0.0,20.0,0.0,1,0,1,0,1,-0.0840672498969468,-0.0840672498969468,38.29926511099433,20.0
random-s0-0011,voronoi,cycle,0.0,100.0,0.0,1,0,3,0,3,-68.8715696207473,-68.8715696207473,31.0034491944472,219.99999999999977
random-s0-0011,voronoi,cycle,50.0,20.0,0.0,1,0,0,0,0,100.17916052735694,100.17916052735694,162.32660405822378,0.0
random-s0-0011,voronoi,cycle,50.0,100.0,0.0,1,0,0,0,0,53.03642346680331,53.03642346680331,112.00438625212873,0.0
random-s0-0011,voronoi,cycle,150.0,20.0,0.0,1,0,0,0,0,5.41326446403761,5.41326446403761,142.72907056107437,0.0
random-s0-0011,voronoi,cycle,150.0,100.0,0.0,1,0,0,0,0,3.316902482362764,3.316902482362764,152.96978993240225,0.0
random-s0-0011,voronoi,event,0.0,20.0,0.0,1,0,1,0,1,-1.6901786313784442,-1.6901786313784442,166.3303620516624,20.0
random-s0-0011,voronoi,event,0.0,100.0,0.0,1,0,0,0,0,6.049437536480468,6.049437536480468,37.75389396421127,0.0
random-s0-0011,voronoi,event,50.0,20.0,0.0,1,0,0,0,0,2.392292546693966,2.392292546693966,152.96978993240248,0.0
random-s0-0011,voronoi,event,50.0,100.0,0.0,1,0,0,0,0,3.818734447365984,3.818734447365984,16.1852394517216,0.0
random-s0-0011,voronoi,event,150.0,20.0,0.0,1,0,0,0,0,3.973575204999548,3.973575204999548,75.82943509898473,0.0
random-s0-0011,voronoi,event,150.0,100.0,0.0,1,0,0,0,0,36.195890519284944,36.195890519284944,112.0074196658307,0.0
random-s0-0011,prm,once,0.0,20.0,0.0,1,0,2,0,2,-131.7944336956884,-131.7944336956884,148.05839044306498,340.0
random-s0-0011,prm,cycle,0.0,20.0,0.0,1,0,0,0,0,2.673674857647569,2.673674857647569,71.51678480958964,0.0
random-s0-0011,prm,cycle,0.0,100.0,0.0,1,0,1,0,1,-163.193091043086,-163.193091043086,221.41238577271852,59.99999999999991
random-s0-0011,prm,cycle,50.0,20.0,0.0,1,0,0,0,0,16.74132706081849,16.74132706081849,37.35395533751026,0.0
random-s0-0011,prm,cycle,50.0,100.0,0.0,1,0,0,0,0,30.608118214385343,30.608118214385343,109.86494745448374,0.0
random-s0-0011,prm,cycle,150.0,20.0,0.0,1,0,0,0,0,3.7565437792943897,3.7565437792943897,152.96978993240248,0.0
random-s0-0011,prm,cycle,150.0,100.0,0.0,1,0,0,0,0,6.803448615821935,6.803448615821935,152.96978993240225,0.0
random-s0-0011,prm,event,0.0,20.0,0.0,1,0,0,0,0,0.8658175832790391,0.8658175832790391,3.638489011251352,0.0
random-s0-0011,prm,event,0.0,100.0,0.0,1,0,1,0,1,-163.193091043086,-163.193091043086,228.89762598688168,59.99999999999991
random-s0-0011,prm,event,50.0,20.0,0.0,1,0,0,0,0,15.105385080319394,15.105385080319394,68.78547627014785,0.0
random-s0-0011,prm,event,50.0,100.0,0.0,1,0,0,0,0,40.07877077290013,67.21612382819856,40.07877077290013,0.0
random-s0-0011,prm,event,150.0,20.0,0.0,1,0,0,0,0,63.240304898498096,63.240304898498096,265.7514910167851,0.0
random-s0-0011,prm,event,150.0,100.0,0.0,1,0,0,0,0,84.33870638290324,84.33870638290324,264.8506223950804,0.0
random-s0-0011,visibility,once,0.0,20.0,0.0,1,0,2,0,2,-131.7944336956884,-131.7944336956884,148.05839044306498,340.0
random-s0-0011,visibility,cycle,0.0,20.0,0.0,1,0,2,0,2,-67.21264549032523,-67.21264549032523,67.00307141272123,580.0000000000002
random-s0-0011,visibility,cycle,0.0,100.0,0.0,1,0,2,0,2,-73.87656001512471,-73.87656001512471,72.84276436977692,560.0000000000001
random-s0-0011,visibility,cycle,50.0,20.0,0.0,1,0,2,0,2,-27.63709471514653,-27.63709471514653,55.63803685712594,360.00000000000006
random-s0-0011,visibility,cycle,50.0,100.0,0.0,1,0,2,0,2,-35.832724951050835,-35.832724951050835,53.62070566762108,460.0000000000001
random-s0-0011,visibility,cycle,150.0,20.0,0.0,1,0,1,0,1,-2.2279509175240837,-2.2279509175240837,77.78857054513293,60.0
random-s0-0011,visibility,cycle,150.0,100.0,0.0,1,0,1,0,1,-1.9354222394738367,-1.9354222394738367,74.93085145724194,60.0
random-s0-0011,visibility,event,0.0,20.0,0.0,1,0,2,0,2,-69.87221628983362,-69.87221628983362,56.1943082981698,580.0000000000002
random-s0-0011,visibility,event,0.0,100.0,0.0,1,0,2,1,1,-150.71893596342625,-34.75566695893275,-150.71893596342625,440.0000000000001
random-s0-0011,visibility,event,50.0,20.0,0.0,1,0,1,0,1,-1.83052524206488,-1.83052524206488,19.02389908449041,40.0
random-s0-0011,visibility,event,50.0,100.0,0.0,1,0,1,1,0,-44.88312895578872,11.791667048817828,-44.88312895578872,240.0
random-s0-0011,visibility,event,150.0,20.0,0.0,1,0,0,0,0,4.382675205189827,4.382675205189827,81.64584046952007,0.0
random-s0-0011,visibility,event,150.0,100.0,0.0,1,0,0,0,0,3.8129080168651512,3.8129080168651512,74.39795862381254,0.0
random-s0-0012,voronoi,once,0.0,20.0,0.0,1,0,4,1,3,-78.34094659347961,-53.64008526260778,-78.34094659347961,1500.000000000001
random-s0-0012,voronoi,cycle,0.0,20.0,0.0,1,0,0,0,0,49.98938100796704,49.98938100796704,57.745071173112535,0.0
random-s0-0012,voronoi,cycle,0.0,100.0,0.0,1,0,0,0,0,59.37932648589984,145.49414019441207,59.37932648589984,0.0
random-s0-0012,voronoi,cycle,50.0,20.0,0.0,1,0,0,0,0,54.354620197192304,263.04006757082885,54.354620197192304,0.0
random-s0-0012,voronoi,cycle,50.0,100.0,0.0,1,0,0,0,0,84.32647917536616,108.28819752896032,84.32647917536616,0.0
random-s0-0012,voronoi,cycle,150.0,20.0,0.0,1,0,2,2,0,-72.22670543060784,264.87273667079626,-72.22670543060784,1019.9999999999784
random-s0-0012,voronoi,cycle,150.0,100.0,0.0,1,0,1,1,0,-16.132554150544166,196.07957588669893,-16.132554150544166,60.0
random-s0-0012,voronoi,event,0.0,20.0,0.0,1,0,0,0,0,8.010109644189782,17.631348206579815,8.010109644189782,0.0
random-s0-0012,voronoi,event,0.0,100.0,0.0,1,0,0,0,0,7.788961956350192,7.788961956350192,59.37932648589984,0.0
random-s0-0012,voronoi,event,50.0,20.0,0.0,1,0,0,0,0,59.85233897547846,164.108100207747,59.85233897547846,0.0
random-s0-0012,voronoi,event,50.0,100.0,0.0,1,0,0,0,0,56.01124449402749,170.62573126270345,56.01124449402749,0.0
random-s0-0012,voronoi,event,150.0,20.0,0.0,1,0,1,1,0,-48.758383057638696,163.10762997638057,-48.758383057638696,199.9999999999957
random-s0-0012,voronoi,event,150.0,100.0,0.0,1,0,0,0,0,45.73623868128993,45.73623868128993,53.353125117200136,0.0
random-s0-0012,prm,once,0.0,20.0,0.0,1,0,2,1,1,-141.37611323867944,-141.37611323867944,-135.8676327818799,279.99999999999994
random-s0-0012,prm,cycle,0.0,20.0,0.0,1,0,0,0,0,15.69782345671669,151.28068404620632,15.69782345671669,0.0
random-s0-0012,prm,cycle,0.0,100.0,0.0,1,0,0,0,0,58.352349899285485,148.12853887056002,58.352349899285485,0.0
random-s0-0012,prm,cycle,50.0,20.0,0.0,1,0,0,0,0,16.458407208440946,16.458407208440946,59.72230830672507,0.0
random-s0-0012,prm,cycle,50.0,100.0,0.0,1,0,0,0,0,61.51531614882009,180.22790857809144,61.51531614882009,0.0
random-s0-0012,prm,cycle,150.0,20.0,0.0,1,0,0,0,0,61.553757840749,67.41680852535251,61.553757840749,0.0
random-s0-0012,prm,cycle,150.0,100.0,0.0,1,0,0,0,0,27.8867001275064,27.8867001275064,61.51531614882009,0.0
random-s0-0012,prm,event,0.0,20.0,0.0,1,0,1,1,0,-1.2647584538993613,19.907940553615816,-1.2647584538993613,20.0
random-s0-0012,prm,event,0.0,100.0,0.0,1,0,2,1,1,-14.082542102720112,-14.082542102720112,-3.638135093428701,79.99999999999991
random-s0-0012,prm,event,50.0,20.0,0.0,1,0,0,0,0,60.212088304943,186.9779156348543,60.212088304943,0.0
random-s0-0012,prm,event,50.0,100.0,0.0,1,0,0,0,0,61.51531614882009,142.8202456476336,61.51531614882009,0.0
random-s0-0012,prm,event,150.0,20.0,0.0,1,0,1,1,0,-32.03790978079698,1.3672350740183106,-32.03790978079698,119.99999999999744
random-s0-0012,prm,event,150.0,100.0,0.0,1,0,1,1,0,-37.56597156613091,58.03924143092917,-37.56597156613091,460.0000000000001
random-s0-0012,visibility,once,0.0,20.0,0.0,1,0,1,1,0,-41.28706847600105,86.37702824409922,-41.28706847600105,140.0
random-s0-0012,visibility,cycle,0.0,20.0,0.0,1,0,0,0,0,19.90239327615899,157.2051696841089,19.90239327615899,0.0
random-s0-0012,visibility,cycle,0.0,100.0,0.0,1,0,0,0,0,16.17406662337777,153.7719027931559,16.17406662337777,0.0
random-s0-0012,visibility,cycle,50.0,20.0,0.0,1,0,0,0,0,45.04121158297116,150.87896659466043,45.04121158297116,0.0
random-s0-0012,visibility,cycle,50.0,100.0,0.0,1,0,0,0,0,58.28139583568554,148.76577239135833,58.28139583568554,0.0
random-s0-0012,visibility,cycle,150.0,20.0,0.0,1,0,1,1,0,-92.68296995938591,70.22163635818535,-92.68296995938591,239.99999999999983
random-s0-0012,visibility,cycle,150.0,100.0,0.0,1,0,1,1,0,-29.185084766739152,8.19529818794382,-29.185084766739152,99.99999999999991
random-s0-0012,visibility,event,0.0,20.0,0.0,1,0,0,0,0,23.811302405042483,150.17733247410746,23.811302405042483,0.0
random-s0-0012,visibility,event,0.0,100.0,0.0,1,0,0,0,0,23.72565404516456,143.03195002707955,23.72565404516456,0.0
random-s0-0012,visibility,event,50.0,20.0,0.0,1,0,0,0,0,49.107895319772666,148.06202532553635,49.107895319772666,0.0
random-s0-0012,visibility,event,50.0,100.0,0.0,1,0,0,0,0,58.28139583568554,120.99281220340094,58.28139583568554,0.0
random-s0-0012,visibility,event,150.0,20.0,0.0,1,0,2,1,1,-41.5268306993589,-41.5268306993589,-9.977756407712548,479.9999999999975
random-s0-0012,visibility,event,150.0,100.0,0.0,1,0,1,1,0,-29.185084766739152,51.90097755648733,-29.185084766739152,99.99999999999991
random-s0-0013,voronoi,once,0.0,20.0,0.0,1,0,2,2,0,-178.45904096242788,219.1947143988654,-178.45904096242788,860.0000000000005
random-s0-0013,voronoi,cycle,0.0,20.0,0.0,1,0,2,2,0,-59.78437839319345,285.86975082317883,-59.78437839319345,440.0000000000001
random-s0-0013,voronoi,cycle,0.0,100.0,0.0,1,0,0,0,0,5.937962244030899,161.74629984572533,5.937962244030899,0.0
random-s0-0013,voronoi,cycle,50.0,20.0,0.0,1,0,0,0,0,42.679803934251936,285.86975082317883,42.679803934251936,0.0
random-s0-0013,voronoi,cycle,50.0,100.0,0.0,1,0,1,1,0,-88.03736300613028,285.8697508231788,-88.03736300613028,480.00000000000017
random-s0-0013,voronoi,cycle,150.0,20.0,0.0,1,0,0,0,0,120.95011000689033,342.89486268395,120.95011000689033,0.0
random-s0-0013,voronoi,cycle,150.0,100.0,0.0,1,0,0,0,0,115.35784504327712,357.5970850613337,115.35784504327712,0.0
random-s0-0013,voronoi,event,0.0,20.0,0.0,1,0,1,1,0,-48.95503855273788,247.30265932843963,-48.95503855273788,380.00000000000006
random-s0-0013,voronoi,event,0.0,100.0,0.0,1,0,2,1,1,-71.96505604166579,-71.96505604166579,-34.472245908515845,239.99999999999983
random-s0-0013,voronoi,event,50.0,20.0,0.0,1,0,0,0,0,7.561607519635771,285.86975082317883,7.561607519635771,0.0
random-s0-0013,voronoi,event,50.0,100.0,0.0,1,0,1,1,0,-60.01675948283811,178.74898691930937,-60.01675948283811,400.00000000000006
random-s0-0013,voronoi,event,150.0,20.0,0.0,1,0,0,0,0,173.11382695942467,173.11382695942467,257.04170281564683,0.0
random-s0-0013,voronoi,event,150.0,100.0,0.0,1,0,0,0,0,174.40837343584525,174.40837343584525,222.0342705054175,0.0
random-s0-0013,prm,once,0.0,20.0,0.0,1,0,2,1,1,-76.20019468275373,-13.632000355281662,-76.20019468275373,180.0
random-s0-0013,prm,cycle,0.0,20.0,0.0,1,0,1,1,0,-7.76902755232598,285.86975082317883,-7.76902755232598,20.0
random-s0-0013,prm,cycle,0.0,100.0,0.0,1,0,2,2,0,-146.18552637600817,285.8697508231788,-146.18552637600817,500.0
random-s0-0013,prm,cycle,50.0,20.0,0.0,1,0,2,2,0,-134.63840504148746,285.86975082317883,-134.63840504148746,540.0000000000001
random-s0-0013,prm,cycle,50.0,100.0,0.0,1,0,2,2,0,-146.18552637600817,285.8697508231788,-146.18552637600817,500.0
random-s0-0013,prm,cycle,150.0,20.0,0.0,1,0,0,0,0,93.69722561292394,227.00276281332012,93.69722561292394,0.0
random-s0-0013,prm,cycle,150.0,100.0,0.0,1,0,0,0,0,137.8401474892887,301.2885394121685,137.8401474892887,0.0
random-s0-0013,prm,event,0.0,20.0,0.0,1,0,0,0,0,1.5628840535665915,285.86975082317883,1.5628840535665915,0.0
random-s0-0013,prm,event,0.0,100.0,0.0,1,0,2,2,0,-146.18552637600817,30.10958294834072,-146.18552637600817,500.0
random-s0-0013,prm,event,50.0,20.0,0.0,1,0,2,2,0,-140.24510936562996,285.86975082317883,-140.24510936562996,500.0000000000001
random-s0-0013,prm,event,50.0,100.0,0.0,1,0,2,2,0,-146.18552637600817,285.8697508231788,-146.18552637600817,500.0
random-s0-0013,prm,event,150.0,20.0,0.0,1,0,0,0,0,175.90933079519016,300.7623597277238,175.90933079519016,0.0
random-s0-0013,prm,event,150.0,100.0,0.0,1,0,0,0,0,197.719750240209,248.39097259509052,197.719750240209,0.0
random-s0-0013,visibility,once,0.0,20.0,0.0,1,0,3,3,0,-158.5035098595369,210.6792502873634,-158.5035098595369,420.0000000000001
random-s0-0013,visibility,cycle,0.0,20.0,0.0,1,0,2,2,0,-63.4619595220944,285.86975082317883,-63.4619595220944,620.0000000000002
random-s0-0013,visibility,cycle,0.0,100.0,0.0,1,0,2,2,0,-120.63311133066416,285.8697508231788,-120.63311133066416,539.9999999999999
random-s0-0013,visibility,cycle,50.0,20.0,0.0,1,0,2,2,0,-115.49947169166056,285.86975082317883,-115.49947169166056,540.0000000000001
random-s0-0013,visibility,cycle,50.0,100.0,0.0,1,0,3,3,0,-120.63311133066416,285.8697508231788,-120.63311133066416,620.0
random-s0-0013,visibility,cycle,150.0,20.0,0.0,1,0,0,0,0,44.95083381254537,259.63496468159747,44.95083381254537,0.0
random-s0-0013,visibility,cycle,150.0,100.0,0.0,1,0,1,1,0,-159.21292696167788,200.7112056214266,-159.21292696167788,380.00000000000006
random-s0-0013,visibility,event,0.0,20.0,0.0,1,0,2,2,0,-62.94205411413475,285.86975082317883,-62.94205411413475,600.0000000000002
random-s0-0013,visibility,event,0.0,100.0,0.0,1,0,2,2,0,-120.63311133066416,285.8697508231788,-120.63311133066416,539.9999999999999
random-s0-0013,visibility,event,50.0,20.0,0.0,1,0,2,2,0,-114.81963661122336,285.86975082317883,-114.81963661122336,540.0000000000001
random-s0-0013,visibility,event,50.0,100.0,0.0,1,0,2,2,0,-120.63311133066416,285.8697508231788,-120.63311133066416,539.9999999999999
random-s0-0013,visibility,event,150.0,20.0,0.0,1,0,0,0,0,212.03279116708177,212.03279116708177,257.04170281564683,0.0
random-s0-0013,visibility,event,150.0,100.0,0.0,1,0,0,0,0,5.50656185991221,223.57575677537227,5.50656185991221,0.0
random-s0-0014,voronoi,once,0.0,20.0,0.0,1,0,0,0,0,23.52021533994292,99.48874405804344,23.52021533994292,0.0
random-s0-0014,voronoi,cycle,0.0,20.0,0.0,1,0,0,0,0,102.2827432526031,351.26091224979587,102.2827432526031,0.0
random-s0-0014,voronoi,cycle,0.0,100.0,0.0,1,0,0,0,0,93.3404738863856,351.260912249796,93.3404738863856,0.0
random-s0-0014,voronoi,cycle,50.0,20.0,0.0,1,0,0,0,0,71.34609257794071,195.00348766108212,71.34609257794071,0.0
random-s0-0014,voronoi,cycle,50.0,100.0,0.0,1,0,0,0,0,65.9736553977788,336.1541786609524,65.9736553977788,0.0
random-s0-0014,voronoi,cycle,150.0,20.0,0.0,1,0,0,0,0,58.09170414277625,377.9370091563858,58.09170414277625,0.0
random-s0-0014,voronoi,cycle,150.0,100.0,0.0,1,0,0,0,0,81.82582103969389,555.0784977181985,81.82582103969389,0.0
random-s0-0014,voronoi,event,0.0,20.0,0.0,1,0,1,1,0,-21.34949277655596,242.18106787198784,-21.34949277655596,200.0
random-s0-0014,voronoi,event,0.0,100.0,0.0,1,0,3,0,3,-58.37699821292097,-58.37699821292097,65.9736553977788,180.0
random-s0-0014,voronoi,event,50.0,20.0,0.0,1,0,0,0,0,102.2827432526031,202.33988144861215,102.2827432526031,0.0
random-s0-0014,voronoi,event,50.0,100.0,0.0,1,0,0,0,0,65.9736553977788,351.260912249796,65.9736553977788,0.0
random-s0-0014,voronoi,event,150.0,20.0,0.0,1,0,0,0,0,57.291589780803776,481.87400723678377,57.291589780803776,0.0
random-s0-0014,voronoi,event,150.0,100.0,0.0,1,0,0,0,0,57.409216177725256,448.85196505058775,57.409216177725256,0.0
random-s0-0014,prm,once,0.0,20.0,0.0,1,0,0,0,0,65.97365539777871,207.9820290503,65.97365539777871,0.0
random-s0-0014,prm,cycle,0.0,20.0,0.0,1,0,0,0,0,22.16583581555045,310.77825900624526,22.16583581555045,0.0
random-s0-0014,prm,cycle,0.0,100.0,0.0,1,0,0,0,0,57.69604778091326,265.6438210251111,57.69604778091326,0.0
random-s0-0014,prm,cycle,50.0,20.0,0.0,1,0,0,0,0,41.01596638224723,363.27176112877305,41.01596638224723,0.0
random-s0-0014,prm,cycle,50.0,100.0,0.0,1,0,0,0,0,57.59679081212093,351.260912249796,57.59679081212093,0.0
random-s0-0014,prm,cycle,150.0,20.0,0.0,1,0,0,0,0,51.69150910073944,412.182430982394,51.69150910073944,0.0
random-s0-0014,prm,cycle,150.0,100.0,0.0,1,0,1,0,1,-131.77099408394977,-131.77099408394977,61.387084299044574,40.0
random-s0-0014,prm,event,0.0,20.0,0.0,1,0,0,0,0,47.6789223503535,268.0398913568209,47.6789223503535,0.0
random-s0-0014,prm,event,0.0,100.0,0.0,1,0,0,0,0,89.27552045357396,265.6438210251111,89.27552045357396,0.0
random-s0-0014,prm,event,50.0,20.0,0.0,1,0,0,0,0,67.56695072185695,363.27176112877305,67.56695072185695,0.0
random-s0-0014,prm,event,50.0,100.0,0.0,1,0,0,0,0,102.28274325260328,278.9296136404314,102.28274325260328,0.0
random-s0-0014,prm,event,150.0,20.0,0.0,1,0,0,0,0,73.74788841668268,142.71223626879765,73.74788841668268,0.0
random-s0-0014,prm,event,150.0,100.0,0.0,1,0,0,0,0,63.95160188483317,378.8749564025071,63.95160188483317,0.0
random-s0-0014,visibility,once,0.0,20.0,0.0,1,0,0,0,0,65.97365539777871,207.9820290503,65.97365539777871,0.0
random-s0-0014,visibility,cycle,0.0,20.0,0.0,1,0,0,0,0,49.5031859817031,351.26091224979587,49.5031859817031,0.0
random-s0-0014,visibility,cycle,0.0,100.0,0.0,1,0,0,0,0,51.53956449497957,333.10174105397493,51.53956449497957,0.0
random-s0-0014,visibility,cycle,50.0,20.0,0.0,1,0,0,0,0,61.708605526495546,352.5569760347994,61.708605526495546,0.0
random-s0-0014,visibility,cycle,50.0,100.0,0.0,1,0,0,0,0,73.05339502739304,351.260912249796,73.05339502739304,0.0
random-s0-0014,visibility,cycle,150.0,20.0,0.0,1,0,1,1,0,-52.79238106437951,458.5893863821642,-52.79238106437951,60.0
random-s0-0014,visibility,cycle,150.0,100.0,0.0,1,0,0,0,0,86.78507185972296,434.1536412991789,86.78507185972296,0.0
random-s0-0014,visibility,event,0.0,20.0,0.0,1,0,0,0,0,56.63889486872438,351.26091224979587,56.63889486872438,0.0
random-s0-0014,visibility,event,0.0,100.0,0.0,1,0,0,0,0,70.88827723722557,333.10174105397493,70.88827723722557,0.0
random-s0-0014,visibility,event,50.0,20.0,0.0,1,0,0,0,0,70.99667169768091,352.5569760347994,70.99667169768091,0.0
random-s0-0014,visibility,event,50.0,100.0,0.0,1,0,0,0,0,76.35299408677622,351.260912249796,76.35299408677622,0.0
random-s0-0014,visibility,event,150.0,20.0,0.0,1,0,1,1,0,-138.41433699269146,336.1502324436992,-138.41433699269146,240.0
random-s0-0014,visibility,event,150.0,100.0,0.0,1,0,1,1,0,-138.19702830131075,347.5525961376013,-138.19702830131075,220.0
random-s0-0015,voronoi,once,0.0,20.0,0.0,1,0,1,1,0,-121.25762570066247,13.92189991977446,-121.25762570066247,60.0
random-s0-0015,voronoi,cycle,0.0,20.0,0.0,1,0,0,0,0,4.938055357526423,4.938055357526423,50.80787964546863,0.0
random-s0-0015,voronoi,cycle,0.0,100.0,0.0,1,0,0,0,0,1.157773026022113,13.92189991977446,1.157773026022113,0.0
random-s0-0015,voronoi,cycle,50.0,20.0,0.0,1,0,0,0,0,60.41895141415989,89.2205655401687,60.41895141415989,0.0
random-s0-0015,voronoi,cycle,50.0,100.0,0.0,1,0,0,0,0,51.73683194535613,134.1289544120375,51.73683194535613,0.0
random-s0-0015,voronoi,cycle,150.0,20.0,0.0,1,0,0,0,0,74.3053582731086,134.1289544120375,74.3053582731086,0.0
random-s0-0015,voronoi,cycle,150.0,100.0,0.0,1,0,1,0,1,-174.8531933890576,-174.8531933890576,107.527476808161,440.0000000000001
random-s0-0015,voronoi,event,0.0,20.0,0.0,1,0,0,0,0,59.76669098599132,90.18130697607928,59.76669098599132,0.0
random-s0-0015,voronoi,event,0.0,100.0,0.0,1,0,1,0,1,-169.93728941433767,-169.93728941433767,1.157773026022113,239.99999999999977
random-s0-0015,voronoi,event,50.0,20.0,0.0,1,0,0,0,0,32.56434066190644,32.56434066190644,52.67523200040708,0.0
random-s0-0015,voronoi,event,50.0,100.0,0.0,1,0,0,0,0,27.91949595838841,27.91949595838841,42.94257339723353,0.0
random-s0-0015,voronoi,event,150.0,20.0,0.0,1,0,0,0,0,86.87039108642915,134.1289544120375,86.87039108642915,0.0
random-s0-0015,voronoi,event,150.0,100.0,0.0,1,0,0,0,0,60.945483294171225,60.945483294171225,117.7836126185474,0.0
random-s0-0015,prm,once,0.0,20.0,0.0,1,0,2,1,1,-154.95049222236167,-154.95049222236167,-121.25762570066247,200.0
random-s0-0015,prm,cycle,0.0,20.0,0.0,1,0,1,1,0,-8.613773239810115,83.00782701592215,-8.613773239810115,19.99999999999996
random-s0-0015,prm,cycle,0.0,100.0,0.0,1,0,1,0,1,-31.404042370285453,-31.404042370285453,22.00824171349308,80.0
random-s0-0015,prm,cycle,50.0,20.0,0.0,1,0,1,1,0,-19.398895539187293,13.921899919774232,-19.398895539187293,40.0
random-s0-0015,prm,cycle,50.0,100.0,0.0,1,0,1,1,0,-60.019999586141125,13.92189991977446,-60.019999586141125,60.0
random-s0-0015,prm,cycle,150.0,20.0,0.0,1,0,0,0,0,13.921899919774232,13.921899919774232,55.29553075842082,0.0
random-s0-0015,prm,cycle,150.0,100.0,0.0,1,0,0,0,0,13.92189991977446,13.92189991977446,90.16840951839674,0.0
random-s0-0015,prm,event,0.0,20.0,0.0,1,0,1,1,0,-8.613773239810115,52.487190970630365,-8.613773239810115,19.99999999999996
random-s0-0015,prm,event,0.0,100.0,0.0,1,0,0,0,0,13.92189991977446,13.92189991977446,22.00824171349308,0.0
random-s0-0015,prm,event,50.0,20.0,0.0,1,0,0,0,0,13.921899919774232,13.921899919774232,52.44909719615774,0.0
random-s0-0015,prm,event,50.0,100.0,0.0,1,0,1,1,0,-153.30531294810618,13.92189991977446,-153.30531294810618,200.0
random-s0-0015,prm,event,150.0,20.0,0.0,1,0,0,0,0,13.921899919774232,13.921899919774232,80.24389112167302,0.0
random-s0-0015,prm,event,150.0,100.0,0.0,1,0,0,0,0,13.92189991977446,13.92189991977446,147.71461359997107,0.0
random-s0-0015,visibility,once,0.0,20.0,0.0,1,0,2,2,0,-121.25762570066247,13.92189991977446,-121.25762570066247,259.99999999999994
random-s0-0015,visibility,cycle,0.0,20.0,0.0,1,0,1,1,0,-93.27431836920678,72.67154848550868,-93.27431836920678,420.0000000000001
random-s0-0015,visibility,cycle,0.0,100.0,0.0,1,0,1,1,0,-98.4149059412864,13.92189991977446,-98.4149059412864,400.00000000000006
random-s0-0015,visibility,cycle,50.0,20.0,0.0,1,0,2,2,0,-68.43869756373728,13.921899919774232,-68.43869756373728,540.0000000000001
random-s0-0015,visibility,cycle,50.0,100.0,0.0,1,0,1,1,0,-70.72222523132255,13.92189991977446,-70.72222523132255,340.0
random-s0-0015,visibility,cycle,150.0,20.0,0.0,1,0,1,1,0,-16.519175252889852,13.921899919774232,-16.519175252889852,180.0
random-s0-0015,visibility,cycle,150.0,100.0,0.0,1,0,1,1,0,-24.36412983959985,13.92189991977446,-24.36412983959985,200.0
random-s0-0015,visibility,event,0.0,20.0,0.0,1,0,0,0,0,22.560975537873876,82.87777188964537,22.560975537873876,0.0
random-s0-0015,visibility,event,0.0,100.0,0.0,1,0,0,0,0,13.92189991977446,13.92189991977446,33.95497475470779,0.0
random-s0-0015,visibility,event,50.0,20.0,0.0,1,0,2,2,0,-72.02811860373725,13.921899919774232,-72.02811860373725,460.0000000000001
random-s0-0015,visibility,event,50.0,100.0,0.0,1,0,1,1,0,-77.0894713523669,13.92189991977446,-77.0894713523669,360.00000000000006
random-s0-0015,visibility,event,150.0,20.0,0.0,1,0,1,1,0,-22.621310978037517,13.921899919774232,-22.621310978037517,200.0
random-s0-0015,visibility,event,150.0,100.0,0.0,1,0,1,1,0,-26.296906354004307,13.92189991977446,-26.296906354004307,200.0
random-s0-0016,voronoi,once,0.0,20.0,0.0,1,0,4,4,0,-142.8957844962358,241.4038057740213,-142.8957844962358,1220.000000000001
random-s0-0016,voronoi,cycle,0.0,20.0,0.0,1,0,1,1,0,-1.1952595455335313,11.326850560984552,-1.1952595455335313,20.0
random-s0-0016,voronoi,cycle,0.0,100.0,0.0,1,0,2,2,0,-12.69766677694031,19.86367483485421,-12.69766677694031,59.99999999999992
random-s0-0016,voronoi,cycle,50.0,20.0,0.0,1,0,0,0,0,41.8137509595681,57.156460391513576,41.8137509595681,0.0
random-s0-0016,voronoi,cycle,50.0,100.0,0.0,1,0,1,1,0,-64.60675146648403,53.02972439455948,-64.60675146648403,240.0
random-s0-0016,voronoi,cycle,150.0,20.0,0.0,1,0,0,0,0,27.550323680373992,248.50558229756507,27.550323680373992,0.0
random-s0-0016,voronoi,cycle,150.0,100.0,0.0,1,0,0,0,0,55.272512425782764,218.5571728152666,55.272512425782764,0.0
random-s0-0016,voronoi,event,0.0,20.0,0.0,1,0,1,1,0,-66.97838314247902,16.032773492788806,-66.97838314247902,240.0
random-s0-0016,voronoi,event,0.0,100.0,0.0,1,0,3,3,0,-66.9783831424789,216.24434670740615,-66.9783831424789,659.9999999999998
random-s0-0016,voronoi,event,50.0,20.0,0.0,1,0,1,1,0,-64.97134809568145,68.92251994379447,-64.97134809568145,240.0
random-s0-0016,voronoi,event,50.0,100.0,0.0,1,0,0,0,0,2.5615943215060213,39.03970912253095,2.5615943215060213,0.0
random-s0-0016,voronoi,event,150.0,20.0,0.0,1,0,0,0,0,74.43019000584755,464.6417681803049,74.43019000584755,0.0
random-s0-0016,voronoi,event,150.0,100.0,0.0,1,0,0,0,0,76.7686982109264,140.70287092811157,76.7686982109264,0.0
random-s0-0016,prm,once,0.0,20.0,0.0,1,0,4,4,0,-142.8957844962358,105.51719021238142,-142.8957844962358,960.0000000000006
random-s0-0016,prm,cycle,0.0,20.0,0.0,1,0,1,1,0,-142.8957844962356,68.63128308245552,-142.8957844962356,520.0000000000001
random-s0-0016,prm,cycle,0.0,100.0,0.0,1,0,2,2,0,-142.8957844962356,140.87485056177906,-142.8957844962356,1020.0000000000002
random-s0-0016,prm,cycle,50.0,20.0,0.0,1,0,2,2,0,-142.8957844962356,93.01617497706144,-142.8957844962356,660.0000000000002
random-s0-0016,prm,cycle,50.0,100.0,0.0,1,0,1,1,0,-142.8957844962356,82.1527468535906,-142.8957844962356,520.0000000000001
random-s0-0016,prm,cycle,150.0,20.0,0.0,1,0,1,1,0,-137.68446097701582,74.3076974489741,-137.68446097701582,520.0000000000001
random-s0-0016,prm,cycle,150.0,100.0,0.0,1,0,2,1,1,-142.8957844962356,-34.33435547559486,-142.8957844962356,580.0000000000002
random-s0-0016,prm,event,0.0,20.0,0.0,1,0,1,1,0,-142.8957844962356,90.3471432595926,-142.8957844962356,520.0000000000001
random-s0-0016,prm,event,0.0,100.0,0.0,1,0,2,2,0,-142.8957844962356,140.87485056177906,-142.8957844962356,1020.0000000000002
random-s0-0016,prm,event,50.0,20.0,0.0,1,0,3,3,0,-142.8957844962356,12.20001728594366,-142.8957844962356,1079.999999999999
random-s0-0016,prm,event,50.0,100.0,0.0,1,0,2,2,0,-142.8957844962356,52.40948736984564,-142.8957844962356,860.0000000000005
random-s0-0016,prm,event,150.0,20.0,0.0,1,0,1,1,0,-142.8957844962356,1.7200081442301496,-142.8957844962356,520.0000000000001
random-s0-0016,prm,event,150.0,100.0,0.0,1,0,2,1,1,-142.8957844962356,-34.33435547559486,-142.8957844962356,580.0000000000002
random-s0-0016,visibility,once,0.0,20.0,0.0,1,0,4,4,0,-142.8957844962358,73.32353872522748,-142.8957844962358,1040.0000000000005
random-s0-0016,visibility,cycle,0.0,20.0,0.0,1,0,7,5,2,-159.88289963169055,-111.64746974267794,-159.88289963169055,1780.0000000000011
random-s0-0016,visibility,cycle,0.0,100.0,0.0,1,0,6,5,1,-160.44818622542311,-113.63969049855793,-160.44818622542311,1540.0000000000005
random-s0-0016,visibility,cycle,50.0,20.0,0.0,1,0,4,3,1,-142.8957844962356,-41.74987297496938,-142.8957844962356,1380.000000000001
random-s0-0016,visibility,cycle,50.0,100.0,0.0,1,0,5,4,1,-150.7884669782329,-98.50859547057205,-150.7884669782329,1100.0000000000002
random-s0-0016,visibility,cycle,150.0,20.0,0.0,1,0,3,2,1,-142.8957844962356,-8.13141437089115,-142.8957844962356,820.0000000000003
random-s0-0016,visibility,cycle,150.0,100.0,0.0,1,0,4,2,2,-142.8957844962356,-38.21152382794872,-142.8957844962356,720.0000000000003
random-s0-0016,visibility,event,0.0,20.0,0.0,1,0,7,5,2,-161.2008759035712,-105.42684658770456,-161.2008759035712,1800.0000000000011
random-s0-0016,visibility,event,0.0,100.0,0.0,1,0,5,4,1,-161.19872863153682,-10.881833995237798,-161.19872863153682,1460.0000000000005
random-s0-0016,visibility,event,50.0,20.0,0.0,1,0,4,3,1,-142.8957844962356,-20.37675625211972,-142.8957844962356,1300.000000000001
random-s0-0016,visibility,event,50.0,100.0,0.0,1,0,4,3,1,-155.7391925778188,-20.73264083114637,-155.7391925778188,1280.0000000000005
random-s0-0016,visibility,event,150.0,20.0,0.0,1,0,2,2,0,-142.8957844962356,0.8846696693661897,-142.8957844962356,620.0000000000002
random-s0-0016,visibility,event,150.0,100.0,0.0,1,0,3,2,1,-142.8957844962356,-38.21152382794872,-142.8957844962356,680.0000000000002
random-s0-0017,voronoi,once,0.0,20.0,0.0,1,0,1,1,0,-153.15042008957397,4.691658144110363,-153.15042008957397,340.0
random-s0-0017,voronoi,cycle,0.0,20.0,0.0,1,0,0,0,0,0.3454987846573942,254.16955819202428,0.3454987846573942,0.0
random-s0-0017,voronoi,cycle,0.0,100.0,0.0,1,0,0,0,0,0.3454987846575363,240.5112766480448,0.3454987846575363,0.0
random-s0-0017,voronoi,cycle,50.0,20.0,0.0,1,0,0,0,0,39.3843464412071,329.8735377285831,39.3843464412071,0.0
random-s0-0017,voronoi,cycle,50.0,100.0,0.0,1,0,0,0,0,3.3638439994423948,264.8459115027857,3.3638439994423948,0.0
random-s0-0017,voronoi,cycle,150.0,20.0,0.0,1,0,0,0,0,72.37923765176026,158.92467938387426,72.37923765176026,0.0
random-s0-0017,voronoi,cycle,150.0,100.0,0.0,1,0,0,0,0,107.209346840195,131.85588389800404,107.209346840195,0.0
random-s0-0017,voronoi,event,0.0,20.0,0.0,1,0,0,0,0,0.3454987846573942,229.74588501256136,0.3454987846573942,0.0
random-s0-0017,voronoi,event,0.0,100.0,0.0,1,0,0,0,0,0.3454987846575363,206.85363345621943,0.3454987846575363,0.0
random-s0-0017,voronoi,event,50.0,20.0,0.0,1,0,0,0,0,33.5074468788408,315.8752621820434,33.5074468788408,0.0
random-s0-0017,voronoi,event,50.0,100.0,0.0,1,0,0,0,0,3.3638439994423948,199.27388139843575,3.3638439994423948,0.0
random-s0-0017,voronoi,event,150.0,20.0,0.0,1,0,0,0,0,2.658320559005944,2.658320559005944,103.73755049734176,0.0
random-s0-0017,voronoi,event,150.0,100.0,0.0,1,0,0,0,0,85.9989187886431,139.16077367307997,85.9989187886431,0.0
random-s0-0017,prm,once,0.0,20.0,0.0,1,0,1,1,0,-134.07053681184811,162.65612797894187,-134.07053681184811,400.00000000000006
random-s0-0017,prm,cycle,0.0,20.0,0.0,1,0,0,0,0,0.3454987846573942,202.89942057371644,0.3454987846573942,0.0
random-s0-0017,prm,cycle,0.0,100.0,0.0,1,0,0,0,0,0.3454987846575363,209.9997298070728,0.3454987846575363,0.0
random-s0-0017,prm,cycle,50.0,20.0,0.0,1,0,0,0,0,0.3454987846573942,380.20643364034527,0.3454987846573942,0.0
random-s0-0017,prm,cycle,50.0,100.0,0.0,1,0,0,0,0,0.3454987846575363,376.9758545674579,0.3454987846575363,0.0
random-s0-0017,prm,cycle,150.0,20.0,0.0,1,0,0,0,0,48.67528180829339,48.67528180829339,83.51280176259877,0.0
random-s0-0017,prm,cycle,150.0,100.0,0.0,1,0,0,0,0,49.18199642642179,49.18199642642179,78.85824154784552,0.0
random-s0-0017,prm,event,0.0,20.0,0.0,1,0,0,0,0,0.3454987846573942,202.89942057371644,0.3454987846573942,0.0
random-s0-0017,prm,event,0.0,100.0,0.0,1,0,0,0,0,0.3454987846575363,209.9997298070728,0.3454987846575363,0.0
random-s0-0017,prm,event,50.0,20.0,0.0,1,0,0,0,0,0.3454987846573942,356.6929323228019,0.3454987846573942,0.0
random-s0-0017,prm,event,50.0,100.0,0.0,1,0,0,0,0,0.3454987846575363,376.9758545674579,0.3454987846575363,0.0
random-s0-0017,prm,event,150.0,20.0,0.0,1,0,0,0,0,5.221672109254797,5.221672109254797,70.50889090308132,0.0
random-s0-0017,prm,event,150.0,100.0,0.0,1,0,0,0,0,12.98575036628938,12.98575036628938,78.85824154784552,0.0
random-s0-0017,visibility,once,0.0,20.0,0.0,1,0,1,1,0,-125.43568517310442,162.65612797894187,-125.43568517310442,60.0
random-s0-0017,visibility,cycle,0.0,20.0,0.0,1,0,0,0,0,0.3454987846573942,135.56512977783063,0.3454987846573942,0.0
random-s0-0017,visibility,cycle,0.0,100.0,0.0,1,0,0,0,0,0.3454987846575363,149.15424045952193,0.3454987846575363,0.0
random-s0-0017,visibility,cycle,50.0,20.0,0.0,1,0,0,0,0,0.3454987846573942,111.69358233041294,0.3454987846573942,0.0
random-s0-0017,visibility,cycle,50.0,100.0,0.0,1,0,0,0,0,0.3454987846575363,98.15790222088008,0.3454987846575363,0.0
random-s0-0017,visibility,cycle,150.0,20.0,0.0,1,0,1,1,0,-110.87520331163776,33.67437206905481,-110.87520331163776,500.0000000000001
random-s0-0017,visibility,cycle,150.0,100.0,0.0,1,0,1,1,0,-119.38761383021163,27.5653809387789,-119.38761383021163,500.0000000000001
random-s0-0017,visibility,event,0.0,20.0,0.0,1,0,0,0,0,0.3454987846573942,139.0977776187991,0.3454987846573942,0.0
random-s0-0017,visibility,event,0.0,100.0,0.0,1,0,0,0,0,0.3454987846575363,149.15424045952193,0.3454987846575363,0.0
random-s0-0017,visibility,event,50.0,20.0,0.0,1,0,0,0,0,0.3454987846573942,324.9763267894197,0.3454987846573942,0.0
random-s0-0017,visibility,event,50.0,100.0,0.0,1,0,1,1,0,-146.42117504770226,98.15790222088008,-146.42117504770226,80.0
random-s0-0017,visibility,event,150.0,20.0,0.0,1,0,1,1,0,-115.98075722595158,406.5340314082381,-115.98075722595158,500.0000000000001
random-s0-0017,visibility,event,150.0,100.0,0.0,1,0,1,1,0,-119.38761383021163,8.804476393972408,-119.38761383021163,500.0000000000001
random-s0-0018,voronoi,once,0.0,20.0,0.0,1,0,5,4,1,-147.69799245488764,-147.69799245488764,-127.42783277849648,1280.000000000001
random-s0-0018,voronoi,cycle,0.0,20.0,0.0,1,0,11,11,0,-20.820241455731264,27.040211500471173,-20.820241455731264,1799.9999999999943
random-s0-0018,voronoi,cycle,0.0,100.0,0.0,1,0,2,2,0,-20.82024145573129,250.03169498469748,-20.82024145573129,420.0000000000001
random-s0-0018,voronoi,cycle,50.0,20.0,0.0,1,0,2,2,0,-20.820241455731264,49.33980766013036,-20.820241455731264,639.9999999999936
random-s0-0018,voronoi,cycle,50.0,100.0,0.0,1,0,3,3,0,-29.52407437483859,245.19071138543237,-29.52407437483859,1300.0000000000005
random-s0-0018,voronoi,cycle,150.0,20.0,0.0,1,0,2,2,0,-57.71039711756265,194.06593485168145,-57.71039711756265,819.9999999999937
random-s0-0018,voronoi,cycle,150.0,100.0,0.0,1,0,1,1,0,-8.501644643703827,171.31378799864393,-8.501644643703827,20.0
random-s0-0018,voronoi,event,0.0,20.0,0.0,1,0,1,1,0,-20.820241455731264,153.3814877504347,-20.820241455731264,340.0
random-s0-0018,voronoi,event,0.0,100.0,0.0,1,0,1,1,0,-20.82024145573129,153.38148775043464,-20.82024145573129,340.0
random-s0-0018,voronoi,event,50.0,20.0,0.0,1,0,1,1,0,-20.820241455731264,208.4505252270284,-20.820241455731264,340.0
random-s0-0018,voronoi,event,50.0,100.0,0.0,1,0,1,1,0,-20.82024145573129,185.8262988655111,-20.82024145573129,340.0
random-s0-0018,voronoi,event,150.0,20.0,0.0,1,0,1,1,0,-22.110369174575737,195.05933248622767,-22.110369174575737,299.99999999999363
random-s0-0018,voronoi,event,150.0,100.0,0.0,1,0,1,1,0,-22.027650877644447,197.07509323803805,-22.027650877644447,300.0
random-s0-0018,prm,once,0.0,20.0,0.0,1,0,4,3,1,-158.48866197139228,-158.48866197139228,-20.820241455731207,820.0000000000003
random-s0-0018,prm,cycle,0.0,20.0,0.0,1,0,1,1,0,-20.820241455731264,35.08195657421433,-20.820241455731264,340.0
random-s0-0018,prm,cycle,0.0,100.0,0.0,1,0,3,2,1,-158.48866197139228,-158.48866197139228,-20.82024145573129,480.00000000000017
random-s0-0018,prm,cycle,50.0,20.0,0.0,1,0,1,1,0,-20.820241455731264,192.1863940278524,-20.820241455731264,340.0
random-s0-0018,prm,cycle,50.0,100.0,0.0,1,0,2,1,1,-158.48866197139228,-158.48866197139228,-20.82024145573129,480.00000000000017
random-s0-0018,prm,cycle,150.0,20.0,0.0,1,0,1,1,0,-20.820241455731264,46.93602015372196,-20.820241455731264,340.0
random-s0-0018,prm,cycle,150.0,100.0,0.0,1,0,1,1,0,-20.82024145573129,231.69963252794963,-20.82024145573129,340.0
random-s0-0018,prm,event,0.0,20.0,0.0,1,0,2,2,0,-20.820241455731264,41.24550958362107,-20.820241455731264,380.00000000000006
random-s0-0018,prm,event,0.0,100.0,0.0,1,0,4,3,1,-158.48866197139228,-158.48866197139228,-20.82024145573129,780.0000000000003
random-s0-0018,prm,event,50.0,20.0,0.0,1,0,1,1,0,-20.820241455731264,150.61699728681185,-20.820241455731264,340.0
random-s0-0018,prm,event,50.0,100.0,0.0,1,0,2,1,1,-158.48866197139228,-158.48866197139228,-20.82024145573129,480.00000000000017
random-s0-0018,prm,event,150.0,20.0,0.0,1,0,2,2,0,-21.52980385495013,194.10410513420837,-21.52980385495013,499.9999999999966
random-s0-0018,prm,event,150.0,100.0,0.0,1,0,2,2,0,-22.90058993580473,185.77896271312363,-22.90058993580473,640.0000000000002
random-s0-0018,visibility,once,0.0,20.0,0.0,1,0,6,3,3,-147.23599920403518,-147.23599920403518,-46.96128804437663,1560.000000000001
random-s0-0018,visibility,cycle,0.0,20.0,0.0,1,0,2,1,1,-102.46356757503382,-102.46356757503382,-20.820241455731264,680.0000000000002
random-s0-0018,visibility,cycle,0.0,100.0,0.0,1,0,1,1,0,-20.82024145573129,23.63970649805765,-20.82024145573129,340.0
random-s0-0018,visibility,cycle,50.0,20.0,0.0,1,0,1,1,0,-20.820241455731264,42.02187946190955,-20.820241455731264,340.0
random-s0-0018,visibility,cycle,50.0,100.0,0.0,1,0,1,1,0,-20.82024145573129,69.6639715714505,-20.82024145573129,340.0
random-s0-0018,visibility,cycle,150.0,20.0,0.0,1,0,1,1,0,-20.820241455731264,185.91017628363488,-20.820241455731264,340.0
random-s0-0018,visibility,cycle,150.0,100.0,0.0,1,0,1,1,0,-20.82024145573129,191.29812759762183,-20.82024145573129,340.0
random-s0-0018,visibility,event,0.0,20.0,0.0,1,0,2,1,1,-116.20459842790022,-116.20459842790022,-20.820241455731264,700.0000000000003
random-s0-0018,visibility,event,0.0,100.0,0.0,1,0,3,3,0,-45.360172116068185,4.153597157388191,-45.360172116068185,720.0000000000003
random-s0-0018,visibility,event,50.0,20.0,0.0,1,0,1,1,0,-20.820241455731264,77.23864068627717,-20.820241455731264,340.0
random-s0-0018,visibility,event,50.0,100.0,0.0,1,0,2,2,0,-42.08705376186748,10.93285494283714,-42.08705376186748,380.00000000000006
random-s0-0018,visibility,event,150.0,20.0,0.0,1,0,1,1,0,-20.820241455731264,92.29846552916592,-20.820241455731264,340.0
random-s0-0018,visibility,event,150.0,100.0,0.0,1,0,1,1,0,-20.82024145573129,231.6996325279494,-20.82024145573129,340.0
random-s0-0019,voronoi,once,0.0,20.0,0.0,1,0,2,1,1,-142.0885738154558,-92.58714115691272,-142.0885738154558,780.0000000000003
random-s0-0019,voronoi,cycle,0.0,20.0,0.0,1,0,1,1,0,-6.703045888829649,45.65083930009706,-6.703045888829649,160.0
random-s0-0019,voronoi,cycle,0.0,100.0,0.0,1,0,2,1,1,-126.1590739308673,-126.1590739308673,-8.581685608192771,359.9999999999999
random-s0-0019,voronoi,cycle,50.0,20.0,0.0,1,0,0,0,0,39.8694825546317,205.90156689194373,39.8694825546317,0.0
random-s0-0019,voronoi,cycle,50.0,100.0,0.0,1,0,0,0,0,17.511618994077764,292.2932767915887,17.511618994077764,0.0
random-s0-0019,voronoi,cycle,150.0,20.0,0.0,1,0,0,0,0,75.85807826955536,306.8867734753604,75.85807826955536,0.0
random-s0-0019,voronoi,cycle,150.0,100.0,0.0,1,0,0,0,0,127.58649144295106,449.7109676005963,127.58649144295106,0.0
random-s0-0019,voronoi,event,0.0,20.0,0.0,1,0,1,1,0,-11.72444471158795,21.238401780495398,-11.72444471158795,180.0
random-s0-0019,voronoi,event,0.0,100.0,0.0,1,0,2,1,1,-126.1590739308673,-126.1590739308673,-8.581685608192771,359.9999999999999
random-s0-0019,voronoi,event,50.0,20.0,0.0,1,0,0,0,0,54.354311353248335,161.9296568022479,54.354311353248335,0.0
random-s0-0019,voronoi,event,50.0,100.0,0.0,1,0,0,0,0,17.511618994077764,244.51420685027733,17.511618994077764,0.0
random-s0-0019,voronoi,event,150.0,20.0,0.0,1,0,0,0,0,142.04562251839815,593.1364821366203,142.04562251839815,0.0
random-s0-0019,voronoi,event,150.0,100.0,0.0,1,0,0,0,0,78.70310849560963,776.22481634826,78.70310849560963,0.0
random-s0-0019,prm,once,0.0,20.0,0.0,1,0,3,3,0,-142.0885738154558,36.75659053097144,-142.0885738154558,1620.000000000001
random-s0-0019,prm,cycle,0.0,20.0,0.0,1,0,2,2,0,-129.4598781751849,6.584952951440556,-129.4598781751849,1520.000000000001
random-s0-0019,prm,cycle,0.0,100.0,0.0,1,0,3,2,1,-133.40759237785716,-57.83410955223728,-133.40759237785716,1560.0
random-s0-0019,prm,cycle,50.0,20.0,0.0,1,0,2,2,0,-124.80735129564368,164.841011270256,-124.80735129564368,980.0000000000006
random-s0-0019,prm,cycle,50.0,100.0,0.0,1,0,1,1,0,-142.08857381545585,120.81360656887318,-142.08857381545585,620.0
random-s0-0019,prm,cycle,150.0,20.0,0.0,1,0,0,0,0,80.65483231663308,477.1174147330854,80.65483231663308,0.0
random-s0-0019,prm,cycle,150.0,100.0,0.0,1,0,1,1,0,-142.08857381545585,531.278635667934,-142.08857381545585,620.0
random-s0-0019,prm,event,0.0,20.0,0.0,1,0,3,3,0,-135.4659701238518,6.584952951440556,-135.4659701238518,1600.000000000001
random-s0-0019,prm,event,0.0,100.0,0.0,1,0,3,2,1,-133.40759237785716,-57.83410955223728,-133.40759237785716,1560.0
random-s0-0019,prm,event,50.0,20.0,0.0,1,0,2,2,0,-131.74702705627206,80.612595163126,-131.74702705627206,1000.0000000000005
random-s0-0019,prm,event,50.0,100.0,0.0,1,0,1,1,0,-142.08857381545585,36.0133426357547,-142.08857381545585,620.0
random-s0-0019,prm,event,150.0,20.0,0.0,1,0,0,0,0,146.7124174409796,348.7946280661463,146.7124174409796,0.0
random-s0-0019,prm,event,150.0,100.0,0.0,1,0,1,1,0,-142.08857381545585,1.0226631025116717,-142.08857381545585,620.0
random-s0-0019,visibility,once,0.0,20.0,0.0,1,0,3,2,1,-142.0885738154558,-93.04853447872333,-142.0885738154558,780.0000000000003
random-s0-0019,visibility,cycle,0.0,20.0,0.0,1,0,1,1,0,-139.98468116503335,15.090407208903173,-139.98468116503335,640.0000000000002
random-s0-0019,visibility,cycle,0.0,100.0,0.0,1,0,2,1,1,-141.6663477989074,-52.17846921576837,-141.6663477989074,680.0
random-s0-0019,visibility,cycle,50.0,20.0,0.0,1,0,2,1,1,-139.85445841519893,-74.91189887967145,-139.85445841519893,680.0000000000002
random-s0-0019,visibility,cycle,50.0,100.0,0.0,1,0,2,1,1,-142.08857381545585,-33.79983566089766,-142.08857381545585,700.0000000000001
random-s0-0019,visibility,cycle,150.0,20.0,0.0,1,0,1,1,0,-139.53621981524176,357.6107095114256,-139.53621981524176,620.0000000000002
random-s0-0019,visibility,cycle,150.0,100.0,0.0,1,0,1,1,0,-142.08857381545585,345.71990728126934,-142.08857381545585,620.0
random-s0-0019,visibility,event,0.0,20.0,0.0,1,0,1,1,0,-139.68574463782238,14.076525892252391,-139.68574463782238,620.0000000000002
random-s0-0019,visibility,event,0.0,100.0,0.0,1,0,2,1,1,-141.6663477989074,-52.17846921576837,-141.6663477989074,680.0
random-s0-0019,visibility,event,50.0,20.0,0.0,1,0,1,1,0,-139.22741324463402,18.86662851486591,-139.22741324463402,620.0000000000002
random-s0-0019,visibility,event,50.0,100.0,0.0,1,0,1,1,0,-142.08857381545585,15.28163862652184,-142.08857381545585,620.0
random-s0-0019,visibility,event,150.0,20.0,0.0,1,0,1,1,0,-138.70516476699254,475.2743400204287,-138.70516476699254,620.0000000000002
random-s0-0019,visibility,event,150.0,100.0,0.0,1,0,1,1,0,-142.08857381545585,425.1440400052877,-142.08857381545585,620.0
random-s0-0020,voronoi,once,0.0,20.0,0.0,1,0,3,1,2,-148.62649039767473,-148.62649039767473,-10.438622962162668,259.99999999999994
random-s0-0020,voronoi,cycle,0.0,20.0,0.0,1,0,0,0,0,39.861660424131145,106.592631288335,39.861660424131145,0.0
random-s0-0020,voronoi,cycle,0.0,100.0,0.0,1,0,0,0,0,36.41044229083525,373.58583764876425,36.41044229083525,0.0
random-s0-0020,voronoi,cycle,50.0,20.0,0.0,1,0,0,0,0,23.904445919502848,292.1727237305444,23.904445919502848,0.0
random-s0-0020,voronoi,cycle,50.0,100.0,0.0,1,0,0,0,0,23.13261418160232,256.774625055056,23.13261418160232,0.0
random-s0-0020,voronoi,cycle,150.0,20.0,0.0,1,0,0,0,0,52.41501003215436,370.7855429295476,52.41501003215436,0.0
random-s0-0020,voronoi,cycle,150.0,100.0,0.0,1,0,0,0,0,75.81737626674254,151.47099398165284,75.81737626674254,0.0
random-s0-0020,voronoi,event,0.0,20.0,0.0,1,0,0,0,0,9.364700505606123,364.3753941895393,9.364700505606123,0.0
random-s0-0020,voronoi,event,0.0,100.0,0.0,1,0,0,0,0,4.796535043207427,361.276939269751,4.796535043207427,0.0
random-s0-0020,voronoi,event,50.0,20.0,0.0,1,0,0,0,0,23.24020745361221,255.97688335999544,23.24020745361221,0.0
random-s0-0020,voronoi,event,50.0,100.0,0.0,1,0,0,0,0,24.32384059692515,256.774625055056,24.32384059692515,0.0
random-s0-0020,voronoi,event,150.0,20.0,0.0,1,0,0,0,0,26.821513816847983,39.05617287804054,26.821513816847983,0.0
random-s0-0020,voronoi,event,150.0,100.0,0.0,1,0,0,0,0,24.827765450289263,229.50386528763664,24.827765450289263,0.0
random-s0-0020,prm,once,0.0,20.0,0.0,1,0,0,0,0,5.975457546368688,5.975457546368688,24.61612844149326,0.0
random-s0-0020,prm,cycle,0.0,20.0,0.0,1,0,1,0,1,-95.92488200850585,-95.92488200850585,24.482050759393783,239.99999999999997
random-s0-0020,prm,cycle,0.0,100.0,0.0,1,0,0,0,0,4.939737699398762,5.975457546368688,4.939737699398762,0.0
random-s0-0020,prm,cycle,50.0,20.0,0.0,1,0,0,0,0,23.327411313510623,294.2993254124719,23.327411313510623,0.0
random-s0-0020,prm,cycle,50.0,100.0,0.0,1,0,1,0,1,-153.84759293593018,-153.84759293593018,23.59258429038616,840.0
random-s0-0020,prm,cycle,150.0,20.0,0.0,1,0,0,0,0,24.606540926356587,337.0083242342847,24.606540926356587,0.0
random-s0-0020,prm,cycle,150.0,100.0,0.0,1,0,0,0,0,25.325608393990223,294.3753097863386,25.325608393990223,0.0
random-s0-0020,prm,event,0.0,20.0,0.0,1,0,0,0,0,12.99453022742466,12.99453022742466,23.510161378370384,0.0
random-s0-0020,prm,event,0.0,100.0,0.0,1,0,0,0,0,4.939737699398762,5.975457546368688,4.939737699398762,0.0
random-s0-0020,prm,event,50.0,20.0,0.0,1,0,0,0,0,23.790841972844703,379.2715242423443,23.790841972844703,0.0
random-s0-0020,prm,event,50.0,100.0,0.0,1,0,0,0,0,23.59258429038616,77.15239437747351,23.59258429038616,0.0
random-s0-0020,prm,event,150.0,20.0,0.0,1,0,0,0,0,24.61612844149326,466.79440846128193,24.61612844149326,0.0
random-s0-0020,prm,event,150.0,100.0,0.0,1,0,0,0,0,25.325608393990223,294.3753097863386,25.325608393990223,0.0
random-s0-0020,visibility,once,0.0,20.0,0.0,1,0,1,0,1,-50.51102886287083,-50.51102886287083,24.03780375216837,140.0
random-s0-0020,visibility,cycle,0.0,20.0,0.0,1,0,1,1,0,-159.61898769409697,155.098653846184,-159.61898769409697,279.99999999999994
random-s0-0020,visibility,cycle,0.0,100.0,0.0,1,0,0,0,0,7.1813355740105465,157.78787154997775,7.1813355740105465,0.0
random-s0-0020,visibility,cycle,50.0,20.0,0.0,1,0,0,0,0,23.01044116671989,239.78660240965155,23.01044116671989,0.0
random-s0-0020,visibility,cycle,50.0,100.0,0.0,1,0,0,0,0,13.014932832002271,120.81411995750796,13.014932832002271,0.0
random-s0-0020,visibility,cycle,150.0,20.0,0.0,1,0,1,1,0,-117.9221879241899,109.23346283066422,-117.9221879241899,319.99999999999994
random-s0-0020,visibility,cycle,150.0,100.0,0.0,1,0,1,1,0,-99.72280010006064,109.23346283066422,-99.72280010006064,299.99999999999983
random-s0-0020,visibility,event,0.0,20.0,0.0,1,0,1,1,0,-167.2235845074541,157.78787154997775,-167.2235845074541,259.99999999999994
random-s0-0020,visibility,event,0.0,100.0,0.0,1,0,0,0,0,23.34143132132263,157.78787154997775,23.34143132132263,0.0
random-s0-0020,visibility,event,50.0,20.0,0.0,1,0,1,1,0,-174.69910746307517,239.78660240965155,-174.69910746307517,320.0
random-s0-0020,visibility,event,50.0,100.0,0.0,1,0,0,0,0,14.705117217307787,120.81411995750796,14.705117217307787,0.0
random-s0-0020,visibility,event,150.0,20.0,0.0,1,0,1,1,0,-158.8993887178114,109.23346283066422,-158.8993887178114,360.0
random-s0-0020,visibility,event,150.0,100.0,0.0,1,0,1,1,0,-102.54617898877989,109.23346283066422,-102.54617898877989,319.99999999999983
random-s0-0021,voronoi,once,0.0,20.0,0.0,1,0,2,2,0,-177.1092750116747,143.8301296519321,-177.1092750116747,1560.000000000001
random-s0-0021,voronoi,cycle,0.0,20.0,0.0,1,0,0,0,0,36.10704694470746,68.02920205437326,36.10704694470746,0.0
random-s0-0021,voronoi,cycle,0.0,100.0,0.0,1,0,2,1,1,-110.37956777988953,-110.37956777988953,-17.506907558376838,379.9999999999997
random-s0-0021,voronoi,cycle,50.0,20.0,0.0,1,0,0,0,0,70.0878566195046,168.81127753854162,70.0878566195046,0.0
random-s0-0021,voronoi,cycle,50.0,100.0,0.0,1,0,0,0,0,89.02982305084294,168.06247178259304,89.02982305084294,0.0
random-s0-0021,voronoi,cycle,150.0,20.0,0.0,1,0,0,0,0,106.3150336641162,168.4776998038467,106.3150336641162,0.0
random-s0-0021,voronoi,cycle,150.0,100.0,0.0,1,0,0,0,0,20.96088752322584,158.43307734511922,20.96088752322584,0.0
random-s0-0021,voronoi,event,0.0,20.0,0.0,1,0,0,0,0,29.10368206844413,68.49105592224308,29.10368206844413,0.0
random-s0-0021,voronoi,event,0.0,100.0,0.0,1,0,2,1,1,-110.37956777988953,-110.37956777988953,-22.327165411323136,379.9999999999997
random-s0-0021,voronoi,event,50.0,20.0,0.0,1,0,0,0,0,89.003142654979,123.84680982016648,89.003142654979,0.0
random-s0-0021,voronoi,event,50.0,100.0,0.0,1,0,0,0,0,19.74677876073082,91.4168587983055,19.74677876073082,0.0
random-s0-0021,voronoi,event,150.0,20.0,0.0,1,0,0,0,0,19.74677876073079,64.15338784236022,19.74677876073079,0.0
random-s0-0021,voronoi,event,150.0,100.0,0.0,1,0,0,0,0,19.74677876073082,127.00056336747348,19.74677876073082,0.0
random-s0-0021,prm,once,0.0,20.0,0.0,1,0,1,1,0,-177.1092750116747,143.8301296519321,-177.1092750116747,620.0000000000002
random-s0-0021,prm,cycle,0.0,20.0,0.0,1,0,1,0,1,-43.86986846435494,-43.86986846435494,2.1021552826221352,279.99999999999994
random-s0-0021,prm,cycle,0.0,100.0,0.0,1,0,1,0,1,-61.959787950419766,-61.959787950419766,44.23162970865914,340.0
random-s0-0021,prm,cycle,50.0,20.0,0.0,1,0,1,0,1,-12.616299252067192,-12.616299252067192,85.19347920698885,160.0
random-s0-0021,prm,cycle,50.0,100.0,0.0,1,0,1,0,1,-19.30366991140804,-19.30366991140804,44.23162970865914,200.0
random-s0-0021,prm,cycle,150.0,20.0,0.0,1,0,0,0,0,10.42832689070238,10.42832689070238,19.74677876073079,0.0
random-s0-0021,prm,cycle,150.0,100.0,0.0,1,0,0,0,0,19.74677876073082,38.5597892403637,19.74677876073082,0.0
random-s0-0021,prm,event,0.0,20.0,0.0,1,0,1,0,1,-43.86986846435494,-43.86986846435494,2.1021552826221352,279.99999999999994
random-s0-0021,prm,event,0.0,100.0,0.0,1,0,1,0,1,-61.959787950419766,-61.959787950419766,44.23162970865914,340.0
random-s0-0021,prm,event,50.0,20.0,0.0,1,0,1,0,1,-12.616299252067192,-12.616299252067192,85.19347920698885,160.0
random-s0-0021,prm,event,50.0,100.0,0.0,1,0,1,0,1,-19.30366991140804,-19.30366991140804,44.23162970865914,200.0
random-s0-0021,prm,event,150.0,20.0,0.0,1,0,1,1,0,-170.50555918651085,133.9193834221902,-170.50555918651085,380.00000000000006
random-s0-0021,prm,event,150.0,100.0,0.0,1,0,1,1,0,-36.52733869048868,158.90972072066074,-36.52733869048868,240.0
random-s0-0021,visibility,once,0.0,20.0,0.0,1,0,1,1,0,-177.1092750116747,143.8301296519321,-177.1092750116747,620.0000000000002
random-s0-0021,visibility,cycle,0.0,20.0,0.0,1,0,1,1,0,-172.09258560026214,136.47742272458595,-172.09258560026214,460.0000000000001
random-s0-0021,visibility,cycle,0.0,100.0,0.0,1,0,1,1,0,-175.57612785124542,137.9784559173143,-175.57612785124542,480.0
random-s0-0021,visibility,cycle,50.0,20.0,0.0,1,0,1,1,0,-172.25768142266708,136.16297101011094,-172.25768142266708,500.0000000000001
random-s0-0021,visibility,cycle,50.0,100.0,0.0,1,0,1,1,0,-173.64682253312392,135.79905220216898,-173.64682253312392,520.0000000000001
random-s0-0021,visibility,cycle,150.0,20.0,0.0,1,0,1,1,0,-170.66034533133768,132.9426491656278,-170.66034533133768,460.0000000000001
random-s0-0021,visibility,cycle,150.0,100.0,0.0,1,0,1,1,0,-173.01187946664723,134.400126930611,-173.01187946664723,460.0000000000001
random-s0-0021,visibility,event,0.0,20.0,0.0,1,0,1,1,0,-173.29352744322813,142.56094164206127,-173.29352744322813,480.00000000000017
random-s0-0021,visibility,event,0.0,100.0,0.0,1,0,1,1,0,-175.57612785124542,137.9784559173143,-175.57612785124542,480.0
random-s0-0021,visibility,event,50.0,20.0,0.0,1,0,1,1,0,-169.04214844359117,143.16377065423472,-169.04214844359117,500.0000000000001
random-s0-0021,visibility,event,50.0,100.0,0.0,1,0,1,1,0,-173.56103658323025,141.01976800750015,-173.56103658323025,500.0000000000001
random-s0-0021,visibility,event,150.0,20.0,0.0,1,0,1,1,0,-162.9006393145151,139.91189910319963,-162.9006393145151,420.0000000000001
random-s0-0021,visibility,event,150.0,100.0,0.0,1,0,1,1,0,-172.59009678248626,137.22355491809702,-172.59009678248626,460.0000000000001
random-s0-0022,voronoi,once,0.0,20.0,0.0,1,0,2,0,2,-5.38436272713659,-5.38436272713659,138.49095748545216,60.0
random-s0-0022,voronoi,cycle,0.0,20.0,0.0,1,0,0,0,0,2.744383969094457,2.744383969094457,30.625794675307677,0.0
random-s0-0022,voronoi,cycle,0.0,100.0,0.0,1,0,1,1,0,-117.16795985211895,28.69551172397297,-117.16795985211895,140.0
random-s0-0022,voronoi,cycle,50.0,20.0,0.0,1,0,0,0,0,10.809365830388115,10.809365830388115,68.46319197605408,0.0
random-s0-0022,voronoi,cycle,50.0,100.0,0.0,1,0,1,1,0,-60.48685485774382,39.66629889798401,-60.48685485774382,60.0
random-s0-0022,voronoi,cycle,150.0,20.0,0.0,1,0,1,1,0,-130.67740274359173,117.60848332005476,-130.67740274359173,340.0
random-s0-0022,voronoi,cycle,150.0,100.0,0.0,1,0,1,1,0,-136.40720097993335,95.97076314324391,-136.40720097993335,360.00000000000006
random-s0-0022,voronoi,event,0.0,20.0,0.0,1,0,1,1,0,-122.80998740179658,1.3177830757643392,-122.80998740179658,360.00000000000006
random-s0-0022,voronoi,event,0.0,100.0,0.0,1,0,1,1,0,-122.8099874017966,22.573050447036053,-122.8099874017966,360.00000000000006
random-s0-0022,voronoi,event,50.0,20.0,0.0,1,0,1,1,0,-125.00728028757555,2.135706687230112,-125.00728028757555,140.0
random-s0-0022,voronoi,event,50.0,100.0,0.0,1,0,1,1,0,-122.8099874017966,9.86742715958971,-122.8099874017966,360.00000000000006
random-s0-0022,voronoi,event,150.0,20.0,0.0,1,0,1,1,0,-138.96300679064694,63.43081216291776,-138.96300679064694,360.00000000000006
random-s0-0022,voronoi,event,150.0,100.0,0.0,1,0,1,1,0,-135.80699172042227,81.88751369655671,-135.80699172042227,360.00000000000006
random-s0-0022,prm,once,0.0,20.0,0.0,1,0,2,0,2,-5.38436272713659,-5.38436272713659,138.49095748545216,60.0
random-s0-0022,prm,cycle,0.0,20.0,0.0,1,0,0,0,0,56.64039911171426,56.64039911171426,86.9759649880528,0.0
random-s0-0022,prm,cycle,0.0,100.0,0.0,1,0,0,0,0,15.089578433997076,15.089578433997076,109.13194788130158,0.0
random-s0-0022,prm,cycle,50.0,20.0,0.0,1,0,0,0,0,138.49095748545216,179.80633807513289,138.49095748545216,0.0
random-s0-0022,prm,cycle,50.0,100.0,0.0,1,0,0,0,0,138.49095748545216,168.134791639666,138.49095748545216,0.0
random-s0-0022,prm,cycle,150.0,20.0,0.0,1,0,2,2,0,-37.91555793969695,181.8985252759373,-37.91555793969695,259.9999999999999
random-s0-0022,prm,cycle,150.0,100.0,0.0,1,0,2,2,0,-122.8099874017966,89.17386621318133,-122.8099874017966,540.0000000000001
random-s0-0022,prm,event,0.0,20.0,0.0,1,0,0,0,0,138.49095748545216,171.0812544266625,138.49095748545216,0.0
random-s0-0022,prm,event,0.0,100.0,0.0,1,0,0,0,0,47.800886086940295,47.800886086940295,138.49095748545216,0.0
random-s0-0022,prm,event,50.0,20.0,0.0,1,0,0,0,0,11.89030080346066,167.95958637652774,11.89030080346066,0.0
random-s0-0022,prm,event,50.0,100.0,0.0,1,0,0,0,0,87.51327501844139,201.076978165537,87.51327501844139,0.0
random-s0-0022,prm,event,150.0,20.0,0.0,1,0,2,2,0,-121.6707464418582,175.5276715892196,-121.6707464418582,600.0000000000002
random-s0-0022,prm,event,150.0,100.0,0.0,1,0,2,2,0,-122.8099874017966,186.3611172448783,-122.8099874017966,600.0000000000002
random-s0-0022,visibility,once,0.0,20.0,0.0,1,0,2,0,2,-5.38436272713659,-5.38436272713659,138.49095748545216,60.0
random-s0-0022,visibility,cycle,0.0,20.0,0.0,1,0,0,0,0,44.292784788794734,44.292784788794734,138.49095748545216,0.0
random-s0-0022,visibility,cycle,0.0,100.0,0.0,1,0,0,0,0,73.52971863872625,73.52971863872625,138.49095748545216,0.0
random-s0-0022,visibility,cycle,50.0,20.0,0.0,1,0,0,0,0,78.38232902686053,78.38232902686053,138.49095748545216,0.0
random-s0-0022,visibility,cycle,50.0,100.0,0.0,1,0,0,0,0,71.42698480243794,71.42698480243794,138.49095748545216,0.0
random-s0-0022,visibility,cycle,150.0,20.0,0.0,1,0,1,1,0,-37.91555793969695,117.30908679054016,-37.91555793969695,239.99999999999991
random-s0-0022,visibility,cycle,150.0,100.0,0.0,1,0,1,1,0,-37.91555793969695,115.55896099194456,-37.91555793969695,239.99999999999997
random-s0-0022,visibility,event,0.0,20.0,0.0,1,0,0,0,0,34.186410026657114,34.186410026657114,138.49095748545216,0.0
random-s0-0022,visibility,event,0.0,100.0,0.0,1,0,0,0,0,42.84564915518803,42.84564915518803,138.49095748545216,0.0
random-s0-0022,visibility,event,50.0,20.0,0.0,1,0,0,0,0,119.27412968550698,119.27412968550698,138.49095748545216,0.0
random-s0-0022,visibility,event,50.0,100.0,0.0,1,0,2,1,1,-161.49800666428695,-161.49800666428695,-122.8099874017966,620.0
random-s0-0022,visibility,event,150.0,20.0,0.0,1,0,2,2,0,-92.08782142262828,124.87679933584955,-92.08782142262828,339.99999999999994
random-s0-0022,visibility,event,150.0,100.0,0.0,1,0,2,2,0,-122.8099874017966,112.66573352077916,-122.8099874017966,580.0000000000002
random-s0-0023,voronoi,once,0.0,20.0,0.0,1,0,4,4,0,-109.61297565807617,95.5157839860463,-109.61297565807617,780.0000000000003
random-s0-0023,voronoi,cycle,0.0,20.0,0.0,1,0,0,0,0,8.193844531231207,342.47988259645865,8.193844531231207,0.0
random-s0-0023,voronoi,cycle,0.0,100.0,0.0,1,0,2,2,0,-34.740105493374784,343.1795542292425,-34.740105493374784,180.0
random-s0-0023,voronoi,cycle,50.0,20.0,0.0,1,0,0,0,0,37.479643753304174,484.717574537785,37.479643753304174,0.0
random-s0-0023,voronoi,cycle,50.0,100.0,0.0,1,0,0,0,0,59.96912075193546,469.571718699394,59.96912075193546,0.0
random-s0-0023,voronoi,cycle,150.0,20.0,0.0,1,0,0,0,0,105.56525960997044,381.8700713150738,105.56525960997044,0.0
random-s0-0023,voronoi,cycle,150.0,100.0,0.0,1,0,0,0,0,139.0934339707116,516.0052687031998,139.0934339707116,0.0
random-s0-0023,voronoi,event,0.0,20.0,0.0,1,0,1,1,0,-21.38558268212222,340.85484960082,-21.38558268212222,220.0
random-s0-0023,voronoi,event,0.0,100.0,0.0,1,0,2,2,0,-34.740105493374784,343.1795542292425,-34.740105493374784,200.0
random-s0-0023,voronoi,event,50.0,20.0,0.0,1,0,1,1,0,-24.943841897267617,403.0275291283739,-24.943841897267617,219.99999999999983
random-s0-0023,voronoi,event,50.0,100.0,0.0,1,0,1,1,0,-84.93395166712303,286.73215610753164,-84.93395166712303,420.0
random-s0-0023,voronoi,event,150.0,20.0,0.0,1,0,0,0,0,82.61368039677717,339.39692078227347,82.61368039677717,0.0
random-s0-0023,voronoi,event,150.0,100.0,0.0,1,0,0,0,0,116.25831461086705,270.4458361278813,116.25831461086705,0.0
random-s0-0023,prm,once,0.0,20.0,0.0,1,0,3,3,0,-109.61297565807617,95.5157839860463,-109.61297565807617,760.0000000000003
random-s0-0023,prm,cycle,0.0,20.0,0.0,1,0,1,1,0,-10.072556978516673,146.79694799930212,-10.072556978516673,60.0
random-s0-0023,prm,cycle,0.0,100.0,0.0,1,0,1,1,0,-103.79906278363204,4.725394354402567,-103.79906278363204,60.0
random-s0-0023,prm,cycle,50.0,20.0,0.0,1,0,0,0,0,68.14262872899909,390.4526333617056,68.14262872899909,0.0
random-s0-0023,prm,cycle,50.0,100.0,0.0,1,0,0,0,0,10.176244172088047,10.176244172088047,66.70585775183716,0.0
random-s0-0023,prm,cycle,150.0,20.0,0.0,1,0,1,1,0,-109.61297565807617,676.9064256396867,-109.61297565807617,320.0
random-s0-0023,prm,cycle,150.0,100.0,0.0,1,0,1,1,0,-102.76079965514216,535.3237266045967,-102.76079965514216,320.0
random-s0-0023,prm,event,0.0,20.0,0.0,1,0,0,0,0,10.64131132790834,146.79694799930212,10.64131132790834,0.0
random-s0-0023,prm,event,0.0,100.0,0.0,1,0,1,1,0,-103.79906278363204,4.725394354402567,-103.79906278363204,60.0
random-s0-0023,prm,event,50.0,20.0,0.0,1,0,0,0,0,68.14262872899909,313.78005957800315,68.14262872899909,0.0
random-s0-0023,prm,event,50.0,100.0,0.0,1,0,0,0,0,10.176244172088047,10.176244172088047,66.70585775183716,0.0
random-s0-0023,prm,event,150.0,20.0,0.0,1,0,2,2,0,-109.61297565807617,184.6362203592745,-109.61297565807617,699.9999999999981
random-s0-0023,prm,event,150.0,100.0,0.0,1,0,2,2,0,-102.76079965514216,150.77140025898052,-102.76079965514216,440.0000000000001
random-s0-0023,visibility,once,0.0,20.0,0.0,1,0,3,3,0,-109.61297565807617,95.5157839860463,-109.61297565807617,580.0000000000002
random-s0-0023,visibility,cycle,0.0,20.0,0.0,1,0,1,1,0,-90.06626817001343,248.6098200971981,-90.06626817001343,380.00000000000006
random-s0-0023,visibility,cycle,0.0,100.0,0.0,1,0,2,2,0,-103.79906278363204,280.8535597818465,-103.79906278363204,440.0000000000001
random-s0-0023,visibility,cycle,50.0,20.0,0.0,1,0,1,1,0,-63.21179368900526,410.3217025037345,-63.21179368900526,340.0
random-s0-0023,visibility,cycle,50.0,100.0,0.0,1,0,1,1,0,-72.30397885283077,375.71312160277455,-72.30397885283077,360.00000000000006
random-s0-0023,visibility,cycle,150.0,20.0,0.0,1,0,1,1,0,-109.61297565807617,540.0772924485564,-109.61297565807617,320.0
random-s0-0023,visibility,cycle,150.0,100.0,0.0,1,0,1,1,0,-113.63375316518572,357.3561190949223,-113.63375316518572,320.0
random-s0-0023,visibility,event,0.0,20.0,0.0,1,0,1,1,0,-90.71635905891364,248.6098200971981,-90.71635905891364,380.00000000000006
random-s0-0023,visibility,event,0.0,100.0,0.0,1,0,2,2,0,-103.79906278363204,280.8535597818465,-103.79906278363204,440.0000000000001
random-s0-0023,visibility,event,50.0,20.0,0.0,1,0,1,1,0,-64.3557590191824,430.0242094019694,-64.3557590191824,340.0
random-s0-0023,visibility,event,50.0,100.0,0.0,1,0,1,1,0,-72.30397885283077,417.3336409557664,-72.30397885283077,360.00000000000006
random-s0-0023,visibility,event,150.0,20.0,0.0,1,0,2,2,0,-109.61297565807617,69.61330186567477,-109.61297565807617,320.0
random-s0-0023,visibility,event,150.0,100.0,0.0,1,0,3,2,1,-113.63375316518572,-64.81001477887312,-113.63375316518572,1099.9999999999998
random-s0-0024,voronoi,once,0.0,20.0,0.0,1,0,5,4,1,-171.13330578782663,-167.49179066308466,-171.13330578782663,3240.0000000000023
random-s0-0024,voronoi,cycle,0.0,20.0,0.0,1,0,10,5,5,-140.39333961952818,-8.254911423780726,-140.39333961952818,2199.999999999991
random-s0-0024,voronoi,cycle,0.0,100.0,0.0,1,0,4,2,2,-149.21577613405964,-39.916603301155504,-149.21577613405964,720.0000000000002
random-s0-0024,voronoi,cycle,50.0,20.0,0.0,1,0,0,0,0,45.3986101084686,132.53271702181587,45.3986101084686,0.0
random-s0-0024,voronoi,cycle,50.0,100.0,0.0,1,0,2,2,0,-162.32023259810177,72.08749227524333,-162.32023259810177,540.0000000000001
random-s0-0024,voronoi,cycle,150.0,20.0,0.0,1,0,3,3,0,-167.6864154350872,67.31441932544766,-167.6864154350872,1799.9999999999616
random-s0-0024,voronoi,cycle,150.0,100.0,0.0,1,0,3,3,0,-166.7688934714086,29.756532797917917,-166.7688934714086,1820.000000000001
random-s0-0024,voronoi,event,0.0,20.0,0.0,1,0,9,3,6,-149.49566198730497,-11.644052541406836,-149.49566198730497,1399.9999999999727
random-s0-0024,voronoi,event,0.0,100.0,0.0,1,0,4,2,2,-153.4479829928579,-39.916603301155504,-153.4479829928579,880.0000000000003
random-s0-0024,voronoi,event,50.0,20.0,0.0,1,0,3,3,0,-165.62434482502968,132.53271702181587,-165.62434482502968,979.9999999999792
random-s0-0024,voronoi,event,50.0,100.0,0.0,1,0,3,3,0,-170.21783408551082,36.21558819717672,-170.21783408551082,2040.0000000000011
random-s0-0024,voronoi,event,150.0,20.0,0.0,1,0,3,3,0,-167.88896275744713,115.01147447147554,-167.88896275744713,999.9999999999786
random-s0-0024,voronoi,event,150.0,100.0,0.0,1,0,3,3,0,-159.53336892568893,29.756532797917917,-159.53336892568893,1540.000000000001
random-s0-0024,prm,once,0.0,20.0,0.0,1,0,4,3,1,-167.49179066308466,-167.49179066308466,-132.65597468456556,1400.000000000001
random-s0-0024,prm,cycle,0.0,20.0,0.0,1,0,1,0,1,-167.49179066308466,-167.49179066308466,9.245440725729368,580.0000000000002
random-s0-0024,prm,cycle,0.0,100.0,0.0,1,0,1,0,1,-167.49179066308514,-167.49179066308514,13.25272705812324,579.9999999999998
random-s0-0024,prm,cycle,50.0,20.0,0.0,1,0,1,0,1,-167.49179066308466,-167.49179066308466,29.92261918254505,580.0000000000002
random-s0-0024,prm,cycle,50.0,100.0,0.0,1,0,2,1,1,-167.49179066308514,-167.49179066308514,-27.661630173934924,820.0
random-s0-0024,prm,cycle,150.0,20.0,0.0,1,0,3,2,1,-159.82750012914582,-104.22895849276787,-159.82750012914582,719.9999999999868
random-s0-0024,prm,cycle,150.0,100.0,0.0,1,0,4,3,1,-140.66472454393087,-104.22895849276787,-140.66472454393087,700.0000000000003
random-s0-0024,prm,event,0.0,20.0,0.0,1,0,2,1,1,-167.49179066308466,-167.49179066308466,-25.27299032309256,640.0000000000002
random-s0-0024,prm,event,0.0,100.0,0.0,1,0,1,0,1,-167.49179066308514,-167.49179066308514,13.25272705812324,579.9999999999998
random-s0-0024,prm,event,50.0,20.0,0.0,1,0,1,0,1,-167.49179066308466,-167.49179066308466,29.92261918254505,580.0000000000002
random-s0-0024,prm,event,50.0,100.0,0.0,1,0,2,1,1,-167.49179066308514,-167.49179066308514,-96.99498069983946,900.0
random-s0-0024,prm,event,150.0,20.0,0.0,1,0,4,3,1,-160.15405105266916,-104.22895849276787,-160.15405105266916,1499.9999999999702
random-s0-0024,prm,event,150.0,100.0,0.0,1,0,4,3,1,-159.0799615548082,-104.22895849276787,-159.0799615548082,1560.000000000001
random-s0-0024,visibility,once,0.0,20.0,0.0,1,0,3,2,1,-167.49179066308466,-167.49179066308466,-132.65597468456556,1220.000000000001
random-s0-0024,visibility,cycle,0.0,20.0,0.0,1,0,3,2,1,-167.49179066308466,-167.49179066308466,-89.80289831993166,939.9999999999968
random-s0-0024,visibility,cycle,0.0,100.0,0.0,1,0,3,2,1,-167.49179066308514,-167.49179066308514,-120.99051096946523,1280.0000000000002
random-s0-0024,visibility,cycle,50.0,20.0,0.0,1,0,1,0,1,-167.49179066308466,-167.49179066308466,25.422248301282195,580.0000000000002
random-s0-0024,visibility,cycle,50.0,100.0,0.0,1,0,1,0,1,-167.49179066308514,-167.49179066308514,23.6579125152158,579.9999999999998
random-s0-0024,visibility,cycle,150.0,20.0,0.0,1,0,1,0,1,-166.26175134824464,-166.26175134824464,73.11808809731511,580.0000000000002
random-s0-0024,visibility,cycle,150.0,100.0,0.0,1,0,1,0,1,-166.26175134824504,-166.26175134824504,33.411299590200315,579.9999999999998
random-s0-0024,visibility,event,0.0,20.0,0.0,1,0,1,0,1,-167.49179066308466,-167.49179066308466,6.509835603257585,580.0000000000002
random-s0-0024,visibility,event,0.0,100.0,0.0,1,0,1,0,1,-167.49179066308514,-167.49179066308514,66.72300685275604,579.9999999999998
random-s0-0024,visibility,event,50.0,20.0,0.0,1,0,1,0,1,-167.49179066308466,-167.49179066308466,26.30622467915029,580.0000000000002
random-s0-0024,visibility,event,50.0,100.0,0.0,1,0,1,0,1,-167.49179066308514,-167.49179066308514,24.52563959100428,579.9999999999998
random-s0-0024,visibility,event,150.0,20.0,0.0,1,0,1,0,1,-166.26175134824464,-166.26175134824464,104.66263366702007,580.0000000000002
random-s0-0024,visibility,event,150.0,100.0,0.0,1,0,1,0,1,-166.26175134824504,-166.26175134824504,102.55160448837034,579.9999999999998
random-s0-0025,voronoi,once,0.0,20.0,0.0,1,0,4,3,1,-130.78249540805277,-130.78249540805277,-87.50323969913823,660.0000000000002
random-s0-0025,voronoi,cycle,0.0,20.0,0.0,1,0,4,0,4,-17.962261747060836,-17.962261747060836,1.4912695636002695,80.0
random-s0-0025,voronoi,cycle,0.0,100.0,0.0,1,0,2,0,2,-72.62458478896508,-72.62458478896508,5.330297050985337,159.99999999999991
random-s0-0025,voronoi,cycle,50.0,20.0,0.0,1,0,0,0,0,23.645142194284745,141.5255323765171,23.645142194284745,0.0
random-s0-0025,voronoi,cycle,50.0,100.0,0.0,1,0,0,0,0,14.22355233423474,107.66330723814356,14.22355233423474,0.0
random-s0-0025,voronoi,cycle,150.0,20.0,0.0,1,0,0,0,0,64.06232556839868,346.5282675526105,64.06232556839868,0.0
random-s0-0025,voronoi,cycle,150.0,100.0,0.0,1,0,0,0,0,33.97512768526792,279.1610771352498,33.97512768526792,0.0
random-s0-0025,voronoi,event,0.0,20.0,0.0,1,0,1,0,1,-17.962261747060836,-17.962261747060836,24.49666025089323,20.0
random-s0-0025,voronoi,event,0.0,100.0,0.0,1,0,2,0,2,-79.82358722705233,-79.82358722705233,84.44662890985302,299.9999999999997
random-s0-0025,voronoi,event,50.0,20.0,0.0,1,0,0,0,0,13.008267981944556,13.008267981944556,24.22882628416869,0.0
random-s0-0025,voronoi,event,50.0,100.0,0.0,1,0,0,0,0,53.63672350389331,177.99567434320824,53.63672350389331,0.0
random-s0-0025,voronoi,event,150.0,20.0,0.0,1,0,1,1,0,-28.268336609790424,338.56893203073025,-28.268336609790424,179.99999999999616
random-s0-0025,voronoi,event,150.0,100.0,0.0,1,0,0,0,0,53.72328479887327,149.8040134407094,53.72328479887327,0.0
random-s0-0025,prm,once,0.0,20.0,0.0,1,0,3,1,2,-130.78249540805277,-130.78249540805277,-21.75944480981562,420.0000000000001
random-s0-0025,prm,cycle,0.0,20.0,0.0,1,0,2,1,1,-41.43375945090855,-41.43375945090855,-16.182515798756754,160.0
random-s0-0025,prm,cycle,0.0,100.0,0.0,1,0,1,0,1,-16.428432823881707,-16.428432823881707,21.985502712817063,39.99999999999991
random-s0-0025,prm,cycle,50.0,20.0,0.0,1,0,0,0,0,22.374777550249604,38.789359924573006,22.374777550249604,0.0
random-s0-0025,prm,cycle,50.0,100.0,0.0,1,0,1,1,0,-20.914760667833463,135.4620111262327,-20.914760667833463,79.99999999999979
random-s0-0025,prm,cycle,150.0,20.0,0.0,1,0,0,0,0,57.92916629253324,103.42487747436276,57.92916629253324,0.0
random-s0-0025,prm,cycle,150.0,100.0,0.0,1,0,0,0,0,84.5165288898931,121.59983628006135,84.5165288898931,0.0
random-s0-0025,prm,event,0.0,20.0,0.0,1,0,1,0,1,-2.144881693252671,-2.144881693252671,13.111288478845324,20.0
random-s0-0025,prm,event,0.0,100.0,0.0,1,0,1,0,1,-76.16336070300322,-76.16336070300322,5.819962035974669,59.99999999999991
random-s0-0025,prm,event,50.0,20.0,0.0,1,0,0,0,0,22.374777550249604,98.44038619390908,22.374777550249604,0.0
random-s0-0025,prm,event,50.0,100.0,0.0,1,0,0,0,0,31.476825501282207,135.4620111262327,31.476825501282207,0.0
random-s0-0025,prm,event,150.0,20.0,0.0,1,0,1,1,0,-28.451363854647752,16.29073704684845,-28.451363854647752,179.99999999999616
random-s0-0025,prm,event,150.0,100.0,0.0,1,0,3,3,0,-116.56287005406742,114.51482667317008,-116.56287005406742,820.0000000000003
random-s0-0025,visibility,once,0.0,20.0,0.0,1,0,5,2,3,-145.06894691329745,-130.78249540805277,-145.06894691329745,480.00000000000017
random-s0-0025,visibility,cycle,0.0,20.0,0.0,1,0,3,2,1,-139.83627592930063,-139.83627592930063,-21.88144211903605,639.9999999999972
random-s0-0025,visibility,cycle,0.0,100.0,0.0,1,0,5,2,3,-125.28815004267322,-125.28815004267322,-81.45791178833117,900.0
random-s0-0025,visibility,cycle,50.0,20.0,0.0,1,0,1,1,0,-26.967192420967848,74.23688947377033,-26.967192420967848,180.0
random-s0-0025,visibility,cycle,50.0,100.0,0.0,1,0,2,2,0,-23.87120780190577,42.76116614234189,-23.87120780190577,200.0
random-s0-0025,visibility,cycle,150.0,20.0,0.0,1,0,0,0,0,17.488585202053372,17.488585202053372,42.19659529367837,0.0
random-s0-0025,visibility,cycle,150.0,100.0,0.0,1,0,0,0,0,5.865785963384923,5.865785963384923,36.43438310211249,0.0
random-s0-0025,visibility,event,0.0,20.0,0.0,1,0,3,3,0,-76.70068110037664,7.993096891846619,-76.70068110037664,699.9999999999972
random-s0-0025,visibility,event,0.0,100.0,0.0,1,0,4,3,1,-102.4822060753322,-102.4822060753322,-76.91324852799283,1060.0
random-s0-0025,visibility,event,50.0,20.0,0.0,1,0,2,1,1,-23.46801329148454,-13.115581594999329,-23.46801329148454,159.99999999999744
random-s0-0025,visibility,event,50.0,100.0,0.0,1,0,2,1,1,-23.623585795747545,-20.158060036799696,-23.623585795747545,199.9999999999999
random-s0-0025,visibility,event,150.0,20.0,0.0,1,0,0,0,0,44.5605642956709,52.21651167468218,44.5605642956709,0.0
random-s0-0025,visibility,event,150.0,100.0,0.0,1,0,2,2,0,-49.139789789154605,22.34509910385711,-49.139789789154605,319.9999999999998
random-s0-0026,voronoi,once,0.0,20.0,0.0,1,0,1,1,0,-105.85316434946714,13.583946087688446,-105.85316434946714,380.00000000000006
random-s0-0026,voronoi,cycle,0.0,20.0,0.0,1,0,1,1,0,-105.85316434946714,56.06459621847873,-105.85316434946714,360.00000000000006
random-s0-0026,voronoi,cycle,0.0,100.0,0.0,1,0,1,1,0,-105.85316434946716,20.342419059042385,-105.85316434946716,380.00000000000006
random-s0-0026,voronoi,cycle,50.0,20.0,0.0,1,0,1,1,0,-105.85316434946714,132.78211265991547,-105.85316434946714,380.00000000000006
random-s0-0026,voronoi,cycle,50.0,100.0,0.0,1,0,1,1,0,-105.85316434946716,132.78211265991547,-105.85316434946716,380.00000000000006
random-s0-0026,voronoi,cycle,150.0,20.0,0.0,1,0,0,0,0,86.14401092487412,132.78211265991547,86.14401092487412,0.0
random-s0-0026,voronoi,cycle,150.0,100.0,0.0,1,0,0,0,0,40.43172709163832,40.43172709163832,58.37715698647708,0.0
random-s0-0026,voronoi,event,0.0,20.0,0.0,1,0,1,1,0,-105.85316434946714,56.06459621847873,-105.85316434946714,380.00000000000006
random-s0-0026,voronoi,event,0.0,100.0,0.0,1,0,1,1,0,-105.85316434946716,20.342419059042385,-105.85316434946716,380.00000000000006
random-s0-0026,voronoi,event,50.0,20.0,0.0,1,0,1,1,0,-105.85316434946714,132.78211265991547,-105.85316434946714,380.00000000000006
random-s0-0026,voronoi,event,50.0,100.0,0.0,1,0,1,1,0,-105.85316434946716,132.78211265991547,-105.85316434946716,380.00000000000006
random-s0-0026,voronoi,event,150.0,20.0,0.0,1,0,0,0,0,86.14401092487412,132.78211265991547,86.14401092487412,0.0
random-s0-0026,voronoi,event,150.0,100.0,0.0,1,0,0,0,0,58.37715698647708,132.78211265991547,58.37715698647708,0.0
random-s0-0026,prm,once,0.0,20.0,0.0,1,0,1,1,0,-105.85316434946714,13.583946087688446,-105.85316434946714,380.00000000000006
random-s0-0026,prm,cycle,0.0,20.0,0.0,1,0,1,1,0,-105.85316434946714,60.02682300113349,-105.85316434946714,340.0
random-s0-0026,prm,cycle,0.0,100.0,0.0,1,0,1,1,0,-105.85316434946716,20.342419059042385,-105.85316434946716,380.00000000000006
random-s0-0026,prm,cycle,50.0,20.0,0.0,1,0,1,1,0,-105.85316434946714,132.78211265991547,-105.85316434946714,380.00000000000006
random-s0-0026,prm,cycle,50.0,100.0,0.0,1,0,1,1,0,-105.85316434946716,132.78211265991547,-105.85316434946716,380.00000000000006
random-s0-0026,prm,cycle,150.0,20.0,0.0,1,0,1,1,0,-104.27545699247118,132.78211265991547,-104.27545699247118,360.00000000000006
random-s0-0026,prm,cycle,150.0,100.0,0.0,1,0,1,1,0,-105.5820758169376,132.78211265991547,-105.5820758169376,380.00000000000006
random-s0-0026,prm,event,0.0,20.0,0.0,1,0,2,1,1,-105.85316434946714,-30.8945676472579,-105.85316434946714,460.0000000000001
random-s0-0026,prm,event,0.0,100.0,0.0,1,0,1,1,0,-105.85316434946716,20.342419059042385,-105.85316434946716,380.00000000000006
random-s0-0026,prm,event,50.0,20.0,0.0,1,0,1,1,0,-105.85316434946714,132.78211265991547,-105.85316434946714,380.00000000000006
random-s0-0026,prm,event,50.0,100.0,0.0,1,0,1,1,0,-105.85316434946716,132.78211265991547,-105.85316434946716,380.00000000000006
random-s0-0026,prm,event,150.0,20.0,0.0,1,0,1,1,0,-82.82657973874751,54.02989231556697,-82.82657973874751,259.99999999999994
random-s0-0026,prm,event,150.0,100.0,0.0,1,0,1,1,0,-105.5820758169376,132.78211265991547,-105.5820758169376,380.00000000000006
random-s0-0026,visibility,once,0.0,20.0,0.0,1,0,2,1,1,-105.85316434946714,-38.580408526268855,-105.85316434946714,420.0000000000001
random-s0-0026,visibility,cycle,0.0,20.0,0.0,1,0,2,2,0,-166.7410541123736,20.3424190590423,-166.7410541123736,740.0000000000003
random-s0-0026,visibility,cycle,0.0,100.0,0.0,1,0,2,2,0,-167.75176885917438,20.342419059042385,-167.75176885917438,740.0000000000003
random-s0-0026,visibility,cycle,50.0,20.0,0.0,1,0,1,1,0,-105.85316434946714,132.78211265991547,-105.85316434946714,380.00000000000006
random-s0-0026,visibility,cycle,50.0,100.0,0.0,1,0,3,2,1,-151.70761543857705,-41.85803563720481,-151.70761543857705,740.0000000000003
random-s0-0026,visibility,cycle,150.0,20.0,0.0,1,0,1,1,0,-105.2409164471388,132.78211265991547,-105.2409164471388,380.00000000000006
random-s0-0026,visibility,cycle,150.0,100.0,0.0,1,0,3,2,1,-105.30658655451,-48.39151270911259,-105.30658655451,620.0000000000002
random-s0-0026,visibility,event,0.0,20.0,0.0,1,0,2,2,0,-167.52692462597594,20.3424190590423,-167.52692462597594,740.0000000000003
random-s0-0026,visibility,event,0.0,100.0,0.0,1,0,2,2,0,-167.75176885917438,20.342419059042385,-167.75176885917438,740.0000000000003
random-s0-0026,visibility,event,50.0,20.0,0.0,1,0,2,2,0,-144.21982700186695,132.78211265991547,-144.21982700186695,720.0000000000003
random-s0-0026,visibility,event,50.0,100.0,0.0,1,0,3,2,1,-151.70761543857705,-41.85803563720481,-151.70761543857705,740.0000000000003
random-s0-0026,visibility,event,150.0,20.0,0.0,1,0,2,2,0,-105.01475124544282,132.78211265991547,-105.01475124544282,560.0000000000001
random-s0-0026,visibility,event,150.0,100.0,0.0,1,0,4,3,1,-176.7379302677306,-48.39151270911259,-176.7379302677306,940.0000000000005
random-s0-0027,voronoi,once,0.0,20.0,0.0,1,0,2,2,0,-64.58420528177844,8.753018493351021,-64.58420528177844,380.00000000000006
random-s0-0027,voronoi,cycle,0.0,20.0,0.0,1,0,0,0,0,9.36768308422549,166.30416001530398,9.36768308422549,0.0
random-s0-0027,voronoi,cycle,0.0,100.0,0.0,1,0,1,0,1,-47.876453990926166,-47.876453990926166,3.0197655891928434,79.99999999999991
random-s0-0027,voronoi,cycle,50.0,20.0,0.0,1,0,0,0,0,61.67555097922411,354.3781696496625,61.67555097922411,0.0
random-s0-0027,voronoi,cycle,50.0,100.0,0.0,1,0,0,0,0,65.86427738591249,332.76002436293743,65.86427738591249,0.0
random-s0-0027,voronoi,cycle,150.0,20.0,0.0,1,0,1,1,0,-18.25965938749391,343.26373868085534,-18.25965938749391,19.999999999999574
random-s0-0027,voronoi,cycle,150.0,100.0,0.0,1,0,1,1,0,-49.89623769638263,385.71073719974856,-49.89623769638263,80.0
random-s0-0027,voronoi,event,0.0,20.0,0.0,1,0,1,0,1,-9.677347112974417,-9.677347112974417,0.5675403954807905,20.0
random-s0-0027,voronoi,event,0.0,100.0,0.0,1,0,2,1,1,-47.876453990926166,-47.876453990926166,-6.653675152598709,99.99999999999991
random-s0-0027,voronoi,event,50.0,20.0,0.0,1,0,0,0,0,79.86572663205351,414.31839855807175,79.86572663205351,0.0
random-s0-0027,voronoi,event,50.0,100.0,0.0,1,0,0,0,0,48.80568585661521,355.92896755263075,48.80568585661521,0.0
random-s0-0027,voronoi,event,150.0,20.0,0.0,1,0,0,0,0,65.45773976944841,461.75254723101534,65.45773976944841,0.0
random-s0-0027,voronoi,event,150.0,100.0,0.0,1,0,0,0,0,46.281506248169904,495.78227175636505,46.281506248169904,0.0
random-s0-0027,prm,once,0.0,20.0,0.0,1,0,2,1,1,-147.71223172154328,-147.71223172154328,-130.25192344606072,140.0
random-s0-0027,prm,cycle,0.0,20.0,0.0,1,0,0,0,0,65.36184243205776,65.36184243205776,79.86572663205351,0.0
random-s0-0027,prm,cycle,0.0,100.0,0.0,1,0,0,0,0,79.86572663205351,99.873602260238,79.86572663205351,0.0
random-s0-0027,prm,cycle,50.0,20.0,0.0,1,0,0,0,0,64.73373324441906,359.56299699398664,64.73373324441906,0.0
random-s0-0027,prm,cycle,50.0,100.0,0.0,1,0,0,0,0,79.86572663205351,152.93328586157946,79.86572663205351,0.0
random-s0-0027,prm,cycle,150.0,20.0,0.0,1,0,1,1,0,-109.76638182631731,2.176217846361766,-109.76638182631731,420.0
random-s0-0027,prm,cycle,150.0,100.0,0.0,1,0,1,1,0,-109.76638182631731,10.0845605781127,-109.76638182631731,419.9999999999999
random-s0-0027,prm,event,0.0,20.0,0.0,1,0,0,0,0,12.873913936991356,12.873913936991356,19.980005610738942,0.0
random-s0-0027,prm,event,0.0,100.0,0.0,1,0,0,0,0,79.86572663205351,99.873602260238,79.86572663205351,0.0
random-s0-0027,prm,event,50.0,20.0,0.0,1,0,0,0,0,55.56111519354391,388.4448808746624,55.56111519354391,0.0
random-s0-0027,prm,event,50.0,100.0,0.0,1,0,0,0,0,79.86572663205351,152.93328586157946,79.86572663205351,0.0
random-s0-0027,prm,event,150.0,20.0,0.0,1,0,1,1,0,-109.76638182631731,1.5061359964790313,-109.76638182631731,420.0
random-s0-0027,prm,event,150.0,100.0,0.0,1,0,1,1,0,-109.76638182631731,9.685905459865722,-109.76638182631731,419.9999999999999
random-s0-0027,visibility,once,0.0,20.0,0.0,1,0,2,1,1,-139.89577017084113,-139.89577017084113,-81.84143815548734,560.0000000000001
random-s0-0027,visibility,cycle,0.0,20.0,0.0,1,0,1,0,1,-11.382277837095756,-11.382277837095756,26.1058959055666,40.0
random-s0-0027,visibility,cycle,0.0,100.0,0.0,1,0,1,0,1,-20.974197461620435,-20.974197461620435,38.67556270049204,39.99999999999991
random-s0-0027,visibility,cycle,50.0,20.0,0.0,1,0,1,0,1,-9.333846672038304,-9.333846672038304,40.543496141794776,220.0
random-s0-0027,visibility,cycle,50.0,100.0,0.0,1,0,1,0,1,-11.218759791697522,-11.218759791697522,11.013910682176911,259.99999999999994
random-s0-0027,visibility,cycle,150.0,20.0,0.0,1,0,2,1,1,-109.76638182631731,-19.318305920776083,-109.76638182631731,500.0
random-s0-0027,visibility,cycle,150.0,100.0,0.0,1,0,2,1,1,-109.76638182631731,-18.92495157071897,-109.76638182631731,500.0
random-s0-0027,visibility,event,0.0,20.0,0.0,1,0,1,0,1,-11.08164618358822,-11.08164618358822,25.58126965633818,40.0
random-s0-0027,visibility,event,0.0,100.0,0.0,1,0,1,0,1,-20.974197461620435,-20.974197461620435,25.920616211964983,39.99999999999991
random-s0-0027,visibility,event,50.0,20.0,0.0,1,0,1,1,0,-144.88666756143334,2.849213209893122,-144.88666756143334,320.0
random-s0-0027,visibility,event,50.0,100.0,0.0,1,0,1,1,0,-171.2976485695383,6.183387703607366,-171.2976485695383,360.00000000000006
random-s0-0027,visibility,event,150.0,20.0,0.0,1,0,2,1,1,-109.76638182631731,-19.55412188203917,-109.76638182631731,500.0
random-s0-0027,visibility,event,150.0,100.0,0.0,1,0,2,1,1,-109.76638182631731,-47.06137059769742,-109.76638182631731,860.0000000000002
random-s0-0028,voronoi,once,0.0,20.0,0.0,1,0,6,4,2,-126.70089408921405,-113.82202095406306,-126.70089408921405,840.0000000000005
random-s0-0028,voronoi,cycle,0.0,20.0,0.0,1,0,0,0,0,21.81816200582506,239.2496529712614,21.81816200582506,0.0
random-s0-0028,voronoi,cycle,0.0,100.0,0.0,1,0,2,1,1,-29.238876692181265,-29.238876692181265,-17.69374037776805,80.0
random-s0-0028,voronoi,cycle,50.0,20.0,0.0,1,0,0,0,0,35.46252939486908,192.7949864709894,35.46252939486908,0.0
random-s0-0028,voronoi,cycle,50.0,100.0,0.0,1,0,0,0,0,34.683452933795365,263.20047921009325,34.683452933795365,0.0
random-s0-0028,voronoi,cycle,150.0,20.0,0.0,1,0,0,0,0,9.624388533745588,9.624388533745588,67.26385632956021,0.0
random-s0-0028,voronoi,cycle,150.0,100.0,0.0,1,0,1,1,0,-19.520504986663013,171.86634944008415,-19.520504986663013,159.9999999999999
random-s0-0028,voronoi,event,0.0,20.0,0.0,1,0,0,0,0,22.4574215010382,222.50740644910536,22.4574215010382,0.0
random-s0-0028,voronoi,event,0.0,100.0,0.0,1,0,1,0,1,-29.238876692181265,-29.238876692181265,17.845961069148615,40.0
random-s0-0028,voronoi,event,50.0,20.0,0.0,1,0,0,0,0,34.91787510042391,364.8629223970122,34.91787510042391,0.0
random-s0-0028,voronoi,event,50.0,100.0,0.0,1,0,1,1,0,-63.26466971579367,85.42841372861835,-63.26466971579367,379.9999999999996
random-s0-0028,voronoi,event,150.0,20.0,0.0,1,0,0,0,0,89.7544742383489,364.15673294347016,89.7544742383489,0.0
random-s0-0028,voronoi,event,150.0,100.0,0.0,1,0,1,1,0,-19.520504986663013,407.7931198699658,-19.520504986663013,159.9999999999999
random-s0-0028,prm,once,0.0,20.0,0.0,1,0,3,1,2,-113.82202095406306,-113.82202095406306,-93.72300069613198,200.0
random-s0-0028,prm,cycle,0.0,20.0,0.0,1,0,0,0,0,10.528099398815757,58.08642798316348,10.528099398815757,0.0
random-s0-0028,prm,cycle,0.0,100.0,0.0,1,0,2,0,2,-112.17690039063469,-112.17690039063469,37.727942737976576,99.99999999999991
random-s0-0028,prm,cycle,50.0,20.0,0.0,1,0,0,0,0,39.64776733604069,156.69403286098157,39.64776733604069,0.0
random-s0-0028,prm,cycle,50.0,100.0,0.0,1,0,1,0,1,-21.57881881562628,-21.57881881562628,44.89275382221104,40.0
random-s0-0028,prm,cycle,150.0,20.0,0.0,1,0,0,0,0,83.72113911397662,278.3219650173116,83.72113911397662,0.0
random-s0-0028,prm,cycle,150.0,100.0,0.0,1,0,1,1,0,-24.546837833235717,235.5560204921396,-24.546837833235717,240.0
random-s0-0028,prm,event,0.0,20.0,0.0,1,0,0,0,0,7.028162694178803,75.10613997070215,7.028162694178803,0.0
random-s0-0028,prm,event,0.0,100.0,0.0,1,0,2,0,2,-112.17690039063469,-112.17690039063469,37.727942737976576,99.99999999999991
random-s0-0028,prm,event,50.0,20.0,0.0,1,0,0,0,0,39.64776733604069,139.05408382334053,39.64776733604069,0.0
random-s0-0028,prm,event,50.0,100.0,0.0,1,0,1,1,0,-5.074272702014497,350.19239668013995,-5.074272702014497,40.0
random-s0-0028,prm,event,150.0,20.0,0.0,1,0,0,0,0,83.72113911397662,268.95933742174634,83.72113911397662,0.0
random-s0-0028,prm,event,150.0,100.0,0.0,1,0,1,1,0,-13.218818815260732,213.48509073726905,-13.218818815260732,180.0
random-s0-0028,visibility,once,0.0,20.0,0.0,1,0,2,0,2,-113.82202095406306,-113.82202095406306,24.286964544272934,120.0
random-s0-0028,visibility,cycle,0.0,20.0,0.0,1,0,0,0,0,15.207438829425,68.04864656641021,15.207438829425,0.0
random-s0-0028,visibility,cycle,0.0,100.0,0.0,1,0,2,0,2,-77.1917732380157,-77.1917732380157,25.33344551092389,99.99999999999984
random-s0-0028,visibility,cycle,50.0,20.0,0.0,1,0,1,1,0,-126.15191202426968,297.297895712177,-126.15191202426968,279.99999999999994
random-s0-0028,visibility,cycle,50.0,100.0,0.0,1,0,2,1,1,-147.52471843995085,-147.52471843995085,-126.15191202426968,319.9999999999998
random-s0-0028,visibility,cycle,150.0,20.0,0.0,1,0,1,1,0,-60.96972711477294,283.5579380840703,-60.96972711477294,239.99999999999997
random-s0-0028,visibility,cycle,150.0,100.0,0.0,1,0,2,2,0,-60.96972711477294,92.40930290136168,-60.96972711477294,279.9999999999998
random-s0-0028,visibility,event,0.0,20.0,0.0,1,0,0,0,0,20.36493766942681,69.19146361854729,20.36493766942681,0.0
random-s0-0028,visibility,event,0.0,100.0,0.0,1,0,2,0,2,-77.1917732380157,-77.1917732380157,25.33344551092389,99.99999999999984
random-s0-0028,visibility,event,50.0,20.0,0.0,1,0,1,1,0,-126.15191202426968,276.7168658780556,-126.15191202426968,279.99999999999994
random-s0-0028,visibility,event,50.0,100.0,0.0,1,0,2,1,1,-147.52471843995085,-147.52471843995085,-126.15191202426968,319.9999999999998
random-s0-0028,visibility,event,150.0,20.0,0.0,1,0,1,1,0,-60.96972711477294,335.18397382619537,-60.96972711477294,239.99999999999997
random-s0-0028,visibility,event,150.0,100.0,0.0,1,0,2,2,0,-60.96972711477294,242.42015541025995,-60.96972711477294,279.9999999999998
random-s0-0029,voronoi,once,0.0,20.0,0.0,1,0,6,3,3,-152.9977472205304,-152.9977472205304,-125.19001194995602,2260.0000000000014
random-s0-0029,voronoi,cycle,0.0,20.0,0.0,1,0,4,4,0,-125.19001194995602,500.2081674939883,-125.19001194995602,1360.0000000000005
random-s0-0029,voronoi,cycle,0.0,100.0,0.0,1,0,3,3,0,-125.19001194995616,514.7792194814986,-125.19001194995616,720.0000000000002
random-s0-0029,voronoi,cycle,50.0,20.0,0.0,1,0,2,2,0,-125.19001194995602,394.9769549694188,-125.19001194995602,600.0000000000002
random-s0-0029,voronoi,cycle,50.0,100.0,0.0,1,0,3,3,0,-125.19001194995616,448.5223795325522,-125.19001194995616,900.0
random-s0-0029,voronoi,cycle,150.0,20.0,0.0,1,0,0,0,0,77.77548850726106,334.770223366363,77.77548850726106,0.0
random-s0-0029,voronoi,cycle,150.0,100.0,0.0,1,0,0,0,0,17.83239093046049,313.2779123254212,17.83239093046049,0.0
random-s0-0029,voronoi,event,0.0,20.0,0.0,1,0,3,3,0,-125.19001194995602,281.7982137148907,-125.19001194995602,940.0000000000005
random-s0-0029,voronoi,event,0.0,100.0,0.0,1,0,3,3,0,-125.19001194995616,243.0886674597648,-125.19001194995616,720.0000000000002
random-s0-0029,voronoi,event,50.0,20.0,0.0,1,0,3,3,0,-125.19001194995602,259.05597533684295,-125.19001194995602,880.0000000000005
random-s0-0029,voronoi,event,50.0,100.0,0.0,1,0,3,3,0,-125.19001194995616,233.4319968642749,-125.19001194995616,900.0
random-s0-0029,voronoi,event,150.0,20.0,0.0,1,0,0,0,0,61.63661695322233,263.03873261466987,61.63661695322233,0.0
random-s0-0029,voronoi,event,150.0,100.0,0.0,1,0,0,0,0,17.83239093046049,417.9684917122131,17.83239093046049,0.0
random-s0-0029,prm,once,0.0,20.0,0.0,1,0,3,3,0,-125.19001194995602,1029.6939588216678,-125.19001194995602,640.0000000000002
random-s0-0029,prm,cycle,0.0,20.0,0.0,1,0,1,1,0,-44.83009978033371,661.1248401586284,-44.83009978033371,240.0
random-s0-0029,prm,cycle,0.0,100.0,0.0,1,0,2,2,0,-44.830099780334,672.6726627711524,-44.830099780334,279.99999999999983
random-s0-0029,prm,cycle,50.0,20.0,0.0,1,0,2,2,0,-98.56923629894128,856.5748498110386,-98.56923629894128,340.0
random-s0-0029,prm,cycle,50.0,100.0,0.0,1,0,2,2,0,-67.81481695488647,764.715029128217,-67.81481695488647,299.9999999999998
random-s0-0029,prm,cycle,150.0,20.0,0.0,1,0,2,2,0,-125.19001194995602,400.7994874631729,-125.19001194995602,600.0000000000002
random-s0-0029,prm,cycle,150.0,100.0,0.0,1,0,2,2,0,-125.19001194995616,588.3162627587925,-125.19001194995616,600.0
random-s0-0029,prm,event,0.0,20.0,0.0,1,0,3,3,0,-125.19001194995602,87.50961626653321,-125.19001194995602,460.0000000000001
random-s0-0029,prm,event,0.0,100.0,0.0,1,0,3,3,0,-125.19001194995616,172.42992446084833,-125.19001194995616,460.0
random-s0-0029,prm,event,50.0,20.0,0.0,1,0,2,2,0,-125.19001194995602,277.29798617352293,-125.19001194995602,600.0000000000002
random-s0-0029,prm,event,50.0,100.0,0.0,1,0,2,2,0,-125.19001194995616,593.7926666419248,-125.19001194995616,459.9999999999999
random-s0-0029,prm,event,150.0,20.0,0.0,1,0,2,2,0,-125.19001194995602,99.27600933438616,-125.19001194995602,600.0000000000002
random-s0-0029,prm,event,150.0,100.0,0.0,1,0,2,2,0,-125.19001194995616,630.586280602479,-125.19001194995616,600.0
random-s0-0029,visibility,once,0.0,20.0,0.0,1,0,4,4,0,-168.3567007905646,649.6461559721139,-168.3567007905646,860.0000000000005
random-s0-0029,visibility,cycle,0.0,20.0,0.0,1,0,2,2,0,-44.83009978033371,552.5911646686257,-44.83009978033371,279.99999999999994
random-s0-0029,visibility,cycle,0.0,100.0,0.0,1,0,2,2,0,-44.830099780334,559.786026928102,-44.830099780334,279.99999999999983
random-s0-0029,visibility,cycle,50.0,20.0,0.0,1,0,2,2,0,-79.29476066060555,45.061933436853536,-79.29476066060555,540.0000000000001
random-s0-0029,visibility,cycle,50.0,100.0,0.0,1,0,2,2,0,-107.04446517796234,177.95752883982846,-107.04446517796234,479.99999999999983
random-s0-0029,visibility,cycle,150.0,20.0,0.0,1,0,2,2,0,-125.19001194995602,430.50619264530224,-125.19001194995602,600.0000000000002
random-s0-0029,visibility,cycle,150.0,100.0,0.0,1,0,2,2,0,-125.19001194995616,429.8251335505471,-125.19001194995616,600.0
random-s0-0029,visibility,event,0.0,20.0,0.0,1,0,2,2,0,-44.83009978033371,639.0223880294953,-44.83009978033371,279.99999999999994
random-s0-0029,visibility,event,0.0,100.0,0.0,1,0,3,3,0,-44.830099780334,649.646155972114,-44.830099780334,279.99999999999983
random-s0-0029,visibility,event,50.0,20.0,0.0,1,0,4,4,0,-125.19001194995602,271.96390609519403,-125.19001194995602,1160.000000000001
random-s0-0029,visibility,event,50.0,100.0,0.0,1,0,3,3,0,-125.19001194995616,383.6908319432511,-125.19001194995616,840.0000000000001
random-s0-0029,visibility,event,150.0,20.0,0.0,1,0,3,3,0,-157.3536011152106,79.21381729118997,-157.3536011152106,760.0000000000003
random-s0-0029,visibility,event,150.0,100.0,0.0,1,0,3,2,1,-125.19001194995616,-84.81242272032648,-125.19001194995616,760.0000000000002
random-s0-0030,voronoi,once,0.0,20.0,0.0,1,0,1,1,0,-9.7448752613561,482.71112491975794,-9.7448752613561,40.0
random-s0-0030,voronoi,cycle,0.0,20.0,0.0,1,0,6,6,0,-26.886792955109485,482.71112491975794,-26.886792955109485,480.0
random-s0-0030,voronoi,cycle,0.0,100.0,0.0,1,0,1,1,0,-9.7448752613561,482.71112491975794,-9.7448752613561,40.0
random-s0-0030,voronoi,cycle,50.0,20.0,0.0,1,0,0,0,0,66.5311559848476,482.71112491975794,66.5311559848476,0.0
random-s0-0030,voronoi,cycle,50.0,100.0,0.0,1,0,0,0,0,40.28289632646306,482.71112491975794,40.28289632646306,0.0
random-s0-0030,voronoi,cycle,150.0,20.0,0.0,1,0,0,0,0,96.8100484251903,482.351598836716,96.8100484251903,0.0
random-s0-0030,voronoi,cycle,150.0,100.0,0.0,1,0,0,0,0,94.99836041458212,482.71112491975794,94.99836041458212,0.0
random-s0-0030,voronoi,event,0.0,20.0,0.0,1,0,1,1,0,-9.744875261356668,369.0996075672664,-9.744875261356668,80.0
random-s0-0030,voronoi,event,0.0,100.0,0.0,1,0,1,1,0,-9.7448752613561,482.71112491975794,-9.7448752613561,40.0
random-s0-0030,voronoi,event,50.0,20.0,0.0,1,0,0,0,0,73.6132573500353,302.8927339698797,73.6132573500353,0.0
random-s0-0030,voronoi,event,50.0,100.0,0.0,1,0,0,0,0,9.930908516507117,482.71112491975794,9.930908516507117,0.0
random-s0-0030,voronoi,event,150.0,20.0,0.0,1,0,0,0,0,145.72494546566503,482.351598836716,145.72494546566503,0.0
random-s0-0030,voronoi,event,150.0,100.0,0.0,1,0,0,0,0,94.99836041458212,482.71112491975794,94.99836041458212,0.0
random-s0-0030,prm,once,0.0,20.0,0.0,1,0,1,1,0,-9.7448752613561,482.71112491975794,-9.7448752613561,40.0
random-s0-0030,prm,cycle,0.0,20.0,0.0,1,0,1,1,0,-9.744875261356668,482.71112491975794,-9.744875261356668,40.0
random-s0-0030,prm,cycle,0.0,100.0,0.0,1,0,1,1,0,-9.7448752613561,482.71112491975794,-9.7448752613561,40.0
random-s0-0030,prm,cycle,50.0,20.0,0.0,1,0,1,1,0,-86.6310856051491,482.71112491975794,-86.6310856051491,580.0000000000001
random-s0-0030,prm,cycle,50.0,100.0,0.0,1,0,1,1,0,-82.62452075011107,482.71112491975794,-82.62452075011107,560.0
random-s0-0030,prm,cycle,150.0,20.0,0.0,1,0,1,1,0,-129.10535175548011,418.4911647179913,-129.10535175548011,440.0000000000001
random-s0-0030,prm,cycle,150.0,100.0,0.0,1,0,1,1,0,-133.9953457541467,425.6684518075016,-133.9953457541467,540.0000000000001
random-s0-0030,prm,event,0.0,20.0,0.0,1,0,1,1,0,-9.744875261356668,482.71112491975794,-9.744875261356668,40.0
random-s0-0030,prm,event,0.0,100.0,0.0,1,0,1,1,0,-9.7448752613561,482.71112491975794,-9.7448752613561,40.0
random-s0-0030,prm,event,50.0,20.0,0.0,1,0,1,1,0,-86.6310856051491,482.71112491975794,-86.6310856051491,580.0000000000001
random-s0-0030,prm,event,50.0,100.0,0.0,1,0,1,1,0,-82.62452075011107,482.71112491975794,-82.62452075011107,560.0
random-s0-0030,prm,event,150.0,20.0,0.0,1,0,0,0,0,94.9983604145824,419.96099543388425,94.9983604145824,0.0
random-s0-0030,prm,event,150.0,100.0,0.0,1,0,0,0,0,94.99836041458212,457.9843282780522,94.99836041458212,0.0
random-s0-0030,visibility,once,0.0,20.0,0.0,1,0,1,1,0,-9.7448752613561,482.71112491975794,-9.7448752613561,40.0
random-s0-0030,visibility,cycle,0.0,20.0,0.0,1,0,1,1,0,-9.744875261356668,482.71112491975794,-9.744875261356668,40.0
random-s0-0030,visibility,cycle,0.0,100.0,0.0,1,0,1,1,0,-9.7448752613561,482.71112491975794,-9.7448752613561,40.0
random-s0-0030,visibility,cycle,50.0,20.0,0.0,1,0,0,0,0,94.9983604145824,482.71112491975794,94.9983604145824,0.0
random-s0-0030,visibility,cycle,50.0,100.0,0.0,1,0,0,0,0,94.99836041458212,482.71112491975794,94.99836041458212,0.0
random-s0-0030,visibility,cycle,150.0,20.0,0.0,1,0,0,0,0,94.9983604145824,462.57843598970976,94.9983604145824,0.0
random-s0-0030,visibility,cycle,150.0,100.0,0.0,1,0,0,0,0,94.99836041458212,482.71112491975794,94.99836041458212,0.0
random-s0-0030,visibility,event,0.0,20.0,0.0,1,0,1,1,0,-9.744875261356668,482.71112491975794,-9.744875261356668,40.0
random-s0-0030,visibility,event,0.0,100.0,0.0,1,0,1,1,0,-9.7448752613561,482.71112491975794,-9.7448752613561,40.0
random-s0-0030,visibility,event,50.0,20.0,0.0,1,0,0,0,0,94.9983604145824,482.71112491975794,94.9983604145824,0.0
random-s0-0030,visibility,event,50.0,100.0,0.0,1,0,0,0,0,78.53218232035618,482.71112491975794,78.53218232035618,0.0
random-s0-0030,visibility,event,150.0,20.0,0.0,1,0,0,0,0,94.9983604145824,482.71112491975794,94.9983604145824,0.0
random-s0-0030,visibility,event,150.0,100.0,0.0,1,0,0,0,0,94.99836041458212,482.71112491975794,94.99836041458212,0.0
random-s0-0031,voronoi,once,0.0,20.0,0.0,1,0,2,1,1,-101.798577544516,-68.46134781911313,-101.798577544516,360.00000000000006
random-s0-0031,voronoi,cycle,0.0,20.0,0.0,1,0,2,0,2,-6.271799094804635,-6.271799094804635,41.912672707154144,40.0
random-s0-0031,voronoi,cycle,0.0,100.0,0.0,1,0,0,0,0,10.239945222810944,10.239945222810944,181.5496279537276,0.0
random-s0-0031,voronoi,cycle,50.0,20.0,0.0,1,0,0,0,0,1.8176364145080013,1.8176364145080013,99.9753514014102,0.0
random-s0-0031,voronoi,cycle,50.0,100.0,0.0,1,0,0,0,0,10.85689147724807,10.85689147724807,117.13555280286072,0.0
random-s0-0031,voronoi,cycle,150.0,20.0,0.0,1,0,0,0,0,14.031641019419766,14.031641019419766,47.707312526194215,0.0
random-s0-0031,voronoi,cycle,150.0,100.0,0.0,1,0,0,0,0,1.1139245917478888,1.1139245917478888,79.77356116420384,0.0
random-s0-0031,voronoi,event,0.0,20.0,0.0,1,0,2,0,2,-0.530241944904958,-0.530241944904958,91.49471599596262,40.0
random-s0-0031,voronoi,event,0.0,100.0,0.0,1,0,2,1,1,-46.14971320464648,-27.108457666900904,-46.14971320464648,480.0
random-s0-0031,voronoi,event,50.0,20.0,0.0,1,0,1,1,0,-41.0297445171835,12.559674249100423,-41.0297445171835,320.0
random-s0-0031,voronoi,event,50.0,100.0,0.0,1,0,0,0,0,51.38973439521621,51.38973439521621,109.92187911398004,0.0
random-s0-0031,voronoi,event,150.0,20.0,0.0,1,0,1,1,0,-174.3770906797813,1.9015119946908785,-174.3770906797813,999.9999999999786
random-s0-0031,voronoi,event,150.0,100.0,0.0,1,0,0,0,0,13.617686039557867,13.617686039557867,130.47577413451614,0.0
random-s0-0031,prm,once,0.0,20.0,0.0,1,0,2,1,1,-101.798577544516,-75.58283041356529,-101.798577544516,360.00000000000006
random-s0-0031,prm,cycle,0.0,20.0,0.0,1,0,1,1,0,-30.218209716533774,6.192384658719789,-30.218209716533774,100.0
random-s0-0031,prm,cycle,0.0,100.0,0.0,1,0,2,1,1,-46.00337547649514,-1.2346304574905955,-46.00337547649514,179.9999999999999
random-s0-0031,prm,cycle,50.0,20.0,0.0,1,0,0,0,0,9.912930364727828,9.912930364727828,209.42703654864783,0.0
random-s0-0031,prm,cycle,50.0,100.0,0.0,1,0,0,0,0,46.62073521172982,46.62073521172982,195.11285418760792,0.0
random-s0-0031,prm,cycle,150.0,20.0,0.0,1,0,0,0,0,79.46256294491354,79.46256294491354,230.74374568918205,0.0
random-s0-0031,prm,cycle,150.0,100.0,0.0,1,0,0,0,0,117.86517947512198,117.86517947512198,209.42703654864783,0.0
random-s0-0031,prm,event,0.0,20.0,0.0,1,0,1,1,0,-31.34750160978166,4.589538695015506,-31.34750160978166,120.0
random-s0-0031,prm,event,0.0,100.0,0.0,1,0,1,0,1,-6.847859254733663,-6.847859254733663,42.98064183421084,39.999999999999964
random-s0-0031,prm,event,50.0,20.0,0.0,1,0,0,0,0,1.4140902838644251,1.4140902838644251,129.92673345752695,0.0
random-s0-0031,prm,event,50.0,100.0,0.0,1,0,0,0,0,10.891274695490123,10.891274695490123,209.42703654864783,0.0
random-s0-0031,prm,event,150.0,20.0,0.0,1,0,0,0,0,111.83378230301958,111.83378230301958,203.21822019863052,0.0
random-s0-0031,prm,event,150.0,100.0,0.0,1,0,0,0,0,135.0445462065598,135.0445462065598,203.09640907857343,0.0
random-s0-0031,visibility,once,0.0,20.0,0.0,1,0,4,2,2,-139.62068158677448,-139.62068158677448,-119.97709245157468,880.0000000000005
random-s0-0031,visibility,cycle,0.0,20.0,0.0,1,0,1,0,1,-2.5663620736600308,-2.5663620736600308,83.8259855112035,60.0
random-s0-0031,visibility,cycle,0.0,100.0,0.0,1,0,1,0,1,-49.12008932859234,-49.12008932859234,111.42700833767248,539.9999999999999
random-s0-0031,visibility,cycle,50.0,20.0,0.0,1,0,1,0,1,-6.466883170089005,-6.466883170089005,125.53269598771465,160.0
random-s0-0031,visibility,cycle,50.0,100.0,0.0,1,0,1,0,1,-6.41045634978866,-6.41045634978866,175.1958296881644,160.0
random-s0-0031,visibility,cycle,150.0,20.0,0.0,1,0,1,1,0,-157.02889036495318,6.09709438482821,-157.02889036495318,540.0000000000001
random-s0-0031,visibility,cycle,150.0,100.0,0.0,1,0,1,1,0,-148.70749420031257,4.988580602313448,-148.70749420031257,680.0
random-s0-0031,visibility,event,0.0,20.0,0.0,1,0,0,0,0,0.3428336841158739,0.3428336841158739,102.73267915536582,0.0
random-s0-0031,visibility,event,0.0,100.0,0.0,1,0,1,0,1,-11.495841876206896,-11.495841876206896,124.94434441588692,279.99999999999994
random-s0-0031,visibility,event,50.0,20.0,0.0,1,0,1,0,1,-10.784723078299493,-10.784723078299493,118.84819355964862,259.99999999999994
random-s0-0031,visibility,event,50.0,100.0,0.0,1,0,1,0,1,-11.550186519411284,-11.550186519411284,129.92673345752695,279.99999999999994
random-s0-0031,visibility,event,150.0,20.0,0.0,1,0,1,1,0,-72.16599198686501,7.16897719521603,-72.16599198686501,120.0
random-s0-0031,visibility,event,150.0,100.0,0.0,1,0,1,1,0,-114.97401755825528,5.003838040119518,-114.97401755825528,580.0000000000002
random-s0-0032,voronoi,once,0.0,20.0,0.0,1,0,3,2,1,-97.6585306092011,-35.71535670354936,-97.6585306092011,120.0
random-s0-0032,voronoi,cycle,0.0,20.0,0.0,1,0,1,0,1,-8.342148980617111,-8.342148980617111,2.1099771400635348,20.0
random-s0-0032,voronoi,cycle,0.0,100.0,0.0,1,0,1,1,0,-2.24354589089765,79.61424232656515,-2.24354589089765,20.0
random-s0-0032,voronoi,cycle,50.0,20.0,0.0,1,0,0,0,0,23.500805673953693,134.41158122065457,23.500805673953693,0.0
random-s0-0032,voronoi,cycle,50.0,100.0,0.0,1,0,0,0,0,14.015993127935786,134.87523629138468,14.015993127935786,0.0
random-s0-0032,voronoi,cycle,150.0,20.0,0.0,1,0,0,0,0,79.5112503619253,213.26418478003137,79.5112503619253,0.0
random-s0-0032,voronoi,cycle,150.0,100.0,0.0,1,0,1,0,1,-4.354785009574215,-4.354785009574215,77.4843185394165,20.0
random-s0-0032,voronoi,event,0.0,20.0,0.0,1,0,0,0,0,2.1099771400635348,13.969567720516553,2.1099771400635348,0.0
random-s0-0032,voronoi,event,0.0,100.0,0.0,1,0,2,1,1,-15.570999046297288,-15.570999046297288,-12.201740496944725,160.0
random-s0-0032,voronoi,event,50.0,20.0,0.0,1,0,0,0,0,23.500805673953693,128.63353789173402,23.500805673953693,0.0
random-s0-0032,voronoi,event,50.0,100.0,0.0,1,0,0,0,0,14.015993127935786,24.40375263784844,14.015993127935786,0.0
random-s0-0032,voronoi,event,150.0,20.0,0.0,1,0,0,0,0,0.3177069276365216,0.3177069276365216,82.07851045114393,0.0
random-s0-0032,voronoi,event,150.0,100.0,0.0,1,0,0,0,0,77.4843185394165,83.99317820386926,77.4843185394165,0.0
random-s0-0032,prm,once,0.0,20.0,0.0,1,0,4,2,2,-97.6585306092011,-63.14424302924222,-97.6585306092011,220.0
random-s0-0032,prm,cycle,0.0,20.0,0.0,1,0,0,0,0,7.856886350398611,11.03307766527422,7.856886350398611,0.0
random-s0-0032,prm,cycle,0.0,100.0,0.0,1,0,0,0,0,3.0695311295419856,30.879565185413384,3.0695311295419856,0.0
random-s0-0032,prm,cycle,50.0,20.0,0.0,1,0,0,0,0,20.78002849043122,307.48621108250825,20.78002849043122,0.0
random-s0-0032,prm,cycle,50.0,100.0,0.0,1,0,0,0,0,29.19959217261641,238.11496643963036,29.19959217261641,0.0
random-s0-0032,prm,cycle,150.0,20.0,0.0,1,0,2,1,1,-120.97717108580326,-120.97717108580326,-7.266226484126207,100.0
random-s0-0032,prm,cycle,150.0,100.0,0.0,1,0,1,0,1,-15.0495939171156,-15.0495939171156,83.62616216311847,40.0
random-s0-0032,prm,event,0.0,20.0,0.0,1,0,0,0,0,7.856886350398611,181.2183569145181,7.856886350398611,0.0
random-s0-0032,prm,event,0.0,100.0,0.0,1,0,2,1,1,-148.78320922582125,-148.78320922582125,-3.201616834215372,920.0
random-s0-0032,prm,event,50.0,20.0,0.0,1,0,0,0,0,20.78002849043122,139.67778056201678,20.78002849043122,0.0
random-s0-0032,prm,event,50.0,100.0,0.0,1,0,0,0,0,44.09533183642421,44.09533183642421,61.09354740176681,0.0
random-s0-0032,prm,event,150.0,20.0,0.0,1,0,0,0,0,14.061642387427357,14.061642387427357,80.59610936906279,0.0
random-s0-0032,prm,event,150.0,100.0,0.0,1,0,0,0,0,50.7729264872053,50.7729264872053,67.09887037541841,0.0
random-s0-0032,visibility,once,0.0,20.0,0.0,1,0,3,2,1,-97.6585306092011,-35.71535670354936,-97.6585306092011,120.0
random-s0-0032,visibility,cycle,0.0,20.0,0.0,1,0,3,3,0,-103.05839523475508,46.98941623919322,-103.05839523475508,420.0000000000001
random-s0-0032,visibility,cycle,0.0,100.0,0.0,1,0,2,2,0,-114.00451085439052,80.02244520734598,-114.00451085439052,279.99999999999994
random-s0-0032,visibility,cycle,50.0,20.0,0.0,1,0,2,2,0,-80.88261965079639,57.446548713013726,-80.88261965079639,220.0
random-s0-0032,visibility,cycle,50.0,100.0,0.0,1,0,2,2,0,-87.26009045009766,67.86932916718911,-87.26009045009766,220.0
random-s0-0032,visibility,cycle,150.0,20.0,0.0,1,0,2,1,1,-162.55980283938578,-47.27267147499924,-162.55980283938578,820.0000000000003
random-s0-0032,visibility,cycle,150.0,100.0,0.0,1,0,3,2,1,-42.28637495658873,-20.424115037462656,-42.28637495658873,259.9999999999998
random-s0-0032,visibility,event,0.0,20.0,0.0,1,0,1,1,0,-34.431332140009545,82.6876737857221,-34.431332140009545,40.0
random-s0-0032,visibility,event,0.0,100.0,0.0,1,0,3,2,1,-171.18354973796067,-171.18354973796067,-33.30256887970779,319.99999999999983
random-s0-0032,visibility,event,50.0,20.0,0.0,1,0,2,2,0,-100.68618521587727,177.92620520930635,-100.68618521587727,300.0
random-s0-0032,visibility,event,50.0,100.0,0.0,1,0,2,2,0,-135.34354390626515,184.85033185915125,-135.34354390626515,300.0
random-s0-0032,visibility,event,150.0,20.0,0.0,1,0,1,1,0,-170.3393098093777,217.60769489607424,-170.3393098093777,560.0000000000001
random-s0-0032,visibility,event,150.0,100.0,0.0,1,0,3,1,2,-48.41645755689851,-48.41645755689851,-42.28637495658873,460.0
random-s0-0033,voronoi,once,0.0,20.0,0.0,1,0,1,0,1,-155.86592875995558,-155.86592875995558,11.054497662761436,600.0000000000002
random-s0-0033,voronoi,cycle,0.0,20.0,0.0,1,0,0,0,0,11.054497662761662,30.385237553705,11.054497662761662,0.0
random-s0-0033,voronoi,cycle,0.0,100.0,0.0,1,0,2,0,2,-26.506387464795186,-26.506387464795186,11.05449766276172,79.99999999999991
random-s0-0033,voronoi,cycle,50.0,20.0,0.0,1,0,0,0,0,11.054497662761662,84.79654820629315,11.054497662761662,0.0
random-s0-0033,voronoi,cycle,50.0,100.0,0.0,1,0,0,0,0,11.05449766276172,114.11455886069928,11.05449766276172,0.0
random-s0-0033,voronoi,cycle,150.0,20.0,0.0,1,0,0,0,0,11.054497662761662,40.57990022318279,11.054497662761662,0.0
random-s0-0033,voronoi,cycle,150.0,100.0,0.0,1,0,2,0,2,-32.70650858936028,-32.70650858936028,4.6538006736089415,179.99999999999977
random-s0-0033,voronoi,event,0.0,20.0,0.0,1,0,0,0,0,11.054497662761662,22.85188773917372,11.054497662761662,0.0
random-s0-0033,voronoi,event,0.0,100.0,0.0,1,0,3,1,2,-26.506387464795186,-26.506387464795186,-5.170394220905536,79.99999999999991
random-s0-0033,voronoi,event,50.0,20.0,0.0,1,0,0,0,0,11.054497662761662,49.08400093612957,11.054497662761662,0.0
random-s0-0033,voronoi,event,50.0,100.0,0.0,1,0,0,0,0,11.05449766276172,51.87344398934553,11.05449766276172,0.0
random-s0-0033,voronoi,event,150.0,20.0,0.0,1,0,0,0,0,11.054497662761662,27.61180914168048,11.054497662761662,0.0
random-s0-0033,voronoi,event,150.0,100.0,0.0,1,0,3,1,2,-32.70650858936028,-32.70650858936028,-13.284894483927417,219.99999999999972
random-s0-0033,prm,once,0.0,20.0,0.0,1,0,1,0,1,-155.86592875995558,-155.86592875995558,11.054497662761436,600.0000000000002
random-s0-0033,prm,cycle,0.0,20.0,0.0,1,0,1,0,1,-20.827448395537917,-20.827448395537917,11.054497662761662,279.99999999999994
random-s0-0033,prm,cycle,0.0,100.0,0.0,1,0,1,0,1,-155.8659287599556,-155.8659287599556,11.05449766276172,599.9999999999997
random-s0-0033,prm,cycle,50.0,20.0,0.0,1,0,1,0,1,-28.629009208031363,-28.629009208031363,11.054497662761662,320.0
random-s0-0033,prm,cycle,50.0,100.0,0.0,1,0,1,0,1,-33.90434355343379,-33.90434355343379,11.05449766276172,360.00000000000006
random-s0-0033,prm,cycle,150.0,20.0,0.0,1,0,0,0,0,11.054497662761662,146.3795571606977,11.054497662761662,0.0
random-s0-0033,prm,cycle,150.0,100.0,0.0,1,0,0,0,0,7.477629983316831,142.5520998258679,7.477629983316831,0.0
random-s0-0033,prm,event,0.0,20.0,0.0,1,0,0,0,0,11.054497662761662,25.622494956677485,11.054497662761662,0.0
random-s0-0033,prm,event,0.0,100.0,0.0,1,0,1,0,1,-155.8659287599556,-155.8659287599556,11.05449766276172,599.9999999999997
random-s0-0033,prm,event,50.0,20.0,0.0,1,0,2,1,1,-33.426569485104466,-33.426569485104466,-18.789026010967973,559.9999999999941
random-s0-0033,prm,event,50.0,100.0,0.0,1,0,2,1,1,-33.25737071622589,-33.25737071622589,-18.365348792002123,539.9999999999997
random-s0-0033,prm,event,150.0,20.0,0.0,1,0,2,1,1,-43.19300427621826,-31.826164440838483,-43.19300427621826,639.9999999999864
random-s0-0033,prm,event,150.0,100.0,0.0,1,0,1,1,0,-45.49268342773635,10.423344054238726,-45.49268342773635,300.0
random-s0-0033,visibility,once,0.0,20.0,0.0,1,0,1,0,1,-155.86592875995558,-155.86592875995558,11.054497662761436,600.0000000000002
random-s0-0033,visibility,cycle,0.0,20.0,0.0,1,0,0,0,0,11.054497662761662,30.385237553705,11.054497662761662,0.0
random-s0-0033,visibility,cycle,0.0,100.0,0.0,1,0,1,0,1,-155.8659287599556,-155.8659287599556,11.05449766276172,599.9999999999997
random-s0-0033,visibility,cycle,50.0,20.0,0.0,1,0,0,0,0,11.054497662761662,86.6204416228494,11.054497662761662,0.0
random-s0-0033,visibility,cycle,50.0,100.0,0.0,1,0,0,0,0,11.05449766276172,94.79565180174092,11.05449766276172,0.0
random-s0-0033,visibility,cycle,150.0,20.0,0.0,1,0,0,0,0,11.054497662761662,86.49110060735268,11.054497662761662,0.0
random-s0-0033,visibility,cycle,150.0,100.0,0.0,1,0,0,0,0,11.05449766276172,88.38088927568845,11.05449766276172,0.0
random-s0-0033,visibility,event,0.0,20.0,0.0,1,0,0,0,0,11.054497662761662,30.385237553705,11.054497662761662,0.0
random-s0-0033,visibility,event,0.0,100.0,0.0,1,0,1,0,1,-155.8659287599556,-155.8659287599556,11.05449766276172,599.9999999999997
random-s0-0033,visibility,event,50.0,20.0,0.0,1,0,0,0,0,11.054497662761662,94.07290770306707,11.054497662761662,0.0
random-s0-0033,visibility,event,50.0,100.0,0.0,1,0,0,0,0,11.05449766276172,96.50156166769466,11.05449766276172,0.0
random-s0-0033,visibility,event,150.0,20.0,0.0,1,0,0,0,0,11.054497662761662,136.93839407666957,11.054497662761662,0.0
random-s0-0033,visibility,event,150.0,100.0,0.0,1,0,0,0,0,2.263980410164038,2.263980410164038,11.05449766276172,0.0
random-s0-0034,voronoi,once,0.0,20.0,0.0,1,0,3,3,0,-66.67703270916522,455.85004906405857,-66.67703270916522,300.0
random-s0-0034,voronoi,cycle,0.0,20.0,0.0,1,0,1,1,0,-1.2394906189897767,70.84072518398821,-1.2394906189897767,40.0
random-s0-0034,voronoi,cycle,0.0,100.0,0.0,1,0,0,0,0,2.909550441037851,29.49174384359512,2.909550441037851,0.0
random-s0-0034,voronoi,cycle,50.0,20.0,0.0,1,0,0,0,0,44.257488301323946,245.0468209497421,44.257488301323946,0.0
random-s0-0034,voronoi,cycle,50.0,100.0,0.0,1,0,0,0,0,51.6551978402959,182.9524851509913,51.6551978402959,0.0
random-s0-0034,voronoi,cycle,150.0,20.0,0.0,1,0,0,0,0,180.72809271368615,439.9249156588967,180.72809271368615,0.0
random-s0-0034,voronoi,cycle,150.0,100.0,0.0,1,0,0,0,0,171.00805691473778,339.3164256351613,171.00805691473778,0.0
random-s0-0034,voronoi,event,0.0,20.0,0.0,1,0,0,0,0,2.24130832208985,517.0443294752016,2.24130832208985,0.0
random-s0-0034,voronoi,event,0.0,100.0,0.0,1,0,0,0,0,2.909550441037851,377.1130596445694,2.909550441037851,0.0
random-s0-0034,voronoi,event,50.0,20.0,0.0,1,0,0,0,0,39.55601485553254,531.0212567635454,39.55601485553254,0.0
random-s0-0034,voronoi,event,50.0,100.0,0.0,1,0,0,0,0,115.26830255791548,354.67284215470306,115.26830255791548,0.0
random-s0-0034,voronoi,event,150.0,20.0,0.0,1,0,0,0,0,2.267545356721314,543.1552940264322,2.267545356721314,0.0
random-s0-0034,voronoi,event,150.0,100.0,0.0,1,0,0,0,0,39.31773428688831,342.284526891552,39.31773428688831,0.0
random-s0-0034,prm,once,0.0,20.0,0.0,1,0,1,1,0,-66.67703270916522,643.0293538123003,-66.67703270916522,60.0
random-s0-0034,prm,cycle,0.0,20.0,0.0,1,0,1,1,0,-45.70965919423895,78.01754924530462,-45.70965919423895,339.9999999999999
random-s0-0034,prm,cycle,0.0,100.0,0.0,1,0,2,2,0,-108.8203143963287,90.5868835928738,-108.8203143963287,420.0000000000001
random-s0-0034,prm,cycle,50.0,20.0,0.0,1,0,0,0,0,65.11527091296094,648.0448146806746,65.11527091296094,0.0
random-s0-0034,prm,cycle,50.0,100.0,0.0,1,0,0,0,0,52.4257782071553,648.8591993125965,52.4257782071553,0.0
random-s0-0034,prm,cycle,150.0,20.0,0.0,1,0,0,0,0,76.85938586800842,648.9581390002878,76.85938586800842,0.0
random-s0-0034,prm,cycle,150.0,100.0,0.0,1,0,1,1,0,-66.677032709165,646.7036559841092,-66.677032709165,60.0
random-s0-0034,prm,event,0.0,20.0,0.0,1,0,1,1,0,-20.7842877277256,372.33098314732285,-20.7842877277256,259.99999999999994
random-s0-0034,prm,event,0.0,100.0,0.0,1,0,0,0,0,10.195642430163502,648.2371542002688,10.195642430163502,0.0
random-s0-0034,prm,event,50.0,20.0,0.0,1,0,0,0,0,70.7394120951908,648.0448146806746,70.7394120951908,0.0
random-s0-0034,prm,event,50.0,100.0,0.0,1,0,0,0,0,52.4257782071553,648.8591993125965,52.4257782071553,0.0
random-s0-0034,prm,event,150.0,20.0,0.0,1,0,0,0,0,160.26544323722686,648.6148964799667,160.26544323722686,0.0
random-s0-0034,prm,event,150.0,100.0,0.0,1,0,1,1,0,-66.677032709165,647.3293303312148,-66.677032709165,60.0
random-s0-0034,visibility,once,0.0,20.0,0.0,1,0,1,1,0,-66.67703270916522,647.2064408388912,-66.67703270916522,60.0
random-s0-0034,visibility,cycle,0.0,20.0,0.0,1,0,1,1,0,-173.70384691743357,260.8917869971687,-173.70384691743357,440.0000000000001
random-s0-0034,visibility,cycle,0.0,100.0,0.0,1,0,1,1,0,-171.65816255537322,254.1271318215338,-171.65816255537322,440.0000000000001
random-s0-0034,visibility,cycle,50.0,20.0,0.0,1,0,1,1,0,-125.61027708679714,252.5596296024904,-125.61027708679714,340.0
random-s0-0034,visibility,cycle,50.0,100.0,0.0,1,0,1,1,0,-132.3976496427018,253.2848577366322,-132.3976496427018,360.00000000000006
random-s0-0034,visibility,cycle,150.0,20.0,0.0,1,0,2,2,0,-125.97216537610312,646.2278267111374,-125.97216537610312,520.0000000000001
random-s0-0034,visibility,cycle,150.0,100.0,0.0,1,0,1,1,0,-66.677032709165,501.14314351864016,-66.677032709165,60.0
random-s0-0034,visibility,event,0.0,20.0,0.0,1,0,1,1,0,-12.64893765205676,101.53669556580468,-12.64893765205676,40.0
random-s0-0034,visibility,event,0.0,100.0,0.0,1,0,1,1,0,-151.41966655292714,227.8963078563988,-151.41966655292714,360.00000000000006
random-s0-0034,visibility,event,50.0,20.0,0.0,1,0,1,1,0,-17.3002035980046,264.1731906155313,-17.3002035980046,60.0
random-s0-0034,visibility,event,50.0,100.0,0.0,1,0,0,0,0,27.50249070016872,245.5823195488261,27.50249070016872,0.0
random-s0-0034,visibility,event,150.0,20.0,0.0,1,0,2,2,0,-137.61060240121503,646.741367138951,-137.61060240121503,580.0000000000002
random-s0-0034,visibility,event,150.0,100.0,0.0,1,0,1,1,0,-66.677032709165,641.9811184065095,-66.677032709165,60.0
random-s0-0035,voronoi,once,0.0,20.0,0.0,1,0,3,0,3,-153.3097890137235,-153.3097890137235,223.6811241561836,140.0
random-s0-0035,voronoi,cycle,0.0,20.0,0.0,1,0,1,1,0,-104.58156735660005,31.522270765689285,-104.58156735660005,259.99999999999994
random-s0-0035,voronoi,cycle,0.0,100.0,0.0,1,0,2,1,1,-104.60891640187684,-75.38936792534969,-104.60891640187684,360.0
random-s0-0035,voronoi,cycle,50.0,20.0,0.0,1,0,1,1,0,-31.04344556103581,183.89957035668664,-31.04344556103581,140.0
random-s0-0035,voronoi,cycle,50.0,100.0,0.0,1,0,1,1,0,-68.62753449436252,188.18846568021303,-68.62753449436252,360.00000000000006
random-s0-0035,voronoi,cycle,150.0,20.0,0.0,1,0,0,0,0,223.6811241561836,362.3913014417217,223.6811241561836,0.0
random-s0-0035,voronoi,cycle,150.0,100.0,0.0,1,0,0,0,0,169.3172111507658,169.3172111507658,223.6811241561836,0.0
random-s0-0035,voronoi,event,0.0,20.0,0.0,1,0,1,1,0,-56.95231435229088,26.543833419553664,-56.95231435229088,200.0
random-s0-0035,voronoi,event,0.0,100.0,0.0,1,0,2,1,1,-75.38936792534969,-75.38936792534969,-72.88479238233697,319.99999999999994
random-s0-0035,voronoi,event,50.0,20.0,0.0,1,0,1,1,0,-21.543815288382945,136.5771479645593,-21.543815288382945,100.0
random-s0-0035,voronoi,event,50.0,100.0,0.0,1,0,1,1,0,-59.50238631646947,188.18846568021303,-59.50238631646947,200.0
random-s0-0035,voronoi,event,150.0,20.0,0.0,1,0,0,0,0,223.6811241561836,243.82921042369756,223.6811241561836,0.0
random-s0-0035,voronoi,event,150.0,100.0,0.0,1,0,1,0,1,-39.5249697273824,-39.5249697273824,203.82713764510305,120.0
random-s0-0035,prm,once,0.0,20.0,0.0,1,0,4,1,3,-153.3097890137235,-153.3097890137235,-137.56786018659002,640.0000000000002
random-s0-0035,prm,cycle,0.0,20.0,0.0,1,0,2,1,1,-109.01912881823344,-82.51187141764608,-109.01912881823344,340.0
random-s0-0035,prm,cycle,0.0,100.0,0.0,1,0,2,1,1,-105.02206032894188,-75.38936792534969,-105.02206032894188,299.99999999999994
random-s0-0035,prm,cycle,50.0,20.0,0.0,1,0,1,1,0,-144.65784029443736,29.28914341070933,-144.65784029443736,400.00000000000006
random-s0-0035,prm,cycle,50.0,100.0,0.0,1,0,2,1,1,-134.98169215028548,-0.9851203819425508,-134.98169215028548,540.0000000000001
random-s0-0035,prm,cycle,150.0,20.0,0.0,1,0,0,0,0,52.49330183049543,52.49330183049543,91.85696561753964,0.0
random-s0-0035,prm,cycle,150.0,100.0,0.0,1,0,1,1,0,-97.10325256277476,104.49928020416375,-97.10325256277476,279.99999999999994
random-s0-0035,prm,event,0.0,20.0,0.0,1,0,1,1,0,-105.02206032894142,6.680519861681233,-105.02206032894142,259.99999999999994
random-s0-0035,prm,event,0.0,100.0,0.0,1,0,2,1,1,-105.02206032894188,-75.38936792534969,-105.02206032894188,299.99999999999994
random-s0-0035,prm,event,50.0,20.0,0.0,1,0,0,0,0,22.24841088798675,22.24841088798675,61.296567035000834,0.0
random-s0-0035,prm,event,50.0,100.0,0.0,1,0,0,0,0,120.50902093080045,176.71103311268536,120.50902093080045,0.0
random-s0-0035,prm,event,150.0,20.0,0.0,1,0,1,1,0,-104.62706885251244,336.2635814522848,-104.62706885251244,259.99999999999994
random-s0-0035,prm,event,150.0,100.0,0.0,1,0,1,1,0,-97.10325256277476,104.49928020416375,-97.10325256277476,279.99999999999994
random-s0-0035,visibility,once,0.0,20.0,0.0,1,0,3,0,3,-153.3097890137235,-153.3097890137235,73.86680083524215,140.0
random-s0-0035,visibility,cycle,0.0,20.0,0.0,1,0,1,0,1,-4.025794094272442,-4.025794094272442,223.6811241561836,20.0
random-s0-0035,visibility,cycle,0.0,100.0,0.0,1,0,1,0,1,-75.38936792534969,-75.38936792534969,223.6811241561836,39.99999999999991
random-s0-0035,visibility,cycle,50.0,20.0,0.0,1,0,0,0,0,56.58242263223656,56.58242263223656,223.6811241561836,0.0
random-s0-0035,visibility,cycle,50.0,100.0,0.0,1,0,1,0,1,-73.25840134440018,-73.25840134440018,223.6811241561836,40.0
random-s0-0035,visibility,cycle,150.0,20.0,0.0,1,0,0,0,0,38.766165090038925,38.766165090038925,135.74686655993548,0.0
random-s0-0035,visibility,cycle,150.0,100.0,0.0,1,0,1,0,1,-2.114269926586587,-2.114269926586587,223.6811241561836,20.0
random-s0-0035,visibility,event,0.0,20.0,0.0,1,0,1,0,1,-0.6168765767230298,-0.6168765767230298,223.6811241561836,20.0
random-s0-0035,visibility,event,0.0,100.0,0.0,1,0,1,0,1,-75.38936792534969,-75.38936792534969,223.6811241561836,39.99999999999991
random-s0-0035,visibility,event,50.0,20.0,0.0,1,0,0,0,0,98.88649869721468,98.88649869721468,223.6811241561836,0.0
random-s0-0035,visibility,event,50.0,100.0,0.0,1,0,0,0,0,3.674376241906288,3.674376241906288,223.6811241561836,0.0
random-s0-0035,visibility,event,150.0,20.0,0.0,1,0,0,0,0,43.41811455114589,43.41811455114589,223.6811241561836,0.0
random-s0-0035,visibility,event,150.0,100.0,0.0,1,0,0,0,0,59.00326768996968,59.00326768996968,223.6811241561836,0.0
random-s0-0036,voronoi,once,0.0,20.0,0.0,1,0,4,3,1,-110.29260788219236,-110.29260788219236,-108.7439848449622,720.0000000000003
random-s0-0036,voronoi,cycle,0.0,20.0,0.0,1,0,0,0,0,16.516987793509315,28.635363262195625,16.516987793509315,0.0
random-s0-0036,voronoi,cycle,0.0,100.0,0.0,1,0,2,1,1,-110.29260788219234,-110.29260788219234,-40.84814492008047,179.99999999999972
random-s0-0036,voronoi,cycle,50.0,20.0,0.0,1,0,2,2,0,-108.7439848449622,82.47200057392035,-108.7439848449622,620.0000000000002
random-s0-0036,voronoi,cycle,50.0,100.0,0.0,1,0,2,2,0,-60.10136945396714,113.43710065623576,-60.10136945396714,360.00000000000006
random-s0-0036,voronoi,cycle,150.0,20.0,0.0,1,0,0,0,0,34.09687455568616,113.41910037747266,34.09687455568616,0.0
random-s0-0036,voronoi,cycle,150.0,100.0,0.0,1,0,1,1,0,-42.99338997429544,114.4318575943837,-42.99338997429544,40.0
random-s0-0036,voronoi,event,0.0,20.0,0.0,1,0,0,0,0,9.13068216875493,9.13068216875493,31.1748807832858,0.0
random-s0-0036,voronoi,event,0.0,100.0,0.0,1,0,2,1,1,-110.29260788219234,-110.29260788219234,-40.84814492008047,179.99999999999972
random-s0-0036,voronoi,event,50.0,20.0,0.0,1,0,2,2,0,-108.7439848449622,63.26179055457212,-108.7439848449622,500.0000000000001
random-s0-0036,voronoi,event,50.0,100.0,0.0,1,0,0,0,0,40.1175381291859,109.8509086604168,40.1175381291859,0.0
random-s0-0036,voronoi,event,150.0,20.0,0.0,1,0,3,3,0,-107.44282931906304,46.79209226110908,-107.44282931906304,859.9999999999903
random-s0-0036,voronoi,event,150.0,100.0,0.0,1,0,1,1,0,-106.0292510271962,42.69439002705812,-106.0292510271962,380.00000000000006
random-s0-0036,prm,once,0.0,20.0,0.0,1,0,4,2,2,-135.2963037978037,-110.29260788219236,-135.2963037978037,740.0000000000003
random-s0-0036,prm,cycle,0.0,20.0,0.0,1,0,0,0,0,2.44110699292412,2.44110699292412,7.168946736355622,0.0
random-s0-0036,prm,cycle,0.0,100.0,0.0,1,0,1,0,1,-110.29260788219234,-110.29260788219234,28.96779225683929,59.99999999999992
random-s0-0036,prm,cycle,50.0,20.0,0.0,1,0,0,0,0,63.52529389026685,107.85410431680084,63.52529389026685,0.0
random-s0-0036,prm,cycle,50.0,100.0,0.0,1,0,0,0,0,79.16337079297818,79.16337079297818,125.09098327088508,0.0
random-s0-0036,prm,cycle,150.0,20.0,0.0,1,0,1,1,0,-108.7439848449622,113.0346632612517,-108.7439848449622,400.00000000000006
random-s0-0036,prm,cycle,150.0,100.0,0.0,1,0,2,2,0,-94.9368341331308,115.1150096984203,-94.9368341331308,180.0
random-s0-0036,prm,event,0.0,20.0,0.0,1,0,0,0,0,2.44110699292412,2.44110699292412,2.454926093281955,0.0
random-s0-0036,prm,event,0.0,100.0,0.0,1,0,1,0,1,-110.29260788219234,-110.29260788219234,20.00068437518118,59.99999999999992
random-s0-0036,prm,event,50.0,20.0,0.0,1,0,0,0,0,63.52529389026685,109.20015520329277,63.52529389026685,0.0
random-s0-0036,prm,event,50.0,100.0,0.0,1,0,0,0,0,79.16337079297818,79.16337079297818,125.09098327088508,0.0
random-s0-0036,prm,event,150.0,20.0,0.0,1,0,1,1,0,-108.7439848449622,100.84033086771568,-108.7439848449622,400.00000000000006
random-s0-0036,prm,event,150.0,100.0,0.0,1,0,2,2,0,-142.11718752706406,96.36582339857053,-142.11718752706406,600.0000000000002
random-s0-0036,visibility,once,0.0,20.0,0.0,1,0,3,2,1,-110.29260788219236,-110.29260788219236,-108.7439848449622,440.0000000000001
random-s0-0036,visibility,cycle,0.0,20.0,0.0,1,0,0,0,0,16.71044785513891,16.71044785513891,41.26406842312181,0.0
random-s0-0036,visibility,cycle,0.0,100.0,0.0,1,0,1,0,1,-110.29260788219234,-110.29260788219234,25.087609040460336,59.99999999999992
random-s0-0036,visibility,cycle,50.0,20.0,0.0,1,0,0,0,0,17.35070216897776,38.447394769963125,17.35070216897776,0.0
random-s0-0036,visibility,cycle,50.0,100.0,0.0,1,0,1,1,0,-72.03019470942854,85.7151083510148,-72.03019470942854,300.0
random-s0-0036,visibility,cycle,150.0,20.0,0.0,1,0,0,0,0,89.16789759971812,91.97727465251812,89.16789759971812,0.0
random-s0-0036,visibility,cycle,150.0,100.0,0.0,1,0,1,1,0,-108.7439848449622,113.31966142818692,-108.7439848449622,279.99999999999994
random-s0-0036,visibility,event,0.0,20.0,0.0,1,0,0,0,0,33.55408146197587,33.55408146197587,43.49468686136797,0.0
random-s0-0036,visibility,event,0.0,100.0,0.0,1,0,1,0,1,-110.29260788219234,-110.29260788219234,25.087609040460336,59.99999999999992
random-s0-0036,visibility,event,50.0,20.0,0.0,1,0,0,0,0,42.13807101703537,53.84293178667454,42.13807101703537,0.0
random-s0-0036,visibility,event,50.0,100.0,0.0,1,0,0,0,0,45.4982019991979,45.4982019991979,76.29124338020745,0.0
random-s0-0036,visibility,event,150.0,20.0,0.0,1,0,2,2,0,-110.0560117825126,107.37260871947149,-110.0560117825126,539.9999999999972
random-s0-0036,visibility,event,150.0,100.0,0.0,1,0,1,1,0,-108.7439848449622,114.0416068887211,-108.7439848449622,279.99999999999994
random-s0-0037,voronoi,once,0.0,20.0,0.0,1,0,2,1,1,-99.00182297173777,-28.920411615807467,-99.00182297173777,140.0
random-s0-0037,voronoi,cycle,0.0,20.0,0.0,1,0,0,0,0,131.078774125655,212.7774503803954,131.078774125655,0.0
random-s0-0037,voronoi,cycle,0.0,100.0,0.0,1,0,0,0,0,100.35437875780462,100.35437875780462,125.78281608178122,0.0
random-s0-0037,voronoi,cycle,50.0,20.0,0.0,1,0,0,0,0,179.6969481856167,299.0774112005421,179.6969481856167,0.0
random-s0-0037,voronoi,cycle,50.0,100.0,0.0,1,0,1,1,0,-41.26142205227839,87.45561802748489,-41.26142205227839,279.9999999999998
random-s0-0037,voronoi,cycle,150.0,20.0,0.0,1,0,0,0,0,134.56921261101724,251.4610781110956,134.56921261101724,0.0
random-s0-0037,voronoi,cycle,150.0,100.0,0.0,1,0,0,0,0,23.118496137429588,362.1090954161043,23.118496137429588,0.0
random-s0-0037,voronoi,event,0.0,20.0,0.0,1,0,0,0,0,121.74602917137564,155.30590962511815,121.74602917137564,0.0
random-s0-0037,voronoi,event,0.0,100.0,0.0,1,0,0,0,0,103.15264719906612,103.15264719906612,134.3402497603679,0.0
random-s0-0037,voronoi,event,50.0,20.0,0.0,1,0,0,0,0,166.2691908232477,320.0777763716023,166.2691908232477,0.0
random-s0-0037,voronoi,event,50.0,100.0,0.0,1,0,2,2,0,-56.37249310003473,59.15782585896588,-56.37249310003473,579.9999999999997
random-s0-0037,voronoi,event,150.0,20.0,0.0,1,0,1,1,0,-146.1716616756474,239.6432424817997,-146.1716616756474,439.9999999999906
random-s0-0037,voronoi,event,150.0,100.0,0.0,1,0,0,0,0,23.118496137429588,111.81088935906403,23.118496137429588,0.0
random-s0-0037,prm,once,0.0,20.0,0.0,1,0,2,1,1,-99.00182297173777,-95.49998135658306,-99.00182297173777,160.0
random-s0-0037,prm,cycle,0.0,20.0,0.0,1,0,1,1,0,-28.716382723467547,61.92914412931938,-28.716382723467547,80.0
random-s0-0037,prm,cycle,0.0,100.0,0.0,1,0,0,0,0,17.95089433608885,22.7229896551637,17.95089433608885,0.0
random-s0-0037,prm,cycle,50.0,20.0,0.0,1,0,0,0,0,3.2834873458805305,39.30056687153501,3.2834873458805305,0.0
random-s0-0037,prm,cycle,50.0,100.0,0.0,1,0,2,1,1,-95.49998135658306,-95.49998135658306,-3.5218691903555737,60.0
random-s0-0037,prm,cycle,150.0,20.0,0.0,1,0,0,0,0,100.62440313959138,219.5379832032856,100.62440313959138,0.0
random-s0-0037,prm,cycle,150.0,100.0,0.0,1,0,0,0,0,89.28412851089689,221.01076570733164,89.28412851089689,0.0
random-s0-0037,prm,event,0.0,20.0,0.0,1,0,1,1,0,-28.716382723467547,6.8603138438849385,-28.716382723467547,80.0
random-s0-0037,prm,event,0.0,100.0,0.0,1,0,0,0,0,17.95089433608885,22.7229896551637,17.95089433608885,0.0
random-s0-0037,prm,event,50.0,20.0,0.0,1,0,0,0,0,66.28570733998794,181.82421196977828,66.28570733998794,0.0
random-s0-0037,prm,event,50.0,100.0,0.0,1,0,2,1,1,-95.49998135658306,-95.49998135658306,-3.5218691903555737,60.0
random-s0-0037,prm,event,150.0,20.0,0.0,1,0,0,0,0,217.41883448070269,219.5379832032856,217.41883448070269,0.0
random-s0-0037,prm,event,150.0,100.0,0.0,1,0,0,0,0,217.41883448070269,221.01076570733164,217.41883448070269,0.0
random-s0-0037,visibility,once,0.0,20.0,0.0,1,0,2,1,1,-99.00182297173777,-28.55070015379385,-99.00182297173777,160.0
random-s0-0037,visibility,cycle,0.0,20.0,0.0,1,0,1,1,0,-80.52873926654509,3.840845557057037,-80.52873926654509,279.99999999999994
random-s0-0037,visibility,cycle,0.0,100.0,0.0,1,0,2,2,0,-87.24923678773197,23.15334426711001,-87.24923678773197,279.99999999999994
random-s0-0037,visibility,cycle,50.0,20.0,0.0,1,0,0,0,0,7.826787406281284,59.36002738445424,7.826787406281284,0.0
random-s0-0037,visibility,cycle,50.0,100.0,0.0,1,0,2,1,1,-109.82810955715686,-2.7002218405613974,-109.82810955715686,259.9999999999998
random-s0-0037,visibility,cycle,150.0,20.0,0.0,1,0,0,0,0,72.08682389674578,181.46239631228264,72.08682389674578,0.0
random-s0-0037,visibility,cycle,150.0,100.0,0.0,1,0,0,0,0,94.98937528995924,151.05285232253016,94.98937528995924,0.0
random-s0-0037,visibility,event,0.0,20.0,0.0,1,0,1,1,0,-80.04246026363995,15.138647408220407,-80.04246026363995,279.99999999999994
random-s0-0037,visibility,event,0.0,100.0,0.0,1,0,2,2,0,-87.24923678773197,15.280037686865626,-87.24923678773197,279.99999999999994
random-s0-0037,visibility,event,50.0,20.0,0.0,1,0,1,1,0,-148.406396437588,68.43420750760532,-148.406396437588,320.0
random-s0-0037,visibility,event,50.0,100.0,0.0,1,0,2,1,1,-109.82810955715686,-2.7002218405613974,-109.82810955715686,259.9999999999998
random-s0-0037,visibility,event,150.0,20.0,0.0,1,0,1,1,0,-51.92596278572654,247.08963519995808,-51.92596278572654,360.00000000000006
random-s0-0037,visibility,event,150.0,100.0,0.0,1,0,1,1,0,-142.2292875126375,122.10025103209574,-142.2292875126375,279.99999999999994
random-s0-0038,voronoi,once,0.0,20.0,0.0,1,0,1,0,1,-117.14297158458363,-117.14297158458363,40.8370382351244,60.0
random-s0-0038,voronoi,cycle,0.0,20.0,0.0,1,0,0,0,0,21.49148770894473,243.6151098707187,21.49148770894473,0.0
random-s0-0038,voronoi,cycle,0.0,100.0,0.0,1,0,0,0,0,24.463878862228825,217.1943033627205,24.463878862228825,0.0
random-s0-0038,voronoi,cycle,50.0,20.0,0.0,1,0,0,0,0,37.81601798209746,233.7540881199429,37.81601798209746,0.0
random-s0-0038,voronoi,cycle,50.0,100.0,0.0,1,0,0,0,0,41.440573134917855,313.85514178120104,41.440573134917855,0.0
random-s0-0038,voronoi,cycle,150.0,20.0,0.0,1,0,0,0,0,70.07960942405546,300.4665313617741,70.07960942405546,0.0
random-s0-0038,voronoi,cycle,150.0,100.0,0.0,1,0,0,0,0,80.95453668337365,467.6028134042584,80.95453668337365,0.0
random-s0-0038,voronoi,event,0.0,20.0,0.0,1,0,0,0,0,21.529852997157832,23.17614647964902,21.529852997157832,0.0
random-s0-0038,voronoi,event,0.0,100.0,0.0,1,0,0,0,0,40.8370382351244,43.02803277360937,40.8370382351244,0.0
random-s0-0038,voronoi,event,50.0,20.0,0.0,1,0,0,0,0,13.097097209679845,13.097097209679845,40.28939814163115,0.0
random-s0-0038,voronoi,event,50.0,100.0,0.0,1,0,0,0,0,35.11450817726714,35.11450817726714,43.5620691311988,0.0
random-s0-0038,voronoi,event,150.0,20.0,0.0,1,0,0,0,0,72.47207715644242,324.2527005686052,72.47207715644242,0.0
random-s0-0038,voronoi,event,150.0,100.0,0.0,1,0,0,0,0,70.52557910610491,555.7037461909214,70.52557910610491,0.0
random-s0-0038,prm,once,0.0,20.0,0.0,1,0,2,1,1,-117.14297158458363,-117.14297158458363,-100.20023517430198,140.0
random-s0-0038,prm,cycle,0.0,20.0,0.0,1,0,0,0,0,83.98012551912052,198.32812568435617,83.98012551912052,0.0
random-s0-0038,prm,cycle,0.0,100.0,0.0,1,0,0,0,0,27.75191230855788,399.192765649535,27.75191230855788,0.0
random-s0-0038,prm,cycle,50.0,20.0,0.0,1,0,0,0,0,73.24552283992946,304.01812861876124,73.24552283992946,0.0
random-s0-0038,prm,cycle,50.0,100.0,0.0,1,0,0,0,0,41.29707633215236,297.3981802698298,41.29707633215236,0.0
random-s0-0038,prm,cycle,150.0,20.0,0.0,1,0,0,0,0,41.16259629155934,363.4492682670989,41.16259629155934,0.0
random-s0-0038,prm,cycle,150.0,100.0,0.0,1,0,0,0,0,115.31826065235909,370.2547451617763,115.31826065235909,0.0
random-s0-0038,prm,event,0.0,20.0,0.0,1,0,0,0,0,44.419597038709526,277.5836427766319,44.419597038709526,0.0
random-s0-0038,prm,event,0.0,100.0,0.0,1,0,0,0,0,1.5077513269626197,98.88418475654156,1.5077513269626197,0.0
random-s0-0038,prm,event,50.0,20.0,0.0,1,0,0,0,0,44.88450532548367,308.04261034803653,44.88450532548367,0.0
random-s0-0038,prm,event,50.0,100.0,0.0,1,0,0,0,0,56.75203854985122,56.75203854985122,115.31826065235909,0.0
random-s0-0038,prm,event,150.0,20.0,0.0,1,0,0,0,0,52.33387654773907,52.33387654773907,60.76046234371347,0.0
random-s0-0038,prm,event,150.0,100.0,0.0,1,0,0,0,0,64.57251641579379,64.57251641579379,115.31826065235909,0.0
random-s0-0038,visibility,once,0.0,20.0,0.0,1,0,2,1,1,-117.14297158458363,-117.14297158458363,-37.84987422833737,300.0
random-s0-0038,visibility,cycle,0.0,20.0,0.0,1,0,2,1,1,-128.8385280063233,-2.4167094582903417,-128.8385280063233,500.0000000000001
random-s0-0038,visibility,cycle,0.0,100.0,0.0,1,0,1,1,0,-8.095116286428379,126.93870133747174,-8.095116286428379,119.99999999999991
random-s0-0038,visibility,cycle,50.0,20.0,0.0,1,0,1,1,0,-155.50894520577688,35.3425188403543,-155.50894520577688,360.00000000000006
random-s0-0038,visibility,cycle,50.0,100.0,0.0,1,0,1,1,0,-149.82939825014088,34.7364660650675,-149.82939825014088,379.99999999999966
random-s0-0038,visibility,cycle,150.0,20.0,0.0,1,0,0,0,0,33.49648260600685,118.19423692233352,33.49648260600685,0.0
random-s0-0038,visibility,cycle,150.0,100.0,0.0,1,0,0,0,0,56.41385179717804,179.4543578896234,56.41385179717804,0.0
random-s0-0038,visibility,event,0.0,20.0,0.0,1,0,2,2,0,-2.4260612277695373,74.63025380263718,-2.4260612277695373,120.0
random-s0-0038,visibility,event,0.0,100.0,0.0,1,0,0,0,0,4.436754662771989,126.93870133747174,4.436754662771989,0.0
random-s0-0038,visibility,event,50.0,20.0,0.0,1,0,1,1,0,-153.73703602727426,59.30523707038535,-153.73703602727426,360.00000000000006
random-s0-0038,visibility,event,50.0,100.0,0.0,1,0,1,1,0,-149.82939825014088,60.60252398941413,-149.82939825014088,379.99999999999966
random-s0-0038,visibility,event,150.0,20.0,0.0,1,0,1,1,0,-141.19455945440887,104.1092278338756,-141.19455945440887,279.99999999999994
random-s0-0038,visibility,event,150.0,100.0,0.0,1,0,0,0,0,102.81654290946972,301.9377980609415,102.81654290946972,0.0
random-s0-0039,voronoi,once,0.0,20.0,0.0,1,0,7,5,2,-171.40243037142764,-122.67716751454458,-171.40243037142764,2420.000000000002
random-s0-0039,voronoi,cycle,0.0,20.0,0.0,1,0,0,0,0,46.09577799216362,46.09577799216362,128.00820144902917,0.0
random-s0-0039,voronoi,cycle,0.0,100.0,0.0,1,0,0,0,0,111.8899205702217,423.9978630430621,111.8899205702217,0.0
random-s0-0039,voronoi,cycle,50.0,20.0,0.0,1,0,0,0,0,95.23682621180215,197.30556458996745,95.23682621180215,0.0
random-s0-0039,voronoi,cycle,50.0,100.0,0.0,1,0,0,0,0,75.57613496740169,294.47986448920886,75.57613496740169,0.0
random-s0-0039,voronoi,cycle,150.0,20.0,0.0,1,0,0,0,0,128.02765461573006,490.19973457567255,128.02765461573006,0.0
random-s0-0039,voronoi,cycle,150.0,100.0,0.0,1,0,0,0,0,171.3506082435298,416.639702968385,171.3506082435298,0.0
random-s0-0039,voronoi,event,0.0,20.0,0.0,1,0,0,0,0,32.637644923617415,32.637644923617415,81.80493189280685,0.0
random-s0-0039,voronoi,event,0.0,100.0,0.0,1,0,0,0,0,4.762088752383619,382.7879926502169,4.762088752383619,0.0
random-s0-0039,voronoi,event,50.0,20.0,0.0,1,0,0,0,0,101.73786870640066,448.32311236100736,101.73786870640066,0.0
random-s0-0039,voronoi,event,50.0,100.0,0.0,1,0,0,0,0,44.58849701652153,44.58849701652153,233.82935882642263,0.0
random-s0-0039,voronoi,event,150.0,20.0,0.0,1,0,1,1,0,-51.99881106752935,235.4618939384576,-51.99881106752935,179.99999999999616
random-s0-0039,voronoi,event,150.0,100.0,0.0,1,0,0,0,0,105.5815502335256,548.7106236286181,105.5815502335256,0.0
random-s0-0039,prm,once,0.0,20.0,0.0,1,0,3,2,1,-167.9495958223758,-167.9495958223758,-61.81839609901728,620.0000000000002
random-s0-0039,prm,cycle,0.0,20.0,0.0,1,0,0,0,0,14.511127926369596,36.9903903741552,14.511127926369596,0.0
random-s0-0039,prm,cycle,0.0,100.0,0.0,1,0,1,1,0,-36.61249751391449,58.10495302073463,-36.61249751391449,60.0
random-s0-0039,prm,cycle,50.0,20.0,0.0,1,0,0,0,0,123.14451109351752,194.2874161915572,123.14451109351752,0.0
random-s0-0039,prm,cycle,50.0,100.0,0.0,1,0,1,0,1,-115.47588485949876,-115.47588485949876,257.62193510348754,499.99999999999983
random-s0-0039,prm,cycle,150.0,20.0,0.0,1,0,0,0,0,27.64481318697989,27.64481318697989,130.00455106948175,0.0
random-s0-0039,prm,cycle,150.0,100.0,0.0,1,0,0,0,0,220.23083125762756,498.6195383946644,220.23083125762756,0.0
random-s0-0039,prm,event,0.0,20.0,0.0,1,0,0,0,0,1.5104851494016884,1.5104851494016884,10.936462972073684,0.0
random-s0-0039,prm,event,0.0,100.0,0.0,1,0,1,1,0,-19.56974775489573,140.19866970455513,-19.56974775489573,60.0
random-s0-0039,prm,event,50.0,20.0,0.0,1,0,0,0,0,22.08636325475419,156.14672859062892,22.08636325475419,0.0
random-s0-0039,prm,event,50.0,100.0,0.0,1,0,1,0,1,-115.47588485949876,-115.47588485949876,71.77041503526559,499.99999999999983
random-s0-0039,prm,event,150.0,20.0,0.0,1,0,0,0,0,117.58149440508843,483.4191085312976,117.58149440508843,0.0
random-s0-0039,prm,event,150.0,100.0,0.0,1,0,1,1,0,-60.183776456049685,87.17045303428398,-60.183776456049685,140.0
random-s0-0039,visibility,once,0.0,20.0,0.0,1,0,1,1,0,-95.87807226591308,178.46855837079653,-95.87807226591308,540.0000000000001
random-s0-0039,visibility,cycle,0.0,20.0,0.0,1,0,0,0,0,84.09725785176158,96.87891376931124,84.09725785176158,0.0
random-s0-0039,visibility,cycle,0.0,100.0,0.0,1,0,0,0,0,77.15328186366469,77.15328186366469,88.05228212770493,0.0
random-s0-0039,visibility,cycle,50.0,20.0,0.0,1,0,0,0,0,76.44485812790293,118.70846541098685,76.44485812790293,0.0
random-s0-0039,visibility,cycle,50.0,100.0,0.0,1,0,0,0,0,105.89520957149176,121.32170773300624,105.89520957149176,0.0
random-s0-0039,visibility,cycle,150.0,20.0,0.0,1,0,1,1,0,-52.80967215830225,332.9465218283148,-52.80967215830225,120.0
random-s0-0039,visibility,cycle,150.0,100.0,0.0,1,0,0,0,0,156.71841911247367,162.11567022145857,156.71841911247367,0.0
random-s0-0039,visibility,event,0.0,20.0,0.0,1,0,0,0,0,62.18788872925822,99.3184819867343,62.18788872925822,0.0
random-s0-0039,visibility,event,0.0,100.0,0.0,1,0,0,0,0,53.63527731805769,82.21361136374458,53.63527731805769,0.0
random-s0-0039,visibility,event,50.0,20.0,0.0,1,0,0,0,0,60.81689277490739,132.98355919210525,60.81689277490739,0.0
random-s0-0039,visibility,event,50.0,100.0,0.0,1,0,0,0,0,61.169271158796136,61.169271158796136,64.89960370766875,0.0
random-s0-0039,visibility,event,150.0,20.0,0.0,1,0,0,0,0,70.03882817573401,291.0914184992289,70.03882817573401,0.0
random-s0-0039,visibility,event,150.0,100.0,0.0,1,0,0,0,0,79.48516536791794,164.0750835464849,79.48516536791794,0.0
random-s0-0040,voronoi,once,0.0,20.0,0.0,1,0,5,3,2,-146.51119150641696,-146.51119150641696,-98.1649097638862,920.0000000000005
random-s0-0040,voronoi,cycle,0.0,20.0,0.0,1,0,0,0,0,10.346391139349947,25.149292419565512,10.346391139349947,0.0
random-s0-0040,voronoi,cycle,0.0,100.0,0.0,1,0,0,0,0,20.249662876823123,20.249662876823123,76.44356170734858,0.0
random-s0-0040,voronoi,cycle,50.0,20.0,0.0,1,0,0,0,0,32.315160470032566,107.51187681137986,32.315160470032566,0.0
random-s0-0040,voronoi,cycle,50.0,100.0,0.0,1,0,0,0,0,76.13563801053118,146.16905126023238,76.13563801053118,0.0
random-s0-0040,voronoi,cycle,150.0,20.0,0.0,1,0,0,0,0,3.497032274143777,3.497032274143777,73.72647661391221,0.0
random-s0-0040,voronoi,cycle,150.0,100.0,0.0,1,0,0,0,0,107.34260081631209,107.34260081631209,123.11740418331284,0.0
random-s0-0040,voronoi,event,0.0,20.0,0.0,1,0,0,0,0,0.7781102584132782,0.7781102584132782,29.318198390142584,0.0
random-s0-0040,voronoi,event,0.0,100.0,0.0,1,0,3,0,3,-21.429486260568325,-21.429486260568325,15.620329154180666,80.0
random-s0-0040,voronoi,event,50.0,20.0,0.0,1,0,0,0,0,30.805473344120514,60.447296341855605,30.805473344120514,0.0
random-s0-0040,voronoi,event,50.0,100.0,0.0,1,0,2,2,0,-68.24699816888526,33.58204099307767,-68.24699816888526,680.0000000000002
random-s0-0040,voronoi,event,150.0,20.0,0.0,1,0,0,0,0,79.29234514651216,137.6422798769113,79.29234514651216,0.0
random-s0-0040,voronoi,event,150.0,100.0,0.0,1,0,0,0,0,105.42766265568564,107.34260081631209,105.42766265568564,0.0
random-s0-0040,prm,once,0.0,20.0,0.0,1,0,6,4,2,-98.1649097638862,-67.71341687845425,-98.1649097638862,880.0000000000005
random-s0-0040,prm,cycle,0.0,20.0,0.0,1,0,0,0,0,1.4025251714179203,126.84936325620708,1.4025251714179203,0.0
random-s0-0040,prm,cycle,0.0,100.0,0.0,1,0,0,0,0,0.8066360799368795,116.45062169237964,0.8066360799368795,0.0
random-s0-0040,prm,cycle,50.0,20.0,0.0,1,0,0,0,0,66.76603998116741,126.84936325620708,66.76603998116741,0.0
random-s0-0040,prm,cycle,50.0,100.0,0.0,1,0,0,0,0,64.81145731368022,64.81145731368022,84.53243112425605,0.0
random-s0-0040,prm,cycle,150.0,20.0,0.0,1,0,0,0,0,3.0829485201549858,3.0829485201549858,108.77433389646654,0.0
random-s0-0040,prm,cycle,150.0,100.0,0.0,1,0,0,0,0,96.9606070373394,96.9606070373394,108.77433389646755,0.0
random-s0-0040,prm,event,0.0,20.0,0.0,1,0,1,1,0,-79.13949396930782,116.45062169237964,-79.13949396930782,60.0
random-s0-0040,prm,event,0.0,100.0,0.0,1,0,1,1,0,-49.74714286957902,111.31587353663792,-49.74714286957902,199.99999999999983
random-s0-0040,prm,event,50.0,20.0,0.0,1,0,1,1,0,-60.14296064975156,126.84936325620708,-60.14296064975156,300.0
random-s0-0040,prm,event,50.0,100.0,0.0,1,0,0,0,0,45.07470701436751,116.45062169237964,45.07470701436751,0.0
random-s0-0040,prm,event,150.0,20.0,0.0,1,0,0,0,0,99.30613124270286,116.53857696518588,99.30613124270286,0.0
random-s0-0040,prm,event,150.0,100.0,0.0,1,0,0,0,0,96.9606070373394,96.9606070373394,108.77433389646755,0.0
random-s0-0040,visibility,once,0.0,20.0,0.0,1,0,7,4,3,-135.8912609406367,-135.8912609406367,-98.1649097638862,820.0000000000003
random-s0-0040,visibility,cycle,0.0,20.0,0.0,1,0,6,3,3,-140.00764584661886,-140.00764584661886,-38.71166743781032,880.0000000000005
random-s0-0040,visibility,cycle,0.0,100.0,0.0,1,0,4,3,1,-163.61816113045458,-163.61816113045458,-42.17101540004927,220.0
random-s0-0040,visibility,cycle,50.0,20.0,0.0,1,0,2,1,1,-147.9742049951755,-147.9742049951755,-1.7225795859101822,79.99999999999997
random-s0-0040,visibility,cycle,50.0,100.0,0.0,1,0,3,2,1,-112.35456055502958,-112.35456055502958,-13.174706057585553,160.0
random-s0-0040,visibility,cycle,150.0,20.0,0.0,1,0,1,0,1,-28.972715617329698,-28.972715617329698,35.94242782165574,39.999999999999964
random-s0-0040,visibility,cycle,150.0,100.0,0.0,1,0,1,0,1,-28.524663173536798,-28.524663173536798,62.04621411288818,39.99999999999991
random-s0-0040,visibility,event,0.0,20.0,0.0,1,0,5,3,2,-146.0993494049453,-146.0993494049453,-53.53507802447072,880.0000000000005
random-s0-0040,visibility,event,0.0,100.0,0.0,1,0,4,3,1,-154.23223886298786,-154.23223886298786,-30.07369066262564,319.9999999999998
random-s0-0040,visibility,event,50.0,20.0,0.0,1,0,0,0,0,14.600782610021952,81.27629716789693,14.600782610021952,0.0
random-s0-0040,visibility,event,50.0,100.0,0.0,1,0,1,1,0,-17.142761501872485,22.966517310860667,-17.142761501872485,20.0
random-s0-0040,visibility,event,150.0,20.0,0.0,1,0,1,0,1,-28.972715617329698,-28.972715617329698,113.7061702023421,39.999999999999964
random-s0-0040,visibility,event,150.0,100.0,0.0,1,0,1,0,1,-25.90971270526921,-25.90971270526921,83.99651247755878,39.99999999999991
random-s0-0041,voronoi,once,0.0,20.0,0.0,1,0,3,2,1,-172.85732940191176,-134.73606905580164,-172.85732940191176,620.0000000000002
random-s0-0041,voronoi,cycle,0.0,20.0,0.0,1,0,2,2,0,-172.85732940191176,35.04464428351736,-172.85732940191176,1000.0000000000005
random-s0-0041,voronoi,cycle,0.0,100.0,0.0,1,0,2,2,0,-172.85732940191187,60.52120286623273,-172.85732940191187,540.0
random-s0-0041,voronoi,cycle,50.0,20.0,0.0,1,0,1,1,0,-172.85732940191176,139.13162787471322,-172.85732940191176,500.0000000000001
random-s0-0041,voronoi,cycle,50.0,100.0,0.0,1,0,1,1,0,-172.85732940191187,183.4299432270061,-172.85732940191187,500.0
random-s0-0041,voronoi,cycle,150.0,20.0,0.0,1,0,0,0,0,94.46943289743656,198.80732574550967,94.46943289743656,0.0
random-s0-0041,voronoi,cycle,150.0,100.0,0.0,1,0,0,0,0,40.43097506935615,150.83754492149927,40.43097506935615,0.0
random-s0-0041,voronoi,event,0.0,20.0,0.0,1,0,2,2,0,-172.85732940191176,68.94811154653848,-172.85732940191176,1000.0000000000005
random-s0-0041,voronoi,event,0.0,100.0,0.0,1,0,2,2,0,-172.85732940191187,5.1483795837745845,-172.85732940191187,540.0
random-s0-0041,voronoi,event,50.0,20.0,0.0,1,0,1,1,0,-172.85732940191176,241.57045318966863,-172.85732940191176,500.0000000000001
random-s0-0041,voronoi,event,50.0,100.0,0.0,1,0,1,1,0,-172.85732940191187,118.22752988272975,-172.85732940191187,500.0
random-s0-0041,voronoi,event,150.0,20.0,0.0,1,0,0,0,0,94.46943289743656,143.71338547560435,94.46943289743656,0.0
random-s0-0041,voronoi,event,150.0,100.0,0.0,1,0,0,0,0,40.43097506935615,294.4783041525334,40.43097506935615,0.0
random-s0-0041,prm,once,0.0,20.0,0.0,1,0,3,2,1,-172.85732940191176,-134.73606905580164,-172.85732940191176,620.0000000000002
random-s0-0041,prm,cycle,0.0,20.0,0.0,1,0,2,1,1,-172.85732940191176,-24.06745677797656,-172.85732940191176,640.0000000000002
random-s0-0041,prm,cycle,0.0,100.0,0.0,1,0,3,2,1,-172.85732940191187,-62.57702044059828,-172.85732940191187,700.0
random-s0-0041,prm,cycle,50.0,20.0,0.0,1,0,1,1,0,-172.85732940191176,47.63640898506523,-172.85732940191176,500.0000000000001
random-s0-0041,prm,cycle,50.0,100.0,0.0,1,0,2,1,1,-172.85732940191187,-50.89629042621405,-172.85732940191187,600.0
random-s0-0041,prm,cycle,150.0,20.0,0.0,1,0,2,1,1,-172.85732940191176,-134.73606905580144,-172.85732940191176,580.0000000000002
random-s0-0041,prm,cycle,150.0,100.0,0.0,1,0,2,1,1,-172.85732940191187,-134.73606905580164,-172.85732940191187,580.0000000000001
random-s0-0041,prm,event,0.0,20.0,0.0,1,0,1,1,0,-172.85732940191176,28.64469571282001,-172.85732940191176,500.0000000000001
random-s0-0041,prm,event,0.0,100.0,0.0,1,0,3,2,1,-172.85732940191187,-134.822428901489,-172.85732940191187,840.0000000000002
random-s0-0041,prm,event,50.0,20.0,0.0,1,0,1,1,0,-172.85732940191176,59.80291182349527,-172.85732940191176,500.0000000000001
random-s0-0041,prm,event,50.0,100.0,0.0,1,0,2,1,1,-172.85732940191187,-50.89629042621405,-172.85732940191187,600.0
random-s0-0041,prm,event,150.0,20.0,0.0,1,0,2,1,1,-172.85732940191176,-134.73606905580144,-172.85732940191176,580.0000000000002
random-s0-0041,prm,event,150.0,100.0,0.0,1,0,2,1,1,-172.85732940191187,-134.73606905580164,-172.85732940191187,580.0000000000001
random-s0-0041,visibility,once,0.0,20.0,0.0,1,0,3,2,1,-172.85732940191176,-134.73606905580164,-172.85732940191176,620.0000000000002
random-s0-0041,visibility,cycle,0.0,20.0,0.0,1,0,3,2,1,-172.85732940191176,-34.15012804159568,-172.85732940191176,1120.0000000000005
random-s0-0041,visibility,cycle,0.0,100.0,0.0,1,0,4,2,2,-177.74152035324414,-177.74152035324414,-172.85732940191187,1020.0
random-s0-0041,visibility,cycle,50.0,20.0,0.0,1,0,3,2,1,-172.85732940191176,-27.87859667686942,-172.85732940191176,960.0000000000006
random-s0-0041,visibility,cycle,50.0,100.0,0.0,1,0,3,2,1,-172.85732940191187,-3.5559179916069468,-172.85732940191187,880.0
random-s0-0041,visibility,cycle,150.0,20.0,0.0,1,0,2,1,1,-172.85732940191176,-134.73606905580144,-172.85732940191176,580.0000000000002
random-s0-0041,visibility,cycle,150.0,100.0,0.0,1,0,3,2,1,-172.85732940191187,-134.73606905580164,-172.85732940191187,1020.0
random-s0-0041,visibility,event,0.0,20.0,0.0,1,0,3,2,1,-172.85732940191176,-20.842447140233617,-172.85732940191176,1100.0000000000005
random-s0-0041,visibility,event,0.0,100.0,0.0,1,0,4,2,2,-177.74152035324414,-177.74152035324414,-172.85732940191187,1079.9999999999998
random-s0-0041,visibility,event,50.0,20.0,0.0,1,0,2,2,0,-172.85732940191176,32.28582219854462,-172.85732940191176,900.0000000000005
random-s0-0041,visibility,event,50.0,100.0,0.0,1,0,2,2,0,-172.85732940191187,4.995316788308372,-172.85732940191187,880.0
random-s0-0041,visibility,event,150.0,20.0,0.0,1,0,3,1,2,-172.85732940191176,-134.73606905580144,-172.85732940191176,840.0
random-s0-0041,visibility,event,150.0,100.0,0.0,1,0,4,2,2,-172.85732940191187,-134.73606905580164,-172.85732940191187,1380.0000000000002
random-s0-0042,voronoi,once,0.0,20.0,0.0,1,0,4,3,1,-164.59543333189075,-102.66694506585934,-164.59543333189075,1260.000000000001
random-s0-0042,voronoi,cycle,0.0,20.0,0.0,1,0,0,0,0,13.11628761426772,46.66259633320868,13.11628761426772,0.0
random-s0-0042,voronoi,cycle,0.0,100.0,0.0,1,0,1,1,0,-12.197344489167648,65.56680134724431,-12.197344489167648,40.0
random-s0-0042,voronoi,cycle,50.0,20.0,0.0,1,0,1,1,0,-17.229246655860436,133.4103287768956,-17.229246655860436,180.0
random-s0-0042,voronoi,cycle,50.0,100.0,0.0,1,0,2,2,0,-171.79641313460388,108.40547369602008,-171.79641313460388,779.9999999999999
random-s0-0042,voronoi,cycle,150.0,20.0,0.0,1,0,2,2,0,-153.68051618292534,201.31599571379644,-153.68051618292534,639.9999999999989
random-s0-0042,voronoi,cycle,150.0,100.0,0.0,1,0,2,2,0,-169.70793454610276,318.408453233569,-169.70793454610276,679.9999999999998
random-s0-0042,voronoi,event,0.0,20.0,0.0,1,0,2,2,0,-37.046039501249794,193.71053714327556,-37.046039501249794,300.0
random-s0-0042,voronoi,event,0.0,100.0,0.0,1,0,1,1,0,-10.97130521262696,26.321984670321054,-10.97130521262696,40.0
random-s0-0042,voronoi,event,50.0,20.0,0.0,1,0,1,1,0,-29.121774096252267,324.1999294123207,-29.121774096252267,40.0
random-s0-0042,voronoi,event,50.0,100.0,0.0,1,0,3,3,0,-167.49943528522292,90.72437842864709,-167.49943528522292,1020.0
random-s0-0042,voronoi,event,150.0,20.0,0.0,1,0,1,1,0,-47.73826736047943,294.2951036344213,-47.73826736047943,259.99999999999994
random-s0-0042,voronoi,event,150.0,100.0,0.0,1,0,2,2,0,-156.3067944388796,219.2660771710719,-156.3067944388796,540.0000000000001
random-s0-0042,prm,once,0.0,20.0,0.0,1,0,4,4,0,-164.59543333189075,187.75346094130413,-164.59543333189075,1300.000000000001
random-s0-0042,prm,cycle,0.0,20.0,0.0,1,0,0,0,0,8.462924381061896,427.9581702073757,8.462924381061896,0.0
random-s0-0042,prm,cycle,0.0,100.0,0.0,1,0,1,1,0,-7.637014943610723,49.3405375853707,-7.637014943610723,140.0
random-s0-0042,prm,cycle,50.0,20.0,0.0,1,0,1,1,0,-20.911475097096144,265.3704403022178,-20.911475097096144,200.0
random-s0-0042,prm,cycle,50.0,100.0,0.0,1,0,1,1,0,-33.38756126870601,231.99620176005288,-33.38756126870601,240.0
random-s0-0042,prm,cycle,150.0,20.0,0.0,1,0,2,2,0,-164.59543333189072,69.30590276629209,-164.59543333189072,659.9999999999981
random-s0-0042,prm,cycle,150.0,100.0,0.0,1,0,2,2,0,-164.595433331891,113.26170261492848,-164.595433331891,739.9999999999999
random-s0-0042,prm,event,0.0,20.0,0.0,1,0,0,0,0,5.755354531219098,427.9581702073757,5.755354531219098,0.0
random-s0-0042,prm,event,0.0,100.0,0.0,1,0,1,1,0,-7.637014943610723,49.3405375853707,-7.637014943610723,140.0
random-s0-0042,prm,event,50.0,20.0,0.0,1,0,1,1,0,-55.44812371001994,58.387031152052856,-55.44812371001994,320.0
random-s0-0042,prm,event,50.0,100.0,0.0,1,0,1,1,0,-95.78724519989728,307.7295866832808,-95.78724519989728,340.0
random-s0-0042,prm,event,150.0,20.0,0.0,1,0,2,2,0,-164.59543333189072,5.650642784945688,-164.59543333189072,1019.9999999999902
random-s0-0042,prm,event,150.0,100.0,0.0,1,0,2,2,0,-173.7765793802403,138.03585398318245,-173.7765793802403,1020.0
random-s0-0042,visibility,once,0.0,20.0,0.0,1,0,4,4,0,-166.33148301764555,465.8082007896727,-166.33148301764555,900.0000000000005
random-s0-0042,visibility,cycle,0.0,20.0,0.0,1,0,0,0,0,2.5245449028961104,344.4936607236272,2.5245449028961104,0.0
random-s0-0042,visibility,cycle,0.0,100.0,0.0,1,0,1,1,0,-0.9386410014937496,333.8178948880511,-0.9386410014937496,40.0
random-s0-0042,visibility,cycle,50.0,20.0,0.0,1,0,1,1,0,-28.80046750497772,56.23437708439442,-28.80046750497772,220.0
random-s0-0042,visibility,cycle,50.0,100.0,0.0,1,0,1,1,0,-24.73055788041657,44.10543481197979,-24.73055788041657,220.0
random-s0-0042,visibility,cycle,150.0,20.0,0.0,1,0,5,5,0,-131.87356420393434,78.71051044209327,-131.87356420393434,900.0000000000005
random-s0-0042,visibility,cycle,150.0,100.0,0.0,1,0,8,6,2,-174.44273295721027,-5.340593360564469,-174.44273295721027,2200.0000000000005
random-s0-0042,visibility,event,0.0,20.0,0.0,1,0,0,0,0,4.674234028856262,379.2739937673954,4.674234028856262,0.0
random-s0-0042,visibility,event,0.0,100.0,0.0,1,0,1,1,0,-2.576578869286237,306.7036753506262,-2.576578869286237,80.0
random-s0-0042,visibility,event,50.0,20.0,0.0,1,0,2,2,0,-74.36140431334468,240.67417952239916,-74.36140431334468,340.0
random-s0-0042,visibility,event,50.0,100.0,0.0,1,0,2,2,0,-62.05854194586725,241.69199985111013,-62.05854194586725,279.99999999999983
random-s0-0042,visibility,event,150.0,20.0,0.0,1,0,3,3,0,-164.59543333189072,90.71093205013476,-164.59543333189072,1319.9999999999905
random-s0-0042,visibility,event,150.0,100.0,0.0,1,0,3,3,0,-164.595433331891,68.02246155655232,-164.595433331891,1320.0
random-s0-0043,voronoi,once,0.0,20.0,0.0,1,0,2,1,1,-153.56513738392107,-153.56513738392107,-88.79472184713605,400.00000000000006
random-s0-0043,voronoi,cycle,0.0,20.0,0.0,1,0,0,0,0,31.79505551962021,110.60415693086094,31.79505551962021,0.0
random-s0-0043,voronoi,cycle,0.0,100.0,0.0,1,0,0,0,0,31.79505551962021,110.93566188326946,31.79505551962021,0.0
random-s0-0043,voronoi,cycle,50.0,20.0,0.0,1,0,0,0,0,53.71726837815447,105.87526164518442,53.71726837815447,0.0
random-s0-0043,voronoi,cycle,50.0,100.0,0.0,1,0,0,0,0,62.15666416598998,105.24924744937778,62.15666416598998,0.0
random-s0-0043,voronoi,cycle,150.0,20.0,0.0,1,0,0,0,0,62.15666416598998,138.41254844195913,62.15666416598998,0.0
random-s0-0043,voronoi,cycle,150.0,100.0,0.0,1,0,0,0,0,62.15666416598998,143.59629320562647,62.15666416598998,0.0
random-s0-0043,voronoi,event,0.0,20.0,0.0,1,0,1,1,0,-16.785619814801436,131.69187794393628,-16.785619814801436,160.0
random-s0-0043,voronoi,event,0.0,100.0,0.0,1,0,1,1,0,-59.320437676620685,131.12468074292548,-59.320437676620685,379.9999999999999
random-s0-0043,voronoi,event,50.0,20.0,0.0,1,0,0,0,0,53.71726837815447,111.15168890497164,53.71726837815447,0.0
random-s0-0043,voronoi,event,50.0,100.0,0.0,1,0,0,0,0,62.15666416598998,110.90547854802998,62.15666416598998,0.0
random-s0-0043,voronoi,event,150.0,20.0,0.0,1,0,0,0,0,62.15666416598998,95.0002939376106,62.15666416598998,0.0
random-s0-0043,voronoi,event,150.0,100.0,0.0,1,0,0,0,0,62.15666416598998,95.51729091625047,62.15666416598998,0.0
random-s0-0043,prm,once,0.0,20.0,0.0,1,0,1,1,0,-88.79472184713605,127.31042584568814,-88.79472184713605,160.0
random-s0-0043,prm,cycle,0.0,20.0,0.0,1,0,0,0,0,31.79505551962021,99.39271326303832,31.79505551962021,0.0
random-s0-0043,prm,cycle,0.0,100.0,0.0,1,0,0,0,0,31.79505551962021,103.7494493901296,31.79505551962021,0.0
random-s0-0043,prm,cycle,50.0,20.0,0.0,1,0,0,0,0,62.15666416598998,148.2645614007876,62.15666416598998,0.0
random-s0-0043,prm,cycle,50.0,100.0,0.0,1,0,0,0,0,62.15666416598998,161.66092840683,62.15666416598998,0.0
random-s0-0043,prm,cycle,150.0,20.0,0.0,1,0,0,0,0,62.15666416598998,154.17524951427538,62.15666416598998,0.0
random-s0-0043,prm,cycle,150.0,100.0,0.0,1,0,0,0,0,62.15666416598998,166.62936262149572,62.15666416598998,0.0
random-s0-0043,prm,event,0.0,20.0,0.0,1,0,0,0,0,31.79505551962021,55.30612914410585,31.79505551962021,0.0
random-s0-0043,prm,event,0.0,100.0,0.0,1,0,0,0,0,31.79505551962021,84.13591388152986,31.79505551962021,0.0
random-s0-0043,prm,event,50.0,20.0,0.0,1,0,0,0,0,55.30612914410585,55.30612914410585,62.15666416598998,0.0
random-s0-0043,prm,event,50.0,100.0,0.0,1,0,0,0,0,62.15666416598998,84.13591388152986,62.15666416598998,0.0
random-s0-0043,prm,event,150.0,20.0,0.0,1,0,0,0,0,62.15666416598998,113.2947749773296,62.15666416598998,0.0
random-s0-0043,prm,event,150.0,100.0,0.0,1,0,0,0,0,62.15666416598998,129.32261699622325,62.15666416598998,0.0
random-s0-0043,visibility,once,0.0,20.0,0.0,1,0,2,1,1,-88.79472184713605,-2.0346980635514456,-88.79472184713605,200.0
random-s0-0043,visibility,cycle,0.0,20.0,0.0,1,0,1,1,0,-23.909509329542917,57.5629444936051,-23.909509329542917,140.0
random-s0-0043,visibility,cycle,0.0,100.0,0.0,1,0,1,1,0,-25.211179478085825,49.93164681982992,-25.211179478085825,140.0
random-s0-0043,visibility,cycle,50.0,20.0,0.0,1,0,1,1,0,-83.571686518025,92.5491744344638,-83.571686518025,60.0
random-s0-0043,visibility,cycle,50.0,100.0,0.0,1,0,1,1,0,-81.94440109449121,92.17919220574998,-81.94440109449121,60.0
random-s0-0043,visibility,cycle,150.0,20.0,0.0,1,0,0,0,0,62.15666416598998,137.2919859267938,62.15666416598998,0.0
random-s0-0043,visibility,cycle,150.0,100.0,0.0,1,0,0,0,0,62.15666416598998,138.30488717541988,62.15666416598998,0.0
random-s0-0043,visibility,event,0.0,20.0,0.0,1,0,1,1,0,-23.664308311079598,70.52987449824548,-23.664308311079598,140.0
random-s0-0043,visibility,event,0.0,100.0,0.0,1,0,1,1,0,-25.211179478085825,63.03760745475751,-25.211179478085825,140.0
random-s0-0043,visibility,event,50.0,20.0,0.0,1,0,1,1,0,-83.571686518025,96.9130997195931,-83.571686518025,60.0
random-s0-0043,visibility,event,50.0,100.0,0.0,1,0,1,1,0,-81.94440109449121,95.72970408023434,-81.94440109449121,60.0
random-s0-0043,visibility,event,150.0,20.0,0.0,1,0,0,0,0,62.15666416598998,133.28884455182634,62.15666416598998,0.0
random-s0-0043,visibility,event,150.0,100.0,0.0,1,0,0,0,0,62.15666416598998,140.1461253466344,62.15666416598998,0.0
random-s0-0044,voronoi,once,0.0,20.0,0.0,1,0,3,3,0,-137.33052795216523,72.41996372820367,-137.33052795216523,880.0000000000005
random-s0-0044,voronoi,cycle,0.0,20.0,0.0,1,0,3,3,0,-66.17003427772107,71.43357064016834,-66.17003427772107,860.0000000000005
random-s0-0044,voronoi,cycle,0.0,100.0,0.0,1,0,2,2,0,-67.61073356973263,72.41996372820367,-67.61073356973263,840.0000000000005
random-s0-0044,voronoi,cycle,50.0,20.0,0.0,1,0,1,1,0,-65.36017111519281,38.30818146570872,-65.36017111519281,820.0000000000003
random-s0-0044,voronoi,cycle,50.0,100.0,0.0,1,0,1,1,0,-67.62579068188614,62.53130162389442,-67.62579068188614,840.0000000000005
random-s0-0044,voronoi,cycle,150.0,20.0,0.0,1,0,0,0,0,52.30484919131976,52.30484919131976,53.68673241395464,0.0
random-s0-0044,voronoi,cycle,150.0,100.0,0.0,1,0,0,0,0,27.678335929707288,71.61962531097316,27.678335929707288,0.0
random-s0-0044,voronoi,event,0.0,20.0,0.0,1,0,2,2,0,-66.11379037806275,72.41996372820367,-66.11379037806275,820.0000000000003
random-s0-0044,voronoi,event,0.0,100.0,0.0,1,0,2,2,0,-67.61073356973263,72.41996372820367,-67.61073356973263,840.0000000000005
random-s0-0044,voronoi,event,50.0,20.0,0.0,1,0,2,2,0,-81.13477929708587,80.57219120994813,-81.13477929708587,1579.9999999999975
random-s0-0044,voronoi,event,50.0,100.0,0.0,1,0,1,1,0,-67.62579068188614,62.53130162389442,-67.62579068188614,840.0000000000005
random-s0-0044,voronoi,event,150.0,20.0,0.0,1,0,0,0,0,68.58906504732542,80.35000167639942,68.58906504732542,0.0
random-s0-0044,voronoi,event,150.0,100.0,0.0,1,0,0,0,0,27.678335929707288,71.61962531097316,27.678335929707288,0.0
random-s0-0044,prm,once,0.0,20.0,0.0,1,0,4,3,1,-65.52241988910907,-45.837996889981554,-65.52241988910907,1080.0000000000005
random-s0-0044,prm,cycle,0.0,20.0,0.0,1,0,3,3,0,-72.014368682201,3.6000907916491656,-72.014368682201,1100.0000000000005
random-s0-0044,prm,cycle,0.0,100.0,0.0,1,0,4,3,1,-74.92681141792005,-52.617743220129626,-74.92681141792005,1200.000000000001
random-s0-0044,prm,cycle,50.0,20.0,0.0,1,0,3,3,0,-71.44066669123873,23.51298073405212,-71.44066669123873,1080.0000000000005
random-s0-0044,prm,cycle,50.0,100.0,0.0,1,0,3,3,0,-118.54410793329164,71.56397044844633,-118.54410793329164,1180.000000000001
random-s0-0044,prm,cycle,150.0,20.0,0.0,1,0,2,2,0,-146.9822151674664,94.20082272448008,-146.9822151674664,1180.000000000001
random-s0-0044,prm,cycle,150.0,100.0,0.0,1,0,2,2,0,-136.0658903182501,71.30360187306488,-136.0658903182501,1160.000000000001
random-s0-0044,prm,event,0.0,20.0,0.0,1,0,4,4,0,-116.6971832465196,18.296421351454967,-116.6971832465196,1200.000000000001
random-s0-0044,prm,event,0.0,100.0,0.0,1,0,4,3,1,-93.60496970639194,-71.38180262806578,-93.60496970639194,1180.000000000001
random-s0-0044,prm,event,50.0,20.0,0.0,1,0,3,3,0,-85.97449377613125,94.20082272448008,-85.97449377613125,1379.9999999999975
random-s0-0044,prm,event,50.0,100.0,0.0,1,0,3,3,0,-120.4656593098911,57.79907236051591,-120.4656593098911,1160.000000000001
random-s0-0044,prm,event,150.0,20.0,0.0,1,0,2,2,0,-146.9822151674664,94.20082272448008,-146.9822151674664,1180.000000000001
random-s0-0044,prm,event,150.0,100.0,0.0,1,0,2,2,0,-136.0658903182501,22.39787804762767,-136.0658903182501,1160.000000000001
random-s0-0044,visibility,once,0.0,20.0,0.0,1,0,4,3,1,-142.63782034681975,-35.60457938254771,-142.63782034681975,1100.0000000000005
random-s0-0044,visibility,cycle,0.0,20.0,0.0,1,0,3,3,0,-96.88044485779756,91.06610303131168,-96.88044485779756,1100.0000000000005
random-s0-0044,visibility,cycle,0.0,100.0,0.0,1,0,3,3,0,-72.12048872662581,91.06610303131168,-72.12048872662581,1120.0000000000005
random-s0-0044,visibility,cycle,50.0,20.0,0.0,1,0,3,3,0,-68.02735535174168,91.06610303131168,-68.02735535174168,1100.0000000000005
random-s0-0044,visibility,cycle,50.0,100.0,0.0,1,0,3,3,0,-103.83404793033084,91.06610303131168,-103.83404793033084,1080.0000000000005
random-s0-0044,visibility,cycle,150.0,20.0,0.0,1,0,4,4,0,-158.7499905702369,91.06610303131168,-158.7499905702369,1260.000000000001
random-s0-0044,visibility,cycle,150.0,100.0,0.0,1,0,4,4,0,-174.3184578558753,91.06610303131168,-174.3184578558753,1340.000000000001
random-s0-0044,visibility,event,0.0,20.0,0.0,1,0,3,3,0,-72.30443270051484,91.06610303131168,-72.30443270051484,1120.0000000000005
random-s0-0044,visibility,event,0.0,100.0,0.0,1,0,3,3,0,-72.98408189248887,91.06610303131168,-72.98408189248887,1100.0000000000005
random-s0-0044,visibility,event,50.0,20.0,0.0,1,0,3,3,0,-111.00580239902943,91.06610303131168,-111.00580239902943,1100.0000000000005
random-s0-0044,visibility,event,50.0,100.0,0.0,1,0,3,3,0,-66.10052415470828,91.06610303131168,-66.10052415470828,1080.0000000000005
random-s0-0044,visibility,event,150.0,20.0,0.0,1,0,2,2,0,-65.65372439977725,91.06610303131168,-65.65372439977725,820.0000000000003
random-s0-0044,visibility,event,150.0,100.0,0.0,1,0,4,4,0,-174.3184578558753,91.06610303131168,-174.3184578558753,1340.000000000001
random-s0-0045,voronoi,once,0.0,20.0,0.0,1,0,4,1,3,-148.77879914146231,-148.77879914146231,-47.08983539742286,1240.000000000001
random-s0-0045,voronoi,cycle,0.0,20.0,0.0,1,0,1,1,0,-30.405094276270376,74.79293176349395,-30.405094276270376,360.00000000000006
random-s0-0045,voronoi,cycle,0.0,100.0,0.0,1,0,1,1,0,-44.56923886675446,13.622321237330738,-44.56923886675446,340.0
random-s0-0045,voronoi,cycle,50.0,20.0,0.0,1,0,1,1,0,-82.65836814225784,91.84852284530626,-82.65836814225784,380.00000000000006
random-s0-0045,voronoi,cycle,50.0,100.0,0.0,1,0,2,2,0,-84.31125699149672,153.31863291862743,-84.31125699149672,720.0000000000001
random-s0-0045,voronoi,cycle,150.0,20.0,0.0,1,0,0,0,0,102.2819947959428,102.2819947959428,108.76199411539886,0.0
random-s0-0045,voronoi,cycle,150.0,100.0,0.0,1,0,0,0,0,80.72567389459056,132.7411681321812,80.72567389459056,0.0
random-s0-0045,voronoi,event,0.0,20.0,0.0,1,0,1,1,0,-30.22576523731044,72.54432398490903,-30.22576523731044,380.00000000000006
random-s0-0045,voronoi,event,0.0,100.0,0.0,1,0,1,1,0,-44.56923886675446,13.622321237330738,-44.56923886675446,340.0
random-s0-0045,voronoi,event,50.0,20.0,0.0,1,0,1,1,0,-24.67318442551476,211.33938555126295,-24.67318442551476,340.0
random-s0-0045,voronoi,event,50.0,100.0,0.0,1,0,1,1,0,-152.71961231873556,112.50976132742778,-152.71961231873556,360.00000000000006
random-s0-0045,voronoi,event,150.0,20.0,0.0,1,0,0,0,0,120.9550962297282,182.0698898893384,120.9550962297282,0.0
random-s0-0045,voronoi,event,150.0,100.0,0.0,1,0,1,0,1,-179.49286605990815,-179.49286605990815,86.61107134357621,380.00000000000006
random-s0-0045,prm,once,0.0,20.0,0.0,1,0,2,1,1,-150.0259390138625,-150.0259390138625,-47.08983539742286,400.00000000000006
random-s0-0045,prm,cycle,0.0,20.0,0.0,1,0,1,1,0,-68.69155342146966,191.8148819438518,-68.69155342146966,320.0
random-s0-0045,prm,cycle,0.0,100.0,0.0,1,0,1,1,0,-85.92271231466417,157.6535529613651,-85.92271231466417,340.0
random-s0-0045,prm,cycle,50.0,20.0,0.0,1,0,1,1,0,-14.87986077663362,13.484979046777454,-14.87986077663362,180.0
random-s0-0045,prm,cycle,50.0,100.0,0.0,1,0,1,1,0,-84.77531008514737,53.04930234462512,-84.77531008514737,360.00000000000006
random-s0-0045,prm,cycle,150.0,20.0,0.0,1,0,0,0,0,82.75150612528319,120.89312772818158,82.75150612528319,0.0
random-s0-0045,prm,cycle,150.0,100.0,0.0,1,0,3,1,2,-127.38978145935224,-127.38978145935224,-47.08983539742289,340.0
random-s0-0045,prm,event,0.0,20.0,0.0,1,0,1,1,0,-72.88753092079199,79.17350515805572,-72.88753092079199,320.0
random-s0-0045,prm,event,0.0,100.0,0.0,1,0,4,1,3,-130.2158361673774,-130.2158361673774,-64.75498075359322,880.0000000000003
random-s0-0045,prm,event,50.0,20.0,0.0,1,0,1,1,0,-24.173747820133315,256.63751556640216,-24.173747820133315,200.0
random-s0-0045,prm,event,50.0,100.0,0.0,1,0,1,1,0,-84.77531008514737,11.917768699890871,-84.77531008514737,360.00000000000006
random-s0-0045,prm,event,150.0,20.0,0.0,1,0,0,0,0,136.91569050937107,256.63751556640216,136.91569050937107,0.0
random-s0-0045,prm,event,150.0,100.0,0.0,1,0,1,1,0,-47.08983539742289,256.63751556640216,-47.08983539742289,279.99999999999994
random-s0-0045,visibility,once,0.0,20.0,0.0,1,0,1,1,0,-47.08983539742286,134.4847586930225,-47.08983539742286,279.99999999999994
random-s0-0045,visibility,cycle,0.0,20.0,0.0,1,0,1,1,0,-47.32307013660522,191.8965181176291,-47.32307013660522,279.99999999999994
random-s0-0045,visibility,cycle,0.0,100.0,0.0,1,0,1,1,0,-47.31913239151089,102.8265471161501,-47.31913239151089,279.99999999999994
random-s0-0045,visibility,cycle,50.0,20.0,0.0,1,0,1,1,0,-49.035834214813406,140.89221996156198,-49.035834214813406,279.99999999999994
random-s0-0045,visibility,cycle,50.0,100.0,0.0,1,0,1,1,0,-48.76107502713441,190.10823655049865,-48.76107502713441,279.99999999999994
random-s0-0045,visibility,cycle,150.0,20.0,0.0,1,0,1,1,0,-59.65554403110299,126.64507596828196,-59.65554403110299,300.0
random-s0-0045,visibility,cycle,150.0,100.0,0.0,1,0,1,1,0,-47.08983539742289,122.78458579091614,-47.08983539742289,279.99999999999994
random-s0-0045,visibility,event,0.0,20.0,0.0,1,0,1,1,0,-47.32307013660522,165.07783246565953,-47.32307013660522,279.99999999999994
random-s0-0045,visibility,event,0.0,100.0,0.0,1,0,1,1,0,-47.31913239151089,120.25804217756166,-47.31913239151089,279.99999999999994
random-s0-0045,visibility,event,50.0,20.0,0.0,1,0,1,1,0,-49.02313397196363,129.41101697368816,-49.02313397196363,279.99999999999994
random-s0-0045,visibility,event,50.0,100.0,0.0,1,0,2,1,1,-150.82371790655674,-150.82371790655674,-48.76107502713441,480.00000000000017
random-s0-0045,visibility,event,150.0,20.0,0.0,1,0,1,1,0,-59.75110609397716,126.64507596828196,-59.75110609397716,300.0
random-s0-0045,visibility,event,150.0,100.0,0.0,1,0,1,1,0,-47.08983539742289,122.78458579091614,-47.08983539742289,279.99999999999994
random-s0-0046,voronoi,once,0.0,20.0,0.0,1,0,3,2,1,-170.33201461775656,-75.02228105751495,-170.33201461775656,1100.0000000000005
random-s0-0046,voronoi,cycle,0.0,20.0,0.0,1,0,0,0,0,19.77233449665121,19.77233449665121,48.58219091004818,0.0
random-s0-0046,voronoi,cycle,0.0,100.0,0.0,1,0,0,0,0,19.77233449665169,19.77233449665169,44.820146493725474,0.0
random-s0-0046,voronoi,cycle,50.0,20.0,0.0,1,0,0,0,0,89.61068498063497,274.621282593497,89.61068498063497,0.0
random-s0-0046,voronoi,cycle,50.0,100.0,0.0,1,0,1,1,0,-2.882438752701944,212.04626285857975,-2.882438752701944,100.0
random-s0-0046,voronoi,cycle,150.0,20.0,0.0,1,0,0,0,0,69.43807942401588,69.43807942401588,70.1353381876556,0.0
random-s0-0046,voronoi,cycle,150.0,100.0,0.0,1,0,1,0,1,-23.89580810271579,-23.89580810271579,33.61334459554689,159.9999999999998
random-s0-0046,voronoi,event,0.0,20.0,0.0,1,0,1,1,0,-25.62030451147035,19.77233449665121,-25.62030451147035,259.99999999999994
random-s0-0046,voronoi,event,0.0,100.0,0.0,1,0,0,0,0,19.77233449665169,19.77233449665169,29.316929744866684,0.0
random-s0-0046,voronoi,event,50.0,20.0,0.0,1,0,0,0,0,71.05362806381757,217.15689977541436,71.05362806381757,0.0
random-s0-0046,voronoi,event,50.0,100.0,0.0,1,0,3,3,0,-59.749023058596464,192.6701905499541,-59.749023058596464,660.0000000000001
random-s0-0046,voronoi,event,150.0,20.0,0.0,1,0,0,0,0,53.792223836646855,69.43807942401588,53.792223836646855,0.0
random-s0-0046,voronoi,event,150.0,100.0,0.0,1,0,2,0,2,-62.8086949246168,-62.8086949246168,91.43913229960988,359.9999999999999
random-s0-0046,prm,once,0.0,20.0,0.0,1,0,2,1,1,-170.33201461775656,-75.02228105751495,-170.33201461775656,1080.0000000000005
random-s0-0046,prm,cycle,0.0,20.0,0.0,1,0,1,1,0,-172.7530709403934,19.77233449665121,-172.7530709403934,700.0000000000003
random-s0-0046,prm,cycle,0.0,100.0,0.0,1,0,1,1,0,-173.4362262006926,0.6172568242872103,-173.4362262006926,620.0
random-s0-0046,prm,cycle,50.0,20.0,0.0,1,0,1,1,0,-172.31291055277362,48.3458435512602,-172.31291055277362,700.0000000000003
random-s0-0046,prm,cycle,50.0,100.0,0.0,1,0,1,1,0,-169.32376480019855,84.55369544342511,-169.32376480019855,560.0000000000001
random-s0-0046,prm,cycle,150.0,20.0,0.0,1,0,1,1,0,-136.89513563246973,92.51260968824488,-136.89513563246973,540.0000000000001
random-s0-0046,prm,cycle,150.0,100.0,0.0,1,0,2,1,1,-145.18784191984344,-75.02228105751516,-145.18784191984344,1040.0
random-s0-0046,prm,event,0.0,20.0,0.0,1,0,2,1,1,-169.05858298790466,-169.05858298790466,-159.392973804968,1180.000000000001
random-s0-0046,prm,event,0.0,100.0,0.0,1,0,2,1,1,-146.77675856503097,-124.6118821495024,-146.77675856503097,1100.0000000000002
random-s0-0046,prm,event,50.0,20.0,0.0,1,0,1,1,0,-172.31291055277362,2.845999681628257,-172.31291055277362,700.0000000000003
random-s0-0046,prm,event,50.0,100.0,0.0,1,0,0,0,0,4.147243793881188,201.1773231134765,4.147243793881188,0.0
random-s0-0046,prm,event,150.0,20.0,0.0,1,0,0,0,0,1.1818850327526604,1.1818850327526604,34.61571558770291,0.0
random-s0-0046,prm,event,150.0,100.0,0.0,1,0,4,2,2,-145.18784191984344,-126.88715418693069,-145.18784191984344,1060.0
random-s0-0046,visibility,once,0.0,20.0,0.0,1,0,4,2,2,-170.33201461775656,-99.3814195535992,-170.33201461775656,1120.0000000000005
random-s0-0046,visibility,cycle,0.0,20.0,0.0,1,0,1,1,0,-170.54935812840395,19.77233449665121,-170.54935812840395,560.0000000000001
random-s0-0046,visibility,cycle,0.0,100.0,0.0,1,0,1,1,0,-170.4822539848142,19.77233449665169,-170.4822539848142,560.0
random-s0-0046,visibility,cycle,50.0,20.0,0.0,1,0,1,1,0,-166.37349494869758,225.86747849852503,-166.37349494869758,520.0000000000001
random-s0-0046,visibility,cycle,50.0,100.0,0.0,1,0,1,1,0,-165.17772496987038,212.04626285857975,-165.17772496987038,500.0000000000001
random-s0-0046,visibility,cycle,150.0,20.0,0.0,1,0,2,1,1,-172.92941855997563,-75.02228105751584,-172.92941855997563,1020.0000000000005
random-s0-0046,visibility,cycle,150.0,100.0,0.0,1,0,2,1,1,-170.48791502102483,-75.02228105751516,-170.48791502102483,1020.0
random-s0-0046,visibility,event,0.0,20.0,0.0,1,0,1,1,0,-170.06273273096986,19.77233449665121,-170.06273273096986,540.0000000000001
random-s0-0046,visibility,event,0.0,100.0,0.0,1,0,1,1,0,-170.54683989946346,19.77233449665169,-170.54683989946346,560.0000000000001
random-s0-0046,visibility,event,50.0,20.0,0.0,1,0,2,2,0,-83.81056022109941,205.6546778541977,-83.81056022109941,420.00000000000006
random-s0-0046,visibility,event,50.0,100.0,0.0,1,0,0,0,0,5.444383592436111,212.04626285857975,5.444383592436111,0.0
random-s0-0046,visibility,event,150.0,20.0,0.0,1,0,2,1,1,-170.318631920054,-75.02228105751584,-170.318631920054,1020.0000000000005
random-s0-0046,visibility,event,150.0,100.0,0.0,1,0,2,1,1,-170.55251372989204,-75.02228105751516,-170.55251372989204,1020.0
random-s0-0047,voronoi,once,0.0,20.0,0.0,1,0,1,0,1,-28.30023583611853,-28.30023583611853,60.40207985789138,40.0
random-s0-0047,voronoi,cycle,0.0,20.0,0.0,1,0,0,0,0,9.631088992739734,73.31617851276803,9.631088992739734,0.0
random-s0-0047,voronoi,cycle,0.0,100.0,0.0,1,0,1,1,0,-121.08838434942204,55.83197519359789,-121.08838434942204,200.0
random-s0-0047,voronoi,cycle,50.0,20.0,0.0,1,0,1,1,0,-41.99889001606462,145.65288096767307,-41.99889001606462,60.0
random-s0-0047,voronoi,cycle,50.0,100.0,0.0,1,0,1,1,0,-89.20727676015095,216.2116544443488,-89.20727676015095,140.0
random-s0-0047,voronoi,cycle,150.0,20.0,0.0,1,0,1,1,0,-137.19054890049435,290.6815475043249,-137.19054890049435,480.00000000000017
random-s0-0047,voronoi,cycle,150.0,100.0,0.0,1,0,1,1,0,-137.17081264273313,363.8144229551069,-137.17081264273313,520.0000000000001
random-s0-0047,voronoi,event,0.0,20.0,0.0,1,0,1,1,0,-136.33881579358032,165.12639521598192,-136.33881579358032,320.0
random-s0-0047,voronoi,event,0.0,100.0,0.0,1,0,1,1,0,-136.5756936779626,216.1827430799173,-136.5756936779626,320.0
random-s0-0047,voronoi,event,50.0,20.0,0.0,1,0,1,1,0,-136.34783109650024,282.0796887809907,-136.34783109650024,540.0000000000001
random-s0-0047,voronoi,event,50.0,100.0,0.0,1,0,1,1,0,-136.58798227132303,282.7483186604914,-136.58798227132303,300.0
random-s0-0047,voronoi,event,150.0,20.0,0.0,1,0,1,1,0,-136.61170311311736,430.5043758361131,-136.61170311311736,540.0000000000001
random-s0-0047,voronoi,event,150.0,100.0,0.0,1,0,1,1,0,-136.5256870143823,252.0608034238139,-136.5256870143823,520.0000000000001
random-s0-0047,prm,once,0.0,20.0,0.0,1,0,2,2,0,-163.77228068638954,40.59605054586899,-163.77228068638954,320.0
random-s0-0047,prm,cycle,0.0,20.0,0.0,1,0,0,0,0,60.40207985789138,184.7050258776486,60.40207985789138,0.0
random-s0-0047,prm,cycle,0.0,100.0,0.0,1,0,1,0,1,-101.61879833647836,-101.61879833647836,60.40207985789138,40.0
random-s0-0047,prm,cycle,50.0,20.0,0.0,1,0,1,1,0,-65.36903767525004,202.33805167887783,-65.36903767525004,100.0
random-s0-0047,prm,cycle,50.0,100.0,0.0,1,0,1,1,0,-86.27122735011034,97.85169598856952,-86.27122735011034,120.0
random-s0-0047,prm,cycle,150.0,20.0,0.0,1,0,2,1,1,-139.66356913216725,-35.724970117753344,-139.66356913216725,300.0
random-s0-0047,prm,cycle,150.0,100.0,0.0,1,0,2,1,1,-140.43245413882903,-35.724970117753344,-140.43245413882903,460.0000000000001
random-s0-0047,prm,event,0.0,20.0,0.0,1,0,1,0,1,-101.68996509619645,-101.68996509619645,5.775926749233321,59.99999999999997
random-s0-0047,prm,event,0.0,100.0,0.0,1,0,0,0,0,40.59605054586899,40.59605054586899,57.3049672458919,0.0
random-s0-0047,prm,event,50.0,20.0,0.0,1,0,1,1,0,-137.59175126827526,202.33805167887783,-137.59175126827526,400.00000000000006
random-s0-0047,prm,event,50.0,100.0,0.0,1,0,1,1,0,-139.1088299873377,97.85169598856952,-139.1088299873377,520.0000000000001
random-s0-0047,prm,event,150.0,20.0,0.0,1,0,2,1,1,-139.66356913216725,-35.724970117753344,-139.66356913216725,560.0000000000001
random-s0-0047,prm,event,150.0,100.0,0.0,1,0,2,1,1,-140.43245413882903,-35.724970117753344,-140.43245413882903,580.0000000000002
random-s0-0047,visibility,once,0.0,20.0,0.0,1,0,3,1,2,-145.50141804229958,-145.50141804229958,-86.97112978236274,660.0000000000002
random-s0-0047,visibility,cycle,0.0,20.0,0.0,1,0,0,0,0,41.46359128949376,53.26107314247909,41.46359128949376,0.0
random-s0-0047,visibility,cycle,0.0,100.0,0.0,1,0,0,0,0,32.838764863214095,32.838764863214095,45.94440102198152,0.0
random-s0-0047,visibility,cycle,50.0,20.0,0.0,1,0,0,0,0,55.2211005603389,55.2211005603389,60.40207985789138,0.0
random-s0-0047,visibility,cycle,50.0,100.0,0.0,1,0,0,0,0,45.08037312030069,87.7815073727121,45.08037312030069,0.0
random-s0-0047,visibility,cycle,150.0,20.0,0.0,1,0,2,2,0,-135.3746287955601,93.43161882319174,-135.3746287955601,980.0000000000006
random-s0-0047,visibility,cycle,150.0,100.0,0.0,1,0,2,2,0,-134.8626030987657,109.291276850844,-134.8626030987657,840.0000000000002
random-s0-0047,visibility,event,0.0,20.0,0.0,1,0,1,1,0,-135.3746287955601,77.16937766078752,-135.3746287955601,279.99999999999994
random-s0-0047,visibility,event,0.0,100.0,0.0,1,0,1,1,0,-135.0091513636557,34.7690151338808,-135.0091513636557,259.99999999999994
random-s0-0047,visibility,event,50.0,20.0,0.0,1,0,0,0,0,57.23821253524864,111.54349854995304,57.23821253524864,0.0
random-s0-0047,visibility,event,50.0,100.0,0.0,1,0,1,1,0,-135.0091513636557,57.39723524212582,-135.0091513636557,520.0000000000001
random-s0-0047,visibility,event,150.0,20.0,0.0,1,0,1,1,0,-135.1293704972098,108.02719830571704,-135.1293704972098,340.0
random-s0-0047,visibility,event,150.0,100.0,0.0,1,0,2,2,0,-134.8626030987657,109.291276850844,-134.8626030987657,900.0000000000005
random-s0-0048,voronoi,once,0.0,20.0,0.0,1,0,1,0,1,-95.75331485930704,-95.75331485930704,80.426105522216,220.0
random-s0-0048,voronoi,cycle,0.0,20.0,0.0,1,0,0,0,0,89.55982514366735,150.43079146639707,89.55982514366735,0.0
random-s0-0048,voronoi,cycle,0.0,100.0,0.0,1,0,0,0,0,89.55982514366843,107.13635282530164,89.55982514366843,0.0
random-s0-0048,voronoi,cycle,50.0,20.0,0.0,1,0,0,0,0,83.377615798352,123.68097264010004,83.377615798352,0.0
random-s0-0048,voronoi,cycle,50.0,100.0,0.0,1,0,0,0,0,80.42610552221583,109.17382761486346,80.42610552221583,0.0
random-s0-0048,voronoi,cycle,150.0,20.0,0.0,1,0,0,0,0,80.426105522216,320.915353994908,80.426105522216,0.0
random-s0-0048,voronoi,cycle,150.0,100.0,0.0,1,0,0,0,0,80.42610552221583,146.28396129148348,80.42610552221583,0.0
random-s0-0048,voronoi,event,0.0,20.0,0.0,1,0,0,0,0,89.55982514366735,149.65677376874197,89.55982514366735,0.0
random-s0-0048,voronoi,event,0.0,100.0,0.0,1,0,0,0,0,89.55982514366843,105.69790416613635,89.55982514366843,0.0
random-s0-0048,voronoi,event,50.0,20.0,0.0,1,0,0,0,0,81.05938564143781,138.22397660960957,81.05938564143781,0.0
random-s0-0048,voronoi,event,50.0,100.0,0.0,1,0,0,0,0,80.42610552221583,129.45512217345504,80.42610552221583,0.0
random-s0-0048,voronoi,event,150.0,20.0,0.0,1,0,0,0,0,80.426105522216,332.26821658646554,80.426105522216,0.0
random-s0-0048,voronoi,event,150.0,100.0,0.0,1,0,0,0,0,80.42610552221583,146.28396129148348,80.42610552221583,0.0
random-s0-0048,prm,once,0.0,20.0,0.0,1,0,1,1,0,-77.16922763045197,6.115511236856264,-77.16922763045197,60.0
random-s0-0048,prm,cycle,0.0,20.0,0.0,1,0,1,1,0,-166.73547662500377,186.20005157685915,-166.73547662500377,620.0000000000002
random-s0-0048,prm,cycle,0.0,100.0,0.0,1,0,0,0,0,89.55982514366843,170.4901769097208,89.55982514366843,0.0
random-s0-0048,prm,cycle,50.0,20.0,0.0,1,0,0,0,0,76.39272805897951,295.7915098989131,76.39272805897951,0.0
random-s0-0048,prm,cycle,50.0,100.0,0.0,1,0,0,0,0,89.55982514366843,211.80120039835123,89.55982514366843,0.0
random-s0-0048,prm,cycle,150.0,20.0,0.0,1,0,0,0,0,80.426105522216,329.75528553257755,80.426105522216,0.0
random-s0-0048,prm,cycle,150.0,100.0,0.0,1,0,0,0,0,80.42610552221583,329.75528553257783,80.42610552221583,0.0
random-s0-0048,prm,event,0.0,20.0,0.0,1,0,1,1,0,-166.73547662500377,186.20005157685915,-166.73547662500377,620.0000000000002
random-s0-0048,prm,event,0.0,100.0,0.0,1,0,0,0,0,89.55982514366843,170.4901769097208,89.55982514366843,0.0
random-s0-0048,prm,event,50.0,20.0,0.0,1,0,0,0,0,78.93358866503166,178.64145676123394,78.93358866503166,0.0
random-s0-0048,prm,event,50.0,100.0,0.0,1,0,0,0,0,89.55982514366843,170.4901769097208,89.55982514366843,0.0
random-s0-0048,prm,event,150.0,20.0,0.0,1,0,0,0,0,80.426105522216,329.75528553257755,80.426105522216,0.0
random-s0-0048,prm,event,150.0,100.0,0.0,1,0,0,0,0,80.42610552221583,329.75528553257783,80.42610552221583,0.0
random-s0-0048,visibility,once,0.0,20.0,0.0,1,0,1,1,0,-37.60571042696867,379.61640830396334,-37.60571042696867,120.0
random-s0-0048,visibility,cycle,0.0,20.0,0.0,1,0,0,0,0,25.80140704169932,291.51070472420867,25.80140704169932,0.0
random-s0-0048,visibility,cycle,0.0,100.0,0.0,1,0,0,0,0,64.436993525363,291.5094926169208,64.436993525363,0.0
random-s0-0048,visibility,cycle,50.0,20.0,0.0,1,0,0,0,0,55.11728400601734,266.4251746286128,55.11728400601734,0.0
random-s0-0048,visibility,cycle,50.0,100.0,0.0,1,0,0,0,0,62.651335579316765,293.8151660633474,62.651335579316765,0.0
random-s0-0048,visibility,cycle,150.0,20.0,0.0,1,0,2,2,0,-147.58118233254677,228.5603938408455,-147.58118233254677,580.0000000000002
random-s0-0048,visibility,cycle,150.0,100.0,0.0,1,0,2,2,0,-169.24262384801327,157.32346040294345,-169.24262384801327,660.0000000000002
random-s0-0048,visibility,event,0.0,20.0,0.0,1,0,0,0,0,36.11898555394316,281.3853259359408,36.11898555394316,0.0
random-s0-0048,visibility,event,0.0,100.0,0.0,1,0,0,0,0,22.585738118350577,283.8616304599359,22.585738118350577,0.0
random-s0-0048,visibility,event,50.0,20.0,0.0,1,0,0,0,0,60.03855295951203,259.6472305544043,60.03855295951203,0.0
random-s0-0048,visibility,event,50.0,100.0,0.0,1,0,0,0,0,82.41575558888798,278.70093428422183,82.41575558888798,0.0
random-s0-0048,visibility,event,150.0,20.0,0.0,1,0,0,0,0,80.426105522216,106.30237326886504,80.426105522216,0.0
random-s0-0048,visibility,event,150.0,100.0,0.0,1,0,1,1,0,-26.64707717464981,169.73927315390682,-26.64707717464981,160.0
random-s0-0049,voronoi,once,0.0,20.0,0.0,1,0,2,1,1,-176.74322005615355,-176.74322005615355,-63.169413500322,460.0000000000001
random-s0-0049,voronoi,cycle,0.0,20.0,0.0,1,0,0,0,0,20.12278039042556,65.24905486845242,20.12278039042556,0.0
random-s0-0049,voronoi,cycle,0.0,100.0,0.0,1,0,0,0,0,3.530755255613002,26.88493579488369,3.530755255613002,0.0
random-s0-0049,voronoi,cycle,50.0,20.0,0.0,1,0,0,0,0,26.41818681260364,39.73107414582802,26.41818681260364,0.0
random-s0-0049,voronoi,cycle,50.0,100.0,0.0,1,0,0,0,0,20.12278039042576,26.88493579488369,20.12278039042576,0.0
random-s0-0049,voronoi,cycle,150.0,20.0,0.0,1,0,0,0,0,18.02689323748785,102.47680223375642,18.02689323748785,0.0
random-s0-0049,voronoi,cycle,150.0,100.0,0.0,1,0,2,1,1,-117.4350332649017,-117.4350332649017,-8.941047357922201,180.0
random-s0-0049,voronoi,event,0.0,20.0,0.0,1,0,0,0,0,3.887118565271408,65.24905486845242,3.887118565271408,0.0
random-s0-0049,voronoi,event,0.0,100.0,0.0,1,0,0,0,0,10.407055912387476,26.88493579488369,10.407055912387476,0.0
random-s0-0049,voronoi,event,50.0,20.0,0.0,1,0,0,0,0,26.41818681260364,80.1558262036404,26.41818681260364,0.0
random-s0-0049,voronoi,event,50.0,100.0,0.0,1,0,0,0,0,20.12278039042576,26.88493579488369,20.12278039042576,0.0
random-s0-0049,voronoi,event,150.0,20.0,0.0,1,0,0,0,0,31.84107475256829,102.47680223375642,31.84107475256829,0.0
random-s0-0049,voronoi,event,150.0,100.0,0.0,1,0,1,0,1,-117.4350332649017,-117.4350332649017,4.230734056480344,80.0
random-s0-0049,prm,once,0.0,20.0,0.0,1,0,1,1,0,-111.91197984099168,26.88493579488369,-111.91197984099168,120.0
random-s0-0049,prm,cycle,0.0,20.0,0.0,1,0,0,0,0,4.246905457775171,54.2863004906817,4.246905457775171,0.0
random-s0-0049,prm,cycle,0.0,100.0,0.0,1,0,0,0,0,15.7444722702499,26.88493579488369,15.7444722702499,0.0
random-s0-0049,prm,cycle,50.0,20.0,0.0,1,0,0,0,0,20.12278039042556,26.88493579488369,20.12278039042556,0.0
random-s0-0049,prm,cycle,50.0,100.0,0.0,1,0,0,0,0,20.12278039042576,26.88493579488369,20.12278039042576,0.0
random-s0-0049,prm,cycle,150.0,20.0,0.0,1,0,0,0,0,16.656962426543743,26.88493579488369,16.656962426543743,0.0
random-s0-0049,prm,cycle,150.0,100.0,0.0,1,0,0,0,0,1.9416350949811372,26.88493579488369,1.9416350949811372,0.0
random-s0-0049,prm,event,0.0,20.0,0.0,1,0,0,0,0,2.613893522658941,54.2863004906817,2.613893522658941,0.0
random-s0-0049,prm,event,0.0,100.0,0.0,1,0,0,0,0,20.12278039042576,26.88493579488369,20.12278039042576,0.0
random-s0-0049,prm,event,50.0,20.0,0.0,1,0,0,0,0,20.12278039042556,26.88493579488369,20.12278039042556,0.0
random-s0-0049,prm,event,50.0,100.0,0.0,1,0,0,0,0,20.12278039042576,26.88493579488369,20.12278039042576,0.0
random-s0-0049,prm,event,150.0,20.0,0.0,1,0,1,1,0,-116.08549292526212,26.88493579488369,-116.08549292526212,200.0
random-s0-0049,prm,event,150.0,100.0,0.0,1,0,1,1,0,-116.08549292526226,26.88493579488369,-116.08549292526226,200.0
random-s0-0049,visibility,once,0.0,20.0,0.0,1,0,1,1,0,-75.77480624150354,26.88493579488369,-75.77480624150354,100.0
random-s0-0049,visibility,cycle,0.0,20.0,0.0,1,0,1,1,0,-38.23631168612002,65.24905486845242,-38.23631168612002,160.0
random-s0-0049,visibility,cycle,0.0,100.0,0.0,1,0,1,1,0,-40.71236272298779,26.88493579488369,-40.71236272298779,160.0
random-s0-0049,visibility,cycle,50.0,20.0,0.0,1,0,0,0,0,8.417701276941415,26.88493579488369,8.417701276941415,0.0
random-s0-0049,visibility,cycle,50.0,100.0,0.0,1,0,0,0,0,5.9069168256495175,26.88493579488369,5.9069168256495175,0.0
random-s0-0049,visibility,cycle,150.0,20.0,0.0,1,0,0,0,0,25.99506827641588,26.88493579488369,25.99506827641588,0.0
random-s0-0049,visibility,cycle,150.0,100.0,0.0,1,0,1,1,0,-5.731893996827296,26.88493579488369,-5.731893996827296,60.0
random-s0-0049,visibility,event,0.0,20.0,0.0,1,0,1,1,0,-40.22412479859119,65.24905486845242,-40.22412479859119,180.0
random-s0-0049,visibility,event,0.0,100.0,0.0,1,0,1,1,0,-40.71236272298779,26.88493579488369,-40.71236272298779,160.0
random-s0-0049,visibility,event,50.0,20.0,0.0,1,0,0,0,0,5.9069168256495175,26.88493579488369,5.9069168256495175,0.0
random-s0-0049,visibility,event,50.0,100.0,0.0,1,0,0,0,0,5.9069168256495175,26.88493579488369,5.9069168256495175,0.0
random-s0-0049,visibility,event,150.0,20.0,0.0,1,0,0,0,0,25.99506827641588,26.88493579488369,25.99506827641588,0.0
random-s0-0049,visibility,event,150.0,100.0,0.0,1,0,0,0,0,25.512441845527263,26.88493579488369,25.512441845527263,0.0
random-s0-0050,voronoi,once,0.0,20.0,0.0,1,0,2,2,0,-50.51826690616548,318.588196064615,-50.51826690616548,300.0
random-s0-0050,voronoi,cycle,0.0,20.0,0.0,1,0,0,0,0,6.136487767572191,312.1759677463992,6.136487767572191,0.0
random-s0-0050,voronoi,cycle,0.0,100.0,0.0,1,0,0,0,0,29.537739804562136,311.7159958058215,29.537739804562136,0.0
random-s0-0050,voronoi,cycle,50.0,20.0,0.0,1,0,0,0,0,22.34053708318706,311.8702736514115,22.34053708318706,0.0
random-s0-0050,voronoi,cycle,50.0,100.0,0.0,1,0,0,0,0,27.629766561187157,311.7481524843795,27.629766561187157,0.0
random-s0-0050,voronoi,cycle,150.0,20.0,0.0,1,0,0,0,0,67.02871358203569,311.0859131931884,67.02871358203569,0.0
random-s0-0050,voronoi,cycle,150.0,100.0,0.0,1,0,0,0,0,94.44649314789922,311.7852472786452,94.44649314789922,0.0
random-s0-0050,voronoi,event,0.0,20.0,0.0,1,0,1,1,0,-0.3265778993621779,312.1169090436866,-0.3265778993621779,20.0
random-s0-0050,voronoi,event,0.0,100.0,0.0,1,0,0,0,0,38.84149603882685,311.5832938583239,38.84149603882685,0.0
random-s0-0050,voronoi,event,50.0,20.0,0.0,1,0,0,0,0,44.53280569599826,311.558263273574,44.53280569599826,0.0
random-s0-0050,voronoi,event,50.0,100.0,0.0,1,0,0,0,0,85.07546575170136,310.7882880765386,85.07546575170136,0.0
random-s0-0050,voronoi,event,150.0,20.0,0.0,1,0,0,0,0,206.1360935251493,286.3376875765132,206.1360935251493,0.0
random-s0-0050,voronoi,event,150.0,100.0,0.0,1,0,0,0,0,248.3966572181174,294.28563404736923,248.3966572181174,0.0
random-s0-0050,prm,once,0.0,20.0,0.0,1,0,1,0,1,-87.226728108265,-87.226728108265,0.5992882686572898,60.0
random-s0-0050,prm,cycle,0.0,20.0,0.0,1,0,0,0,0,129.00487551409464,318.39320047501025,129.00487551409464,0.0
random-s0-0050,prm,cycle,0.0,100.0,0.0,1,0,0,0,0,120.270658730378,318.3107465383436,120.270658730378,0.0
random-s0-0050,prm,cycle,50.0,20.0,0.0,1,0,0,0,0,50.92292866010794,320.99849936091414,50.92292866010794,0.0
random-s0-0050,prm,cycle,50.0,100.0,0.0,1,0,0,0,0,64.85310916207709,315.64028659423263,64.85310916207709,0.0
random-s0-0050,prm,cycle,150.0,20.0,0.0,1,0,0,0,0,90.39506078563409,299.2656268939035,90.39506078563409,0.0
random-s0-0050,prm,cycle,150.0,100.0,0.0,1,0,0,0,0,64.33594111335395,272.2264783096651,64.33594111335395,0.0
random-s0-0050,prm,event,0.0,20.0,0.0,1,0,0,0,0,129.00487551409464,318.39320047501025,129.00487551409464,0.0
random-s0-0050,prm,event,0.0,100.0,0.0,1,0,0,0,0,120.270658730378,318.3107465383436,120.270658730378,0.0
random-s0-0050,prm,event,50.0,20.0,0.0,1,0,0,0,0,50.92292866010794,324.2360318577536,50.92292866010794,0.0
random-s0-0050,prm,event,50.0,100.0,0.0,1,0,0,0,0,64.85310916207709,315.64028659423263,64.85310916207709,0.0
random-s0-0050,prm,event,150.0,20.0,0.0,1,0,0,0,0,90.39506078563409,295.1147255912569,90.39506078563409,0.0
random-s0-0050,prm,event,150.0,100.0,0.0,1,0,0,0,0,178.57067931575438,178.57067931575438,232.3142114659112,0.0
random-s0-0050,visibility,once,0.0,20.0,0.0,1,0,0,0,0,98.25132616353544,318.588196064615,98.25132616353544,0.0
random-s0-0050,visibility,cycle,0.0,20.0,0.0,1,0,0,0,0,67.37091556265563,318.588196064615,67.37091556265563,0.0
random-s0-0050,visibility,cycle,0.0,100.0,0.0,1,0,0,0,0,110.6040288354119,318.588196064615,110.6040288354119,0.0
random-s0-0050,visibility,cycle,50.0,20.0,0.0,1,0,0,0,0,55.10160947559956,318.5631354956513,55.10160947559956,0.0
random-s0-0050,visibility,cycle,50.0,100.0,0.0,1,0,0,0,0,108.3110212984014,318.588196064615,108.3110212984014,0.0
random-s0-0050,visibility,cycle,150.0,20.0,0.0,1,0,0,0,0,40.51946666212751,304.641580900949,40.51946666212751,0.0
random-s0-0050,visibility,cycle,150.0,100.0,0.0,1,0,0,0,0,68.04133779420155,314.8535744271205,68.04133779420155,0.0
random-s0-0050,visibility,event,0.0,20.0,0.0,1,0,0,0,0,70.77544189578421,318.588196064615,70.77544189578421,0.0
random-s0-0050,visibility,event,0.0,100.0,0.0,1,0,0,0,0,92.61012431453496,318.588196064615,92.61012431453496,0.0
random-s0-0050,visibility,event,50.0,20.0,0.0,1,0,0,0,0,85.76905025913197,318.55673938986297,85.76905025913197,0.0
random-s0-0050,visibility,event,50.0,100.0,0.0,1,0,0,0,0,91.75009622902188,318.588196064615,91.75009622902188,0.0
random-s0-0050,visibility,event,150.0,20.0,0.0,1,0,0,0,0,116.16617638800984,244.79297685442668,116.16617638800984,0.0
random-s0-0050,visibility,event,150.0,100.0,0.0,1,0,0,0,0,120.31184368690616,243.58042668695705,120.31184368690616,0.0
random-s0-0051,voronoi,once,0.0,20.0,0.0,1,0,0,0,0,517.1521762475669,517.1521762475669,527.0343805112497,0.0
random-s0-0051,voronoi,cycle,0.0,20.0,0.0,1,0,0,0,0,527.0343805112497,557.4978797226104,527.0343805112497,0.0
random-s0-0051,voronoi,cycle,0.0,100.0,0.0,1,0,0,0,0,527.0343805112498,557.4978797226105,527.0343805112498,0.0
random-s0-0051,voronoi,cycle,50.0,20.0,0.0,1,0,0,0,0,364.9426899320333,364.9426899320333,527.0343805112497,0.0
random-s0-0051,voronoi,cycle,50.0,100.0,0.0,1,0,0,0,0,472.0760005734908,472.0760005734908,527.0343805112498,0.0
random-s0-0051,voronoi,cycle,150.0,20.0,0.0,1,0,0,0,0,527.0343805112497,557.4978797226104,527.0343805112497,0.0
random-s0-0051,voronoi,cycle,150.0,100.0,0.0,1,0,0,0,0,527.0343805112498,557.4978797226105,527.0343805112498,0.0
random-s0-0051,voronoi,event,0.0,20.0,0.0,1,0,0,0,0,253.4435552774996,253.4435552774996,527.0343805112497,0.0
random-s0-0051,voronoi,event,0.0,100.0,0.0,1,0,0,0,0,527.0343805112498,557.4978797226105,527.0343805112498,0.0
random-s0-0051,voronoi,event,50.0,20.0,0.0,1,0,0,0,0,314.06245822963683,314.06245822963683,527.0343805112497,0.0
random-s0-0051,voronoi,event,50.0,100.0,0.0,1,0,0,0,0,472.0760005734908,472.0760005734908,527.0343805112498,0.0
random-s0-0051,voronoi,event,150.0,20.0,0.0,1,0,0,0,0,527.0343805112497,557.4978797226104,527.0343805112497,0.0
random-s0-0051,voronoi,event,150.0,100.0,0.0,1,0,0,0,0,527.0343805112498,557.4978797226105,527.0343805112498,0.0
random-s0-0051,prm,once,0.0,20.0,0.0,1,0,0,0,0,303.61110677765487,303.61110677765487,527.0343805112497,0.0
random-s0-0051,prm,cycle,0.0,20.0,0.0,1,0,0,0,0,303.61110677765504,303.61110677765504,527.0343805112497,0.0
random-s0-0051,prm,cycle,0.0,100.0,0.0,1,0,0,0,0,303.61110677765504,303.61110677765504,527.0343805112498,0.0
random-s0-0051,prm,cycle,50.0,20.0,0.0,1,0,0,0,0,303.61110677765504,303.61110677765504,527.0343805112497,0.0
random-s0-0051,prm,cycle,50.0,100.0,0.0,1,0,0,0,0,303.61110677765504,303.61110677765504,527.0343805112498,0.0
random-s0-0051,prm,cycle,150.0,20.0,0.0,1,0,0,0,0,339.65758419057966,339.65758419057966,527.0343805112497,0.0
random-s0-0051,prm,cycle,150.0,100.0,0.0,1,0,0,0,0,347.527183304235,347.527183304235,527.0343805112498,0.0
random-s0-0051,prm,event,0.0,20.0,0.0,1,0,0,0,0,303.61110677765504,303.61110677765504,527.0343805112497,0.0
random-s0-0051,prm,event,0.0,100.0,0.0,1,0,0,0,0,303.61110677765504,303.61110677765504,527.0343805112498,0.0
random-s0-0051,prm,event,50.0,20.0,0.0,1,0,0,0,0,303.61110677765504,303.61110677765504,527.0343805112497,0.0
random-s0-0051,prm,event,50.0,100.0,0.0,1,0,0,0,0,303.61110677765504,303.61110677765504,527.0343805112498,0.0
random-s0-0051,prm,event,150.0,20.0,0.0,1,0,0,0,0,339.65758419057966,339.65758419057966,527.0343805112497,0.0
random-s0-0051,prm,event,150.0,100.0,0.0,1,0,0,0,0,347.527183304235,347.527183304235,527.0343805112498,0.0
random-s0-0051,visibility,once,0.0,20.0,0.0,1,0,0,0,0,303.61110677765487,303.61110677765487,527.0343805112497,0.0
random-s0-0051,visibility,cycle,0.0,20.0,0.0,1,0,0,0,0,303.61110677765504,303.61110677765504,527.0343805112497,0.0
random-s0-0051,visibility,cycle,0.0,100.0,0.0,1,0,0,0,0,303.61110677765504,303.61110677765504,527.0343805112498,0.0
random-s0-0051,visibility,cycle,50.0,20.0,0.0,1,0,0,0,0,303.61110677765504,303.61110677765504,527.0343805112497,0.0
random-s0-0051,visibility,cycle,50.0,100.0,0.0,1,0,0,0,0,303.61110677765504,303.61110677765504,527.0343805112498,0.0
random-s0-0051,visibility,cycle,150.0,20.0,0.0,1,0,0,0,0,294.9388474789364,294.9388474789364,527.0343805112497,0.0
random-s0-0051,visibility,cycle,150.0,100.0,0.0,1,0,0,0,0,287.6848716423304,287.6848716423304,527.0343805112498,0.0
random-s0-0051,visibility,event,0.0,20.0,0.0,1,0,0,0,0,303.61110677765504,303.61110677765504,527.0343805112497,0.0
random-s0-0051,visibility,event,0.0,100.0,0.0,1,0,0,0,0,303.61110677765504,303.61110677765504,527.0343805112498,0.0
random-s0-0051,visibility,event,50.0,20.0,0.0,1,0,0,0,0,303.61110677765504,303.61110677765504,527.0343805112497,0.0
random-s0-0051,visibility,event,50.0,100.0,0.0,1,0,0,0,0,303.61110677765504,303.61110677765504,527.0343805112498,0.0
random-s0-0051,visibility,event,150.0,20.0,0.0,1,0,0,0,0,292.5892290788891,292.5892290788891,527.0343805112497,0.0
random-s0-0051,visibility,event,150.0,100.0,0.0,1,0,0,0,0,287.6848716423304,287.6848716423304,527.0343805112498,0.0
random-s0-0052,voronoi,once,0.0,20.0,0.0,1,0,4,2,2,-122.39255698728444,-26.72510102703697,-122.39255698728444,460.0000000000001
random-s0-0052,voronoi,cycle,0.0,20.0,0.0,1,0,1,1,0,-15.804907835607196,44.17924788350732,-15.804907835607196,620.0000000000001
random-s0-0052,voronoi,cycle,0.0,100.0,0.0,1,0,2,2,0,-18.58941392157016,5.895678943103491,-18.58941392157016,299.99999999999983
random-s0-0052,voronoi,cycle,50.0,20.0,0.0,1,0,0,0,0,5.8257888625743135,64.43907989574012,5.8257888625743135,0.0
random-s0-0052,voronoi,cycle,50.0,100.0,0.0,1,0,1,1,0,-49.14534699179276,135.088380740145,-49.14534699179276,419.9999999999998
random-s0-0052,voronoi,cycle,150.0,20.0,0.0,1,0,0,0,0,27.862340550579205,129.36140859820006,27.862340550579205,0.0
random-s0-0052,voronoi,cycle,150.0,100.0,0.0,1,0,0,0,0,110.98937029852716,447.8099593426135,110.98937029852716,0.0
random-s0-0052,voronoi,event,0.0,20.0,0.0,1,0,1,1,0,-9.758482189145866,25.03933321917799,-9.758482189145866,620.0000000000002
random-s0-0052,voronoi,event,0.0,100.0,0.0,1,0,1,1,0,-26.496887537926227,39.871172990046006,-26.496887537926227,180.0
random-s0-0052,voronoi,event,50.0,20.0,0.0,1,0,0,0,0,26.67373099717264,26.67373099717264,122.0493280573864,0.0
random-s0-0052,voronoi,event,50.0,100.0,0.0,1,0,0,0,0,93.02144820299792,184.30292137613475,93.02144820299792,0.0
random-s0-0052,voronoi,event,150.0,20.0,0.0,1,0,0,0,0,26.85111792178768,289.12000144591644,26.85111792178768,0.0
random-s0-0052,voronoi,event,150.0,100.0,0.0,1,0,0,0,0,120.57624551098444,192.9895852984276,120.57624551098444,0.0
random-s0-0052,prm,once,0.0,20.0,0.0,1,0,3,1,2,-122.39255698728444,-111.01846562631758,-122.39255698728444,340.0
random-s0-0052,prm,cycle,0.0,20.0,0.0,1,0,1,1,0,-4.849897901408269,9.245720943246935,-4.849897901408269,20.0
random-s0-0052,prm,cycle,0.0,100.0,0.0,1,0,1,1,0,-22.575839894008084,113.52115492929072,-22.575839894008084,59.99999999999992
random-s0-0052,prm,cycle,50.0,20.0,0.0,1,0,0,0,0,30.57428851858674,135.10186915557438,30.57428851858674,0.0
random-s0-0052,prm,cycle,50.0,100.0,0.0,1,0,1,0,1,-81.05838960475025,-81.05838960475025,100.49376924634146,80.0
random-s0-0052,prm,cycle,150.0,20.0,0.0,1,0,0,0,0,78.96617240859098,111.68999931354692,78.96617240859098,0.0
random-s0-0052,prm,cycle,150.0,100.0,0.0,1,0,0,0,0,107.46032618134,128.45302276694082,107.46032618134,0.0
random-s0-0052,prm,event,0.0,20.0,0.0,1,0,1,0,1,-65.73444378788193,-65.73444378788193,26.5518353292766,60.0
random-s0-0052,prm,event,0.0,100.0,0.0,1,0,2,1,1,-22.575839894008084,-6.956460286447594,-22.575839894008084,99.99999999999991
random-s0-0052,prm,event,50.0,20.0,0.0,1,0,0,0,0,30.57428851858674,117.83555570837768,30.57428851858674,0.0
random-s0-0052,prm,event,50.0,100.0,0.0,1,0,2,1,1,-154.25112754992352,-81.05838960475025,-154.25112754992352,440.0000000000001
random-s0-0052,prm,event,150.0,20.0,0.0,1,0,0,0,0,101.94660685206536,101.94660685206536,107.46032618134,0.0
random-s0-0052,prm,event,150.0,100.0,0.0,1,0,0,0,0,107.46032618134,128.45302276694082,107.46032618134,0.0
random-s0-0052,visibility,once,0.0,20.0,0.0,1,0,2,1,1,-122.39255698728444,-26.72510102703697,-122.39255698728444,140.0
random-s0-0052,visibility,cycle,0.0,20.0,0.0,1,0,0,0,0,30.604956212428505,35.08092248111532,30.604956212428505,0.0
random-s0-0052,visibility,cycle,0.0,100.0,0.0,1,0,0,0,0,37.25662386711335,42.45555686545825,37.25662386711335,0.0
random-s0-0052,visibility,cycle,50.0,20.0,0.0,1,0,0,0,0,30.9353513248777,48.10913045896706,30.9353513248777,0.0
random-s0-0052,visibility,cycle,50.0,100.0,0.0,1,0,0,0,0,37.96807158301047,57.68059797159441,37.96807158301047,0.0
random-s0-0052,visibility,cycle,150.0,20.0,0.0,1,0,0,0,0,94.80241172066512,94.80241172066512,107.61357705407084,0.0
random-s0-0052,visibility,cycle,150.0,100.0,0.0,1,0,0,0,0,103.27325213409824,103.27325213409824,117.95545558966012,0.0
random-s0-0052,visibility,event,0.0,20.0,0.0,1,0,0,0,0,37.25662386711335,40.81329578322524,37.25662386711335,0.0
random-s0-0052,visibility,event,0.0,100.0,0.0,1,0,0,0,0,37.25662386711335,56.0888202662712,37.25662386711335,0.0
random-s0-0052,visibility,event,50.0,20.0,0.0,1,0,0,0,0,37.96807158301053,62.26065603602774,37.96807158301053,0.0
random-s0-0052,visibility,event,50.0,100.0,0.0,1,0,1,0,1,-9.381583565899632,-9.381583565899632,37.96807158301047,40.0
random-s0-0052,visibility,event,150.0,20.0,0.0,1,0,0,0,0,74.83966807120416,118.32956266311304,74.83966807120416,0.0
random-s0-0052,visibility,event,150.0,100.0,0.0,1,0,0,0,0,117.95545558966012,123.383017634436,117.95545558966012,0.0
random-s0-0053,voronoi,once,0.0,20.0,0.0,1,0,0,0,0,84.42247448953333,309.1030306633463,84.42247448953333,0.0
random-s0-0053,voronoi,cycle,0.0,20.0,0.0,1,0,0,0,0,94.03551173286404,288.20036061474906,94.03551173286404,0.0
random-s0-0053,voronoi,cycle,0.0,100.0,0.0,1,0,0,0,0,67.17551237046027,67.17551237046027,84.42247448953322,0.0
random-s0-0053,voronoi,cycle,50.0,20.0,0.0,1,0,0,0,0,103.87605619372778,223.64836530925132,103.87605619372778,0.0
random-s0-0053,voronoi,cycle,50.0,100.0,0.0,1,0,0,0,0,109.94833403966868,148.08827918646466,109.94833403966868,0.0
random-s0-0053,voronoi,cycle,150.0,20.0,0.0,1,0,1,1,0,-169.75254067966287,210.67349572177096,-169.75254067966287,400.00000000000006
random-s0-0053,voronoi,cycle,150.0,100.0,0.0,1,0,1,1,0,-166.82437938581475,366.9108137200643,-166.82437938581475,259.99999999999994
random-s0-0053,voronoi,event,0.0,20.0,0.0,1,0,0,0,0,93.63972876723182,333.7917452259121,93.63972876723182,0.0
random-s0-0053,voronoi,event,0.0,100.0,0.0,1,0,0,0,0,67.17551237046027,67.17551237046027,84.42247448953322,0.0
random-s0-0053,voronoi,event,50.0,20.0,0.0,1,0,0,0,0,103.53433235382158,294.0429810130356,103.53433235382158,0.0
random-s0-0053,voronoi,event,50.0,100.0,0.0,1,0,0,0,0,94.10537744282344,99.98281184617372,94.10537744282344,0.0
random-s0-0053,voronoi,event,150.0,20.0,0.0,1,0,1,1,0,-167.07749951710036,330.65741027294706,-167.07749951710036,400.00000000000006
random-s0-0053,voronoi,event,150.0,100.0,0.0,1,0,1,1,0,-167.14313107913765,324.4314614846824,-167.14313107913765,400.00000000000006
random-s0-0053,prm,once,0.0,20.0,0.0,1,0,0,0,0,84.42247448953333,309.1030306633463,84.42247448953333,0.0
random-s0-0053,prm,cycle,0.0,20.0,0.0,1,0,0,0,0,90.68670944400571,311.6985687476934,90.68670944400571,0.0
random-s0-0053,prm,cycle,0.0,100.0,0.0,1,0,0,0,0,84.42247448953322,309.10303066334626,84.42247448953322,0.0
random-s0-0053,prm,cycle,50.0,20.0,0.0,1,0,0,0,0,108.64024812828076,283.0227679535087,108.64024812828076,0.0
random-s0-0053,prm,cycle,50.0,100.0,0.0,1,0,0,0,0,89.91230323263903,259.0056677804332,89.91230323263903,0.0
random-s0-0053,prm,cycle,150.0,20.0,0.0,1,0,0,0,0,64.22729963715162,64.22729963715162,79.15806912443247,0.0
random-s0-0053,prm,cycle,150.0,100.0,0.0,1,0,0,0,0,78.88127503038419,126.59204084292816,78.88127503038419,0.0
random-s0-0053,prm,event,0.0,20.0,0.0,1,0,0,0,0,90.68670944400571,311.6985687476934,90.68670944400571,0.0
random-s0-0053,prm,event,0.0,100.0,0.0,1,0,0,0,0,84.42247448953322,309.10303066334626,84.42247448953322,0.0
random-s0-0053,prm,event,50.0,20.0,0.0,1,0,0,0,0,108.64024812828076,304.8104170946628,108.64024812828076,0.0
random-s0-0053,prm,event,50.0,100.0,0.0,1,0,0,0,0,128.27474979828173,289.5131025448161,128.27474979828173,0.0
random-s0-0053,prm,event,150.0,20.0,0.0,1,0,1,1,0,-167.33800097881849,2.816402592809254,-167.33800097881849,380.00000000000006
random-s0-0053,prm,event,150.0,100.0,0.0,1,0,0,0,0,78.88127503038419,126.59204084292816,78.88127503038419,0.0
random-s0-0053,visibility,once,0.0,20.0,0.0,1,0,0,0,0,84.42247448953333,309.1030306633463,84.42247448953333,0.0
random-s0-0053,visibility,cycle,0.0,20.0,0.0,1,0,0,0,0,84.43117825224311,309.98713194350216,84.43117825224311,0.0
random-s0-0053,visibility,cycle,0.0,100.0,0.0,1,0,0,0,0,84.42247448953322,309.10303066334626,84.42247448953322,0.0
random-s0-0053,visibility,cycle,50.0,20.0,0.0,1,0,0,0,0,90.09599705447846,298.31467661397306,90.09599705447846,0.0
random-s0-0053,visibility,cycle,50.0,100.0,0.0,1,0,0,0,0,90.6257595477075,309.10303066334626,90.6257595477075,0.0
random-s0-0053,visibility,cycle,150.0,20.0,0.0,1,0,0,0,0,79.3988058243126,233.82803445453263,79.3988058243126,0.0
random-s0-0053,visibility,cycle,150.0,100.0,0.0,1,0,0,0,0,86.40195127714037,249.4468913723927,86.40195127714037,0.0
random-s0-0053,visibility,event,0.0,20.0,0.0,1,0,0,0,0,84.43117825224311,309.98713194350216,84.43117825224311,0.0
random-s0-0053,visibility,event,0.0,100.0,0.0,1,0,0,0,0,84.42247448953322,309.10303066334626,84.42247448953322,0.0
random-s0-0053,visibility,event,50.0,20.0,0.0,1,0,0,0,0,92.12385206997568,286.5744432732854,92.12385206997568,0.0
random-s0-0053,visibility,event,50.0,100.0,0.0,1,0,0,0,0,90.6257595477075,298.2490658131485,90.6257595477075,0.0
random-s0-0053,visibility,event,150.0,20.0,0.0,1,0,0,0,0,79.53537044291772,254.3474124901959,79.53537044291772,0.0
random-s0-0053,visibility,event,150.0,100.0,0.0,1,0,0,0,0,80.78001245764614,208.07689388554428,80.78001245764614,0.0
random-s0-0054,voronoi,once,0.0,20.0,0.0,1,0,3,2,1,-78.70328600917199,-34.82031879369006,-78.70328600917199,400.00000000000006
random-s0-0054,voronoi,cycle,0.0,20.0,0.0,1,0,1,1,0,-21.198449144275628,25.40308095112937,-21.198449144275628,200.0
random-s0-0054,voronoi,cycle,0.0,100.0,0.0,1,0,1,0,1,-95.13023706658876,-95.13023706658876,8.001659489037365,159.99999999999983
random-s0-0054,voronoi,cycle,50.0,20.0,0.0,1,0,0,0,0,16.941146004559556,162.60095187183902,16.941146004559556,0.0
random-s0-0054,voronoi,cycle,50.0,100.0,0.0,1,0,1,1,0,-40.5612990339022,140.48803630762188,-40.5612990339022,240.0
random-s0-0054,voronoi,cycle,150.0,20.0,0.0,1,0,1,1,0,-74.12375582433594,369.3742569711932,-74.12375582433594,340.0
random-s0-0054,voronoi,cycle,150.0,100.0,0.0,1,0,0,0,0,91.87331246230048,318.5499125055148,91.87331246230048,0.0
random-s0-0054,voronoi,event,0.0,20.0,0.0,1,0,2,2,0,-69.85735523542837,4.792320961276971,-69.85735523542837,1180.000000000001
random-s0-0054,voronoi,event,0.0,100.0,0.0,1,0,3,1,2,-134.90657625457015,-134.90657625457015,-132.92689090937182,500.0000000000001
random-s0-0054,voronoi,event,50.0,20.0,0.0,1,0,0,0,0,23.52058246202964,88.65208141788969,23.52058246202964,0.0
random-s0-0054,voronoi,event,50.0,100.0,0.0,1,0,1,1,0,-11.550391996894431,71.29101644292862,-11.550391996894431,139.9999999999998
random-s0-0054,voronoi,event,150.0,20.0,0.0,1,0,1,1,0,-176.25806146144146,221.72507740962223,-176.25806146144146,579.9999999999876
random-s0-0054,voronoi,event,150.0,100.0,0.0,1,0,1,1,0,-0.4462908478406575,291.9150023953034,-0.4462908478406575,20.0
random-s0-0054,prm,once,0.0,20.0,0.0,1,0,5,4,1,-123.22673717469571,-34.82031879369006,-123.22673717469571,760.0000000000003
random-s0-0054,prm,cycle,0.0,20.0,0.0,1,0,3,3,0,-75.77916503448186,55.42083370262233,-75.77916503448186,560.0000000000001
random-s0-0054,prm,cycle,0.0,100.0,0.0,1,0,5,3,2,-120.71814191375628,-120.71814191375628,-74.72969728838638,600.0000000000001
random-s0-0054,prm,cycle,50.0,20.0,0.0,1,0,2,2,0,-110.12577256846188,106.40924310246902,-110.12577256846188,320.0
random-s0-0054,prm,cycle,50.0,100.0,0.0,1,0,1,0,1,-116.04749051200184,-116.04749051200184,78.53464508802733,120.0
random-s0-0054,prm,cycle,150.0,20.0,0.0,1,0,0,0,0,7.652758497898446,7.652758497898446,49.43543974044232,0.0
random-s0-0054,prm,cycle,150.0,100.0,0.0,1,0,0,0,0,78.8606619823097,78.8606619823097,98.3974827668581,0.0
random-s0-0054,prm,event,0.0,20.0,0.0,1,0,3,3,0,-73.37899307082589,91.9626373015616,-73.37899307082589,520.0000000000001
random-s0-0054,prm,event,0.0,100.0,0.0,1,0,5,3,2,-120.71814191375628,-120.71814191375628,-74.72969728838638,600.0000000000001
random-s0-0054,prm,event,50.0,20.0,0.0,1,0,0,0,0,65.25253900336733,119.6505506881772,65.25253900336733,0.0
random-s0-0054,prm,event,50.0,100.0,0.0,1,0,3,3,0,-112.8369937154812,29.610131243630832,-112.8369937154812,1080.0000000000005
random-s0-0054,prm,event,150.0,20.0,0.0,1,0,0,0,0,37.1969526033439,84.67086594082099,37.1969526033439,0.0
random-s0-0054,prm,event,150.0,100.0,0.0,1,0,0,0,0,94.96718840651118,283.9156690900796,94.96718840651118,0.0
random-s0-0054,visibility,once,0.0,20.0,0.0,1,0,3,2,1,-78.70328600917199,-34.82031879369006,-78.70328600917199,400.00000000000006
random-s0-0054,visibility,cycle,0.0,20.0,0.0,1,0,4,3,1,-76.1605900753423,-59.73703444511138,-76.1605900753423,860.0000000000005
random-s0-0054,visibility,cycle,0.0,100.0,0.0,1,0,3,2,1,-96.06129142672322,-35.48341055732615,-96.06129142672322,560.0000000000001
random-s0-0054,visibility,cycle,50.0,20.0,0.0,1,0,2,2,0,-67.45502339913554,69.57086480958796,-67.45502339913554,200.0
random-s0-0054,visibility,cycle,50.0,100.0,0.0,1,0,3,3,0,-64.94205807964886,110.29625292670325,-64.94205807964886,299.99999999999983
random-s0-0054,visibility,cycle,150.0,20.0,0.0,1,0,0,0,0,0.8275793221535537,0.8275793221535537,24.569708752221743,0.0
random-s0-0054,visibility,cycle,150.0,100.0,0.0,1,0,5,3,2,-122.92006722620307,-122.92006722620307,-113.18325767841236,1160.000000000001
random-s0-0054,visibility,event,0.0,20.0,0.0,1,0,2,2,0,-45.17629117265085,15.96534998075242,-45.17629117265085,320.0
random-s0-0054,visibility,event,0.0,100.0,0.0,1,0,4,3,1,-121.04319691288116,-61.80231481371205,-121.04319691288116,700.0000000000001
random-s0-0054,visibility,event,50.0,20.0,0.0,1,0,2,2,0,-50.92170948620418,102.6966218230786,-50.92170948620418,220.0
random-s0-0054,visibility,event,50.0,100.0,0.0,1,0,3,3,0,-69.09175349655887,107.8966698341273,-69.09175349655887,359.99999999999983
random-s0-0054,visibility,event,150.0,20.0,0.0,1,0,1,0,1,-60.669401544420566,-60.669401544420566,17.049632582403092,580.0000000000002
random-s0-0054,visibility,event,150.0,100.0,0.0,1,0,1,0,1,-54.45326251443815,-54.45326251443815,48.368999456506685,100.0
random-s0-0055,voronoi,once,0.0,20.0,0.0,1,0,2,2,0,-54.91707892794156,211.51668374421612,-54.91707892794156,140.0
random-s0-0055,voronoi,cycle,0.0,20.0,0.0,1,0,0,0,0,121.9819001437645,517.8124723282323,121.9819001437645,0.0
random-s0-0055,voronoi,cycle,0.0,100.0,0.0,1,0,0,0,0,14.517522189804907,517.8124723282322,14.517522189804907,0.0
random-s0-0055,voronoi,cycle,50.0,20.0,0.0,1,0,0,0,0,107.59019699409384,517.8124723282323,107.59019699409384,0.0
random-s0-0055,voronoi,cycle,50.0,100.0,0.0,1,0,0,0,0,90.22987982790409,517.8124723282322,90.22987982790409,0.0
random-s0-0055,voronoi,cycle,150.0,20.0,0.0,1,0,0,0,0,136.63537848075242,576.1705321831889,136.63537848075242,0.0
random-s0-0055,voronoi,cycle,150.0,100.0,0.0,1,0,0,0,0,188.00637109620757,547.7094212850001,188.00637109620757,0.0
random-s0-0055,voronoi,event,0.0,20.0,0.0,1,0,0,0,0,115.32517570560026,517.8124723282323,115.32517570560026,0.0
random-s0-0055,voronoi,event,0.0,100.0,0.0,1,0,0,0,0,93.40234130171916,517.8124723282322,93.40234130171916,0.0
random-s0-0055,voronoi,event,50.0,20.0,0.0,1,0,0,0,0,102.61298632670434,517.8124723282323,102.61298632670434,0.0
random-s0-0055,voronoi,event,50.0,100.0,0.0,1,0,0,0,0,109.12521403855705,517.8124723282322,109.12521403855705,0.0
random-s0-0055,voronoi,event,150.0,20.0,0.0,1,0,0,0,0,133.25388458108836,568.4350334189648,133.25388458108836,0.0
random-s0-0055,voronoi,event,150.0,100.0,0.0,1,0,0,0,0,230.9366854775874,547.7094212850001,230.9366854775874,0.0
random-s0-0055,prm,once,0.0,20.0,0.0,1,0,2,2,0,-54.91707892794156,199.5472552150932,-54.91707892794156,140.0
random-s0-0055,prm,cycle,0.0,20.0,0.0,1,0,1,1,0,-105.74647649696014,517.8124723282323,-105.74647649696014,180.0
random-s0-0055,prm,cycle,0.0,100.0,0.0,1,0,2,2,0,-30.6822393285602,517.8124723282322,-30.6822393285602,100.0
random-s0-0055,prm,cycle,50.0,20.0,0.0,1,0,0,0,0,117.3216242782346,517.8124723282323,117.3216242782346,0.0
random-s0-0055,prm,cycle,50.0,100.0,0.0,1,0,0,0,0,98.40219487491304,517.8124723282322,98.40219487491304,0.0
random-s0-0055,prm,cycle,150.0,20.0,0.0,1,0,0,0,0,148.3931568881721,517.8124723282323,148.3931568881721,0.0
random-s0-0055,prm,cycle,150.0,100.0,0.0,1,0,0,0,0,177.71393405221465,418.6054182998022,177.71393405221465,0.0
random-s0-0055,prm,event,0.0,20.0,0.0,1,0,0,0,0,16.517535867490494,517.8124723282323,16.517535867490494,0.0
random-s0-0055,prm,event,0.0,100.0,0.0,1,0,2,2,0,-30.6822393285602,517.8124723282322,-30.6822393285602,100.0
random-s0-0055,prm,event,50.0,20.0,0.0,1,0,1,1,0,-26.230166047448137,517.8124723282323,-26.230166047448137,60.0
random-s0-0055,prm,event,50.0,100.0,0.0,1,0,0,0,0,98.40219487491304,517.8124723282322,98.40219487491304,0.0
random-s0-0055,prm,event,150.0,20.0,0.0,1,0,0,0,0,200.09698758392904,517.8124723282323,200.09698758392904,0.0
random-s0-0055,prm,event,150.0,100.0,0.0,1,0,0,0,0,266.3218778810604,266.3218778810604,289.3612041808939,0.0
random-s0-0055,visibility,once,0.0,20.0,0.0,1,0,2,2,0,-54.91707892794156,427.263945238254,-54.91707892794156,140.0
random-s0-0055,visibility,cycle,0.0,20.0,0.0,1,0,2,2,0,-149.20858605157008,517.8124723282323,-149.20858605157008,620.0000000000002
random-s0-0055,visibility,cycle,0.0,100.0,0.0,1,0,2,2,0,-148.231637332954,517.8124723282322,-148.231637332954,620.0000000000002
random-s0-0055,visibility,cycle,50.0,20.0,0.0,1,0,2,2,0,-89.24268635514275,517.8124723282323,-89.24268635514275,420.0000000000001
random-s0-0055,visibility,cycle,50.0,100.0,0.0,1,0,3,3,0,-100.60811760722132,517.8124723282322,-100.60811760722132,620.0
random-s0-0055,visibility,cycle,150.0,20.0,0.0,1,0,0,0,0,47.737320431923735,517.8124723282323,47.737320431923735,0.0
random-s0-0055,visibility,cycle,150.0,100.0,0.0,1,0,0,0,0,63.163552303005446,501.07593824404194,63.163552303005446,0.0
random-s0-0055,visibility,event,0.0,20.0,0.0,1,0,2,2,0,-158.82640304951934,517.8124723282323,-158.82640304951934,660.0000000000002
random-s0-0055,visibility,event,0.0,100.0,0.0,1,0,2,2,0,-148.231637332954,517.8124723282322,-148.231637332954,620.0000000000002
random-s0-0055,visibility,event,50.0,20.0,0.0,1,0,2,2,0,-130.71012237033983,517.8124723282323,-130.71012237033983,560.0000000000001
random-s0-0055,visibility,event,50.0,100.0,0.0,1,0,3,3,0,-145.43074482035178,517.8124723282322,-145.43074482035178,520.0000000000001
random-s0-0055,visibility,event,150.0,20.0,0.0,1,0,0,0,0,267.23116922836914,517.8124723282323,267.23116922836914,0.0
random-s0-0055,visibility,event,150.0,100.0,0.0,1,0,0,0,0,255.42605170664024,501.07593824404194,255.42605170664024,0.0
random-s0-0056,voronoi,once,0.0,20.0,0.0,1,0,3,2,1,-157.8641829743459,-31.134818711879944,-157.8641829743459,540.0000000000001
random-s0-0056,voronoi,cycle,0.0,20.0,0.0,1,0,3,1,2,-12.71276355103356,-9.051296846113187,-12.71276355103356,180.0
random-s0-0056,voronoi,cycle,0.0,100.0,0.0,1,0,0,0,0,13.794948764650456,50.34740945915624,13.794948764650456,0.0
random-s0-0056,voronoi,cycle,50.0,20.0,0.0,1,0,0,0,0,27.861581352095897,27.861581352095897,66.45202217032184,0.0
random-s0-0056,voronoi,cycle,50.0,100.0,0.0,1,0,0,0,0,17.058139657643608,17.058139657643608,24.225393380942197,0.0
random-s0-0056,voronoi,cycle,150.0,20.0,0.0,1,0,0,0,0,40.20749120049837,40.20749120049837,111.38126318127456,0.0
random-s0-0056,voronoi,cycle,150.0,100.0,0.0,1,0,0,0,0,58.43312728181232,58.43312728181232,134.57732747749617,0.0
random-s0-0056,voronoi,event,0.0,20.0,0.0,1,0,0,0,0,5.571799743526384,15.16485920782742,5.571799743526384,0.0
random-s0-0056,voronoi,event,0.0,100.0,0.0,1,0,0,0,0,8.644795468598033,10.520831338876832,8.644795468598033,0.0
random-s0-0056,voronoi,event,50.0,20.0,0.0,1,0,0,0,0,3.1933312370675537,3.1933312370675537,47.10486106708649,0.0
random-s0-0056,voronoi,event,50.0,100.0,0.0,1,0,0,0,0,52.63720492577491,52.63720492577491,122.8358221736114,0.0
random-s0-0056,voronoi,event,150.0,20.0,0.0,1,0,0,0,0,31.4457556871964,353.8040536040929,31.4457556871964,0.0
random-s0-0056,voronoi,event,150.0,100.0,0.0,1,0,1,1,0,-14.312552197573638,16.18987115472433,-14.312552197573638,60.0
random-s0-0056,prm,once,0.0,20.0,0.0,1,0,5,1,4,-135.40088784784243,-135.40088784784243,-107.54111389879846,380.00000000000006
random-s0-0056,prm,cycle,0.0,20.0,0.0,1,0,0,0,0,5.0045669139113045,11.667789254558985,5.0045669139113045,0.0
random-s0-0056,prm,cycle,0.0,100.0,0.0,1,0,1,0,1,-142.85139610665468,-142.85139610665468,18.856625119523443,80.0
random-s0-0056,prm,cycle,50.0,20.0,0.0,1,0,1,0,1,-99.86033657195178,-99.86033657195178,63.71517802190005,99.99999999999996
random-s0-0056,prm,cycle,50.0,100.0,0.0,1,0,1,0,1,-99.86033657195216,-99.86033657195216,82.96799632827094,100.0
random-s0-0056,prm,cycle,150.0,20.0,0.0,1,0,2,0,2,-135.40088784784265,-135.40088784784265,127.41883025607314,159.99999999999994
random-s0-0056,prm,cycle,150.0,100.0,0.0,1,0,2,0,2,-135.40088784784274,-135.40088784784274,96.4268857285719,159.99999999999994
random-s0-0056,prm,event,0.0,20.0,0.0,1,0,0,0,0,1.6328901327393055,1.6328901327393055,5.0045669139113045,0.0
random-s0-0056,prm,event,0.0,100.0,0.0,1,0,0,0,0,3.022352717493419,21.95934107717511,3.022352717493419,0.0
random-s0-0056,prm,event,50.0,20.0,0.0,1,0,1,0,1,-99.86033657195178,-99.86033657195178,63.71517802190005,99.99999999999996
random-s0-0056,prm,event,50.0,100.0,0.0,1,0,1,0,1,-99.86033657195216,-99.86033657195216,82.96799632827094,100.0
random-s0-0056,prm,event,150.0,20.0,0.0,1,0,2,0,2,-135.40088784784265,-135.40088784784265,101.52569387782012,159.99999999999994
random-s0-0056,prm,event,150.0,100.0,0.0,1,0,2,0,2,-135.40088784784274,-135.40088784784274,73.94872131037178,159.99999999999994
random-s0-0056,visibility,once,0.0,20.0,0.0,1,0,4,1,3,-107.54111389879846,-49.664637199940245,-107.54111389879846,340.0
random-s0-0056,visibility,cycle,0.0,20.0,0.0,1,0,0,0,0,5.682634195017215,41.08537462642033,5.682634195017215,0.0
random-s0-0056,visibility,cycle,0.0,100.0,0.0,1,0,2,2,0,-14.467598417717111,35.02587067268297,-14.467598417717111,80.0
random-s0-0056,visibility,cycle,50.0,20.0,0.0,1,0,4,2,2,-171.78082910861636,-171.78082910861636,-148.7919845079497,1019.9999999999948
random-s0-0056,visibility,cycle,50.0,100.0,0.0,1,0,0,0,0,53.99647585201481,66.19573974946778,53.99647585201481,0.0
random-s0-0056,visibility,cycle,150.0,20.0,0.0,1,0,1,1,0,-106.67569993541564,55.15568796389255,-106.67569993541564,300.0
random-s0-0056,visibility,cycle,150.0,100.0,0.0,1,0,1,1,0,-137.15094419579077,97.17143711377103,-137.15094419579077,300.0
random-s0-0056,visibility,event,0.0,20.0,0.0,1,0,2,1,1,-152.26287680635124,-19.87159979470752,-152.26287680635124,599.9999999999964
random-s0-0056,visibility,event,0.0,100.0,0.0,1,0,2,2,0,-14.467598417717111,35.02587067268297,-14.467598417717111,80.0
random-s0-0056,visibility,event,50.0,20.0,0.0,1,0,1,1,0,-61.932436698100105,11.937412657397516,-61.932436698100105,200.0
random-s0-0056,visibility,event,50.0,100.0,0.0,1,0,0,0,0,53.99647585201481,66.19573974946778,53.99647585201481,0.0
random-s0-0056,visibility,event,150.0,20.0,0.0,1,0,0,0,0,4.952903705735366,4.952903705735366,71.20121848976137,0.0
random-s0-0056,visibility,event,150.0,100.0,0.0,1,0,1,1,0,-162.27263639571527,97.17143711377103,-162.27263639571527,320.0
random-s0-0057,voronoi,once,0.0,20.0,0.0,1,0,2,2,0,-163.49397111632476,300.1925348296011,-163.49397111632476,820.0000000000003
random-s0-0057,voronoi,cycle,0.0,20.0,0.0,1,0,2,2,0,-137.09724277270055,219.8983232368369,-137.09724277270055,900.0000000000005
random-s0-0057,voronoi,cycle,0.0,100.0,0.0,1,0,2,2,0,-136.8405196072123,245.42602402609435,-136.8405196072123,840.0000000000005
random-s0-0057,voronoi,cycle,50.0,20.0,0.0,1,0,1,1,0,-136.42023614962105,187.32552658181064,-136.42023614962105,640.0000000000002
random-s0-0057,voronoi,cycle,50.0,100.0,0.0,1,0,1,1,0,-134.87508539984444,274.5736647446984,-134.87508539984444,640.0000000000002
random-s0-0057,voronoi,cycle,150.0,20.0,0.0,1,0,0,0,0,84.48729648132434,352.32049259152416,84.48729648132434,0.0
random-s0-0057,voronoi,cycle,150.0,100.0,0.0,1,0,0,0,0,84.48729648132434,347.2121714602073,84.48729648132434,0.0
random-s0-0057,voronoi,event,0.0,20.0,0.0,1,0,1,1,0,-136.94910891699666,303.36065999755704,-136.94910891699666,640.0000000000002
random-s0-0057,voronoi,event,0.0,100.0,0.0,1,0,2,2,0,-136.8405196072123,303.40066121172697,-136.8405196072123,660.0000000000002
random-s0-0057,voronoi,event,50.0,20.0,0.0,1,0,1,1,0,-135.624860839847,137.2141876627261,-135.624860839847,640.0000000000002
random-s0-0057,voronoi,event,50.0,100.0,0.0,1,0,1,1,0,-134.87508539984444,167.40292103297844,-134.87508539984444,640.0000000000002
random-s0-0057,voronoi,event,150.0,20.0,0.0,1,0,0,0,0,83.51532664074853,397.2685405393371,83.51532664074853,0.0
random-s0-0057,voronoi,event,150.0,100.0,0.0,1,0,0,0,0,1.825033403327808,402.5143042313929,1.825033403327808,0.0
random-s0-0057,prm,once,0.0,20.0,0.0,1,0,4,4,0,-137.42066055610752,141.20475460156553,-137.42066055610752,1220.000000000001
random-s0-0057,prm,cycle,0.0,20.0,0.0,1,0,1,1,0,-135.7749907224593,184.37641567570503,-135.7749907224593,640.0000000000002
random-s0-0057,prm,cycle,0.0,100.0,0.0,1,0,1,1,0,-136.97059817967886,258.3481613033599,-136.97059817967886,640.0000000000002
random-s0-0057,prm,cycle,50.0,20.0,0.0,1,0,1,1,0,-135.54463421530394,282.6115570606529,-135.54463421530394,640.0000000000002
random-s0-0057,prm,cycle,50.0,100.0,0.0,1,0,2,2,0,-137.42066055610746,297.7641739380224,-137.42066055610746,820.0000000000003
random-s0-0057,prm,cycle,150.0,20.0,0.0,1,0,2,2,0,-136.9245975663845,243.6443239423774,-136.9245975663845,980.0000000000006
random-s0-0057,prm,cycle,150.0,100.0,0.0,1,0,2,2,0,-137.42066055610746,69.90030630835955,-137.42066055610746,1140.0000000000005
random-s0-0057,prm,event,0.0,20.0,0.0,1,0,3,3,0,-108.2590784377181,281.61016727163707,-108.2590784377181,1180.000000000001
random-s0-0057,prm,event,0.0,100.0,0.0,1,0,1,1,0,-136.97059817967886,313.69218710151694,-136.97059817967886,640.0000000000002
random-s0-0057,prm,event,50.0,20.0,0.0,1,0,1,1,0,-136.39560047595546,282.7329987397059,-136.39560047595546,640.0000000000002
random-s0-0057,prm,event,50.0,100.0,0.0,1,0,1,1,0,-137.42066055610746,157.1012291067138,-137.42066055610746,640.0000000000002
random-s0-0057,prm,event,150.0,20.0,0.0,1,0,2,2,0,-136.9245975663845,2.9502850021978304,-136.9245975663845,1140.0000000000005
random-s0-0057,prm,event,150.0,100.0,0.0,1,0,2,2,0,-137.42066055610746,12.69905361028043,-137.42066055610746,1140.0000000000005
random-s0-0057,visibility,once,0.0,20.0,0.0,1,0,3,2,1,-137.42066055610752,-26.77648724683047,-137.42066055610752,920.0000000000005
random-s0-0057,visibility,cycle,0.0,20.0,0.0,1,0,1,1,0,-137.02160910558356,182.35250026352105,-137.02160910558356,640.0000000000002
random-s0-0057,visibility,cycle,0.0,100.0,0.0,1,0,1,1,0,-135.8834526242552,149.10967703097683,-135.8834526242552,640.0000000000002
random-s0-0057,visibility,cycle,50.0,20.0,0.0,1,0,1,1,0,-137.0967808798324,228.79716923518856,-137.0967808798324,640.0000000000002
random-s0-0057,visibility,cycle,50.0,100.0,0.0,1,0,1,1,0,-137.42066055610746,156.38419128074457,-137.42066055610746,640.0000000000002
random-s0-0057,visibility,cycle,150.0,20.0,0.0,1,0,3,2,1,-136.78931226654962,-6.981692606107856,-136.78931226654962,1300.000000000001
random-s0-0057,visibility,cycle,150.0,100.0,0.0,1,0,3,2,1,-137.42066055610746,-6.787275170033496,-137.42066055610746,1300.0000000000005
random-s0-0057,visibility,event,0.0,20.0,0.0,1,0,1,1,0,-136.88581724200026,254.0967489108373,-136.88581724200026,640.0000000000002
random-s0-0057,visibility,event,0.0,100.0,0.0,1,0,1,1,0,-135.8834526242552,76.13403629779907,-135.8834526242552,640.0000000000002
random-s0-0057,visibility,event,50.0,20.0,0.0,1,0,1,1,0,-136.95917996309325,248.52022477704327,-136.95917996309325,640.0000000000002
random-s0-0057,visibility,event,50.0,100.0,0.0,1,0,1,1,0,-137.42066055610746,157.49556821676583,-137.42066055610746,640.0000000000002
random-s0-0057,visibility,event,150.0,20.0,0.0,1,0,3,2,1,-136.65225461221476,-5.935871368377576,-136.65225461221476,1280.000000000001
random-s0-0057,visibility,event,150.0,100.0,0.0,1,0,3,2,1,-137.42066055610746,-5.28585774292759,-137.42066055610746,1260.0000000000005
random-s0-0058,voronoi,once,0.0,20.0,0.0,1,0,0,0,0,9.879117951016298,9.879117951016298,130.41566989029485,0.0
random-s0-0058,voronoi,cycle,0.0,20.0,0.0,1,0,0,0,0,57.95934556995806,57.95934556995806,130.41566989029485,0.0
random-s0-0058,voronoi,cycle,0.0,100.0,0.0,1,0,0,0,0,130.41566989029502,188.86185216961985,130.41566989029502,0.0
random-s0-0058,voronoi,cycle,50.0,20.0,0.0,1,0,0,0,0,121.56339015375072,270.8104457381425,121.56339015375072,0.0
random-s0-0058,voronoi,cycle,50.0,100.0,0.0,1,0,0,0,0,52.92348099764766,267.2582905318062,52.92348099764766,0.0
random-s0-0058,voronoi,cycle,150.0,20.0,0.0,1,0,0,0,0,214.6510531771032,244.9003513231052,214.6510531771032,0.0
random-s0-0058,voronoi,cycle,150.0,100.0,0.0,1,0,0,0,0,103.22188179091565,103.22188179091565,243.38202802442595,0.0
random-s0-0058,voronoi,event,0.0,20.0,0.0,1,0,0,0,0,25.507651782470305,25.507651782470305,130.41566989029485,0.0
random-s0-0058,voronoi,event,0.0,100.0,0.0,1,0,0,0,0,130.41566989029502,164.41645962357694,130.41566989029502,0.0
random-s0-0058,voronoi,event,50.0,20.0,0.0,1,0,0,0,0,130.41566989029485,265.95273199693213,130.41566989029485,0.0
random-s0-0058,voronoi,event,50.0,100.0,0.0,1,0,0,0,0,51.82808771829045,51.82808771829045,113.06993440023666,0.0
random-s0-0058,voronoi,event,150.0,20.0,0.0,1,0,0,0,0,215.026699999733,215.026699999733,281.9051684744263,0.0
random-s0-0058,voronoi,event,150.0,100.0,0.0,1,0,0,0,0,169.90964545959935,246.0614997147008,169.90964545959935,0.0
random-s0-0058,prm,once,0.0,20.0,0.0,1,0,0,0,0,9.879117951016298,9.879117951016298,130.41566989029485,0.0
random-s0-0058,prm,cycle,0.0,20.0,0.0,1,0,0,0,0,66.8662794034631,66.8662794034631,130.41566989029485,0.0
random-s0-0058,prm,cycle,0.0,100.0,0.0,1,0,0,0,0,6.650861124930941,6.650861124930941,130.41566989029502,0.0
random-s0-0058,prm,cycle,50.0,20.0,0.0,1,0,0,0,0,130.41566989029485,197.9277025070018,130.41566989029485,0.0
random-s0-0058,prm,cycle,50.0,100.0,0.0,1,0,0,0,0,130.41566989029502,249.87117872820997,130.41566989029502,0.0
random-s0-0058,prm,cycle,150.0,20.0,0.0,1,0,1,1,0,-68.84728303240453,189.3901230027828,-68.84728303240453,359.99999999999994
random-s0-0058,prm,cycle,150.0,100.0,0.0,1,0,1,1,0,-68.8472830324044,325.5412918329228,-68.8472830324044,359.9999999999999
random-s0-0058,prm,event,0.0,20.0,0.0,1,0,1,0,1,-146.81078900337752,-146.81078900337752,130.41566989029485,820.0000000000003
random-s0-0058,prm,event,0.0,100.0,0.0,1,0,1,0,1,-148.961150613847,-148.961150613847,130.41566989029502,860.0000000000002
random-s0-0058,prm,event,50.0,20.0,0.0,1,0,0,0,0,130.41566989029485,345.38116518611787,130.41566989029485,0.0
random-s0-0058,prm,event,50.0,100.0,0.0,1,0,0,0,0,130.41566989029502,328.32653080340083,130.41566989029502,0.0
random-s0-0058,prm,event,150.0,20.0,0.0,1,0,1,1,0,-68.84728303240453,360.7712502894809,-68.84728303240453,359.99999999999994
random-s0-0058,prm,event,150.0,100.0,0.0,1,0,1,1,0,-68.8472830324044,255.46220046522143,-68.8472830324044,359.9999999999999
random-s0-0058,visibility,once,0.0,20.0,0.0,1,0,0,0,0,9.879117951016298,9.879117951016298,130.41566989029485,0.0
random-s0-0058,visibility,cycle,0.0,20.0,0.0,1,0,0,0,0,104.60841611156268,104.60841611156268,130.41566989029485,0.0
random-s0-0058,visibility,cycle,0.0,100.0,0.0,1,0,0,0,0,130.41566989029502,147.44640875832556,130.41566989029502,0.0
random-s0-0058,visibility,cycle,50.0,20.0,0.0,1,0,0,0,0,130.41566989029485,161.88293798138767,130.41566989029485,0.0
random-s0-0058,visibility,cycle,50.0,100.0,0.0,1,0,0,0,0,130.41566989029502,135.27170408561705,130.41566989029502,0.0
random-s0-0058,visibility,cycle,150.0,20.0,0.0,1,0,1,1,0,-68.84728303240453,472.3432345362255,-68.84728303240453,359.99999999999994
random-s0-0058,visibility,cycle,150.0,100.0,0.0,1,0,3,3,0,-140.01285016382525,345.30174784675035,-140.01285016382525,860.0000000000001
random-s0-0058,visibility,event,0.0,20.0,0.0,1,0,0,0,0,113.41121949669925,113.41121949669925,130.41566989029485,0.0
random-s0-0058,visibility,event,0.0,100.0,0.0,1,0,0,0,0,130.41566989029502,147.44640875832556,130.41566989029502,0.0
random-s0-0058,visibility,event,50.0,20.0,0.0,1,0,0,0,0,130.41566989029485,165.52733436540478,130.41566989029485,0.0
random-s0-0058,visibility,event,50.0,100.0,0.0,1,0,0,0,0,130.41566989029502,151.18764109109276,130.41566989029502,0.0
random-s0-0058,visibility,event,150.0,20.0,0.0,1,0,2,1,1,-74.77851955618641,-74.77851955618641,-68.84728303240453,480.00000000000006
random-s0-0058,visibility,event,150.0,100.0,0.0,1,0,1,1,0,-68.8472830324044,79.99356241541153,-68.8472830324044,359.9999999999999
random-s0-0059,voronoi,once,0.0,20.0,0.0,1,0,4,4,0,-149.4234723116129,288.7776558662724,-149.4234723116129,720.0000000000003
random-s0-0059,voronoi,cycle,0.0,20.0,0.0,1,0,3,2,1,-126.2875886921716,-12.96433296428313,-126.2875886921716,520.0000000000001
random-s0-0059,voronoi,cycle,0.0,100.0,0.0,1,0,3,3,0,-100.36700468314024,36.21863981928991,-100.36700468314024,419.99999999999983
random-s0-0059,voronoi,cycle,50.0,20.0,0.0,1,0,2,2,0,-76.25008739240782,187.55538383662008,-76.25008739240782,560.0000000000001
random-s0-0059,voronoi,cycle,50.0,100.0,0.0,1,0,1,1,0,-87.64304189135031,600.2848812395943,-87.64304189135031,400.00000000000006
random-s0-0059,voronoi,cycle,150.0,20.0,0.0,1,0,1,1,0,-13.42792945521731,340.38433963936404,-13.42792945521731,140.0
random-s0-0059,voronoi,cycle,150.0,100.0,0.0,1,0,0,0,0,149.05343578491443,496.42936959765,149.05343578491443,0.0
random-s0-0059,voronoi,event,0.0,20.0,0.0,1,0,3,3,0,-128.55506411332814,7.83529671749622,-128.55506411332814,740.0000000000003
random-s0-0059,voronoi,event,0.0,100.0,0.0,1,0,3,2,1,-126.59432554640888,-7.957201045370766,-126.59432554640888,560.0
random-s0-0059,voronoi,event,50.0,20.0,0.0,1,0,1,1,0,-14.86229998110784,7.061050575879165,-14.86229998110784,160.0
random-s0-0059,voronoi,event,50.0,100.0,0.0,1,0,1,1,0,-8.078267711595657,14.27028313897,-8.078267711595657,160.0
random-s0-0059,voronoi,event,150.0,20.0,0.0,1,0,0,0,0,3.0024512426828665,3.0024512426828665,108.9619926745596,0.0
random-s0-0059,voronoi,event,150.0,100.0,0.0,1,0,0,0,0,34.32887535416421,34.32887535416421,125.93702892486124,0.0
random-s0-0059,prm,once,0.0,20.0,0.0,1,0,4,4,0,-149.4234723116129,85.59880501944747,-149.4234723116129,740.0000000000003
random-s0-0059,prm,cycle,0.0,20.0,0.0,1,0,2,2,0,-118.62957073205465,108.6012613147227,-118.62957073205465,160.0
random-s0-0059,prm,cycle,0.0,100.0,0.0,1,0,2,1,1,-155.57997715593103,-69.87331178084426,-155.57997715593103,239.9999999999999
random-s0-0059,prm,cycle,50.0,20.0,0.0,1,0,1,1,0,-110.84919037983764,318.5817230971546,-110.84919037983764,120.0
random-s0-0059,prm,cycle,50.0,100.0,0.0,1,0,2,2,0,-127.49416305917812,175.64441693789428,-127.49416305917812,180.0
random-s0-0059,prm,cycle,150.0,20.0,0.0,1,0,0,0,0,67.17043836722863,387.6346037588613,67.17043836722863,0.0
random-s0-0059,prm,cycle,150.0,100.0,0.0,1,0,1,1,0,-155.46968181934386,344.07388302126185,-155.46968181934386,400.00000000000006
random-s0-0059,prm,event,0.0,20.0,0.0,1,0,2,1,1,-159.53046169756217,-150.6497130711513,-159.53046169756217,460.0000000000001
random-s0-0059,prm,event,0.0,100.0,0.0,1,0,2,1,1,-104.06656189341052,-69.87331178084426,-104.06656189341052,159.99999999999991
random-s0-0059,prm,event,50.0,20.0,0.0,1,0,1,1,0,-125.1903529576073,98.50470027069052,-125.1903529576073,340.0
random-s0-0059,prm,event,50.0,100.0,0.0,1,0,1,1,0,-118.43012722608044,96.16330337922034,-118.43012722608044,340.0
random-s0-0059,prm,event,150.0,20.0,0.0,1,0,1,1,0,-147.67861073314964,45.695335774922114,-147.67861073314964,400.00000000000006
random-s0-0059,prm,event,150.0,100.0,0.0,1,0,1,1,0,-159.23111837440655,295.94182171631394,-159.23111837440655,420.0000000000001
random-s0-0059,visibility,once,0.0,20.0,0.0,1,0,5,4,1,-149.4234723116129,-37.13312479747961,-149.4234723116129,600.0000000000002
random-s0-0059,visibility,cycle,0.0,20.0,0.0,1,0,2,2,0,-148.26708448339014,158.43904300953625,-148.26708448339014,340.0
random-s0-0059,visibility,cycle,0.0,100.0,0.0,1,0,2,2,0,-149.6048550464379,129.20857728382543,-149.6048550464379,520.0000000000001
random-s0-0059,visibility,cycle,50.0,20.0,0.0,1,0,1,1,0,-147.14755930389276,298.8770206623951,-147.14755930389276,360.00000000000006
random-s0-0059,visibility,cycle,50.0,100.0,0.0,1,0,2,2,0,-146.7268268935964,298.3138466155684,-146.7268268935964,460.0000000000001
random-s0-0059,visibility,cycle,150.0,20.0,0.0,1,0,2,2,0,-146.40473985577736,135.0130536899204,-146.40473985577736,520.0000000000001
random-s0-0059,visibility,cycle,150.0,100.0,0.0,1,0,2,2,0,-148.5360268782524,166.16218887779934,-148.5360268782524,500.0
random-s0-0059,visibility,event,0.0,20.0,0.0,1,0,2,2,0,-148.08640707889208,151.66513146533777,-148.08640707889208,380.00000000000006
random-s0-0059,visibility,event,0.0,100.0,0.0,1,0,2,2,0,-149.79457610123762,119.30147765686428,-149.79457610123762,480.00000000000017
random-s0-0059,visibility,event,50.0,20.0,0.0,1,0,1,1,0,-146.54825668810693,361.4196494966853,-146.54825668810693,360.00000000000006
random-s0-0059,visibility,event,50.0,100.0,0.0,1,0,2,2,0,-148.06834376656863,304.5308314307279,-148.06834376656863,700.0000000000002
random-s0-0059,visibility,event,150.0,20.0,0.0,1,0,2,2,0,-144.61735312665397,135.28114506432826,-144.61735312665397,500.0000000000001
random-s0-0059,visibility,event,150.0,100.0,0.0,1,0,2,2,0,-145.76596222297957,166.16218887779934,-145.76596222297957,520.0
random-s0-0060,voronoi,once,0.0,20.0,0.0,1,0,4,4,0,-88.47916752093472,112.4702580313911,-88.47916752093472,1080.0000000000005
random-s0-0060,voronoi,cycle,0.0,20.0,0.0,1,0,0,0,0,38.29734868600926,323.06532505306416,38.29734868600926,0.0
random-s0-0060,voronoi,cycle,0.0,100.0,0.0,1,0,0,0,0,16.38890779589292,323.06532505306427,16.38890779589292,0.0
random-s0-0060,voronoi,cycle,50.0,20.0,0.0,1,0,2,2,0,-17.119342958233545,280.2942878055231,-17.119342958233545,319.9999999999962
random-s0-0060,voronoi,cycle,50.0,100.0,0.0,1,0,1,1,0,-10.747048385141936,113.76214016670178,-10.747048385141936,140.0
random-s0-0060,voronoi,cycle,150.0,20.0,0.0,1,0,0,0,0,83.69444438592177,225.6443128232155,83.69444438592177,0.0
random-s0-0060,voronoi,cycle,150.0,100.0,0.0,1,0,1,1,0,-1.0738052755567935,199.03763323190248,-1.0738052755567935,0.0
random-s0-0060,voronoi,event,0.0,20.0,0.0,1,0,0,0,0,35.98525152385088,323.06532505306416,35.98525152385088,0.0
random-s0-0060,voronoi,event,0.0,100.0,0.0,1,0,0,0,0,36.61454468070883,323.06532505306427,36.61454468070883,0.0
random-s0-0060,voronoi,event,50.0,20.0,0.0,1,0,2,2,0,-17.119342958233545,238.95905606985465,-17.119342958233545,319.9999999999962
random-s0-0060,voronoi,event,50.0,100.0,0.0,1,0,0,0,0,52.979366190821366,323.06532505306427,52.979366190821366,0.0
random-s0-0060,voronoi,event,150.0,20.0,0.0,1,0,2,2,0,-17.119342958233545,11.600859954617365,-17.119342958233545,319.9999999999962
random-s0-0060,voronoi,event,150.0,100.0,0.0,1,0,2,2,0,-10.747048385141936,310.3703311091138,-10.747048385141936,160.0
random-s0-0060,prm,once,0.0,20.0,0.0,1,0,3,3,0,-56.375842572279936,193.86285811178303,-56.375842572279936,760.0000000000003
random-s0-0060,prm,cycle,0.0,20.0,0.0,1,0,0,0,0,24.13116685748247,25.80112302603183,24.13116685748247,0.0
random-s0-0060,prm,cycle,0.0,100.0,0.0,1,0,1,0,1,-49.81985888700311,-49.81985888700311,33.53739785362691,60.0
random-s0-0060,prm,cycle,50.0,20.0,0.0,1,0,0,0,0,14.689402291254424,14.689402291254424,33.53739785362691,0.0
random-s0-0060,prm,cycle,50.0,100.0,0.0,1,0,0,0,0,33.53739785362691,87.83135944333719,33.53739785362691,0.0
random-s0-0060,prm,cycle,150.0,20.0,0.0,1,0,1,1,0,-10.946385309389711,323.06532505306416,-10.946385309389711,219.99999999999997
random-s0-0060,prm,cycle,150.0,100.0,0.0,1,0,1,1,0,-10.946385309389711,323.06532505306427,-10.946385309389711,219.99999999999983
random-s0-0060,prm,event,0.0,20.0,0.0,1,0,0,0,0,33.53739785362691,136.25992885286183,33.53739785362691,0.0
random-s0-0060,prm,event,0.0,100.0,0.0,1,0,0,0,0,33.53739785362691,149.05687596242836,33.53739785362691,0.0
random-s0-0060,prm,event,50.0,20.0,0.0,1,0,2,2,0,-17.119342958233545,44.44404928567116,-17.119342958233545,319.9999999999962
random-s0-0060,prm,event,50.0,100.0,0.0,1,0,1,1,0,-10.747048385141936,173.08751571981986,-10.747048385141936,140.0
random-s0-0060,prm,event,150.0,20.0,0.0,1,0,1,1,0,-10.946385309389711,323.06532505306416,-10.946385309389711,219.99999999999997
random-s0-0060,prm,event,150.0,100.0,0.0,1,0,1,1,0,-10.946385309389711,323.06532505306427,-10.946385309389711,219.99999999999983
random-s0-0060,visibility,once,0.0,20.0,0.0,1,0,2,2,0,-52.015112760643305,52.54776087218104,-52.015112760643305,200.0
random-s0-0060,visibility,cycle,0.0,20.0,0.0,1,0,1,1,0,-151.15454088607547,285.36353232663896,-151.15454088607547,239.99999999999983
random-s0-0060,visibility,cycle,0.0,100.0,0.0,1,0,2,2,0,-115.0680307631376,323.06532505306427,-115.0680307631376,420.0000000000001
random-s0-0060,visibility,cycle,50.0,20.0,0.0,1,0,0,0,0,26.41102772143836,285.2788469343734,26.41102772143836,0.0
random-s0-0060,visibility,cycle,50.0,100.0,0.0,1,0,0,0,0,28.477022627338982,255.2629479960189,28.477022627338982,0.0
random-s0-0060,visibility,cycle,150.0,20.0,0.0,1,0,1,1,0,-10.946385309389711,323.06532505306416,-10.946385309389711,219.99999999999997
random-s0-0060,visibility,cycle,150.0,100.0,0.0,1,0,1,1,0,-10.946385309389711,323.06532505306427,-10.946385309389711,219.99999999999983
random-s0-0060,visibility,event,0.0,20.0,0.0,1,0,1,0,1,-11.903716179856248,-11.903716179856248,0.764579282350951,40.0
random-s0-0060,visibility,event,0.0,100.0,0.0,1,0,2,1,1,-114.26884464247212,-114.26884464247212,-25.700767864170217,159.99999999999983
random-s0-0060,visibility,event,50.0,20.0,0.0,1,0,1,1,0,-117.48342959077893,193.9455970255332,-117.48342959077893,520.0
random-s0-0060,visibility,event,50.0,100.0,0.0,1,0,1,0,1,-46.88586530957494,-46.88586530957494,31.089345934215004,79.9999999999999
random-s0-0060,visibility,event,150.0,20.0,0.0,1,0,1,1,0,-10.946385309389711,323.06532505306416,-10.946385309389711,219.99999999999997
random-s0-0060,visibility,event,150.0,100.0,0.0,1,0,1,1,0,-10.946385309389711,323.06532505306427,-10.946385309389711,219.99999999999983
random-s0-0061,voronoi,once,0.0,20.0,0.0,1,0,4,3,1,-134.05689413668355,-63.21076094952743,-134.05689413668355,1280.000000000001
random-s0-0061,voronoi,cycle,0.0,20.0,0.0,1,0,0,0,0,0.3425014643133579,38.03978999388585,0.3425014643133579,0.0
random-s0-0061,voronoi,cycle,0.0,100.0,0.0,1,0,5,5,0,-10.67391976358229,28.765496042931176,-10.67391976358229,220.0
random-s0-0061,voronoi,cycle,50.0,20.0,0.0,1,0,0,0,0,17.88788640390416,58.59568419377183,17.88788640390416,0.0
random-s0-0061,voronoi,cycle,50.0,100.0,0.0,1,0,1,0,1,-164.4262631867451,-164.4262631867451,37.932335112894094,219.9999999999999
random-s0-0061,voronoi,cycle,150.0,20.0,0.0,1,0,0,0,0,15.83531643355522,15.83531643355522,86.94542321201766,0.0
random-s0-0061,voronoi,cycle,150.0,100.0,0.0,1,0,1,1,0,-1.7165568747437303,24.45661963470781,-1.7165568747437303,0.0
random-s0-0061,voronoi,event,0.0,20.0,0.0,1,0,1,1,0,-23.598309731553822,3.473335095785785,-23.598309731553822,179.9999999999983
random-s0-0061,voronoi,event,0.0,100.0,0.0,1,0,5,5,0,-112.52106386561556,50.94409036391008,-112.52106386561556,1260.0
random-s0-0061,voronoi,event,50.0,20.0,0.0,1,0,1,1,0,-26.91033311370589,190.82628474155632,-26.91033311370589,259.9999999999966
random-s0-0061,voronoi,event,50.0,100.0,0.0,1,0,1,1,0,-23.01528123897961,71.04542497271703,-23.01528123897961,239.99999999999952
random-s0-0061,voronoi,event,150.0,20.0,0.0,1,0,0,0,0,1.6872618950888525,1.6872618950888525,109.3141581635931,0.0
random-s0-0061,voronoi,event,150.0,100.0,0.0,1,0,1,1,0,-26.338676615029414,5.292418755267931,-26.338676615029414,239.99999999999952
random-s0-0061,prm,once,0.0,20.0,0.0,1,0,4,2,2,-134.05689413668355,-63.21076094952743,-134.05689413668355,1080.0000000000005
random-s0-0061,prm,cycle,0.0,20.0,0.0,1,0,2,1,1,-135.8443659577694,-97.30769107248707,-135.8443659577694,1000.0000000000005
random-s0-0061,prm,cycle,0.0,100.0,0.0,1,0,3,2,1,-129.85545270321836,-72.98849363877845,-129.85545270321836,1560.000000000001
random-s0-0061,prm,cycle,50.0,20.0,0.0,1,0,2,1,1,-143.59427682449694,-8.654555133122699,-143.59427682449694,820.0000000000003
random-s0-0061,prm,cycle,50.0,100.0,0.0,1,0,2,2,0,-59.20819498125165,30.540722426766397,-59.20819498125165,560.0000000000001
random-s0-0061,prm,cycle,150.0,20.0,0.0,1,0,1,1,0,-124.35104543317924,73.68004759803594,-124.35104543317924,560.0000000000001
random-s0-0061,prm,cycle,150.0,100.0,0.0,1,0,1,1,0,-151.99605191357705,103.23933192234034,-151.99605191357705,640.0000000000002
random-s0-0061,prm,event,0.0,20.0,0.0,1,0,2,1,1,-147.9823330874961,-98.36960640638137,-147.9823330874961,940.0000000000005
random-s0-0061,prm,event,0.0,100.0,0.0,1,0,3,2,1,-129.85545270321836,-72.98849363877845,-129.85545270321836,1560.000000000001
random-s0-0061,prm,event,50.0,20.0,0.0,1,0,1,1,0,-28.767646942210035,4.184206079705632,-28.767646942210035,259.9999999999966
random-s0-0061,prm,event,50.0,100.0,0.0,1,0,2,2,0,-127.86959144613763,7.781155683386572,-127.86959144613763,720.0000000000003
random-s0-0061,prm,event,150.0,20.0,0.0,1,0,1,1,0,-121.7967696145476,5.864596439297031,-121.7967696145476,500.0000000000001
random-s0-0061,prm,event,150.0,100.0,0.0,1,0,1,1,0,-177.34307885109808,7.198883555703503,-177.34307885109808,620.0000000000002
random-s0-0061,visibility,once,0.0,20.0,0.0,1,0,3,2,1,-134.05689413668355,-63.21076094952743,-134.05689413668355,1020.0000000000005
random-s0-0061,visibility,cycle,0.0,20.0,0.0,1,0,4,2,2,-144.12315833609117,-144.12315833609117,-133.99802228071042,1440.000000000001
random-s0-0061,visibility,cycle,0.0,100.0,0.0,1,0,4,2,2,-157.40263549207378,-157.40263549207378,-134.78396170880552,1160.0000000000005
random-s0-0061,visibility,cycle,50.0,20.0,0.0,1,0,3,2,1,-157.9453099331672,-1.1672136774785995,-157.9453099331672,1019.9999999999986
random-s0-0061,visibility,cycle,50.0,100.0,0.0,1,0,3,2,1,-161.83475415410908,-2.014657540162233,-161.83475415410908,1060.0
random-s0-0061,visibility,cycle,150.0,20.0,0.0,1,0,2,1,1,-158.90300002839206,-26.854325284300216,-158.90300002839206,660.0000000000002
random-s0-0061,visibility,cycle,150.0,100.0,0.0,1,0,2,1,1,-174.74097433081351,-25.84642297096218,-174.74097433081351,680.0000000000002
random-s0-0061,visibility,event,0.0,20.0,0.0,1,0,4,2,2,-144.3180875173801,-144.3180875173801,-133.8727407020582,1440.000000000001
random-s0-0061,visibility,event,0.0,100.0,0.0,1,0,4,2,2,-157.40263549207378,-157.40263549207378,-134.78396170880552,1160.0000000000005
random-s0-0061,visibility,event,50.0,20.0,0.0,1,0,3,2,1,-152.10432978379868,-13.76660946560142,-152.10432978379868,1179.999999999997
random-s0-0061,visibility,event,50.0,100.0,0.0,1,0,3,2,1,-158.0743782533707,-17.353459311927963,-158.0743782533707,1160.0000000000002
random-s0-0061,visibility,event,150.0,20.0,0.0,1,0,2,1,1,-169.31582170708742,-10.951345321581895,-169.31582170708742,660.0000000000002
random-s0-0061,visibility,event,150.0,100.0,0.0,1,0,3,2,1,-152.88902897784402,-10.275466725133924,-152.88902897784402,700.0000000000003
random-s0-0062,voronoi,once,0.0,20.0,0.0,1,0,4,3,1,-155.5573572267068,-155.5573572267068,-154.27780444286634,1640.000000000001
random-s0-0062,voronoi,cycle,0.0,20.0,0.0,1,0,1,1,0,-149.17793928518802,321.55983476514865,-149.17793928518802,400.00000000000006
random-s0-0062,voronoi,cycle,0.0,100.0,0.0,1,0,1,1,0,-150.03402530102528,127.5465184778608,-150.03402530102528,320.0
random-s0-0062,voronoi,cycle,50.0,20.0,0.0,1,0,1,1,0,-149.8914475113784,339.8403975469555,-149.8914475113784,380.00000000000006
random-s0-0062,voronoi,cycle,50.0,100.0,0.0,1,0,1,1,0,-149.20670948333418,314.7485538412811,-149.20670948333418,480.00000000000017
random-s0-0062,voronoi,cycle,150.0,20.0,0.0,1,0,0,0,0,73.5773016753352,430.4611393013796,73.5773016753352,0.0
random-s0-0062,voronoi,cycle,150.0,100.0,0.0,1,0,1,1,0,-97.7082503608228,418.8133295198773,-97.7082503608228,220.0
random-s0-0062,voronoi,event,0.0,20.0,0.0,1,0,1,1,0,-151.0037393417099,31.67820054904763,-151.0037393417099,400.00000000000006
random-s0-0062,voronoi,event,0.0,100.0,0.0,1,0,1,1,0,-151.57116439319873,43.89281244378873,-151.57116439319873,420.0000000000001
random-s0-0062,voronoi,event,50.0,20.0,0.0,1,0,0,0,0,30.8892732615258,90.36180625839609,30.8892732615258,0.0
random-s0-0062,voronoi,event,50.0,100.0,0.0,1,0,1,1,0,-148.4678266321695,238.53140237367808,-148.4678266321695,540.0000000000001
random-s0-0062,voronoi,event,150.0,20.0,0.0,1,0,0,0,0,54.68603671972952,375.783535644822,54.68603671972952,0.0
random-s0-0062,voronoi,event,150.0,100.0,0.0,1,0,0,0,0,93.34286994703216,330.79195691250766,93.34286994703216,0.0
random-s0-0062,prm,once,0.0,20.0,0.0,1,0,3,2,1,-154.27780444286634,-9.835978903942788,-154.27780444286634,700.0000000000003
random-s0-0062,prm,cycle,0.0,20.0,0.0,1,0,1,1,0,-9.927003401483034,129.84686648981886,-9.927003401483034,20.0
random-s0-0062,prm,cycle,0.0,100.0,0.0,1,0,1,1,0,-10.819651492835078,117.51563191094522,-10.819651492835078,20.0
random-s0-0062,prm,cycle,50.0,20.0,0.0,1,0,0,0,0,23.357047539428265,107.41924927454475,23.357047539428265,0.0
random-s0-0062,prm,cycle,50.0,100.0,0.0,1,0,1,1,0,-84.43554360520653,112.27976047596457,-84.43554360520653,120.0
random-s0-0062,prm,cycle,150.0,20.0,0.0,1,0,0,0,0,45.25849237408997,266.3148953155788,45.25849237408997,0.0
random-s0-0062,prm,cycle,150.0,100.0,0.0,1,0,1,1,0,-0.5577470258108406,427.6533119412704,-0.5577470258108406,40.0
random-s0-0062,prm,event,0.0,20.0,0.0,1,0,1,1,0,-153.72358600309542,127.79478797076293,-153.72358600309542,560.0000000000001
random-s0-0062,prm,event,0.0,100.0,0.0,1,0,2,1,1,-145.02001407851208,-117.94756971890176,-145.02001407851208,600.0000000000002
random-s0-0062,prm,event,50.0,20.0,0.0,1,0,3,3,0,-152.9630870258211,252.8202400972392,-152.9630870258211,1239.999999999989
random-s0-0062,prm,event,50.0,100.0,0.0,1,0,3,3,0,-152.88063400537175,224.4393114036236,-152.88063400537175,880.0000000000005
random-s0-0062,prm,event,150.0,20.0,0.0,1,0,2,2,0,-75.15544848623915,48.36534937371118,-75.15544848623915,519.9999999999923
random-s0-0062,prm,event,150.0,100.0,0.0,1,0,3,3,0,-165.66809277319285,95.07286235250392,-165.66809277319285,500.0000000000001
random-s0-0062,visibility,once,0.0,20.0,0.0,1,0,2,2,0,-154.27780444286634,139.2269109994071,-154.27780444286634,660.0000000000002
random-s0-0062,visibility,cycle,0.0,20.0,0.0,1,0,1,1,0,-149.981304903844,15.791137244022195,-149.981304903844,240.0
random-s0-0062,visibility,cycle,0.0,100.0,0.0,1,0,1,1,0,-133.26365256184843,29.705085976182204,-133.26365256184843,200.0
random-s0-0062,visibility,cycle,50.0,20.0,0.0,1,0,1,0,1,-32.504310202467906,-32.504310202467906,67.10684641627611,180.0
random-s0-0062,visibility,cycle,50.0,100.0,0.0,1,0,1,0,1,-31.23783907674573,-31.23783907674573,75.43977797709451,160.0
random-s0-0062,visibility,cycle,150.0,20.0,0.0,1,0,1,1,0,-40.87052069124735,305.341227006092,-40.87052069124735,199.9999999999999
random-s0-0062,visibility,cycle,150.0,100.0,0.0,1,0,1,1,0,-85.16488580123556,11.419250343409743,-85.16488580123556,440.0000000000001
random-s0-0062,visibility,event,0.0,20.0,0.0,1,0,0,0,0,2.794790662011877,2.794790662011877,3.992263422468824,0.0
random-s0-0062,visibility,event,0.0,100.0,0.0,1,0,1,1,0,-132.86908743921168,23.92784704090508,-132.86908743921168,200.0
random-s0-0062,visibility,event,50.0,20.0,0.0,1,0,1,0,1,-33.03123713766294,-33.03123713766294,36.47929228016332,200.0
random-s0-0062,visibility,event,50.0,100.0,0.0,1,0,0,0,0,1.0644712617713026,1.0644712617713026,24.313966830360243,0.0
random-s0-0062,visibility,event,150.0,20.0,0.0,1,0,0,0,0,24.01814391236749,367.91819011448376,24.01814391236749,0.0
random-s0-0062,visibility,event,150.0,100.0,0.0,1,0,2,2,0,-150.1959580966522,475.69973956667866,-150.1959580966522,580.0000000000002
random-s0-0063,voronoi,once,0.0,20.0,0.0,1,0,2,1,1,-127.98245439072753,-127.98245439072753,-27.96843642986008,620.0000000000002
random-s0-0063,voronoi,cycle,0.0,20.0,0.0,1,0,0,0,0,26.73866924253963,26.73866924253963,155.27497130483124,0.0
random-s0-0063,voronoi,cycle,0.0,100.0,0.0,1,0,1,0,1,-33.338242224389944,-33.338242224389944,274.0843006720723,59.99999999999992
random-s0-0063,voronoi,cycle,50.0,20.0,0.0,1,0,0,0,0,37.14878173118558,51.46119778206321,37.14878173118558,0.0
random-s0-0063,voronoi,cycle,50.0,100.0,0.0,1,0,0,0,0,44.940821958197546,54.59706985214157,44.940821958197546,0.0
random-s0-0063,voronoi,cycle,150.0,20.0,0.0,1,0,0,0,0,61.009676116949294,61.009676116949294,105.14522431211655,0.0
random-s0-0063,voronoi,cycle,150.0,100.0,0.0,1,0,0,0,0,56.71240689344592,56.71240689344592,98.87502370389564,0.0
random-s0-0063,voronoi,event,0.0,20.0,0.0,1,0,0,0,0,8.719486624592719,8.719486624592719,198.99201129995487,0.0
random-s0-0063,voronoi,event,0.0,100.0,0.0,1,0,1,0,1,-33.338242224389944,-33.338242224389944,274.0843006720723,59.99999999999992
random-s0-0063,voronoi,event,50.0,20.0,0.0,1,0,1,1,0,-25.11914339690196,30.18001644822704,-25.11914339690196,199.9999999999966
random-s0-0063,voronoi,event,50.0,100.0,0.0,1,0,1,1,0,-84.14481071670593,54.59706985214157,-84.14481071670593,359.9999999999996
random-s0-0063,voronoi,event,150.0,20.0,0.0,1,0,0,0,0,61.009676116949294,61.009676116949294,159.19024502970956,0.0
random-s0-0063,voronoi,event,150.0,100.0,0.0,1,0,0,0,0,56.71240689344592,56.71240689344592,128.65066175924767,0.0
random-s0-0063,prm,once,0.0,20.0,0.0,1,0,1,0,1,-127.98245439072753,-127.98245439072753,387.77575359422167,380.00000000000006
random-s0-0063,prm,cycle,0.0,20.0,0.0,1,0,0,0,0,11.161286461583645,11.161286461583645,387.7582724358968,0.0
random-s0-0063,prm,cycle,0.0,100.0,0.0,1,0,1,0,1,-127.9824543907276,-127.9824543907276,390.2750564420646,379.9999999999998
random-s0-0063,prm,cycle,50.0,20.0,0.0,1,0,1,0,1,-8.552262749302457,-8.552262749302457,385.72355570733,120.0
random-s0-0063,prm,cycle,50.0,100.0,0.0,1,0,0,0,0,39.35407790648591,39.35407790648591,387.7757535942218,0.0
random-s0-0063,prm,cycle,150.0,20.0,0.0,1,0,0,0,0,72.61068860996352,72.61068860996352,97.03707173332202,0.0
random-s0-0063,prm,cycle,150.0,100.0,0.0,1,0,0,0,0,72.61068860996352,72.61068860996352,387.7757535942218,0.0
random-s0-0063,prm,event,0.0,20.0,0.0,1,0,1,0,1,-35.03540592877752,-35.03540592877752,390.2750564420646,80.0
random-s0-0063,prm,event,0.0,100.0,0.0,1,0,1,0,1,-127.9824543907276,-127.9824543907276,390.2750564420646,379.9999999999998
random-s0-0063,prm,event,50.0,20.0,0.0,1,0,0,0,0,72.61068860996352,72.61068860996352,351.57942575644563,0.0
random-s0-0063,prm,event,50.0,100.0,0.0,1,0,0,0,0,72.61068860996352,72.61068860996352,338.2897170026628,0.0
random-s0-0063,prm,event,150.0,20.0,0.0,1,0,0,0,0,72.61068860996352,72.61068860996352,170.40921794597176,0.0
random-s0-0063,prm,event,150.0,100.0,0.0,1,0,0,0,0,72.61068860996352,72.61068860996352,387.7757535942218,0.0
random-s0-0063,visibility,once,0.0,20.0,0.0,1,0,1,0,1,-127.98245439072753,-127.98245439072753,387.77575359422167,380.00000000000006
random-s0-0063,visibility,cycle,0.0,20.0,0.0,1,0,0,0,0,65.95383454154421,65.95383454154421,388.899028027383,0.0
random-s0-0063,visibility,cycle,0.0,100.0,0.0,1,0,1,0,1,-127.9824543907276,-127.9824543907276,388.0585056103406,379.9999999999998
random-s0-0063,visibility,cycle,50.0,20.0,0.0,1,0,0,0,0,72.61068860996352,72.61068860996352,387.0443957587791,0.0
random-s0-0063,visibility,cycle,50.0,100.0,0.0,1,0,0,0,0,72.61068860996352,72.61068860996352,387.7757535942218,0.0
random-s0-0063,visibility,cycle,150.0,20.0,0.0,1,0,0,0,0,22.01572659136093,22.01572659136093,388.4429720715184,0.0
random-s0-0063,visibility,cycle,150.0,100.0,0.0,1,0,0,0,0,72.61068860996352,72.61068860996352,387.67412761912,0.0
random-s0-0063,visibility,event,0.0,20.0,0.0,1,0,0,0,0,66.12376055413989,66.12376055413989,388.3907318857063,0.0
random-s0-0063,visibility,event,0.0,100.0,0.0,1,0,1,0,1,-127.9824543907276,-127.9824543907276,388.0585056103406,379.9999999999998
random-s0-0063,visibility,event,50.0,20.0,0.0,1,0,0,0,0,72.61068860996352,72.61068860996352,388.74539267630416,0.0
random-s0-0063,visibility,event,50.0,100.0,0.0,1,0,0,0,0,72.61068860996352,72.61068860996352,387.7757535942218,0.0
random-s0-0063,visibility,event,150.0,20.0,0.0,1,0,0,0,0,26.43347222991628,26.43347222991628,388.7518197184188,0.0
random-s0-0063,visibility,event,150.0,100.0,0.0,1,0,0,0,0,72.61068860996352,72.61068860996352,388.3580708941064,0.0
random-s0-0064,voronoi,once,0.0,20.0,0.0,1,0,1,1,0,-87.84986126076346,438.4726188515384,-87.84986126076346,320.0
random-s0-0064,voronoi,cycle,0.0,20.0,0.0,1,0,1,1,0,-88.14277239882433,482.92751082121663,-88.14277239882433,279.99999999999994
random-s0-0064,voronoi,cycle,0.0,100.0,0.0,1,0,1,1,0,-88.92788191960071,615.8082730086409,-88.92788191960071,320.0
random-s0-0064,voronoi,cycle,50.0,20.0,0.0,1,0,0,0,0,32.32547870927658,547.6113081597547,32.32547870927658,0.0
random-s0-0064,voronoi,cycle,50.0,100.0,0.0,1,0,1,1,0,-87.66976926443421,537.0939478201788,-87.66976926443421,320.0
random-s0-0064,voronoi,cycle,150.0,20.0,0.0,1,0,0,0,0,94.7184599234604,224.6287219102936,94.7184599234604,0.0
random-s0-0064,voronoi,cycle,150.0,100.0,0.0,1,0,0,0,0,74.14010707213802,706.5349232256425,74.14010707213802,0.0
random-s0-0064,voronoi,event,0.0,20.0,0.0,1,0,1,1,0,-87.3721634694224,404.2417908006735,-87.3721634694224,340.0
random-s0-0064,voronoi,event,0.0,100.0,0.0,1,0,1,1,0,-88.92788191960071,615.8082730086409,-88.92788191960071,320.0
random-s0-0064,voronoi,event,50.0,20.0,0.0,1,0,1,1,0,-88.29114521170011,235.5577480078676,-88.29114521170011,220.0
random-s0-0064,voronoi,event,50.0,100.0,0.0,1,0,1,1,0,-86.35331146530842,379.2081540254874,-86.35331146530842,240.0
random-s0-0064,voronoi,event,150.0,20.0,0.0,1,0,0,0,0,124.76300799482776,609.53327800841,124.76300799482776,0.0
random-s0-0064,voronoi,event,150.0,100.0,0.0,1,0,0,0,0,74.00524696899367,585.371462461309,74.00524696899367,0.0
random-s0-0064,prm,once,0.0,20.0,0.0,1,0,1,1,0,-87.84986126076346,438.4726188515384,-87.84986126076346,220.0
random-s0-0064,prm,cycle,0.0,20.0,0.0,1,0,0,0,0,168.27375726574644,637.5361003400155,168.27375726574644,0.0
random-s0-0064,prm,cycle,0.0,100.0,0.0,1,0,0,0,0,168.27375726574644,586.4319731207207,168.27375726574644,0.0
random-s0-0064,prm,cycle,50.0,20.0,0.0,1,0,0,0,0,42.58127144648603,497.09058049760085,42.58127144648603,0.0
random-s0-0064,prm,cycle,50.0,100.0,0.0,1,0,1,1,0,-23.6668949329829,495.4995123063667,-23.6668949329829,20.0
random-s0-0064,prm,cycle,150.0,20.0,0.0,1,0,1,1,0,-43.338986682926105,670.5094337580575,-43.338986682926105,40.0
random-s0-0064,prm,cycle,150.0,100.0,0.0,1,0,1,1,0,-87.48483741711769,14.554020508817873,-87.48483741711769,320.0
random-s0-0064,prm,event,0.0,20.0,0.0,1,0,0,0,0,148.76235214437662,700.6520879011823,148.76235214437662,0.0
random-s0-0064,prm,event,0.0,100.0,0.0,1,0,0,0,0,155.27284014640986,586.4319731207207,155.27284014640986,0.0
random-s0-0064,prm,event,50.0,20.0,0.0,1,0,0,0,0,8.23489830760937,27.347929684568555,8.23489830760937,0.0
random-s0-0064,prm,event,50.0,100.0,0.0,1,0,2,1,1,-102.148168285961,-102.148168285961,-1.3408455482100123,120.0
random-s0-0064,prm,event,150.0,20.0,0.0,1,0,1,1,0,-5.246677053815006,2.8079729592378726,-5.246677053815006,60.0
random-s0-0064,prm,event,150.0,100.0,0.0,1,0,1,1,0,-98.59425496546028,292.65244462052243,-98.59425496546028,180.0
random-s0-0064,visibility,once,0.0,20.0,0.0,1,0,0,0,0,92.17965213662605,438.4726188515384,92.17965213662605,0.0
random-s0-0064,visibility,cycle,0.0,20.0,0.0,1,0,0,0,0,168.27375726574644,473.2074382241724,168.27375726574644,0.0
random-s0-0064,visibility,cycle,0.0,100.0,0.0,1,0,0,0,0,168.27375726574644,486.719511295374,168.27375726574644,0.0
random-s0-0064,visibility,cycle,50.0,20.0,0.0,1,0,0,0,0,144.42868315142312,493.2984627582889,144.42868315142312,0.0
random-s0-0064,visibility,cycle,50.0,100.0,0.0,1,0,0,0,0,168.27375726574644,489.2725448477549,168.27375726574644,0.0
random-s0-0064,visibility,cycle,150.0,20.0,0.0,1,0,0,0,0,92.17965213662605,595.0811154302011,92.17965213662605,0.0
random-s0-0064,visibility,cycle,150.0,100.0,0.0,1,0,0,0,0,92.1796521366266,618.2048397385173,92.1796521366266,0.0
random-s0-0064,visibility,event,0.0,20.0,0.0,1,0,0,0,0,152.17070585690328,477.64841606614857,152.17070585690328,0.0
random-s0-0064,visibility,event,0.0,100.0,0.0,1,0,0,0,0,168.27375726574644,486.719511295374,168.27375726574644,0.0
random-s0-0064,visibility,event,50.0,20.0,0.0,1,0,0,0,0,144.42868315142312,513.0232322147745,144.42868315142312,0.0
random-s0-0064,visibility,event,50.0,100.0,0.0,1,0,0,0,0,168.27375726574644,489.2725448477549,168.27375726574644,0.0
random-s0-0064,visibility,event,150.0,20.0,0.0,1,0,0,0,0,92.17965213662605,626.8234306875175,92.17965213662605,0.0
random-s0-0064,visibility,event,150.0,100.0,0.0,1,0,0,0,0,92.1796521366266,651.3729567707767,92.1796521366266,0.0
random-s0-0065,voronoi,once,0.0,20.0,0.0,1,0,6,4,2,-173.3818814614951,-62.07313560651792,-173.3818814614951,2000.0000000000011
random-s0-0065,voronoi,cycle,0.0,20.0,0.0,1,0,0,0,0,112.73976497906808,219.38188460076032,112.73976497906808,0.0
random-s0-0065,voronoi,cycle,0.0,100.0,0.0,1,0,0,0,0,112.73976497906808,279.1741237484418,112.73976497906808,0.0
random-s0-0065,voronoi,cycle,50.0,20.0,0.0,1,0,0,0,0,112.73976497906808,209.19382686377972,112.73976497906808,0.0
random-s0-0065,voronoi,cycle,50.0,100.0,0.0,1,0,0,0,0,75.85712611562494,75.85712611562494,112.73976497906808,0.0
random-s0-0065,voronoi,cycle,150.0,20.0,0.0,1,0,0,0,0,74.48729368969995,219.6989005519747,74.48729368969995,0.0
random-s0-0065,voronoi,cycle,150.0,100.0,0.0,1,0,0,0,0,43.959017632282126,197.66295341831773,43.959017632282126,0.0
random-s0-0065,voronoi,event,0.0,20.0,0.0,1,0,0,0,0,112.73976497906808,202.8196002208395,112.73976497906808,0.0
random-s0-0065,voronoi,event,0.0,100.0,0.0,1,0,0,0,0,112.73976497906808,287.9828716085083,112.73976497906808,0.0
random-s0-0065,voronoi,event,50.0,20.0,0.0,1,0,0,0,0,112.73976497906808,214.20196015831868,112.73976497906808,0.0
random-s0-0065,voronoi,event,50.0,100.0,0.0,1,0,0,0,0,75.85712611562494,75.85712611562494,112.73976497906808,0.0
random-s0-0065,voronoi,event,150.0,20.0,0.0,1,0,0,0,0,100.53478301622044,242.5382652904176,100.53478301622044,0.0
random-s0-0065,voronoi,event,150.0,100.0,0.0,1,0,0,0,0,98.75341854227683,293.63011512895025,98.75341854227683,0.0
random-s0-0065,prm,once,0.0,20.0,0.0,1,0,2,1,1,-147.935518203711,-147.935518203711,-5.104220891333483,120.0
random-s0-0065,prm,cycle,0.0,20.0,0.0,1,0,0,0,0,112.73976497906808,126.10716844731508,112.73976497906808,0.0
random-s0-0065,prm,cycle,0.0,100.0,0.0,1,0,0,0,0,29.88232591429187,29.88232591429187,112.73976497906808,0.0
random-s0-0065,prm,cycle,50.0,20.0,0.0,1,0,0,0,0,112.73976497906808,208.14708976863471,112.73976497906808,0.0
random-s0-0065,prm,cycle,50.0,100.0,0.0,1,0,0,0,0,112.73976497906808,122.08123963908524,112.73976497906808,0.0
random-s0-0065,prm,cycle,150.0,20.0,0.0,1,0,1,0,1,-94.97191588098411,-94.97191588098411,18.13477089783595,59.99999999999997
random-s0-0065,prm,cycle,150.0,100.0,0.0,1,0,1,0,1,-94.97191588098411,-94.97191588098411,18.13477089783595,60.0
random-s0-0065,prm,event,0.0,20.0,0.0,1,0,0,0,0,6.349648027676636,6.349648027676636,112.73976497906808,0.0
random-s0-0065,prm,event,0.0,100.0,0.0,1,0,1,0,1,-59.69745636150017,-59.69745636150017,112.73976497906808,60.0
random-s0-0065,prm,event,50.0,20.0,0.0,1,0,0,0,0,112.73976497906808,208.14708976863471,112.73976497906808,0.0
random-s0-0065,prm,event,50.0,100.0,0.0,1,0,0,0,0,112.73976497906808,122.08123963908524,112.73976497906808,0.0
random-s0-0065,prm,event,150.0,20.0,0.0,1,0,1,0,1,-94.97191588098411,-94.97191588098411,18.13477089783595,59.99999999999997
random-s0-0065,prm,event,150.0,100.0,0.0,1,0,1,0,1,-94.97191588098411,-94.97191588098411,18.13477089783595,60.0
random-s0-0065,visibility,once,0.0,20.0,0.0,1,0,1,0,1,-154.3192871535715,-154.3192871535715,112.73976497906808,60.0
random-s0-0065,visibility,cycle,0.0,20.0,0.0,1,0,0,0,0,112.73976497906808,142.72789237425383,112.73976497906808,0.0
random-s0-0065,visibility,cycle,0.0,100.0,0.0,1,0,0,0,0,96.75641351823192,96.75641351823192,112.73976497906808,0.0
random-s0-0065,visibility,cycle,50.0,20.0,0.0,1,0,0,0,0,70.67031587700805,70.67031587700805,112.73976497906808,0.0
random-s0-0065,visibility,cycle,50.0,100.0,0.0,1,0,0,0,0,53.12299361562367,53.12299361562367,112.73976497906808,0.0
random-s0-0065,visibility,cycle,150.0,20.0,0.0,1,0,0,0,0,18.13477089783595,180.75741300991268,18.13477089783595,0.0
random-s0-0065,visibility,cycle,150.0,100.0,0.0,1,0,0,0,0,18.13477089783595,180.75741300991268,18.13477089783595,0.0
random-s0-0065,visibility,event,0.0,20.0,0.0,1,0,0,0,0,112.73976497906808,144.36154823635502,112.73976497906808,0.0
random-s0-0065,visibility,event,0.0,100.0,0.0,1,0,0,0,0,96.75641351823192,96.75641351823192,112.73976497906808,0.0
random-s0-0065,visibility,event,50.0,20.0,0.0,1,0,0,0,0,61.86467389982465,61.86467389982465,112.73976497906808,0.0
random-s0-0065,visibility,event,50.0,100.0,0.0,1,0,0,0,0,53.12299361562367,53.12299361562367,112.73976497906808,0.0
random-s0-0065,visibility,event,150.0,20.0,0.0,1,0,0,0,0,18.13477089783595,180.75741300991268,18.13477089783595,0.0
random-s0-0065,visibility,event,150.0,100.0,0.0,1,0,0,0,0,18.13477089783595,180.75741300991268,18.13477089783595,0.0
random-s0-0066,voronoi,once,0.0,20.0,0.0,1,0,0,0,0,184.62833324524905,184.62833324524905,229.8892422733544,0.0
random-s0-0066,voronoi,cycle,0.0,20.0,0.0,1,0,0,0,0,184.62833324524905,184.62833324524905,231.0530596960043,0.0
random-s0-0066,voronoi,cycle,0.0,100.0,0.0,1,0,0,0,0,184.62833324524905,184.62833324524905,230.27759973306627,0.0
random-s0-0066,voronoi,cycle,50.0,20.0,0.0,1,0,0,0,0,184.62833324524905,184.62833324524905,232.30107887746837,0.0
random-s0-0066,voronoi,cycle,50.0,100.0,0.0,1,0,0,0,0,184.62833324524905,184.62833324524905,232.02911786678465,0.0
random-s0-0066,voronoi,cycle,150.0,20.0,0.0,1,0,0,0,0,184.62833324524905,184.62833324524905,230.0584621596854,0.0
random-s0-0066,voronoi,cycle,150.0,100.0,0.0,1,0,0,0,0,184.62833324524905,184.62833324524905,246.7448177722065,0.0
random-s0-0066,voronoi,event,0.0,20.0,0.0,1,0,0,0,0,184.62833324524905,184.62833324524905,223.06113069684451,0.0
random-s0-0066,voronoi,event,0.0,100.0,0.0,1,0,0,0,0,184.62833324524905,184.62833324524905,221.35272832807172,0.0
random-s0-0066,voronoi,event,50.0,20.0,0.0,1,0,0,0,0,117.9445001087513,117.9445001087513,224.38701461249784,0.0
random-s0-0066,voronoi,event,50.0,100.0,0.0,1,0,0,0,0,184.62833324524905,184.62833324524905,230.80158363723297,0.0
random-s0-0066,voronoi,event,150.0,20.0,0.0,1,0,0,0,0,184.62833324524905,184.62833324524905,271.094506911484,0.0
random-s0-0066,voronoi,event,150.0,100.0,0.0,1,0,0,0,0,52.59137547628649,175.80434283404077,52.59137547628649,0.0
random-s0-0066,prm,once,0.0,20.0,0.0,1,0,0,0,0,184.62833324524905,184.62833324524905,230.46303034260168,0.0
random-s0-0066,prm,cycle,0.0,20.0,0.0,1,0,0,0,0,184.62833324524905,184.62833324524905,231.31901466014443,0.0
random-s0-0066,prm,cycle,0.0,100.0,0.0,1,0,0,0,0,184.62833324524905,184.62833324524905,230.03166239889856,0.0
random-s0-0066,prm,cycle,50.0,20.0,0.0,1,0,0,0,0,184.62833324524905,184.62833324524905,236.97712200622908,0.0
random-s0-0066,prm,cycle,50.0,100.0,0.0,1,0,0,0,0,184.62833324524905,184.62833324524905,236.3485403610913,0.0
random-s0-0066,prm,cycle,150.0,20.0,0.0,1,0,0,0,0,184.62833324524905,184.62833324524905,235.56500442341863,0.0
random-s0-0066,prm,cycle,150.0,100.0,0.0,1,0,0,0,0,184.62833324524905,184.62833324524905,207.76969551503487,0.0
random-s0-0066,prm,event,0.0,20.0,0.0,1,0,0,0,0,184.62833324524905,184.62833324524905,224.9551345530558,0.0
random-s0-0066,prm,event,0.0,100.0,0.0,1,0,0,0,0,184.62833324524905,184.62833324524905,224.76935100426755,0.0
random-s0-0066,prm,event,50.0,20.0,0.0,1,0,0,0,0,184.62833324524905,184.62833324524905,222.83554578372664,0.0
random-s0-0066,prm,event,50.0,100.0,0.0,1,0,0,0,0,184.62833324524905,184.62833324524905,222.15511177204644,0.0
random-s0-0066,prm,event,150.0,20.0,0.0,1,0,0,0,0,184.62833324524905,184.62833324524905,220.75112111232664,0.0
random-s0-0066,prm,event,150.0,100.0,0.0,1,0,0,0,0,184.62833324524905,184.62833324524905,206.65747956085391,0.0
random-s0-0066,visibility,once,0.0,20.0,0.0,1,0,0,0,0,184.62833324524905,184.62833324524905,230.46303034260168,0.0
random-s0-0066,visibility,cycle,0.0,20.0,0.0,1,0,0,0,0,184.62833324524905,184.62833324524905,229.56888922663543,0.0
random-s0-0066,visibility,cycle,0.0,100.0,0.0,1,0,0,0,0,184.62833324524905,184.62833324524905,230.5000110245358,0.0
random-s0-0066,visibility,cycle,50.0,20.0,0.0,1,0,0,0,0,184.62833324524905,184.62833324524905,229.02741904628675,0.0
random-s0-0066,visibility,cycle,50.0,100.0,0.0,1,0,0,0,0,184.62833324524905,184.62833324524905,228.53433705935083,0.0
random-s0-0066,visibility,cycle,150.0,20.0,0.0,1,0,0,0,0,184.62833324524905,184.62833324524905,239.67211726932493,0.0
random-s0-0066,visibility,cycle,150.0,100.0,0.0,1,0,0,0,0,184.62833324524905,184.62833324524905,207.0282932910253,0.0
random-s0-0066,visibility,event,0.0,20.0,0.0,1,0,0,0,0,184.62833324524905,184.62833324524905,229.5348318207043,0.0
random-s0-0066,visibility,event,0.0,100.0,0.0,1,0,0,0,0,184.62833324524905,184.62833324524905,229.079472414852,0.0
random-s0-0066,visibility,event,50.0,20.0,0.0,1,0,0,0,0,184.62833324524905,184.62833324524905,228.50225048439933,0.0
random-s0-0066,visibility,event,50.0,100.0,0.0,1,0,0,0,0,184.62833324524905,184.62833324524905,228.50225048439935,0.0
random-s0-0066,visibility,event,150.0,20.0,0.0,1,0,0,0,0,184.62833324524905,184.62833324524905,221.72773191106967,0.0
random-s0-0066,visibility,event,150.0,100.0,0.0,1,0,0,0,0,184.62833324524905,184.62833324524905,219.7251741047984,0.0
random-s0-0067,voronoi,once,0.0,20.0,0.0,1,0,4,4,0,-140.21256123973566,46.36061268280434,-140.21256123973566,640.0000000000002
random-s0-0067,voronoi,cycle,0.0,20.0,0.0,1,0,2,2,0,-2.380324224977045,19.76937916281622,-2.380324224977045,60.0
random-s0-0067,voronoi,cycle,0.0,100.0,0.0,1,0,3,1,2,-129.4853545566485,-129.4853545566485,-39.56790412793896,420.0000000000001
random-s0-0067,voronoi,cycle,50.0,20.0,0.0,1,0,0,0,0,56.18216897133061,90.78734808665688,56.18216897133061,0.0
random-s0-0067,voronoi,cycle,50.0,100.0,0.0,1,0,0,0,0,33.4645298237287,152.22970968894396,33.4645298237287,0.0
random-s0-0067,voronoi,cycle,150.0,20.0,0.0,1,0,0,0,0,86.60983265100498,152.22970968894396,86.60983265100498,0.0
random-s0-0067,voronoi,cycle,150.0,100.0,0.0,1,0,0,0,0,112.710348454337,152.22970968894396,112.710348454337,0.0
random-s0-0067,voronoi,event,0.0,20.0,0.0,1,0,1,1,0,-14.084299614781996,9.793112366766508,-14.084299614781996,180.0
random-s0-0067,voronoi,event,0.0,100.0,0.0,1,0,2,1,1,-53.61009414357598,-15.301164395373178,-53.61009414357598,460.0000000000001
random-s0-0067,voronoi,event,50.0,20.0,0.0,1,0,1,1,0,-24.151392399504005,1.606531761964817,-24.151392399504005,240.0
random-s0-0067,voronoi,event,50.0,100.0,0.0,1,0,1,1,0,-19.0795289968832,27.589361686077154,-19.0795289968832,219.99999999999977
random-s0-0067,voronoi,event,150.0,20.0,0.0,1,0,1,1,0,-140.05633913550025,120.89877852482334,-140.05633913550025,379.9999999999919
random-s0-0067,voronoi,event,150.0,100.0,0.0,1,0,0,0,0,32.773040618181255,77.86017241869894,32.773040618181255,0.0
random-s0-0067,prm,once,0.0,20.0,0.0,1,0,1,1,0,-63.50459239265968,109.31438244909292,-63.50459239265968,60.0
random-s0-0067,prm,cycle,0.0,20.0,0.0,1,0,2,0,2,-151.73469363176454,-151.73469363176454,1.6639277027333037,1020.0000000000005
random-s0-0067,prm,cycle,0.0,100.0,0.0,1,0,3,2,1,-122.43879579112075,-117.98794181293206,-122.43879579112075,499.99999999999983
random-s0-0067,prm,cycle,50.0,20.0,0.0,1,0,0,0,0,51.11560277084524,88.75746076242996,51.11560277084524,0.0
random-s0-0067,prm,cycle,50.0,100.0,0.0,1,0,0,0,0,2.321667266786932,90.57249488624518,2.321667266786932,0.0
random-s0-0067,prm,cycle,150.0,20.0,0.0,1,0,0,0,0,120.61834919536189,152.22970968894396,120.61834919536189,0.0
random-s0-0067,prm,cycle,150.0,100.0,0.0,1,0,0,0,0,95.51087705387648,152.22970968894396,95.51087705387648,0.0
random-s0-0067,prm,event,0.0,20.0,0.0,1,0,0,0,0,1.6639277027333037,11.421049716908982,1.6639277027333037,0.0
random-s0-0067,prm,event,0.0,100.0,0.0,1,0,2,1,1,-122.43879579112075,-117.98794181293206,-122.43879579112075,379.9999999999998
random-s0-0067,prm,event,50.0,20.0,0.0,1,0,0,0,0,2.7522204250124105,58.06177111203198,2.7522204250124105,0.0
random-s0-0067,prm,event,50.0,100.0,0.0,1,0,0,0,0,20.022481775310013,96.92810221527652,20.022481775310013,0.0
random-s0-0067,prm,event,150.0,20.0,0.0,1,0,0,0,0,95.3894665683796,152.22970968894396,95.3894665683796,0.0
random-s0-0067,prm,event,150.0,100.0,0.0,1,0,0,0,0,122.01051726758834,152.22970968894396,122.01051726758834,0.0
random-s0-0067,visibility,once,0.0,20.0,0.0,1,0,3,3,0,-145.02600034331752,152.22970968894396,-145.02600034331752,279.99999999999994
random-s0-0067,visibility,cycle,0.0,20.0,0.0,1,0,1,1,0,-83.81303692726196,122.87479593360683,-83.81303692726196,60.0
random-s0-0067,visibility,cycle,0.0,100.0,0.0,1,0,2,2,0,-139.27814865915647,146.70766238295153,-139.27814865915647,540.0000000000001
random-s0-0067,visibility,cycle,50.0,20.0,0.0,1,0,0,0,0,63.792456228531535,131.20171764155816,63.792456228531535,0.0
random-s0-0067,visibility,cycle,50.0,100.0,0.0,1,0,1,1,0,-111.8455265133126,143.90722863117605,-111.8455265133126,220.0
random-s0-0067,visibility,cycle,150.0,20.0,0.0,1,0,0,0,0,57.76521980969079,152.22970968894396,57.76521980969079,0.0
random-s0-0067,visibility,cycle,150.0,100.0,0.0,1,0,2,2,0,-137.09139136843976,152.22970968894396,-137.09139136843976,100.0
random-s0-0067,visibility,event,0.0,20.0,0.0,1,0,1,1,0,-145.02600034331752,122.60868447369825,-145.02600034331752,80.0
random-s0-0067,visibility,event,0.0,100.0,0.0,1,0,2,2,0,-93.0311335963486,152.22970968894396,-93.0311335963486,420.00000000000006
random-s0-0067,visibility,event,50.0,20.0,0.0,1,0,1,1,0,-123.38603941908872,125.5173336169438,-123.38603941908872,80.0
random-s0-0067,visibility,event,50.0,100.0,0.0,1,0,1,1,0,-123.3860394190888,152.22970968894396,-123.3860394190888,80.0
random-s0-0067,visibility,event,150.0,20.0,0.0,1,0,1,1,0,-4.703933681907529,152.22970968894396,-4.703933681907529,20.0
random-s0-0067,visibility,event,150.0,100.0,0.0,1,0,2,2,0,-155.55268813998055,152.22970968894396,-155.55268813998055,840.0000000000005
random-s0-0068,voronoi,once,0.0,20.0,0.0,1,0,1,0,1,-86.04990088658835,-86.04990088658835,1.1481312332253708,60.0
random-s0-0068,voronoi,cycle,0.0,20.0,0.0,1,0,1,0,1,-33.58514159882304,-33.58514159882304,1.1481312332253708,40.0
random-s0-0068,voronoi,cycle,0.0,100.0,0.0,1,0,1,0,1,-86.04990088658835,-86.04990088658835,1.1481312332253708,120.0
random-s0-0068,voronoi,cycle,50.0,20.0,0.0,1,0,1,0,1,-4.876957623861784,-4.876957623861784,34.826833997800975,20.0
random-s0-0068,voronoi,cycle,50.0,100.0,0.0,1,0,1,0,1,-86.04990088658835,-86.04990088658835,35.236279140465115,140.0
random-s0-0068,voronoi,cycle,150.0,20.0,0.0,1,0,0,0,0,42.33060693220111,42.33060693220111,98.79692175371748,0.0
random-s0-0068,voronoi,cycle,150.0,100.0,0.0,1,0,1,0,1,-86.04990088658835,-86.04990088658835,101.01862765645647,180.0
random-s0-0068,voronoi,event,0.0,20.0,0.0,1,0,1,0,1,-33.58514159882304,-33.58514159882304,1.1481312332253708,40.0
random-s0-0068,voronoi,event,0.0,100.0,0.0,1,0,1,0,1,-86.04990088658835,-86.04990088658835,1.1481312332253708,120.0
random-s0-0068,voronoi,event,50.0,20.0,0.0,1,0,1,0,1,-4.876957623861784,-4.876957623861784,34.826833997800975,20.0
random-s0-0068,voronoi,event,50.0,100.0,0.0,1,0,1,0,1,-86.04990088658835,-86.04990088658835,35.236279140465115,140.0
random-s0-0068,voronoi,event,150.0,20.0,0.0,1,0,0,0,0,42.33060693220111,42.33060693220111,106.55332242250546,0.0
random-s0-0068,voronoi,event,150.0,100.0,0.0,1,0,1,0,1,-86.04990088658835,-86.04990088658835,101.01862765645647,180.0
random-s0-0068,prm,once,0.0,20.0,0.0,1,0,1,0,1,-86.04990088658835,-86.04990088658835,1.1481312332253708,60.0
random-s0-0068,prm,cycle,0.0,20.0,0.0,1,0,1,0,1,-86.04990088658835,-86.04990088658835,1.1481312332253708,60.0
random-s0-0068,prm,cycle,0.0,100.0,0.0,1,0,1,0,1,-86.04990088658835,-86.04990088658835,1.1481312332253708,60.0
random-s0-0068,prm,cycle,50.0,20.0,0.0,1,0,1,0,1,-86.04990088658835,-86.04990088658835,29.138263762006854,60.0
random-s0-0068,prm,cycle,50.0,100.0,0.0,1,0,1,0,1,-86.04990088658835,-86.04990088658835,35.236279140465115,60.0
random-s0-0068,prm,cycle,150.0,20.0,0.0,1,0,1,0,1,-86.04990088658835,-86.04990088658835,121.26848294728308,60.0
random-s0-0068,prm,cycle,150.0,100.0,0.0,1,0,1,0,1,-86.04990088658835,-86.04990088658835,138.5290383537535,60.0
random-s0-0068,prm,event,0.0,20.0,0.0,1,0,1,0,1,-86.04990088658835,-86.04990088658835,1.1481312332253708,60.0
random-s0-0068,prm,event,0.0,100.0,0.0,1,0,1,0,1,-86.04990088658835,-86.04990088658835,1.1481312332253708,60.0
random-s0-0068,prm,event,50.0,20.0,0.0,1,0,1,0,1,-86.04990088658835,-86.04990088658835,41.88791561866751,60.0
random-s0-0068,prm,event,50.0,100.0,0.0,1,0,1,0,1,-86.04990088658835,-86.04990088658835,35.236279140465115,60.0
random-s0-0068,prm,event,150.0,20.0,0.0,1,0,1,0,1,-86.04990088658835,-86.04990088658835,148.0791538344361,60.0
random-s0-0068,prm,event,150.0,100.0,0.0,1,0,1,0,1,-86.04990088658835,-86.04990088658835,148.07915383443623,60.0
random-s0-0068,visibility,once,0.0,20.0,0.0,1,0,1,0,1,-86.04990088658835,-86.04990088658835,1.1481312332253708,60.0
random-s0-0068,visibility,cycle,0.0,20.0,0.0,1,0,1,0,1,-86.04990088658835,-86.04990088658835,1.1481312332253708,60.0
random-s0-0068,visibility,cycle,0.0,100.0,0.0,1,0,1,0,1,-86.04990088658835,-86.04990088658835,1.1481312332253708,60.0
random-s0-0068,visibility,cycle,50.0,20.0,0.0,1,0,2,1,1,-86.04990088658835,-86.04990088658835,-58.48365345357004,360.00000000000006
random-s0-0068,visibility,cycle,50.0,100.0,0.0,1,0,2,1,1,-86.04990088658835,-86.04990088658835,-51.64106014209781,339.99999999999983
random-s0-0068,visibility,cycle,150.0,20.0,0.0,1,0,2,1,1,-151.13078818926834,-86.04990088658835,-151.13078818926834,660.0000000000002
random-s0-0068,visibility,cycle,150.0,100.0,0.0,1,0,3,2,1,-141.088231924473,-86.04990088658835,-141.088231924473,660.0000000000002
random-s0-0068,visibility,event,0.0,20.0,0.0,1,0,1,0,1,-86.04990088658835,-86.04990088658835,1.1481312332253708,60.0
random-s0-0068,visibility,event,0.0,100.0,0.0,1,0,1,0,1,-86.04990088658835,-86.04990088658835,1.1481312332253708,60.0
random-s0-0068,visibility,event,50.0,20.0,0.0,1,0,2,1,1,-86.04990088658835,-86.04990088658835,-55.579277137821805,340.0
random-s0-0068,visibility,event,50.0,100.0,0.0,1,0,2,1,1,-86.04990088658835,-86.04990088658835,-51.64106014209781,339.99999999999983
random-s0-0068,visibility,event,150.0,20.0,0.0,1,0,3,2,1,-141.92904901254636,-86.04990088658835,-141.92904901254636,660.0000000000002
random-s0-0068,visibility,event,150.0,100.0,0.0,1,0,3,2,1,-136.15597754152816,-86.04990088658835,-136.15597754152816,660.0000000000002
random-s0-0069,voronoi,once,0.0,20.0,0.0,1,0,6,2,4,-147.47171723879472,-143.9245984411781,-147.47171723879472,1140.0000000000005
random-s0-0069,voronoi,cycle,0.0,20.0,0.0,1,0,0,0,0,11.093648827239264,11.093648827239264,18.72391021927328,0.0
random-s0-0069,voronoi,cycle,0.0,100.0,0.0,1,0,3,2,1,-38.390325888988485,-38.390325888988485,-19.96396907115528,259.99999999999966
random-s0-0069,voronoi,cycle,50.0,20.0,0.0,1,0,0,0,0,38.04703763923308,132.3690004566854,38.04703763923308,0.0
random-s0-0069,voronoi,cycle,50.0,100.0,0.0,1,0,1,1,0,-42.0857692466017,108.6359385133706,-42.0857692466017,519.9999999999998
random-s0-0069,voronoi,cycle,150.0,20.0,0.0,1,0,0,0,0,102.91704297321428,190.16652182938577,102.91704297321428,0.0
random-s0-0069,voronoi,cycle,150.0,100.0,0.0,1,0,0,0,0,9.491986132858244,9.491986132858244,90.53466941719996,0.0
random-s0-0069,voronoi,event,0.0,20.0,0.0,1,0,2,1,1,-1.685410599857562,-1.685410599857562,-1.2064618655829804,40.0
random-s0-0069,voronoi,event,0.0,100.0,0.0,1,0,3,2,1,-77.14841429684033,-38.390325888988485,-77.14841429684033,259.9999999999998
random-s0-0069,voronoi,event,50.0,20.0,0.0,1,0,0,0,0,7.377732211812685,123.72025972917868,7.377732211812685,0.0
random-s0-0069,voronoi,event,50.0,100.0,0.0,1,0,1,1,0,-60.32713337603488,67.78707797100458,-60.32713337603488,539.9999999999999
random-s0-0069,voronoi,event,150.0,20.0,0.0,1,0,0,0,0,36.394422107487685,437.9849545094595,36.394422107487685,0.0
random-s0-0069,voronoi,event,150.0,100.0,0.0,1,0,2,2,0,-13.117326712934728,124.62372736954684,-13.117326712934728,160.0
random-s0-0069,prm,once,0.0,20.0,0.0,1,0,4,0,4,-174.3046193219846,-174.3046193219846,18.72391021927328,259.99999999999994
random-s0-0069,prm,cycle,0.0,20.0,0.0,1,0,0,0,0,10.562875903387976,10.562875903387976,19.541181013373773,0.0
random-s0-0069,prm,cycle,0.0,100.0,0.0,1,0,4,1,3,-159.02940257239615,-159.02940257239615,-66.01275985632338,400.00000000000006
random-s0-0069,prm,cycle,50.0,20.0,0.0,1,0,0,0,0,40.85884200852874,101.02425972704714,40.85884200852874,0.0
random-s0-0069,prm,cycle,50.0,100.0,0.0,1,0,1,0,1,-40.280248168565066,-40.280248168565066,80.02610079212366,39.99999999999991
random-s0-0069,prm,cycle,150.0,20.0,0.0,1,0,0,0,0,1.876505522151348,1.876505522151348,109.34345678968516,0.0
random-s0-0069,prm,cycle,150.0,100.0,0.0,1,0,0,0,0,18.72391021927328,26.57744315274596,18.72391021927328,0.0
random-s0-0069,prm,event,0.0,20.0,0.0,1,0,0,0,0,12.050779833336662,12.050779833336662,19.541181013373773,0.0
random-s0-0069,prm,event,0.0,100.0,0.0,1,0,2,0,2,-172.7845108709029,-172.7845108709029,1.858065253508528,120.0
random-s0-0069,prm,event,50.0,20.0,0.0,1,0,0,0,0,41.2920249070078,60.43567721565273,41.2920249070078,0.0
random-s0-0069,prm,event,50.0,100.0,0.0,1,0,0,0,0,25.339343479404647,25.339343479404647,92.78462839371996,0.0
random-s0-0069,prm,event,150.0,20.0,0.0,1,0,0,0,0,86.2947798510798,193.82934980461212,86.2947798510798,0.0
random-s0-0069,prm,event,150.0,100.0,0.0,1,0,0,0,0,11.20926130762058,55.43039219327326,11.20926130762058,0.0
random-s0-0069,visibility,once,0.0,20.0,0.0,1,0,1,0,1,-109.3957126979276,-109.3957126979276,18.72391021927328,100.0
random-s0-0069,visibility,cycle,0.0,20.0,0.0,1,0,1,0,1,-8.922522887413436,-8.922522887413436,18.72391021927328,20.0
random-s0-0069,visibility,cycle,0.0,100.0,0.0,1,0,1,0,1,-9.060261567370162,-9.060261567370162,18.72391021927328,20.0
random-s0-0069,visibility,cycle,50.0,20.0,0.0,1,0,1,1,0,-92.41955192553534,36.05733970856272,-92.41955192553534,240.0
random-s0-0069,visibility,cycle,50.0,100.0,0.0,1,0,0,0,0,6.193814350664354,6.193814350664354,18.72391021927328,0.0
random-s0-0069,visibility,cycle,150.0,20.0,0.0,1,0,1,1,0,-5.160531012932239,57.14310879739574,-5.160531012932239,100.0
random-s0-0069,visibility,cycle,150.0,100.0,0.0,1,0,0,0,0,18.72391021927328,99.74028999706616,18.72391021927328,0.0
random-s0-0069,visibility,event,0.0,20.0,0.0,1,0,1,1,0,-142.7368045200333,5.400153958376848,-142.7368045200333,420.0000000000001
random-s0-0069,visibility,event,0.0,100.0,0.0,1,0,1,1,0,-144.34647480927393,3.1962091294579125,-144.34647480927393,400.00000000000006
random-s0-0069,visibility,event,50.0,20.0,0.0,1,0,1,1,0,-92.5648904693504,0.1268239472735217,-92.5648904693504,240.0
random-s0-0069,visibility,event,50.0,100.0,0.0,1,0,1,0,1,-52.56404090393788,-52.56404090393788,18.72391021927328,60.0
random-s0-0069,visibility,event,150.0,20.0,0.0,1,0,3,2,1,-147.1648129253423,-147.1648129253423,-104.88086934363824,620.0000000000002
random-s0-0069,visibility,event,150.0,100.0,0.0,1,0,4,2,2,-108.84398771275832,-47.961035472956894,-108.84398771275832,860.0000000000001
random-s0-0070,voronoi,once,0.0,20.0,0.0,1,0,1,1,0,-114.21214427147198,80.85883155454025,-114.21214427147198,600.0000000000002
random-s0-0070,voronoi,cycle,0.0,20.0,0.0,1,0,1,1,0,-114.21214427147198,80.85883155454025,-114.21214427147198,500.0000000000001
random-s0-0070,voronoi,cycle,0.0,100.0,0.0,1,0,1,1,0,-114.2121442714722,80.85883155454025,-114.2121442714722,540.0000000000001
random-s0-0070,voronoi,cycle,50.0,20.0,0.0,1,0,1,1,0,-114.21214427147198,80.85883155454025,-114.21214427147198,540.0000000000001
random-s0-0070,voronoi,cycle,50.0,100.0,0.0,1,0,1,1,0,-114.2121442714722,80.85883155454025,-114.2121442714722,600.0000000000002
random-s0-0070,voronoi,cycle,150.0,20.0,0.0,1,0,0,0,0,79.3409397944211,80.85883155454025,79.3409397944211,0.0
random-s0-0070,voronoi,cycle,150.0,100.0,0.0,1,0,0,0,0,80.85883155454025,80.85883155454025,113.69351309762897,0.0
random-s0-0070,voronoi,event,0.0,20.0,0.0,1,0,1,1,0,-114.21214427147198,80.85883155454025,-114.21214427147198,600.0000000000002
random-s0-0070,voronoi,event,0.0,100.0,0.0,1,0,1,1,0,-114.2121442714722,80.85883155454025,-114.2121442714722,600.0000000000002
random-s0-0070,voronoi,event,50.0,20.0,0.0,1,0,1,1,0,-114.21214427147198,80.85883155454025,-114.21214427147198,600.0000000000002
random-s0-0070,voronoi,event,50.0,100.0,0.0,1,0,1,1,0,-114.2121442714722,80.85883155454025,-114.2121442714722,600.0000000000002
random-s0-0070,voronoi,event,150.0,20.0,0.0,1,0,0,0,0,75.22646453031737,80.85883155454025,75.22646453031737,0.0
random-s0-0070,voronoi,event,150.0,100.0,0.0,1,0,0,0,0,80.85883155454025,80.85883155454025,85.64810501551631,0.0
random-s0-0070,prm,once,0.0,20.0,0.0,1,0,6,3,3,-167.69161058426522,-167.69161058426522,-114.21214427147198,1560.000000000001
random-s0-0070,prm,cycle,0.0,20.0,0.0,1,0,1,1,0,-114.21214427147198,80.85883155454025,-114.21214427147198,320.0
random-s0-0070,prm,cycle,0.0,100.0,0.0,1,0,2,1,1,-41.9053005838496,-39.10747587147196,-41.9053005838496,119.99999999999991
random-s0-0070,prm,cycle,50.0,20.0,0.0,1,0,1,1,0,-127.37868420478672,80.85883155454025,-127.37868420478672,780.0000000000003
random-s0-0070,prm,cycle,50.0,100.0,0.0,1,0,1,1,0,-131.499152221466,80.85883155454025,-131.499152221466,620.0000000000002
random-s0-0070,prm,cycle,150.0,20.0,0.0,1,0,1,1,0,-112.09173709420668,80.85883155454025,-112.09173709420668,500.0000000000001
random-s0-0070,prm,cycle,150.0,100.0,0.0,1,0,1,1,0,-98.33168006279932,80.85883155454025,-98.33168006279932,659.9999999999999
random-s0-0070,prm,event,0.0,20.0,0.0,1,0,1,1,0,-114.21214427147198,80.85883155454025,-114.21214427147198,460.0000000000001
random-s0-0070,prm,event,0.0,100.0,0.0,1,0,2,1,1,-41.9053005838496,-39.10747587147196,-41.9053005838496,119.99999999999991
random-s0-0070,prm,event,50.0,20.0,0.0,1,0,1,1,0,-114.87579942940592,80.85883155454025,-114.87579942940592,580.0000000000002
random-s0-0070,prm,event,50.0,100.0,0.0,1,0,0,0,0,65.0246542438939,80.85883155454025,65.0246542438939,0.0
random-s0-0070,prm,event,150.0,20.0,0.0,1,0,0,0,0,66.88055108228713,80.85883155454025,66.88055108228713,0.0
random-s0-0070,prm,event,150.0,100.0,0.0,1,0,0,0,0,49.74374039895571,80.85883155454025,49.74374039895571,0.0
random-s0-0070,visibility,once,0.0,20.0,0.0,1,0,2,2,0,-114.21214427147198,80.85883155454025,-114.21214427147198,940.0000000000005
random-s0-0070,visibility,cycle,0.0,20.0,0.0,1,0,3,3,0,-114.21214427147198,80.85883155454025,-114.21214427147198,940.0000000000005
random-s0-0070,visibility,cycle,0.0,100.0,0.0,1,0,2,2,0,-114.2121442714722,80.85883155454025,-114.2121442714722,920.0000000000002
random-s0-0070,visibility,cycle,50.0,20.0,0.0,1,0,3,3,0,-114.9461589228585,80.85883155454025,-114.9461589228585,1160.000000000001
random-s0-0070,visibility,cycle,50.0,100.0,0.0,1,0,3,3,0,-114.90157172994788,80.85883155454025,-114.90157172994788,1000.0000000000002
random-s0-0070,visibility,cycle,150.0,20.0,0.0,1,0,1,1,0,-119.0523723976581,80.85883155454025,-119.0523723976581,339.9999999999999
random-s0-0070,visibility,cycle,150.0,100.0,0.0,1,0,1,1,0,-116.23885848762666,80.85883155454025,-116.23885848762666,600.0000000000002
random-s0-0070,visibility,event,0.0,20.0,0.0,1,0,2,2,0,-114.21214427147198,80.85883155454025,-114.21214427147198,920.0000000000005
random-s0-0070,visibility,event,0.0,100.0,0.0,1,0,2,2,0,-114.2121442714722,80.85883155454025,-114.2121442714722,920.0000000000002
random-s0-0070,visibility,event,50.0,20.0,0.0,1,0,3,3,0,-114.21214427147198,56.65754391605879,-114.21214427147198,900.0000000000005
random-s0-0070,visibility,event,50.0,100.0,0.0,1,0,3,3,0,-114.2121442714722,59.40215356305953,-114.2121442714722,960.0000000000005
random-s0-0070,visibility,event,150.0,20.0,0.0,1,0,1,1,0,-99.68411775823252,80.85883155454025,-99.68411775823252,279.99999999999994
random-s0-0070,visibility,event,150.0,100.0,0.0,1,0,2,2,0,-117.11913515798526,80.85883155454025,-117.11913515798526,700.0000000000002
random-s0-0071,voronoi,once,0.0,20.0,0.0,1,0,1,1,0,-71.76026843826833,85.54120207606206,-71.76026843826833,300.0
random-s0-0071,voronoi,cycle,0.0,20.0,0.0,1,0,0,0,0,57.1323868391892,57.1323868391892,166.91330524831795,0.0
random-s0-0071,voronoi,cycle,0.0,100.0,0.0,1,0,0,0,0,85.54120207606206,85.54120207606206,166.91330524831784,0.0
random-s0-0071,voronoi,cycle,50.0,20.0,0.0,1,0,0,0,0,85.54120207606206,85.54120207606206,167.6297503094624,0.0
random-s0-0071,voronoi,cycle,50.0,100.0,0.0,1,0,0,0,0,85.54120207606206,85.54120207606206,166.91330524831784,0.0
random-s0-0071,voronoi,cycle,150.0,20.0,0.0,1,0,0,0,0,61.37874536755254,61.37874536755254,181.7467408777981,0.0
random-s0-0071,voronoi,cycle,150.0,100.0,0.0,1,0,0,0,0,85.54120207606206,85.54120207606206,166.91330524831784,0.0
random-s0-0071,voronoi,event,0.0,20.0,0.0,1,0,0,0,0,85.54120207606206,85.54120207606206,166.91330524831795,0.0
random-s0-0071,voronoi,event,0.0,100.0,0.0,1,0,0,0,0,85.54120207606206,85.54120207606206,166.91330524831784,0.0
random-s0-0071,voronoi,event,50.0,20.0,0.0,1,0,0,0,0,85.54120207606206,85.54120207606206,166.91330524831795,0.0
random-s0-0071,voronoi,event,50.0,100.0,0.0,1,0,0,0,0,85.54120207606206,85.54120207606206,166.91330524831784,0.0
random-s0-0071,voronoi,event,150.0,20.0,0.0,1,0,0,0,0,85.54120207606206,85.54120207606206,171.81444994222875,0.0
random-s0-0071,voronoi,event,150.0,100.0,0.0,1,0,0,0,0,85.54120207606206,85.54120207606206,170.26304550936914,0.0
random-s0-0071,prm,once,0.0,20.0,0.0,1,0,1,1,0,-168.39541051240005,66.15398505370948,-168.39541051240005,460.0000000000001
random-s0-0071,prm,cycle,0.0,20.0,0.0,1,0,0,0,0,85.54120207606206,85.54120207606206,166.91330524831795,0.0
random-s0-0071,prm,cycle,0.0,100.0,0.0,1,0,0,0,0,85.54120207606206,85.54120207606206,166.91330524831784,0.0
random-s0-0071,prm,cycle,50.0,20.0,0.0,1,0,0,0,0,85.54120207606206,85.54120207606206,166.91330524831795,0.0
random-s0-0071,prm,cycle,50.0,100.0,0.0,1,0,0,0,0,85.54120207606206,85.54120207606206,166.91330524831784,0.0
random-s0-0071,prm,cycle,150.0,20.0,0.0,1,0,0,0,0,85.54120207606206,85.54120207606206,166.91330524831795,0.0
random-s0-0071,prm,cycle,150.0,100.0,0.0,1,0,0,0,0,85.54120207606206,85.54120207606206,166.91330524831784,0.0
random-s0-0071,prm,event,0.0,20.0,0.0,1,0,0,0,0,85.54120207606206,85.54120207606206,166.91330524831795,0.0
random-s0-0071,prm,event,0.0,100.0,0.0,1,0,0,0,0,85.54120207606206,85.54120207606206,166.91330524831784,0.0
random-s0-0071,prm,event,50.0,20.0,0.0,1,0,0,0,0,85.54120207606206,85.54120207606206,166.91330524831795,0.0
random-s0-0071,prm,event,50.0,100.0,0.0,1,0,0,0,0,85.54120207606206,85.54120207606206,166.91330524831784,0.0
random-s0-0071,prm,event,150.0,20.0,0.0,1,0,0,0,0,85.54120207606206,85.54120207606206,166.91330524831795,0.0
random-s0-0071,prm,event,150.0,100.0,0.0,1,0,0,0,0,85.54120207606206,85.54120207606206,166.91330524831784,0.0
random-s0-0071,visibility,once,0.0,20.0,0.0,1,0,0,0,0,85.54120207606206,85.54120207606206,166.91330524831795,0.0
random-s0-0071,visibility,cycle,0.0,20.0,0.0,1,0,0,0,0,85.54120207606206,85.54120207606206,166.91330524831795,0.0
random-s0-0071,visibility,cycle,0.0,100.0,0.0,1,0,0,0,0,85.54120207606206,85.54120207606206,166.91330524831784,0.0
random-s0-0071,visibility,cycle,50.0,20.0,0.0,1,0,0,0,0,85.54120207606206,85.54120207606206,166.91330524831795,0.0
random-s0-0071,visibility,cycle,50.0,100.0,0.0,1,0,0,0,0,85.54120207606206,85.54120207606206,166.91330524831784,0.0
random-s0-0071,visibility,cycle,150.0,20.0,0.0,1,0,0,0,0,84.32577768031751,84.32577768031751,166.91330524831795,0.0
random-s0-0071,visibility,cycle,150.0,100.0,0.0,1,0,0,0,0,85.54120207606206,85.54120207606206,166.91330524831784,0.0
random-s0-0071,visibility,event,0.0,20.0,0.0,1,0,0,0,0,85.54120207606206,85.54120207606206,166.91330524831795,0.0
random-s0-0071,visibility,event,0.0,100.0,0.0,1,0,0,0,0,85.54120207606206,85.54120207606206,166.91330524831784,0.0
random-s0-0071,visibility,event,50.0,20.0,0.0,1,0,0,0,0,85.54120207606206,85.54120207606206,166.91330524831795,0.0
random-s0-0071,visibility,event,50.0,100.0,0.0,1,0,0,0,0,85.54120207606206,85.54120207606206,166.91330524831784,0.0
random-s0-0071,visibility,event,150.0,20.0,0.0,1,0,0,0,0,22.244221165862115,22.244221165862115,166.91330524831795,0.0
random-s0-0071,visibility,event,150.0,100.0,0.0,1,0,0,0,0,85.54120207606206,85.54120207606206,166.91330524831784,0.0
random-s0-0072,voronoi,once,0.0,20.0,0.0,1,0,4,2,2,-140.1633670900867,-40.97375371243928,-140.1633670900867,540.0000000000001
random-s0-0072,voronoi,cycle,0.0,20.0,0.0,1,0,3,3,0,-5.235193400610541,23.919709712715616,-5.235193400610541,80.0
random-s0-0072,voronoi,cycle,0.0,100.0,0.0,1,0,0,0,0,51.42758757744952,67.1806341433388,51.42758757744952,0.0
random-s0-0072,voronoi,cycle,50.0,20.0,0.0,1,0,0,0,0,16.405411982207056,16.405411982207056,108.49414917319888,0.0
random-s0-0072,voronoi,cycle,50.0,100.0,0.0,1,0,1,0,1,-85.76714692290938,-85.76714692290938,94.4986346842532,159.9999999999999
random-s0-0072,voronoi,cycle,150.0,20.0,0.0,1,0,0,0,0,12.867631718113216,12.867631718113216,218.91994021886103,0.0
random-s0-0072,voronoi,cycle,150.0,100.0,0.0,1,0,0,0,0,199.575089009566,295.98509372271104,199.575089009566,0.0
random-s0-0072,voronoi,event,0.0,20.0,0.0,1,0,1,1,0,-21.36824695661957,228.24144829935935,-21.36824695661957,240.0
random-s0-0072,voronoi,event,0.0,100.0,0.0,1,0,1,1,0,-39.38146928080977,216.73289906295628,-39.38146928080977,60.0
random-s0-0072,voronoi,event,50.0,20.0,0.0,1,0,0,0,0,66.1087389324795,92.93536933796378,66.1087389324795,0.0
random-s0-0072,voronoi,event,50.0,100.0,0.0,1,0,0,0,0,2.9914347397203755,75.76138960475254,2.9914347397203755,0.0
random-s0-0072,voronoi,event,150.0,20.0,0.0,1,0,0,0,0,4.181298664840483,4.181298664840483,146.9517924831979,0.0
random-s0-0072,voronoi,event,150.0,100.0,0.0,1,0,0,0,0,36.74163748879192,36.74163748879192,232.894508194484,0.0
random-s0-0072,prm,once,0.0,20.0,0.0,1,0,4,3,1,-115.84717027291462,-56.840507616512525,-115.84717027291462,560.0000000000001
random-s0-0072,prm,cycle,0.0,20.0,0.0,1,0,0,0,0,14.497468996863605,28.098951187326293,14.497468996863605,0.0
random-s0-0072,prm,cycle,0.0,100.0,0.0,1,0,1,1,0,-65.28354483469342,53.135066493491024,-65.28354483469342,199.99999999999983
random-s0-0072,prm,cycle,50.0,20.0,0.0,1,0,0,0,0,51.45565840739158,356.38232435313887,51.45565840739158,0.0
random-s0-0072,prm,cycle,50.0,100.0,0.0,1,0,1,1,0,-10.588081013703771,356.1562750001464,-10.588081013703771,99.99999999999991
random-s0-0072,prm,cycle,150.0,20.0,0.0,1,0,0,0,0,99.16629635028562,158.12415696263668,99.16629635028562,0.0
random-s0-0072,prm,cycle,150.0,100.0,0.0,1,0,0,0,0,140.02500295763275,163.90704874947642,140.02500295763275,0.0
random-s0-0072,prm,event,0.0,20.0,0.0,1,0,0,0,0,3.4047838826322447,3.4047838826322447,6.129856056064568,0.0
random-s0-0072,prm,event,0.0,100.0,0.0,1,0,0,0,0,3.059391591026298,13.564055011638288,3.059391591026298,0.0
random-s0-0072,prm,event,50.0,20.0,0.0,1,0,0,0,0,5.930241630570833,5.930241630570833,47.04923820557747,0.0
random-s0-0072,prm,event,50.0,100.0,0.0,1,0,1,1,0,-10.588081013703771,10.31173428651121,-10.588081013703771,99.99999999999991
random-s0-0072,prm,event,150.0,20.0,0.0,1,0,0,0,0,0.3625613024872791,0.3625613024872791,113.07728559479386,0.0
random-s0-0072,prm,event,150.0,100.0,0.0,1,0,1,1,0,-100.08620596877977,3.7875441750128687,-100.08620596877977,320.0
random-s0-0072,visibility,once,0.0,20.0,0.0,1,0,2,1,1,-146.2998835562581,-146.2998835562581,-18.758756436081512,259.99999999999994
random-s0-0072,visibility,cycle,0.0,20.0,0.0,1,0,1,0,1,-42.60672539602615,-42.60672539602615,9.111539943828744,140.0
random-s0-0072,visibility,cycle,0.0,100.0,0.0,1,0,2,1,1,-55.72791937024599,-55.72791937024599,-26.62194613001949,200.0
random-s0-0072,visibility,cycle,50.0,20.0,0.0,1,0,0,0,0,9.312313234361454,238.09798390492864,9.312313234361454,0.0
random-s0-0072,visibility,cycle,50.0,100.0,0.0,1,0,0,0,0,62.09038373872019,87.48276757330814,62.09038373872019,0.0
random-s0-0072,visibility,cycle,150.0,20.0,0.0,1,0,0,0,0,17.707180474879237,253.95835901279656,17.707180474879237,0.0
random-s0-0072,visibility,cycle,150.0,100.0,0.0,1,0,1,1,0,-67.51849320987381,247.50461286157383,-67.51849320987381,239.99999999999972
random-s0-0072,visibility,event,0.0,20.0,0.0,1,0,1,0,1,-40.177791815518304,-40.177791815518304,9.311762693823,140.0
random-s0-0072,visibility,event,0.0,100.0,0.0,1,0,2,1,1,-39.29716387849811,-39.29716387849811,-32.529807864783834,180.0
random-s0-0072,visibility,event,50.0,20.0,0.0,1,0,2,2,0,-4.974358354518955,111.46136169864644,-4.974358354518955,179.9999999999999
random-s0-0072,visibility,event,50.0,100.0,0.0,1,0,1,0,1,-100.79887759739444,-100.79887759739444,5.489237359427051,180.0
random-s0-0072,visibility,event,150.0,20.0,0.0,1,0,0,0,0,135.6149224298939,343.7172218407122,135.6149224298939,0.0
random-s0-0072,visibility,event,150.0,100.0,0.0,1,0,0,0,0,205.0761314560158,252.98220427735487,205.0761314560158,0.0
random-s0-0073,voronoi,once,0.0,20.0,0.0,1,0,0,0,0,51.85018628197483,51.85018628197483,303.8244022835019,0.0
random-s0-0073,voronoi,cycle,0.0,20.0,0.0,1,0,0,0,0,151.95092306461834,151.95092306461834,301.4981924218026,0.0
random-s0-0073,voronoi,cycle,0.0,100.0,0.0,1,0,0,0,0,76.66508068422064,76.66508068422064,303.8244022835018,0.0
random-s0-0073,voronoi,cycle,50.0,20.0,0.0,1,0,0,0,0,150.53867092770605,150.53867092770605,304.1079692580196,0.0
random-s0-0073,voronoi,cycle,50.0,100.0,0.0,1,0,0,0,0,147.46422571116852,147.46422571116852,320.5138348100911,0.0
random-s0-0073,voronoi,cycle,150.0,20.0,0.0,1,0,0,0,0,100.94003381198128,100.94003381198128,286.1413715199362,0.0
random-s0-0073,voronoi,cycle,150.0,100.0,0.0,1,0,0,0,0,149.39013676182668,149.39013676182668,300.54065724251194,0.0
random-s0-0073,voronoi,event,0.0,20.0,0.0,1,0,1,0,1,-21.60201895626452,-21.60201895626452,299.3425886273816,40.0
random-s0-0073,voronoi,event,0.0,100.0,0.0,1,0,0,0,0,76.66508068422064,76.66508068422064,303.8244022835018,0.0
random-s0-0073,voronoi,event,50.0,20.0,0.0,1,0,0,0,0,147.04342422034688,147.04342422034688,298.86717276176705,0.0
random-s0-0073,voronoi,event,50.0,100.0,0.0,1,0,0,0,0,45.91024115067907,45.91024115067907,320.5138348100911,0.0
random-s0-0073,voronoi,event,150.0,20.0,0.0,1,0,0,0,0,150.8575327546797,150.8575327546797,262.2978417578537,0.0
random-s0-0073,voronoi,event,150.0,100.0,0.0,1,0,0,0,0,125.3184144073178,125.3184144073178,300.54065724251194,0.0
random-s0-0073,prm,once,0.0,20.0,0.0,1,0,0,0,0,51.85018628197483,51.85018628197483,289.1292892520148,0.0
random-s0-0073,prm,cycle,0.0,20.0,0.0,1,0,0,0,0,152.21352554737405,152.21352554737405,301.4473443406159,0.0
random-s0-0073,prm,cycle,0.0,100.0,0.0,1,0,0,0,0,90.08269009023404,90.08269009023404,303.8244022835018,0.0
random-s0-0073,prm,cycle,50.0,20.0,0.0,1,0,0,0,0,152.3198188996879,152.3198188996879,302.76858299822345,0.0
random-s0-0073,prm,cycle,50.0,100.0,0.0,1,0,0,0,0,151.23274619256262,151.23274619256262,305.7590852941795,0.0
random-s0-0073,prm,cycle,150.0,20.0,0.0,1,0,0,0,0,92.216257286651,137.3280051303293,92.216257286651,0.0
random-s0-0073,prm,cycle,150.0,100.0,0.0,1,0,1,0,1,-54.63970092438964,-54.63970092438964,100.5429410822262,40.0
random-s0-0073,prm,event,0.0,20.0,0.0,1,0,0,0,0,152.21352554737405,152.21352554737405,301.4473443406159,0.0
random-s0-0073,prm,event,0.0,100.0,0.0,1,0,0,0,0,90.08269009023404,90.08269009023404,303.8244022835018,0.0
random-s0-0073,prm,event,50.0,20.0,0.0,1,0,0,0,0,148.94777308329043,148.94777308329043,302.76858299822345,0.0
random-s0-0073,prm,event,50.0,100.0,0.0,1,0,0,0,0,148.4104855220184,148.4104855220184,305.7590852941795,0.0
random-s0-0073,prm,event,150.0,20.0,0.0,1,0,0,0,0,48.86634640365847,48.86634640365847,263.67552796156326,0.0
random-s0-0073,prm,event,150.0,100.0,0.0,1,0,0,0,0,145.70780747948675,145.70780747948675,261.94167263887755,0.0
random-s0-0073,visibility,once,0.0,20.0,0.0,1,0,0,0,0,51.85018628197483,51.85018628197483,303.8244022835019,0.0
random-s0-0073,visibility,cycle,0.0,20.0,0.0,1,0,0,0,0,151.33288698189847,151.33288698189847,306.5354525937869,0.0
random-s0-0073,visibility,cycle,0.0,100.0,0.0,1,0,0,0,0,88.68413152910676,88.68413152910676,303.8244022835018,0.0
random-s0-0073,visibility,cycle,50.0,20.0,0.0,1,0,0,0,0,150.4085684634628,150.4085684634628,303.2994406354296,0.0
random-s0-0073,visibility,cycle,50.0,100.0,0.0,1,0,0,0,0,150.1689843180361,150.1689843180361,305.7590852941795,0.0
random-s0-0073,visibility,cycle,150.0,20.0,0.0,1,0,0,0,0,149.00637773330703,149.00637773330703,313.0760568229282,0.0
random-s0-0073,visibility,cycle,150.0,100.0,0.0,1,0,0,0,0,151.66910761029294,151.66910761029294,303.8244022835018,0.0
random-s0-0073,visibility,event,0.0,20.0,0.0,1,0,0,0,0,151.30748989906567,151.30748989906567,306.5354525937869,0.0
random-s0-0073,visibility,event,0.0,100.0,0.0,1,0,0,0,0,88.68413152910676,88.68413152910676,303.8244022835018,0.0
random-s0-0073,visibility,event,50.0,20.0,0.0,1,0,0,0,0,151.09192923606292,151.09192923606292,301.8710751449692,0.0
random-s0-0073,visibility,event,50.0,100.0,0.0,1,0,0,0,0,150.1689843180361,150.1689843180361,305.7590852941795,0.0
random-s0-0073,visibility,event,150.0,20.0,0.0,1,0,0,0,0,147.15702298590952,147.15702298590952,304.8942448211252,0.0
random-s0-0073,visibility,event,150.0,100.0,0.0,1,0,0,0,0,152.16708181632504,152.16708181632504,303.8244022835018,0.0
random-s0-0074,voronoi,once,0.0,20.0,0.0,1,0,1,1,0,-160.59671888102565,164.96989130392546,-160.59671888102565,160.0
random-s0-0074,voronoi,cycle,0.0,20.0,0.0,1,0,0,0,0,161.97515807473002,260.31060486031816,161.97515807473002,0.0
random-s0-0074,voronoi,cycle,0.0,100.0,0.0,1,0,0,0,0,162.15684885502083,267.7103456066989,162.15684885502083,0.0
random-s0-0074,voronoi,cycle,50.0,20.0,0.0,1,0,0,0,0,167.06800380208978,345.3980144929964,167.06800380208978,0.0
random-s0-0074,voronoi,cycle,50.0,100.0,0.0,1,0,0,0,0,190.93690934794955,348.819685768584,190.93690934794955,0.0
random-s0-0074,voronoi,cycle,150.0,20.0,0.0,1,0,0,0,0,166.47348442447168,419.8029756225602,166.47348442447168,0.0
random-s0-0074,voronoi,cycle,150.0,100.0,0.0,1,0,0,0,0,142.85514513224098,421.85899190760574,142.85514513224098,0.0
random-s0-0074,voronoi,event,0.0,20.0,0.0,1,0,0,0,0,153.65458774159003,259.6448732788969,153.65458774159003,0.0
random-s0-0074,voronoi,event,0.0,100.0,0.0,1,0,0,0,0,183.93610170636163,267.7103456066989,183.93610170636163,0.0
random-s0-0074,voronoi,event,50.0,20.0,0.0,1,0,0,0,0,176.82596972678215,352.16326119061864,176.82596972678215,0.0
random-s0-0074,voronoi,event,50.0,100.0,0.0,1,0,0,0,0,184.00775878995967,348.819685768584,184.00775878995967,0.0
random-s0-0074,voronoi,event,150.0,20.0,0.0,1,0,0,0,0,184.14865914647373,421.5666691030461,184.14865914647373,0.0
random-s0-0074,voronoi,event,150.0,100.0,0.0,1,0,0,0,0,184.148659146474,421.6865455400842,184.148659146474,0.0
random-s0-0074,prm,once,0.0,20.0,0.0,1,0,0,0,0,164.96989130392546,164.96989130392546,201.50735576787864,0.0
random-s0-0074,prm,cycle,0.0,20.0,0.0,1,0,0,0,0,157.5966601407619,206.48323052855545,157.5966601407619,0.0
random-s0-0074,prm,cycle,0.0,100.0,0.0,1,0,0,0,0,176.53081629140968,244.20377298950723,176.53081629140968,0.0
random-s0-0074,prm,cycle,50.0,20.0,0.0,1,0,0,0,0,170.2795101776311,233.6101479151605,170.2795101776311,0.0
random-s0-0074,prm,cycle,50.0,100.0,0.0,1,0,0,0,0,176.53081629140968,295.77188133275826,176.53081629140968,0.0
random-s0-0074,prm,cycle,150.0,20.0,0.0,1,0,0,0,0,176.53081629140974,369.01017331251126,176.53081629140974,0.0
random-s0-0074,prm,cycle,150.0,100.0,0.0,1,0,0,0,0,176.53081629140968,428.7473653531432,176.53081629140968,0.0
random-s0-0074,prm,event,0.0,20.0,0.0,1,0,0,0,0,157.5966601407619,226.7961155056985,157.5966601407619,0.0
random-s0-0074,prm,event,0.0,100.0,0.0,1,0,0,0,0,176.53081629140968,244.20377298950723,176.53081629140968,0.0
random-s0-0074,prm,event,50.0,20.0,0.0,1,0,0,0,0,170.2795101776311,262.4473041172069,170.2795101776311,0.0
random-s0-0074,prm,event,50.0,100.0,0.0,1,0,0,0,0,176.53081629140968,344.4016377561471,176.53081629140968,0.0
random-s0-0074,prm,event,150.0,20.0,0.0,1,0,0,0,0,176.53081629140974,384.2783005546921,176.53081629140974,0.0
random-s0-0074,prm,event,150.0,100.0,0.0,1,0,0,0,0,176.53081629140968,428.7473653531432,176.53081629140968,0.0
random-s0-0074,visibility,once,0.0,20.0,0.0,1,0,0,0,0,74.55097200525199,164.96989130392546,74.55097200525199,0.0
random-s0-0074,visibility,cycle,0.0,20.0,0.0,1,0,0,0,0,28.05590825681864,178.43321786767814,28.05590825681864,0.0
random-s0-0074,visibility,cycle,0.0,100.0,0.0,1,0,0,0,0,35.12466072039399,184.62966675707827,35.12466072039399,0.0
random-s0-0074,visibility,cycle,50.0,20.0,0.0,1,0,0,0,0,20.229766568799988,217.21814895394252,20.229766568799988,0.0
random-s0-0074,visibility,cycle,50.0,100.0,0.0,1,0,0,0,0,8.733482450366637,238.22065615805388,8.733482450366637,0.0
random-s0-0074,visibility,cycle,150.0,20.0,0.0,1,0,1,1,0,-94.05178203565072,206.24578324820328,-94.05178203565072,259.99999999999983
random-s0-0074,visibility,cycle,150.0,100.0,0.0,1,0,1,1,0,-101.54269315882418,208.01401774351515,-101.54269315882418,259.9999999999998
random-s0-0074,visibility,event,0.0,20.0,0.0,1,0,0,0,0,37.60344772078966,180.3423564953121,37.60344772078966,0.0
random-s0-0074,visibility,event,0.0,100.0,0.0,1,0,0,0,0,59.36126936793579,184.62966675707827,59.36126936793579,0.0
random-s0-0074,visibility,event,50.0,20.0,0.0,1,0,0,0,0,53.19624338906544,233.30995184556969,53.19624338906544,0.0
random-s0-0074,visibility,event,50.0,100.0,0.0,1,0,0,0,0,71.8552115196299,254.30154727552275,71.8552115196299,0.0
random-s0-0074,visibility,event,150.0,20.0,0.0,1,0,0,0,0,25.803543949474232,309.29620204746925,25.803543949474232,0.0
random-s0-0074,visibility,event,150.0,100.0,0.0,1,0,0,0,0,97.45743763592998,302.61181088508,97.45743763592998,0.0
random-s0-0075,voronoi,once,0.0,20.0,0.0,1,0,6,3,3,-140.76187919211085,-140.76187919211085,-78.34571513444101,680.0000000000002
random-s0-0075,voronoi,cycle,0.0,20.0,0.0,1,0,1,0,1,-13.902387217511375,-13.902387217511375,2.886122841242525,20.0
random-s0-0075,voronoi,cycle,0.0,100.0,0.0,1,0,3,0,3,-141.8460689369485,-141.8460689369485,7.1393658339736135,199.9999999999998
random-s0-0075,voronoi,cycle,50.0,20.0,0.0,1,0,0,0,0,28.03939400962869,145.23290860107272,28.03939400962869,0.0
random-s0-0075,voronoi,cycle,50.0,100.0,0.0,1,0,2,0,2,-137.89576732122111,-137.89576732122111,53.04421094887181,219.99999999999977
random-s0-0075,voronoi,cycle,150.0,20.0,0.0,1,0,0,0,0,116.27392947218908,179.15059989558262,116.27392947218908,0.0
random-s0-0075,voronoi,cycle,150.0,100.0,0.0,1,0,1,0,1,-103.62166213386362,-103.62166213386362,157.2655071074227,79.99999999999991
random-s0-0075,voronoi,event,0.0,20.0,0.0,1,0,1,0,1,-4.632885514300966,-4.632885514300966,1.2517380054398473,20.0
random-s0-0075,voronoi,event,0.0,100.0,0.0,1,0,4,1,3,-119.6245848345788,-119.6245848345788,-13.308429283214224,359.9999999999998
random-s0-0075,voronoi,event,50.0,20.0,0.0,1,0,0,0,0,31.3009806313961,31.3009806313961,31.674458444772423,0.0
random-s0-0075,voronoi,event,50.0,100.0,0.0,1,0,1,0,1,-137.89576732122111,-137.89576732122111,22.355300271741328,60.0
random-s0-0075,voronoi,event,150.0,20.0,0.0,1,0,0,0,0,130.51237780663132,208.5012843955664,130.51237780663132,0.0
random-s0-0075,voronoi,event,150.0,100.0,0.0,1,0,0,0,0,81.70634732503584,157.4779707170345,81.70634732503584,0.0
random-s0-0075,prm,once,0.0,20.0,0.0,1,0,3,2,1,-140.76187919211085,-140.76187919211085,-121.387068599474,240.0
random-s0-0075,prm,cycle,0.0,20.0,0.0,1,0,0,0,0,2.2788506453388777,24.70968257786305,2.2788506453388777,0.0
random-s0-0075,prm,cycle,0.0,100.0,0.0,1,0,0,0,0,6.033296700392498,87.5695476359744,6.033296700392498,0.0
random-s0-0075,prm,cycle,50.0,20.0,0.0,1,0,1,1,0,-19.218189873357915,250.6760602391979,-19.218189873357915,160.0
random-s0-0075,prm,cycle,50.0,100.0,0.0,1,0,0,0,0,6.033296700392498,390.70285159869286,6.033296700392498,0.0
random-s0-0075,prm,cycle,150.0,20.0,0.0,1,0,0,0,0,75.30118492175549,99.18241756727129,75.30118492175549,0.0
random-s0-0075,prm,cycle,150.0,100.0,0.0,1,0,0,0,0,110.84251563184527,162.84703840035377,110.84251563184527,0.0
random-s0-0075,prm,event,0.0,20.0,0.0,1,0,1,0,1,-53.1908604298833,-53.1908604298833,25.317102154175416,80.0
random-s0-0075,prm,event,0.0,100.0,0.0,1,0,1,0,1,-172.7718025878586,-172.7718025878586,5.172490314919855,60.0
random-s0-0075,prm,event,50.0,20.0,0.0,1,0,1,1,0,-19.218189873357915,84.89328480056844,-19.218189873357915,160.0
random-s0-0075,prm,event,50.0,100.0,0.0,1,0,0,0,0,6.033296700392498,155.13764371538275,6.033296700392498,0.0
random-s0-0075,prm,event,150.0,20.0,0.0,1,0,0,0,0,94.30534166553684,94.30534166553684,120.0969612776998,0.0
random-s0-0075,prm,event,150.0,100.0,0.0,1,0,0,0,0,24.598642489200586,144.81083467990675,24.598642489200586,0.0
random-s0-0075,visibility,once,0.0,20.0,0.0,1,0,7,2,5,-140.76187919211085,-140.76187919211085,-54.66959832901404,480.00000000000017
random-s0-0075,visibility,cycle,0.0,20.0,0.0,1,0,1,1,0,-61.6532300802082,114.4262615032614,-61.6532300802082,279.99999999999994
random-s0-0075,visibility,cycle,0.0,100.0,0.0,1,0,1,1,0,-67.18351678266032,20.98135874308707,-67.18351678266032,300.0
random-s0-0075,visibility,cycle,50.0,20.0,0.0,1,0,2,2,0,-37.09364392556955,250.53838890233152,-37.09364392556955,360.00000000000006
random-s0-0075,visibility,cycle,50.0,100.0,0.0,1,0,2,2,0,-47.314193535481536,292.6165318243248,-47.314193535481536,480.00000000000017
random-s0-0075,visibility,cycle,150.0,20.0,0.0,1,0,1,0,1,-163.5269140455464,-163.5269140455464,5.844692239122054,59.99999999999997
random-s0-0075,visibility,cycle,150.0,100.0,0.0,1,0,4,4,0,-75.17763071544506,212.89779151782227,-75.17763071544506,560.0000000000001
random-s0-0075,visibility,event,0.0,20.0,0.0,1,0,1,1,0,-65.4282650584335,110.01891258366254,-65.4282650584335,300.0
random-s0-0075,visibility,event,0.0,100.0,0.0,1,0,1,1,0,-72.30803042503888,20.98135874308707,-72.30803042503888,340.0
random-s0-0075,visibility,event,50.0,20.0,0.0,1,0,2,2,0,-160.8878900487896,180.3560559535589,-160.8878900487896,380.00000000000006
random-s0-0075,visibility,event,50.0,100.0,0.0,1,0,3,2,1,-118.53101507786276,-118.53101507786276,-70.52941883343928,560.0000000000001
random-s0-0075,visibility,event,150.0,20.0,0.0,1,0,0,0,0,20.25180446240964,140.88058301450332,20.25180446240964,0.0
random-s0-0075,visibility,event,150.0,100.0,0.0,1,0,1,1,0,-131.5303072181954,332.4551083719944,-131.5303072181954,239.99999999999977
random-s0-0076,voronoi,once,0.0,20.0,0.0,1,0,0,0,0,4.141392084138204,4.141392084138204,106.2841498973454,0.0
random-s0-0076,voronoi,cycle,0.0,20.0,0.0,1,0,0,0,0,15.4826478670889,68.68621012418558,15.4826478670889,0.0
random-s0-0076,voronoi,cycle,0.0,100.0,0.0,1,0,3,0,3,-131.37377793888163,-131.37377793888163,26.2458902770193,339.9999999999999
random-s0-0076,voronoi,cycle,50.0,20.0,0.0,1,0,0,0,0,80.38162125405745,224.99852647704896,80.38162125405745,0.0
random-s0-0076,voronoi,cycle,50.0,100.0,0.0,1,0,0,0,0,118.14008605484604,445.7412302206694,118.14008605484604,0.0
random-s0-0076,voronoi,cycle,150.0,20.0,0.0,1,0,0,0,0,102.1880857152574,474.8874363918759,102.1880857152574,0.0
random-s0-0076,voronoi,cycle,150.0,100.0,0.0,1,0,0,0,0,122.83215540131113,232.73432358392387,122.83215540131113,0.0
random-s0-0076,voronoi,event,0.0,20.0,0.0,1,0,1,1,0,-1.5826326714738173,50.66858562306882,-1.5826326714738173,20.0
random-s0-0076,voronoi,event,0.0,100.0,0.0,1,0,1,0,1,-56.67201458081786,-56.67201458081786,118.14008605484604,79.99999999999997
random-s0-0076,voronoi,event,50.0,20.0,0.0,1,0,0,0,0,43.04126704200263,146.2618469958727,43.04126704200263,0.0
random-s0-0076,voronoi,event,50.0,100.0,0.0,1,0,0,0,0,94.40832731322833,94.40832731322833,118.14008605484604,0.0
random-s0-0076,voronoi,event,150.0,20.0,0.0,1,0,0,0,0,122.1743613054952,357.492598481602,122.1743613054952,0.0
random-s0-0076,voronoi,event,150.0,100.0,0.0,1,0,0,0,0,80.07573518240463,172.69924707456454,80.07573518240463,0.0
random-s0-0076,prm,once,0.0,20.0,0.0,1,0,0,0,0,56.143763025114936,56.143763025114936,118.14008605484588,0.0
random-s0-0076,prm,cycle,0.0,20.0,0.0,1,0,1,1,0,-2.764438718387879,154.98900763207143,-2.764438718387879,20.0
random-s0-0076,prm,cycle,0.0,100.0,0.0,1,0,1,0,1,-41.624428485781294,-41.624428485781294,113.66630221440482,99.99999999999991
random-s0-0076,prm,cycle,50.0,20.0,0.0,1,0,0,0,0,118.1400860548456,339.7720813347918,118.1400860548456,0.0
random-s0-0076,prm,cycle,50.0,100.0,0.0,1,0,0,0,0,113.66630221440482,351.198333415119,113.66630221440482,0.0
random-s0-0076,prm,cycle,150.0,20.0,0.0,1,0,0,0,0,130.44175826626355,256.7810264564001,130.44175826626355,0.0
random-s0-0076,prm,cycle,150.0,100.0,0.0,1,0,0,0,0,118.14008605484604,732.7908810965187,118.14008605484604,0.0
random-s0-0076,prm,event,0.0,20.0,0.0,1,0,1,1,0,-2.764438718387879,204.63852321066813,-2.764438718387879,20.0
random-s0-0076,prm,event,0.0,100.0,0.0,1,0,1,0,1,-25.9865805427562,-25.9865805427562,113.66630221440482,60.0
random-s0-0076,prm,event,50.0,20.0,0.0,1,0,0,0,0,62.581575888549565,198.72258116644304,62.581575888549565,0.0
random-s0-0076,prm,event,50.0,100.0,0.0,1,0,0,0,0,113.66630221440482,388.283087255234,113.66630221440482,0.0
random-s0-0076,prm,event,150.0,20.0,0.0,1,0,0,0,0,84.65400424151846,84.65400424151846,130.15549711528394,0.0
random-s0-0076,prm,event,150.0,100.0,0.0,1,0,0,0,0,118.14008605484604,460.5354208660215,118.14008605484604,0.0
random-s0-0076,visibility,once,0.0,20.0,0.0,1,0,1,1,0,-173.55948448717675,131.07599659948124,-173.55948448717675,100.0
random-s0-0076,visibility,cycle,0.0,20.0,0.0,1,0,1,1,0,-66.67363470225153,235.12568701852095,-66.67363470225153,279.99999999999994
random-s0-0076,visibility,cycle,0.0,100.0,0.0,1,0,1,1,0,-178.5069885410236,237.6365188850782,-178.5069885410236,400.00000000000006
random-s0-0076,visibility,cycle,50.0,20.0,0.0,1,0,1,1,0,-28.73776779463475,223.7678090093783,-28.73776779463475,200.0
random-s0-0076,visibility,cycle,50.0,100.0,0.0,1,0,1,1,0,-19.82525507646622,210.05001541222745,-19.82525507646622,180.0
random-s0-0076,visibility,cycle,150.0,20.0,0.0,1,0,3,3,0,-164.66125196597756,39.80040960347418,-164.66125196597756,720.0000000000002
random-s0-0076,visibility,cycle,150.0,100.0,0.0,1,0,2,2,0,-105.60091180785982,209.2958073711099,-105.60091180785982,379.99999999999983
random-s0-0076,visibility,event,0.0,20.0,0.0,1,0,1,1,0,-175.50574593613004,227.2067097940809,-175.50574593613004,440.0000000000001
random-s0-0076,visibility,event,0.0,100.0,0.0,1,0,1,1,0,-165.59131443584852,238.32236306497447,-165.59131443584852,440.0000000000001
random-s0-0076,visibility,event,50.0,20.0,0.0,1,0,1,1,0,-32.271338738255395,262.6971388772177,-32.271338738255395,220.0
random-s0-0076,visibility,event,50.0,100.0,0.0,1,0,0,0,0,108.978038437647,147.74963240470305,108.978038437647,0.0
random-s0-0076,visibility,event,150.0,20.0,0.0,1,0,0,0,0,54.21760236334032,83.44716206225411,54.21760236334032,0.0
random-s0-0076,visibility,event,150.0,100.0,0.0,1,0,0,0,0,112.22296497149318,112.22296497149318,118.14008605484604,0.0
random-s0-0077,voronoi,once,0.0,20.0,0.0,1,0,1,1,0,-39.03326049533851,153.19357266924766,-39.03326049533851,160.0
random-s0-0077,voronoi,cycle,0.0,20.0,0.0,1,0,0,0,0,244.5814293659414,244.5814293659414,277.78676545179,0.0
random-s0-0077,voronoi,cycle,0.0,100.0,0.0,1,0,0,0,0,259.51965058391323,320.7082768905645,259.51965058391323,0.0
random-s0-0077,voronoi,cycle,50.0,20.0,0.0,1,0,0,0,0,119.60496583513526,119.60496583513526,145.3019254972525,0.0
random-s0-0077,voronoi,cycle,50.0,100.0,0.0,1,0,0,0,0,233.24503316513943,233.24503316513943,252.0785820985577,0.0
random-s0-0077,voronoi,cycle,150.0,20.0,0.0,1,0,0,0,0,149.0797996934126,300.44036139408536,149.0797996934126,0.0
random-s0-0077,voronoi,cycle,150.0,100.0,0.0,1,0,1,1,0,-49.76045067986985,169.94819662508849,-49.76045067986985,500.0000000000001
random-s0-0077,voronoi,event,0.0,20.0,0.0,1,0,0,0,0,36.30756788534376,36.30756788534376,462.043583593775,0.0
random-s0-0077,voronoi,event,0.0,100.0,0.0,1,0,0,0,0,259.51965058391323,320.7082768905645,259.51965058391323,0.0
random-s0-0077,voronoi,event,50.0,20.0,0.0,1,0,0,0,0,136.19594502145412,136.19594502145412,187.19963754313116,0.0
random-s0-0077,voronoi,event,50.0,100.0,0.0,1,0,0,0,0,198.8553685040565,309.03806817531694,198.8553685040565,0.0
random-s0-0077,voronoi,event,150.0,20.0,0.0,1,0,0,0,0,12.9254234601583,12.9254234601583,418.8883983031941,0.0
random-s0-0077,voronoi,event,150.0,100.0,0.0,1,0,0,0,0,239.6461841683736,239.6461841683736,450.9573390759872,0.0
random-s0-0077,prm,once,0.0,20.0,0.0,1,0,0,0,0,153.19357266924766,153.19357266924766,252.5108690749069,0.0
random-s0-0077,prm,cycle,0.0,20.0,0.0,1,0,1,0,1,-93.41490462895015,-93.41490462895015,303.59295042945377,160.0
random-s0-0077,prm,cycle,0.0,100.0,0.0,1,0,0,0,0,252.01421020679112,263.03814843187695,252.01421020679112,0.0
random-s0-0077,prm,cycle,50.0,20.0,0.0,1,0,0,0,0,114.32632858371691,386.1431098886256,114.32632858371691,0.0
random-s0-0077,prm,cycle,50.0,100.0,0.0,1,0,0,0,0,157.47009883210126,226.77263330606,157.47009883210126,0.0
random-s0-0077,prm,cycle,150.0,20.0,0.0,1,0,0,0,0,246.4573869649548,397.58311783785166,246.4573869649548,0.0
random-s0-0077,prm,cycle,150.0,100.0,0.0,1,0,0,0,0,135.12692792934064,135.12692792934064,504.5158127635296,0.0
random-s0-0077,prm,event,0.0,20.0,0.0,1,0,0,0,0,7.2393433567795,7.2393433567795,303.59295042945377,0.0
random-s0-0077,prm,event,0.0,100.0,0.0,1,0,0,0,0,252.01421020679112,263.03814843187695,252.01421020679112,0.0
random-s0-0077,prm,event,50.0,20.0,0.0,1,0,0,0,0,99.17016402665548,493.0414597691597,99.17016402665548,0.0
random-s0-0077,prm,event,50.0,100.0,0.0,1,0,0,0,0,76.07839399218034,226.77263330606,76.07839399218034,0.0
random-s0-0077,prm,event,150.0,20.0,0.0,1,0,0,0,0,3.725064810264626,3.725064810264626,121.46011752424482,0.0
random-s0-0077,prm,event,150.0,100.0,0.0,1,0,0,0,0,90.63493594458583,90.63493594458583,504.5158127635296,0.0
random-s0-0077,visibility,once,0.0,20.0,0.0,1,0,0,0,0,153.19357266924766,153.19357266924766,252.5108690749069,0.0
random-s0-0077,visibility,cycle,0.0,20.0,0.0,1,0,0,0,0,177.7358488174258,177.7358488174258,259.83231875276505,0.0
random-s0-0077,visibility,cycle,0.0,100.0,0.0,1,0,0,0,0,227.42917298873184,227.42917298873184,263.7218042776169,0.0
random-s0-0077,visibility,cycle,50.0,20.0,0.0,1,0,0,0,0,94.81827059669833,94.81827059669833,282.84002709761904,0.0
random-s0-0077,visibility,cycle,50.0,100.0,0.0,1,0,0,0,0,118.60398776502689,118.60398776502689,275.38600523301824,0.0
random-s0-0077,visibility,cycle,150.0,20.0,0.0,1,0,0,0,0,163.30865695320188,163.30865695320188,288.40663214354186,0.0
random-s0-0077,visibility,cycle,150.0,100.0,0.0,1,0,1,0,1,-47.7214107249068,-47.7214107249068,100.73227918120811,140.0
random-s0-0077,visibility,event,0.0,20.0,0.0,1,0,0,0,0,183.133291275674,183.133291275674,258.91048899171375,0.0
random-s0-0077,visibility,event,0.0,100.0,0.0,1,0,0,0,0,214.28733448959971,214.28733448959971,261.3784684263548,0.0
random-s0-0077,visibility,event,50.0,20.0,0.0,1,0,0,0,0,66.51250077902148,66.51250077902148,285.7149187696009,0.0
random-s0-0077,visibility,event,50.0,100.0,0.0,1,0,0,0,0,153.5725060960503,153.5725060960503,288.8020540887085,0.0
random-s0-0077,visibility,event,150.0,20.0,0.0,1,0,0,0,0,252.7727477302231,299.71679933237965,252.7727477302231,0.0
random-s0-0077,visibility,event,150.0,100.0,0.0,1,0,2,0,2,-47.12504380605896,-47.12504380605896,275.0995356895302,200.0
random-s0-0078,voronoi,once,0.0,20.0,0.0,1,0,1,1,0,-88.134682024744,21.31274461301507,-88.134682024744,540.0000000000001
random-s0-0078,voronoi,cycle,0.0,20.0,0.0,1,0,0,0,0,7.11870871612831,170.3530678073467,7.11870871612831,0.0
random-s0-0078,voronoi,cycle,0.0,100.0,0.0,1,0,0,0,0,10.81251802151047,170.98819926328486,10.81251802151047,0.0
random-s0-0078,voronoi,cycle,50.0,20.0,0.0,1,0,0,0,0,50.94774551231504,228.05553698526853,50.94774551231504,0.0
random-s0-0078,voronoi,cycle,50.0,100.0,0.0,1,0,0,0,0,89.76708181744306,460.32736190655896,89.76708181744306,0.0
random-s0-0078,voronoi,cycle,150.0,20.0,0.0,1,0,0,0,0,69.41599742773084,303.20923250339416,69.41599742773084,0.0
random-s0-0078,voronoi,cycle,150.0,100.0,0.0,1,0,0,0,0,108.99040904259972,196.7492929155801,108.99040904259972,0.0
random-s0-0078,voronoi,event,0.0,20.0,0.0,1,0,0,0,0,14.180496493495411,152.81317366003168,14.180496493495411,0.0
random-s0-0078,voronoi,event,0.0,100.0,0.0,1,0,0,0,0,22.36649542762285,152.03186501566393,22.36649542762285,0.0
random-s0-0078,voronoi,event,50.0,20.0,0.0,1,0,0,0,0,29.94176664211952,249.2347132481002,29.94176664211952,0.0
random-s0-0078,voronoi,event,50.0,100.0,0.0,1,0,0,0,0,111.82047275692872,159.00346523531516,111.82047275692872,0.0
random-s0-0078,voronoi,event,150.0,20.0,0.0,1,0,0,0,0,96.0152038899394,291.2134001204714,96.0152038899394,0.0
random-s0-0078,voronoi,event,150.0,100.0,0.0,1,0,0,0,0,88.59203100297219,264.1503032659227,88.59203100297219,0.0
random-s0-0078,prm,once,0.0,20.0,0.0,1,0,0,0,0,139.45139161787972,200.98474047423588,139.45139161787972,0.0
random-s0-0078,prm,cycle,0.0,20.0,0.0,1,0,0,0,0,2.5363038884785283,256.51811720422216,2.5363038884785283,0.0
random-s0-0078,prm,cycle,0.0,100.0,0.0,1,0,1,1,0,-11.133976964961477,232.09064420248603,-11.133976964961477,40.0
random-s0-0078,prm,cycle,50.0,20.0,0.0,1,0,0,0,0,58.25455803032318,253.3523866192233,58.25455803032318,0.0
random-s0-0078,prm,cycle,50.0,100.0,0.0,1,0,0,0,0,72.74367743598253,241.27694677077483,72.74367743598253,0.0
random-s0-0078,prm,cycle,150.0,20.0,0.0,1,0,0,0,0,155.65521473719292,393.50101371931135,155.65521473719292,0.0
random-s0-0078,prm,cycle,150.0,100.0,0.0,1,0,0,0,0,198.6030964660826,366.2283167524136,198.6030964660826,0.0
random-s0-0078,prm,event,0.0,20.0,0.0,1,0,0,0,0,2.5363038884785283,256.51811720422216,2.5363038884785283,0.0
random-s0-0078,prm,event,0.0,100.0,0.0,1,0,0,0,0,10.535924963402664,10.535924963402664,27.36215990194961,0.0
random-s0-0078,prm,event,50.0,20.0,0.0,1,0,0,0,0,27.265202227452136,267.25873882111364,27.265202227452136,0.0
random-s0-0078,prm,event,50.0,100.0,0.0,1,0,0,0,0,20.2399386160528,20.2399386160528,27.36215990194961,0.0
random-s0-0078,prm,event,150.0,20.0,0.0,1,0,0,0,0,119.15306703855656,338.5573494612794,119.15306703855656,0.0
random-s0-0078,prm,event,150.0,100.0,0.0,1,0,0,0,0,181.6862108052245,366.2283167524136,181.6862108052245,0.0
random-s0-0078,visibility,once,0.0,20.0,0.0,1,0,2,1,1,-139.51052835455283,-139.51052835455283,-96.67187084154904,259.99999999999994
random-s0-0078,visibility,cycle,0.0,20.0,0.0,1,0,1,1,0,-34.40754093316963,214.36885354213652,-34.40754093316963,40.0
random-s0-0078,visibility,cycle,0.0,100.0,0.0,1,0,1,1,0,-41.94686991741682,240.31319343450636,-41.94686991741682,40.0
random-s0-0078,visibility,cycle,50.0,20.0,0.0,1,0,1,1,0,-30.725935725646195,285.89854831108426,-30.725935725646195,40.0
random-s0-0078,visibility,cycle,50.0,100.0,0.0,1,0,1,1,0,-35.969953604793176,315.7008116375027,-35.969953604793176,40.0
random-s0-0078,visibility,cycle,150.0,20.0,0.0,1,0,0,0,0,35.5595040619958,371.7409728922713,35.5595040619958,0.0
random-s0-0078,visibility,cycle,150.0,100.0,0.0,1,0,0,0,0,23.18628296926101,252.36922035965176,23.18628296926101,0.0
random-s0-0078,visibility,event,0.0,20.0,0.0,1,0,1,1,0,-31.66727517348784,213.48531756580468,-31.66727517348784,40.0
random-s0-0078,visibility,event,0.0,100.0,0.0,1,0,1,1,0,-45.435748239581926,240.31319343450636,-45.435748239581926,60.0
random-s0-0078,visibility,event,50.0,20.0,0.0,1,0,1,1,0,-50.08462226236318,42.28320632226837,-50.08462226236318,40.0
random-s0-0078,visibility,event,50.0,100.0,0.0,1,0,1,1,0,-62.25142746367442,5.537331665827793,-62.25142746367442,80.0
random-s0-0078,visibility,event,150.0,20.0,0.0,1,0,0,0,0,19.76489853064146,313.5928353374913,19.76489853064146,0.0
random-s0-0078,visibility,event,150.0,100.0,0.0,1,0,0,0,0,17.666926867983932,252.36922035965176,17.666926867983932,0.0
random-s0-0079,voronoi,once,0.0,20.0,0.0,1,0,1,0,1,-124.92043588834936,-124.92043588834936,33.47838779095986,80.0
random-s0-0079,voronoi,cycle,0.0,20.0,0.0,1,0,0,0,0,21.47526780508545,21.47526780508545,33.47838779095986,0.0
random-s0-0079,voronoi,cycle,0.0,100.0,0.0,1,0,1,0,1,-124.92043588834936,-124.92043588834936,30.911893419063404,80.0
random-s0-0079,voronoi,cycle,50.0,20.0,0.0,1,0,1,0,1,-10.665989941590992,-10.665989941590992,36.013902230041055,40.0
random-s0-0079,voronoi,cycle,50.0,100.0,0.0,1,0,1,0,1,-128.8044584648629,-128.8044584648629,32.01968034297076,179.99999999999997
random-s0-0079,voronoi,cycle,150.0,20.0,0.0,1,0,0,0,0,54.0889633355126,54.0889633355126,64.63599113392542,0.0
random-s0-0079,voronoi,cycle,150.0,100.0,0.0,1,0,0,0,0,54.0889633355126,54.0889633355126,84.09306544195721,0.0
random-s0-0079,voronoi,event,0.0,20.0,0.0,1,0,0,0,0,21.47526780508545,21.47526780508545,33.47838779095986,0.0
random-s0-0079,voronoi,event,0.0,100.0,0.0,1,0,1,0,1,-124.92043588834936,-124.92043588834936,30.911893419063404,80.0
random-s0-0079,voronoi,event,50.0,20.0,0.0,1,0,1,0,1,-10.665989941590992,-10.665989941590992,90.23498714966952,40.0
random-s0-0079,voronoi,event,50.0,100.0,0.0,1,0,1,0,1,-128.8044584648629,-128.8044584648629,1.5419495125864555,179.99999999999997
random-s0-0079,voronoi,event,150.0,20.0,0.0,1,0,0,0,0,54.0889633355126,54.0889633355126,101.78063655983595,0.0
random-s0-0079,voronoi,event,150.0,100.0,0.0,1,0,0,0,0,54.0889633355126,54.0889633355126,84.09306544195721,0.0
random-s0-0079,prm,once,0.0,20.0,0.0,1,0,1,0,1,-124.92043588834936,-124.92043588834936,33.47838779095986,80.0
random-s0-0079,prm,cycle,0.0,20.0,0.0,1,0,0,0,0,21.47526780508545,21.47526780508545,33.47838779095986,0.0
random-s0-0079,prm,cycle,0.0,100.0,0.0,1,0,1,0,1,-124.92043588834936,-124.92043588834936,33.47838779095983,80.0
random-s0-0079,prm,cycle,50.0,20.0,0.0,1,0,0,0,0,46.8256577086689,46.8256577086689,47.55591415901552,0.0
random-s0-0079,prm,cycle,50.0,100.0,0.0,1,0,1,0,1,-124.92043588834936,-124.92043588834936,33.47838779095983,80.0
random-s0-0079,prm,cycle,150.0,20.0,0.0,1,0,1,0,1,-124.92043588834954,-124.92043588834954,61.0114733661824,79.99999999999996
random-s0-0079,prm,cycle,150.0,100.0,0.0,1,0,1,0,1,-124.92043588834936,-124.92043588834936,61.50717491408031,80.0
random-s0-0079,prm,event,0.0,20.0,0.0,1,0,0,0,0,21.47526780508545,21.47526780508545,33.47838779095986,0.0
random-s0-0079,prm,event,0.0,100.0,0.0,1,0,1,0,1,-124.92043588834936,-124.92043588834936,33.47838779095983,80.0
random-s0-0079,prm,event,50.0,20.0,0.0,1,0,0,0,0,31.192507276258056,31.192507276258056,64.93277337382074,0.0
random-s0-0079,prm,event,50.0,100.0,0.0,1,0,1,0,1,-124.92043588834936,-124.92043588834936,52.22371901122989,80.0
random-s0-0079,prm,event,150.0,20.0,0.0,1,0,1,0,1,-124.92043588834954,-124.92043588834954,61.0114733661824,79.99999999999996
random-s0-0079,prm,event,150.0,100.0,0.0,1,0,1,0,1,-124.92043588834936,-124.92043588834936,61.50717491408031,80.0
random-s0-0079,visibility,once,0.0,20.0,0.0,1,0,1,0,1,-124.92043588834936,-124.92043588834936,33.47838779095986,80.0
random-s0-0079,visibility,cycle,0.0,20.0,0.0,1,0,0,0,0,21.47526780508545,21.47526780508545,33.47838779095986,0.0
random-s0-0079,visibility,cycle,0.0,100.0,0.0,1,0,1,0,1,-124.92043588834936,-124.92043588834936,33.47838779095983,80.0
random-s0-0079,visibility,cycle,50.0,20.0,0.0,1,0,0,0,0,33.09368847455738,52.595189838016495,33.09368847455738,0.0
random-s0-0079,visibility,cycle,50.0,100.0,0.0,1,0,1,0,1,-124.92043588834936,-124.92043588834936,33.47838779095983,80.0
random-s0-0079,visibility,cycle,150.0,20.0,0.0,1,0,2,1,1,-124.92043588834954,-124.92043588834954,-3.0512745956846743,179.99999999999986
random-s0-0079,visibility,cycle,150.0,100.0,0.0,1,0,1,0,1,-124.92043588834936,-124.92043588834936,15.619771581613575,80.0
random-s0-0079,visibility,event,0.0,20.0,0.0,1,0,0,0,0,21.47526780508545,21.47526780508545,33.47838779095986,0.0
random-s0-0079,visibility,event,0.0,100.0,0.0,1,0,1,0,1,-124.92043588834936,-124.92043588834936,33.47838779095983,80.0
random-s0-0079,visibility,event,50.0,20.0,0.0,1,0,0,0,0,33.09368847455738,52.595189838016495,33.09368847455738,0.0
random-s0-0079,visibility,event,50.0,100.0,0.0,1,0,1,0,1,-124.92043588834936,-124.92043588834936,33.47838779095983,80.0
random-s0-0079,visibility,event,150.0,20.0,0.0,1,0,1,0,1,-124.92043588834954,-124.92043588834954,33.47838779095986,79.99999999999996
random-s0-0079,visibility,event,150.0,100.0,0.0,1,0,1,0,1,-124.92043588834936,-124.92043588834936,33.47838779095983,80.0
random-s0-0080,voronoi,once,0.0,20.0,0.0,1,0,5,2,3,-148.84178195583502,-72.4032488252352,-148.84178195583502,1060.0000000000005
random-s0-0080,voronoi,cycle,0.0,20.0,0.0,1,0,2,2,0,-131.5155440445694,138.75246635539906,-131.5155440445694,1300.000000000001
random-s0-0080,voronoi,cycle,0.0,100.0,0.0,1,0,2,2,0,-131.51554404456942,136.8575226145461,-131.51554404456942,720.0000000000003
random-s0-0080,voronoi,cycle,50.0,20.0,0.0,1,0,1,1,0,-25.08916072506756,253.39227917224596,-25.08916072506756,279.99999999999994
random-s0-0080,voronoi,cycle,50.0,100.0,0.0,1,0,1,1,0,-131.51554404456942,279.3533549673993,-131.51554404456942,680.0000000000002
random-s0-0080,voronoi,cycle,150.0,20.0,0.0,1,0,0,0,0,60.543605128317466,194.84859544374416,60.543605128317466,0.0
random-s0-0080,voronoi,cycle,150.0,100.0,0.0,1,0,0,0,0,24.652389993610623,24.652389993610623,94.644301150805,0.0
random-s0-0080,voronoi,event,0.0,20.0,0.0,1,0,1,1,0,-131.5155440445694,153.8809699541394,-131.5155440445694,680.0000000000002
random-s0-0080,voronoi,event,0.0,100.0,0.0,1,0,1,1,0,-131.51554404456942,167.96542364238485,-131.51554404456942,680.0000000000002
random-s0-0080,voronoi,event,50.0,20.0,0.0,1,0,0,0,0,39.91191505982903,248.27674973485648,39.91191505982903,0.0
random-s0-0080,voronoi,event,50.0,100.0,0.0,1,0,1,1,0,-131.51554404456942,168.08043338584997,-131.51554404456942,680.0000000000002
random-s0-0080,voronoi,event,150.0,20.0,0.0,1,0,0,0,0,30.92532407669796,30.92532407669796,79.44810533880542,0.0
random-s0-0080,voronoi,event,150.0,100.0,0.0,1,0,0,0,0,25.511488951064337,25.511488951064337,106.62417043759052,0.0
random-s0-0080,prm,once,0.0,20.0,0.0,1,0,2,1,1,-148.84178195583502,-72.4032488252352,-148.84178195583502,140.0
random-s0-0080,prm,cycle,0.0,20.0,0.0,1,0,0,0,0,100.95619996842782,100.95619996842782,135.0080052430082,0.0
random-s0-0080,prm,cycle,0.0,100.0,0.0,1,0,0,0,0,118.16525045196624,118.16525045196624,168.37381500529426,0.0
random-s0-0080,prm,cycle,50.0,20.0,0.0,1,0,0,0,0,147.11734098170064,147.11734098170064,152.56511829970697,0.0
random-s0-0080,prm,cycle,50.0,100.0,0.0,1,0,0,0,0,163.27009655648158,163.27009655648158,168.37381500529426,0.0
random-s0-0080,prm,cycle,150.0,20.0,0.0,1,0,1,1,0,-43.55948551536454,297.3544354838788,-43.55948551536454,300.0
random-s0-0080,prm,cycle,150.0,100.0,0.0,1,0,1,1,0,-43.55948551536454,243.0652782017437,-43.55948551536454,299.9999999999999
random-s0-0080,prm,event,0.0,20.0,0.0,1,0,0,0,0,135.0080052430082,157.49447881804235,135.0080052430082,0.0
random-s0-0080,prm,event,0.0,100.0,0.0,1,0,0,0,0,161.09315841698003,161.09315841698003,168.37381500529426,0.0
random-s0-0080,prm,event,50.0,20.0,0.0,1,0,0,0,0,152.56511829970697,232.7684585100076,152.56511829970697,0.0
random-s0-0080,prm,event,50.0,100.0,0.0,1,0,0,0,0,168.37381500529426,234.78269402577803,168.37381500529426,0.0
random-s0-0080,prm,event,150.0,20.0,0.0,1,0,1,1,0,-43.55948551536454,318.0697769748785,-43.55948551536454,300.0
random-s0-0080,prm,event,150.0,100.0,0.0,1,0,1,1,0,-43.55948551536454,308.4312452904947,-43.55948551536454,299.9999999999999
random-s0-0080,visibility,once,0.0,20.0,0.0,1,0,4,2,2,-148.84178195583502,-125.703785310103,-148.84178195583502,580.0000000000002
random-s0-0080,visibility,cycle,0.0,20.0,0.0,1,0,2,1,1,-37.4323055813982,-37.4323055813982,-20.424184703649843,660.0000000000002
random-s0-0080,visibility,cycle,0.0,100.0,0.0,1,0,2,1,1,-41.30998193165286,-41.30998193165286,-20.37255525011,680.0000000000002
random-s0-0080,visibility,cycle,50.0,20.0,0.0,1,0,1,0,1,-32.1964033219769,-32.1964033219769,20.626475160086382,440.0000000000001
random-s0-0080,visibility,cycle,50.0,100.0,0.0,1,0,1,0,1,-32.36827547037785,-32.36827547037785,2.3906614030470337,440.0000000000001
random-s0-0080,visibility,cycle,150.0,20.0,0.0,1,0,1,1,0,-43.55948551536454,194.9813721903363,-43.55948551536454,300.0
random-s0-0080,visibility,cycle,150.0,100.0,0.0,1,0,1,1,0,-43.55948551536454,204.41673745420783,-43.55948551536454,299.9999999999999
random-s0-0080,visibility,event,0.0,20.0,0.0,1,0,2,1,1,-39.9999748631125,-39.9999748631125,-7.3925512606461155,620.0000000000002
random-s0-0080,visibility,event,0.0,100.0,0.0,1,0,2,1,1,-20.37255525011,-14.380745344345629,-20.37255525011,279.99999999999994
random-s0-0080,visibility,event,50.0,20.0,0.0,1,0,1,0,1,-11.738697026157467,-11.738697026157467,16.736068334581716,80.0
random-s0-0080,visibility,event,50.0,100.0,0.0,1,0,1,0,1,-12.19703168893085,-12.19703168893085,2.6893302355534843,100.0
random-s0-0080,visibility,event,150.0,20.0,0.0,1,0,1,1,0,-43.55948551536454,171.66630485376606,-43.55948551536454,300.0
random-s0-0080,visibility,event,150.0,100.0,0.0,1,0,1,1,0,-43.55948551536454,176.59431829912455,-43.55948551536454,299.9999999999999
random-s0-0081,voronoi,once,0.0,20.0,0.0,1,0,7,6,1,-171.2899921928805,-152.3255997951835,-171.2899921928805,2380.000000000002
random-s0-0081,voronoi,cycle,0.0,20.0,0.0,1,0,0,0,0,25.764241012270105,239.1737442131117,25.764241012270105,0.0
random-s0-0081,voronoi,cycle,0.0,100.0,0.0,1,0,1,1,0,-15.97967768339342,201.1109866339324,-15.97967768339342,139.99999999999994
random-s0-0081,voronoi,cycle,50.0,20.0,0.0,1,0,0,0,0,34.3856275135345,84.05340201127973,34.3856275135345,0.0
random-s0-0081,voronoi,cycle,50.0,100.0,0.0,1,0,0,0,0,24.46214757608726,197.70108418039376,24.46214757608726,0.0
random-s0-0081,voronoi,cycle,150.0,20.0,0.0,1,0,0,0,0,27.42777179730939,307.9566114069518,27.42777179730939,0.0
random-s0-0081,voronoi,cycle,150.0,100.0,0.0,1,0,1,1,0,-41.10072383970149,142.9008607551686,-41.10072383970149,160.0
random-s0-0081,voronoi,event,0.0,20.0,0.0,1,0,0,0,0,37.176306375558426,271.4597127920429,37.176306375558426,0.0
random-s0-0081,voronoi,event,0.0,100.0,0.0,1,0,1,1,0,-59.64169528025424,201.1109866339324,-59.64169528025424,360.00000000000006
random-s0-0081,voronoi,event,50.0,20.0,0.0,1,0,0,0,0,34.3856275135345,398.8647433713443,34.3856275135345,0.0
random-s0-0081,voronoi,event,50.0,100.0,0.0,1,0,0,0,0,24.46214757608726,197.70108418039376,24.46214757608726,0.0
random-s0-0081,voronoi,event,150.0,20.0,0.0,1,0,0,0,0,18.46481340962856,178.20114208955226,18.46481340962856,0.0
random-s0-0081,voronoi,event,150.0,100.0,0.0,1,0,2,2,0,-135.18211504970645,33.631561694224445,-135.18211504970645,419.99999999999983
random-s0-0081,prm,once,0.0,20.0,0.0,1,0,2,1,1,-40.274067587321525,-40.274067587321525,-30.28064993049816,100.0
random-s0-0081,prm,cycle,0.0,20.0,0.0,1,0,0,0,0,37.176306375558426,193.4430338911177,37.176306375558426,0.0
random-s0-0081,prm,cycle,0.0,100.0,0.0,1,0,0,0,0,14.995675004674553,143.6373570483774,14.995675004674553,0.0
random-s0-0081,prm,cycle,50.0,20.0,0.0,1,0,0,0,0,35.45396188103442,465.377029520659,35.45396188103442,0.0
random-s0-0081,prm,cycle,50.0,100.0,0.0,1,0,1,1,0,-7.074356613222477,494.5296694975133,-7.074356613222477,40.0
random-s0-0081,prm,cycle,150.0,20.0,0.0,1,0,1,1,0,-11.095109766066711,140.41306861571866,-11.095109766066711,239.99999999999997
random-s0-0081,prm,cycle,150.0,100.0,0.0,1,0,1,1,0,-11.095109766066711,140.41306861571866,-11.095109766066711,239.99999999999997
random-s0-0081,prm,event,0.0,20.0,0.0,1,0,0,0,0,37.176306375558426,193.4430338911177,37.176306375558426,0.0
random-s0-0081,prm,event,0.0,100.0,0.0,1,0,0,0,0,37.176306375558426,143.6373570483774,37.176306375558426,0.0
random-s0-0081,prm,event,50.0,20.0,0.0,1,0,0,0,0,37.176306375558426,255.31519135963447,37.176306375558426,0.0
random-s0-0081,prm,event,50.0,100.0,0.0,1,0,0,0,0,37.176306375558426,476.2575027013561,37.176306375558426,0.0
random-s0-0081,prm,event,150.0,20.0,0.0,1,0,1,1,0,-11.095109766066711,140.41306861571866,-11.095109766066711,239.99999999999997
random-s0-0081,prm,event,150.0,100.0,0.0,1,0,1,1,0,-11.095109766066711,140.41306861571866,-11.095109766066711,239.99999999999997
random-s0-0081,visibility,once,0.0,20.0,0.0,1,0,0,0,0,37.176306375558426,97.0079051043836,37.176306375558426,0.0
random-s0-0081,visibility,cycle,0.0,20.0,0.0,1,0,0,0,0,17.38967162632983,377.8772104872013,17.38967162632983,0.0
random-s0-0081,visibility,cycle,0.0,100.0,0.0,1,0,1,1,0,-18.09511765997641,379.61620783131264,-18.09511765997641,99.99999999999991
random-s0-0081,visibility,cycle,50.0,20.0,0.0,1,0,0,0,0,11.921887374409778,410.40018332927593,11.921887374409778,0.0
random-s0-0081,visibility,cycle,50.0,100.0,0.0,1,0,0,0,0,35.99484319643727,393.1651303195463,35.99484319643727,0.0
random-s0-0081,visibility,cycle,150.0,20.0,0.0,1,0,1,1,0,-11.095109766066711,140.41306861571866,-11.095109766066711,239.99999999999997
random-s0-0081,visibility,cycle,150.0,100.0,0.0,1,0,1,1,0,-11.095109766066711,140.41306861571866,-11.095109766066711,239.99999999999997
random-s0-0081,visibility,event,0.0,20.0,0.0,1,0,0,0,0,5.754558901203609,381.9419409917638,5.754558901203609,0.0
random-s0-0081,visibility,event,0.0,100.0,0.0,1,0,1,1,0,-12.09059494383203,379.61620783131264,-12.09059494383203,79.9999999999999
random-s0-0081,visibility,event,50.0,20.0,0.0,1,0,1,1,0,-31.770464093961834,428.0846420124742,-31.770464093961834,120.0
random-s0-0081,visibility,event,50.0,100.0,0.0,1,0,0,0,0,8.756961007635852,393.1651303195463,8.756961007635852,0.0
random-s0-0081,visibility,event,150.0,20.0,0.0,1,0,1,1,0,-11.095109766066711,140.41306861571866,-11.095109766066711,239.99999999999997
random-s0-0081,visibility,event,150.0,100.0,0.0,1,0,1,1,0,-11.095109766066711,140.41306861571866,-11.095109766066711,239.99999999999997
random-s0-0082,voronoi,once,0.0,20.0,0.0,1,0,1,1,0,-38.28872959505532,21.93115832213263,-38.28872959505532,80.0
random-s0-0082,voronoi,cycle,0.0,20.0,0.0,1,0,0,0,0,51.84702191796413,266.35110886739096,51.84702191796413,0.0
random-s0-0082,voronoi,cycle,0.0,100.0,0.0,1,0,0,0,0,80.27414160021146,266.3511088673909,80.27414160021146,0.0
random-s0-0082,voronoi,cycle,50.0,20.0,0.0,1,0,0,0,0,82.29756257438396,293.6611825796218,82.29756257438396,0.0
random-s0-0082,voronoi,cycle,50.0,100.0,0.0,1,0,0,0,0,161.92868362658123,266.3511088673909,161.92868362658123,0.0
random-s0-0082,voronoi,cycle,150.0,20.0,0.0,1,0,0,0,0,110.06358679497409,146.2730278480666,110.06358679497409,0.0
random-s0-0082,voronoi,cycle,150.0,100.0,0.0,1,0,0,0,0,100.63702696718298,331.77412743203195,100.63702696718298,0.0
random-s0-0082,voronoi,event,0.0,20.0,0.0,1,0,0,0,0,52.00632284922847,266.35110886739096,52.00632284922847,0.0
random-s0-0082,voronoi,event,0.0,100.0,0.0,1,0,0,0,0,46.142399458579774,266.3511088673909,46.142399458579774,0.0
random-s0-0082,voronoi,event,50.0,20.0,0.0,1,0,0,0,0,36.51088910758094,293.6611825796218,36.51088910758094,0.0
random-s0-0082,voronoi,event,50.0,100.0,0.0,1,0,0,0,0,43.58051698821677,266.3511088673909,43.58051698821677,0.0
random-s0-0082,voronoi,event,150.0,20.0,0.0,1,0,1,1,0,-104.13603900957403,384.6983295425093,-104.13603900957403,379.9999999999919
random-s0-0082,voronoi,event,150.0,100.0,0.0,1,0,0,0,0,66.60953814797415,331.77412743203195,66.60953814797415,0.0
random-s0-0082,prm,once,0.0,20.0,0.0,1,0,3,0,3,-135.19211259142284,-135.19211259142284,57.49551051061269,340.0
random-s0-0082,prm,cycle,0.0,20.0,0.0,1,0,0,0,0,8.131936786218972,266.35110886739096,8.131936786218972,0.0
random-s0-0082,prm,cycle,0.0,100.0,0.0,1,0,0,0,0,49.54031843830328,266.3511088673909,49.54031843830328,0.0
random-s0-0082,prm,cycle,50.0,20.0,0.0,1,0,0,0,0,33.55044495375577,311.4058753477499,33.55044495375577,0.0
random-s0-0082,prm,cycle,50.0,100.0,0.0,1,0,0,0,0,36.33034728422328,266.3511088673909,36.33034728422328,0.0
random-s0-0082,prm,cycle,150.0,20.0,0.0,1,0,0,0,0,104.82997191840695,328.7541431318633,104.82997191840695,0.0
random-s0-0082,prm,cycle,150.0,100.0,0.0,1,0,0,0,0,93.1452849085038,331.77412743203195,93.1452849085038,0.0
random-s0-0082,prm,event,0.0,20.0,0.0,1,0,0,0,0,8.131936786218972,266.35110886739096,8.131936786218972,0.0
random-s0-0082,prm,event,0.0,100.0,0.0,1,0,0,0,0,49.54031843830328,266.3511088673909,49.54031843830328,0.0
random-s0-0082,prm,event,50.0,20.0,0.0,1,0,0,0,0,33.55044495375577,309.28438743127685,33.55044495375577,0.0
random-s0-0082,prm,event,50.0,100.0,0.0,1,0,0,0,0,36.33034728422328,253.00370313979147,36.33034728422328,0.0
random-s0-0082,prm,event,150.0,20.0,0.0,1,0,0,0,0,106.82709841184464,423.0769375073162,106.82709841184464,0.0
random-s0-0082,prm,event,150.0,100.0,0.0,1,0,0,0,0,93.1452849085038,331.77412743203195,93.1452849085038,0.0
random-s0-0082,visibility,once,0.0,20.0,0.0,1,0,1,1,0,-162.28086133092614,266.3511088673909,-162.28086133092614,880.0000000000005
random-s0-0082,visibility,cycle,0.0,20.0,0.0,1,0,0,0,0,10.717254201621556,191.1973623918767,10.717254201621556,0.0
random-s0-0082,visibility,cycle,0.0,100.0,0.0,1,0,0,0,0,36.37659398230088,166.12140793250734,36.37659398230088,0.0
random-s0-0082,visibility,cycle,50.0,20.0,0.0,1,0,1,1,0,-4.066910529781069,187.0541829520137,-4.066910529781069,40.0
random-s0-0082,visibility,cycle,50.0,100.0,0.0,1,0,0,0,0,16.66145597845025,190.39566736011687,16.66145597845025,0.0
random-s0-0082,visibility,cycle,150.0,20.0,0.0,1,0,1,1,0,-10.562664992304237,131.75332749238697,-10.562664992304237,140.0
random-s0-0082,visibility,cycle,150.0,100.0,0.0,1,0,0,0,0,8.92127070610951,194.0894164206609,8.92127070610951,0.0
random-s0-0082,visibility,event,0.0,20.0,0.0,1,0,0,0,0,54.06044392362412,121.77927728224124,54.06044392362412,0.0
random-s0-0082,visibility,event,0.0,100.0,0.0,1,0,0,0,0,54.34098886410456,137.66168737681704,54.34098886410456,0.0
random-s0-0082,visibility,event,50.0,20.0,0.0,1,0,0,0,0,66.58729544316586,85.24883871727445,66.58729544316586,0.0
random-s0-0082,visibility,event,50.0,100.0,0.0,1,0,0,0,0,73.41757373977472,130.05370754447256,73.41757373977472,0.0
random-s0-0082,visibility,event,150.0,20.0,0.0,1,0,0,0,0,3.902943453448103,3.902943453448103,79.57895265951032,0.0
random-s0-0082,visibility,event,150.0,100.0,0.0,1,0,0,0,0,2.2863686837431487,2.2863686837431487,139.01411535461625,0.0
random-s0-0083,voronoi,once,0.0,20.0,0.0,1,0,2,0,2,-140.00585343417623,-140.00585343417623,16.933476205559572,279.99999999999994
random-s0-0083,voronoi,cycle,0.0,20.0,0.0,1,0,3,2,1,-7.216173845327944,-7.216173845327944,-4.736824680651836,79.99999999999991
random-s0-0083,voronoi,cycle,0.0,100.0,0.0,1,0,0,0,0,4.52924790796078,38.5963143068185,4.52924790796078,0.0
random-s0-0083,voronoi,cycle,50.0,20.0,0.0,1,0,0,0,0,50.01633376536853,50.01633376536853,148.09926753490618,0.0
random-s0-0083,voronoi,cycle,50.0,100.0,0.0,1,0,0,0,0,49.50825891900669,49.50825891900669,121.81502022972212,0.0
random-s0-0083,voronoi,cycle,150.0,20.0,0.0,1,0,0,0,0,35.77383838218282,35.77383838218282,78.49060830720026,0.0
random-s0-0083,voronoi,cycle,150.0,100.0,0.0,1,0,0,0,0,47.51195165843527,47.51195165843527,137.81139315486178,0.0
random-s0-0083,voronoi,event,0.0,20.0,0.0,1,0,1,1,0,-1.8613456274767373,47.19057883109633,-1.8613456274767373,20.0
random-s0-0083,voronoi,event,0.0,100.0,0.0,1,0,0,0,0,35.65193434397776,35.65193434397776,124.01669788536584,0.0
random-s0-0083,voronoi,event,50.0,20.0,0.0,1,0,0,0,0,54.89000995392794,54.89000995392794,91.44060354726594,0.0
random-s0-0083,voronoi,event,50.0,100.0,0.0,1,0,0,0,0,25.895929886467712,25.895929886467712,103.84722223438678,0.0
random-s0-0083,voronoi,event,150.0,20.0,0.0,1,0,0,0,0,17.288993968092996,17.288993968092996,74.02219107274377,0.0
random-s0-0083,voronoi,event,150.0,100.0,0.0,1,0,0,0,0,34.29249907679164,34.29249907679164,212.17352583366835,0.0
random-s0-0083,prm,once,0.0,20.0,0.0,1,0,2,1,1,-164.4344353141786,-81.47111136128869,-164.4344353141786,320.0
random-s0-0083,prm,cycle,0.0,20.0,0.0,1,0,0,0,0,0.522958454999241,4.101716488714914,0.522958454999241,0.0
random-s0-0083,prm,cycle,0.0,100.0,0.0,1,0,1,1,0,-1.4087138144777782,17.925887017556846,-1.4087138144777782,19.999999999999908
random-s0-0083,prm,cycle,50.0,20.0,0.0,1,0,0,0,0,50.32076345597116,58.2961910342764,50.32076345597116,0.0
random-s0-0083,prm,cycle,50.0,100.0,0.0,1,0,0,0,0,45.90187176375662,45.90187176375662,85.59202966872698,0.0
random-s0-0083,prm,cycle,150.0,20.0,0.0,1,0,0,0,0,0.0920268865071989,0.0920268865071989,42.32041966702704,0.0
random-s0-0083,prm,cycle,150.0,100.0,0.0,1,0,0,0,0,2.521994958043649,2.521994958043649,95.55092878160258,0.0
random-s0-0083,prm,event,0.0,20.0,0.0,1,0,0,0,0,6.152118084903492,6.152118084903492,23.76976421694189,0.0
random-s0-0083,prm,event,0.0,100.0,0.0,1,0,0,0,0,8.710064354705565,17.925887017556846,8.710064354705565,0.0
random-s0-0083,prm,event,50.0,20.0,0.0,1,0,0,0,0,1.4757958933477084,1.4757958933477084,32.4868708709588,0.0
random-s0-0083,prm,event,50.0,100.0,0.0,1,0,0,0,0,0.8745919824345663,0.8745919824345663,38.05637510429577,0.0
random-s0-0083,prm,event,150.0,20.0,0.0,1,0,1,1,0,-136.36636289690688,47.79616503288574,-136.36636289690688,100.0
random-s0-0083,prm,event,150.0,100.0,0.0,1,0,1,1,0,-133.55579283482933,48.14631348676002,-133.55579283482933,99.99999999999982
random-s0-0083,visibility,once,0.0,20.0,0.0,1,0,1,0,1,-81.47111136128869,-81.47111136128869,55.43721426977649,60.0
random-s0-0083,visibility,cycle,0.0,20.0,0.0,1,0,1,0,1,-34.89674781627298,-34.89674781627298,39.53625270413363,580.0000000000002
random-s0-0083,visibility,cycle,0.0,100.0,0.0,1,0,1,0,1,-48.305143351639714,-48.305143351639714,44.09732787976685,620.0000000000001
random-s0-0083,visibility,cycle,50.0,20.0,0.0,1,0,1,0,1,-27.82689458178504,-27.82689458178504,41.06041489056116,540.0000000000001
random-s0-0083,visibility,cycle,50.0,100.0,0.0,1,0,2,0,2,-94.06124914301752,-94.06124914301752,45.80282563584765,960.0
random-s0-0083,visibility,cycle,150.0,20.0,0.0,1,0,0,0,0,18.929428858187634,18.929428858187634,98.43158063457912,0.0
random-s0-0083,visibility,cycle,150.0,100.0,0.0,1,0,1,0,1,-24.727062941378307,-24.727062941378307,64.72707178612657,40.0
random-s0-0083,visibility,event,0.0,20.0,0.0,1,0,1,0,1,-29.02801122254516,-29.02801122254516,55.43721426977649,540.0000000000001
random-s0-0083,visibility,event,0.0,100.0,0.0,1,0,1,0,1,-49.59559771133587,-49.59559771133587,55.43721426977649,640.0000000000001
random-s0-0083,visibility,event,50.0,20.0,0.0,1,0,1,0,1,-26.333490131825695,-26.333490131825695,57.15351034243662,540.0000000000001
random-s0-0083,visibility,event,50.0,100.0,0.0,1,0,1,0,1,-56.37550916617727,-56.37550916617727,57.15351034243631,660.0000000000001
random-s0-0083,visibility,event,150.0,20.0,0.0,1,0,1,0,1,-11.128984066263172,-11.128984066263172,85.95069365730546,340.0
random-s0-0083,visibility,event,150.0,100.0,0.0,1,0,0,0,0,29.444286634809743,29.444286634809743,70.57245086383728,0.0
random-s0-0084,voronoi,once,0.0,20.0,0.0,1,0,4,4,0,-131.1655369879449,42.59410636790227,-131.1655369879449,1160.000000000001
random-s0-0084,voronoi,cycle,0.0,20.0,0.0,1,0,2,2,0,-126.53344473248804,101.85824161147866,-126.53344473248804,500.0000000000001
random-s0-0084,voronoi,cycle,0.0,100.0,0.0,1,0,2,2,0,-166.78724623854828,79.8170726603663,-166.78724623854828,520.0
random-s0-0084,voronoi,cycle,50.0,20.0,0.0,1,0,1,1,0,-144.7443365650661,73.75797600079406,-144.7443365650661,420.0000000000001
random-s0-0084,voronoi,cycle,50.0,100.0,0.0,1,0,2,2,0,-146.62494663721654,117.58793639418786,-146.62494663721654,620.0000000000001
random-s0-0084,voronoi,cycle,150.0,20.0,0.0,1,0,1,1,0,-84.14061480191731,328.1632613203687,-84.14061480191731,99.99999999999788
random-s0-0084,voronoi,cycle,150.0,100.0,0.0,1,0,2,2,0,-69.63786633532288,390.5883018815165,-69.63786633532288,400.00000000000006
random-s0-0084,voronoi,event,0.0,20.0,0.0,1,0,2,2,0,-127.77920394600162,120.10266632389266,-127.77920394600162,500.0000000000001
random-s0-0084,voronoi,event,0.0,100.0,0.0,1,0,2,2,0,-166.78724623854828,79.8170726603663,-166.78724623854828,500.0
random-s0-0084,voronoi,event,50.0,20.0,0.0,1,0,1,1,0,-137.21087535542912,156.19384926863978,-137.21087535542912,440.0000000000001
random-s0-0084,voronoi,event,50.0,100.0,0.0,1,0,1,1,0,-147.79204729386606,144.68028050579,-147.79204729386606,420.0
random-s0-0084,voronoi,event,150.0,20.0,0.0,1,0,1,1,0,-106.77845137164736,554.4917207085306,-106.77845137164736,359.9999999999923
random-s0-0084,voronoi,event,150.0,100.0,0.0,1,0,2,2,0,-67.17926244563647,264.45344779746773,-67.17926244563647,460.0000000000001
random-s0-0084,prm,once,0.0,20.0,0.0,1,0,2,2,0,-131.1655369879449,96.70819791029264,-131.1655369879449,480.00000000000017
random-s0-0084,prm,cycle,0.0,20.0,0.0,1,0,3,3,0,-131.1655369879449,4.27921416285983,-131.1655369879449,500.0000000000001
random-s0-0084,prm,cycle,0.0,100.0,0.0,1,0,2,2,0,-131.16553698794502,83.49357856059396,-131.16553698794502,500.0
random-s0-0084,prm,cycle,50.0,20.0,0.0,1,0,2,2,0,-131.1655369879449,269.5801469735763,-131.1655369879449,520.0000000000001
random-s0-0084,prm,cycle,50.0,100.0,0.0,1,0,2,2,0,-131.16553698794502,290.5498654854315,-131.16553698794502,540.0
random-s0-0084,prm,cycle,150.0,20.0,0.0,1,0,2,2,0,-131.1655369879449,665.9485066377201,-131.1655369879449,520.0000000000001
random-s0-0084,prm,cycle,150.0,100.0,0.0,1,0,2,2,0,-131.16553698794502,647.1342540299676,-131.16553698794502,480.0
random-s0-0084,prm,event,0.0,20.0,0.0,1,0,2,2,0,-131.1655369879449,97.45364388131804,-131.1655369879449,500.0000000000001
random-s0-0084,prm,event,0.0,100.0,0.0,1,0,2,2,0,-131.16553698794502,152.49605595824505,-131.16553698794502,500.0
random-s0-0084,prm,event,50.0,20.0,0.0,1,0,2,2,0,-131.1655369879449,414.828819901074,-131.1655369879449,580.0000000000002
random-s0-0084,prm,event,50.0,100.0,0.0,1,0,2,2,0,-131.16553698794502,282.23031153233234,-131.16553698794502,540.0
random-s0-0084,prm,event,150.0,20.0,0.0,1,0,4,4,0,-131.8619996068839,229.44859813767545,-131.8619996068839,1139.9999999999868
random-s0-0084,prm,event,150.0,100.0,0.0,1,0,3,3,0,-131.16553698794502,511.0503376376725,-131.16553698794502,580.0000000000001
random-s0-0084,visibility,once,0.0,20.0,0.0,1,0,2,2,0,-131.1655369879449,96.70819791029264,-131.1655369879449,480.00000000000017
random-s0-0084,visibility,cycle,0.0,20.0,0.0,1,0,1,1,0,-132.11403278411453,67.92755895063425,-132.11403278411453,420.0000000000001
random-s0-0084,visibility,cycle,0.0,100.0,0.0,1,0,2,1,1,-131.16553698794502,-6.042283750380847,-131.16553698794502,420.0
random-s0-0084,visibility,cycle,50.0,20.0,0.0,1,0,1,1,0,-133.58931900344174,224.0158466631908,-133.58931900344174,400.00000000000006
random-s0-0084,visibility,cycle,50.0,100.0,0.0,1,0,1,1,0,-131.16553698794502,89.05208262136688,-131.16553698794502,399.9999999999999
random-s0-0084,visibility,cycle,150.0,20.0,0.0,1,0,3,2,1,-131.1655369879449,-25.159909716879724,-131.1655369879449,580.0000000000002
random-s0-0084,visibility,cycle,150.0,100.0,0.0,1,0,2,2,0,-131.16553698794502,177.3364049979631,-131.16553698794502,520.0
random-s0-0084,visibility,event,0.0,20.0,0.0,1,0,1,1,0,-131.78729394601902,49.10059003783786,-131.78729394601902,420.0000000000001
random-s0-0084,visibility,event,0.0,100.0,0.0,1,0,2,1,1,-131.16553698794502,-6.042283750380847,-131.16553698794502,420.0
random-s0-0084,visibility,event,50.0,20.0,0.0,1,0,1,1,0,-134.2330348127665,109.62711010093386,-134.2330348127665,420.0000000000001
random-s0-0084,visibility,event,50.0,100.0,0.0,1,0,1,1,0,-131.16553698794502,89.05208262136688,-131.16553698794502,399.9999999999999
random-s0-0084,visibility,event,150.0,20.0,0.0,1,0,2,2,0,-131.1655369879449,10.115820651080952,-131.1655369879449,660.0000000000002
random-s0-0084,visibility,event,150.0,100.0,0.0,1,0,1,1,0,-131.16553698794502,99.78502264779551,-131.16553698794502,399.9999999999999
random-s0-0085,voronoi,once,0.0,20.0,0.0,1,0,9,7,2,-174.69627060697113,-150.90094507541414,-174.69627060697113,2500.000000000002
random-s0-0085,voronoi,cycle,0.0,20.0,0.0,1,0,3,3,0,-73.41214372070496,1.9073198414166652,-73.41214372070496,700.0000000000003
random-s0-0085,voronoi,cycle,0.0,100.0,0.0,1,0,3,2,1,-48.08728612411517,-48.08728612411517,-22.2952183874138,299.9999999999999
random-s0-0085,voronoi,cycle,50.0,20.0,0.0,1,0,0,0,0,43.91627340396849,135.20680124547613,43.91627340396849,0.0
random-s0-0085,voronoi,cycle,50.0,100.0,0.0,1,0,1,0,1,-60.714135482319605,-60.714135482319605,59.87430971300785,139.99999999999991
random-s0-0085,voronoi,cycle,150.0,20.0,0.0,1,0,0,0,0,8.84699344826953,247.0998351595389,8.84699344826953,0.0
random-s0-0085,voronoi,cycle,150.0,100.0,0.0,1,0,2,2,0,-168.93038016994723,349.2009491912495,-168.93038016994723,559.9999999999998
random-s0-0085,voronoi,event,0.0,20.0,0.0,1,0,1,1,0,-102.37449527558508,4.924448823735361,-102.37449527558508,480.0000000000001
random-s0-0085,voronoi,event,0.0,100.0,0.0,1,0,4,3,1,-23.08457884065152,-18.42218460492606,-23.08457884065152,119.99999999999991
random-s0-0085,voronoi,event,50.0,20.0,0.0,1,0,1,1,0,-80.2917929224579,124.6193797398886,-80.2917929224579,420.0
random-s0-0085,voronoi,event,50.0,100.0,0.0,1,0,0,0,0,48.8259264097417,188.78865787058768,48.8259264097417,0.0
random-s0-0085,voronoi,event,150.0,20.0,0.0,1,0,0,0,0,80.78904773743221,325.04122675934013,80.78904773743221,0.0
random-s0-0085,voronoi,event,150.0,100.0,0.0,1,0,0,0,0,121.35741883047262,341.9970121802919,121.35741883047262,0.0
random-s0-0085,prm,once,0.0,20.0,0.0,1,0,4,2,2,-167.41679430616614,-35.35240934296033,-167.41679430616614,840.0000000000005
random-s0-0085,prm,cycle,0.0,20.0,0.0,1,0,0,0,0,11.354496491007724,82.18327707405524,11.354496491007724,0.0
random-s0-0085,prm,cycle,0.0,100.0,0.0,1,0,1,0,1,-125.77193124472944,-125.77193124472944,24.01375681825044,59.99999999999992
random-s0-0085,prm,cycle,50.0,20.0,0.0,1,0,0,0,0,44.90657154905921,282.4976556667634,44.90657154905921,0.0
random-s0-0085,prm,cycle,50.0,100.0,0.0,1,0,0,0,0,61.26247946670571,154.36821197001734,61.26247946670571,0.0
random-s0-0085,prm,cycle,150.0,20.0,0.0,1,0,0,0,0,103.4227551297842,350.2892435515539,103.4227551297842,0.0
random-s0-0085,prm,cycle,150.0,100.0,0.0,1,0,0,0,0,171.8790212543566,355.6965457983533,171.8790212543566,0.0
random-s0-0085,prm,event,0.0,20.0,0.0,1,0,1,1,0,-18.80795753035315,339.1021358496789,-18.80795753035315,219.9999999999999
random-s0-0085,prm,event,0.0,100.0,0.0,1,0,1,0,1,-125.77193124472944,-125.77193124472944,24.01375681825044,59.99999999999992
random-s0-0085,prm,event,50.0,20.0,0.0,1,0,0,0,0,44.90657154905921,349.545825689995,44.90657154905921,0.0
random-s0-0085,prm,event,50.0,100.0,0.0,1,0,0,0,0,52.746556691229245,154.36821197001734,52.746556691229245,0.0
random-s0-0085,prm,event,150.0,20.0,0.0,1,0,0,0,0,103.4227551297842,350.32757894133226,103.4227551297842,0.0
random-s0-0085,prm,event,150.0,100.0,0.0,1,0,0,0,0,91.71525099894052,355.05438309573594,91.71525099894052,0.0
random-s0-0085,visibility,once,0.0,20.0,0.0,1,0,1,0,1,-94.30422868526765,-94.30422868526765,174.56323831174876,100.0
random-s0-0085,visibility,cycle,0.0,20.0,0.0,1,0,0,0,0,46.51643859948476,347.4939402558465,46.51643859948476,0.0
random-s0-0085,visibility,cycle,0.0,100.0,0.0,1,0,0,0,0,37.35519195375269,349.4039567066311,37.35519195375269,0.0
random-s0-0085,visibility,cycle,50.0,20.0,0.0,1,0,1,1,0,-35.31866089581172,347.78133581481643,-35.31866089581172,60.0
random-s0-0085,visibility,cycle,50.0,100.0,0.0,1,0,0,0,0,37.35519195375269,334.00675119521145,37.35519195375269,0.0
random-s0-0085,visibility,cycle,150.0,20.0,0.0,1,0,1,1,0,-136.59470828373298,239.1866422973584,-136.59470828373298,380.00000000000006
random-s0-0085,visibility,cycle,150.0,100.0,0.0,1,0,1,1,0,-95.31575623177126,298.87081813907844,-95.31575623177126,340.0
random-s0-0085,visibility,event,0.0,20.0,0.0,1,0,0,0,0,47.60218648699061,348.1518726211542,47.60218648699061,0.0
random-s0-0085,visibility,event,0.0,100.0,0.0,1,0,0,0,0,37.35519195375269,349.3884858838844,37.35519195375269,0.0
random-s0-0085,visibility,event,50.0,20.0,0.0,1,0,1,1,0,-50.54820624959069,347.84394008069614,-50.54820624959069,80.0
random-s0-0085,visibility,event,50.0,100.0,0.0,1,0,0,0,0,37.35519195375269,337.175888211434,37.35519195375269,0.0
random-s0-0085,visibility,event,150.0,20.0,0.0,1,0,0,0,0,77.49285430211319,349.5386486125451,77.49285430211319,0.0
random-s0-0085,visibility,event,150.0,100.0,0.0,1,0,0,0,0,90.8560426811714,304.824011187323,90.8560426811714,0.0
random-s0-0086,voronoi,once,0.0,20.0,0.0,1,0,3,3,0,-159.10017514252246,80.62917705194394,-159.10017514252246,720.0000000000003
random-s0-0086,voronoi,cycle,0.0,20.0,0.0,1,0,8,2,6,-36.36237898153391,-17.456375400427333,-36.36237898153391,360.00000000000006
random-s0-0086,voronoi,cycle,0.0,100.0,0.0,1,0,3,1,2,-75.9658209876443,-75.9658209876443,-34.30617295187892,419.99999999999983
random-s0-0086,voronoi,cycle,50.0,20.0,0.0,1,0,1,1,0,-37.02323347841286,163.79943399807115,-37.02323347841286,240.0
random-s0-0086,voronoi,cycle,50.0,100.0,0.0,1,0,1,1,0,-37.01628885060052,148.8457745326068,-37.01628885060052,220.0
random-s0-0086,voronoi,cycle,150.0,20.0,0.0,1,0,0,0,0,74.58398917195441,74.58398917195441,75.39991513978137,0.0
random-s0-0086,voronoi,cycle,150.0,100.0,0.0,1,0,2,0,2,-55.64181762207426,-55.64181762207426,31.11931505916735,279.9999999999998
random-s0-0086,voronoi,event,0.0,20.0,0.0,1,0,2,2,0,-36.40185098360962,11.02314453331894,-36.40185098360962,240.0
random-s0-0086,voronoi,event,0.0,100.0,0.0,1,0,3,2,1,-104.47438879360357,-104.47438879360357,-34.30617295187892,440.0
random-s0-0086,voronoi,event,50.0,20.0,0.0,1,0,1,1,0,-34.91824257397619,223.4018326806772,-34.91824257397619,220.0
random-s0-0086,voronoi,event,50.0,100.0,0.0,1,0,1,1,0,-37.01628885060052,179.61541175555698,-37.01628885060052,220.0
random-s0-0086,voronoi,event,150.0,20.0,0.0,1,0,0,0,0,102.52120189151192,200.04468522688583,102.52120189151192,0.0
random-s0-0086,voronoi,event,150.0,100.0,0.0,1,0,1,1,0,-38.90652154639531,248.2159274103325,-38.90652154639531,180.0
random-s0-0086,prm,once,0.0,20.0,0.0,1,0,3,2,1,-159.10017514252246,-120.16041995237538,-159.10017514252246,840.0000000000005
random-s0-0086,prm,cycle,0.0,20.0,0.0,1,0,1,1,0,-40.61982236926704,102.18252350392568,-40.61982236926704,240.0
random-s0-0086,prm,cycle,0.0,100.0,0.0,1,0,2,1,1,-41.504613743057575,-13.18159248050472,-41.504613743057575,279.99999999999994
random-s0-0086,prm,cycle,50.0,20.0,0.0,1,0,1,1,0,-43.71889320578248,40.11615304369471,-43.71889320578248,240.0
random-s0-0086,prm,cycle,50.0,100.0,0.0,1,0,1,1,0,-46.00591763189314,54.77764300193445,-46.00591763189314,240.0
random-s0-0086,prm,cycle,150.0,20.0,0.0,1,0,1,1,0,-59.57023719489543,137.88463256087454,-59.57023719489543,279.99999999999994
random-s0-0086,prm,cycle,150.0,100.0,0.0,1,0,1,1,0,-40.33628788140644,135.88236473048545,-40.33628788140644,240.0
random-s0-0086,prm,event,0.0,20.0,0.0,1,0,1,1,0,-39.432618582986805,108.15131699984454,-39.432618582986805,240.0
random-s0-0086,prm,event,0.0,100.0,0.0,1,0,2,1,1,-41.504613743057575,-13.18159248050472,-41.504613743057575,279.99999999999994
random-s0-0086,prm,event,50.0,20.0,0.0,1,0,1,1,0,-58.359358773889866,2.1392239525598318,-58.359358773889866,259.99999999999994
random-s0-0086,prm,event,50.0,100.0,0.0,1,0,1,1,0,-58.98027165698923,118.2555545908391,-58.98027165698923,259.99999999999994
random-s0-0086,prm,event,150.0,20.0,0.0,1,0,1,1,0,-59.73699788045848,122.90552180058,-59.73699788045848,279.99999999999994
random-s0-0086,prm,event,150.0,100.0,0.0,1,0,1,1,0,-40.33628788140644,122.90552180058046,-40.33628788140644,240.0
random-s0-0086,visibility,once,0.0,20.0,0.0,1,0,4,3,1,-159.10017514252246,-17.435368483414038,-159.10017514252246,600.0000000000002
random-s0-0086,visibility,cycle,0.0,20.0,0.0,1,0,2,2,0,-166.79211407534854,87.03253053374425,-166.79211407534854,600.0000000000002
random-s0-0086,visibility,cycle,0.0,100.0,0.0,1,0,2,2,0,-171.91301294167465,24.460241348874888,-171.91301294167465,600.0000000000002
random-s0-0086,visibility,cycle,50.0,20.0,0.0,1,0,2,2,0,-160.87514839607942,102.83869663816644,-160.87514839607942,620.0000000000002
random-s0-0086,visibility,cycle,50.0,100.0,0.0,1,0,2,2,0,-170.8056497208483,115.12417583522108,-170.8056497208483,620.0000000000002
random-s0-0086,visibility,cycle,150.0,20.0,0.0,1,0,3,3,0,-126.3710273256566,102.83152750910494,-126.3710273256566,900.0000000000005
random-s0-0086,visibility,cycle,150.0,100.0,0.0,1,0,3,3,0,-170.86030102628175,97.46545783549963,-170.86030102628175,1000.0000000000005
random-s0-0086,visibility,event,0.0,20.0,0.0,1,0,2,2,0,-168.52522453184662,31.0602679087157,-168.52522453184662,600.0000000000002
random-s0-0086,visibility,event,0.0,100.0,0.0,1,0,2,2,0,-171.91301294167465,24.460241348874888,-171.91301294167465,600.0000000000002
random-s0-0086,visibility,event,50.0,20.0,0.0,1,0,2,2,0,-161.7060535866887,144.0293955527623,-161.7060535866887,620.0000000000002
random-s0-0086,visibility,event,50.0,100.0,0.0,1,0,3,2,1,-170.8056497208483,-8.292390946033805,-170.8056497208483,660.0000000000002
random-s0-0086,visibility,event,150.0,20.0,0.0,1,0,2,2,0,-118.92109086151213,2.349049696370514,-118.92109086151213,580.0000000000002
random-s0-0086,visibility,event,150.0,100.0,0.0,1,0,2,2,0,-170.86030102628175,15.500303738702767,-170.86030102628175,600.0000000000002
random-s0-0087,voronoi,once,0.0,20.0,0.0,1,0,5,4,1,-166.6983518370606,-46.4765891066798,-166.6983518370606,1460.000000000001
random-s0-0087,voronoi,cycle,0.0,20.0,0.0,1,0,0,0,0,75.38572594037612,102.061814990009,75.38572594037612,0.0
random-s0-0087,voronoi,cycle,0.0,100.0,0.0,1,0,0,0,0,84.9269503093243,127.38445410853753,84.9269503093243,0.0
random-s0-0087,voronoi,cycle,50.0,20.0,0.0,1,0,3,3,0,-170.20258385755386,170.42126762925943,-170.20258385755386,1119.9999999999882
random-s0-0087,voronoi,cycle,50.0,100.0,0.0,1,0,0,0,0,80.72932583772251,201.18288144302613,80.72932583772251,0.0
random-s0-0087,voronoi,cycle,150.0,20.0,0.0,1,0,1,1,0,-54.84935041301962,353.6676328295368,-54.84935041301962,40.0
random-s0-0087,voronoi,cycle,150.0,100.0,0.0,1,0,2,2,0,-132.049476363152,197.0731384207837,-132.049476363152,759.9999999999999
random-s0-0087,voronoi,event,0.0,20.0,0.0,1,0,0,0,0,84.92695030932424,246.624326430143,84.92695030932424,0.0
random-s0-0087,voronoi,event,0.0,100.0,0.0,1,0,0,0,0,84.9269503093243,245.8109722593701,84.9269503093243,0.0
random-s0-0087,voronoi,event,50.0,20.0,0.0,1,0,1,1,0,-30.631674272004773,191.08873943444328,-30.631674272004773,279.99999999999994
random-s0-0087,voronoi,event,50.0,100.0,0.0,1,0,0,0,0,102.17865086595044,256.4768202314563,102.17865086595044,0.0
random-s0-0087,voronoi,event,150.0,20.0,0.0,1,0,0,0,0,163.4113555195632,260.69181829501946,163.4113555195632,0.0
random-s0-0087,voronoi,event,150.0,100.0,0.0,1,0,0,0,0,42.04110172579996,174.5836767477578,42.04110172579996,0.0
random-s0-0087,prm,once,0.0,20.0,0.0,1,0,3,2,1,-123.1562765292946,-15.785920566204991,-123.1562765292946,380.00000000000006
random-s0-0087,prm,cycle,0.0,20.0,0.0,1,0,1,1,0,-7.325037998782932,309.074576446099,-7.325037998782932,19.999999999999908
random-s0-0087,prm,cycle,0.0,100.0,0.0,1,0,1,1,0,-37.20452233009726,294.5196284935281,-37.20452233009726,39.99999999999991
random-s0-0087,prm,cycle,50.0,20.0,0.0,1,0,0,0,0,66.05700787610968,315.90962538757617,66.05700787610968,0.0
random-s0-0087,prm,cycle,50.0,100.0,0.0,1,0,0,0,0,36.62614857537716,294.5196284935281,36.62614857537716,0.0
random-s0-0087,prm,cycle,150.0,20.0,0.0,1,0,0,0,0,115.40862135052804,115.40862135052804,128.87713559457376,0.0
random-s0-0087,prm,cycle,150.0,100.0,0.0,1,0,0,0,0,85.67579442181477,115.408621350528,85.67579442181477,0.0
random-s0-0087,prm,event,0.0,20.0,0.0,1,0,1,1,0,-7.325037998782932,309.074576446099,-7.325037998782932,19.999999999999908
random-s0-0087,prm,event,0.0,100.0,0.0,1,0,1,1,0,-37.20452233009726,294.5196284935281,-37.20452233009726,39.99999999999991
random-s0-0087,prm,event,50.0,20.0,0.0,1,0,0,0,0,67.58044478365719,96.02853857365636,67.58044478365719,0.0
random-s0-0087,prm,event,50.0,100.0,0.0,1,0,0,0,0,36.62614857537716,294.5196284935281,36.62614857537716,0.0
random-s0-0087,prm,event,150.0,20.0,0.0,1,0,0,0,0,75.88221045978008,115.40862135052804,75.88221045978008,0.0
random-s0-0087,prm,event,150.0,100.0,0.0,1,0,0,0,0,115.408621350528,115.408621350528,175.618317518296,0.0
random-s0-0087,visibility,once,0.0,20.0,0.0,1,0,2,2,0,-104.39539028597665,126.13682732532726,-104.39539028597665,320.0
random-s0-0087,visibility,cycle,0.0,20.0,0.0,1,0,0,0,0,47.21932364755932,228.7700290993804,47.21932364755932,0.0
random-s0-0087,visibility,cycle,0.0,100.0,0.0,1,0,0,0,0,31.05195247171403,230.32538520817883,31.05195247171403,0.0
random-s0-0087,visibility,cycle,50.0,20.0,0.0,1,0,0,0,0,53.10073367965862,225.18010224701413,53.10073367965862,0.0
random-s0-0087,visibility,cycle,50.0,100.0,0.0,1,0,0,0,0,82.895625269162,233.30072720831615,82.895625269162,0.0
random-s0-0087,visibility,cycle,150.0,20.0,0.0,1,0,0,0,0,110.59757492309063,229.81795896981905,110.59757492309063,0.0
random-s0-0087,visibility,cycle,150.0,100.0,0.0,1,0,0,0,0,115.05364571937235,238.387976595881,115.05364571937235,0.0
random-s0-0087,visibility,event,0.0,20.0,0.0,1,0,0,0,0,40.07341209455345,229.221662059906,40.07341209455345,0.0
random-s0-0087,visibility,event,0.0,100.0,0.0,1,0,0,0,0,31.05195247171403,228.97536054810075,31.05195247171403,0.0
random-s0-0087,visibility,event,50.0,20.0,0.0,1,0,1,1,0,-173.008432213226,299.6819973323546,-173.008432213226,279.99999999999994
random-s0-0087,visibility,event,50.0,100.0,0.0,1,0,0,0,0,108.60190660323089,116.04874543538877,108.60190660323089,0.0
random-s0-0087,visibility,event,150.0,20.0,0.0,1,0,0,0,0,23.40929130373493,23.40929130373493,70.71210495712856,0.0
random-s0-0087,visibility,event,150.0,100.0,0.0,1,0,0,0,0,39.57656932962658,39.57656932962658,51.68189004186857,0.0
random-s0-0088,voronoi,once,0.0,20.0,0.0,1,0,6,4,2,-170.30958668501032,-170.30958668501032,-80.42141505000538,4179.999999999999
random-s0-0088,voronoi,cycle,0.0,20.0,0.0,1,0,1,1,0,-9.281362373229284,152.23726727755945,-9.281362373229284,160.0
random-s0-0088,voronoi,cycle,0.0,100.0,0.0,1,0,4,4,0,-118.90149275040064,47.65697625873841,-118.90149275040064,599.9999999999999
random-s0-0088,voronoi,cycle,50.0,20.0,0.0,1,0,0,0,0,81.8458334810208,145.08848087457852,81.8458334810208,0.0
random-s0-0088,voronoi,cycle,50.0,100.0,0.0,1,0,0,0,0,29.15189426405325,144.19631665990136,29.15189426405325,0.0
random-s0-0088,voronoi,cycle,150.0,20.0,0.0,1,0,0,0,0,5.974705875646833,141.51090774421343,5.974705875646833,0.0
random-s0-0088,voronoi,cycle,150.0,100.0,0.0,1,0,1,1,0,-58.69011628763944,153.24811142895174,-58.69011628763944,780.0000000000003
random-s0-0088,voronoi,event,0.0,20.0,0.0,1,0,0,0,0,0.3886184499515082,64.74434185174675,0.3886184499515082,0.0
random-s0-0088,voronoi,event,0.0,100.0,0.0,1,0,1,1,0,-118.90149275040064,82.88776868346338,-118.90149275040064,559.9999999999999
random-s0-0088,voronoi,event,50.0,20.0,0.0,1,0,0,0,0,5.777798816614222,67.79504246402357,5.777798816614222,0.0
random-s0-0088,voronoi,event,50.0,100.0,0.0,1,0,1,1,0,-14.117768875033306,146.68230681505702,-14.117768875033306,219.99999999999977
random-s0-0088,voronoi,event,150.0,20.0,0.0,1,0,1,1,0,-70.39137053005622,143.69212054259492,-70.39137053005622,779.9999999999834
random-s0-0088,voronoi,event,150.0,100.0,0.0,1,0,1,1,0,-70.04362250255568,154.7445491516675,-70.04362250255568,740.0000000000003
random-s0-0088,prm,once,0.0,20.0,0.0,1,0,5,4,1,-80.42141505000538,-29.13606927378692,-80.42141505000538,1020.0000000000005
random-s0-0088,prm,cycle,0.0,20.0,0.0,1,0,1,1,0,-26.601082212537197,149.41832832240033,-26.601082212537197,239.9999999999999
random-s0-0088,prm,cycle,0.0,100.0,0.0,1,0,0,0,0,61.69282609718525,73.59388177013724,61.69282609718525,0.0
random-s0-0088,prm,cycle,50.0,20.0,0.0,1,0,1,1,0,-9.957946179016515,146.02277241727307,-9.957946179016515,140.0
random-s0-0088,prm,cycle,50.0,100.0,0.0,1,0,0,0,0,53.495342531755824,158.6078897848687,53.495342531755824,0.0
random-s0-0088,prm,cycle,150.0,20.0,0.0,1,0,0,0,0,63.03793919671634,163.47926659867807,63.03793919671634,0.0
random-s0-0088,prm,cycle,150.0,100.0,0.0,1,0,0,0,0,129.8005141832595,154.9662772458454,129.8005141832595,0.0
random-s0-0088,prm,event,0.0,20.0,0.0,1,0,1,1,0,-40.85842199134595,165.27290191130214,-40.85842199134595,259.99999999999983
random-s0-0088,prm,event,0.0,100.0,0.0,1,0,1,0,1,-141.32509652919424,-141.32509652919424,1.614823773642172,59.99999999999991
random-s0-0088,prm,event,50.0,20.0,0.0,1,0,2,2,0,-23.038753640686224,96.53573877658864,-23.038753640686224,119.99999999999832
random-s0-0088,prm,event,50.0,100.0,0.0,1,0,2,1,1,-40.96184130459818,-14.383563573181505,-40.96184130459818,279.99999999999994
random-s0-0088,prm,event,150.0,20.0,0.0,1,0,2,2,0,-35.01460230544652,153.7596820540022,-35.01460230544652,259.99999999999744
random-s0-0088,prm,event,150.0,100.0,0.0,1,0,1,1,0,-35.01460230544677,144.91592714732172,-35.01460230544677,140.0
random-s0-0088,visibility,once,0.0,20.0,0.0,1,0,5,3,2,-148.2020031719386,-148.2020031719386,-131.74598034269732,1060.0000000000005
random-s0-0088,visibility,cycle,0.0,20.0,0.0,1,0,3,3,0,-132.7554558694276,159.46777041607544,-132.7554558694276,1000.0000000000005
random-s0-0088,visibility,cycle,0.0,100.0,0.0,1,0,3,3,0,-144.9438286884705,161.9097714387404,-144.9438286884705,539.9999999999999
random-s0-0088,visibility,cycle,50.0,20.0,0.0,1,0,1,1,0,-109.26822806341526,108.67658593415462,-109.26822806341526,380.0
random-s0-0088,visibility,cycle,50.0,100.0,0.0,1,0,1,1,0,-166.21761114636564,104.09850342143308,-166.21761114636564,379.9999999999999
random-s0-0088,visibility,cycle,150.0,20.0,0.0,1,0,0,0,0,89.79472048619056,166.06208392246683,89.79472048619056,0.0
random-s0-0088,visibility,cycle,150.0,100.0,0.0,1,0,3,2,1,-161.33760830255983,-41.48240618588204,-161.33760830255983,820.0000000000002
random-s0-0088,visibility,event,0.0,20.0,0.0,1,0,2,2,0,-140.13791436462662,109.98232245903222,-140.13791436462662,640.0000000000002
random-s0-0088,visibility,event,0.0,100.0,0.0,1,0,2,2,0,-153.3408791425257,162.00620269041764,-153.3408791425257,559.9999999999999
random-s0-0088,visibility,event,50.0,20.0,0.0,1,0,2,2,0,-135.70074869413898,115.12109213541078,-135.70074869413898,640.0000000000002
random-s0-0088,visibility,event,50.0,100.0,0.0,1,0,2,1,1,-114.10193791899846,-113.83201653565438,-114.10193791899846,399.9999999999999
random-s0-0088,visibility,event,150.0,20.0,0.0,1,0,5,3,2,-130.9197186552238,-5.231815352470818,-130.9197186552238,1439.9999999999827
random-s0-0088,visibility,event,150.0,100.0,0.0,1,0,1,0,1,-66.73618261537145,-66.73618261537145,143.7203417133128,60.0
random-s0-0089,voronoi,once,0.0,20.0,0.0,1,0,5,1,4,-105.87970826930524,-105.87970826930524,-10.430687891583716,520.0000000000001
random-s0-0089,voronoi,cycle,0.0,20.0,0.0,1,0,3,2,1,-23.22469853402424,-23.22469853402424,-7.370747579239804,279.99999999999994
random-s0-0089,voronoi,cycle,0.0,100.0,0.0,1,0,3,2,1,-24.16685782932305,-8.102472262586872,-24.16685782932305,540.0000000000001
random-s0-0089,voronoi,cycle,50.0,20.0,0.0,1,0,1,1,0,-12.11409616043582,9.495257290909253,-12.11409616043582,200.0
random-s0-0089,voronoi,cycle,50.0,100.0,0.0,1,0,2,1,1,-108.29176721441232,-108.29176721441232,-12.674555261146937,240.0
random-s0-0089,voronoi,cycle,150.0,20.0,0.0,1,0,0,0,0,47.608605359556776,55.91364158260063,47.608605359556776,0.0
random-s0-0089,voronoi,cycle,150.0,100.0,0.0,1,0,1,1,0,-12.46802994314092,11.55956290686504,-12.46802994314092,200.0
random-s0-0089,voronoi,event,0.0,20.0,0.0,1,0,1,1,0,-3.358536191414544,4.457657511177274,-3.358536191414544,120.0
random-s0-0089,voronoi,event,0.0,100.0,0.0,1,0,1,1,0,-11.924014122975905,74.40331674383302,-11.924014122975905,200.0
random-s0-0089,voronoi,event,50.0,20.0,0.0,1,0,1,1,0,-12.550426761504838,38.680330303353855,-12.550426761504838,200.0
random-s0-0089,voronoi,event,50.0,100.0,0.0,1,0,1,1,0,-10.048367693325702,135.1639416558129,-10.048367693325702,180.0
random-s0-0089,voronoi,event,150.0,20.0,0.0,1,0,0,0,0,50.77856477197665,74.73505466020447,50.77856477197665,0.0
random-s0-0089,voronoi,event,150.0,100.0,0.0,1,0,1,1,0,-12.260124437509717,7.192620586738684,-12.260124437509717,200.0
random-s0-0089,prm,once,0.0,20.0,0.0,1,0,3,1,2,-105.87970826930524,-105.87970826930524,-10.430687891583716,420.0000000000001
random-s0-0089,prm,cycle,0.0,20.0,0.0,1,0,2,2,0,-2.109527822169099,5.186743778700759,-2.109527822169099,60.0
random-s0-0089,prm,cycle,0.0,100.0,0.0,1,0,2,1,1,-75.41438769267386,-28.02167986975968,-75.41438769267386,259.99999999999994
random-s0-0089,prm,cycle,50.0,20.0,0.0,1,0,0,0,0,3.071045503126669,17.84201917510177,3.071045503126669,0.0
random-s0-0089,prm,cycle,50.0,100.0,0.0,1,0,3,2,1,-97.0739375224601,-97.0739375224601,-11.931995057957836,419.9999999999999
random-s0-0089,prm,cycle,150.0,20.0,0.0,1,0,1,1,0,-41.44896469697969,61.13553514427997,-41.44896469697969,380.00000000000006
random-s0-0089,prm,cycle,150.0,100.0,0.0,1,0,0,0,0,24.83136096435192,24.83136096435192,50.77856477197668,0.0
random-s0-0089,prm,event,0.0,20.0,0.0,1,0,2,1,1,-37.5839157431576,-37.5839157431576,-4.499499407664018,360.0
random-s0-0089,prm,event,0.0,100.0,0.0,1,0,1,0,1,-28.02167986975968,-28.02167986975968,10.047353246359222,80.0
random-s0-0089,prm,event,50.0,20.0,0.0,1,0,1,1,0,-16.542948930192892,21.163337250137715,-16.542948930192892,279.99999999999994
random-s0-0089,prm,event,50.0,100.0,0.0,1,0,1,1,0,-2.4729957659410218,27.312590177305424,-2.4729957659410218,80.0
random-s0-0089,prm,event,150.0,20.0,0.0,1,0,0,0,0,9.841382007984407,9.841382007984407,55.94126737389817,0.0
random-s0-0089,prm,event,150.0,100.0,0.0,1,0,2,1,1,-116.19782773189328,-116.19782773189328,-30.699208980371367,440.0000000000001
random-s0-0089,visibility,once,0.0,20.0,0.0,1,0,4,2,2,-105.87970826930524,-105.87970826930524,-53.92456648993189,640.0000000000002
random-s0-0089,visibility,cycle,0.0,20.0,0.0,1,0,2,1,1,-26.46566017788527,-26.46566017788527,-11.517743949623592,600.0000000000002
random-s0-0089,visibility,cycle,0.0,100.0,0.0,1,0,3,1,2,-173.92199547231024,-173.92199547231024,-10.471190811903597,700.0000000000003
random-s0-0089,visibility,cycle,50.0,20.0,0.0,1,0,3,1,2,-162.29743576524413,-162.29743576524413,-9.732562891976327,780.0000000000003
random-s0-0089,visibility,cycle,50.0,100.0,0.0,1,0,2,1,1,-23.49985703341386,-23.49985703341386,-12.78721347952026,560.0000000000001
random-s0-0089,visibility,cycle,150.0,20.0,0.0,1,0,0,0,0,0.0219918681956983,0.0219918681956983,47.08974776626465,0.0
random-s0-0089,visibility,cycle,150.0,100.0,0.0,1,0,0,0,0,22.744392445790595,22.744392445790595,132.16147726609972,0.0
random-s0-0089,visibility,event,0.0,20.0,0.0,1,0,3,2,1,-52.98764099229413,-11.485631617978498,-52.98764099229413,640.0000000000002
random-s0-0089,visibility,event,0.0,100.0,0.0,1,0,4,2,2,-137.2451272514144,-137.2451272514144,-10.887222458839858,479.9999999999998
random-s0-0089,visibility,event,50.0,20.0,0.0,1,0,1,1,0,-10.832274221616672,1.4631405762834788,-10.832274221616672,180.0
random-s0-0089,visibility,event,50.0,100.0,0.0,1,0,2,1,1,-11.556518652731285,-4.46830846850375,-11.556518652731285,240.0
random-s0-0089,visibility,event,150.0,20.0,0.0,1,0,1,1,0,-48.80320723460028,67.58260333000877,-48.80320723460028,440.0000000000001
random-s0-0089,visibility,event,150.0,100.0,0.0,1,0,1,1,0,-90.922667669237,42.103685855581546,-90.922667669237,540.0000000000001
random-s0-0090,voronoi,once,0.0,20.0,0.0,1,0,0,0,0,32.9636085434349,360.29869482812194,32.9636085434349,0.0
random-s0-0090,voronoi,cycle,0.0,20.0,0.0,1,0,0,0,0,46.92593665382378,302.15243052380544,46.92593665382378,0.0
random-s0-0090,voronoi,cycle,0.0,100.0,0.0,1,0,0,0,0,46.92593665382387,311.5790943452986,46.92593665382387,0.0
random-s0-0090,voronoi,cycle,50.0,20.0,0.0,1,0,0,0,0,46.92593665382378,340.32011116336787,46.92593665382378,0.0
random-s0-0090,voronoi,cycle,50.0,100.0,0.0,1,0,0,0,0,46.92593665382387,323.1117845121454,46.92593665382387,0.0
random-s0-0090,voronoi,cycle,150.0,20.0,0.0,1,0,1,1,0,-10.748429672967148,399.0614504686854,-10.748429672967148,0.0
random-s0-0090,voronoi,cycle,150.0,100.0,0.0,1,0,0,0,0,8.02162882152507,383.4367039406093,8.02162882152507,0.0
random-s0-0090,voronoi,event,0.0,20.0,0.0,1,0,0,0,0,46.92593665382378,252.72811925671687,46.92593665382378,0.0
random-s0-0090,voronoi,event,0.0,100.0,0.0,1,0,0,0,0,46.92593665382387,284.16078966370867,46.92593665382387,0.0
random-s0-0090,voronoi,event,50.0,20.0,0.0,1,0,0,0,0,46.92593665382378,396.6683994193845,46.92593665382378,0.0
random-s0-0090,voronoi,event,50.0,100.0,0.0,1,0,0,0,0,30.31444357028312,390.2345237372229,30.31444357028312,0.0
random-s0-0090,voronoi,event,150.0,20.0,0.0,1,0,0,0,0,6.774399147268184,396.889553032938,6.774399147268184,0.0
random-s0-0090,voronoi,event,150.0,100.0,0.0,1,0,1,1,0,-146.4327694271816,396.5645568037944,-146.4327694271816,340.0
random-s0-0090,prm,once,0.0,20.0,0.0,1,0,0,0,0,32.9636085434349,360.29869482812194,32.9636085434349,0.0
random-s0-0090,prm,cycle,0.0,20.0,0.0,1,0,0,0,0,32.9636085434349,399.25015064493823,32.9636085434349,0.0
random-s0-0090,prm,cycle,0.0,100.0,0.0,1,0,0,0,0,32.9636085434349,399.20061584646623,32.9636085434349,0.0
random-s0-0090,prm,cycle,50.0,20.0,0.0,1,0,0,0,0,32.9636085434349,400.5399698431453,32.9636085434349,0.0
random-s0-0090,prm,cycle,50.0,100.0,0.0,1,0,0,0,0,32.9636085434349,394.0702935563369,32.9636085434349,0.0
random-s0-0090,prm,cycle,150.0,20.0,0.0,1,0,2,2,0,-177.92842296452812,375.5650767309371,-177.92842296452812,279.99999999999994
random-s0-0090,prm,cycle,150.0,100.0,0.0,1,0,0,0,0,48.36436579272154,360.29869482812205,48.36436579272154,0.0
random-s0-0090,prm,event,0.0,20.0,0.0,1,0,0,0,0,32.9636085434349,401.9795621481154,32.9636085434349,0.0
random-s0-0090,prm,event,0.0,100.0,0.0,1,0,0,0,0,32.9636085434349,401.1193196326973,32.9636085434349,0.0
random-s0-0090,prm,event,50.0,20.0,0.0,1,0,1,1,0,-177.92842296452812,159.01177947872816,-177.92842296452812,420.0000000000001
random-s0-0090,prm,event,50.0,100.0,0.0,1,0,1,1,0,-177.9284229645285,30.42519451610795,-177.9284229645285,420.0000000000001
random-s0-0090,prm,event,150.0,20.0,0.0,1,0,1,1,0,-147.8891503218,221.11495967018084,-147.8891503218,160.0
random-s0-0090,prm,event,150.0,100.0,0.0,1,0,0,0,0,48.36436579272154,360.29869482812205,48.36436579272154,0.0
random-s0-0090,visibility,once,0.0,20.0,0.0,1,0,0,0,0,32.9636085434349,360.29869482812194,32.9636085434349,0.0
random-s0-0090,visibility,cycle,0.0,20.0,0.0,1,0,0,0,0,32.9636085434349,362.0565451652534,32.9636085434349,0.0
random-s0-0090,visibility,cycle,0.0,100.0,0.0,1,0,0,0,0,32.9636085434349,359.6298277467955,32.9636085434349,0.0
random-s0-0090,visibility,cycle,50.0,20.0,0.0,1,0,0,0,0,32.9636085434349,366.82952156176384,32.9636085434349,0.0
random-s0-0090,visibility,cycle,50.0,100.0,0.0,1,0,0,0,0,32.9636085434349,374.37608147901005,32.9636085434349,0.0
random-s0-0090,visibility,cycle,150.0,20.0,0.0,1,0,1,1,0,-98.17624275763043,363.83874973071033,-98.17624275763043,279.9999999999999
random-s0-0090,visibility,cycle,150.0,100.0,0.0,1,0,1,1,0,-132.60027168388848,360.29869482812205,-132.60027168388848,379.9999999999998
random-s0-0090,visibility,event,0.0,20.0,0.0,1,0,0,0,0,32.9636085434349,366.1278565740767,32.9636085434349,0.0
random-s0-0090,visibility,event,0.0,100.0,0.0,1,0,0,0,0,32.9636085434349,359.6298277467955,32.9636085434349,0.0
random-s0-0090,visibility,event,50.0,20.0,0.0,1,0,0,0,0,32.9636085434349,375.9288155246769,32.9636085434349,0.0
random-s0-0090,visibility,event,50.0,100.0,0.0,1,0,0,0,0,32.9636085434349,392.4728972961776,32.9636085434349,0.0
random-s0-0090,visibility,event,150.0,20.0,0.0,1,0,1,1,0,-97.94401958518138,364.7686862136036,-97.94401958518138,279.9999999999999
random-s0-0090,visibility,event,150.0,100.0,0.0,1,0,1,1,0,-132.60027168388848,360.29869482812205,-132.60027168388848,379.9999999999998
random-s0-0091,voronoi,once,0.0,20.0,0.0,1,0,3,2,1,-149.128199104415,-149.128199104415,-122.09376783595816,540.0000000000001
random-s0-0091,voronoi,cycle,0.0,20.0,0.0,1,0,10,6,4,-173.9139809911082,-22.539814086019305,-173.9139809911082,1679.9999999999918
random-s0-0091,voronoi,cycle,0.0,100.0,0.0,1,0,3,2,1,-149.128199104415,-149.128199104415,-52.83612907573415,200.0
random-s0-0091,voronoi,cycle,50.0,20.0,0.0,1,0,2,2,0,-111.81721092523824,37.38331469632016,-111.81721092523824,620.0000000000002
random-s0-0091,voronoi,cycle,50.0,100.0,0.0,1,0,2,1,1,-149.128199104415,-149.128199104415,-3.413845180599281,60.0
random-s0-0091,voronoi,cycle,150.0,20.0,0.0,1,0,1,1,0,-52.83612907573482,79.41380071229798,-52.83612907573482,60.0
random-s0-0091,voronoi,cycle,150.0,100.0,0.0,1,0,4,4,0,-173.91398099110734,13.1947158601821,-173.91398099110734,1220.0000000000002
random-s0-0091,voronoi,event,0.0,20.0,0.0,1,0,3,2,1,-113.89945039920252,-22.539814086019305,-113.89945039920252,720.0000000000003
random-s0-0091,voronoi,event,0.0,100.0,0.0,1,0,3,2,1,-149.128199104415,-149.128199104415,-113.89945039920242,520.0000000000001
random-s0-0091,voronoi,event,50.0,20.0,0.0,1,0,4,4,0,-131.84569470215624,25.513428597882186,-131.84569470215624,1120.0000000000005
random-s0-0091,voronoi,event,50.0,100.0,0.0,1,0,2,1,1,-149.128199104415,-149.128199104415,-113.89945039920242,440.0000000000001
random-s0-0091,voronoi,event,150.0,20.0,0.0,1,0,1,1,0,-113.89945039920252,79.41380071229798,-113.89945039920252,380.00000000000006
random-s0-0091,voronoi,event,150.0,100.0,0.0,1,0,1,1,0,-113.89945039920242,31.406525473213577,-113.89945039920242,380.00000000000006
random-s0-0091,prm,once,0.0,20.0,0.0,1,0,3,2,1,-149.128199104415,-149.128199104415,-122.09376783595816,240.0
random-s0-0091,prm,cycle,0.0,20.0,0.0,1,0,2,1,1,-154.1812999699699,-154.1812999699699,-113.89945039920252,1360.0000000000005
random-s0-0091,prm,cycle,0.0,100.0,0.0,1,0,1,0,1,-149.128199104415,-149.128199104415,33.66970249338337,60.0
random-s0-0091,prm,cycle,50.0,20.0,0.0,1,0,3,1,2,-149.128199104415,-149.128199104415,-50.4331267776721,980.0000000000005
random-s0-0091,prm,cycle,50.0,100.0,0.0,1,0,3,1,2,-149.128199104415,-149.128199104415,-50.4331267776721,1160.0
random-s0-0091,prm,cycle,150.0,20.0,0.0,1,0,1,0,1,-102.43400447262836,-102.43400447262836,13.98862810132107,39.99999999999999
random-s0-0091,prm,cycle,150.0,100.0,0.0,1,0,1,0,1,-102.43400447262836,-102.43400447262836,13.98862810132107,40.0
random-s0-0091,prm,event,0.0,20.0,0.0,1,0,2,1,1,-135.0404716933623,-135.0404716933623,-113.89945039920252,440.0000000000001
random-s0-0091,prm,event,0.0,100.0,0.0,1,0,2,1,1,-149.128199104415,-149.128199104415,-111.81721092523804,220.0
random-s0-0091,prm,event,50.0,20.0,0.0,1,0,3,2,1,-149.128199104415,-149.128199104415,-113.89945039920252,760.0000000000002
random-s0-0091,prm,event,50.0,100.0,0.0,1,0,3,2,1,-149.128199104415,-149.128199104415,-113.89945039920242,820.0000000000001
random-s0-0091,prm,event,150.0,20.0,0.0,1,0,3,2,1,-130.70586911797557,-102.43400447262836,-130.70586911797557,580.0000000000002
random-s0-0091,prm,event,150.0,100.0,0.0,1,0,3,2,1,-113.89945039920242,-102.43400447262836,-113.89945039920242,480.00000000000017
random-s0-0091,visibility,once,0.0,20.0,0.0,1,0,2,1,1,-149.128199104415,-149.128199104415,-122.09376783595816,160.0
random-s0-0091,visibility,cycle,0.0,20.0,0.0,1,0,0,0,0,14.177549119369502,14.177549119369502,33.66970249338337,0.0
random-s0-0091,visibility,cycle,0.0,100.0,0.0,1,0,1,0,1,-149.128199104415,-149.128199104415,33.66970249338337,60.0
random-s0-0091,visibility,cycle,50.0,20.0,0.0,1,0,2,1,1,-149.128199104415,-149.128199104415,-102.56993066538485,219.99999999999991
random-s0-0091,visibility,cycle,50.0,100.0,0.0,1,0,2,1,1,-149.128199104415,-149.128199104415,-61.66726826730907,160.0
random-s0-0091,visibility,cycle,150.0,20.0,0.0,1,0,1,0,1,-145.07108200460118,-145.07108200460118,13.98862810132107,60.0
random-s0-0091,visibility,cycle,150.0,100.0,0.0,1,0,1,0,1,-145.07108200460118,-145.07108200460118,13.98862810132107,60.0
random-s0-0091,visibility,event,0.0,20.0,0.0,1,0,0,0,0,14.177549119369502,14.177549119369502,33.66970249338337,0.0
random-s0-0091,visibility,event,0.0,100.0,0.0,1,0,1,0,1,-149.128199104415,-149.128199104415,33.66970249338337,60.0
random-s0-0091,visibility,event,50.0,20.0,0.0,1,0,2,1,1,-149.128199104415,-149.128199104415,-114.6667197942055,239.99999999999991
random-s0-0091,visibility,event,50.0,100.0,0.0,1,0,2,1,1,-149.128199104415,-149.128199104415,-61.66726826730907,160.0
random-s0-0091,visibility,event,150.0,20.0,0.0,1,0,2,1,1,-145.07108200460118,-145.07108200460118,-113.89945039920252,440.0000000000001
random-s0-0091,visibility,event,150.0,100.0,0.0,1,0,1,0,1,-145.07108200460118,-145.07108200460118,13.98862810132107,60.0
random-s0-0092,voronoi,once,0.0,20.0,0.0,1,0,4,4,0,-151.6894197506193,176.74204261958084,-151.6894197506193,420.0000000000001
random-s0-0092,voronoi,cycle,0.0,20.0,0.0,1,0,0,0,0,18.789886612264752,73.97038144341266,18.789886612264752,0.0
random-s0-0092,voronoi,cycle,0.0,100.0,0.0,1,0,1,1,0,-12.766923386796378,81.12680870502356,-12.766923386796378,20.0
random-s0-0092,voronoi,cycle,50.0,20.0,0.0,1,0,0,0,0,65.45224704040132,86.87311825150277,65.45224704040132,0.0
random-s0-0092,voronoi,cycle,50.0,100.0,0.0,1,0,0,0,0,92.078847654625,92.078847654625,135.17068762307798,0.0
random-s0-0092,voronoi,cycle,150.0,20.0,0.0,1,0,0,0,0,0.2106010761653465,0.2106010761653465,126.40245068755894,0.0
random-s0-0092,voronoi,cycle,150.0,100.0,0.0,1,0,0,0,0,70.61587117809668,70.61587117809668,148.733977698413,0.0
random-s0-0092,voronoi,event,0.0,20.0,0.0,1,0,0,0,0,18.789886612264752,87.91846457485462,18.789886612264752,0.0
random-s0-0092,voronoi,event,0.0,100.0,0.0,1,0,1,1,0,-12.766923386796378,87.91846457485462,-12.766923386796378,20.0
random-s0-0092,voronoi,event,50.0,20.0,0.0,1,0,0,0,0,65.45224704040132,72.43330378016202,65.45224704040132,0.0
random-s0-0092,voronoi,event,50.0,100.0,0.0,1,0,1,1,0,-30.34084665254781,77.47136769860458,-30.34084665254781,60.0
random-s0-0092,voronoi,event,150.0,20.0,0.0,1,0,1,1,0,-90.55314259435768,1.1020627028053411,-90.55314259435768,699.9999999999851
random-s0-0092,voronoi,event,150.0,100.0,0.0,1,0,0,0,0,68.26336449291057,68.26336449291057,134.78127346471717,0.0
random-s0-0092,prm,once,0.0,20.0,0.0,1,0,4,2,2,-166.55140784225225,-166.55140784225225,-38.4093376153042,1320.000000000001
random-s0-0092,prm,cycle,0.0,20.0,0.0,1,0,0,0,0,13.154962166429272,96.97629257359102,13.154962166429272,0.0
random-s0-0092,prm,cycle,0.0,100.0,0.0,1,0,1,1,0,-12.766923386796378,97.71420121242318,-12.766923386796378,20.0
random-s0-0092,prm,cycle,50.0,20.0,0.0,1,0,0,0,0,41.61486215037374,49.45000347212803,41.61486215037374,0.0
random-s0-0092,prm,cycle,50.0,100.0,0.0,1,0,0,0,0,67.59603415444727,107.88971201365432,67.59603415444727,0.0
random-s0-0092,prm,cycle,150.0,20.0,0.0,1,0,0,0,0,10.466927154644424,10.466927154644424,93.4421786662441,0.0
random-s0-0092,prm,cycle,150.0,100.0,0.0,1,0,0,0,0,73.43031518272281,104.79877232612426,73.43031518272281,0.0
random-s0-0092,prm,event,0.0,20.0,0.0,1,0,0,0,0,13.056160887543342,13.056160887543342,15.011564676347176,0.0
random-s0-0092,prm,event,0.0,100.0,0.0,1,0,2,1,1,-91.11323647113647,-91.11323647113647,-12.766923386796378,519.9999999999999
random-s0-0092,prm,event,50.0,20.0,0.0,1,0,0,0,0,48.5133782337237,71.3833064453853,48.5133782337237,0.0
random-s0-0092,prm,event,50.0,100.0,0.0,1,0,0,0,0,30.088466077620325,35.898508718939155,30.088466077620325,0.0
random-s0-0092,prm,event,150.0,20.0,0.0,1,0,1,1,0,-28.967471381829057,45.93245154189052,-28.967471381829057,99.99999999999788
random-s0-0092,prm,event,150.0,100.0,0.0,1,0,0,0,0,1.0602855632544106,1.0602855632544106,73.43031518272281,0.0
random-s0-0092,visibility,once,0.0,20.0,0.0,1,0,6,4,2,-145.70350848653845,-31.02209501041648,-145.70350848653845,820.0000000000003
random-s0-0092,visibility,cycle,0.0,20.0,0.0,1,0,4,4,0,-111.0127398657541,62.64226842522368,-111.0127398657541,420.0000000000001
random-s0-0092,visibility,cycle,0.0,100.0,0.0,1,0,2,2,0,-128.36647776666467,34.150240003280715,-128.36647776666467,380.00000000000006
random-s0-0092,visibility,cycle,50.0,20.0,0.0,1,0,2,2,0,-126.87729580473936,16.95710569722047,-126.87729580473936,480.0000000000001
random-s0-0092,visibility,cycle,50.0,100.0,0.0,1,0,2,1,1,-151.66317533609998,-151.66317533609998,-131.86120126000142,339.9999999999999
random-s0-0092,visibility,cycle,150.0,20.0,0.0,1,0,1,0,1,-44.28309619911366,-44.28309619911366,49.2988366595271,699.9999999999942
random-s0-0092,visibility,cycle,150.0,100.0,0.0,1,0,2,1,1,-107.16649981364704,-41.32793434740799,-107.16649981364704,920.0
random-s0-0092,visibility,event,0.0,20.0,0.0,1,0,2,2,0,-66.25076946199817,65.4972423212617,-66.25076946199817,559.9999999999885
random-s0-0092,visibility,event,0.0,100.0,0.0,1,0,2,2,0,-61.190863401453385,39.90242774595168,-61.190863401453385,60.0
random-s0-0092,visibility,event,50.0,20.0,0.0,1,0,2,2,0,-125.90321701017636,79.40385191439765,-125.90321701017636,279.99999999999903
random-s0-0092,visibility,event,50.0,100.0,0.0,1,0,2,2,0,-131.86120126000142,48.0682165217319,-131.86120126000142,279.99999999999994
random-s0-0092,visibility,event,150.0,20.0,0.0,1,0,1,1,0,-104.80477516655516,79.49744802797835,-104.80477516655516,160.0
random-s0-0092,visibility,event,150.0,100.0,0.0,1,0,1,1,0,-107.16649981364704,0.0780697991053216,-107.16649981364704,220.0
random-s0-0093,voronoi,once,0.0,20.0,0.0,1,0,6,4,2,-167.48691948283067,-153.88486762023754,-167.48691948283067,860.0000000000005
random-s0-0093,voronoi,cycle,0.0,20.0,0.0,1,0,2,2,0,-133.12165527858818,4.573172687045371,-133.12165527858818,540.0000000000001
random-s0-0093,voronoi,cycle,0.0,100.0,0.0,1,0,1,1,0,-18.33824076147488,45.14836446294368,-18.33824076147488,20.0
random-s0-0093,voronoi,cycle,50.0,20.0,0.0,1,0,1,1,0,-133.12165527858818,327.3916881287569,-133.12165527858818,279.99999999999994
random-s0-0093,voronoi,cycle,50.0,100.0,0.0,1,0,1,1,0,-133.12165527858832,104.58312005265634,-133.12165527858832,420.0000000000001
random-s0-0093,voronoi,cycle,150.0,20.0,0.0,1,0,1,1,0,-133.12165527858818,5.449829541313875,-133.12165527858818,420.0000000000001
random-s0-0093,voronoi,cycle,150.0,100.0,0.0,1,0,3,3,0,-133.12165527858832,137.02806874977074,-133.12165527858832,980.0000000000006
random-s0-0093,voronoi,event,0.0,20.0,0.0,1,0,1,1,0,-18.33824076147556,21.294569299373933,-18.33824076147556,20.0
random-s0-0093,voronoi,event,0.0,100.0,0.0,1,0,2,1,1,-133.12165527858832,-40.33346133165543,-133.12165527858832,279.99999999999994
random-s0-0093,voronoi,event,50.0,20.0,0.0,1,0,1,1,0,-133.12165527858818,66.55814705305164,-133.12165527858818,420.0000000000001
random-s0-0093,voronoi,event,50.0,100.0,0.0,1,0,1,1,0,-133.12165527858832,5.009216516029795,-133.12165527858832,420.0000000000001
random-s0-0093,voronoi,event,150.0,20.0,0.0,1,0,3,3,0,-153.55896045376716,293.087799141455,-153.55896045376716,1439.9999999999784
random-s0-0093,voronoi,event,150.0,100.0,0.0,1,0,1,1,0,-133.12165527858832,36.24905773977389,-133.12165527858832,420.0000000000001
random-s0-0093,prm,once,0.0,20.0,0.0,1,0,4,2,2,-153.88486762023754,-153.88486762023754,-133.12165527858818,660.0000000000002
random-s0-0093,prm,cycle,0.0,20.0,0.0,1,0,1,1,0,-53.48552414814877,4.13401609549652,-53.48552414814877,60.0
random-s0-0093,prm,cycle,0.0,100.0,0.0,1,0,1,0,1,-154.22890300901304,-154.22890300901304,63.768010724294015,60.0
random-s0-0093,prm,cycle,50.0,20.0,0.0,1,0,0,0,0,64.80437340018617,64.80437340018617,159.93496436818623,0.0
random-s0-0093,prm,cycle,50.0,100.0,0.0,1,0,1,0,1,-94.96598224870516,-94.96598224870516,159.93496436818623,159.9999999999999
random-s0-0093,prm,cycle,150.0,20.0,0.0,1,0,2,2,0,-169.46719309400532,258.6616936735245,-169.46719309400532,680.0000000000002
random-s0-0093,prm,cycle,150.0,100.0,0.0,1,0,3,3,0,-169.46719309400527,225.6194532303722,-169.46719309400527,760.0000000000002
random-s0-0093,prm,event,0.0,20.0,0.0,1,0,0,0,0,11.091551226744286,11.091551226744286,62.65821188954615,0.0
random-s0-0093,prm,event,0.0,100.0,0.0,1,0,2,1,1,-154.22890300901304,-154.22890300901304,-133.12165527858832,480.00000000000017
random-s0-0093,prm,event,50.0,20.0,0.0,1,0,2,2,0,-133.12165527858818,9.772968947474482,-133.12165527858818,479.9999999999988
random-s0-0093,prm,event,50.0,100.0,0.0,1,0,1,1,0,-110.57958611538464,13.613251413785946,-110.57958611538464,140.0
random-s0-0093,prm,event,150.0,20.0,0.0,1,0,3,3,0,-169.46719309400532,22.04684560341866,-169.46719309400532,1100.0000000000005
random-s0-0093,prm,event,150.0,100.0,0.0,1,0,3,3,0,-169.46719309400527,88.87108356105313,-169.46719309400527,1100.0000000000005
random-s0-0093,visibility,once,0.0,20.0,0.0,1,0,5,3,2,-153.88486762023754,-153.88486762023754,-133.12165527858818,680.0000000000002
random-s0-0093,visibility,cycle,0.0,20.0,0.0,1,0,1,1,0,-102.78192863971552,0.3077485108579481,-102.78192863971552,259.99999999999983
random-s0-0093,visibility,cycle,0.0,100.0,0.0,1,0,3,1,2,-133.12165527858832,-34.12956136643106,-133.12165527858832,600.0000000000002
random-s0-0093,visibility,cycle,50.0,20.0,0.0,1,0,1,0,1,-39.48578183031947,-39.48578183031947,83.54192236625465,20.0
random-s0-0093,visibility,cycle,50.0,100.0,0.0,1,0,0,0,0,14.900401129981134,14.900401129981134,52.50059824382544,0.0
random-s0-0093,visibility,cycle,150.0,20.0,0.0,1,0,3,2,1,-169.46719309400532,-11.358294030260623,-169.46719309400532,740.0000000000003
random-s0-0093,visibility,cycle,150.0,100.0,0.0,1,0,3,2,1,-169.46719309400527,-11.260663534874595,-169.46719309400527,740.0000000000002
random-s0-0093,visibility,event,0.0,20.0,0.0,1,0,2,1,1,-133.12165527858818,-13.22730285386703,-133.12165527858818,480.00000000000017
random-s0-0093,visibility,event,0.0,100.0,0.0,1,0,3,1,2,-133.12165527858832,-31.320529318829387,-133.12165527858832,520.0000000000001
random-s0-0093,visibility,event,50.0,20.0,0.0,1,0,0,0,0,3.740430751933644,3.740430751933644,82.44870589179561,0.0
random-s0-0093,visibility,event,50.0,100.0,0.0,1,0,1,1,0,-50.971467537729865,137.03305956028987,-50.971467537729865,60.0
random-s0-0093,visibility,event,150.0,20.0,0.0,1,0,4,3,1,-169.46719309400532,-7.449631135517421,-169.46719309400532,1120.0000000000005
random-s0-0093,visibility,event,150.0,100.0,0.0,1,0,4,3,1,-169.46719309400527,-16.407102402132807,-169.46719309400527,1160.000000000001
random-s0-0094,voronoi,once,0.0,20.0,0.0,1,0,5,3,2,-62.619035878198176,-62.619035878198176,-54.29960033978104,340.0
random-s0-0094,voronoi,cycle,0.0,20.0,0.0,1,0,1,1,0,-7.827899417508121,19.70944490579077,-7.827899417508121,80.0
random-s0-0094,voronoi,cycle,0.0,100.0,0.0,1,0,2,1,1,-20.1441059749034,-20.1441059749034,-14.657339675042351,60.0
random-s0-0094,voronoi,cycle,50.0,20.0,0.0,1,0,0,0,0,107.48527182217413,107.48527182217413,132.77031441796908,0.0
random-s0-0094,voronoi,cycle,50.0,100.0,0.0,1,0,1,0,1,-26.180368746703778,-26.180368746703778,132.77031441796913,60.0
random-s0-0094,voronoi,cycle,150.0,20.0,0.0,1,0,1,1,0,-0.7304850077086087,127.60249642964816,-0.7304850077086087,0.0
random-s0-0094,voronoi,cycle,150.0,100.0,0.0,1,0,1,0,1,-77.70048531505337,-77.70048531505337,14.949492920008908,240.0
random-s0-0094,voronoi,event,0.0,20.0,0.0,1,0,3,2,1,-83.61781599860292,-20.1441059749034,-83.61781599860292,700.0000000000003
random-s0-0094,voronoi,event,0.0,100.0,0.0,1,0,2,1,1,-20.1441059749034,-20.1441059749034,-14.657339675042351,60.0
random-s0-0094,voronoi,event,50.0,20.0,0.0,1,0,0,0,0,80.3044606849815,185.87472451580737,80.3044606849815,0.0
random-s0-0094,voronoi,event,50.0,100.0,0.0,1,0,3,2,1,-79.8296297120163,-26.180368746703778,-79.8296297120163,680.0000000000002
random-s0-0094,voronoi,event,150.0,20.0,0.0,1,0,0,0,0,92.8713316682294,163.84433783070864,92.8713316682294,0.0
random-s0-0094,voronoi,event,150.0,100.0,0.0,1,0,2,1,1,-77.70048531505337,-77.70048531505337,-37.2218961662928,340.0
random-s0-0094,prm,once,0.0,20.0,0.0,1,0,2,2,0,-46.9030932667483,169.36219692497974,-46.9030932667483,200.0
random-s0-0094,prm,cycle,0.0,20.0,0.0,1,0,1,0,1,-128.09758499540456,-128.09758499540456,1.9115856390710635,79.99999999999999
random-s0-0094,prm,cycle,0.0,100.0,0.0,1,0,1,1,0,-6.010081406251317,169.36219692497974,-6.010081406251317,20.0
random-s0-0094,prm,cycle,50.0,20.0,0.0,1,0,0,0,0,32.81392471653234,32.81392471653234,57.23059874826939,0.0
random-s0-0094,prm,cycle,50.0,100.0,0.0,1,0,0,0,0,25.6222777801093,169.36219692497974,25.6222777801093,0.0
random-s0-0094,prm,cycle,150.0,20.0,0.0,1,0,1,1,0,-12.306221192019052,169.36219692497974,-12.306221192019052,140.0
random-s0-0094,prm,cycle,150.0,100.0,0.0,1,0,1,1,0,-12.933358209850551,169.36219692497974,-12.933358209850551,160.0
random-s0-0094,prm,event,0.0,20.0,0.0,1,0,1,1,0,-5.354929613220179,169.36219692497974,-5.354929613220179,0.0
random-s0-0094,prm,event,0.0,100.0,0.0,1,0,2,2,0,-12.933358209850551,169.36219692497974,-12.933358209850551,80.0
random-s0-0094,prm,event,50.0,20.0,0.0,1,0,1,1,0,-5.354929613220179,169.36219692497974,-5.354929613220179,0.0
random-s0-0094,prm,event,50.0,100.0,0.0,1,0,1,1,0,-12.933358209850551,169.36219692497974,-12.933358209850551,60.0
random-s0-0094,prm,event,150.0,20.0,0.0,1,0,1,1,0,-12.306221192019052,97.396155588334,-12.306221192019052,140.0
random-s0-0094,prm,event,150.0,100.0,0.0,1,0,1,1,0,-12.933358209850551,169.36219692497974,-12.933358209850551,160.0
random-s0-0094,visibility,once,0.0,20.0,0.0,1,0,3,2,1,-87.21868150738393,-87.21868150738393,-46.9030932667483,160.0
random-s0-0094,visibility,cycle,0.0,20.0,0.0,1,0,1,1,0,-158.9756754443166,46.98914889045304,-158.9756754443166,360.00000000000006
random-s0-0094,visibility,cycle,0.0,100.0,0.0,1,0,2,1,1,-151.55635233555196,-87.21868150738393,-151.55635233555196,359.99999999999966
random-s0-0094,visibility,cycle,50.0,20.0,0.0,1,0,3,2,1,-168.04788843109344,-86.61791595128712,-168.04788843109344,420.00000000000006
random-s0-0094,visibility,cycle,50.0,100.0,0.0,1,0,3,2,1,-162.02164432253124,-86.61791595128712,-162.02164432253124,459.99999999999983
random-s0-0094,visibility,cycle,150.0,20.0,0.0,1,0,3,2,1,-128.38713509750883,-79.90036991423158,-128.38713509750883,480.00000000000017
random-s0-0094,visibility,cycle,150.0,100.0,0.0,1,0,4,2,2,-151.53525149376657,-111.9605832443645,-151.53525149376657,580.0000000000001
random-s0-0094,visibility,event,0.0,20.0,0.0,1,0,1,1,0,-159.35913245343528,46.98914889045304,-159.35913245343528,340.0
random-s0-0094,visibility,event,0.0,100.0,0.0,1,0,2,1,1,-151.55635233555196,-87.21868150738393,-151.55635233555196,359.99999999999966
random-s0-0094,visibility,event,50.0,20.0,0.0,1,0,3,2,1,-160.2728936316966,-86.61791595128712,-160.2728936316966,420.00000000000006
random-s0-0094,visibility,event,50.0,100.0,0.0,1,0,3,2,1,-162.02164432253124,-86.61791595128712,-162.02164432253124,379.9999999999998
random-s0-0094,visibility,event,150.0,20.0,0.0,1,0,2,1,1,-79.90036991423158,-79.90036991423158,-13.022510908807789,220.0
random-s0-0094,visibility,event,150.0,100.0,0.0,1,0,3,2,1,-151.53525149376657,-79.90036991423158,-151.53525149376657,460.0
random-s0-0095,voronoi,once,0.0,20.0,0.0,1,0,1,0,1,-138.72995826964967,-138.72995826964967,145.93930092772558,60.0
random-s0-0095,voronoi,cycle,0.0,20.0,0.0,1,0,1,0,1,-12.1596955584601,-12.1596955584601,145.93930092772558,20.0
random-s0-0095,voronoi,cycle,0.0,100.0,0.0,1,0,1,0,1,-138.72995826964933,-138.72995826964933,145.93930092772558,179.9999999999998
random-s0-0095,voronoi,cycle,50.0,20.0,0.0,1,0,0,0,0,145.8397194637023,145.8397194637023,145.93930092772558,0.0
random-s0-0095,voronoi,cycle,50.0,100.0,0.0,1,0,0,0,0,125.59521018099724,125.59521018099724,145.93930092772558,0.0
random-s0-0095,voronoi,cycle,150.0,20.0,0.0,1,0,0,0,0,145.93930092772558,339.375274627419,145.93930092772558,0.0
random-s0-0095,voronoi,cycle,150.0,100.0,0.0,1,0,0,0,0,145.93930092772558,380.153114682492,145.93930092772558,0.0
random-s0-0095,voronoi,event,0.0,20.0,0.0,1,0,1,0,1,-11.985881178892612,-11.985881178892612,145.93930092772558,20.0
random-s0-0095,voronoi,event,0.0,100.0,0.0,1,0,1,0,1,-138.72995826964933,-138.72995826964933,145.93930092772558,179.9999999999998
random-s0-0095,voronoi,event,50.0,20.0,0.0,1,0,0,0,0,145.8397194637023,145.8397194637023,145.93930092772558,0.0
random-s0-0095,voronoi,event,50.0,100.0,0.0,1,0,0,0,0,125.59521018099724,125.59521018099724,145.93930092772558,0.0
random-s0-0095,voronoi,event,150.0,20.0,0.0,1,0,0,0,0,136.55204382482447,209.05169358819927,136.55204382482447,0.0
random-s0-0095,voronoi,event,150.0,100.0,0.0,1,0,0,0,0,145.93930092772558,465.9157121312861,145.93930092772558,0.0
random-s0-0095,prm,once,0.0,20.0,0.0,1,0,1,0,1,-138.72995826964967,-138.72995826964967,145.93930092772558,60.0
random-s0-0095,prm,cycle,0.0,20.0,0.0,1,0,0,0,0,14.990427017722766,14.990427017722766,145.93930092772558,0.0
random-s0-0095,prm,cycle,0.0,100.0,0.0,1,0,1,0,1,-138.72995826964933,-138.72995826964933,145.93930092772558,59.99999999999992
random-s0-0095,prm,cycle,50.0,20.0,0.0,1,0,0,0,0,145.93930092772558,369.6668109649192,145.93930092772558,0.0
random-s0-0095,prm,cycle,50.0,100.0,0.0,1,0,0,0,0,145.93930092772558,399.3736897546413,145.93930092772558,0.0
random-s0-0095,prm,cycle,150.0,20.0,0.0,1,0,0,0,0,149.99960440574432,670.7044940461359,149.99960440574432,0.0
random-s0-0095,prm,cycle,150.0,100.0,0.0,1,0,0,0,0,102.21892061133826,102.21892061133826,145.93930092772558,0.0
random-s0-0095,prm,event,0.0,20.0,0.0,1,0,0,0,0,14.990427017722766,14.990427017722766,145.93930092772558,0.0
random-s0-0095,prm,event,0.0,100.0,0.0,1,0,1,0,1,-138.72995826964933,-138.72995826964933,145.93930092772558,59.99999999999992
random-s0-0095,prm,event,50.0,20.0,0.0,1,0,0,0,0,145.93930092772558,397.43715847416456,145.93930092772558,0.0
random-s0-0095,prm,event,50.0,100.0,0.0,1,0,0,0,0,145.93930092772558,399.3736897546413,145.93930092772558,0.0
random-s0-0095,prm,event,150.0,20.0,0.0,1,0,0,0,0,158.53898809252502,670.7044940461359,158.53898809252502,0.0
random-s0-0095,prm,event,150.0,100.0,0.0,1,0,0,0,0,92.90758806393228,92.90758806393228,145.93930092772558,0.0
random-s0-0095,visibility,once,0.0,20.0,0.0,1,0,1,0,1,-138.72995826964967,-138.72995826964967,145.93930092772558,60.0
random-s0-0095,visibility,cycle,0.0,20.0,0.0,1,0,1,0,1,-75.14707184309815,-75.14707184309815,145.93930092772558,59.99999999999997
random-s0-0095,visibility,cycle,0.0,100.0,0.0,1,0,1,0,1,-138.72995826964933,-138.72995826964933,145.93930092772558,59.99999999999992
random-s0-0095,visibility,cycle,50.0,20.0,0.0,1,0,0,0,0,145.93930092772558,212.28140946750256,145.93930092772558,0.0
random-s0-0095,visibility,cycle,50.0,100.0,0.0,1,0,1,0,1,-125.11697827995074,-125.11697827995074,145.93930092772558,59.99999999999992
random-s0-0095,visibility,cycle,150.0,20.0,0.0,1,0,0,0,0,145.93930092772558,461.332606373929,145.93930092772558,0.0
random-s0-0095,visibility,cycle,150.0,100.0,0.0,1,0,1,0,1,-90.1603463481039,-90.1603463481039,145.93930092772558,39.99999999999991
random-s0-0095,visibility,event,0.0,20.0,0.0,1,0,1,0,1,-75.14707184309815,-75.14707184309815,145.93930092772558,59.99999999999997
random-s0-0095,visibility,event,0.0,100.0,0.0,1,0,1,0,1,-138.72995826964933,-138.72995826964933,145.93930092772558,59.99999999999992
random-s0-0095,visibility,event,50.0,20.0,0.0,1,0,0,0,0,145.93930092772558,227.4575218239572,145.93930092772558,0.0
random-s0-0095,visibility,event,50.0,100.0,0.0,1,0,1,0,1,-125.11697827995074,-125.11697827995074,145.93930092772558,59.99999999999992
random-s0-0095,visibility,event,150.0,20.0,0.0,1,0,1,0,1,-54.76246519691245,-54.76246519691245,145.93930092772558,40.0
random-s0-0095,visibility,event,150.0,100.0,0.0,1,0,1,0,1,-90.1603463481039,-90.1603463481039,145.93930092772558,39.99999999999991
random-s0-0096,voronoi,once,0.0,20.0,0.0,1,0,3,2,1,-97.45761337260195,-15.769799158691823,-97.45761337260195,100.0
random-s0-0096,voronoi,cycle,0.0,20.0,0.0,1,0,1,1,0,-8.988301993282136,98.39691341493642,-8.988301993282136,120.0
random-s0-0096,voronoi,cycle,0.0,100.0,0.0,1,0,1,1,0,-39.678167520808415,282.0107144113701,-39.678167520808415,179.9999999999999
random-s0-0096,voronoi,cycle,50.0,20.0,0.0,1,0,0,0,0,124.03321249040728,282.0107144113701,124.03321249040728,0.0
random-s0-0096,voronoi,cycle,50.0,100.0,0.0,1,0,1,1,0,-80.59604443006037,170.01222549372255,-80.59604443006037,339.9999999999999
random-s0-0096,voronoi,cycle,150.0,20.0,0.0,1,0,0,0,0,219.76256489389365,371.3222550234989,219.76256489389365,0.0
random-s0-0096,voronoi,cycle,150.0,100.0,0.0,1,0,0,0,0,219.76256489389365,360.3618771789984,219.76256489389365,0.0
random-s0-0096,voronoi,event,0.0,20.0,0.0,1,0,1,1,0,-8.638605567310009,93.96908839737956,-8.638605567310009,120.0
random-s0-0096,voronoi,event,0.0,100.0,0.0,1,0,1,1,0,-39.678167520808415,282.0107144113701,-39.678167520808415,179.9999999999999
random-s0-0096,voronoi,event,50.0,20.0,0.0,1,0,0,0,0,89.22834553622334,282.0107144113701,89.22834553622334,0.0
random-s0-0096,voronoi,event,50.0,100.0,0.0,1,0,1,1,0,-80.39396207834623,136.80859237674656,-80.39396207834623,339.9999999999999
random-s0-0096,voronoi,event,150.0,20.0,0.0,1,0,1,1,0,-156.23432047987583,161.02243833081752,-156.23432047987583,379.9999999999919
random-s0-0096,voronoi,event,150.0,100.0,0.0,1,0,0,0,0,219.76256489389365,360.2041032028162,219.76256489389365,0.0
random-s0-0096,prm,once,0.0,20.0,0.0,1,0,3,2,1,-97.45761337260195,-15.769799158691823,-97.45761337260195,100.0
random-s0-0096,prm,cycle,0.0,20.0,0.0,1,0,1,1,0,-16.423329401458687,197.62121100395217,-16.423329401458687,600.0000000000002
random-s0-0096,prm,cycle,0.0,100.0,0.0,1,0,1,1,0,-61.45519804788768,175.40468439221183,-61.45519804788768,99.99999999999991
random-s0-0096,prm,cycle,50.0,20.0,0.0,1,0,1,1,0,-123.36264489076468,243.4841066872234,-123.36264489076468,360.00000000000006
random-s0-0096,prm,cycle,50.0,100.0,0.0,1,0,1,1,0,-41.76887892289275,282.0107144113701,-41.76887892289275,520.0
random-s0-0096,prm,cycle,150.0,20.0,0.0,1,0,0,0,0,219.76256489389365,321.12456970927764,219.76256489389365,0.0
random-s0-0096,prm,cycle,150.0,100.0,0.0,1,0,0,0,0,91.2734137561149,277.37545263636827,91.2734137561149,0.0
random-s0-0096,prm,event,0.0,20.0,0.0,1,0,1,1,0,-16.423329401458687,215.62085155893035,-16.423329401458687,600.0000000000002
random-s0-0096,prm,event,0.0,100.0,0.0,1,0,1,1,0,-61.45519804788768,213.3189745920822,-61.45519804788768,99.99999999999991
random-s0-0096,prm,event,50.0,20.0,0.0,1,0,0,0,0,82.16998371376445,170.98705110886152,82.16998371376445,0.0
random-s0-0096,prm,event,50.0,100.0,0.0,1,0,1,1,0,-41.76887892289275,207.871184250528,-41.76887892289275,520.0
random-s0-0096,prm,event,150.0,20.0,0.0,1,0,0,0,0,123.7009046615841,321.12456970927764,123.7009046615841,0.0
random-s0-0096,prm,event,150.0,100.0,0.0,1,0,0,0,0,83.19601360211993,298.30129190204724,83.19601360211993,0.0
random-s0-0096,visibility,once,0.0,20.0,0.0,1,0,3,2,1,-97.45761337260195,-15.769799158691823,-97.45761337260195,100.0
random-s0-0096,visibility,cycle,0.0,20.0,0.0,1,0,0,0,0,4.151894882243937,148.25273288286814,4.151894882243937,0.0
random-s0-0096,visibility,cycle,0.0,100.0,0.0,1,0,1,1,0,-61.45519804788768,188.44646889272772,-61.45519804788768,99.99999999999991
random-s0-0096,visibility,cycle,50.0,20.0,0.0,1,0,0,0,0,116.31612469053374,177.9901801719186,116.31612469053374,0.0
random-s0-0096,visibility,cycle,50.0,100.0,0.0,1,0,0,0,0,103.13127197502251,103.13127197502251,129.5586348749195,0.0
random-s0-0096,visibility,cycle,150.0,20.0,0.0,1,0,0,0,0,187.48918422516076,187.48918422516076,204.66631723080965,0.0
random-s0-0096,visibility,cycle,150.0,100.0,0.0,1,0,0,0,0,195.52195426877392,244.09316683032444,195.52195426877392,0.0
random-s0-0096,visibility,event,0.0,20.0,0.0,1,0,0,0,0,4.36563817226218,142.18618207278695,4.36563817226218,0.0
random-s0-0096,visibility,event,0.0,100.0,0.0,1,0,1,1,0,-61.45519804788768,183.5001877754343,-61.45519804788768,99.99999999999991
random-s0-0096,visibility,event,50.0,20.0,0.0,1,0,0,0,0,25.263986508216675,25.263986508216675,80.6760227333599,0.0
random-s0-0096,visibility,event,50.0,100.0,0.0,1,0,0,0,0,95.02458266954204,95.02458266954204,151.06571633517234,0.0
random-s0-0096,visibility,event,150.0,20.0,0.0,1,0,0,0,0,127.99778005188448,127.99778005188448,187.96285682718707,0.0
random-s0-0096,visibility,event,150.0,100.0,0.0,1,0,0,0,0,176.41682528055998,176.41682528055998,183.2763242664685,0.0
random-s0-0097,voronoi,once,0.0,20.0,0.0,1,0,2,2,0,-150.35156070340247,24.21179738733824,-150.35156070340247,700.0000000000003
random-s0-0097,voronoi,cycle,0.0,20.0,0.0,1,0,1,1,0,-122.76941988318757,223.06718763451784,-122.76941988318757,560.0000000000001
random-s0-0097,voronoi,cycle,0.0,100.0,0.0,1,0,1,1,0,-99.21245544522768,57.90387216638371,-99.21245544522768,480.0
random-s0-0097,voronoi,cycle,50.0,20.0,0.0,1,0,0,0,0,11.53748248196419,223.06718763451784,11.53748248196419,0.0
random-s0-0097,voronoi,cycle,50.0,100.0,0.0,1,0,1,1,0,-60.17432457311246,52.32991083783264,-60.17432457311246,379.9999999999999
random-s0-0097,voronoi,cycle,150.0,20.0,0.0,1,0,0,0,0,9.53244621420535,84.65650682754836,9.53244621420535,0.0
random-s0-0097,voronoi,cycle,150.0,100.0,0.0,1,0,1,1,0,-26.01587796069217,16.116952728952782,-26.01587796069217,279.99999999999994
random-s0-0097,voronoi,event,0.0,20.0,0.0,1,0,2,1,1,-114.6465328026928,-18.5111351187644,-114.6465328026928,560.0000000000001
random-s0-0097,voronoi,event,0.0,100.0,0.0,1,0,1,1,0,-99.21245544522768,57.90387216638371,-99.21245544522768,480.0
random-s0-0097,voronoi,event,50.0,20.0,0.0,1,0,1,1,0,-86.05368594118175,223.06718763451784,-86.05368594118175,460.0000000000001
random-s0-0097,voronoi,event,50.0,100.0,0.0,1,0,1,1,0,-114.28733232442156,52.32991083783264,-114.28733232442156,539.9999999999999
random-s0-0097,voronoi,event,150.0,20.0,0.0,1,0,0,0,0,21.23084914114293,112.50954838104866,21.23084914114293,0.0
random-s0-0097,voronoi,event,150.0,100.0,0.0,1,0,0,0,0,2.949952071072829,2.949952071072829,7.727193607241617,0.0
random-s0-0097,prm,once,0.0,20.0,0.0,1,0,1,1,0,-150.35156070340247,57.90387216638371,-150.35156070340247,400.00000000000006
random-s0-0097,prm,cycle,0.0,20.0,0.0,1,0,1,1,0,-153.67504137691782,141.31443056243762,-153.67504137691782,380.00000000000006
random-s0-0097,prm,cycle,0.0,100.0,0.0,1,0,2,1,1,-155.47733103946572,-80.87639857141899,-155.47733103946572,519.9999999999998
random-s0-0097,prm,cycle,50.0,20.0,0.0,1,0,1,1,0,-142.2717970020764,223.06718763451784,-142.2717970020764,360.00000000000006
random-s0-0097,prm,cycle,50.0,100.0,0.0,1,0,1,1,0,-136.1036826887431,57.90387216638371,-136.1036826887431,379.99999999999983
random-s0-0097,prm,cycle,150.0,20.0,0.0,1,0,1,1,0,-143.0430603438847,0.4251252030801993,-143.0430603438847,380.00000000000006
random-s0-0097,prm,cycle,150.0,100.0,0.0,1,0,1,1,0,-150.35156070340258,57.90387216638371,-150.35156070340258,399.99999999999983
random-s0-0097,prm,event,0.0,20.0,0.0,1,0,1,1,0,-161.73909976189117,141.31443056243762,-161.73909976189117,380.00000000000006
random-s0-0097,prm,event,0.0,100.0,0.0,1,0,1,1,0,-155.47733103946572,57.90387216638371,-155.47733103946572,359.99999999999983
random-s0-0097,prm,event,50.0,20.0,0.0,1,0,1,1,0,-170.16807531294086,223.06718763451784,-170.16807531294086,360.00000000000006
random-s0-0097,prm,event,50.0,100.0,0.0,1,0,1,1,0,-136.1036826887431,57.90387216638371,-136.1036826887431,379.99999999999983
random-s0-0097,prm,event,150.0,20.0,0.0,1,0,1,1,0,-145.1167098584574,57.90387216638371,-145.1167098584574,380.00000000000006
random-s0-0097,prm,event,150.0,100.0,0.0,1,0,1,1,0,-150.35156070340258,57.90387216638371,-150.35156070340258,399.99999999999983
random-s0-0097,visibility,once,0.0,20.0,0.0,1,0,2,2,0,-150.35156070340247,57.90387216638371,-150.35156070340247,580.0000000000002
random-s0-0097,visibility,cycle,0.0,20.0,0.0,1,0,1,1,0,-152.200717193956,223.06718763451784,-152.200717193956,380.00000000000006
random-s0-0097,visibility,cycle,0.0,100.0,0.0,1,0,2,2,0,-151.4008353824442,57.90387216638371,-151.4008353824442,399.99999999999983
random-s0-0097,visibility,cycle,50.0,20.0,0.0,1,0,1,1,0,-154.06958487445388,223.06718763451784,-154.06958487445388,380.00000000000006
random-s0-0097,visibility,cycle,50.0,100.0,0.0,1,0,1,1,0,-155.04683118326864,57.90387216638371,-155.04683118326864,379.99999999999983
random-s0-0097,visibility,cycle,150.0,20.0,0.0,1,0,1,1,0,-150.35156070340247,57.90387216638371,-150.35156070340247,400.00000000000006
random-s0-0097,visibility,cycle,150.0,100.0,0.0,1,0,2,2,0,-150.35156070340258,57.90387216638371,-150.35156070340258,500.0
random-s0-0097,visibility,event,0.0,20.0,0.0,1,0,2,2,0,-151.885073411529,223.06718763451784,-151.885073411529,420.0000000000001
random-s0-0097,visibility,event,0.0,100.0,0.0,1,0,2,2,0,-151.4008353824442,57.90387216638371,-151.4008353824442,419.9999999999999
random-s0-0097,visibility,event,50.0,20.0,0.0,1,0,2,2,0,-154.51093439929147,223.06718763451784,-154.51093439929147,560.0000000000001
random-s0-0097,visibility,event,50.0,100.0,0.0,1,0,2,2,0,-155.04683118326864,57.90387216638371,-155.04683118326864,480.0
random-s0-0097,visibility,event,150.0,20.0,0.0,1,0,3,3,0,-166.48410234216098,49.604251554447245,-166.48410234216098,700.0000000000003
random-s0-0097,visibility,event,150.0,100.0,0.0,1,0,1,1,0,-150.35156070340258,57.90387216638371,-150.35156070340258,399.99999999999983
random-s0-0098,voronoi,once,0.0,20.0,0.0,1,0,6,5,1,-166.45122695388395,-101.0768232474264,-166.45122695388395,1300.000000000001
random-s0-0098,voronoi,cycle,0.0,20.0,0.0,1,0,2,2,0,-83.4760368697201,528.6376823537407,-83.4760368697201,460.0000000000001
random-s0-0098,voronoi,cycle,0.0,100.0,0.0,1,0,3,3,0,-83.47603686972018,125.02988175014416,-83.47603686972018,440.0000000000001
random-s0-0098,voronoi,cycle,50.0,20.0,0.0,1,0,1,1,0,-83.4760368697201,560.2211295204683,-83.4760368697201,380.00000000000006
random-s0-0098,voronoi,cycle,50.0,100.0,0.0,1,0,1,1,0,-83.47603686972018,633.7117595898832,-83.47603686972018,380.00000000000006
random-s0-0098,voronoi,cycle,150.0,20.0,0.0,1,0,1,1,0,-81.15995187560011,695.9312598558142,-81.15995187560011,380.00000000000006
random-s0-0098,voronoi,cycle,150.0,100.0,0.0,1,0,1,1,0,-78.23619209656844,204.59905227986823,-78.23619209656844,380.00000000000006
random-s0-0098,voronoi,event,0.0,20.0,0.0,1,0,2,2,0,-83.4760368697201,84.74784140252711,-83.4760368697201,640.0000000000002
random-s0-0098,voronoi,event,0.0,100.0,0.0,1,0,3,3,0,-83.47603686972018,9.63512508487156,-83.47603686972018,440.0000000000001
random-s0-0098,voronoi,event,50.0,20.0,0.0,1,0,1,1,0,-83.4760368697201,686.1795218149874,-83.4760368697201,380.00000000000006
random-s0-0098,voronoi,event,50.0,100.0,0.0,1,0,1,1,0,-83.47603686972018,638.2906653630887,-83.47603686972018,380.00000000000006
random-s0-0098,voronoi,event,150.0,20.0,0.0,1,0,1,1,0,-81.16410482987902,694.5369110631547,-81.16410482987902,380.00000000000006
random-s0-0098,voronoi,event,150.0,100.0,0.0,1,0,1,1,0,-78.23619209656844,215.8461934307512,-78.23619209656844,380.00000000000006
random-s0-0098,prm,once,0.0,20.0,0.0,1,0,5,4,1,-166.45122695388395,-101.0768232474264,-166.45122695388395,940.0000000000005
random-s0-0098,prm,cycle,0.0,20.0,0.0,1,0,1,1,0,-83.4760368697201,82.69337532545052,-83.4760368697201,380.00000000000006
random-s0-0098,prm,cycle,0.0,100.0,0.0,1,0,3,3,0,-83.47603686972018,122.3061455975656,-83.47603686972018,900.0000000000005
random-s0-0098,prm,cycle,50.0,20.0,0.0,1,0,1,1,0,-83.4760368697201,202.87066300006904,-83.4760368697201,380.00000000000006
random-s0-0098,prm,cycle,50.0,100.0,0.0,1,0,1,1,0,-83.47603686972018,322.4870327309447,-83.47603686972018,380.00000000000006
random-s0-0098,prm,cycle,150.0,20.0,0.0,1,0,1,1,0,-81.7078908823798,141.98980966155312,-81.7078908823798,380.00000000000006
random-s0-0098,prm,cycle,150.0,100.0,0.0,1,0,1,1,0,-73.40232496986259,175.4148461263054,-73.40232496986259,360.00000000000006
random-s0-0098,prm,event,0.0,20.0,0.0,1,0,1,1,0,-83.4760368697201,82.69337532545052,-83.4760368697201,380.00000000000006
random-s0-0098,prm,event,0.0,100.0,0.0,1,0,3,3,0,-83.47603686972018,122.3061455975656,-83.47603686972018,900.0000000000005
random-s0-0098,prm,event,50.0,20.0,0.0,1,0,2,2,0,-83.4760368697201,585.821557517934,-83.4760368697201,760.0000000000003
random-s0-0098,prm,event,50.0,100.0,0.0,1,0,1,1,0,-83.47603686972018,420.2664181206698,-83.47603686972018,380.00000000000006
random-s0-0098,prm,event,150.0,20.0,0.0,1,0,2,2,0,-166.45122695388395,483.7114632903992,-166.45122695388395,600.0000000000002
random-s0-0098,prm,event,150.0,100.0,0.0,1,0,3,3,0,-166.4512269538837,480.5906891831713,-166.4512269538837,640.0000000000002
random-s0-0098,visibility,once,0.0,20.0,0.0,1,0,4,3,1,-166.45122695388395,-101.0768232474264,-166.45122695388395,920.0000000000005
random-s0-0098,visibility,cycle,0.0,20.0,0.0,1,0,3,3,0,-86.33333092933802,37.01989981702053,-86.33333092933802,820.0000000000003
random-s0-0098,visibility,cycle,0.0,100.0,0.0,1,0,3,3,0,-95.43811087734348,54.48455551715964,-95.43811087734348,840.0000000000005
random-s0-0098,visibility,cycle,50.0,20.0,0.0,1,0,3,3,0,-83.4760368697201,48.06860878136652,-83.4760368697201,800.0000000000003
random-s0-0098,visibility,cycle,50.0,100.0,0.0,1,0,2,2,0,-83.47603686972018,46.54272074085887,-83.47603686972018,640.0000000000002
random-s0-0098,visibility,cycle,150.0,20.0,0.0,1,0,2,2,0,-82.9264207301875,180.2697069492503,-82.9264207301875,600.0000000000002
random-s0-0098,visibility,cycle,150.0,100.0,0.0,1,0,2,2,0,-82.72075935633846,201.13770404402413,-82.72075935633846,580.0000000000002
random-s0-0098,visibility,event,0.0,20.0,0.0,1,0,3,3,0,-87.16604432919621,37.385232389101446,-87.16604432919621,820.0000000000003
random-s0-0098,visibility,event,0.0,100.0,0.0,1,0,3,3,0,-95.43811087734348,65.15278953894656,-95.43811087734348,840.0000000000005
random-s0-0098,visibility,event,50.0,20.0,0.0,1,0,2,2,0,-83.4760368697201,62.75431446690689,-83.4760368697201,640.0000000000002
random-s0-0098,visibility,event,50.0,100.0,0.0,1,0,2,2,0,-83.47603686972018,62.303469085559954,-83.47603686972018,640.0000000000002
random-s0-0098,visibility,event,150.0,20.0,0.0,1,0,3,3,0,-130.6308845552662,215.4880493551343,-130.6308845552662,939.999999999992
random-s0-0098,visibility,event,150.0,100.0,0.0,1,0,3,3,0,-82.94864416144159,44.17320442989049,-82.94864416144159,600.0000000000002
random-s0-0099,voronoi,once,0.0,20.0,0.0,1,0,0,0,0,56.76285570305183,345.70098604293025,56.76285570305183,0.0
random-s0-0099,voronoi,cycle,0.0,20.0,0.0,1,0,0,0,0,56.76285570305183,345.70098604293025,56.76285570305183,0.0
random-s0-0099,voronoi,cycle,0.0,100.0,0.0,1,0,0,0,0,56.76285570305183,345.70098604293025,56.76285570305183,0.0
random-s0-0099,voronoi,cycle,50.0,20.0,0.0,1,0,0,0,0,45.696992074610506,345.70098604293025,45.696992074610506,0.0
random-s0-0099,voronoi,cycle,50.0,100.0,0.0,1,0,0,0,0,2.5347285401716704,345.70098604293025,2.5347285401716704,0.0
random-s0-0099,voronoi,cycle,150.0,20.0,0.0,1,0,0,0,0,112.68281553156856,322.41603930127434,112.68281553156856,0.0
random-s0-0099,voronoi,cycle,150.0,100.0,0.0,1,0,0,0,0,50.57658150211245,276.50926186910004,50.57658150211245,0.0
random-s0-0099,voronoi,event,0.0,20.0,0.0,1,0,0,0,0,56.76285570305183,345.70098604293025,56.76285570305183,0.0
random-s0-0099,voronoi,event,0.0,100.0,0.0,1,0,0,0,0,56.76285570305183,345.70098604293025,56.76285570305183,0.0
random-s0-0099,voronoi,event,50.0,20.0,0.0,1,0,0,0,0,40.15091249647253,345.70098604293025,40.15091249647253,0.0
random-s0-0099,voronoi,event,50.0,100.0,0.0,1,0,0,0,0,2.5347285401716704,345.70098604293025,2.5347285401716704,0.0
random-s0-0099,voronoi,event,150.0,20.0,0.0,1,0,0,0,0,39.56842070966161,266.60684934907874,39.56842070966161,0.0
random-s0-0099,voronoi,event,150.0,100.0,0.0,1,0,0,0,0,99.56182036119829,275.3475990126112,99.56182036119829,0.0
random-s0-0099,prm,once,0.0,20.0,0.0,1,0,0,0,0,56.76285570305183,345.70098604293025,56.76285570305183,0.0
random-s0-0099,prm,cycle,0.0,20.0,0.0,1,0,0,0,0,56.76285570305183,345.70098604293025,56.76285570305183,0.0
random-s0-0099,prm,cycle,0.0,100.0,0.0,1,0,0,0,0,56.76285570305183,345.70098604293025,56.76285570305183,0.0
random-s0-0099,prm,cycle,50.0,20.0,0.0,1,0,0,0,0,56.645300894957984,345.70098604293025,56.645300894957984,0.0
random-s0-0099,prm,cycle,50.0,100.0,0.0,1,0,0,0,0,56.76285570305183,345.70098604293025,56.76285570305183,0.0
random-s0-0099,prm,cycle,150.0,20.0,0.0,1,0,0,0,0,90.7644927358765,345.70098604293025,90.7644927358765,0.0
random-s0-0099,prm,cycle,150.0,100.0,0.0,1,0,0,0,0,91.3076120041294,178.70000406871628,91.3076120041294,0.0
random-s0-0099,prm,event,0.0,20.0,0.0,1,0,0,0,0,56.76285570305183,345.70098604293025,56.76285570305183,0.0
random-s0-0099,prm,event,0.0,100.0,0.0,1,0,0,0,0,56.76285570305183,345.70098604293025,56.76285570305183,0.0
random-s0-0099,prm,event,50.0,20.0,0.0,1,0,0,0,0,56.76285570305183,345.70098604293025,56.76285570305183,0.0
random-s0-0099,prm,event,50.0,100.0,0.0,1,0,0,0,0,56.76285570305183,345.70098604293025,56.76285570305183,0.0
random-s0-0099,prm,event,150.0,20.0,0.0,1,0,0,0,0,110.08579244049326,345.70098604293025,110.08579244049326,0.0
random-s0-0099,prm,event,150.0,100.0,0.0,1,0,0,0,0,8.163583408388462,8.163583408388462,112.3069541667994,0.0
random-s0-0099,visibility,once,0.0,20.0,0.0,1,0,0,0,0,56.76285570305183,345.70098604293025,56.76285570305183,0.0
random-s0-0099,visibility,cycle,0.0,20.0,0.0,1,0,0,0,0,56.76285570305183,345.70098604293025,56.76285570305183,0.0
random-s0-0099,visibility,cycle,0.0,100.0,0.0,1,0,0,0,0,56.76285570305183,345.70098604293025,56.76285570305183,0.0
random-s0-0099,visibility,cycle,50.0,20.0,0.0,1,0,0,0,0,56.76285570305183,345.70098604293025,56.76285570305183,0.0
random-s0-0099,visibility,cycle,50.0,100.0,0.0,1,0,0,0,0,56.76285570305183,345.70098604293025,56.76285570305183,0.0
random-s0-0099,visibility,cycle,150.0,20.0,0.0,1,0,2,2,0,-113.88229029121794,274.1547626003205,-113.88229029121794,500.0000000000001
random-s0-0099,visibility,cycle,150.0,100.0,0.0,1,0,0,0,0,112.3069541667994,345.70098604293025,112.3069541667994,0.0
random-s0-0099,visibility,event,0.0,20.0,0.0,1,0,0,0,0,56.76285570305183,345.70098604293025,56.76285570305183,0.0
random-s0-0099,visibility,event,0.0,100.0,0.0,1,0,0,0,0,56.76285570305183,345.70098604293025,56.76285570305183,0.0
random-s0-0099,visibility,event,50.0,20.0,0.0,1,0,0,0,0,56.76285570305183,345.70098604293025,56.76285570305183,0.0
random-s0-0099,visibility,event,50.0,100.0,0.0,1,0,0,0,0,56.76285570305183,345.70098604293025,56.76285570305183,0.0
random-s0-0099,visibility,event,150.0,20.0,0.0,1,0,1,1,0,-123.7244726830512,288.56972475131465,-123.7244726830512,420.00000000000006
random-s0-0099,visibility,event,150.0,100.0,0.0,1,0,0,0,0,112.3069541667994,345.70098604293025,112.3069541667994,0.0
random-s0-0100,voronoi,once,0.0,20.0,0.0,1,0,1,1,0,-68.98055163484885,645.6681589280023,-68.98055163484885,120.0
random-s0-0100,voronoi,cycle,0.0,20.0,0.0,1,0,1,1,0,-142.5880800570193,461.3165573237599,-142.5880800570193,480.00000000000017
random-s0-0100,voronoi,cycle,0.0,100.0,0.0,1,0,1,1,0,-142.58808005701914,355.95961886800865,-142.58808005701914,480.00000000000017
random-s0-0100,voronoi,cycle,50.0,20.0,0.0,1,0,1,1,0,-142.5880800570193,318.5160600919698,-142.5880800570193,480.00000000000017
random-s0-0100,voronoi,cycle,50.0,100.0,0.0,1,0,1,1,0,-142.58808005701914,708.7473397355978,-142.58808005701914,480.00000000000017
random-s0-0100,voronoi,cycle,150.0,20.0,0.0,1,0,1,1,0,-94.06801834514384,156.2831715958282,-94.06801834514384,120.0
random-s0-0100,voronoi,cycle,150.0,100.0,0.0,1,0,1,1,0,-142.58808005701914,181.19711008977663,-142.58808005701914,259.99999999999994
random-s0-0100,voronoi,event,0.0,20.0,0.0,1,0,1,1,0,-142.5880800570193,468.3692437027921,-142.5880800570193,420.0000000000001
random-s0-0100,voronoi,event,0.0,100.0,0.0,1,0,1,1,0,-142.58808005701914,355.95961886800865,-142.58808005701914,440.0000000000001
random-s0-0100,voronoi,event,50.0,20.0,0.0,1,0,1,1,0,-142.5880800570193,268.0988503970584,-142.5880800570193,300.0
random-s0-0100,voronoi,event,50.0,100.0,0.0,1,0,1,1,0,-142.58808005701914,709.7582804707914,-142.58808005701914,360.00000000000006
random-s0-0100,voronoi,event,150.0,20.0,0.0,1,0,1,1,0,-142.5880800570193,305.83108017637267,-142.5880800570193,320.0
random-s0-0100,voronoi,event,150.0,100.0,0.0,1,0,1,1,0,-142.58808005701914,190.9707735376737,-142.58808005701914,360.00000000000006
random-s0-0100,prm,once,0.0,20.0,0.0,1,0,1,1,0,-68.98055163484885,645.6681589280023,-68.98055163484885,120.0
random-s0-0100,prm,cycle,0.0,20.0,0.0,1,0,0,0,0,2.600563512248783,619.8384126940778,2.600563512248783,0.0
random-s0-0100,prm,cycle,0.0,100.0,0.0,1,0,0,0,0,10.720278074433196,522.5462047081527,10.720278074433196,0.0
random-s0-0100,prm,cycle,50.0,20.0,0.0,1,0,0,0,0,40.33839516687155,749.800144884741,40.33839516687155,0.0
random-s0-0100,prm,cycle,50.0,100.0,0.0,1,0,1,1,0,-10.554895225906847,892.9557505198388,-10.554895225906847,0.0
random-s0-0100,prm,cycle,150.0,20.0,0.0,1,0,0,0,0,60.444445027405806,365.4308687862642,60.444445027405806,0.0
random-s0-0100,prm,cycle,150.0,100.0,0.0,1,0,0,0,0,60.444445027405806,365.4308687862642,60.444445027405806,0.0
random-s0-0100,prm,event,0.0,20.0,0.0,1,0,0,0,0,2.600563512248783,619.8384126940778,2.600563512248783,0.0
random-s0-0100,prm,event,0.0,100.0,0.0,1,0,0,0,0,10.720278074433196,522.5462047081527,10.720278074433196,0.0
random-s0-0100,prm,event,50.0,20.0,0.0,1,0,1,1,0,-80.66614970417861,669.8247858698644,-80.66614970417861,100.0
random-s0-0100,prm,event,50.0,100.0,0.0,1,0,1,1,0,-94.06801834514306,748.8957126614943,-94.06801834514306,120.0
random-s0-0100,prm,event,150.0,20.0,0.0,1,0,0,0,0,31.950905217402976,365.4308687862642,31.950905217402976,0.0
random-s0-0100,prm,event,150.0,100.0,0.0,1,0,0,0,0,60.444445027405806,365.4308687862642,60.444445027405806,0.0
random-s0-0100,visibility,once,0.0,20.0,0.0,1,0,1,1,0,-68.98055163484885,645.6681589280023,-68.98055163484885,120.0
random-s0-0100,visibility,cycle,0.0,20.0,0.0,1,0,2,2,0,-129.92470029301649,647.2572230873984,-129.92470029301649,400.00000000000006
random-s0-0100,visibility,cycle,0.0,100.0,0.0,1,0,2,2,0,-106.9927652374881,568.894572215407,-106.9927652374881,340.0
random-s0-0100,visibility,cycle,50.0,20.0,0.0,1,0,2,2,0,-129.92470029301649,827.1919387866917,-129.92470029301649,279.99999999999994
random-s0-0100,visibility,cycle,50.0,100.0,0.0,1,0,2,2,0,-106.9927652374881,890.4271926790905,-106.9927652374881,259.99999999999994
random-s0-0100,visibility,cycle,150.0,20.0,0.0,1,0,0,0,0,60.444445027405806,365.4308687862642,60.444445027405806,0.0
random-s0-0100,visibility,cycle,150.0,100.0,0.0,1,0,0,0,0,60.444445027405806,365.4308687862642,60.444445027405806,0.0
random-s0-0100,visibility,event,0.0,20.0,0.0,1,0,2,2,0,-106.99276523748856,650.4616444640773,-106.99276523748856,360.00000000000006
random-s0-0100,visibility,event,0.0,100.0,0.0,1,0,2,2,0,-106.9927652374881,568.894572215407,-106.9927652374881,340.0
random-s0-0100,visibility,event,50.0,20.0,0.0,1,0,2,2,0,-119.13567231779922,875.6591008694329,-119.13567231779922,279.99999999999994
random-s0-0100,visibility,event,50.0,100.0,0.0,1,0,2,2,0,-106.9927652374881,890.4271926790905,-106.9927652374881,259.99999999999994
random-s0-0100,visibility,event,150.0,20.0,0.0,1,0,0,0,0,60.444445027405806,365.4308687862642,60.444445027405806,0.0
random-s0-0100,visibility,event,150.0,100.0,0.0,1,0,0,0,0,60.444445027405806,365.4308687862642,60.444445027405806,0.0
random-s0-0101,voronoi,once,0.0,20.0,0.0,1,0,2,1,1,-169.65519973178016,-169.65519973178016,-49.97611861465487,400.00000000000006
random-s0-0101,voronoi,cycle,0.0,20.0,0.0,1,0,2,0,2,-1.804387340000801,-1.804387340000801,0.6325736551800105,40.0
random-s0-0101,voronoi,cycle,0.0,100.0,0.0,1,0,2,1,1,-73.12969937066426,-73.12969937066426,-41.669000181342,620.0000000000001
random-s0-0101,voronoi,cycle,50.0,20.0,0.0,1,0,0,0,0,33.0037238565335,92.43552594984028,33.0037238565335,0.0
random-s0-0101,voronoi,cycle,50.0,100.0,0.0,1,0,0,0,0,49.929617545748414,111.32257149661626,49.929617545748414,0.0
random-s0-0101,voronoi,cycle,150.0,20.0,0.0,1,0,0,0,0,86.45609961308253,86.45609961308253,101.2226551188246,0.0
random-s0-0101,voronoi,cycle,150.0,100.0,0.0,1,0,0,0,0,94.61799020749709,161.78356671976752,94.61799020749709,0.0
random-s0-0101,voronoi,event,0.0,20.0,0.0,1,0,1,0,1,-1.6984845162827753,-1.6984845162827753,0.1020423717510254,20.0
random-s0-0101,voronoi,event,0.0,100.0,0.0,1,0,1,0,1,-76.45359734513951,-76.45359734513951,10.941697148436504,139.99999999999997
random-s0-0101,voronoi,event,50.0,20.0,0.0,1,0,0,0,0,39.9896166602183,153.232009850902,39.9896166602183,0.0
random-s0-0101,voronoi,event,50.0,100.0,0.0,1,0,0,0,0,69.33976855484545,178.27593445269554,69.33976855484545,0.0
random-s0-0101,voronoi,event,150.0,20.0,0.0,1,0,0,0,0,49.69591981068172,49.69591981068172,94.87799700322086,0.0
random-s0-0101,voronoi,event,150.0,100.0,0.0,1,0,0,0,0,61.634276472733546,61.634276472733546,102.73571721714552,0.0
random-s0-0101,prm,once,0.0,20.0,0.0,1,0,2,1,1,-169.65519973178016,-169.65519973178016,-49.97611861465487,400.00000000000006
random-s0-0101,prm,cycle,0.0,20.0,0.0,1,0,0,0,0,0.3629986954411777,43.286666477334734,0.3629986954411777,0.0
random-s0-0101,prm,cycle,0.0,100.0,0.0,1,0,0,0,0,35.55830741218901,43.286666477334734,35.55830741218901,0.0
random-s0-0101,prm,cycle,50.0,20.0,0.0,1,0,0,0,0,36.70734226437358,80.75144075969706,36.70734226437358,0.0
random-s0-0101,prm,cycle,50.0,100.0,0.0,1,0,1,1,0,-147.55631854389088,159.09229444235388,-147.55631854389088,479.9999999999998
random-s0-0101,prm,cycle,150.0,20.0,0.0,1,0,0,0,0,72.54565488878086,296.7498200277112,72.54565488878086,0.0
random-s0-0101,prm,cycle,150.0,100.0,0.0,1,0,0,0,0,141.83610780915018,298.5342766376013,141.83610780915018,0.0
random-s0-0101,prm,event,0.0,20.0,0.0,1,0,0,0,0,0.3629986954411777,22.889570399420847,0.3629986954411777,0.0
random-s0-0101,prm,event,0.0,100.0,0.0,1,0,0,0,0,23.40634440518812,23.40634440518812,41.676651577644975,0.0
random-s0-0101,prm,event,50.0,20.0,0.0,1,0,0,0,0,36.70734226437358,46.26843619963023,36.70734226437358,0.0
random-s0-0101,prm,event,50.0,100.0,0.0,1,0,0,0,0,6.955999797283198,6.955999797283198,62.151128056678,0.0
random-s0-0101,prm,event,150.0,20.0,0.0,1,0,0,0,0,72.54565488878086,182.65819509465456,72.54565488878086,0.0
random-s0-0101,prm,event,150.0,100.0,0.0,1,0,0,0,0,141.83610780915018,200.90607812603287,141.83610780915018,0.0
random-s0-0101,visibility,once,0.0,20.0,0.0,1,0,3,2,1,-169.65519973178016,-169.65519973178016,-169.20948252701703,720.0000000000003
random-s0-0101,visibility,cycle,0.0,20.0,0.0,1,0,2,2,0,-124.96291290172616,33.57644443095279,-124.96291290172616,820.0000000000002
random-s0-0101,visibility,cycle,0.0,100.0,0.0,1,0,1,1,0,-122.07448812566288,33.75568352327849,-122.07448812566288,419.9999999999998
random-s0-0101,visibility,cycle,50.0,20.0,0.0,1,0,1,1,0,-130.74651040308427,159.11291885715497,-130.74651040308427,460.0
random-s0-0101,visibility,cycle,50.0,100.0,0.0,1,0,2,1,1,-162.81608635220056,-162.81608635220056,-134.30514439291278,720.0
random-s0-0101,visibility,cycle,150.0,20.0,0.0,1,0,1,1,0,-150.7385636257621,161.48602250729704,-150.7385636257621,520.0000000000001
random-s0-0101,visibility,cycle,150.0,100.0,0.0,1,0,1,1,0,-160.40421996204472,174.76476880701915,-160.40421996204472,520.0000000000001
random-s0-0101,visibility,event,0.0,20.0,0.0,1,0,1,1,0,-125.3524361617424,33.57644443095279,-125.3524361617424,440.0
random-s0-0101,visibility,event,0.0,100.0,0.0,1,0,1,1,0,-122.07448812566288,33.75568352327849,-122.07448812566288,419.9999999999998
random-s0-0101,visibility,event,50.0,20.0,0.0,1,0,1,1,0,-131.12369319684095,160.01276462495895,-131.12369319684095,480.0000000000001
random-s0-0101,visibility,event,50.0,100.0,0.0,1,0,2,1,1,-162.81608635220056,-162.81608635220056,-134.30514439291278,720.0
random-s0-0101,visibility,event,150.0,20.0,0.0,1,0,1,1,0,-165.32637114334392,135.0467228296962,-165.32637114334392,540.0000000000001
random-s0-0101,visibility,event,150.0,100.0,0.0,1,0,1,1,0,-153.77163361809016,111.08762650196604,-153.77163361809016,540.0000000000001
random-s0-0102,voronoi,once,0.0,20.0,0.0,1,0,1,0,1,-71.39853446445338,-71.39853446445338,157.7250717205742,140.0
random-s0-0102,voronoi,cycle,0.0,20.0,0.0,1,0,0,0,0,9.002971779790585,9.002971779790585,161.52096568146408,0.0
random-s0-0102,voronoi,cycle,0.0,100.0,0.0,1,0,0,0,0,1.978914487690247,1.978914487690247,161.52096568146408,0.0
random-s0-0102,voronoi,cycle,50.0,20.0,0.0,1,0,0,0,0,37.1648729520042,37.1648729520042,161.52096568146408,0.0
random-s0-0102,voronoi,cycle,50.0,100.0,0.0,1,0,0,0,0,47.63437878175847,47.63437878175847,161.52096568146408,0.0
random-s0-0102,voronoi,cycle,150.0,20.0,0.0,1,0,0,0,0,8.440034058987209,8.440034058987209,161.52096568146408,0.0
random-s0-0102,voronoi,cycle,150.0,100.0,0.0,1,0,0,0,0,38.51831764913322,47.00510473427244,38.51831764913322,0.0
random-s0-0102,voronoi,event,0.0,20.0,0.0,1,0,0,0,0,9.666783940270191,9.666783940270191,161.52096568146408,0.0
random-s0-0102,voronoi,event,0.0,100.0,0.0,1,0,0,0,0,41.2937719072969,41.2937719072969,161.52096568146408,0.0
random-s0-0102,voronoi,event,50.0,20.0,0.0,1,0,0,0,0,10.384927303115576,10.384927303115576,161.52096568146408,0.0
random-s0-0102,voronoi,event,50.0,100.0,0.0,1,0,0,0,0,41.49508320064712,41.49508320064712,161.52096568146408,0.0
random-s0-0102,voronoi,event,150.0,20.0,0.0,1,0,0,0,0,161.52096568146408,164.38563490415982,161.52096568146408,0.0
random-s0-0102,voronoi,event,150.0,100.0,0.0,1,0,0,0,0,31.89897812380002,31.89897812380002,161.52096568146408,0.0
random-s0-0102,prm,once,0.0,20.0,0.0,1,0,0,0,0,73.91881275256608,73.91881275256608,161.52096568146408,0.0
random-s0-0102,prm,cycle,0.0,20.0,0.0,1,0,0,0,0,9.25756119933618,9.25756119933618,161.52096568146408,0.0
random-s0-0102,prm,cycle,0.0,100.0,0.0,1,0,0,0,0,34.130505572153,34.130505572153,161.52096568146408,0.0
random-s0-0102,prm,cycle,50.0,20.0,0.0,1,0,0,0,0,9.25756119933618,9.25756119933618,161.52096568146408,0.0
random-s0-0102,prm,cycle,50.0,100.0,0.0,1,0,0,0,0,34.130505572153,34.130505572153,161.52096568146408,0.0
random-s0-0102,prm,cycle,150.0,20.0,0.0,1,0,0,0,0,9.25756119933618,9.25756119933618,161.52096568146408,0.0
random-s0-0102,prm,cycle,150.0,100.0,0.0,1,0,0,0,0,34.130505572153,34.130505572153,161.52096568146408,0.0
random-s0-0102,prm,event,0.0,20.0,0.0,1,0,0,0,0,9.25756119933618,9.25756119933618,161.52096568146408,0.0
random-s0-0102,prm,event,0.0,100.0,0.0,1,0,0,0,0,34.130505572153,34.130505572153,161.52096568146408,0.0
random-s0-0102,prm,event,50.0,20.0,0.0,1,0,0,0,0,9.25756119933618,9.25756119933618,161.52096568146408,0.0
random-s0-0102,prm,event,50.0,100.0,0.0,1,0,0,0,0,34.130505572153,34.130505572153,161.52096568146408,0.0
random-s0-0102,prm,event,150.0,20.0,0.0,1,0,0,0,0,9.25756119933618,9.25756119933618,161.52096568146408,0.0
random-s0-0102,prm,event,150.0,100.0,0.0,1,0,1,1,0,-152.87740319465226,34.130505572153,-152.87740319465226,80.0
random-s0-0102,visibility,once,0.0,20.0,0.0,1,0,1,0,1,-3.169899723208601,-3.169899723208601,161.52096568146408,120.0
random-s0-0102,visibility,cycle,0.0,20.0,0.0,1,0,0,0,0,0.102793600430914,0.102793600430914,161.52096568146408,0.0
random-s0-0102,visibility,cycle,0.0,100.0,0.0,1,0,1,0,1,-3.169899723208601,-3.169899723208601,161.52096568146408,120.0
random-s0-0102,visibility,cycle,50.0,20.0,0.0,1,0,1,0,1,-31.773242971467823,-31.773242971467823,161.52096568146408,40.0
random-s0-0102,visibility,cycle,50.0,100.0,0.0,1,0,2,0,2,-35.501766010527604,-35.501766010527604,161.52096568146408,60.0
random-s0-0102,visibility,cycle,150.0,20.0,0.0,1,0,0,0,0,1.293210283182816,1.293210283182816,161.52096568146408,0.0
random-s0-0102,visibility,cycle,150.0,100.0,0.0,1,0,0,0,0,3.663008928846949,3.663008928846949,161.52096568146408,0.0
random-s0-0102,visibility,event,0.0,20.0,0.0,1,0,1,0,1,-3.169899723208601,-3.169899723208601,161.52096568146408,120.0
random-s0-0102,visibility,event,0.0,100.0,0.0,1,0,1,0,1,-3.169899723208601,-3.169899723208601,161.52096568146408,120.0
random-s0-0102,visibility,event,50.0,20.0,0.0,1,0,1,0,1,-31.773242971467823,-31.773242971467823,161.52096568146408,40.0
random-s0-0102,visibility,event,50.0,100.0,0.0,1,0,1,0,1,-3.169899723208601,-3.169899723208601,161.52096568146408,120.0
random-s0-0102,visibility,event,150.0,20.0,0.0,1,0,0,0,0,0.5712302830850149,0.5712302830850149,156.9566123944341,0.0
random-s0-0102,visibility,event,150.0,100.0,0.0,1,0,0,0,0,2.380261232418974,2.380261232418974,157.7250717205743,0.0
random-s0-0103,voronoi,once,0.0,20.0,0.0,1,0,4,2,2,-143.82371865787383,-116.65078954302976,-143.82371865787383,1380.000000000001
random-s0-0103,voronoi,cycle,0.0,20.0,0.0,1,0,0,0,0,2.871568947791644,138.7005750411396,2.871568947791644,0.0
random-s0-0103,voronoi,cycle,0.0,100.0,0.0,1,0,0,0,0,15.668253891049318,74.35471838554707,15.668253891049318,0.0
random-s0-0103,voronoi,cycle,50.0,20.0,0.0,1,0,0,0,0,73.83729866455522,295.0616460898505,73.83729866455522,0.0
random-s0-0103,voronoi,cycle,50.0,100.0,0.0,1,0,0,0,0,73.83729866455522,137.0124395704159,73.83729866455522,0.0
random-s0-0103,voronoi,cycle,150.0,20.0,0.0,1,0,0,0,0,209.28479275803875,295.3100438967873,209.28479275803875,0.0
random-s0-0103,voronoi,cycle,150.0,100.0,0.0,1,0,0,0,0,229.60704339647305,295.0616460898507,229.60704339647305,0.0
random-s0-0103,voronoi,event,0.0,20.0,0.0,1,0,0,0,0,19.464803133599474,107.21347152216896,19.464803133599474,0.0
random-s0-0103,voronoi,event,0.0,100.0,0.0,1,0,0,0,0,28.42277834111195,118.58666005345884,28.42277834111195,0.0
random-s0-0103,voronoi,event,50.0,20.0,0.0,1,0,0,0,0,57.67349862124402,73.56038378867885,57.67349862124402,0.0
random-s0-0103,voronoi,event,50.0,100.0,0.0,1,0,0,0,0,73.83729866455522,111.93836361734152,73.83729866455522,0.0
random-s0-0103,voronoi,event,150.0,20.0,0.0,1,0,0,0,0,207.49207497395457,295.3100438967873,207.49207497395457,0.0
random-s0-0103,voronoi,event,150.0,100.0,0.0,1,0,0,0,0,229.60704339647305,295.0616460898507,229.60704339647305,0.0
random-s0-0103,prm,once,0.0,20.0,0.0,1,0,0,0,0,28.35535620429945,295.0616460898504,28.35535620429945,0.0
random-s0-0103,prm,cycle,0.0,20.0,0.0,1,0,0,0,0,73.83729866455522,295.0616460898505,73.83729866455522,0.0
random-s0-0103,prm,cycle,0.0,100.0,0.0,1,0,0,0,0,73.83729866455522,295.0616460898507,73.83729866455522,0.0
random-s0-0103,prm,cycle,50.0,20.0,0.0,1,0,0,0,0,73.83729866455522,295.0616460898505,73.83729866455522,0.0
random-s0-0103,prm,cycle,50.0,100.0,0.0,1,0,0,0,0,73.83729866455522,295.0616460898507,73.83729866455522,0.0
random-s0-0103,prm,cycle,150.0,20.0,0.0,1,0,0,0,0,221.2025889314941,295.0616460898505,221.2025889314941,0.0
random-s0-0103,prm,cycle,150.0,100.0,0.0,1,0,0,0,0,215.2506488588384,295.0616460898507,215.2506488588384,0.0
random-s0-0103,prm,event,0.0,20.0,0.0,1,0,0,0,0,73.83729866455522,295.0616460898505,73.83729866455522,0.0
random-s0-0103,prm,event,0.0,100.0,0.0,1,0,0,0,0,73.83729866455522,295.0616460898507,73.83729866455522,0.0
random-s0-0103,prm,event,50.0,20.0,0.0,1,0,0,0,0,73.83729866455522,295.0616460898505,73.83729866455522,0.0
random-s0-0103,prm,event,50.0,100.0,0.0,1,0,0,0,0,73.83729866455522,295.0616460898507,73.83729866455522,0.0
random-s0-0103,prm,event,150.0,20.0,0.0,1,0,0,0,0,221.2025889314941,295.0616460898505,221.2025889314941,0.0
random-s0-0103,prm,event,150.0,100.0,0.0,1,0,0,0,0,215.2506488588384,295.0616460898507,215.2506488588384,0.0
random-s0-0103,visibility,once,0.0,20.0,0.0,1,0,0,0,0,73.83729866455522,295.0616460898504,73.83729866455522,0.0
random-s0-0103,visibility,cycle,0.0,20.0,0.0,1,0,0,0,0,73.83729866455522,295.0616460898505,73.83729866455522,0.0
random-s0-0103,visibility,cycle,0.0,100.0,0.0,1,0,0,0,0,73.83729866455522,295.0616460898507,73.83729866455522,0.0
random-s0-0103,visibility,cycle,50.0,20.0,0.0,1,0,0,0,0,73.83729866455522,295.0616460898505,73.83729866455522,0.0
random-s0-0103,visibility,cycle,50.0,100.0,0.0,1,0,0,0,0,73.83729866455522,295.0616460898507,73.83729866455522,0.0
random-s0-0103,visibility,cycle,150.0,20.0,0.0,1,0,0,0,0,49.6017320032619,295.0616460898505,49.6017320032619,0.0
random-s0-0103,visibility,cycle,150.0,100.0,0.0,1,0,0,0,0,66.48563553040432,295.0616460898507,66.48563553040432,0.0
random-s0-0103,visibility,event,0.0,20.0,0.0,1,0,0,0,0,73.83729866455522,295.0616460898505,73.83729866455522,0.0
random-s0-0103,visibility,event,0.0,100.0,0.0,1,0,0,0,0,73.83729866455522,295.0616460898507,73.83729866455522,0.0
random-s0-0103,visibility,event,50.0,20.0,0.0,1,0,0,0,0,73.83729866455522,295.0616460898505,73.83729866455522,0.0
random-s0-0103,visibility,event,50.0,100.0,0.0,1,0,0,0,0,73.83729866455522,295.0616460898507,73.83729866455522,0.0
random-s0-0103,visibility,event,150.0,20.0,0.0,1,0,0,0,0,143.2231793336946,295.0616460898505,143.2231793336946,0.0
random-s0-0103,visibility,event,150.0,100.0,0.0,1,0,0,0,0,137.09076458736422,295.0616460898507,137.09076458736422,0.0
random-s0-0104,voronoi,once,0.0,20.0,0.0,1,0,3,3,0,-113.21312380834706,43.8040949816027,-113.21312380834706,660.0000000000002
random-s0-0104,voronoi,cycle,0.0,20.0,0.0,1,0,0,0,0,3.335452686435474,70.53327379817864,3.335452686435474,0.0
random-s0-0104,voronoi,cycle,0.0,100.0,0.0,1,0,0,0,0,37.957611498136544,57.545315415112015,37.957611498136544,0.0
random-s0-0104,voronoi,cycle,50.0,20.0,0.0,1,0,0,0,0,54.54283747495225,148.39413370287997,54.54283747495225,0.0
random-s0-0104,voronoi,cycle,50.0,100.0,0.0,1,0,0,0,0,70.57235896318514,216.57500519761425,70.57235896318514,0.0
random-s0-0104,voronoi,cycle,150.0,20.0,0.0,1,0,0,0,0,83.7519558639271,122.14257764662916,83.7519558639271,0.0
random-s0-0104,voronoi,cycle,150.0,100.0,0.0,1,0,1,0,1,-48.8136506667976,-48.8136506667976,96.30812064854246,180.0
random-s0-0104,voronoi,event,0.0,20.0,0.0,1,0,0,0,0,3.335452686435474,8.416604002550685,3.335452686435474,0.0
random-s0-0104,voronoi,event,0.0,100.0,0.0,1,0,2,2,0,-7.676184851384221,0.916270316333339,-7.676184851384221,99.9999999999998
random-s0-0104,voronoi,event,50.0,20.0,0.0,1,0,0,0,0,46.02744500158323,159.57565187204068,46.02744500158323,0.0
random-s0-0104,voronoi,event,50.0,100.0,0.0,1,0,1,1,0,-73.40517297940555,125.31994115815944,-73.40517297940555,279.99999999999983
random-s0-0104,voronoi,event,150.0,20.0,0.0,1,0,0,0,0,78.99100491165945,198.59637145167125,78.99100491165945,0.0
random-s0-0104,voronoi,event,150.0,100.0,0.0,1,0,1,0,1,-48.8136506667976,-48.8136506667976,94.7169003987142,180.0
random-s0-0104,prm,once,0.0,20.0,0.0,1,0,1,1,0,-69.60121977652452,43.8040949816027,-69.60121977652452,120.0
random-s0-0104,prm,cycle,0.0,20.0,0.0,1,0,0,0,0,37.95761149813652,70.53327379817864,37.95761149813652,0.0
random-s0-0104,prm,cycle,0.0,100.0,0.0,1,0,0,0,0,37.957611498136544,57.545315415112015,37.957611498136544,0.0
random-s0-0104,prm,cycle,50.0,20.0,0.0,1,0,0,0,0,29.85090987043023,106.3471497083068,29.85090987043023,0.0
random-s0-0104,prm,cycle,50.0,100.0,0.0,1,0,0,0,0,27.111104083615658,106.9948300669422,27.111104083615658,0.0
random-s0-0104,prm,cycle,150.0,20.0,0.0,1,0,0,0,0,88.97448272547484,88.97448272547484,93.1696370795376,0.0
random-s0-0104,prm,cycle,150.0,100.0,0.0,1,0,0,0,0,87.37574102463657,88.97448272547473,87.37574102463657,0.0
random-s0-0104,prm,event,0.0,20.0,0.0,1,0,1,0,1,-153.21103073303877,-153.21103073303877,2.450962528262181,1000.0000000000005
random-s0-0104,prm,event,0.0,100.0,0.0,1,0,1,1,0,-18.511974739772967,57.545315415112015,-18.511974739772967,140.0
random-s0-0104,prm,event,50.0,20.0,0.0,1,0,0,0,0,41.0395500020075,286.601094268038,41.0395500020075,0.0
random-s0-0104,prm,event,50.0,100.0,0.0,1,0,0,0,0,37.957611498136544,216.57500519761425,37.957611498136544,0.0
random-s0-0104,prm,event,150.0,20.0,0.0,1,0,0,0,0,88.97448272547484,88.97448272547484,91.5857088279675,0.0
random-s0-0104,prm,event,150.0,100.0,0.0,1,0,0,0,0,87.37574102463657,88.97448272547473,87.37574102463657,0.0
random-s0-0104,visibility,once,0.0,20.0,0.0,1,0,1,1,0,-69.60121977652452,43.8040949816027,-69.60121977652452,120.0
random-s0-0104,visibility,cycle,0.0,20.0,0.0,1,0,2,2,0,-78.62426958340403,70.53327379817864,-78.62426958340403,340.0
random-s0-0104,visibility,cycle,0.0,100.0,0.0,1,0,2,2,0,-80.25571146486355,57.545315415112015,-80.25571146486355,420.0000000000001
random-s0-0104,visibility,cycle,50.0,20.0,0.0,1,0,2,2,0,-46.69841398266297,160.45835610766494,-46.69841398266297,300.0
random-s0-0104,visibility,cycle,50.0,100.0,0.0,1,0,2,2,0,-54.619444766847536,54.945206150406506,-54.619444766847536,400.00000000000006
random-s0-0104,visibility,cycle,150.0,20.0,0.0,1,0,1,0,1,-154.027238759888,-154.027238759888,30.74552503069256,420.0000000000001
random-s0-0104,visibility,cycle,150.0,100.0,0.0,1,0,1,0,1,-151.56802569824302,-151.56802569824302,26.48993566218323,400.00000000000006
random-s0-0104,visibility,event,0.0,20.0,0.0,1,0,2,2,0,-80.86041958861254,70.53327379817864,-80.86041958861254,340.0
random-s0-0104,visibility,event,0.0,100.0,0.0,1,0,2,2,0,-80.25571146486355,57.545315415112015,-80.25571146486355,400.00000000000006
random-s0-0104,visibility,event,50.0,20.0,0.0,1,0,3,3,0,-51.700871819833736,153.37903818545152,-51.700871819833736,480.00000000000017
random-s0-0104,visibility,event,50.0,100.0,0.0,1,0,2,2,0,-54.619444766847536,143.2907860335393,-54.619444766847536,380.00000000000006
random-s0-0104,visibility,event,150.0,20.0,0.0,1,0,1,0,1,-163.1478781176547,-163.1478781176547,16.67694148842503,420.0000000000001
random-s0-0104,visibility,event,150.0,100.0,0.0,1,0,2,1,1,-151.56802569824302,-151.56802569824302,-80.38238422719886,600.0000000000001
random-s0-0105,voronoi,once,0.0,20.0,0.0,1,0,4,2,2,-163.36279822349604,-147.396489041017,-163.36279822349604,500.0000000000001
random-s0-0105,voronoi,cycle,0.0,20.0,0.0,1,0,1,1,0,-0.984457372626366,14.2824037425749,-0.984457372626366,19.99999999999999
random-s0-0105,voronoi,cycle,0.0,100.0,0.0,1,0,4,1,3,-147.396489041017,-147.396489041017,-36.36062850763136,500.0000000000001
random-s0-0105,voronoi,cycle,50.0,20.0,0.0,1,0,0,0,0,5.439809100041657,5.439809100041657,63.05064915214066,0.0
random-s0-0105,voronoi,cycle,50.0,100.0,0.0,1,0,1,0,1,-147.396489041017,-147.396489041017,48.07276555967383,60.0
random-s0-0105,voronoi,cycle,150.0,20.0,0.0,1,0,0,0,0,117.07133470636496,117.07133470636496,154.28718697792118,0.0
random-s0-0105,voronoi,cycle,150.0,100.0,0.0,1,0,2,0,2,-147.396489041017,-147.396489041017,169.80078801381148,259.99999999999994
random-s0-0105,voronoi,event,0.0,20.0,0.0,1,0,0,0,0,4.316140859050364,4.316140859050364,9.855372826590129,0.0
random-s0-0105,voronoi,event,0.0,100.0,0.0,1,0,4,1,3,-147.396489041017,-147.396489041017,-36.36062850763136,500.0000000000001
random-s0-0105,voronoi,event,50.0,20.0,0.0,1,0,0,0,0,5.439809100041657,5.439809100041657,53.15669023191393,0.0
random-s0-0105,voronoi,event,50.0,100.0,0.0,1,0,1,0,1,-147.396489041017,-147.396489041017,48.07276555967383,60.0
random-s0-0105,voronoi,event,150.0,20.0,0.0,1,0,0,0,0,56.57252276149774,79.89236925683167,56.57252276149774,0.0
random-s0-0105,voronoi,event,150.0,100.0,0.0,1,0,2,0,2,-147.396489041017,-147.396489041017,89.72360972621789,259.99999999999994
random-s0-0105,prm,once,0.0,20.0,0.0,1,0,3,1,2,-163.36279822349604,-147.396489041017,-163.36279822349604,340.0
random-s0-0105,prm,cycle,0.0,20.0,0.0,1,0,0,0,0,6.830337931734789,6.830337931734789,16.7776974163925,0.0
random-s0-0105,prm,cycle,0.0,100.0,0.0,1,0,4,1,3,-162.6624797169427,-147.396489041017,-162.6624797169427,559.9999999999999
random-s0-0105,prm,cycle,50.0,20.0,0.0,1,0,1,0,1,-147.396489041017,-147.396489041017,41.23401986406003,60.0
random-s0-0105,prm,cycle,50.0,100.0,0.0,1,0,1,0,1,-147.396489041017,-147.396489041017,49.11681846559571,60.0
random-s0-0105,prm,cycle,150.0,20.0,0.0,1,0,4,2,2,-163.36279822349616,-147.396489041017,-163.36279822349616,520.0000000000001
random-s0-0105,prm,cycle,150.0,100.0,0.0,1,0,4,2,2,-163.36279822349644,-147.396489041017,-163.36279822349644,660.0
random-s0-0105,prm,event,0.0,20.0,0.0,1,0,0,0,0,6.830337931734789,6.830337931734789,11.51485202544808,0.0
random-s0-0105,prm,event,0.0,100.0,0.0,1,0,4,1,3,-162.6624797169427,-147.396489041017,-162.6624797169427,559.9999999999999
random-s0-0105,prm,event,50.0,20.0,0.0,1,0,1,0,1,-147.396489041017,-147.396489041017,69.81055471476807,60.0
random-s0-0105,prm,event,50.0,100.0,0.0,1,0,3,1,2,-174.97324016772797,-147.396489041017,-174.97324016772797,1020.0
random-s0-0105,prm,event,150.0,20.0,0.0,1,0,4,2,2,-165.96005520401332,-147.396489041017,-165.96005520401332,700.0000000000003
random-s0-0105,prm,event,150.0,100.0,0.0,1,0,3,1,2,-163.36279822349644,-147.396489041017,-163.36279822349644,340.0
random-s0-0105,visibility,once,0.0,20.0,0.0,1,0,5,3,2,-163.36279822349604,-147.396489041017,-163.36279822349604,700.0000000000003
random-s0-0105,visibility,cycle,0.0,20.0,0.0,1,0,1,1,0,-128.39093634025633,12.237054699909038,-128.39093634025633,300.0
random-s0-0105,visibility,cycle,0.0,100.0,0.0,1,0,3,1,2,-147.396489041017,-147.396489041017,-142.18653087828707,380.00000000000006
random-s0-0105,visibility,cycle,50.0,20.0,0.0,1,0,2,1,1,-147.396489041017,-147.396489041017,-29.875812906152333,220.0
random-s0-0105,visibility,cycle,50.0,100.0,0.0,1,0,3,1,2,-147.396489041017,-147.396489041017,-47.67241038800506,300.0
random-s0-0105,visibility,cycle,150.0,20.0,0.0,1,0,3,1,2,-163.36279822349616,-147.396489041017,-163.36279822349616,340.0
random-s0-0105,visibility,cycle,150.0,100.0,0.0,1,0,3,1,2,-163.36279822349644,-147.396489041017,-163.36279822349644,340.0
random-s0-0105,visibility,event,0.0,20.0,0.0,1,0,1,1,0,-128.56124165420144,12.330466812857878,-128.56124165420144,300.0
random-s0-0105,visibility,event,0.0,100.0,0.0,1,0,5,3,2,-147.396489041017,-147.396489041017,-142.18653087828707,639.9999999999999
random-s0-0105,visibility,event,50.0,20.0,0.0,1,0,2,1,1,-147.396489041017,-147.396489041017,-32.21126550848402,240.0
random-s0-0105,visibility,event,50.0,100.0,0.0,1,0,4,2,2,-151.059927390227,-147.396489041017,-151.059927390227,380.00000000000006
random-s0-0105,visibility,event,150.0,20.0,0.0,1,0,4,2,2,-169.61829359786117,-147.396489041017,-169.61829359786117,1520.000000000001
random-s0-0105,visibility,event,150.0,100.0,0.0,1,0,4,2,2,-169.61829359786077,-147.396489041017,-169.61829359786077,1520.000000000001
random-s0-0106,voronoi,once,0.0,20.0,0.0,1,0,3,0,3,-170.80655931626112,-170.80655931626112,113.50053733933032,320.0
random-s0-0106,voronoi,cycle,0.0,20.0,0.0,1,0,0,0,0,6.21083867718977,107.71264881143952,6.21083867718977,0.0
random-s0-0106,voronoi,cycle,0.0,100.0,0.0,1,0,1,0,1,-1.6401224276883966,-1.6401224276883966,54.68280216824036,20.0
random-s0-0106,voronoi,cycle,50.0,20.0,0.0,1,0,0,0,0,203.7473937609438,250.76866846445412,203.7473937609438,0.0
random-s0-0106,voronoi,cycle,50.0,100.0,0.0,1,0,0,0,0,148.16010621511532,148.16010621511532,234.07029974656973,0.0
random-s0-0106,voronoi,cycle,150.0,20.0,0.0,1,0,0,0,0,370.7213626135524,426.1908178218315,370.7213626135524,0.0
random-s0-0106,voronoi,cycle,150.0,100.0,0.0,1,0,0,0,0,370.7213626135524,416.3301134356359,370.7213626135524,0.0
random-s0-0106,voronoi,event,0.0,20.0,0.0,1,0,0,0,0,142.83561140275737,142.83561140275737,163.64716859520814,0.0
random-s0-0106,voronoi,event,0.0,100.0,0.0,1,0,2,1,1,-104.4706889848352,-1.8759190303839264,-104.4706889848352,740.0000000000002
random-s0-0106,voronoi,event,50.0,20.0,0.0,1,0,0,0,0,103.35975680590631,103.35975680590631,294.31856562465447,0.0
random-s0-0106,voronoi,event,50.0,100.0,0.0,1,0,0,0,0,97.55690846919822,97.55690846919822,251.132563800527,0.0
random-s0-0106,voronoi,event,150.0,20.0,0.0,1,0,0,0,0,280.5167080592188,280.5167080592188,367.50459118216986,0.0
random-s0-0106,voronoi,event,150.0,100.0,0.0,1,0,0,0,0,83.77793714652665,83.77793714652665,370.7213626135524,0.0
random-s0-0106,prm,once,0.0,20.0,0.0,1,0,3,1,2,-137.52264933225598,-137.52264933225598,-93.6371012748518,380.00000000000006
random-s0-0106,prm,cycle,0.0,20.0,0.0,1,0,1,0,1,-171.319310442682,-171.319310442682,370.44612563831447,99.99999999999996
random-s0-0106,prm,cycle,0.0,100.0,0.0,1,0,0,0,0,25.8469570033804,25.8469570033804,350.9911059598917,0.0
random-s0-0106,prm,cycle,50.0,20.0,0.0,1,0,1,0,1,-107.61252269259133,-107.61252269259133,175.8136408314482,40.0
random-s0-0106,prm,cycle,50.0,100.0,0.0,1,0,0,0,0,233.0474120632931,233.0474120632931,269.77605015848883,0.0
random-s0-0106,prm,cycle,150.0,20.0,0.0,1,0,0,0,0,123.51327447223592,123.51327447223592,193.3666181752701,0.0
random-s0-0106,prm,cycle,150.0,100.0,0.0,1,0,1,1,0,-43.51521871733942,83.61135321679325,-43.51521871733942,180.0
random-s0-0106,prm,event,0.0,20.0,0.0,1,0,1,0,1,-171.319310442682,-171.319310442682,300.5999548612996,99.99999999999996
random-s0-0106,prm,event,0.0,100.0,0.0,1,0,0,0,0,63.51068444162573,63.51068444162573,299.75182436357545,0.0
random-s0-0106,prm,event,50.0,20.0,0.0,1,0,0,0,0,62.74155464702039,181.0823940327375,62.74155464702039,0.0
random-s0-0106,prm,event,50.0,100.0,0.0,1,0,1,0,1,-6.760969825480942,-6.760969825480942,269.77605015848883,20.0
random-s0-0106,prm,event,150.0,20.0,0.0,1,0,0,0,0,50.35324846994831,50.35324846994831,358.21669287378097,0.0
random-s0-0106,prm,event,150.0,100.0,0.0,1,0,0,0,0,11.275645158056191,11.275645158056191,370.7213626135524,0.0
random-s0-0106,visibility,once,0.0,20.0,0.0,1,0,4,1,3,-137.52264933225598,-137.52264933225598,-42.2160295881514,480.00000000000017
random-s0-0106,visibility,cycle,0.0,20.0,0.0,1,0,0,0,0,94.47851529912948,103.91587229503732,94.47851529912948,0.0
random-s0-0106,visibility,cycle,0.0,100.0,0.0,1,0,1,0,1,-73.89680074688741,-73.89680074688741,122.47411714480336,240.0
random-s0-0106,visibility,cycle,50.0,20.0,0.0,1,0,0,0,0,171.06548831253303,171.06548831253303,185.6315310314974,0.0
random-s0-0106,visibility,cycle,50.0,100.0,0.0,1,0,0,0,0,182.46591875995156,186.77553704767763,182.46591875995156,0.0
random-s0-0106,visibility,cycle,150.0,20.0,0.0,1,0,0,0,0,22.70698283845138,22.70698283845138,226.80069218920005,0.0
random-s0-0106,visibility,cycle,150.0,100.0,0.0,1,0,0,0,0,184.6453398739565,184.6453398739565,224.49123773393245,0.0
random-s0-0106,visibility,event,0.0,20.0,0.0,1,0,0,0,0,96.00835340534655,109.0657201891796,96.00835340534655,0.0
random-s0-0106,visibility,event,0.0,100.0,0.0,1,0,1,0,1,-73.89680074688741,-73.89680074688741,143.52412745774552,240.0
random-s0-0106,visibility,event,50.0,20.0,0.0,1,0,0,0,0,165.77056293785955,165.77056293785955,245.26711568191237,0.0
random-s0-0106,visibility,event,50.0,100.0,0.0,1,0,0,0,0,204.6599780368872,204.6599780368872,283.0236446358628,0.0
random-s0-0106,visibility,event,150.0,20.0,0.0,1,0,0,0,0,86.20926128588951,86.20926128588951,170.61725524843757,0.0
random-s0-0106,visibility,event,150.0,100.0,0.0,1,0,0,0,0,169.27857511176148,233.3553630739144,169.27857511176148,0.0
random-s0-0107,voronoi,once,0.0,20.0,0.0,1,0,4,3,1,-116.08027729429392,-116.08027729429392,-99.79691331737928,680.0000000000002
random-s0-0107,voronoi,cycle,0.0,20.0,0.0,1,0,0,0,0,42.32778371634152,102.97216169196622,42.32778371634152,0.0
random-s0-0107,voronoi,cycle,0.0,100.0,0.0,1,0,0,0,0,17.852566348684036,74.34388325084211,17.852566348684036,0.0
random-s0-0107,voronoi,cycle,50.0,20.0,0.0,1,0,0,0,0,50.86135991471616,191.41720306607783,50.86135991471616,0.0
random-s0-0107,voronoi,cycle,50.0,100.0,0.0,1,0,0,0,0,61.08391780714578,61.08391780714578,77.45370457618156,0.0
random-s0-0107,voronoi,cycle,150.0,20.0,0.0,1,0,0,0,0,77.45370457618156,206.81709145827008,77.45370457618156,0.0
random-s0-0107,voronoi,cycle,150.0,100.0,0.0,1,0,0,0,0,77.45370457618156,283.4041074317097,77.45370457618156,0.0
random-s0-0107,voronoi,event,0.0,20.0,0.0,1,0,1,0,1,-2.406281741569728,-2.406281741569728,42.32778371634152,20.0
random-s0-0107,voronoi,event,0.0,100.0,0.0,1,0,1,0,1,-11.21301938105276,-11.21301938105276,42.32778371634152,60.0
random-s0-0107,voronoi,event,50.0,20.0,0.0,1,0,0,0,0,42.67647126436961,42.67647126436961,77.45370457618156,0.0
random-s0-0107,voronoi,event,50.0,100.0,0.0,1,0,0,0,0,55.25328490814218,55.25328490814218,77.45370457618156,0.0
random-s0-0107,voronoi,event,150.0,20.0,0.0,1,0,0,0,0,77.45370457618156,343.2321652572223,77.45370457618156,0.0
random-s0-0107,voronoi,event,150.0,100.0,0.0,1,0,0,0,0,47.55055741937812,103.89429071047392,47.55055741937812,0.0
random-s0-0107,prm,once,0.0,20.0,0.0,1,0,1,0,1,-111.31081299010872,-111.31081299010872,19.324228910154037,480.00000000000017
random-s0-0107,prm,cycle,0.0,20.0,0.0,1,0,0,0,0,42.32778371634152,160.74378898264405,42.32778371634152,0.0
random-s0-0107,prm,cycle,0.0,100.0,0.0,1,0,0,0,0,42.32778371634152,201.49919322205483,42.32778371634152,0.0
random-s0-0107,prm,cycle,50.0,20.0,0.0,1,0,0,0,0,62.787311849480886,67.64234218375532,62.787311849480886,0.0
random-s0-0107,prm,cycle,50.0,100.0,0.0,1,0,0,0,0,62.787311849480886,237.71262005859484,62.787311849480886,0.0
random-s0-0107,prm,cycle,150.0,20.0,0.0,1,0,0,0,0,62.787311849480886,410.3725014430303,62.787311849480886,0.0
random-s0-0107,prm,cycle,150.0,100.0,0.0,1,0,0,0,0,62.787311849480886,411.2410560662554,62.787311849480886,0.0
random-s0-0107,prm,event,0.0,20.0,0.0,1,0,0,0,0,42.32778371634152,246.31904914478812,42.32778371634152,0.0
random-s0-0107,prm,event,0.0,100.0,0.0,1,0,0,0,0,42.32778371634152,291.63713255701106,42.32778371634152,0.0
random-s0-0107,prm,event,50.0,20.0,0.0,1,0,0,0,0,62.787311849480886,318.9801946604843,62.787311849480886,0.0
random-s0-0107,prm,event,50.0,100.0,0.0,1,0,0,0,0,62.787311849480886,348.30039201017144,62.787311849480886,0.0
random-s0-0107,prm,event,150.0,20.0,0.0,1,0,0,0,0,62.787311849480886,193.0675605201747,62.787311849480886,0.0
random-s0-0107,prm,event,150.0,100.0,0.0,1,0,0,0,0,62.787311849480886,230.7473411468559,62.787311849480886,0.0
random-s0-0107,visibility,once,0.0,20.0,0.0,1,0,1,0,1,-89.80186624994138,-89.80186624994138,19.324228910154037,40.0
random-s0-0107,visibility,cycle,0.0,20.0,0.0,1,0,0,0,0,22.595278458863618,22.595278458863618,42.32778371634152,0.0
random-s0-0107,visibility,cycle,0.0,100.0,0.0,1,0,0,0,0,23.031044943411445,23.031044943411445,42.32778371634152,0.0
random-s0-0107,visibility,cycle,50.0,20.0,0.0,1,0,0,0,0,39.56393119682002,141.63485197327844,39.56393119682002,0.0
random-s0-0107,visibility,cycle,50.0,100.0,0.0,1,0,0,0,0,36.187941577714696,36.187941577714696,39.56393119682002,0.0
random-s0-0107,visibility,cycle,150.0,20.0,0.0,1,0,0,0,0,22.64040629193124,22.64040629193124,34.80011003019558,0.0
random-s0-0107,visibility,cycle,150.0,100.0,0.0,1,0,1,0,1,-173.83861903816364,-173.83861903816364,34.80011003019558,259.9999999999999
random-s0-0107,visibility,event,0.0,20.0,0.0,1,0,0,0,0,13.277459082216213,13.277459082216213,42.32778371634152,0.0
random-s0-0107,visibility,event,0.0,100.0,0.0,1,0,0,0,0,10.880252375456678,10.880252375456678,42.32778371634152,0.0
random-s0-0107,visibility,event,50.0,20.0,0.0,1,0,0,0,0,39.56393119682002,96.31542439708583,39.56393119682002,0.0
random-s0-0107,visibility,event,50.0,100.0,0.0,1,0,0,0,0,39.56393119682002,87.9154425190618,39.56393119682002,0.0
random-s0-0107,visibility,event,150.0,20.0,0.0,1,0,0,0,0,34.80011003019558,53.05023681884626,34.80011003019558,0.0
random-s0-0107,visibility,event,150.0,100.0,0.0,1,0,0,0,0,34.80011003019558,433.29770507212936,34.80011003019558,0.0
random-s0-0108,voronoi,once,0.0,20.0,0.0,1,0,4,3,1,-154.26320866313267,-81.00955023715615,-154.26320866313267,800.0000000000003
random-s0-0108,voronoi,cycle,0.0,20.0,0.0,1,0,2,2,0,-11.61452330060294,71.57567191316721,-11.61452330060294,200.0
random-s0-0108,voronoi,cycle,0.0,100.0,0.0,1,0,1,1,0,-79.00102064585424,233.6411216935008,-79.00102064585424,160.0
random-s0-0108,voronoi,cycle,50.0,20.0,0.0,1,0,1,1,0,-5.857575262577313,91.3576541791386,-5.857575262577313,120.0
random-s0-0108,voronoi,cycle,50.0,100.0,0.0,1,0,0,0,0,57.562074227345335,123.07456479239056,57.562074227345335,0.0
random-s0-0108,voronoi,cycle,150.0,20.0,0.0,1,0,0,0,0,116.9167547642678,362.4064602955875,116.9167547642678,0.0
random-s0-0108,voronoi,cycle,150.0,100.0,0.0,1,0,0,0,0,177.24976756117547,222.97999378246172,177.24976756117547,0.0
random-s0-0108,voronoi,event,0.0,20.0,0.0,1,0,1,1,0,-80.34026729013091,113.83647968511964,-80.34026729013091,360.00000000000006
random-s0-0108,voronoi,event,0.0,100.0,0.0,1,0,2,1,1,-81.24348644679901,-75.876191190444,-81.24348644679901,520.0
random-s0-0108,voronoi,event,50.0,20.0,0.0,1,0,0,0,0,38.23761512677896,301.38892374144206,38.23761512677896,0.0
random-s0-0108,voronoi,event,50.0,100.0,0.0,1,0,1,1,0,-91.20073872017896,96.43316096869376,-91.20073872017896,380.00000000000006
random-s0-0108,voronoi,event,150.0,20.0,0.0,1,0,0,0,0,90.00959355058899,237.005176289322,90.00959355058899,0.0
random-s0-0108,voronoi,event,150.0,100.0,0.0,1,0,0,0,0,163.22725186051844,492.8559867303676,163.22725186051844,0.0
random-s0-0108,prm,once,0.0,20.0,0.0,1,0,3,2,1,-167.6014835906514,-58.778348234929055,-167.6014835906514,580.0000000000002
random-s0-0108,prm,cycle,0.0,20.0,0.0,1,0,1,1,0,-59.9176036116465,138.52642154150533,-59.9176036116465,320.0
random-s0-0108,prm,cycle,0.0,100.0,0.0,1,0,1,1,0,-17.544321716571943,241.68789637320168,-17.544321716571943,20.0
random-s0-0108,prm,cycle,50.0,20.0,0.0,1,0,1,1,0,-69.35388033496329,353.77451340815423,-69.35388033496329,240.0
random-s0-0108,prm,cycle,50.0,100.0,0.0,1,0,1,1,0,-50.34097559815319,577.4438893907762,-50.34097559815319,320.0
random-s0-0108,prm,cycle,150.0,20.0,0.0,1,0,2,2,0,-80.8748725058239,55.092196266948434,-80.8748725058239,720.0000000000003
random-s0-0108,prm,cycle,150.0,100.0,0.0,1,0,2,2,0,-78.9018245336905,68.85367368175642,-78.9018245336905,519.9999999999999
random-s0-0108,prm,event,0.0,20.0,0.0,1,0,1,1,0,-35.88188972789956,150.62110276681824,-35.88188972789956,240.0
random-s0-0108,prm,event,0.0,100.0,0.0,1,0,1,1,0,-70.98197083506497,241.68789637320168,-70.98197083506497,220.0
random-s0-0108,prm,event,50.0,20.0,0.0,1,0,0,0,0,33.41670013753526,338.95382135017906,33.41670013753526,0.0
random-s0-0108,prm,event,50.0,100.0,0.0,1,0,1,1,0,-5.688553751155524,591.4215282856975,-5.688553751155524,100.0
random-s0-0108,prm,event,150.0,20.0,0.0,1,0,2,2,0,-80.8748725058239,8.629935373772412,-80.8748725058239,720.0000000000003
random-s0-0108,prm,event,150.0,100.0,0.0,1,0,2,2,0,-72.69093506666016,22.89238996451627,-72.69093506666016,680.0
random-s0-0108,visibility,once,0.0,20.0,0.0,1,0,2,2,0,-81.06575647824782,27.154084737320403,-81.06575647824782,680.0000000000002
random-s0-0108,visibility,cycle,0.0,20.0,0.0,1,0,1,1,0,-19.97246434145231,31.410789713993665,-19.97246434145231,20.0
random-s0-0108,visibility,cycle,0.0,100.0,0.0,1,0,1,1,0,-33.84148765514124,8.101333073109856,-33.84148765514124,40.0
random-s0-0108,visibility,cycle,50.0,20.0,0.0,1,0,2,1,1,-64.60174260279774,-50.1186354901794,-64.60174260279774,360.00000000000006
random-s0-0108,visibility,cycle,50.0,100.0,0.0,1,0,2,1,1,-104.1499583996661,-104.1499583996661,-60.373259188466605,540.0000000000001
random-s0-0108,visibility,cycle,150.0,20.0,0.0,1,0,3,2,1,-79.73950494092416,-50.40153423016852,-79.73950494092416,1500.000000000001
random-s0-0108,visibility,cycle,150.0,100.0,0.0,1,0,3,2,1,-79.82693663498611,-54.81258557283148,-79.82693663498611,1780.000000000001
random-s0-0108,visibility,event,0.0,20.0,0.0,1,0,1,1,0,-72.0924568299644,31.671090417711863,-72.0924568299644,200.0
random-s0-0108,visibility,event,0.0,100.0,0.0,1,0,1,1,0,-77.78926618299438,8.101333073109856,-77.78926618299438,180.0
random-s0-0108,visibility,event,50.0,20.0,0.0,1,0,2,2,0,-80.13638411069988,72.9551904850268,-80.13638411069988,480.00000000000017
random-s0-0108,visibility,event,50.0,100.0,0.0,1,0,2,1,1,-107.88465457905777,-107.88465457905777,-46.4634044056408,480.00000000000017
random-s0-0108,visibility,event,150.0,20.0,0.0,1,0,3,2,1,-73.01631579358695,-58.68137491327664,-73.01631579358695,1480.000000000001
random-s0-0108,visibility,event,150.0,100.0,0.0,1,0,3,2,1,-80.98974241363585,-59.35669755614131,-80.98974241363585,1540.000000000001
random-s0-0109,voronoi,once,0.0,20.0,0.0,1,0,3,2,1,-166.35676679987267,-97.49123790834834,-166.35676679987267,660.0000000000002
random-s0-0109,voronoi,cycle,0.0,20.0,0.0,1,0,5,1,4,-50.69579753868794,-15.909195795341104,-50.69579753868794,360.00000000000006
random-s0-0109,voronoi,cycle,0.0,100.0,0.0,1,0,3,1,2,-60.32731595533376,-60.32731595533376,-51.32922561594842,420.0
random-s0-0109,voronoi,cycle,50.0,20.0,0.0,1,0,0,0,0,37.6714105831245,210.68986674364615,37.6714105831245,0.0
random-s0-0109,voronoi,cycle,50.0,100.0,0.0,1,0,3,1,2,-71.78992561389731,-71.78992561389731,-52.4156227877486,480.0
random-s0-0109,voronoi,cycle,150.0,20.0,0.0,1,0,0,0,0,57.09499331930044,57.09499331930044,66.12972878731429,0.0
random-s0-0109,voronoi,cycle,150.0,100.0,0.0,1,0,1,0,1,-26.120683801073312,-26.120683801073312,29.09651915425096,140.0
random-s0-0109,voronoi,event,0.0,20.0,0.0,1,0,2,1,1,-53.62510798387295,-15.909195795341104,-53.62510798387295,300.0
random-s0-0109,voronoi,event,0.0,100.0,0.0,1,0,3,1,2,-60.32731595533376,-60.32731595533376,-54.436511289124,420.0
random-s0-0109,voronoi,event,50.0,20.0,0.0,1,0,0,0,0,23.0847944989238,210.68986674364615,23.0847944989238,0.0
random-s0-0109,voronoi,event,50.0,100.0,0.0,1,0,2,0,2,-71.78992561389731,-71.78992561389731,3.442934504351655,200.0
random-s0-0109,voronoi,event,150.0,20.0,0.0,1,0,0,0,0,43.34460182479825,76.12864305214214,43.34460182479825,0.0
random-s0-0109,voronoi,event,150.0,100.0,0.0,1,0,2,0,2,-82.67440563991659,-82.67440563991659,61.19257832807307,399.9999999999998
random-s0-0109,prm,once,0.0,20.0,0.0,1,0,3,2,1,-166.35676679987267,-97.49123790834834,-166.35676679987267,660.0000000000002
random-s0-0109,prm,cycle,0.0,20.0,0.0,1,0,2,1,1,-97.49123790834832,-97.49123790834832,-54.137085985818885,420.00000000000006
random-s0-0109,prm,cycle,0.0,100.0,0.0,1,0,2,1,1,-97.49123790834834,-97.49123790834834,-54.137085985818985,420.0
random-s0-0109,prm,cycle,50.0,20.0,0.0,1,0,1,1,0,-53.05013196632284,215.36786623093167,-53.05013196632284,220.0
random-s0-0109,prm,cycle,50.0,100.0,0.0,1,0,3,2,1,-166.35676679987236,-97.49123790834834,-166.35676679987236,659.9999999999999
random-s0-0109,prm,cycle,150.0,20.0,0.0,1,0,3,2,1,-166.35676679987267,-97.49123790834832,-166.35676679987267,620.0000000000001
random-s0-0109,prm,cycle,150.0,100.0,0.0,1,0,3,2,1,-166.35676679987236,-97.49123790834834,-166.35676679987236,659.9999999999999
random-s0-0109,prm,event,0.0,20.0,0.0,1,0,2,1,1,-97.49123790834832,-97.49123790834832,-54.137085985818885,420.00000000000006
random-s0-0109,prm,event,0.0,100.0,0.0,1,0,2,1,1,-97.49123790834834,-97.49123790834834,-54.137085985818985,420.0
random-s0-0109,prm,event,50.0,20.0,0.0,1,0,1,1,0,-50.733491168086346,215.36786623093167,-50.733491168086346,279.99999999999994
random-s0-0109,prm,event,50.0,100.0,0.0,1,0,3,2,1,-166.35676679987236,-97.49123790834834,-166.35676679987236,659.9999999999999
random-s0-0109,prm,event,150.0,20.0,0.0,1,0,3,2,1,-166.35676679987267,-97.49123790834832,-166.35676679987267,680.0000000000001
random-s0-0109,prm,event,150.0,100.0,0.0,1,0,3,2,1,-166.35676679987236,-97.49123790834834,-166.35676679987236,659.9999999999999
random-s0-0109,visibility,once,0.0,20.0,0.0,1,0,3,2,1,-166.35676679987267,-97.49123790834834,-166.35676679987267,660.0000000000002
random-s0-0109,visibility,cycle,0.0,20.0,0.0,1,0,3,2,1,-161.93987968091227,-97.49123790834832,-161.93987968091227,740.0000000000002
random-s0-0109,visibility,cycle,0.0,100.0,0.0,1,0,3,2,1,-161.73946849493078,-97.49123790834834,-161.73946849493078,740.0000000000001
random-s0-0109,visibility,cycle,50.0,20.0,0.0,1,0,1,1,0,-54.137085985818885,196.55422341484436,-54.137085985818885,279.99999999999994
random-s0-0109,visibility,cycle,50.0,100.0,0.0,1,0,3,2,1,-166.35676679987236,-97.49123790834834,-166.35676679987236,659.9999999999999
random-s0-0109,visibility,cycle,150.0,20.0,0.0,1,0,3,2,1,-166.35676679987267,-97.49123790834832,-166.35676679987267,660.0000000000001
random-s0-0109,visibility,cycle,150.0,100.0,0.0,1,0,3,2,1,-166.35676679987236,-97.49123790834834,-166.35676679987236,659.9999999999999
random-s0-0109,visibility,event,0.0,20.0,0.0,1,0,3,2,1,-160.02665344942432,-97.49123790834832,-160.02665344942432,740.0000000000002
random-s0-0109,visibility,event,0.0,100.0,0.0,1,0,3,2,1,-161.73946849493078,-97.49123790834834,-161.73946849493078,740.0000000000001
random-s0-0109,visibility,event,50.0,20.0,0.0,1,0,1,1,0,-54.137085985818885,197.20857295436616,-54.137085985818885,279.99999999999994
random-s0-0109,visibility,event,50.0,100.0,0.0,1,0,3,2,1,-166.35676679987236,-97.49123790834834,-166.35676679987236,659.9999999999999
random-s0-0109,visibility,event,150.0,20.0,0.0,1,0,3,2,1,-166.35676679987267,-97.49123790834832,-166.35676679987267,660.0000000000001
random-s0-0109,visibility,event,150.0,100.0,0.0,1,0,3,2,1,-166.35676679987236,-97.49123790834834,-166.35676679987236,659.9999999999999
random-s0-0110,voronoi,once,0.0,20.0,0.0,1,0,8,7,1,-165.1193593666327,-51.98685363015778,-165.1193593666327,2340.000000000002
random-s0-0110,voronoi,cycle,0.0,20.0,0.0,1,0,2,2,0,-113.3631056892696,152.67653822669655,-113.3631056892696,600.0000000000002
random-s0-0110,voronoi,cycle,0.0,100.0,0.0,1,0,2,2,0,-156.4540479740282,66.04183849619182,-156.4540479740282,820.0000000000003
random-s0-0110,voronoi,cycle,50.0,20.0,0.0,1,0,1,1,0,-173.55131655967963,309.2140849461802,-173.55131655967963,580.0000000000002
random-s0-0110,voronoi,cycle,50.0,100.0,0.0,1,0,1,1,0,-164.28329145605787,116.34303826620608,-164.28329145605787,640.0000000000002
random-s0-0110,voronoi,cycle,150.0,20.0,0.0,1,0,1,1,0,-172.84734873838002,125.03168510780596,-172.84734873838002,740.0000000000003
random-s0-0110,voronoi,cycle,150.0,100.0,0.0,1,0,1,1,0,-147.86911647422832,134.43093373237906,-147.86911647422832,720.0000000000003
random-s0-0110,voronoi,event,0.0,20.0,0.0,1,0,2,2,0,-171.95507631826564,2.536396264125869,-171.95507631826564,640.0000000000002
random-s0-0110,voronoi,event,0.0,100.0,0.0,1,0,3,2,1,-157.9050958024062,-21.86270552464464,-157.9050958024062,1080.0000000000005
random-s0-0110,voronoi,event,50.0,20.0,0.0,1,0,1,1,0,-175.4103057635415,335.37087235219315,-175.4103057635415,540.0000000000001
random-s0-0110,voronoi,event,50.0,100.0,0.0,1,0,1,1,0,-164.6633448265311,116.34303826620608,-164.6633448265311,660.0000000000002
random-s0-0110,voronoi,event,150.0,20.0,0.0,1,0,1,1,0,-11.959877312802265,172.66424596768684,-11.959877312802265,0.0
random-s0-0110,voronoi,event,150.0,100.0,0.0,1,0,3,3,0,-103.1368873883369,134.43093373237906,-103.1368873883369,820.0000000000003
random-s0-0110,prm,once,0.0,20.0,0.0,1,0,6,5,1,-165.1193593666327,-146.32804501508673,-165.1193593666327,1360.000000000001
random-s0-0110,prm,cycle,0.0,20.0,0.0,1,0,2,2,0,-83.6805527002152,164.90298830430677,-83.6805527002152,299.99999999999994
random-s0-0110,prm,cycle,0.0,100.0,0.0,1,0,2,2,0,-83.68055270021529,164.90298830430677,-83.68055270021529,299.99999999999994
random-s0-0110,prm,cycle,50.0,20.0,0.0,1,0,3,3,0,-110.35867852870092,297.470010085658,-110.35867852870092,500.0000000000001
random-s0-0110,prm,cycle,50.0,100.0,0.0,1,0,3,3,0,-116.01597243686814,164.90298830430677,-116.01597243686814,520.0000000000001
random-s0-0110,prm,cycle,150.0,20.0,0.0,1,0,3,3,0,-160.04593779597417,116.61240015896784,-160.04593779597417,680.0000000000002
random-s0-0110,prm,cycle,150.0,100.0,0.0,1,0,3,3,0,-174.7348896983031,88.72889418597293,-174.7348896983031,1440.000000000001
random-s0-0110,prm,event,0.0,20.0,0.0,1,0,2,2,0,-83.6805527002152,23.366186773997043,-83.6805527002152,239.9999999999999
random-s0-0110,prm,event,0.0,100.0,0.0,1,0,2,2,0,-83.68055270021529,164.90298830430677,-83.68055270021529,299.99999999999994
random-s0-0110,prm,event,50.0,20.0,0.0,1,0,2,2,0,-168.1352724738615,168.26893075661656,-168.1352724738615,1020.0000000000005
random-s0-0110,prm,event,50.0,100.0,0.0,1,0,2,2,0,-110.35867852870103,159.10120361234948,-110.35867852870103,380.00000000000006
random-s0-0110,prm,event,150.0,20.0,0.0,1,0,3,3,0,-160.04593779597417,116.61240015896784,-160.04593779597417,1060.0000000000005
random-s0-0110,prm,event,150.0,100.0,0.0,1,0,2,2,0,-110.35867852870103,85.60816680679841,-110.35867852870103,740.0000000000003
random-s0-0110,visibility,once,0.0,20.0,0.0,1,0,3,3,0,-165.1193593666327,116.61240015896784,-165.1193593666327,1120.0000000000005
random-s0-0110,visibility,cycle,0.0,20.0,0.0,1,0,2,2,0,-126.78287295637352,164.90298830430677,-126.78287295637352,540.0000000000001
random-s0-0110,visibility,cycle,0.0,100.0,0.0,1,0,2,2,0,-98.5859038369138,164.90298830430677,-98.5859038369138,420.00000000000006
random-s0-0110,visibility,cycle,50.0,20.0,0.0,1,0,3,3,0,-110.35867852870092,283.458748631291,-110.35867852870092,300.0
random-s0-0110,visibility,cycle,50.0,100.0,0.0,1,0,3,3,0,-110.35867852870103,164.90298830430677,-110.35867852870103,340.0
random-s0-0110,visibility,cycle,150.0,20.0,0.0,1,0,2,2,0,-110.34610619069122,116.61240015896784,-110.34610619069122,460.00000000000006
random-s0-0110,visibility,cycle,150.0,100.0,0.0,1,0,2,2,0,-103.48067941376016,116.61240015896784,-103.48067941376016,420.0000000000001
random-s0-0110,visibility,event,0.0,20.0,0.0,1,0,2,2,0,-122.41174038589496,164.90298830430677,-122.41174038589496,520.0000000000001
random-s0-0110,visibility,event,0.0,100.0,0.0,1,0,2,2,0,-98.5859038369138,164.90298830430677,-98.5859038369138,420.00000000000006
random-s0-0110,visibility,event,50.0,20.0,0.0,1,0,3,3,0,-110.35867852870092,299.8831071719253,-110.35867852870092,300.0
random-s0-0110,visibility,event,50.0,100.0,0.0,1,0,3,3,0,-110.35867852870103,164.90298830430677,-110.35867852870103,340.0
random-s0-0110,visibility,event,150.0,20.0,0.0,1,0,3,3,0,-119.31126566515547,116.61240015896784,-119.31126566515547,580.0000000000002
random-s0-0110,visibility,event,150.0,100.0,0.0,1,0,2,2,0,-122.61260357015937,116.61240015896784,-122.61260357015937,520.0000000000001
random-s0-0111,voronoi,once,0.0,20.0,0.0,1,0,1,0,1,-4.214189156984844,-4.214189156984844,91.85834312385036,20.0
random-s0-0111,voronoi,cycle,0.0,20.0,0.0,1,0,0,0,0,91.85834312385036,100.52081614898248,91.85834312385036,0.0
random-s0-0111,voronoi,cycle,0.0,100.0,0.0,1,0,0,0,0,77.35636724701465,77.35636724701465,91.85834312385036,0.0
random-s0-0111,voronoi,cycle,50.0,20.0,0.0,1,0,0,0,0,91.85834312385036,269.06112942494326,91.85834312385036,0.0
random-s0-0111,voronoi,cycle,50.0,100.0,0.0,1,0,0,0,0,91.85834312385036,104.500775088556,91.85834312385036,0.0
random-s0-0111,voronoi,cycle,150.0,20.0,0.0,1,0,0,0,0,113.10078417315754,213.89556019866015,113.10078417315754,0.0
random-s0-0111,voronoi,cycle,150.0,100.0,0.0,1,0,0,0,0,19.002202498110904,19.002202498110904,132.88753630436628,0.0
random-s0-0111,voronoi,event,0.0,20.0,0.0,1,0,0,0,0,91.85834312385036,121.61797031146271,91.85834312385036,0.0
random-s0-0111,voronoi,event,0.0,100.0,0.0,1,0,0,0,0,77.35636724701465,77.35636724701465,91.85834312385036,0.0
random-s0-0111,voronoi,event,50.0,20.0,0.0,1,0,0,0,0,91.85834312385036,271.8815884720244,91.85834312385036,0.0
random-s0-0111,voronoi,event,50.0,100.0,0.0,1,0,0,0,0,91.85834312385036,104.500775088556,91.85834312385036,0.0
random-s0-0111,voronoi,event,150.0,20.0,0.0,1,0,0,0,0,117.28580626064915,260.35036455151635,117.28580626064915,0.0
random-s0-0111,voronoi,event,150.0,100.0,0.0,1,0,0,0,0,19.002202498110904,19.002202498110904,86.70180757983485,0.0
random-s0-0111,prm,once,0.0,20.0,0.0,1,0,1,0,1,-4.214189156984844,-4.214189156984844,78.88765489892103,20.0
random-s0-0111,prm,cycle,0.0,20.0,0.0,1,0,0,0,0,91.85834312385036,118.56723530790477,91.85834312385036,0.0
random-s0-0111,prm,cycle,0.0,100.0,0.0,1,0,0,0,0,67.51647850286588,104.500775088556,67.51647850286588,0.0
random-s0-0111,prm,cycle,50.0,20.0,0.0,1,0,0,0,0,54.29295974558465,244.07094229337517,54.29295974558465,0.0
random-s0-0111,prm,cycle,50.0,100.0,0.0,1,0,1,0,1,-4.214189156984844,-4.214189156984844,91.85834312385036,20.0
random-s0-0111,prm,cycle,150.0,20.0,0.0,1,0,1,0,1,-4.214189156984816,-4.214189156984816,50.59861212621831,19.99999999999999
random-s0-0111,prm,cycle,150.0,100.0,0.0,1,0,1,0,1,-4.214189156984844,-4.214189156984844,132.88753630436628,20.0
random-s0-0111,prm,event,0.0,20.0,0.0,1,0,0,0,0,24.089882901140413,139.47470024523358,24.089882901140413,0.0
random-s0-0111,prm,event,0.0,100.0,0.0,1,0,0,0,0,91.85834312385036,104.500775088556,91.85834312385036,0.0
random-s0-0111,prm,event,50.0,20.0,0.0,1,0,0,0,0,91.85834312385036,271.8815884720244,91.85834312385036,0.0
random-s0-0111,prm,event,50.0,100.0,0.0,1,0,1,0,1,-4.214189156984844,-4.214189156984844,91.85834312385036,20.0
random-s0-0111,prm,event,150.0,20.0,0.0,1,0,1,0,1,-4.214189156984816,-4.214189156984816,98.42021950468978,19.99999999999999
random-s0-0111,prm,event,150.0,100.0,0.0,1,0,1,0,1,-4.214189156984844,-4.214189156984844,132.88753630436628,20.0
random-s0-0111,visibility,once,0.0,20.0,0.0,1,0,1,0,1,-4.214189156984844,-4.214189156984844,91.85834312385036,20.0
random-s0-0111,visibility,cycle,0.0,20.0,0.0,1,0,0,0,0,91.85834312385036,151.70914031714443,91.85834312385036,0.0
random-s0-0111,visibility,cycle,0.0,100.0,0.0,1,0,0,0,0,91.85834312385036,104.500775088556,91.85834312385036,0.0
random-s0-0111,visibility,cycle,50.0,20.0,0.0,1,0,0,0,0,91.85834312385036,163.04547233088755,91.85834312385036,0.0
random-s0-0111,visibility,cycle,50.0,100.0,0.0,1,0,1,0,1,-4.214189156984844,-4.214189156984844,91.85834312385036,20.0
random-s0-0111,visibility,cycle,150.0,20.0,0.0,1,0,1,0,1,-4.214189156984816,-4.214189156984816,52.25986733040841,19.99999999999999
random-s0-0111,visibility,cycle,150.0,100.0,0.0,1,0,2,0,2,-9.11452792192253,-9.11452792192253,74.13068689516578,200.0
random-s0-0111,visibility,event,0.0,20.0,0.0,1,0,0,0,0,91.85834312385036,151.70914031714443,91.85834312385036,0.0
random-s0-0111,visibility,event,0.0,100.0,0.0,1,0,0,0,0,91.85834312385036,104.500775088556,91.85834312385036,0.0
random-s0-0111,visibility,event,50.0,20.0,0.0,1,0,0,0,0,91.85834312385036,140.3786898376822,91.85834312385036,0.0
random-s0-0111,visibility,event,50.0,100.0,0.0,1,0,1,0,1,-4.214189156984844,-4.214189156984844,91.85834312385036,20.0
random-s0-0111,visibility,event,150.0,20.0,0.0,1,0,1,0,1,-4.214189156984816,-4.214189156984816,78.03021627610542,19.99999999999999
random-s0-0111,visibility,event,150.0,100.0,0.0,1,0,1,0,1,-4.214189156984844,-4.214189156984844,110.95236251502467,20.0
random-s0-0112,voronoi,once,0.0,20.0,0.0,1,0,3,2,1,-113.91192994477056,-103.4077645495923,-113.91192994477056,960.0000000000006
random-s0-0112,voronoi,cycle,0.0,20.0,0.0,1,0,1,1,0,-7.636602401115567,25.135449009964987,-7.636602401115567,60.0
random-s0-0112,voronoi,cycle,0.0,100.0,0.0,1,0,1,0,1,-82.96566124301071,-82.96566124301071,57.99313804843774,100.0
random-s0-0112,voronoi,cycle,50.0,20.0,0.0,1,0,1,1,0,-59.323943446672416,2.7935210115764164,-59.323943446672416,559.9999999999881
random-s0-0112,voronoi,cycle,50.0,100.0,0.0,1,0,1,1,0,-59.32394344667243,11.143008874063357,-59.32394344667243,500.0000000000001
random-s0-0112,voronoi,cycle,150.0,20.0,0.0,1,0,0,0,0,64.0786147831137,137.4211382783423,64.0786147831137,0.0
random-s0-0112,voronoi,cycle,150.0,100.0,0.0,1,0,1,1,0,-59.32394344667243,64.51904660822012,-59.32394344667243,560.0000000000001
random-s0-0112,voronoi,event,0.0,20.0,0.0,1,0,0,0,0,4.53908133271986,4.53908133271986,47.201154170105895,0.0
random-s0-0112,voronoi,event,0.0,100.0,0.0,1,0,1,1,0,-20.093591715438123,11.044358429452302,-20.093591715438123,40.0
random-s0-0112,voronoi,event,50.0,20.0,0.0,1,0,1,1,0,-55.13445593488144,3.3124693277801214,-55.13445593488144,179.99999999999616
random-s0-0112,voronoi,event,50.0,100.0,0.0,1,0,1,1,0,-55.13445593488133,14.1412169198436,-55.13445593488133,180.0
random-s0-0112,voronoi,event,150.0,20.0,0.0,1,0,1,1,0,-49.765986770576745,5.865129236843671,-49.765986770576745,559.9999999999881
random-s0-0112,voronoi,event,150.0,100.0,0.0,1,0,1,1,0,-56.81961216884787,160.24783939430108,-56.81961216884787,560.0000000000001
random-s0-0112,prm,once,0.0,20.0,0.0,1,0,5,4,1,-113.91192994477056,-103.4077645495923,-113.91192994477056,1180.000000000001
random-s0-0112,prm,cycle,0.0,20.0,0.0,1,0,1,1,0,-116.22148183423651,23.032813691820223,-116.22148183423651,200.0
random-s0-0112,prm,cycle,0.0,100.0,0.0,1,0,2,1,1,-99.02888304539547,-99.02888304539547,-38.59029260921642,80.0
random-s0-0112,prm,cycle,50.0,20.0,0.0,1,0,0,0,0,18.679767478869195,18.679767478869195,62.16374843915551,0.0
random-s0-0112,prm,cycle,50.0,100.0,0.0,1,0,1,1,0,-14.556082451880911,33.47372912882972,-14.556082451880911,20.0
random-s0-0112,prm,cycle,150.0,20.0,0.0,1,0,0,0,0,1.9786050666860149,1.9786050666860149,98.8837126828235,0.0
random-s0-0112,prm,cycle,150.0,100.0,0.0,1,0,0,0,0,90.49874264624606,90.49874264624606,193.9004423274821,0.0
random-s0-0112,prm,event,0.0,20.0,0.0,1,0,0,0,0,1.7936589222034058,24.0273978074367,1.7936589222034058,0.0
random-s0-0112,prm,event,0.0,100.0,0.0,1,0,2,1,1,-99.02888304539547,-99.02888304539547,-38.59029260921642,80.0
random-s0-0112,prm,event,50.0,20.0,0.0,1,0,1,0,1,-114.4278271909844,-114.4278271909844,62.49603635791868,80.0
random-s0-0112,prm,event,50.0,100.0,0.0,1,0,2,1,1,-44.77015114386009,-1.6760896360871411,-44.77015114386009,160.0
random-s0-0112,prm,event,150.0,20.0,0.0,1,0,1,1,0,-59.43093729041672,95.27231772946772,-59.43093729041672,459.9999999999902
random-s0-0112,prm,event,150.0,100.0,0.0,1,0,1,1,0,-29.88119812780471,0.2249318959725883,-29.88119812780471,460.0000000000001
random-s0-0112,visibility,once,0.0,20.0,0.0,1,0,2,1,1,-113.91192994477056,-103.4077645495923,-113.91192994477056,400.00000000000006
random-s0-0112,visibility,cycle,0.0,20.0,0.0,1,0,1,0,1,-3.2518663026243075,-3.2518663026243075,55.16087857955648,80.0
random-s0-0112,visibility,cycle,0.0,100.0,0.0,1,0,1,0,1,-1.1498800799875823,-1.1498800799875823,53.57102403715072,40.0
random-s0-0112,visibility,cycle,50.0,20.0,0.0,1,0,2,1,1,-49.08366589680477,-8.781089868426108,-49.08366589680477,279.99999999999994
random-s0-0112,visibility,cycle,50.0,100.0,0.0,1,0,1,0,1,-3.4903276557379286,-3.4903276557379286,56.595689538977695,80.0
random-s0-0112,visibility,cycle,150.0,20.0,0.0,1,0,2,1,1,-130.98115785188773,-130.98115785188773,-53.80896422991023,339.9999999999949
random-s0-0112,visibility,cycle,150.0,100.0,0.0,1,0,3,2,1,-78.16253572332985,-18.47194550459952,-78.16253572332985,900.0000000000003
random-s0-0112,visibility,event,0.0,20.0,0.0,1,0,0,0,0,0.5626747200863065,0.5626747200863065,54.48503998054301,0.0
random-s0-0112,visibility,event,0.0,100.0,0.0,1,0,1,0,1,-5.7057147631314535,-5.7057147631314535,65.28208569642939,80.0
random-s0-0112,visibility,event,50.0,20.0,0.0,1,0,1,1,0,-23.05625484823591,0.7487642541508421,-23.05625484823591,80.0
random-s0-0112,visibility,event,50.0,100.0,0.0,1,0,3,1,2,-125.72001837588384,-12.253887048852905,-125.72001837588384,640.0
random-s0-0112,visibility,event,150.0,20.0,0.0,1,0,1,0,1,-133.13167251496094,-133.13167251496094,17.135861163078488,99.99999999999996
random-s0-0112,visibility,event,150.0,100.0,0.0,1,0,0,0,0,86.6729973905924,86.6729973905924,256.7023585349304,0.0
random-s0-0113,voronoi,once,0.0,20.0,0.0,1,0,5,3,2,-160.7397413179521,-54.62283462382405,-160.7397413179521,1340.000000000001
random-s0-0113,voronoi,cycle,0.0,20.0,0.0,1,0,1,1,0,-2.211131749104794,35.621820278998314,-2.211131749104794,20.0
random-s0-0113,voronoi,cycle,0.0,100.0,0.0,1,0,0,0,0,9.010871731983483,227.38190326708667,9.010871731983483,0.0
random-s0-0113,voronoi,cycle,50.0,20.0,0.0,1,0,0,0,0,30.895530493414867,157.61216281676633,30.895530493414867,0.0
random-s0-0113,voronoi,cycle,50.0,100.0,0.0,1,0,0,0,0,25.393865985806823,274.89447927908554,25.393865985806823,0.0
random-s0-0113,voronoi,cycle,150.0,20.0,0.0,1,0,0,0,0,78.8957677184801,242.34717475925248,78.8957677184801,0.0
random-s0-0113,voronoi,cycle,150.0,100.0,0.0,1,0,0,0,0,41.55388056938429,41.55388056938429,56.68579022793722,0.0
random-s0-0113,voronoi,event,0.0,20.0,0.0,1,0,0,0,0,0.1032834514468845,61.55589682101257,0.1032834514468845,0.0
random-s0-0113,voronoi,event,0.0,100.0,0.0,1,0,0,0,0,45.24005739567022,225.188375999282,45.24005739567022,0.0
random-s0-0113,voronoi,event,50.0,20.0,0.0,1,0,0,0,0,37.50438812345578,274.89447927908554,37.50438812345578,0.0
random-s0-0113,voronoi,event,50.0,100.0,0.0,1,0,0,0,0,42.75888926786919,274.89447927908554,42.75888926786919,0.0
random-s0-0113,voronoi,event,150.0,20.0,0.0,1,0,0,0,0,59.3364965108328,243.0306165180764,59.3364965108328,0.0
random-s0-0113,voronoi,event,150.0,100.0,0.0,1,0,0,0,0,124.44790285170212,261.73951912427174,124.44790285170212,0.0
random-s0-0113,prm,once,0.0,20.0,0.0,1,0,4,3,1,-160.7397413179521,-95.7867192767194,-160.7397413179521,680.0000000000002
random-s0-0113,prm,cycle,0.0,20.0,0.0,1,0,0,0,0,16.42453700810873,44.15097784035029,16.42453700810873,0.0
random-s0-0113,prm,cycle,0.0,100.0,0.0,1,0,2,1,1,-77.13635479547489,-77.13635479547489,-29.94863293647768,119.99999999999991
random-s0-0113,prm,cycle,50.0,20.0,0.0,1,0,0,0,0,28.766230611000367,144.41410499958545,28.766230611000367,0.0
random-s0-0113,prm,cycle,50.0,100.0,0.0,1,0,0,0,0,61.54589520687139,153.4693557127838,61.54589520687139,0.0
random-s0-0113,prm,cycle,150.0,20.0,0.0,1,0,0,0,0,70.90528739324753,117.32228586837324,70.90528739324753,0.0
random-s0-0113,prm,cycle,150.0,100.0,0.0,1,0,1,1,0,-160.73974131795205,82.06124254319019,-160.73974131795205,340.0
random-s0-0113,prm,event,0.0,20.0,0.0,1,0,0,0,0,16.42453700810873,44.15097784035029,16.42453700810873,0.0
random-s0-0113,prm,event,0.0,100.0,0.0,1,0,2,1,1,-77.13635479547489,-77.13635479547489,-29.94863293647768,119.99999999999991
random-s0-0113,prm,event,50.0,20.0,0.0,1,0,0,0,0,24.089967544552763,24.089967544552763,55.631947847627885,0.0
random-s0-0113,prm,event,50.0,100.0,0.0,1,0,0,0,0,56.68579022793722,106.14628389161032,56.68579022793722,0.0
random-s0-0113,prm,event,150.0,20.0,0.0,1,0,0,0,0,61.54589520687122,227.05217429195807,61.54589520687122,0.0
random-s0-0113,prm,event,150.0,100.0,0.0,1,0,1,1,0,-160.73974131795205,69.82953093630954,-160.73974131795205,340.0
random-s0-0113,visibility,once,0.0,20.0,0.0,1,0,2,2,0,-160.7397413179521,289.69728319974706,-160.7397413179521,400.00000000000006
random-s0-0113,visibility,cycle,0.0,20.0,0.0,1,0,1,1,0,-172.74408547680346,248.34136210687416,-172.74408547680346,460.0000000000001
random-s0-0113,visibility,cycle,0.0,100.0,0.0,1,0,2,2,0,-170.39773831032932,219.51521145950267,-170.39773831032932,780.0000000000001
random-s0-0113,visibility,cycle,50.0,20.0,0.0,1,0,2,2,0,-151.7837064312399,283.01284402268584,-151.7837064312399,740.0000000000002
random-s0-0113,visibility,cycle,50.0,100.0,0.0,1,0,2,2,0,-156.1288644833126,253.45198519300212,-156.1288644833126,620.0000000000002
random-s0-0113,visibility,cycle,150.0,20.0,0.0,1,0,1,1,0,-128.7903772531657,42.201382723298025,-128.7903772531657,440.0000000000001
random-s0-0113,visibility,cycle,150.0,100.0,0.0,1,0,1,1,0,-160.73974131795205,19.548529933215637,-160.73974131795205,340.0
random-s0-0113,visibility,event,0.0,20.0,0.0,1,0,2,2,0,-179.12939818609112,249.82603860420775,-179.12939818609112,760.0000000000002
random-s0-0113,visibility,event,0.0,100.0,0.0,1,0,1,1,0,-170.39773831032932,219.51521145950267,-170.39773831032932,460.0000000000001
random-s0-0113,visibility,event,50.0,20.0,0.0,1,0,1,1,0,-154.28407927151432,287.0525117958687,-154.28407927151432,460.0000000000001
random-s0-0113,visibility,event,50.0,100.0,0.0,1,0,1,1,0,-156.1288644833126,253.45198519300212,-156.1288644833126,440.0000000000001
random-s0-0113,visibility,event,150.0,20.0,0.0,1,0,1,1,0,-128.7903772531657,38.07728515426288,-128.7903772531657,440.0000000000001
random-s0-0113,visibility,event,150.0,100.0,0.0,1,0,1,1,0,-160.73974131795205,19.548529933215637,-160.73974131795205,340.0
random-s0-0114,voronoi,once,0.0,20.0,0.0,1,0,3,2,1,-147.87166713757802,-147.87166713757802,-22.84919320350022,120.0
random-s0-0114,voronoi,cycle,0.0,20.0,0.0,1,0,0,0,0,18.250593999849144,84.3800282226145,18.250593999849144,0.0
random-s0-0114,voronoi,cycle,0.0,100.0,0.0,1,0,2,0,2,-94.69963600598582,-94.69963600598582,23.187337353324185,200.0
random-s0-0114,voronoi,cycle,50.0,20.0,0.0,1,0,0,0,0,39.04260427601355,200.75908687462663,39.04260427601355,0.0
random-s0-0114,voronoi,cycle,50.0,100.0,0.0,1,0,0,0,0,33.29518534741368,235.18963782695823,33.29518534741368,0.0
random-s0-0114,voronoi,cycle,150.0,20.0,0.0,1,0,0,0,0,106.89489592648756,458.44017688475583,106.89489592648756,0.0
random-s0-0114,voronoi,cycle,150.0,100.0,0.0,1,0,1,1,0,-2.582944933340457,317.5263684982834,-2.582944933340457,60.0
random-s0-0114,voronoi,event,0.0,20.0,0.0,1,0,2,0,2,-27.40965428180354,-27.40965428180354,23.18733735332393,60.0
random-s0-0114,voronoi,event,0.0,100.0,0.0,1,0,0,0,0,23.187337353324185,148.3747337976328,23.187337353324185,0.0
random-s0-0114,voronoi,event,50.0,20.0,0.0,1,0,1,1,0,-39.78187350710826,61.881610531363975,-39.78187350710826,439.9999999999906
random-s0-0114,voronoi,event,50.0,100.0,0.0,1,0,1,1,0,-57.594141447644986,38.309889057699735,-57.594141447644986,560.0000000000001
random-s0-0114,voronoi,event,150.0,20.0,0.0,1,0,0,0,0,8.53254780956155,227.8514604088737,8.53254780956155,0.0
random-s0-0114,voronoi,event,150.0,100.0,0.0,1,0,1,1,0,-41.815862822468006,280.68434604309533,-41.815862822468006,520.0000000000001
random-s0-0114,prm,once,0.0,20.0,0.0,1,0,1,0,1,-147.87166713757802,-147.87166713757802,5.506210478953307,40.0
random-s0-0114,prm,cycle,0.0,20.0,0.0,1,0,0,0,0,23.18733735332393,74.72459338023319,23.18733735332393,0.0
random-s0-0114,prm,cycle,0.0,100.0,0.0,1,0,1,0,1,-128.8000772632371,-128.8000772632371,23.187337353324185,59.99999999999992
random-s0-0114,prm,cycle,50.0,20.0,0.0,1,0,0,0,0,36.99858258959364,44.62443792755727,36.99858258959364,0.0
random-s0-0114,prm,cycle,50.0,100.0,0.0,1,0,0,0,0,23.187337353324185,306.59754001235626,23.187337353324185,0.0
random-s0-0114,prm,cycle,150.0,20.0,0.0,1,0,0,0,0,50.84549021621783,622.568399765095,50.84549021621783,0.0
random-s0-0114,prm,cycle,150.0,100.0,0.0,1,0,2,2,0,-41.90129995260213,269.9564785787146,-41.90129995260213,820.0000000000003
random-s0-0114,prm,event,0.0,20.0,0.0,1,0,0,0,0,23.18733735332393,49.83490919826451,23.18733735332393,0.0
random-s0-0114,prm,event,0.0,100.0,0.0,1,0,1,0,1,-128.8000772632371,-128.8000772632371,23.187337353324185,59.99999999999992
random-s0-0114,prm,event,50.0,20.0,0.0,1,0,1,1,0,-67.20953358382411,40.14202392398633,-67.20953358382411,320.0
random-s0-0114,prm,event,50.0,100.0,0.0,1,0,1,1,0,-38.81259407107899,102.67151002297165,-38.81259407107899,259.99999999999994
random-s0-0114,prm,event,150.0,20.0,0.0,1,0,0,0,0,39.714423695493736,754.3290866343634,39.714423695493736,0.0
random-s0-0114,prm,event,150.0,100.0,0.0,1,0,1,1,0,-15.63408628725665,791.5813048071523,-15.63408628725665,180.0
random-s0-0114,visibility,once,0.0,20.0,0.0,1,0,1,0,1,-147.87166713757802,-147.87166713757802,23.18733735332387,40.0
random-s0-0114,visibility,cycle,0.0,20.0,0.0,1,0,1,0,1,-21.9809629249998,-21.9809629249998,23.18733735332393,20.0
random-s0-0114,visibility,cycle,0.0,100.0,0.0,1,0,1,0,1,-46.7094458120817,-46.7094458120817,23.187337353324185,20.0
random-s0-0114,visibility,cycle,50.0,20.0,0.0,1,0,0,0,0,5.317203831040615,64.69362308177764,5.317203831040615,0.0
random-s0-0114,visibility,cycle,50.0,100.0,0.0,1,0,0,0,0,23.187337353324185,45.53343497350869,23.187337353324185,0.0
random-s0-0114,visibility,cycle,150.0,20.0,0.0,1,0,0,0,0,15.04380915898787,198.4676494195864,15.04380915898787,0.0
random-s0-0114,visibility,cycle,150.0,100.0,0.0,1,0,0,0,0,12.061637483651085,301.2003410112996,12.061637483651085,0.0
random-s0-0114,visibility,event,0.0,20.0,0.0,1,0,0,0,0,7.523738304704665,7.523738304704665,23.18733735332393,0.0
random-s0-0114,visibility,event,0.0,100.0,0.0,1,0,0,0,0,6.010439066545274,6.010439066545274,23.187337353324185,0.0
random-s0-0114,visibility,event,50.0,20.0,0.0,1,0,0,0,0,4.794904307941067,75.6950530377828,4.794904307941067,0.0
random-s0-0114,visibility,event,50.0,100.0,0.0,1,0,0,0,0,23.187337353324185,115.64396884800487,23.187337353324185,0.0
random-s0-0114,visibility,event,150.0,20.0,0.0,1,0,0,0,0,11.8344640109878,141.77391064388593,11.8344640109878,0.0
random-s0-0114,visibility,event,150.0,100.0,0.0,1,0,0,0,0,3.0712385754188745,196.12106116481576,3.0712385754188745,0.0
random-s0-0115,voronoi,once,0.0,20.0,0.0,1,0,1,0,1,-72.42954940658167,-72.42954940658167,111.41573473419731,60.0
random-s0-0115,voronoi,cycle,0.0,20.0,0.0,1,0,1,1,0,-20.578297992226567,394.6795951757614,-20.578297992226567,380.0
random-s0-0115,voronoi,cycle,0.0,100.0,0.0,1,0,0,0,0,65.25989518634881,394.6795951757614,65.25989518634881,0.0
random-s0-0115,voronoi,cycle,50.0,20.0,0.0,1,0,0,0,0,138.61575843938897,394.6795951757614,138.61575843938897,0.0
random-s0-0115,voronoi,cycle,50.0,100.0,0.0,1,0,0,0,0,185.44406345444293,394.6795951757614,185.44406345444293,0.0
random-s0-0115,voronoi,cycle,150.0,20.0,0.0,1,0,0,0,0,157.5457662847998,394.6795951757614,157.5457662847998,0.0
random-s0-0115,voronoi,cycle,150.0,100.0,0.0,1,0,0,0,0,224.26038198225783,394.6795951757614,224.26038198225783,0.0
random-s0-0115,voronoi,event,0.0,20.0,0.0,1,0,0,0,0,53.60000008983937,394.6795951757614,53.60000008983937,0.0
random-s0-0115,voronoi,event,0.0,100.0,0.0,1,0,0,0,0,33.81583752998964,394.6795951757614,33.81583752998964,0.0
random-s0-0115,voronoi,event,50.0,20.0,0.0,1,0,0,0,0,78.99497510314137,394.6795951757614,78.99497510314137,0.0
random-s0-0115,voronoi,event,50.0,100.0,0.0,1,0,0,0,0,58.9483834733056,394.6795951757614,58.9483834733056,0.0
random-s0-0115,voronoi,event,150.0,20.0,0.0,1,0,0,0,0,156.89213090469127,394.6795951757614,156.89213090469127,0.0
random-s0-0115,voronoi,event,150.0,100.0,0.0,1,0,0,0,0,184.13373722093104,394.6795951757614,184.13373722093104,0.0
random-s0-0115,prm,once,0.0,20.0,0.0,1,0,1,1,0,-105.45926127274193,394.6795951757613,-105.45926127274193,420.0000000000001
random-s0-0115,prm,cycle,0.0,20.0,0.0,1,0,0,0,0,49.55126284336259,394.6795951757614,49.55126284336259,0.0
random-s0-0115,prm,cycle,0.0,100.0,0.0,1,0,0,0,0,102.95377329527712,394.6795951757614,102.95377329527712,0.0
random-s0-0115,prm,cycle,50.0,20.0,0.0,1,0,0,0,0,90.11371919928916,394.6795951757614,90.11371919928916,0.0
random-s0-0115,prm,cycle,50.0,100.0,0.0,1,0,0,0,0,116.77296259024672,394.6795951757614,116.77296259024672,0.0
random-s0-0115,prm,cycle,150.0,20.0,0.0,1,0,0,0,0,224.26038198225763,394.6795951757614,224.26038198225763,0.0
random-s0-0115,prm,cycle,150.0,100.0,0.0,1,0,0,0,0,224.26038198225783,394.6795951757614,224.26038198225783,0.0
random-s0-0115,prm,event,0.0,20.0,0.0,1,0,0,0,0,54.454533924777024,394.6795951757614,54.454533924777024,0.0
random-s0-0115,prm,event,0.0,100.0,0.0,1,0,0,0,0,60.62977206168142,394.6795951757614,60.62977206168142,0.0
random-s0-0115,prm,event,50.0,20.0,0.0,1,0,0,0,0,80.63380934402932,394.6795951757614,80.63380934402932,0.0
random-s0-0115,prm,event,50.0,100.0,0.0,1,0,0,0,0,121.44330951305756,394.6795951757614,121.44330951305756,0.0
random-s0-0115,prm,event,150.0,20.0,0.0,1,0,0,0,0,135.46773446746897,394.6795951757614,135.46773446746897,0.0
random-s0-0115,prm,event,150.0,100.0,0.0,1,0,0,0,0,121.44330951305756,394.6795951757614,121.44330951305756,0.0
random-s0-0115,visibility,once,0.0,20.0,0.0,1,0,1,1,0,-137.93193875348487,394.6795951757613,-137.93193875348487,80.0
random-s0-0115,visibility,cycle,0.0,20.0,0.0,1,0,0,0,0,97.99686945347868,394.6795951757614,97.99686945347868,0.0
random-s0-0115,visibility,cycle,0.0,100.0,0.0,1,0,0,0,0,95.79467681739908,394.6795951757614,95.79467681739908,0.0
random-s0-0115,visibility,cycle,50.0,20.0,0.0,1,0,0,0,0,84.98049930162432,394.6795951757614,84.98049930162432,0.0
random-s0-0115,visibility,cycle,50.0,100.0,0.0,1,0,0,0,0,119.99408575797828,394.6795951757614,119.99408575797828,0.0
random-s0-0115,visibility,cycle,150.0,20.0,0.0,1,0,0,0,0,91.74600915643094,394.6795951757614,91.74600915643094,0.0
random-s0-0115,visibility,cycle,150.0,100.0,0.0,1,0,0,0,0,129.8234473678154,394.6795951757614,129.8234473678154,0.0
random-s0-0115,visibility,event,0.0,20.0,0.0,1,0,0,0,0,101.9884527530977,394.6795951757614,101.9884527530977,0.0
random-s0-0115,visibility,event,0.0,100.0,0.0,1,0,0,0,0,105.70024718474605,394.6795951757614,105.70024718474605,0.0
random-s0-0115,visibility,event,50.0,20.0,0.0,1,0,0,0,0,112.28453795383284,394.6795951757614,112.28453795383284,0.0
random-s0-0115,visibility,event,50.0,100.0,0.0,1,0,0,0,0,162.34883007754848,394.6795951757614,162.34883007754848,0.0
random-s0-0115,visibility,event,150.0,20.0,0.0,1,0,0,0,0,112.06489160773492,394.6795951757614,112.06489160773492,0.0
random-s0-0115,visibility,event,150.0,100.0,0.0,1,0,0,0,0,166.47390306620397,394.6795951757614,166.47390306620397,0.0
random-s0-0116,voronoi,once,0.0,20.0,0.0,1,0,8,5,3,-164.34765629520066,-144.88701430043042,-164.34765629520066,1260.000000000001
random-s0-0116,voronoi,cycle,0.0,20.0,0.0,1,0,1,1,0,-131.66633235351958,28.807089829582083,-131.66633235351958,420.0000000000001
random-s0-0116,voronoi,cycle,0.0,100.0,0.0,1,0,2,2,0,-131.66633235351983,27.30398612847131,-131.66633235351983,880.0000000000005
random-s0-0116,voronoi,cycle,50.0,20.0,0.0,1,0,1,1,0,-132.42123347696187,117.883225698261,-132.42123347696187,420.0000000000001
random-s0-0116,voronoi,cycle,50.0,100.0,0.0,1,0,1,1,0,-128.7816304133964,75.62049055525708,-128.7816304133964,420.0000000000001
random-s0-0116,voronoi,cycle,150.0,20.0,0.0,1,0,1,1,0,-128.74735292566666,213.07341454143003,-128.74735292566666,240.0
random-s0-0116,voronoi,cycle,150.0,100.0,0.0,1,0,1,1,0,-129.75860705253783,91.50825614638892,-129.75860705253783,420.0000000000001
random-s0-0116,voronoi,event,0.0,20.0,0.0,1,0,1,1,0,-129.27896514875982,2.5641336295392705,-129.27896514875982,420.0000000000001
random-s0-0116,voronoi,event,0.0,100.0,0.0,1,0,4,3,1,-127.16976453352352,-33.65771997742013,-127.16976453352352,1320.0000000000005
random-s0-0116,voronoi,event,50.0,20.0,0.0,1,0,1,1,0,-130.19068105153178,107.5765764703608,-130.19068105153178,420.0000000000001
random-s0-0116,voronoi,event,50.0,100.0,0.0,1,0,1,1,0,-130.87137912111118,176.5325409646232,-130.87137912111118,420.0000000000001
random-s0-0116,voronoi,event,150.0,20.0,0.0,1,0,1,1,0,-112.5064821987108,334.477185165911,-112.5064821987108,400.00000000000006
random-s0-0116,voronoi,event,150.0,100.0,0.0,1,0,1,1,0,-129.69556850240997,241.78413461536047,-129.69556850240997,420.0000000000001
random-s0-0116,prm,once,0.0,20.0,0.0,1,0,2,2,0,-131.66633235351952,82.69693059315392,-131.66633235351952,460.0000000000001
random-s0-0116,prm,cycle,0.0,20.0,0.0,1,0,4,3,1,-168.03991855920506,-168.03991855920506,-150.39715547436174,1780.0000000000011
random-s0-0116,prm,cycle,0.0,100.0,0.0,1,0,0,0,0,82.69693059315392,82.69693059315392,88.24195836483563,0.0
random-s0-0116,prm,cycle,50.0,20.0,0.0,1,0,0,0,0,76.31105294121375,117.94052905230348,76.31105294121375,0.0
random-s0-0116,prm,cycle,50.0,100.0,0.0,1,0,0,0,0,55.15010727822221,55.15010727822221,88.24195836483563,0.0
random-s0-0116,prm,cycle,150.0,20.0,0.0,1,0,1,1,0,-113.22421402666372,15.665133327107869,-113.22421402666372,160.0
random-s0-0116,prm,cycle,150.0,100.0,0.0,1,0,1,1,0,-18.633056117711103,172.52536909878074,-18.633056117711103,20.0
random-s0-0116,prm,event,0.0,20.0,0.0,1,0,0,0,0,68.63667782226742,68.91908495404482,68.63667782226742,0.0
random-s0-0116,prm,event,0.0,100.0,0.0,1,0,2,1,1,-117.41337537934623,-117.41337537934623,-90.26605933333371,279.9999999999999
random-s0-0116,prm,event,50.0,20.0,0.0,1,0,0,0,0,66.20972528566196,187.49761975445196,66.20972528566196,0.0
random-s0-0116,prm,event,50.0,100.0,0.0,1,0,0,0,0,38.803069316047385,46.676269612317554,38.803069316047385,0.0
random-s0-0116,prm,event,150.0,20.0,0.0,1,0,0,0,0,159.57396676270918,191.9770083784852,159.57396676270918,0.0
random-s0-0116,prm,event,150.0,100.0,0.0,1,0,0,0,0,159.57396676270935,221.88972365284013,159.57396676270935,0.0
random-s0-0116,visibility,once,0.0,20.0,0.0,1,0,3,1,2,-131.66633235351952,-107.97547651354247,-131.66633235351952,680.0000000000002
random-s0-0116,visibility,cycle,0.0,20.0,0.0,1,0,0,0,0,6.588649349489003,6.588649349489003,36.19272044567381,0.0
random-s0-0116,visibility,cycle,0.0,100.0,0.0,1,0,0,0,0,4.879148053871944,4.879148053871944,29.64903279052132,0.0
random-s0-0116,visibility,cycle,50.0,20.0,0.0,1,0,0,0,0,39.43777251208442,129.0398836569522,39.43777251208442,0.0
random-s0-0116,visibility,cycle,50.0,100.0,0.0,1,0,2,1,1,-117.96762589937808,-43.35692049307946,-117.96762589937808,180.0
random-s0-0116,visibility,cycle,150.0,20.0,0.0,1,0,0,0,0,81.63927160077975,81.63927160077975,185.18216202993776,0.0
random-s0-0116,visibility,cycle,150.0,100.0,0.0,1,0,1,1,0,-0.8164674797561702,82.69693059315392,-0.8164674797561702,0.0
random-s0-0116,visibility,event,0.0,20.0,0.0,1,0,1,0,1,-1.0175858694285864,-1.0175858694285864,44.545667653004585,20.0
random-s0-0116,visibility,event,0.0,100.0,0.0,1,0,0,0,0,36.97402500580097,39.34037238593877,36.97402500580097,0.0
random-s0-0116,visibility,event,50.0,20.0,0.0,1,0,1,1,0,-4.85668723259252,95.72215066346216,-4.85668723259252,40.0
random-s0-0116,visibility,event,50.0,100.0,0.0,1,0,1,1,0,-131.85029785486782,66.89335727626772,-131.85029785486782,259.99999999999994
random-s0-0116,visibility,event,150.0,20.0,0.0,1,0,1,1,0,-120.72393374911616,61.924750345208,-120.72393374911616,259.99999999999994
random-s0-0116,visibility,event,150.0,100.0,0.0,1,0,3,2,1,-137.9273415223601,-110.98064641113548,-137.9273415223601,559.9999999999999
random-s0-0117,voronoi,once,0.0,20.0,0.0,1,0,9,5,4,-147.64093443519715,-147.64093443519715,-128.73224107805308,2340.000000000002
random-s0-0117,voronoi,cycle,0.0,20.0,0.0,1,0,4,4,0,-6.530755885958115,14.58340055060654,-6.530755885958115,180.0
random-s0-0117,voronoi,cycle,0.0,100.0,0.0,1,0,2,2,0,-18.363958729647777,13.623697473128315,-18.363958729647777,59.99999999999992
random-s0-0117,voronoi,cycle,50.0,20.0,0.0,1,0,0,0,0,34.968178249675844,34.968178249675844,116.66501691003585,0.0
random-s0-0117,voronoi,cycle,50.0,100.0,0.0,1,0,0,0,0,102.5167080223108,102.5167080223108,225.88715342390304,0.0
random-s0-0117,voronoi,cycle,150.0,20.0,0.0,1,0,0,0,0,124.65872377139392,124.65872377139392,189.10362340134012,0.0
random-s0-0117,voronoi,cycle,150.0,100.0,0.0,1,0,0,0,0,70.37342485929759,70.37342485929759,203.81383003292137,0.0
random-s0-0117,voronoi,event,0.0,20.0,0.0,1,0,0,0,0,32.65809167940577,32.65809167940577,52.65691621441994,0.0
random-s0-0117,voronoi,event,0.0,100.0,0.0,1,0,1,0,1,-4.427813916405682,-4.427813916405682,56.38361687095204,20.0
random-s0-0117,voronoi,event,50.0,20.0,0.0,1,0,0,0,0,48.88912318052749,86.9898051098125,48.88912318052749,0.0
random-s0-0117,voronoi,event,50.0,100.0,0.0,1,0,0,0,0,87.29261983730999,87.29261983730999,172.249962945039,0.0
random-s0-0117,voronoi,event,150.0,20.0,0.0,1,0,1,1,0,-72.8027436751281,117.61673584018672,-72.8027436751281,399.9999999999915
random-s0-0117,voronoi,event,150.0,100.0,0.0,1,0,1,1,0,-35.419739771273385,102.1776449374097,-35.419739771273385,60.0
random-s0-0117,prm,once,0.0,20.0,0.0,1,0,4,1,3,-147.64093443519715,-147.64093443519715,-87.77276074085259,700.0000000000003
random-s0-0117,prm,cycle,0.0,20.0,0.0,1,0,0,0,0,16.53723055848485,16.53723055848485,20.65270069931418,0.0
random-s0-0117,prm,cycle,0.0,100.0,0.0,1,0,5,1,4,-131.63575375602974,-131.63575375602974,-42.54513867358372,560.0
random-s0-0117,prm,cycle,50.0,20.0,0.0,1,0,1,1,0,-83.22912022315171,92.68438500279274,-83.22912022315171,560.0000000000001
random-s0-0117,prm,cycle,50.0,100.0,0.0,1,0,3,1,2,-162.54044601421208,-162.54044601421208,-87.77276074085282,700.0000000000002
random-s0-0117,prm,cycle,150.0,20.0,0.0,1,0,1,0,1,-63.20577581591154,-63.20577581591154,31.256635321719894,40.0
random-s0-0117,prm,cycle,150.0,100.0,0.0,1,0,1,0,1,-63.20577581591155,-63.20577581591155,44.07807359365984,40.0
random-s0-0117,prm,event,0.0,20.0,0.0,1,0,1,0,1,-7.461054948473048,-7.461054948473048,26.290783729790945,20.0
random-s0-0117,prm,event,0.0,100.0,0.0,1,0,5,1,4,-131.63575375602974,-131.63575375602974,-42.54513867358372,560.0
random-s0-0117,prm,event,50.0,20.0,0.0,1,0,0,0,0,50.541984276015256,55.19283947132553,50.541984276015256,0.0
random-s0-0117,prm,event,50.0,100.0,0.0,1,0,3,1,2,-87.77276074085282,-63.20577581591155,-87.77276074085282,640.0000000000001
random-s0-0117,prm,event,150.0,20.0,0.0,1,0,1,0,1,-63.20577581591154,-63.20577581591154,195.8468411228542,40.0
random-s0-0117,prm,event,150.0,100.0,0.0,1,0,1,0,1,-63.20577581591155,-63.20577581591155,144.25459959312462,40.0
random-s0-0117,visibility,once,0.0,20.0,0.0,1,0,3,1,2,-149.71850437207732,-149.71850437207732,-87.77276074085259,660.0000000000002
random-s0-0117,visibility,cycle,0.0,20.0,0.0,1,0,1,1,0,-87.77276074085256,16.003821263940864,-87.77276074085256,560.0000000000001
random-s0-0117,visibility,cycle,0.0,100.0,0.0,1,0,1,1,0,-87.77276074085282,26.20373046209673,-87.77276074085282,560.0000000000001
random-s0-0117,visibility,cycle,50.0,20.0,0.0,1,0,1,1,0,-87.77276074085256,39.584616840385024,-87.77276074085256,560.0000000000001
random-s0-0117,visibility,cycle,50.0,100.0,0.0,1,0,1,1,0,-87.77276074085282,57.05638332491529,-87.77276074085282,560.0000000000001
random-s0-0117,visibility,cycle,150.0,20.0,0.0,1,0,1,1,0,-125.20022264181011,57.05638332491529,-125.20022264181011,420.0000000000001
random-s0-0117,visibility,cycle,150.0,100.0,0.0,1,0,0,0,0,57.05638332491529,57.05638332491529,84.86061841629743,0.0
random-s0-0117,visibility,event,0.0,20.0,0.0,1,0,1,1,0,-87.77276074085256,70.98935016256883,-87.77276074085256,560.0000000000001
random-s0-0117,visibility,event,0.0,100.0,0.0,1,0,1,1,0,-87.77276074085282,74.63117386955457,-87.77276074085282,560.0000000000001
random-s0-0117,visibility,event,50.0,20.0,0.0,1,0,3,2,1,-157.9996623896304,-26.8284989237024,-157.9996623896304,880.0000000000005
random-s0-0117,visibility,event,50.0,100.0,0.0,1,0,2,1,1,-87.77276074085282,-79.21060703104871,-87.77276074085282,640.0000000000002
random-s0-0117,visibility,event,150.0,20.0,0.0,1,0,0,0,0,57.05638332491529,57.05638332491529,86.10729623186285,0.0
random-s0-0117,visibility,event,150.0,100.0,0.0,1,0,2,0,2,-50.15100502401586,-50.15100502401586,6.1416080876152535,100.0
random-s0-0118,voronoi,once,0.0,20.0,0.0,1,0,5,2,3,-172.12816103633924,-172.12816103633924,-98.80639557229748,660.0000000000002
random-s0-0118,voronoi,cycle,0.0,20.0,0.0,1,0,1,1,0,-5.961781071132293,89.50055484093292,-5.961781071132293,40.0
random-s0-0118,voronoi,cycle,0.0,100.0,0.0,1,0,3,2,1,-56.59003858281915,-56.3759460614276,-56.59003858281915,360.00000000000006
random-s0-0118,voronoi,cycle,50.0,20.0,0.0,1,0,2,2,0,-96.3132474344338,96.8697092512599,-96.3132474344338,560.0000000000001
random-s0-0118,voronoi,cycle,50.0,100.0,0.0,1,0,2,2,0,-94.50225936297475,74.56290535380691,-94.50225936297475,620.0000000000002
random-s0-0118,voronoi,cycle,150.0,20.0,0.0,1,0,1,1,0,-151.90255808976042,104.16994943284531,-151.90255808976042,380.00000000000006
random-s0-0118,voronoi,cycle,150.0,100.0,0.0,1,0,1,1,0,-172.27285494972006,141.29856831302556,-172.27285494972006,360.00000000000006
random-s0-0118,voronoi,event,0.0,20.0,0.0,1,0,0,0,0,5.446894791808518,83.57448814942518,5.446894791808518,0.0
random-s0-0118,voronoi,event,0.0,100.0,0.0,1,0,2,1,1,-56.3759460614276,-56.3759460614276,-31.27954104215746,220.0
random-s0-0118,voronoi,event,50.0,20.0,0.0,1,0,2,2,0,-96.20520768013156,110.4389696914934,-96.20520768013156,580.0000000000002
random-s0-0118,voronoi,event,50.0,100.0,0.0,1,0,2,2,0,-94.50225936297475,141.29856831302556,-94.50225936297475,620.0000000000002
random-s0-0118,voronoi,event,150.0,20.0,0.0,1,0,2,2,0,-91.50337187355858,33.57331660081948,-91.50337187355858,660.0000000000002
random-s0-0118,voronoi,event,150.0,100.0,0.0,1,0,1,1,0,-144.04319873495146,141.29856831302556,-144.04319873495146,360.00000000000006
random-s0-0118,prm,once,0.0,20.0,0.0,1,0,4,2,2,-172.12816103633924,-172.12816103633924,-98.80639557229748,660.0000000000002
random-s0-0118,prm,cycle,0.0,20.0,0.0,1,0,0,0,0,13.006271259092273,107.95409696986354,13.006271259092273,0.0
random-s0-0118,prm,cycle,0.0,100.0,0.0,1,0,0,0,0,5.95978199532658,5.95978199532658,13.006271259092358,0.0
random-s0-0118,prm,cycle,50.0,20.0,0.0,1,0,1,1,0,-21.44209614095439,141.29856831302556,-21.44209614095439,279.99999999999994
random-s0-0118,prm,cycle,50.0,100.0,0.0,1,0,0,0,0,6.344489404112011,141.29856831302556,6.344489404112011,0.0
random-s0-0118,prm,cycle,150.0,20.0,0.0,1,0,2,2,0,-93.64250654556126,141.29856831302556,-93.64250654556126,460.0000000000001
random-s0-0118,prm,cycle,150.0,100.0,0.0,1,0,3,2,1,-172.12816103633924,-172.12816103633924,-60.06668427263402,540.0000000000001
random-s0-0118,prm,event,0.0,20.0,0.0,1,0,0,0,0,13.006271259092273,81.60544320942529,13.006271259092273,0.0
random-s0-0118,prm,event,0.0,100.0,0.0,1,0,0,0,0,5.95978199532658,5.95978199532658,41.82732570912757,0.0
random-s0-0118,prm,event,50.0,20.0,0.0,1,0,2,2,0,-95.331081267453,141.29856831302556,-95.331081267453,580.0000000000002
random-s0-0118,prm,event,50.0,100.0,0.0,1,0,1,1,0,-3.29380904495514,141.29856831302556,-3.29380904495514,20.0
random-s0-0118,prm,event,150.0,20.0,0.0,1,0,2,2,0,-92.12889496987437,4.031297349904833,-92.12889496987437,620.0000000000002
random-s0-0118,prm,event,150.0,100.0,0.0,1,0,3,2,1,-172.12816103633924,-172.12816103633924,-92.31654428695488,720.0000000000003
random-s0-0118,visibility,once,0.0,20.0,0.0,1,0,2,0,2,-172.12816103633924,-172.12816103633924,13.006271259092188,140.0
random-s0-0118,visibility,cycle,0.0,20.0,0.0,1,0,2,1,1,-49.11242448078755,-19.784619015962363,-49.11242448078755,200.0
random-s0-0118,visibility,cycle,0.0,100.0,0.0,1,0,4,3,1,-111.10104555470846,-21.744410068701114,-111.10104555470846,780.0000000000003
random-s0-0118,visibility,cycle,50.0,20.0,0.0,1,0,3,3,0,-98.80639557229738,47.96006068828413,-98.80639557229738,760.0000000000003
random-s0-0118,visibility,cycle,50.0,100.0,0.0,1,0,2,2,0,-98.8063955722975,20.83978652541427,-98.8063955722975,520.0000000000001
random-s0-0118,visibility,cycle,150.0,20.0,0.0,1,0,3,3,0,-97.6629120893996,21.267095447516084,-97.6629120893996,840.0000000000005
random-s0-0118,visibility,cycle,150.0,100.0,0.0,1,0,4,3,1,-172.12816103633924,-172.12816103633924,-72.15702222409975,580.0000000000002
random-s0-0118,visibility,event,0.0,20.0,0.0,1,0,1,1,0,-54.01924641956508,10.134285573366723,-54.01924641956508,200.0
random-s0-0118,visibility,event,0.0,100.0,0.0,1,0,3,2,1,-98.8063955722975,-20.134225533407488,-98.8063955722975,740.0000000000003
random-s0-0118,visibility,event,50.0,20.0,0.0,1,0,2,2,0,-98.80639557229738,39.14138865983071,-98.80639557229738,520.0000000000001
random-s0-0118,visibility,event,50.0,100.0,0.0,1,0,4,3,1,-98.8063955722975,-29.874992337345446,-98.8063955722975,780.0000000000003
random-s0-0118,visibility,event,150.0,20.0,0.0,1,0,2,2,0,-96.9680090245388,31.79504364340474,-96.9680090245388,600.0000000000002
random-s0-0118,visibility,event,150.0,100.0,0.0,1,0,2,1,1,-172.12816103633924,-172.12816103633924,-16.076940500035647,219.99999999999991
random-s0-0119,voronoi,once,0.0,20.0,0.0,1,0,2,2,0,-46.74791429108322,402.6727637285941,-46.74791429108322,120.0
random-s0-0119,voronoi,cycle,0.0,20.0,0.0,1,0,1,1,0,-46.74791429108325,361.26431453836574,-46.74791429108325,80.0
random-s0-0119,voronoi,cycle,0.0,100.0,0.0,1,0,1,1,0,-82.56429812337397,365.9729660564688,-82.56429812337397,160.0
random-s0-0119,voronoi,cycle,50.0,20.0,0.0,1,0,1,1,0,-74.82349616674301,531.5823168493213,-74.82349616674301,140.0
random-s0-0119,voronoi,cycle,50.0,100.0,0.0,1,0,1,1,0,-99.16071693412393,534.8132582543373,-99.16071693412393,240.0
random-s0-0119,voronoi,cycle,150.0,20.0,0.0,1,0,0,0,0,44.400235656861724,561.852582406384,44.400235656861724,0.0
random-s0-0119,voronoi,cycle,150.0,100.0,0.0,1,0,0,0,0,4.463288529983203,578.2409818352603,4.463288529983203,0.0
random-s0-0119,voronoi,event,0.0,20.0,0.0,1,0,1,1,0,-46.74791429108325,361.26431453836574,-46.74791429108325,80.0
random-s0-0119,voronoi,event,0.0,100.0,0.0,1,0,1,1,0,-82.56429812337397,365.9729660564688,-82.56429812337397,160.0
random-s0-0119,voronoi,event,50.0,20.0,0.0,1,0,1,1,0,-66.14940637403956,540.1720085625108,-66.14940637403956,120.0
random-s0-0119,voronoi,event,50.0,100.0,0.0,1,0,1,1,0,-94.25973326728108,543.6541623074987,-94.25973326728108,200.0
random-s0-0119,voronoi,event,150.0,20.0,0.0,1,0,0,0,0,33.59807127208035,547.3156340742875,33.59807127208035,0.0
random-s0-0119,voronoi,event,150.0,100.0,0.0,1,0,0,0,0,53.428463831337325,535.1484506420285,53.428463831337325,0.0
random-s0-0119,prm,once,0.0,20.0,0.0,1,0,1,1,0,-18.86781271974604,402.6727637285941,-18.86781271974604,40.0
random-s0-0119,prm,cycle,0.0,20.0,0.0,1,0,1,1,0,-0.2378401610490073,368.1056797252066,-0.2378401610490073,20.0
random-s0-0119,prm,cycle,0.0,100.0,0.0,1,0,0,0,0,8.328573877110102,351.3047152430545,8.328573877110102,0.0
random-s0-0119,prm,cycle,50.0,20.0,0.0,1,0,0,0,0,36.39084640508608,408.1104253891472,36.39084640508608,0.0
random-s0-0119,prm,cycle,50.0,100.0,0.0,1,0,0,0,0,30.43795204193256,401.5492970225099,30.43795204193256,0.0
random-s0-0119,prm,cycle,150.0,20.0,0.0,1,0,0,0,0,107.43296781709104,500.6752918330095,107.43296781709104,0.0
random-s0-0119,prm,cycle,150.0,100.0,0.0,1,0,0,0,0,90.35503779484992,722.8155081784432,90.35503779484992,0.0
random-s0-0119,prm,event,0.0,20.0,0.0,1,0,1,1,0,-0.2378401610490073,368.1056797252066,-0.2378401610490073,20.0
random-s0-0119,prm,event,0.0,100.0,0.0,1,0,0,0,0,8.328573877110102,351.3047152430545,8.328573877110102,0.0
random-s0-0119,prm,event,50.0,20.0,0.0,1,0,0,0,0,36.39084640508608,408.1104253891472,36.39084640508608,0.0
random-s0-0119,prm,event,50.0,100.0,0.0,1,0,0,0,0,30.43795204193256,401.5492970225099,30.43795204193256,0.0
random-s0-0119,prm,event,150.0,20.0,0.0,1,0,0,0,0,93.74772060803758,722.8155081784432,93.74772060803758,0.0
random-s0-0119,prm,event,150.0,100.0,0.0,1,0,0,0,0,90.35503779484992,722.8155081784432,90.35503779484992,0.0
random-s0-0119,visibility,once,0.0,20.0,0.0,1,0,1,1,0,-18.86781271974604,402.6727637285941,-18.86781271974604,40.0
random-s0-0119,visibility,cycle,0.0,20.0,0.0,1,0,1,1,0,-22.328003004246423,253.41435415740523,-22.328003004246423,40.0
random-s0-0119,visibility,cycle,0.0,100.0,0.0,1,0,1,1,0,-18.5509885889021,258.785920698454,-18.5509885889021,40.0
random-s0-0119,visibility,cycle,50.0,20.0,0.0,1,0,1,1,0,-6.162240885548954,224.61689793027767,-6.162240885548954,20.0
random-s0-0119,visibility,cycle,50.0,100.0,0.0,1,0,0,0,0,4.000303233608264,211.412112900348,4.000303233608264,0.0
random-s0-0119,visibility,cycle,150.0,20.0,0.0,1,0,0,0,0,59.33007683221058,499.9166540658796,59.33007683221058,0.0
random-s0-0119,visibility,cycle,150.0,100.0,0.0,1,0,0,0,0,47.14310613424101,467.37205698933496,47.14310613424101,0.0
random-s0-0119,visibility,event,0.0,20.0,0.0,1,0,1,1,0,-25.72135757234554,264.84955989373174,-25.72135757234554,60.0
random-s0-0119,visibility,event,0.0,100.0,0.0,1,0,1,1,0,-24.69219927186458,266.4779700789113,-24.69219927186458,40.0
random-s0-0119,visibility,event,50.0,20.0,0.0,1,0,1,1,0,-18.01694665119595,242.2213889438169,-18.01694665119595,20.0
random-s0-0119,visibility,event,50.0,100.0,0.0,1,0,0,0,0,2.073873176410672,223.00192669424337,2.073873176410672,0.0
random-s0-0119,visibility,event,150.0,20.0,0.0,1,0,0,0,0,38.67830846533849,431.3389588864427,38.67830846533849,0.0
random-s0-0119,visibility,event,150.0,100.0,0.0,1,0,0,0,0,16.802808817623998,505.20092401111606,16.802808817623998,0.0
random-s0-0120,voronoi,once,0.0,20.0,0.0,1,0,3,0,3,-84.81197598121982,-84.81197598121982,7.59855831154249,120.0
random-s0-0120,voronoi,cycle,0.0,20.0,0.0,1,0,1,1,0,-4.779599031070035,124.49443734413688,-4.779599031070035,120.0
random-s0-0120,voronoi,cycle,0.0,100.0,0.0,1,0,1,0,1,-76.8470133602646,-76.8470133602646,3.06774904772098,59.99999999999991
random-s0-0120,voronoi,cycle,50.0,20.0,0.0,1,0,0,0,0,51.12011014773108,194.33448491239665,51.12011014773108,0.0
random-s0-0120,voronoi,cycle,50.0,100.0,0.0,1,0,0,0,0,51.12011014773094,310.83059983018285,51.12011014773094,0.0
random-s0-0120,voronoi,cycle,150.0,20.0,0.0,1,0,0,0,0,51.12011014773108,383.31868029309953,51.12011014773108,0.0
random-s0-0120,voronoi,cycle,150.0,100.0,0.0,1,0,0,0,0,51.12011014773094,289.1614548641325,51.12011014773094,0.0
random-s0-0120,voronoi,event,0.0,20.0,0.0,1,0,1,1,0,-5.763772146339306,29.99817712811108,-5.763772146339306,100.0
random-s0-0120,voronoi,event,0.0,100.0,0.0,1,0,1,0,1,-76.8470133602646,-76.8470133602646,3.06774904772098,59.99999999999991
random-s0-0120,voronoi,event,50.0,20.0,0.0,1,0,0,0,0,51.12011014773108,111.8296526083284,51.12011014773108,0.0
random-s0-0120,voronoi,event,50.0,100.0,0.0,1,0,0,0,0,41.62500172714695,241.96990551414177,41.62500172714695,0.0
random-s0-0120,voronoi,event,150.0,20.0,0.0,1,0,0,0,0,16.460564782279988,16.460564782279988,51.12011014773108,0.0
random-s0-0120,voronoi,event,150.0,100.0,0.0,1,0,0,0,0,3.5044331558538038,3.5044331558538038,51.12011014773094,0.0
random-s0-0120,prm,once,0.0,20.0,0.0,1,0,3,0,3,-84.81197598121982,-84.81197598121982,7.59855831154249,120.0
random-s0-0120,prm,cycle,0.0,20.0,0.0,1,0,2,1,1,-32.7368978078232,-32.7368978078232,-19.799139738089565,140.0
random-s0-0120,prm,cycle,0.0,100.0,0.0,1,0,2,0,2,-163.91262646609056,-163.91262646609056,51.12011014773094,139.99999999999983
random-s0-0120,prm,cycle,50.0,20.0,0.0,1,0,0,0,0,51.12011014773108,273.5360195299194,51.12011014773108,0.0
random-s0-0120,prm,cycle,50.0,100.0,0.0,1,0,0,0,0,51.12011014773094,145.77405042220613,51.12011014773094,0.0
random-s0-0120,prm,cycle,150.0,20.0,0.0,1,0,0,0,0,51.12011014773108,251.29463064902075,51.12011014773108,0.0
random-s0-0120,prm,cycle,150.0,100.0,0.0,1,0,0,0,0,51.12011014773094,98.6842380604988,51.12011014773094,0.0
random-s0-0120,prm,event,0.0,20.0,0.0,1,0,1,0,1,-164.46431521889508,-164.46431521889508,1.157621060272362,1260.000000000001
random-s0-0120,prm,event,0.0,100.0,0.0,1,0,2,0,2,-163.91262646609056,-163.91262646609056,51.12011014773094,139.99999999999983
random-s0-0120,prm,event,50.0,20.0,0.0,1,0,0,0,0,1.168029236551348,1.168029236551348,51.12011014773108,0.0
random-s0-0120,prm,event,50.0,100.0,0.0,1,0,0,0,0,47.60022019246,408.9010633031386,47.60022019246,0.0
random-s0-0120,prm,event,150.0,20.0,0.0,1,0,0,0,0,51.12011014773108,408.9010633031388,51.12011014773108,0.0
random-s0-0120,prm,event,150.0,100.0,0.0,1,0,0,0,0,51.12011014773094,149.16148325700442,51.12011014773094,0.0
random-s0-0120,visibility,once,0.0,20.0,0.0,1,0,3,0,3,-84.81197598121982,-84.81197598121982,7.59855831154249,120.0
random-s0-0120,visibility,cycle,0.0,20.0,0.0,1,0,1,1,0,-0.8672345330194275,38.38482371169209,-0.8672345330194275,20.0
random-s0-0120,visibility,cycle,0.0,100.0,0.0,1,0,1,1,0,-9.934130771471333,2.170547435127446,-9.934130771471333,60.0
random-s0-0120,visibility,cycle,50.0,20.0,0.0,1,0,1,1,0,-80.56189759824154,220.07668378176504,-80.56189759824154,200.0
random-s0-0120,visibility,cycle,50.0,100.0,0.0,1,0,0,0,0,8.415022314025862,118.93934846907264,8.415022314025862,0.0
random-s0-0120,visibility,cycle,150.0,20.0,0.0,1,0,3,3,0,-167.0628672283476,85.43977354633154,-167.0628672283476,500.0000000000001
random-s0-0120,visibility,cycle,150.0,100.0,0.0,1,0,2,2,0,-153.49957605720326,69.2408001486121,-153.49957605720326,220.0
random-s0-0120,visibility,event,0.0,20.0,0.0,1,0,1,1,0,-1.932506153769708,69.42558191241318,-1.932506153769708,40.0
random-s0-0120,visibility,event,0.0,100.0,0.0,1,0,1,1,0,-9.934130771471333,2.170547435127446,-9.934130771471333,60.0
random-s0-0120,visibility,event,50.0,20.0,0.0,1,0,1,1,0,-76.36209700654113,223.94975174111744,-76.36209700654113,200.0
random-s0-0120,visibility,event,50.0,100.0,0.0,1,0,1,1,0,-98.80065219951165,105.95531826372309,-98.80065219951165,259.99999999999994
random-s0-0120,visibility,event,150.0,20.0,0.0,1,0,1,1,0,-158.77984993374344,299.03890073376994,-158.77984993374344,340.0
random-s0-0120,visibility,event,150.0,100.0,0.0,1,0,1,1,0,-57.64068432395406,95.99091436887392,-57.64068432395406,60.0
random-s0-0121,voronoi,once,0.0,20.0,0.0,1,0,1,1,0,-169.04671759974164,33.84974979583242,-169.04671759974164,360.00000000000006
random-s0-0121,voronoi,cycle,0.0,20.0,0.0,1,0,1,1,0,-0.0822680686809746,126.7260572465516,-0.0822680686809746,20.0
random-s0-0121,voronoi,cycle,0.0,100.0,0.0,1,0,1,0,1,-8.062244037885648,-8.062244037885648,134.59808971091326,20.0
random-s0-0121,voronoi,cycle,50.0,20.0,0.0,1,0,0,0,0,25.95113624074932,128.4080651188586,25.95113624074932,0.0
random-s0-0121,voronoi,cycle,50.0,100.0,0.0,1,0,0,0,0,45.465059561746216,179.58509525247325,45.465059561746216,0.0
random-s0-0121,voronoi,cycle,150.0,20.0,0.0,1,0,0,0,0,80.44599126304223,190.12752723307196,80.44599126304223,0.0
random-s0-0121,voronoi,cycle,150.0,100.0,0.0,1,0,0,0,0,102.58212204149636,179.58509525247325,102.58212204149636,0.0
random-s0-0121,voronoi,event,0.0,20.0,0.0,1,0,0,0,0,1.916512657021315,75.47740489252092,1.916512657021315,0.0
random-s0-0121,voronoi,event,0.0,100.0,0.0,1,0,0,0,0,8.23710302258445,8.23710302258445,118.14616751407324,0.0
random-s0-0121,voronoi,event,50.0,20.0,0.0,1,0,0,0,0,26.689578441031927,164.56255088194666,26.689578441031927,0.0
random-s0-0121,voronoi,event,50.0,100.0,0.0,1,0,0,0,0,98.24338475662586,154.913163635064,98.24338475662586,0.0
random-s0-0121,voronoi,event,150.0,20.0,0.0,1,0,0,0,0,94.53254038649692,194.8328731036472,94.53254038649692,0.0
random-s0-0121,voronoi,event,150.0,100.0,0.0,1,0,0,0,0,83.8734038462922,179.58509525247325,83.8734038462922,0.0
random-s0-0121,prm,once,0.0,20.0,0.0,1,0,2,1,1,-105.9030434316457,-83.45978304547732,-105.9030434316457,140.0
random-s0-0121,prm,cycle,0.0,20.0,0.0,1,0,0,0,0,10.519538999878137,59.2698020461242,10.519538999878137,0.0
random-s0-0121,prm,cycle,0.0,100.0,0.0,1,0,1,0,1,-83.45978304547732,-83.45978304547732,15.94097726244459,80.0
random-s0-0121,prm,cycle,50.0,20.0,0.0,1,0,1,0,1,-83.45978304547732,-83.45978304547732,24.017538091262395,79.99999999999999
random-s0-0121,prm,cycle,50.0,100.0,0.0,1,0,1,0,1,-83.45978304547732,-83.45978304547732,24.93081208127316,80.0
random-s0-0121,prm,cycle,150.0,20.0,0.0,1,0,1,0,1,-83.45978304547732,-83.45978304547732,68.6326410470499,79.99999999999999
random-s0-0121,prm,cycle,150.0,100.0,0.0,1,0,1,0,1,-83.45978304547732,-83.45978304547732,68.63264104704982,80.0
random-s0-0121,prm,event,0.0,20.0,0.0,1,0,0,0,0,16.982482122880896,137.00294489830117,16.982482122880896,0.0
random-s0-0121,prm,event,0.0,100.0,0.0,1,0,1,0,1,-83.45978304547732,-83.45978304547732,15.94097726244459,80.0
random-s0-0121,prm,event,50.0,20.0,0.0,1,0,1,0,1,-83.45978304547732,-83.45978304547732,68.6326410470499,79.99999999999999
random-s0-0121,prm,event,50.0,100.0,0.0,1,0,1,0,1,-83.45978304547732,-83.45978304547732,68.63264104704982,80.0
random-s0-0121,prm,event,150.0,20.0,0.0,1,0,1,0,1,-83.45978304547732,-83.45978304547732,68.6326410470499,79.99999999999999
random-s0-0121,prm,event,150.0,100.0,0.0,1,0,1,0,1,-83.45978304547732,-83.45978304547732,68.63264104704982,80.0
random-s0-0121,visibility,once,0.0,20.0,0.0,1,0,1,1,0,-89.93956475867003,33.84974979583242,-89.93956475867003,279.99999999999994
random-s0-0121,visibility,cycle,0.0,20.0,0.0,1,0,1,1,0,-16.722243222772363,85.70684277300006,-16.722243222772363,80.0
random-s0-0121,visibility,cycle,0.0,100.0,0.0,1,0,1,1,0,-19.12495322725664,116.62823804338024,-19.12495322725664,100.0
random-s0-0121,visibility,cycle,50.0,20.0,0.0,1,0,1,1,0,-1.3800638129818026,116.62823804338024,-1.3800638129818026,20.0
random-s0-0121,visibility,cycle,50.0,100.0,0.0,1,0,1,1,0,-0.6570564304520872,116.62823804338024,-0.6570564304520872,20.0
random-s0-0121,visibility,cycle,150.0,20.0,0.0,1,0,0,0,0,46.76287902263556,116.62823804338024,46.76287902263556,0.0
random-s0-0121,visibility,cycle,150.0,100.0,0.0,1,0,0,0,0,33.84974979583242,33.84974979583242,56.89969872317289,0.0
random-s0-0121,visibility,event,0.0,20.0,0.0,1,0,1,1,0,-2.542607305383683,96.77415785343923,-2.542607305383683,20.0
random-s0-0121,visibility,event,0.0,100.0,0.0,1,0,0,0,0,32.950254068190844,116.62823804338024,32.950254068190844,0.0
random-s0-0121,visibility,event,50.0,20.0,0.0,1,0,0,0,0,41.86335410550922,116.62823804338024,41.86335410550922,0.0
random-s0-0121,visibility,event,50.0,100.0,0.0,1,0,1,1,0,-10.12852880191835,116.62823804338024,-10.12852880191835,140.0
random-s0-0121,visibility,event,150.0,20.0,0.0,1,0,0,0,0,39.57201674243012,99.9486758357598,39.57201674243012,0.0
random-s0-0121,visibility,event,150.0,100.0,0.0,1,0,0,0,0,33.84974979583242,33.84974979583242,68.63264104704982,0.0
random-s0-0122,voronoi,once,0.0,20.0,0.0,1,0,2,1,1,-135.14044090948315,-27.603931149466405,-135.14044090948315,800.0000000000003
random-s0-0122,voronoi,cycle,0.0,20.0,0.0,1,0,0,0,0,204.48283158725783,204.48283158725783,233.89161205691352,0.0
random-s0-0122,voronoi,cycle,0.0,100.0,0.0,1,0,0,0,0,155.33127540774143,155.33127540774143,202.54239337034917,0.0
random-s0-0122,voronoi,cycle,50.0,20.0,0.0,1,0,0,0,0,144.02046327107485,205.62344556051735,144.02046327107485,0.0
random-s0-0122,voronoi,cycle,50.0,100.0,0.0,1,0,0,0,0,130.54887227556327,208.70621280043,130.54887227556327,0.0
random-s0-0122,voronoi,cycle,150.0,20.0,0.0,1,0,0,0,0,79.71666065588363,196.5602628784468,79.71666065588363,0.0
random-s0-0122,voronoi,cycle,150.0,100.0,0.0,1,0,0,0,0,96.79142450260838,208.1868013230341,96.79142450260838,0.0
random-s0-0122,voronoi,event,0.0,20.0,0.0,1,0,0,0,0,202.54239337034855,205.8578448846372,202.54239337034855,0.0
random-s0-0122,voronoi,event,0.0,100.0,0.0,1,0,0,0,0,145.78081965765,145.78081965765,172.467039718551,0.0
random-s0-0122,voronoi,event,50.0,20.0,0.0,1,0,0,0,0,44.28854220365824,203.00909044084943,44.28854220365824,0.0
random-s0-0122,voronoi,event,50.0,100.0,0.0,1,0,0,0,0,105.46404564159695,204.7526748451456,105.46404564159695,0.0
random-s0-0122,voronoi,event,150.0,20.0,0.0,1,0,0,0,0,112.47687741977973,207.03200546210255,112.47687741977973,0.0
random-s0-0122,voronoi,event,150.0,100.0,0.0,1,0,0,0,0,175.77170938754915,207.1701043625356,175.77170938754915,0.0
random-s0-0122,prm,once,0.0,20.0,0.0,1,0,1,0,1,-13.488407944445411,-13.488407944445411,42.77108952703898,40.0
random-s0-0122,prm,cycle,0.0,20.0,0.0,1,0,0,0,0,174.77673893444398,205.8243955015,174.77673893444398,0.0
random-s0-0122,prm,cycle,0.0,100.0,0.0,1,0,0,0,0,182.82211099379063,182.82211099379063,266.24630587224766,0.0
random-s0-0122,prm,cycle,50.0,20.0,0.0,1,0,0,0,0,174.77673893444398,205.62559102630496,174.77673893444398,0.0
random-s0-0122,prm,cycle,50.0,100.0,0.0,1,0,0,0,0,205.33611953499636,205.33611953499636,266.24630587224766,0.0
random-s0-0122,prm,cycle,150.0,20.0,0.0,1,0,0,0,0,167.86773945620558,208.60621054847692,167.86773945620558,0.0
random-s0-0122,prm,cycle,150.0,100.0,0.0,1,0,0,0,0,42.78283321027723,88.5199408721827,42.78283321027723,0.0
random-s0-0122,prm,event,0.0,20.0,0.0,1,0,0,0,0,174.77673893444398,203.78425993145845,174.77673893444398,0.0
random-s0-0122,prm,event,0.0,100.0,0.0,1,0,0,0,0,182.82211099379063,182.82211099379063,273.22263844605123,0.0
random-s0-0122,prm,event,50.0,20.0,0.0,1,0,0,0,0,174.77673893444398,203.0637979728687,174.77673893444398,0.0
random-s0-0122,prm,event,50.0,100.0,0.0,1,0,0,0,0,203.45314489887903,203.45314489887903,218.0762932306983,0.0
random-s0-0122,prm,event,150.0,20.0,0.0,1,0,1,1,0,-110.98594867061858,188.46433280739785,-110.98594867061858,379.9999999999988
random-s0-0122,prm,event,150.0,100.0,0.0,1,0,0,0,0,42.78283321027723,88.5199408721827,42.78283321027723,0.0
random-s0-0122,visibility,once,0.0,20.0,0.0,1,0,3,2,1,-127.90075001290116,-59.20531817810864,-127.90075001290116,240.0
random-s0-0122,visibility,cycle,0.0,20.0,0.0,1,0,0,0,0,155.78131595083647,183.6493050628104,155.78131595083647,0.0
random-s0-0122,visibility,cycle,0.0,100.0,0.0,1,0,0,0,0,116.48231527419732,170.59700121194982,116.48231527419732,0.0
random-s0-0122,visibility,cycle,50.0,20.0,0.0,1,0,0,0,0,168.3128988300977,207.0403426390007,168.3128988300977,0.0
random-s0-0122,visibility,cycle,50.0,100.0,0.0,1,0,0,0,0,180.20905605707804,189.9189030923885,180.20905605707804,0.0
random-s0-0122,visibility,cycle,150.0,20.0,0.0,1,0,1,0,1,-17.21609302301144,-17.21609302301144,42.77108952703901,200.0
random-s0-0122,visibility,cycle,150.0,100.0,0.0,1,0,0,0,0,49.86140154045248,49.86140154045248,180.20905605707804,0.0
random-s0-0122,visibility,event,0.0,20.0,0.0,1,0,0,0,0,152.4574870275689,174.73343594162526,152.4574870275689,0.0
random-s0-0122,visibility,event,0.0,100.0,0.0,1,0,0,0,0,116.48231527419732,140.47401111434186,116.48231527419732,0.0
random-s0-0122,visibility,event,50.0,20.0,0.0,1,0,0,0,0,168.3128988300977,206.1095111346819,168.3128988300977,0.0
random-s0-0122,visibility,event,50.0,100.0,0.0,1,0,0,0,0,180.20905605707804,205.24938535933063,180.20905605707804,0.0
random-s0-0122,visibility,event,150.0,20.0,0.0,1,0,0,0,0,42.77108952703901,206.42232810921308,42.77108952703901,0.0
random-s0-0122,visibility,event,150.0,100.0,0.0,1,0,0,0,0,132.77803465526466,132.77803465526466,180.20905605707804,0.0
random-s0-0123,voronoi,once,0.0,20.0,0.0,1,0,2,0,2,-78.44466140954485,-78.44466140954485,54.43863280220668,80.0
random-s0-0123,voronoi,cycle,0.0,20.0,0.0,1,0,0,0,0,81.36685649940688,145.3409905920559,81.36685649940688,0.0
random-s0-0123,voronoi,cycle,0.0,100.0,0.0,1,0,2,0,2,-148.15172994081448,-148.15172994081448,40.89360926933361,219.99999999999972
random-s0-0123,voronoi,cycle,50.0,20.0,0.0,1,0,0,0,0,87.63025140120487,323.8391444357235,87.63025140120487,0.0
random-s0-0123,voronoi,cycle,50.0,100.0,0.0,1,0,0,0,0,81.36685649940688,174.96059522122908,81.36685649940688,0.0
random-s0-0123,voronoi,cycle,150.0,20.0,0.0,1,0,0,0,0,71.34073680712675,273.7069991296798,71.34073680712675,0.0
random-s0-0123,voronoi,cycle,150.0,100.0,0.0,1,0,1,0,1,-100.05351339939332,-100.05351339939332,110.11251918781602,200.0
random-s0-0123,voronoi,event,0.0,20.0,0.0,1,0,0,0,0,81.36685649940688,132.06261264270842,81.36685649940688,0.0
random-s0-0123,voronoi,event,0.0,100.0,0.0,1,0,2,0,2,-148.15172994081448,-148.15172994081448,40.89360926933361,219.99999999999972
random-s0-0123,voronoi,event,50.0,20.0,0.0,1,0,0,0,0,87.63025140120487,164.74531579577337,87.63025140120487,0.0
random-s0-0123,voronoi,event,50.0,100.0,0.0,1,0,0,0,0,81.36685649940688,154.57585072530924,81.36685649940688,0.0
random-s0-0123,voronoi,event,150.0,20.0,0.0,1,0,0,0,0,140.75699874627543,353.1237645060255,140.75699874627543,0.0
random-s0-0123,voronoi,event,150.0,100.0,0.0,1,0,1,0,1,-2.466501730351183,-2.466501730351183,110.11251918781602,20.0
random-s0-0123,prm,once,0.0,20.0,0.0,1,0,2,0,2,-46.83728199176,-46.83728199176,54.43863280220668,80.0
random-s0-0123,prm,cycle,0.0,20.0,0.0,1,0,0,0,0,12.763861159599344,143.69009014979082,12.763861159599344,0.0
random-s0-0123,prm,cycle,0.0,100.0,0.0,1,0,1,0,1,-113.4966558074571,-113.4966558074571,26.031103924292808,39.99999999999991
random-s0-0123,prm,cycle,50.0,20.0,0.0,1,0,0,0,0,95.93882931896776,262.7546859253436,95.93882931896776,0.0
random-s0-0123,prm,cycle,50.0,100.0,0.0,1,0,1,0,1,-138.71549709928465,-138.71549709928465,81.36685649940688,79.99999999999991
random-s0-0123,prm,cycle,150.0,20.0,0.0,1,0,0,0,0,36.550381365204345,79.14990837786223,36.550381365204345,0.0
random-s0-0123,prm,cycle,150.0,100.0,0.0,1,0,1,0,1,-13.685775434665317,-13.685775434665317,100.53747982130052,40.0
random-s0-0123,prm,event,0.0,20.0,0.0,1,0,0,0,0,13.043246983546169,168.50300344091056,13.043246983546169,0.0
random-s0-0123,prm,event,0.0,100.0,0.0,1,0,1,0,1,-113.4966558074571,-113.4966558074571,26.031103924292808,39.99999999999991
random-s0-0123,prm,event,50.0,20.0,0.0,1,0,0,0,0,77.65285021724458,278.4611757922528,77.65285021724458,0.0
random-s0-0123,prm,event,50.0,100.0,0.0,1,0,0,0,0,57.70191853420201,57.70191853420201,81.36685649940688,0.0
random-s0-0123,prm,event,150.0,20.0,0.0,1,0,0,0,0,110.11251918781583,259.15327467733925,110.11251918781583,0.0
random-s0-0123,prm,event,150.0,100.0,0.0,1,0,1,0,1,-13.685775434665317,-13.685775434665317,110.11251918781602,40.0
random-s0-0123,visibility,once,0.0,20.0,0.0,1,0,1,0,1,-46.83728199176,-46.83728199176,54.43863280220668,40.0
random-s0-0123,visibility,cycle,0.0,20.0,0.0,1,0,0,0,0,34.57158238721067,34.57158238721067,56.965211308090886,0.0
random-s0-0123,visibility,cycle,0.0,100.0,0.0,1,0,1,0,1,-143.08942754157331,-143.08942754157331,41.15914067132971,39.99999999999991
random-s0-0123,visibility,cycle,50.0,20.0,0.0,1,0,0,0,0,83.52431561142447,123.02921255763864,83.52431561142447,0.0
random-s0-0123,visibility,cycle,50.0,100.0,0.0,1,0,0,0,0,1.544851014525733,1.544851014525733,81.36685649940688,0.0
random-s0-0123,visibility,cycle,150.0,20.0,0.0,1,0,0,0,0,56.00806227334448,324.02948210808,56.00806227334448,0.0
random-s0-0123,visibility,cycle,150.0,100.0,0.0,1,0,0,0,0,2.211822631740233,2.211822631740233,56.00806227334456,0.0
random-s0-0123,visibility,event,0.0,20.0,0.0,1,0,0,0,0,40.36527859315191,40.36527859315191,60.44519420803451,0.0
random-s0-0123,visibility,event,0.0,100.0,0.0,1,0,1,0,1,-143.08942754157331,-143.08942754157331,41.15914067132971,39.99999999999991
random-s0-0123,visibility,event,50.0,20.0,0.0,1,0,0,0,0,59.22773019347616,250.99297407153784,59.22773019347616,0.0
random-s0-0123,visibility,event,50.0,100.0,0.0,1,0,0,0,0,81.36685649940688,258.70174156256434,81.36685649940688,0.0
random-s0-0123,visibility,event,150.0,20.0,0.0,1,0,0,0,0,56.00806227334448,179.98949483304892,56.00806227334448,0.0
random-s0-0123,visibility,event,150.0,100.0,0.0,1,0,0,0,0,56.00806227334456,145.37059154531073,56.00806227334456,0.0
random-s0-0124,voronoi,once,0.0,20.0,0.0,1,0,7,6,1,-142.37999056040792,-128.51388485671836,-142.37999056040792,620.0000000000002
random-s0-0124,voronoi,cycle,0.0,20.0,0.0,1,0,0,0,0,18.067909978736168,215.9760343178189,18.067909978736168,0.0
random-s0-0124,voronoi,cycle,0.0,100.0,0.0,1,0,2,2,0,-38.12180583210221,250.8817814966688,-38.12180583210221,200.0
random-s0-0124,voronoi,cycle,50.0,20.0,0.0,1,0,0,0,0,29.79910096747807,246.06798127104457,29.79910096747807,0.0
random-s0-0124,voronoi,cycle,50.0,100.0,0.0,1,0,0,0,0,35.148187656324524,204.96967837326315,35.148187656324524,0.0
random-s0-0124,voronoi,cycle,150.0,20.0,0.0,1,0,0,0,0,119.16154828016715,309.0264143411442,119.16154828016715,0.0
random-s0-0124,voronoi,cycle,150.0,100.0,0.0,1,0,0,0,0,155.81328041520646,348.3772673425327,155.81328041520646,0.0
random-s0-0124,voronoi,event,0.0,20.0,0.0,1,0,1,1,0,-28.12308303505108,102.23613909194351,-28.12308303505108,320.0
random-s0-0124,voronoi,event,0.0,100.0,0.0,1,0,2,2,0,-76.0170977290029,100.1000028550282,-76.0170977290029,179.9999999999999
random-s0-0124,voronoi,event,50.0,20.0,0.0,1,0,1,1,0,-41.77751199766121,309.0530791713513,-41.77751199766121,259.99999999999994
random-s0-0124,voronoi,event,50.0,100.0,0.0,1,0,2,2,0,-76.3370134396078,120.35433741857258,-76.3370134396078,720.0000000000001
random-s0-0124,voronoi,event,150.0,20.0,0.0,1,0,0,0,0,58.60265548805109,523.4414649826804,58.60265548805109,0.0
random-s0-0124,voronoi,event,150.0,100.0,0.0,1,0,0,0,0,104.72189158038036,348.53439843538945,104.72189158038036,0.0
random-s0-0124,prm,once,0.0,20.0,0.0,1,0,5,4,1,-128.51388485671836,-128.51388485671836,-118.95848702483816,360.00000000000006
random-s0-0124,prm,cycle,0.0,20.0,0.0,1,0,1,1,0,-32.956443661713934,190.95612157015825,-32.956443661713934,140.0
random-s0-0124,prm,cycle,0.0,100.0,0.0,1,0,1,1,0,-29.550640289738425,96.52689068215858,-29.550640289738425,99.99999999999991
random-s0-0124,prm,cycle,50.0,20.0,0.0,1,0,0,0,0,45.46770590410373,245.31656927973825,45.46770590410373,0.0
random-s0-0124,prm,cycle,50.0,100.0,0.0,1,0,1,0,1,-166.10641489289597,-166.10641489289597,18.242010898831552,60.0
random-s0-0124,prm,cycle,150.0,20.0,0.0,1,0,0,0,0,60.19901882273933,425.4558285865372,60.19901882273933,0.0
random-s0-0124,prm,cycle,150.0,100.0,0.0,1,0,0,0,0,115.81304997129058,348.80020615443163,115.81304997129058,0.0
random-s0-0124,prm,event,0.0,20.0,0.0,1,0,0,0,0,1.7701182664812336,108.24490647516971,1.7701182664812336,0.0
random-s0-0124,prm,event,0.0,100.0,0.0,1,0,1,0,1,-120.00511733938438,-120.00511733938438,11.038177445270035,100.0
random-s0-0124,prm,event,50.0,20.0,0.0,1,0,0,0,0,34.176130629202646,305.0617564511612,34.176130629202646,0.0
random-s0-0124,prm,event,50.0,100.0,0.0,1,0,0,0,0,82.93600173088697,89.04921262999028,82.93600173088697,0.0
random-s0-0124,prm,event,150.0,20.0,0.0,1,0,0,0,0,66.84746915341555,491.0648897139347,66.84746915341555,0.0
random-s0-0124,prm,event,150.0,100.0,0.0,1,0,0,0,0,71.59436586921703,71.59436586921703,154.32281134425887,0.0
random-s0-0124,visibility,once,0.0,20.0,0.0,1,0,7,6,1,-128.51388485671836,-128.51388485671836,-128.19116923364166,880.0000000000005
random-s0-0124,visibility,cycle,0.0,20.0,0.0,1,0,1,1,0,-150.6755791359643,73.9723078853772,-150.6755791359643,279.9999999999999
random-s0-0124,visibility,cycle,0.0,100.0,0.0,1,0,1,1,0,-148.92863325632467,105.41054295611956,-148.92863325632467,319.99999999999994
random-s0-0124,visibility,cycle,50.0,20.0,0.0,1,0,1,1,0,-126.21744048295218,186.28930551404156,-126.21744048295218,300.0
random-s0-0124,visibility,cycle,50.0,100.0,0.0,1,0,1,1,0,-152.72011168729762,189.0617991056523,-152.72011168729762,320.0
random-s0-0124,visibility,cycle,150.0,20.0,0.0,1,0,3,3,0,-140.14892796556134,340.3453270934277,-140.14892796556134,960.0000000000005
random-s0-0124,visibility,cycle,150.0,100.0,0.0,1,0,1,1,0,-172.67307220772813,121.08665385300952,-172.67307220772813,279.99999999999994
random-s0-0124,visibility,event,0.0,20.0,0.0,1,0,1,1,0,-157.03152192027548,96.88916036767672,-157.03152192027548,339.99999999999994
random-s0-0124,visibility,event,0.0,100.0,0.0,1,0,1,1,0,-156.86542993875537,125.97154588323995,-156.86542993875537,319.99999999999994
random-s0-0124,visibility,event,50.0,20.0,0.0,1,0,0,0,0,48.34792674019849,273.6635542533754,48.34792674019849,0.0
random-s0-0124,visibility,event,50.0,100.0,0.0,1,0,0,0,0,19.78692062533028,328.5899826583969,19.78692062533028,0.0
random-s0-0124,visibility,event,150.0,20.0,0.0,1,0,1,1,0,-131.08869938227784,106.49692175346917,-131.08869938227784,320.0
random-s0-0124,visibility,event,150.0,100.0,0.0,1,0,0,0,0,27.502419740667023,202.8996826350966,27.502419740667023,0.0
random-s0-0125,voronoi,once,0.0,20.0,0.0,1,0,6,5,1,-121.53166870768658,-87.15657075840109,-121.53166870768658,880.0000000000005
random-s0-0125,voronoi,cycle,0.0,20.0,0.0,1,0,3,2,1,-3.173404042958936,-2.3128513113386475,-3.173404042958936,219.99999999999983
random-s0-0125,voronoi,cycle,0.0,100.0,0.0,1,0,1,0,1,-158.039599610609,-158.039599610609,0.985932791300911,180.0
random-s0-0125,voronoi,cycle,50.0,20.0,0.0,1,0,0,0,0,51.27789107544541,86.37646593062766,51.27789107544541,0.0
random-s0-0125,voronoi,cycle,50.0,100.0,0.0,1,0,0,0,0,40.93560386618231,42.98473924288797,40.93560386618231,0.0
random-s0-0125,voronoi,cycle,150.0,20.0,0.0,1,0,0,0,0,23.018915494041494,23.018915494041494,227.19018897940128,0.0
random-s0-0125,voronoi,cycle,150.0,100.0,0.0,1,0,0,0,0,114.32881272481654,114.32881272481654,272.32949684753265,0.0
random-s0-0125,voronoi,event,0.0,20.0,0.0,1,0,0,0,0,14.42974151811677,79.43572825476633,14.42974151811677,0.0
random-s0-0125,voronoi,event,0.0,100.0,0.0,1,0,1,0,1,-80.77651308380788,-80.77651308380788,13.20359306953901,120.0
random-s0-0125,voronoi,event,50.0,20.0,0.0,1,0,0,0,0,44.92464231945365,114.32881272481654,44.92464231945365,0.0
random-s0-0125,voronoi,event,50.0,100.0,0.0,1,0,0,0,0,25.861656447522705,42.98473924288797,25.861656447522705,0.0
random-s0-0125,voronoi,event,150.0,20.0,0.0,1,0,0,0,0,80.44241710104944,114.32881272481654,80.44241710104944,0.0
random-s0-0125,voronoi,event,150.0,100.0,0.0,1,0,0,0,0,114.32881272481654,114.32881272481654,146.55334799084068,0.0
random-s0-0125,prm,once,0.0,20.0,0.0,1,0,2,1,1,-126.6564783192984,-126.6564783192984,-91.9226953882024,400.00000000000006
random-s0-0125,prm,cycle,0.0,20.0,0.0,1,0,0,0,0,4.564677343308972,114.32881272481654,4.564677343308972,0.0
random-s0-0125,prm,cycle,0.0,100.0,0.0,1,0,1,1,0,-0.7422668076226842,114.32881272481654,-0.7422668076226842,40.0
random-s0-0125,prm,cycle,50.0,20.0,0.0,1,0,1,1,0,-42.48111835977787,114.32881272481654,-42.48111835977787,259.99999999999994
random-s0-0125,prm,cycle,50.0,100.0,0.0,1,0,0,0,0,31.72480409493616,114.32881272481654,31.72480409493616,0.0
random-s0-0125,prm,cycle,150.0,20.0,0.0,1,0,1,0,1,-151.3730200375502,-151.3730200375502,99.05282332218025,960.0000000000005
random-s0-0125,prm,cycle,150.0,100.0,0.0,1,0,0,0,0,68.54358203931974,114.32881272481654,68.54358203931974,0.0
random-s0-0125,prm,event,0.0,20.0,0.0,1,0,0,0,0,0.603333397102574,114.32881272481654,0.603333397102574,0.0
random-s0-0125,prm,event,0.0,100.0,0.0,1,0,1,1,0,-0.7422668076226842,114.32881272481654,-0.7422668076226842,40.0
random-s0-0125,prm,event,50.0,20.0,0.0,1,0,0,0,0,49.24120431907826,114.32881272481654,49.24120431907826,0.0
random-s0-0125,prm,event,50.0,100.0,0.0,1,0,0,0,0,31.72480409493616,114.32881272481654,31.72480409493616,0.0
random-s0-0125,prm,event,150.0,20.0,0.0,1,0,0,0,0,97.27358393739776,114.32881272481654,97.27358393739776,0.0
random-s0-0125,prm,event,150.0,100.0,0.0,1,0,0,0,0,114.32881272481654,114.32881272481654,172.1349011438308,0.0
random-s0-0125,visibility,once,0.0,20.0,0.0,1,0,1,1,0,-43.779663362344365,114.32881272481654,-43.779663362344365,80.0
random-s0-0125,visibility,cycle,0.0,20.0,0.0,1,0,1,1,0,-82.98897130327893,114.32881272481654,-82.98897130327893,259.99999999999983
random-s0-0125,visibility,cycle,0.0,100.0,0.0,1,0,1,1,0,-89.02054517127516,114.32881272481654,-89.02054517127516,279.9999999999999
random-s0-0125,visibility,cycle,50.0,20.0,0.0,1,0,2,2,0,-121.84034187997818,114.32881272481654,-121.84034187997818,660.0000000000002
random-s0-0125,visibility,cycle,50.0,100.0,0.0,1,0,1,1,0,-146.140920633412,114.32881272481654,-146.140920633412,360.00000000000006
random-s0-0125,visibility,cycle,150.0,20.0,0.0,1,0,1,1,0,-73.04347213677684,114.32881272481654,-73.04347213677684,240.0
random-s0-0125,visibility,cycle,150.0,100.0,0.0,1,0,2,2,0,-101.87628283896242,114.32881272481654,-101.87628283896242,300.0
random-s0-0125,visibility,event,0.0,20.0,0.0,1,0,1,1,0,-85.2218865683227,114.32881272481654,-85.2218865683227,259.99999999999983
random-s0-0125,visibility,event,0.0,100.0,0.0,1,0,2,2,0,-25.896049792208828,114.32881272481654,-25.896049792208828,79.99999999999991
random-s0-0125,visibility,event,50.0,20.0,0.0,1,0,2,2,0,-124.96082455925055,114.32881272481654,-124.96082455925055,700.0000000000003
random-s0-0125,visibility,event,50.0,100.0,0.0,1,0,2,2,0,-126.73402832263376,114.32881272481654,-126.73402832263376,660.0
random-s0-0125,visibility,event,150.0,20.0,0.0,1,0,2,2,0,-81.56409391318162,114.32881272481654,-81.56409391318162,340.0
random-s0-0125,visibility,event,150.0,100.0,0.0,1,0,2,2,0,-128.10998487893298,114.32881272481654,-128.10998487893298,840.0000000000005
random-s0-0126,voronoi,once,0.0,20.0,0.0,1,0,1,1,0,-71.56188321104602,166.40152106511357,-71.56188321104602,480.00000000000017
random-s0-0126,voronoi,cycle,0.0,20.0,0.0,1,0,0,0,0,71.63362969423397,80.2736299299329,71.63362969423397,0.0
random-s0-0126,voronoi,cycle,0.0,100.0,0.0,1,0,0,0,0,5.028490108574005,198.0966421622576,5.028490108574005,0.0
random-s0-0126,voronoi,cycle,50.0,20.0,0.0,1,0,0,0,0,45.58657697805703,620.6510168184826,45.58657697805703,0.0
random-s0-0126,voronoi,cycle,50.0,100.0,0.0,1,0,0,0,0,71.63362969423397,580.0971681978593,71.63362969423397,0.0
random-s0-0126,voronoi,cycle,150.0,20.0,0.0,1,0,0,0,0,19.258464320521966,254.72369648496172,19.258464320521966,0.0
random-s0-0126,voronoi,cycle,150.0,100.0,0.0,1,0,0,0,0,70.99307032003898,605.4642204454942,70.99307032003898,0.0
random-s0-0126,voronoi,event,0.0,20.0,0.0,1,0,0,0,0,34.33255963156833,610.6522961657815,34.33255963156833,0.0
random-s0-0126,voronoi,event,0.0,100.0,0.0,1,0,0,0,0,5.028490108574005,198.0966421622576,5.028490108574005,0.0
random-s0-0126,voronoi,event,50.0,20.0,0.0,1,0,0,0,0,71.63362969423397,632.6844406041006,71.63362969423397,0.0
random-s0-0126,voronoi,event,50.0,100.0,0.0,1,0,0,0,0,71.63362969423397,600.6521978403608,71.63362969423397,0.0
random-s0-0126,voronoi,event,150.0,20.0,0.0,1,0,0,0,0,15.810520312884108,340.6337951364992,15.810520312884108,0.0
random-s0-0126,voronoi,event,150.0,100.0,0.0,1,0,0,0,0,70.99307032003898,605.4642204454942,70.99307032003898,0.0
random-s0-0126,prm,once,0.0,20.0,0.0,1,0,2,2,0,-118.28418170755438,166.40152106511357,-118.28418170755438,300.0
random-s0-0126,prm,cycle,0.0,20.0,0.0,1,0,0,0,0,30.40712717461972,457.2698144346224,30.40712717461972,0.0
random-s0-0126,prm,cycle,0.0,100.0,0.0,1,0,0,0,0,33.96601426306833,190.02307442789964,33.96601426306833,0.0
random-s0-0126,prm,cycle,50.0,20.0,0.0,1,0,0,0,0,59.3162036524424,539.9094922284243,59.3162036524424,0.0
random-s0-0126,prm,cycle,50.0,100.0,0.0,1,0,0,0,0,71.63362969423397,370.6329876586411,71.63362969423397,0.0
random-s0-0126,prm,cycle,150.0,20.0,0.0,1,0,0,0,0,135.8662914798458,422.8568586455097,135.8662914798458,0.0
random-s0-0126,prm,cycle,150.0,100.0,0.0,1,0,0,0,0,135.8662914798458,632.6844406041006,135.8662914798458,0.0
random-s0-0126,prm,event,0.0,20.0,0.0,1,0,0,0,0,10.094824006929343,632.6844406041006,10.094824006929343,0.0
random-s0-0126,prm,event,0.0,100.0,0.0,1,0,0,0,0,33.96601426306833,190.02307442789964,33.96601426306833,0.0
random-s0-0126,prm,event,50.0,20.0,0.0,1,0,0,0,0,71.63362969423397,197.73243774696664,71.63362969423397,0.0
random-s0-0126,prm,event,50.0,100.0,0.0,1,0,0,0,0,71.63362969423397,203.8788451031056,71.63362969423397,0.0
random-s0-0126,prm,event,150.0,20.0,0.0,1,0,0,0,0,135.8662914798458,632.6844406041006,135.8662914798458,0.0
random-s0-0126,prm,event,150.0,100.0,0.0,1,0,0,0,0,135.8662914798458,632.6844406041006,135.8662914798458,0.0
random-s0-0126,visibility,once,0.0,20.0,0.0,1,0,1,0,1,-133.90365491035715,-133.90365491035715,27.68234341274956,40.0
random-s0-0126,visibility,cycle,0.0,20.0,0.0,1,0,0,0,0,50.56651700877717,297.2932127002346,50.56651700877717,0.0
random-s0-0126,visibility,cycle,0.0,100.0,0.0,1,0,0,0,0,54.646135612099215,163.82000270930592,54.646135612099215,0.0
random-s0-0126,visibility,cycle,50.0,20.0,0.0,1,0,0,0,0,34.15370563140908,223.8945326258344,34.15370563140908,0.0
random-s0-0126,visibility,cycle,50.0,100.0,0.0,1,0,1,1,0,-23.3875733832231,237.3342953430883,-23.3875733832231,140.0
random-s0-0126,visibility,cycle,150.0,20.0,0.0,1,0,2,2,0,-67.44838819715402,244.55166414130625,-67.44838819715402,360.00000000000006
random-s0-0126,visibility,cycle,150.0,100.0,0.0,1,0,2,2,0,-87.12515786206777,261.2800018593696,-87.12515786206777,279.9999999999998
random-s0-0126,visibility,event,0.0,20.0,0.0,1,0,0,0,0,48.70595510925156,380.4520209928469,48.70595510925156,0.0
random-s0-0126,visibility,event,0.0,100.0,0.0,1,0,0,0,0,56.799100253072,163.82000270930592,56.799100253072,0.0
random-s0-0126,visibility,event,50.0,20.0,0.0,1,0,0,0,0,10.172824157697647,207.9751314639842,10.172824157697647,0.0
random-s0-0126,visibility,event,50.0,100.0,0.0,1,0,0,0,0,65.4464374761923,481.0332162740647,65.4464374761923,0.0
random-s0-0126,visibility,event,150.0,20.0,0.0,1,0,1,1,0,-72.69632255919625,212.0571157546891,-72.69632255919625,220.0
random-s0-0126,visibility,event,150.0,100.0,0.0,1,0,1,1,0,-20.3088185259202,224.476381563907,-20.3088185259202,79.9999999999998
random-s0-0127,voronoi,once,0.0,20.0,0.0,1,0,4,3,1,-154.63002856414022,-115.23766329922849,-154.63002856414022,660.0000000000002
random-s0-0127,voronoi,cycle,0.0,20.0,0.0,1,0,0,0,0,33.313906961473606,205.228670084177,33.313906961473606,0.0
random-s0-0127,voronoi,cycle,0.0,100.0,0.0,1,0,0,0,0,100.99238952364874,116.55817312958328,100.99238952364874,0.0
random-s0-0127,voronoi,cycle,50.0,20.0,0.0,1,0,0,0,0,57.2288370978624,181.01043184981245,57.2288370978624,0.0
random-s0-0127,voronoi,cycle,50.0,100.0,0.0,1,0,0,0,0,91.5774352121706,110.49249582225468,91.5774352121706,0.0
random-s0-0127,voronoi,cycle,150.0,20.0,0.0,1,0,0,0,0,76.25614798481399,168.70275323346704,76.25614798481399,0.0
random-s0-0127,voronoi,cycle,150.0,100.0,0.0,1,0,0,0,0,78.70898156664356,117.29102517822474,78.70898156664356,0.0
random-s0-0127,voronoi,event,0.0,20.0,0.0,1,0,0,0,0,39.54863586939197,122.77636410680516,39.54863586939197,0.0
random-s0-0127,voronoi,event,0.0,100.0,0.0,1,0,0,0,0,100.99238952364874,156.86509656561265,100.99238952364874,0.0
random-s0-0127,voronoi,event,50.0,20.0,0.0,1,0,0,0,0,57.83720956091287,260.20550392547034,57.83720956091287,0.0
random-s0-0127,voronoi,event,50.0,100.0,0.0,1,0,0,0,0,91.5774352121706,175.98324402168106,91.5774352121706,0.0
random-s0-0127,voronoi,event,150.0,20.0,0.0,1,0,0,0,0,76.25614798481399,265.45158400674666,76.25614798481399,0.0
random-s0-0127,voronoi,event,150.0,100.0,0.0,1,0,0,0,0,78.70898156664356,161.16661711296308,78.70898156664356,0.0
random-s0-0127,prm,once,0.0,20.0,0.0,1,0,2,1,1,-51.6301518136321,-21.825685268132645,-51.6301518136321,200.0
random-s0-0127,prm,cycle,0.0,20.0,0.0,1,0,1,1,0,-3.3447584638133776,26.405309613885777,-3.3447584638133776,19.99999999999999
random-s0-0127,prm,cycle,0.0,100.0,0.0,1,0,1,1,0,-51.6301518136321,56.15888775005388,-51.6301518136321,160.0
random-s0-0127,prm,cycle,50.0,20.0,0.0,1,0,1,0,1,-82.7333502472914,-82.7333502472914,138.0107702578639,60.0
random-s0-0127,prm,cycle,50.0,100.0,0.0,1,0,1,0,1,-82.7333502472914,-82.7333502472914,138.0107702578639,60.0
random-s0-0127,prm,cycle,150.0,20.0,0.0,1,0,1,1,0,-79.32571198488901,245.21480952227512,-79.32571198488901,380.00000000000006
random-s0-0127,prm,cycle,150.0,100.0,0.0,1,0,1,1,0,-79.32571198488901,245.21480952227512,-79.32571198488901,379.99999999999983
random-s0-0127,prm,event,0.0,20.0,0.0,1,0,0,0,0,26.330884559459577,40.0926230458503,26.330884559459577,0.0
random-s0-0127,prm,event,0.0,100.0,0.0,1,0,1,1,0,-51.6301518136321,19.698566272028017,-51.6301518136321,160.0
random-s0-0127,prm,event,50.0,20.0,0.0,1,0,1,0,1,-82.7333502472914,-82.7333502472914,138.0107702578639,60.0
random-s0-0127,prm,event,50.0,100.0,0.0,1,0,1,0,1,-82.7333502472914,-82.7333502472914,138.0107702578639,60.0
random-s0-0127,prm,event,150.0,20.0,0.0,1,0,1,1,0,-79.32571198488901,245.21480952227512,-79.32571198488901,380.00000000000006
random-s0-0127,prm,event,150.0,100.0,0.0,1,0,1,1,0,-79.32571198488901,245.21480952227512,-79.32571198488901,379.99999999999983
random-s0-0127,visibility,once,0.0,20.0,0.0,1,0,0,0,0,51.54748121845447,161.71464825519814,51.54748121845447,0.0
random-s0-0127,visibility,cycle,0.0,20.0,0.0,1,0,1,0,1,-6.159404569994251,-6.159404569994251,18.32848167385237,180.0
random-s0-0127,visibility,cycle,0.0,100.0,0.0,1,0,1,0,1,-175.2899573650139,-175.2899573650139,21.77275096876812,399.9999999999998
random-s0-0127,visibility,cycle,50.0,20.0,0.0,1,0,0,0,0,15.762886295994091,15.762886295994091,30.263654795178923,0.0
random-s0-0127,visibility,cycle,50.0,100.0,0.0,1,0,0,0,0,1.3405168848308335,1.3405168848308335,60.70310822197303,0.0
random-s0-0127,visibility,cycle,150.0,20.0,0.0,1,0,1,1,0,-79.32571198488901,245.21480952227512,-79.32571198488901,380.00000000000006
random-s0-0127,visibility,cycle,150.0,100.0,0.0,1,0,1,1,0,-79.32571198488901,245.21480952227512,-79.32571198488901,379.99999999999983
random-s0-0127,visibility,event,0.0,20.0,0.0,1,0,1,0,1,-4.335095665148884,-4.335095665148884,20.257902240568825,140.0
random-s0-0127,visibility,event,0.0,100.0,0.0,1,0,1,0,1,-175.2899573650139,-175.2899573650139,21.77275096876812,399.9999999999998
random-s0-0127,visibility,event,50.0,20.0,0.0,1,0,0,0,0,30.72789458687004,112.10455341562653,30.72789458687004,0.0
random-s0-0127,visibility,event,50.0,100.0,0.0,1,0,0,0,0,9.797006230921795,9.797006230921795,61.30176456791747,0.0
random-s0-0127,visibility,event,150.0,20.0,0.0,1,0,1,1,0,-79.32571198488901,245.21480952227512,-79.32571198488901,380.00000000000006
random-s0-0127,visibility,event,150.0,100.0,0.0,1,0,1,1,0,-79.32571198488901,245.21480952227512,-79.32571198488901,379.99999999999983
random-s0-0128,voronoi,once,0.0,20.0,0.0,1,0,3,2,1,-123.22763551665764,-123.22763551665764,-111.71279868375218,820.0000000000003
random-s0-0128,voronoi,cycle,0.0,20.0,0.0,1,0,0,0,0,86.40933864946561,86.40933864946561,163.4890114126817,0.0
random-s0-0128,voronoi,cycle,0.0,100.0,0.0,1,0,0,0,0,106.01474861353262,106.01474861353262,165.21906122423678,0.0
random-s0-0128,voronoi,cycle,50.0,20.0,0.0,1,0,0,0,0,34.97626379880833,158.40871881491842,34.97626379880833,0.0
random-s0-0128,voronoi,cycle,50.0,100.0,0.0,1,0,0,0,0,53.17814140706008,53.17814140706008,165.21906122423678,0.0
random-s0-0128,voronoi,cycle,150.0,20.0,0.0,1,0,0,0,0,72.2414356706345,328.1660761908529,72.2414356706345,0.0
random-s0-0128,voronoi,cycle,150.0,100.0,0.0,1,0,0,0,0,130.07018304856717,232.23669587082597,130.07018304856717,0.0
random-s0-0128,voronoi,event,0.0,20.0,0.0,1,0,0,0,0,86.18303885606457,86.18303885606457,161.24415747696236,0.0
random-s0-0128,voronoi,event,0.0,100.0,0.0,1,0,0,0,0,106.01474861353262,106.01474861353262,165.21906122423678,0.0
random-s0-0128,voronoi,event,50.0,20.0,0.0,1,0,0,0,0,43.02395738519812,224.4785086914801,43.02395738519812,0.0
random-s0-0128,voronoi,event,50.0,100.0,0.0,1,0,0,0,0,70.71752333431454,70.71752333431454,165.21906122423678,0.0
random-s0-0128,voronoi,event,150.0,20.0,0.0,1,0,0,0,0,3.9668624695932806,3.9668624695932806,100.42533605044248,0.0
random-s0-0128,voronoi,event,150.0,100.0,0.0,1,0,0,0,0,135.64049176400312,190.6129077450872,135.64049176400312,0.0
random-s0-0128,prm,once,0.0,20.0,0.0,1,0,0,0,0,75.79564563714433,75.79564563714433,313.27468049956315,0.0
random-s0-0128,prm,cycle,0.0,20.0,0.0,1,0,0,0,0,21.4436179019186,21.4436179019186,38.53861247866345,0.0
random-s0-0128,prm,cycle,0.0,100.0,0.0,1,0,0,0,0,19.885636281438195,75.79564563714351,19.885636281438195,0.0
random-s0-0128,prm,cycle,50.0,20.0,0.0,1,0,0,0,0,11.996931457518286,11.996931457518286,49.164354051314376,0.0
random-s0-0128,prm,cycle,50.0,100.0,0.0,1,0,1,0,1,-17.89346720519842,-17.89346720519842,20.143462253692576,40.0
random-s0-0128,prm,cycle,150.0,20.0,0.0,1,0,0,0,0,92.46686918872008,92.46686918872008,156.94996103812838,0.0
random-s0-0128,prm,cycle,150.0,100.0,0.0,1,0,0,0,0,51.70400060316143,51.70400060316143,175.35879892435594,0.0
random-s0-0128,prm,event,0.0,20.0,0.0,1,0,0,0,0,6.401557761433111,6.401557761433111,31.34400066599449,0.0
random-s0-0128,prm,event,0.0,100.0,0.0,1,0,0,0,0,1.6103397812991318,75.79564563714351,1.6103397812991318,0.0
random-s0-0128,prm,event,50.0,20.0,0.0,1,0,0,0,0,7.28297782298057,7.28297782298057,36.17983400821453,0.0
random-s0-0128,prm,event,50.0,100.0,0.0,1,0,0,0,0,20.143462253692576,98.96181112013414,20.143462253692576,0.0
random-s0-0128,prm,event,150.0,20.0,0.0,1,0,0,0,0,118.17225399582328,118.17225399582328,156.94996103812838,0.0
random-s0-0128,prm,event,150.0,100.0,0.0,1,0,0,0,0,84.68935440241069,84.68935440241069,175.35879892435594,0.0
random-s0-0128,visibility,once,0.0,20.0,0.0,1,0,0,0,0,16.939455192493398,16.939455192493398,19.247474731225765,0.0
random-s0-0128,visibility,cycle,0.0,20.0,0.0,1,0,0,0,0,76.3810534309348,76.3810534309348,84.81607558176643,0.0
random-s0-0128,visibility,cycle,0.0,100.0,0.0,1,0,0,0,0,75.79564563714351,75.79564563714351,114.83868075497304,0.0
random-s0-0128,visibility,cycle,50.0,20.0,0.0,1,0,0,0,0,75.18534047816368,75.18534047816368,93.52356691245689,0.0
random-s0-0128,visibility,cycle,50.0,100.0,0.0,1,0,0,0,0,84.13630945256159,84.13630945256159,106.39048004035374,0.0
random-s0-0128,visibility,cycle,150.0,20.0,0.0,1,0,0,0,0,20.15455891418634,20.15455891418634,152.37867862000252,0.0
random-s0-0128,visibility,cycle,150.0,100.0,0.0,1,0,1,1,0,-132.81817963472554,97.33243571639412,-132.81817963472554,500.0000000000001
random-s0-0128,visibility,event,0.0,20.0,0.0,1,0,0,0,0,74.4044121517739,74.4044121517739,107.77326948379954,0.0
random-s0-0128,visibility,event,0.0,100.0,0.0,1,0,0,0,0,75.79564563714351,75.79564563714351,157.26934872281254,0.0
random-s0-0128,visibility,event,50.0,20.0,0.0,1,0,0,0,0,72.89831256227689,72.89831256227689,112.87941521031968,0.0
random-s0-0128,visibility,event,50.0,100.0,0.0,1,0,0,0,0,77.56097395099368,77.56097395099368,135.12363620310555,0.0
random-s0-0128,visibility,event,150.0,20.0,0.0,1,0,0,0,0,73.90495352182595,73.90495352182595,152.3281449964614,0.0
random-s0-0128,visibility,event,150.0,100.0,0.0,1,0,0,0,0,97.33243571639412,97.33243571639412,157.4681893852184,0.0
random-s0-0129,voronoi,once,0.0,20.0,0.0,1,0,3,3,0,-135.71439416159842,77.85825988778191,-135.71439416159842,460.0000000000001
random-s0-0129,voronoi,cycle,0.0,20.0,0.0,1,0,1,1,0,-8.480743736225094,627.3068548773053,-8.480743736225094,120.0
random-s0-0129,voronoi,cycle,0.0,100.0,0.0,1,0,1,1,0,-32.91142709972033,506.009328137518,-32.91142709972033,200.0
random-s0-0129,voronoi,cycle,50.0,20.0,0.0,1,0,0,0,0,61.3435049027199,691.8351866664392,61.3435049027199,0.0
random-s0-0129,voronoi,cycle,50.0,100.0,0.0,1,0,0,0,0,25.70001286719437,676.5958626167553,25.70001286719437,0.0
random-s0-0129,voronoi,cycle,150.0,20.0,0.0,1,0,0,0,0,80.52396924957355,561.6935784029929,80.52396924957355,0.0
random-s0-0129,voronoi,cycle,150.0,100.0,0.0,1,0,0,0,0,89.47719822015222,655.2782160260778,89.47719822015222,0.0
random-s0-0129,voronoi,event,0.0,20.0,0.0,1,0,1,1,0,-8.480743736225094,239.74523735997684,-8.480743736225094,120.0
random-s0-0129,voronoi,event,0.0,100.0,0.0,1,0,1,1,0,-32.91142709972033,232.59481543325205,-32.91142709972033,200.0
random-s0-0129,voronoi,event,50.0,20.0,0.0,1,0,0,0,0,61.3435049027199,348.1448022628415,61.3435049027199,0.0
random-s0-0129,voronoi,event,50.0,100.0,0.0,1,0,0,0,0,25.70001286719437,759.272570048374,25.70001286719437,0.0
random-s0-0129,voronoi,event,150.0,20.0,0.0,1,0,0,0,0,89.47719822015227,755.6227097661506,89.47719822015227,0.0
random-s0-0129,voronoi,event,150.0,100.0,0.0,1,0,0,0,0,3.713286462507824,802.9008427507893,3.713286462507824,0.0
random-s0-0129,prm,once,0.0,20.0,0.0,1,0,1,1,0,-60.00157906412831,653.3437059428031,-60.00157906412831,300.0
random-s0-0129,prm,cycle,0.0,20.0,0.0,1,0,1,1,0,-60.00157906412831,715.7981113069064,-60.00157906412831,300.0
random-s0-0129,prm,cycle,0.0,100.0,0.0,1,0,1,1,0,-60.00157906412856,770.5878036234759,-60.00157906412856,299.99999999999983
random-s0-0129,prm,cycle,50.0,20.0,0.0,1,0,1,1,0,-60.00157906412831,783.3490889649727,-60.00157906412831,300.0
random-s0-0129,prm,cycle,50.0,100.0,0.0,1,0,1,1,0,-60.00157906412856,779.7644546179679,-60.00157906412856,299.99999999999983
random-s0-0129,prm,cycle,150.0,20.0,0.0,1,0,1,1,0,-60.00157906412831,785.1502430913773,-60.00157906412831,300.0
random-s0-0129,prm,cycle,150.0,100.0,0.0,1,0,1,1,0,-60.00157906412856,784.7414130661983,-60.00157906412856,299.99999999999983
random-s0-0129,prm,event,0.0,20.0,0.0,1,0,1,1,0,-60.00157906412831,688.2825339105243,-60.00157906412831,300.0
random-s0-0129,prm,event,0.0,100.0,0.0,1,0,1,1,0,-60.00157906412856,686.8960997746136,-60.00157906412856,299.99999999999983
random-s0-0129,prm,event,50.0,20.0,0.0,1,0,1,1,0,-60.00157906412831,674.6980949698026,-60.00157906412831,300.0
random-s0-0129,prm,event,50.0,100.0,0.0,1,0,1,1,0,-60.00157906412856,779.7644546179679,-60.00157906412856,299.99999999999983
random-s0-0129,prm,event,150.0,20.0,0.0,1,0,1,1,0,-60.00157906412831,734.8513587302341,-60.00157906412831,300.0
random-s0-0129,prm,event,150.0,100.0,0.0,1,0,1,1,0,-60.00157906412856,763.7050368990856,-60.00157906412856,299.99999999999983
random-s0-0129,visibility,once,0.0,20.0,0.0,1,0,2,2,0,-60.00157906412831,870.438241504341,-60.00157906412831,380.00000000000006
random-s0-0129,visibility,cycle,0.0,20.0,0.0,1,0,1,1,0,-60.00157906412831,833.4203807291382,-60.00157906412831,300.0
random-s0-0129,visibility,cycle,0.0,100.0,0.0,1,0,1,1,0,-60.00157906412856,846.0174566310852,-60.00157906412856,299.99999999999983
random-s0-0129,visibility,cycle,50.0,20.0,0.0,1,0,1,1,0,-60.00157906412831,857.1848067163296,-60.00157906412831,300.0
random-s0-0129,visibility,cycle,50.0,100.0,0.0,1,0,1,1,0,-60.00157906412856,856.0196364344795,-60.00157906412856,299.99999999999983
random-s0-0129,visibility,cycle,150.0,20.0,0.0,1,0,1,1,0,-60.00157906412831,710.888259298632,-60.00157906412831,300.0
random-s0-0129,visibility,cycle,150.0,100.0,0.0,1,0,1,1,0,-60.00157906412856,827.48323690751,-60.00157906412856,299.99999999999983
random-s0-0129,visibility,event,0.0,20.0,0.0,1,0,1,1,0,-60.00157906412831,842.0910286006196,-60.00157906412831,300.0
random-s0-0129,visibility,event,0.0,100.0,0.0,1,0,1,1,0,-60.00157906412856,846.0470350357111,-60.00157906412856,299.99999999999983
random-s0-0129,visibility,event,50.0,20.0,0.0,1,0,1,1,0,-60.00157906412831,855.6340235312821,-60.00157906412831,300.0
random-s0-0129,visibility,event,50.0,100.0,0.0,1,0,1,1,0,-60.00157906412856,857.0156166070881,-60.00157906412856,299.99999999999983
random-s0-0129,visibility,event,150.0,20.0,0.0,1,0,1,1,0,-60.00157906412831,832.5727283079653,-60.00157906412831,300.0
random-s0-0129,visibility,event,150.0,100.0,0.0,1,0,1,1,0,-60.00157906412856,865.1236451281206,-60.00157906412856,299.99999999999983
random-s0-0130,voronoi,once,0.0,20.0,0.0,1,0,2,2,0,-167.33422647687212,34.12624881458237,-167.33422647687212,540.0000000000001
random-s0-0130,voronoi,cycle,0.0,20.0,0.0,1,0,2,2,0,-169.5506878373809,166.68348619666727,-169.5506878373809,300.0
random-s0-0130,voronoi,cycle,0.0,100.0,0.0,1,0,1,1,0,-169.11125212506096,9.259553001428545,-169.11125212506096,259.99999999999994
random-s0-0130,voronoi,cycle,50.0,20.0,0.0,1,0,1,1,0,-168.59948147136882,81.347713569907,-168.59948147136882,400.00000000000006
random-s0-0130,voronoi,cycle,50.0,100.0,0.0,1,0,1,1,0,-92.73079884348031,18.13447184425766,-92.73079884348031,440.0000000000001
random-s0-0130,voronoi,cycle,150.0,20.0,0.0,1,0,0,0,0,54.17381208811551,300.3513294639855,54.17381208811551,0.0
random-s0-0130,voronoi,cycle,150.0,100.0,0.0,1,0,0,0,0,92.27742232446916,392.53889251974806,92.27742232446916,0.0
random-s0-0130,voronoi,event,0.0,20.0,0.0,1,0,2,2,0,-169.15536870279885,84.30563171329965,-169.15536870279885,300.0
random-s0-0130,voronoi,event,0.0,100.0,0.0,1,0,1,1,0,-169.11125212506096,9.259553001428545,-169.11125212506096,279.99999999999994
random-s0-0130,voronoi,event,50.0,20.0,0.0,1,0,1,1,0,-168.65000662236434,94.03133984972766,-168.65000662236434,400.00000000000006
random-s0-0130,voronoi,event,50.0,100.0,0.0,1,0,1,1,0,-135.88936381509677,455.9077382861193,-135.88936381509677,560.0000000000001
random-s0-0130,voronoi,event,150.0,20.0,0.0,1,0,0,0,0,69.3031548549867,398.10982082613714,69.3031548549867,0.0
random-s0-0130,voronoi,event,150.0,100.0,0.0,1,0,0,0,0,40.618531332640174,490.1218445376351,40.618531332640174,0.0
random-s0-0130,prm,once,0.0,20.0,0.0,1,0,2,2,0,-167.33422647687212,166.23738472631618,-167.33422647687212,540.0000000000001
random-s0-0130,prm,cycle,0.0,20.0,0.0,1,0,2,2,0,-169.1527752484866,293.7763389925501,-169.1527752484866,220.0
random-s0-0130,prm,cycle,0.0,100.0,0.0,1,0,2,2,0,-167.334226476872,126.5272090122682,-167.334226476872,339.9999999999999
random-s0-0130,prm,cycle,50.0,20.0,0.0,1,0,2,2,0,-167.33422647687212,263.49013093093225,-167.33422647687212,420.00000000000006
random-s0-0130,prm,cycle,50.0,100.0,0.0,1,0,2,2,0,-167.334226476872,155.1850147077119,-167.334226476872,500.0
random-s0-0130,prm,cycle,150.0,20.0,0.0,1,0,1,1,0,-57.82765148522144,115.29678624626138,-57.82765148522144,220.0
random-s0-0130,prm,cycle,150.0,100.0,0.0,1,0,2,2,0,-167.334226476872,227.54608353557109,-167.334226476872,540.0
random-s0-0130,prm,event,0.0,20.0,0.0,1,0,2,2,0,-169.1527752484866,284.3035475143872,-169.1527752484866,220.0
random-s0-0130,prm,event,0.0,100.0,0.0,1,0,2,2,0,-167.334226476872,126.5272090122682,-167.334226476872,339.9999999999999
random-s0-0130,prm,event,50.0,20.0,0.0,1,0,2,2,0,-167.33422647687212,290.48077197100343,-167.33422647687212,360.0
random-s0-0130,prm,event,50.0,100.0,0.0,1,0,2,2,0,-167.334226476872,155.1850147077119,-167.334226476872,500.0
random-s0-0130,prm,event,150.0,20.0,0.0,1,0,1,1,0,-170.40204376387413,393.2532614860636,-170.40204376387413,400.00000000000006
random-s0-0130,prm,event,150.0,100.0,0.0,1,0,2,2,0,-167.334226476872,163.16621317083502,-167.334226476872,540.0
random-s0-0130,visibility,once,0.0,20.0,0.0,1,0,3,2,1,-167.33422647687212,-4.906696619535666,-167.33422647687212,560.0000000000001
random-s0-0130,visibility,cycle,0.0,20.0,0.0,1,0,2,2,0,-126.26875704451729,302.7648724291528,-126.26875704451729,300.0
random-s0-0130,visibility,cycle,0.0,100.0,0.0,1,0,2,2,0,-124.5208230906808,303.00125852359025,-124.5208230906808,259.99999999999983
random-s0-0130,visibility,cycle,50.0,20.0,0.0,1,0,2,2,0,-124.52082309068156,392.2394239628327,-124.52082309068156,259.9999999999999
random-s0-0130,visibility,cycle,50.0,100.0,0.0,1,0,2,2,0,-124.5208230906808,402.400172875164,-124.5208230906808,259.99999999999983
random-s0-0130,visibility,cycle,150.0,20.0,0.0,1,0,1,1,0,-169.06330778042263,208.9649390175932,-169.06330778042263,340.0
random-s0-0130,visibility,cycle,150.0,100.0,0.0,1,0,2,2,0,-167.334226476872,19.89096478590028,-167.334226476872,540.0
random-s0-0130,visibility,event,0.0,20.0,0.0,1,0,2,2,0,-126.46008513091589,303.2556638554407,-126.46008513091589,300.0
random-s0-0130,visibility,event,0.0,100.0,0.0,1,0,2,2,0,-124.5208230906808,303.00125852359025,-124.5208230906808,259.99999999999983
random-s0-0130,visibility,event,50.0,20.0,0.0,1,0,2,2,0,-141.7522057106117,395.4355377819037,-141.7522057106117,279.99999999999994
random-s0-0130,visibility,event,50.0,100.0,0.0,1,0,2,2,0,-141.75220571061115,397.1908999010484,-141.75220571061115,279.9999999999999
random-s0-0130,visibility,event,150.0,20.0,0.0,1,0,1,1,0,-168.92128182182185,44.57963709322604,-168.92128182182185,360.00000000000006
random-s0-0130,visibility,event,150.0,100.0,0.0,1,0,2,2,0,-167.334226476872,138.82410668450422,-167.334226476872,540.0
random-s0-0131,voronoi,once,0.0,20.0,0.0,1,0,6,2,4,-167.91711874341337,-167.91711874341337,-33.9248669410087,340.0
random-s0-0131,voronoi,cycle,0.0,20.0,0.0,1,0,1,1,0,-3.652215005772149,14.651287208123676,-3.652215005772149,39.999999999999964
random-s0-0131,voronoi,cycle,0.0,100.0,0.0,1,0,1,0,1,-167.91711874341337,-167.91711874341337,100.92854718877976,200.0
random-s0-0131,voronoi,cycle,50.0,20.0,0.0,1,0,0,0,0,39.74543756091427,91.4101762998348,39.74543756091427,0.0
random-s0-0131,voronoi,cycle,50.0,100.0,0.0,1,0,1,0,1,-167.91711874341337,-167.91711874341337,44.05813729623978,240.0
random-s0-0131,voronoi,cycle,150.0,20.0,0.0,1,0,0,0,0,87.17181906848242,87.17181906848242,124.73873950917812,0.0
random-s0-0131,voronoi,cycle,150.0,100.0,0.0,1,0,1,0,1,-167.91711874341337,-167.91711874341337,137.08807193342284,240.0
random-s0-0131,voronoi,event,0.0,20.0,0.0,1,0,0,0,0,4.035120865274337,9.54301916622481,4.035120865274337,0.0
random-s0-0131,voronoi,event,0.0,100.0,0.0,1,0,3,2,1,-167.91711874341337,-167.91711874341337,-8.619074064769023,340.0
random-s0-0131,voronoi,event,50.0,20.0,0.0,1,0,0,0,0,20.910733429361382,20.910733429361382,38.69822157235461,0.0
random-s0-0131,voronoi,event,50.0,100.0,0.0,1,0,1,0,1,-167.91711874341337,-167.91711874341337,140.32723066622992,240.0
random-s0-0131,voronoi,event,150.0,20.0,0.0,1,0,0,0,0,5.261579896332279,5.261579896332279,114.1547702158818,0.0
random-s0-0131,voronoi,event,150.0,100.0,0.0,1,0,1,0,1,-167.91711874341337,-167.91711874341337,163.15592381533563,240.0
random-s0-0131,prm,once,0.0,20.0,0.0,1,0,4,1,3,-167.91711874341337,-167.91711874341337,-8.640359501501166,160.0
random-s0-0131,prm,cycle,0.0,20.0,0.0,1,0,0,0,0,7.49473216232667,7.49473216232667,17.27435245966683,0.0
random-s0-0131,prm,cycle,0.0,100.0,0.0,1,0,1,0,1,-167.91711874341337,-167.91711874341337,45.90350263544528,60.0
random-s0-0131,prm,cycle,50.0,20.0,0.0,1,0,1,0,1,-167.91711874341337,-167.91711874341337,63.51405185121288,60.0
random-s0-0131,prm,cycle,50.0,100.0,0.0,1,0,1,0,1,-167.91711874341337,-167.91711874341337,32.70399179831338,60.0
random-s0-0131,prm,cycle,150.0,20.0,0.0,1,0,1,0,1,-167.91711874341337,-167.91711874341337,68.96220560454165,60.0
random-s0-0131,prm,cycle,150.0,100.0,0.0,1,0,1,0,1,-167.91711874341337,-167.91711874341337,133.84308529646694,60.0
random-s0-0131,prm,event,0.0,20.0,0.0,1,0,0,0,0,6.04457194843414,6.04457194843414,17.27435245966683,0.0
random-s0-0131,prm,event,0.0,100.0,0.0,1,0,1,0,1,-167.91711874341337,-167.91711874341337,45.90350263544528,60.0
random-s0-0131,prm,event,50.0,20.0,0.0,1,0,1,0,1,-167.91711874341337,-167.91711874341337,65.58391257708013,60.0
random-s0-0131,prm,event,50.0,100.0,0.0,1,0,1,0,1,-167.91711874341337,-167.91711874341337,40.15966512307176,60.0
random-s0-0131,prm,event,150.0,20.0,0.0,1,0,1,0,1,-167.91711874341337,-167.91711874341337,133.72866639646128,60.0
random-s0-0131,prm,event,150.0,100.0,0.0,1,0,2,0,2,-167.91711874341337,-167.91711874341337,134.03412149641804,100.0
random-s0-0131,visibility,once,0.0,20.0,0.0,1,0,4,1,3,-167.91711874341337,-167.91711874341337,-8.640359501501166,160.0
random-s0-0131,visibility,cycle,0.0,20.0,0.0,1,0,3,1,2,-62.669205500855526,-62.669205500855526,-29.40703306388505,259.9999999999999
random-s0-0131,visibility,cycle,0.0,100.0,0.0,1,0,3,1,2,-167.91711874341337,-167.91711874341337,-48.43644906695775,279.9999999999999
random-s0-0131,visibility,cycle,50.0,20.0,0.0,1,0,1,0,1,-167.91711874341337,-167.91711874341337,7.07294493783732,60.0
random-s0-0131,visibility,cycle,50.0,100.0,0.0,1,0,2,1,1,-167.91711874341337,-167.91711874341337,-18.24689240238729,240.0
random-s0-0131,visibility,cycle,150.0,20.0,0.0,1,0,1,0,1,-167.91711874341337,-167.91711874341337,76.24471836893048,60.0
random-s0-0131,visibility,cycle,150.0,100.0,0.0,1,0,1,0,1,-167.91711874341337,-167.91711874341337,41.24659907063952,60.0
random-s0-0131,visibility,event,0.0,20.0,0.0,1,0,3,1,2,-145.9318866034094,-145.9318866034094,-30.63885396461683,620.0000000000002
random-s0-0131,visibility,event,0.0,100.0,0.0,1,0,2,1,1,-167.91711874341337,-167.91711874341337,-55.2168399741994,279.99999999999994
random-s0-0131,visibility,event,50.0,20.0,0.0,1,0,1,0,1,-167.91711874341337,-167.91711874341337,41.85089877226085,60.0
random-s0-0131,visibility,event,50.0,100.0,0.0,1,0,1,0,1,-167.91711874341337,-167.91711874341337,19.44602071112891,60.0
random-s0-0131,visibility,event,150.0,20.0,0.0,1,0,1,0,1,-167.91711874341337,-167.91711874341337,90.74180832789348,60.0
random-s0-0131,visibility,event,150.0,100.0,0.0,1,0,1,0,1,-167.91711874341337,-167.91711874341337,39.660985133301125,60.0
random-s0-0132,voronoi,once,0.0,20.0,0.0,1,0,1,0,1,-55.46578158625445,-55.46578158625445,19.83486630344981,40.0
random-s0-0132,voronoi,cycle,0.0,20.0,0.0,1,0,0,0,0,19.83486630344956,260.11529930608674,19.83486630344956,0.0
random-s0-0132,voronoi,cycle,0.0,100.0,0.0,1,0,0,0,0,19.83486630344933,224.2615637086331,19.83486630344933,0.0
random-s0-0132,voronoi,cycle,50.0,20.0,0.0,1,0,0,0,0,45.448217718420295,119.12525532502036,45.448217718420295,0.0
random-s0-0132,voronoi,cycle,50.0,100.0,0.0,1,0,0,0,0,76.3071795110431,76.3071795110431,128.93011762047598,0.0
random-s0-0132,voronoi,cycle,150.0,20.0,0.0,1,0,0,0,0,60.31388745594202,297.9621748998175,60.31388745594202,0.0
random-s0-0132,voronoi,cycle,150.0,100.0,0.0,1,0,0,0,0,112.01510749091614,112.01510749091614,155.57091790794414,0.0
random-s0-0132,voronoi,event,0.0,20.0,0.0,1,0,0,0,0,19.83486630344956,46.9360269101762,19.83486630344956,0.0
random-s0-0132,voronoi,event,0.0,100.0,0.0,1,0,0,0,0,19.83486630344933,187.8135641327444,19.83486630344933,0.0
random-s0-0132,voronoi,event,50.0,20.0,0.0,1,0,0,0,0,45.448217718420295,220.31344182879604,45.448217718420295,0.0
random-s0-0132,voronoi,event,50.0,100.0,0.0,1,0,0,0,0,128.93011762047598,177.07485169676414,128.93011762047598,0.0
random-s0-0132,voronoi,event,150.0,20.0,0.0,1,0,0,0,0,136.75834362072322,399.1620307443302,136.75834362072322,0.0
random-s0-0132,voronoi,event,150.0,100.0,0.0,1,0,0,0,0,173.72206333157476,386.8189418187376,173.72206333157476,0.0
random-s0-0132,prm,once,0.0,20.0,0.0,1,0,1,0,1,-55.46578158625445,-55.46578158625445,19.83486630344981,40.0
random-s0-0132,prm,cycle,0.0,20.0,0.0,1,0,0,0,0,11.981086849467232,11.981086849467232,19.83486630344956,0.0
random-s0-0132,prm,cycle,0.0,100.0,0.0,1,0,1,0,1,-136.5018680778412,-136.5018680778412,19.83486630344933,740.0000000000002
random-s0-0132,prm,cycle,50.0,20.0,0.0,1,0,0,0,0,69.49622865415321,306.27634927699165,69.49622865415321,0.0
random-s0-0132,prm,cycle,50.0,100.0,0.0,1,0,0,0,0,202.60064913953283,202.60064913953283,251.28355654367408,0.0
random-s0-0132,prm,cycle,150.0,20.0,0.0,1,0,0,0,0,95.0858050738712,289.93373740307794,95.0858050738712,0.0
random-s0-0132,prm,cycle,150.0,100.0,0.0,1,0,0,0,0,137.49593335301017,247.1382332273463,137.49593335301017,0.0
random-s0-0132,prm,event,0.0,20.0,0.0,1,0,0,0,0,3.234048828485129,3.234048828485129,19.83486630344956,0.0
random-s0-0132,prm,event,0.0,100.0,0.0,1,0,0,0,0,5.047471838050257,5.047471838050257,19.83486630344933,0.0
random-s0-0132,prm,event,50.0,20.0,0.0,1,0,1,1,0,-11.375838683229375,108.72404114922556,-11.375838683229375,100.0
random-s0-0132,prm,event,50.0,100.0,0.0,1,0,0,0,0,124.41204236450432,124.41204236450432,168.97663380085498,0.0
random-s0-0132,prm,event,150.0,20.0,0.0,1,0,0,0,0,59.42890997782615,59.42890997782615,137.0680523451387,0.0
random-s0-0132,prm,event,150.0,100.0,0.0,1,0,0,0,0,208.85612278449173,208.85612278449173,277.3572191243988,0.0
random-s0-0132,visibility,once,0.0,20.0,0.0,1,0,1,0,1,-55.46578158625445,-55.46578158625445,19.83486630344981,40.0
random-s0-0132,visibility,cycle,0.0,20.0,0.0,1,0,1,0,1,-4.564905101577693,-4.564905101577693,19.83486630344956,20.0
random-s0-0132,visibility,cycle,0.0,100.0,0.0,1,0,0,0,0,19.83486630344933,25.77264543906628,19.83486630344933,0.0
random-s0-0132,visibility,cycle,50.0,20.0,0.0,1,0,0,0,0,33.57667772265111,86.27439583952304,33.57667772265111,0.0
random-s0-0132,visibility,cycle,50.0,100.0,0.0,1,0,0,0,0,35.057307707110624,36.271561198353055,35.057307707110624,0.0
random-s0-0132,visibility,cycle,150.0,20.0,0.0,1,0,1,1,0,-129.7780104282401,134.28223993392157,-129.7780104282401,160.0
random-s0-0132,visibility,cycle,150.0,100.0,0.0,1,0,0,0,0,109.6128744103583,155.16579195618266,109.6128744103583,0.0
random-s0-0132,visibility,event,0.0,20.0,0.0,1,0,0,0,0,10.751940728295722,10.751940728295722,19.83486630344956,0.0
random-s0-0132,visibility,event,0.0,100.0,0.0,1,0,0,0,0,19.83486630344933,33.249264375941294,19.83486630344933,0.0
random-s0-0132,visibility,event,50.0,20.0,0.0,1,0,0,0,0,28.16603533773724,100.15408477475756,28.16603533773724,0.0
random-s0-0132,visibility,event,50.0,100.0,0.0,1,0,0,0,0,31.365008080902754,70.0258266963873,31.365008080902754,0.0
random-s0-0132,visibility,event,150.0,20.0,0.0,1,0,2,2,0,-133.58219957876958,66.65934770905625,-133.58219957876958,480.00000000000017
random-s0-0132,visibility,event,150.0,100.0,0.0,1,0,0,0,0,113.78995503744454,306.9618016549865,113.78995503744454,0.0
random-s0-0133,voronoi,once,0.0,20.0,0.0,1,0,2,1,1,-138.09007135996637,-69.83110369426944,-138.09007135996637,340.0
random-s0-0133,voronoi,cycle,0.0,20.0,0.0,1,0,0,0,0,4.683423386837319,4.683423386837319,52.00911955198109,0.0
random-s0-0133,voronoi,cycle,0.0,100.0,0.0,1,0,1,0,1,-1.7598430137996388,-1.7598430137996388,106.74172390589445,20.0
random-s0-0133,voronoi,cycle,50.0,20.0,0.0,1,0,0,0,0,20.87964743639733,20.87964743639733,88.83420528298035,0.0
random-s0-0133,voronoi,cycle,50.0,100.0,0.0,1,0,0,0,0,64.29945460735414,64.29945460735414,98.9155505041524,0.0
random-s0-0133,voronoi,cycle,150.0,20.0,0.0,1,0,0,0,0,119.91502123132084,376.0605930804735,119.91502123132084,0.0
random-s0-0133,voronoi,cycle,150.0,100.0,0.0,1,0,0,0,0,124.22734130527743,266.5938429430874,124.22734130527743,0.0
random-s0-0133,voronoi,event,0.0,20.0,0.0,1,0,0,0,0,1.7936999244187746,1.7936999244187746,3.7250021643249625,0.0
random-s0-0133,voronoi,event,0.0,100.0,0.0,1,0,1,0,1,-5.766663668566196,-5.766663668566196,78.14395088067192,20.0
random-s0-0133,voronoi,event,50.0,20.0,0.0,1,0,0,0,0,35.88367345647953,35.88367345647953,68.35659706831808,0.0
random-s0-0133,voronoi,event,50.0,100.0,0.0,1,0,0,0,0,21.47940113357282,21.47940113357282,66.22457281705672,0.0
random-s0-0133,voronoi,event,150.0,20.0,0.0,1,0,0,0,0,101.66119422712472,380.1300711076288,101.66119422712472,0.0
random-s0-0133,voronoi,event,150.0,100.0,0.0,1,0,0,0,0,130.07060602917818,151.99165432107156,130.07060602917818,0.0
random-s0-0133,prm,once,0.0,20.0,0.0,1,0,1,0,1,-69.83110369426944,-69.83110369426944,1.7735944657336802,180.0
random-s0-0133,prm,cycle,0.0,20.0,0.0,1,0,0,0,0,103.70288712608476,127.84970916501698,103.70288712608476,0.0
random-s0-0133,prm,cycle,0.0,100.0,0.0,1,0,0,0,0,84.43941059760732,99.11178982197056,84.43941059760732,0.0
random-s0-0133,prm,cycle,50.0,20.0,0.0,1,0,0,0,0,85.69531242051494,85.69531242051494,103.47033184422789,0.0
random-s0-0133,prm,cycle,50.0,100.0,0.0,1,0,1,0,1,-69.83110369426971,-69.83110369426971,84.43941059760732,179.9999999999998
random-s0-0133,prm,cycle,150.0,20.0,0.0,1,0,0,0,0,71.49211957386814,71.49211957386814,84.94125786309064,0.0
random-s0-0133,prm,cycle,150.0,100.0,0.0,1,0,2,0,2,-69.83110369426971,-69.83110369426971,1.7735944657336231,199.9999999999998
random-s0-0133,prm,event,0.0,20.0,0.0,1,0,0,0,0,21.359004833698577,76.82628914150138,21.359004833698577,0.0
random-s0-0133,prm,event,0.0,100.0,0.0,1,0,0,0,0,21.359004833698265,80.7206576149299,21.359004833698265,0.0
random-s0-0133,prm,event,50.0,20.0,0.0,1,0,0,0,0,74.18315691119432,90.3602800086906,74.18315691119432,0.0
random-s0-0133,prm,event,50.0,100.0,0.0,1,0,1,0,1,-35.25629602268032,-35.25629602268032,84.43941059760732,39.99999999999991
random-s0-0133,prm,event,150.0,20.0,0.0,1,0,0,0,0,145.77106540511716,145.77106540511716,148.85872510539156,0.0
random-s0-0133,prm,event,150.0,100.0,0.0,1,0,1,0,1,-69.83110369426971,-69.83110369426971,1.7735944657336231,179.9999999999998
random-s0-0133,visibility,once,0.0,20.0,0.0,1,0,2,0,2,-69.83110369426944,-69.83110369426944,1.7735944657336802,180.0
random-s0-0133,visibility,cycle,0.0,20.0,0.0,1,0,0,0,0,5.952319560400923,103.24478567900344,5.952319560400923,0.0
random-s0-0133,visibility,cycle,0.0,100.0,0.0,1,0,0,0,0,6.423936661253379,51.07887109389901,6.423936661253379,0.0
random-s0-0133,visibility,cycle,50.0,20.0,0.0,1,0,0,0,0,24.09035559153108,151.56821789744487,24.09035559153108,0.0
random-s0-0133,visibility,cycle,50.0,100.0,0.0,1,0,0,0,0,34.6294028023616,96.72423594997468,34.6294028023616,0.0
random-s0-0133,visibility,cycle,150.0,20.0,0.0,1,0,1,0,1,-44.60671191181717,-44.60671191181717,40.29282000450706,460.0000000000001
random-s0-0133,visibility,cycle,150.0,100.0,0.0,1,0,1,0,1,-69.83110369426971,-69.83110369426971,61.581471908975374,179.9999999999998
random-s0-0133,visibility,event,0.0,20.0,0.0,1,0,0,0,0,19.61538941976684,112.26800048947308,19.61538941976684,0.0
random-s0-0133,visibility,event,0.0,100.0,0.0,1,0,0,0,0,13.111616311614256,52.6334851641312,13.111616311614256,0.0
random-s0-0133,visibility,event,50.0,20.0,0.0,1,0,0,0,0,44.30742282678296,167.48191912304776,44.30742282678296,0.0
random-s0-0133,visibility,event,50.0,100.0,0.0,1,0,0,0,0,40.50880184125242,96.72423594997468,40.50880184125242,0.0
random-s0-0133,visibility,event,150.0,20.0,0.0,1,0,0,0,0,107.44960201789472,310.8990999995694,107.44960201789472,0.0
random-s0-0133,visibility,event,150.0,100.0,0.0,1,0,1,0,1,-69.83110369426971,-69.83110369426971,98.17236878591656,179.9999999999998
random-s0-0134,voronoi,once,0.0,20.0,0.0,1,0,1,0,1,-157.70720553246656,-157.70720553246656,161.39276283339848,600.0000000000002
random-s0-0134,voronoi,cycle,0.0,20.0,0.0,1,0,0,0,0,63.01348980909924,63.01348980909924,161.39276283339848,0.0
random-s0-0134,voronoi,cycle,0.0,100.0,0.0,1,0,0,0,0,3.808518798573488,3.808518798573488,161.3927628333986,0.0
random-s0-0134,voronoi,cycle,50.0,20.0,0.0,1,0,0,0,0,85.3006793006806,85.3006793006806,161.39276283339848,0.0
random-s0-0134,voronoi,cycle,50.0,100.0,0.0,1,0,0,0,0,93.60408703113792,93.60408703113792,143.87161391547096,0.0
random-s0-0134,voronoi,cycle,150.0,20.0,0.0,1,0,0,0,0,95.79162115647068,105.68943712593796,95.79162115647068,0.0
random-s0-0134,voronoi,cycle,150.0,100.0,0.0,1,0,0,0,0,18.810208803233763,18.810208803233763,127.29563625184028,0.0
random-s0-0134,voronoi,event,0.0,20.0,0.0,1,0,0,0,0,2.302037656824069,2.302037656824069,103.49287388612976,0.0
random-s0-0134,voronoi,event,0.0,100.0,0.0,1,0,0,0,0,35.63814653649612,35.63814653649612,161.3927628333986,0.0
random-s0-0134,voronoi,event,50.0,20.0,0.0,1,0,0,0,0,6.684135361134139,6.684135361134139,104.92297213182871,0.0
random-s0-0134,voronoi,event,50.0,100.0,0.0,1,0,0,0,0,31.1117799989253,31.1117799989253,110.3424111369148,0.0
random-s0-0134,voronoi,event,150.0,20.0,0.0,1,0,0,0,0,80.61882772596005,80.61882772596005,102.43551455605149,0.0
random-s0-0134,voronoi,event,150.0,100.0,0.0,1,0,2,0,2,-17.467547637934274,-17.467547637934274,123.12286957351309,160.0
random-s0-0134,prm,once,0.0,20.0,0.0,1,0,1,0,1,-157.70720553246656,-157.70720553246656,161.39276283339848,600.0000000000002
random-s0-0134,prm,cycle,0.0,20.0,0.0,1,0,1,0,1,-153.58286960791122,-153.58286960791122,161.39276283339848,600.0000000000002
random-s0-0134,prm,cycle,0.0,100.0,0.0,1,0,1,0,1,-157.70720553246653,-157.70720553246653,158.13887833839055,600.0000000000002
random-s0-0134,prm,cycle,50.0,20.0,0.0,1,0,0,0,0,76.52457105282491,76.52457105282491,157.84375499983338,0.0
random-s0-0134,prm,cycle,50.0,100.0,0.0,1,0,1,0,1,-134.6535962785812,-134.6535962785812,161.3927628333986,580.0000000000002
random-s0-0134,prm,cycle,150.0,20.0,0.0,1,0,1,0,1,-155.99351135160373,-155.99351135160373,104.79607708971724,600.0000000000002
random-s0-0134,prm,cycle,150.0,100.0,0.0,1,0,1,0,1,-167.904483925937,-167.904483925937,161.3927628333986,600.0000000000002
random-s0-0134,prm,event,0.0,20.0,0.0,1,0,1,0,1,-157.7072055324665,-157.7072055324665,27.77877706025231,600.0000000000002
random-s0-0134,prm,event,0.0,100.0,0.0,1,0,1,0,1,-157.70720553246653,-157.70720553246653,152.87274692934585,600.0000000000002
random-s0-0134,prm,event,50.0,20.0,0.0,1,0,1,0,1,-132.9966372129927,-132.9966372129927,161.39276283339848,580.0000000000002
random-s0-0134,prm,event,50.0,100.0,0.0,1,0,1,0,1,-134.6535962785812,-134.6535962785812,140.34075341825235,580.0000000000002
random-s0-0134,prm,event,150.0,20.0,0.0,1,0,1,0,1,-155.60859037106118,-155.60859037106118,161.39276283339848,580.0000000000002
random-s0-0134,prm,event,150.0,100.0,0.0,1,0,1,0,1,-167.904483925937,-167.904483925937,100.19103918675046,600.0000000000002
random-s0-0134,visibility,once,0.0,20.0,0.0,1,0,1,0,1,-157.70720553246656,-157.70720553246656,161.39276283339848,600.0000000000002
random-s0-0134,visibility,cycle,0.0,20.0,0.0,1,0,1,0,1,-157.7072055324665,-157.7072055324665,161.39276283339848,600.0000000000002
random-s0-0134,visibility,cycle,0.0,100.0,0.0,1,0,1,0,1,-157.70720553246653,-157.70720553246653,161.3927628333986,600.0000000000002
random-s0-0134,visibility,cycle,50.0,20.0,0.0,1,0,1,0,1,-154.3134791876544,-154.3134791876544,120.66412714324798,580.0000000000002
random-s0-0134,visibility,cycle,50.0,100.0,0.0,1,0,1,0,1,-127.26599519126545,-127.26599519126545,161.3927628333986,559.9999999999999
random-s0-0134,visibility,cycle,150.0,20.0,0.0,1,0,1,0,1,-156.79651720835926,-156.79651720835926,78.5497245668912,580.0000000000002
random-s0-0134,visibility,cycle,150.0,100.0,0.0,1,0,1,0,1,-164.10478411680546,-164.10478411680546,107.04935611551798,600.0000000000002
random-s0-0134,visibility,event,0.0,20.0,0.0,1,0,1,0,1,-157.7072055324665,-157.7072055324665,161.39276283339848,600.0000000000002
random-s0-0134,visibility,event,0.0,100.0,0.0,1,0,1,0,1,-157.70720553246653,-157.70720553246653,161.3927628333986,600.0000000000002
random-s0-0134,visibility,event,50.0,20.0,0.0,1,0,1,0,1,-153.0238351439693,-153.0238351439693,161.39276283339848,600.0000000000002
random-s0-0134,visibility,event,50.0,100.0,0.0,1,0,1,0,1,-130.40964615472217,-130.40964615472217,161.3927628333986,620.0
random-s0-0134,visibility,event,150.0,20.0,0.0,1,0,1,0,1,-156.79651720835926,-156.79651720835926,102.21553119565648,580.0000000000002
random-s0-0134,visibility,event,150.0,100.0,0.0,1,0,1,0,1,-164.10478411680546,-164.10478411680546,100.19103918675046,600.0000000000002
random-s0-0135,voronoi,once,0.0,20.0,0.0,1,0,2,2,0,-160.30172024114236,120.7201131746059,-160.30172024114236,560.0000000000001
random-s0-0135,voronoi,cycle,0.0,20.0,0.0,1,0,0,0,0,13.705583581996676,420.6493684910125,13.705583581996676,0.0
random-s0-0135,voronoi,cycle,0.0,100.0,0.0,1,0,0,0,0,18.62743633213813,523.5148087049147,18.62743633213813,0.0
random-s0-0135,voronoi,cycle,50.0,20.0,0.0,1,0,0,0,0,52.35228850610002,209.11225927462996,52.35228850610002,0.0
random-s0-0135,voronoi,cycle,50.0,100.0,0.0,1,0,0,0,0,96.11944023116364,356.6739700541319,96.11944023116364,0.0
random-s0-0135,voronoi,cycle,150.0,20.0,0.0,1,0,1,1,0,-156.3070716530229,393.0213624392351,-156.3070716530229,199.9999999999957
random-s0-0135,voronoi,cycle,150.0,100.0,0.0,1,0,0,0,0,264.33140253351155,626.0024494684376,264.33140253351155,0.0
random-s0-0135,voronoi,event,0.0,20.0,0.0,1,0,0,0,0,17.589148642722847,433.1250699448501,17.589148642722847,0.0
random-s0-0135,voronoi,event,0.0,100.0,0.0,1,0,1,1,0,-32.95101944498583,521.8374215545832,-32.95101944498583,380.00000000000006
random-s0-0135,voronoi,event,50.0,20.0,0.0,1,0,0,0,0,241.32089155042556,257.2852939065995,241.32089155042556,0.0
random-s0-0135,voronoi,event,50.0,100.0,0.0,1,0,0,0,0,222.226669702802,226.13438764499105,222.226669702802,0.0
random-s0-0135,voronoi,event,150.0,20.0,0.0,1,0,1,1,0,-10.252977990342515,372.3485470998344,-10.252977990342515,0.0
random-s0-0135,voronoi,event,150.0,100.0,0.0,1,0,0,0,0,127.57919576593537,127.57919576593537,311.45566091664574,0.0
random-s0-0135,prm,once,0.0,20.0,0.0,1,0,1,1,0,-62.68980720741348,134.25982442999697,-62.68980720741348,60.0
random-s0-0135,prm,cycle,0.0,20.0,0.0,1,0,0,0,0,0.9669173104692844,221.04455536419405,0.9669173104692844,0.0
random-s0-0135,prm,cycle,0.0,100.0,0.0,1,0,0,0,0,1.919165894494,1.919165894494,56.699016768810765,0.0
random-s0-0135,prm,cycle,50.0,20.0,0.0,1,0,0,0,0,128.6220519368797,270.93397425330704,128.6220519368797,0.0
random-s0-0135,prm,cycle,50.0,100.0,0.0,1,0,0,0,0,285.38533224777257,427.81157649540046,285.38533224777257,0.0
random-s0-0135,prm,cycle,150.0,20.0,0.0,1,0,0,0,0,43.82794341656839,271.3974614061325,43.82794341656839,0.0
random-s0-0135,prm,cycle,150.0,100.0,0.0,1,0,0,0,0,191.15416137927105,519.6136735488416,191.15416137927105,0.0
random-s0-0135,prm,event,0.0,20.0,0.0,1,0,0,0,0,7.606309894732362,97.08184884733735,7.606309894732362,0.0
random-s0-0135,prm,event,0.0,100.0,0.0,1,0,0,0,0,1.919165894494,1.919165894494,56.699016768810765,0.0
random-s0-0135,prm,event,50.0,20.0,0.0,1,0,0,0,0,258.27681448742186,590.3308459923123,258.27681448742186,0.0
random-s0-0135,prm,event,50.0,100.0,0.0,1,0,0,0,0,121.50717322949232,121.50717322949232,218.5385064570573,0.0
random-s0-0135,prm,event,150.0,20.0,0.0,1,0,0,0,0,135.49214605988533,442.8351876117621,135.49214605988533,0.0
random-s0-0135,prm,event,150.0,100.0,0.0,1,0,0,0,0,224.90984947707545,331.4644768466427,224.90984947707545,0.0
random-s0-0135,visibility,once,0.0,20.0,0.0,1,0,1,1,0,-170.7647174640122,21.034404246741133,-170.7647174640122,220.0
random-s0-0135,visibility,cycle,0.0,20.0,0.0,1,0,2,2,0,-67.49683268071931,186.0137730850538,-67.49683268071931,480.00000000000017
random-s0-0135,visibility,cycle,0.0,100.0,0.0,1,0,2,2,0,-167.18181705588472,168.3202200711023,-167.18181705588472,480.0
random-s0-0135,visibility,cycle,50.0,20.0,0.0,1,0,1,1,0,-43.27710292243259,330.28578284719936,-43.27710292243259,240.0
random-s0-0135,visibility,cycle,50.0,100.0,0.0,1,0,1,1,0,-36.03234758206492,321.49687542766,-36.03234758206492,199.9999999999998
random-s0-0135,visibility,cycle,150.0,20.0,0.0,1,0,1,1,0,-159.97386497314935,262.8629442369424,-159.97386497314935,459.9999999999902
random-s0-0135,visibility,cycle,150.0,100.0,0.0,1,0,2,2,0,-162.33125623510284,251.3682730448448,-162.33125623510284,680.0000000000001
random-s0-0135,visibility,event,0.0,20.0,0.0,1,0,1,1,0,-24.352640464944784,248.12385646319808,-24.352640464944784,120.0
random-s0-0135,visibility,event,0.0,100.0,0.0,1,0,2,2,0,-48.06577993066867,168.3202200711023,-48.06577993066867,259.99999999999994
random-s0-0135,visibility,event,50.0,20.0,0.0,1,0,1,1,0,-137.49282601600828,532.1993139897015,-137.49282601600828,500.0000000000001
random-s0-0135,visibility,event,50.0,100.0,0.0,1,0,1,1,0,-93.7660468440274,423.44142554342807,-93.7660468440274,460.0000000000001
random-s0-0135,visibility,event,150.0,20.0,0.0,1,0,0,0,0,53.78780464737042,53.78780464737042,111.5589615740451,0.0
random-s0-0135,visibility,event,150.0,100.0,0.0,1,0,2,2,0,-162.33125623510284,251.3682730448448,-162.33125623510284,680.0000000000001
random-s0-0136,voronoi,once,0.0,20.0,0.0,1,0,2,0,2,-123.95702340926456,-123.95702340926456,45.671671484986376,420.0000000000001
random-s0-0136,voronoi,cycle,0.0,20.0,0.0,1,0,0,0,0,4.8711562060429685,224.62681477594305,4.8711562060429685,0.0
random-s0-0136,voronoi,cycle,0.0,100.0,0.0,1,0,0,0,0,85.07193996384063,187.39292223971376,85.07193996384063,0.0
random-s0-0136,voronoi,cycle,50.0,20.0,0.0,1,0,0,0,0,66.81652002435385,228.77224198178004,66.81652002435385,0.0
random-s0-0136,voronoi,cycle,50.0,100.0,0.0,1,0,0,0,0,97.24224214040646,200.264368436012,97.24224214040646,0.0
random-s0-0136,voronoi,cycle,150.0,20.0,0.0,1,0,0,0,0,110.673113102559,372.20324693893474,110.673113102559,0.0
random-s0-0136,voronoi,cycle,150.0,100.0,0.0,1,0,0,0,0,194.3626122876556,340.4264425930355,194.3626122876556,0.0
random-s0-0136,voronoi,event,0.0,20.0,0.0,1,0,0,0,0,54.8396356239976,212.52572989438997,54.8396356239976,0.0
random-s0-0136,voronoi,event,0.0,100.0,0.0,1,0,0,0,0,95.1191084739221,243.07853327124843,95.1191084739221,0.0
random-s0-0136,voronoi,event,50.0,20.0,0.0,1,0,0,0,0,90.7558241766045,305.75439618875555,90.7558241766045,0.0
random-s0-0136,voronoi,event,50.0,100.0,0.0,1,0,0,0,0,97.24224214040646,100.36979012446336,97.24224214040646,0.0
random-s0-0136,voronoi,event,150.0,20.0,0.0,1,0,0,0,0,137.35194600233643,378.818379558812,137.35194600233643,0.0
random-s0-0136,voronoi,event,150.0,100.0,0.0,1,0,0,0,0,158.03694449695456,382.2178432962178,158.03694449695456,0.0
random-s0-0136,prm,once,0.0,20.0,0.0,1,0,3,2,1,-91.20669297862676,-23.216327930645804,-91.20669297862676,300.0
random-s0-0136,prm,cycle,0.0,20.0,0.0,1,0,1,1,0,-48.94769296036026,285.9386578492887,-48.94769296036026,180.0
random-s0-0136,prm,cycle,0.0,100.0,0.0,1,0,0,0,0,4.194032770360309,258.05675360923203,4.194032770360309,0.0
random-s0-0136,prm,cycle,50.0,20.0,0.0,1,0,0,0,0,38.62400433603494,368.79213235941927,38.62400433603494,0.0
random-s0-0136,prm,cycle,50.0,100.0,0.0,1,0,0,0,0,34.64226674198471,199.7974547662596,34.64226674198471,0.0
random-s0-0136,prm,cycle,150.0,20.0,0.0,1,0,0,0,0,188.1756507600981,410.0954083068649,188.1756507600981,0.0
random-s0-0136,prm,cycle,150.0,100.0,0.0,1,0,0,0,0,85.91629716941378,85.91629716941378,172.13805307313396,0.0
random-s0-0136,prm,event,0.0,20.0,0.0,1,0,0,0,0,19.29925127702481,285.9386578492887,19.29925127702481,0.0
random-s0-0136,prm,event,0.0,100.0,0.0,1,0,1,1,0,-91.20669297862705,258.05675360923203,-91.20669297862705,239.9999999999997
random-s0-0136,prm,event,50.0,20.0,0.0,1,0,0,0,0,50.195118817923344,352.81368370071755,50.195118817923344,0.0
random-s0-0136,prm,event,50.0,100.0,0.0,1,0,0,0,0,50.195118817923344,199.7974547662596,50.195118817923344,0.0
random-s0-0136,prm,event,150.0,20.0,0.0,1,0,0,0,0,61.72621405845675,61.72621405845675,180.33750572572853,0.0
random-s0-0136,prm,event,150.0,100.0,0.0,1,0,0,0,0,88.78653791187378,88.78653791187378,159.94448668934518,0.0
random-s0-0136,visibility,once,0.0,20.0,0.0,1,0,5,4,1,-149.20266240065845,-149.20266240065845,-132.1888227020774,580.0000000000002
random-s0-0136,visibility,cycle,0.0,20.0,0.0,1,0,3,2,1,-148.8283708379146,-148.8283708379146,-12.97241710815905,320.0
random-s0-0136,visibility,cycle,0.0,100.0,0.0,1,0,3,2,1,-153.86991747766422,-153.86991747766422,-75.84448150920677,300.0
random-s0-0136,visibility,cycle,50.0,20.0,0.0,1,0,0,0,0,19.406888598998364,108.10098020054812,19.406888598998364,0.0
random-s0-0136,visibility,cycle,50.0,100.0,0.0,1,0,1,0,1,-146.9775271517612,-146.9775271517612,24.7655033966478,259.99999999999994
random-s0-0136,visibility,cycle,150.0,20.0,0.0,1,0,0,0,0,12.335341481499285,12.335341481499285,72.06259936631528,0.0
random-s0-0136,visibility,cycle,150.0,100.0,0.0,1,0,0,0,0,15.76993898408722,15.76993898408722,86.92963238487351,0.0
random-s0-0136,visibility,event,0.0,20.0,0.0,1,0,2,2,0,-94.99758020634138,206.745374770073,-94.99758020634138,400.00000000000006
random-s0-0136,visibility,event,0.0,100.0,0.0,1,0,1,1,0,-15.94567627674934,204.28416392305652,-15.94567627674934,40.0
random-s0-0136,visibility,event,50.0,20.0,0.0,1,0,2,2,0,-110.00046814288449,212.1626741331675,-110.00046814288449,480.00000000000017
random-s0-0136,visibility,event,50.0,100.0,0.0,1,0,2,2,0,-98.998638776715,83.96051119598116,-98.998638776715,640.0000000000002
random-s0-0136,visibility,event,150.0,20.0,0.0,1,0,1,1,0,-80.35242298028167,33.94316807968639,-80.35242298028167,300.0
random-s0-0136,visibility,event,150.0,100.0,0.0,1,0,1,1,0,-16.569800104435984,145.24816117374638,-16.569800104435984,60.0
random-s0-0137,voronoi,once,0.0,20.0,0.0,1,0,4,2,2,-141.77453757575242,-139.29603481861903,-141.77453757575242,1240.000000000001
random-s0-0137,voronoi,cycle,0.0,20.0,0.0,1,0,4,1,3,-9.380153916975472,-9.380153916975472,-3.443429349318506,199.99999999999997
random-s0-0137,voronoi,cycle,0.0,100.0,0.0,1,0,3,1,2,-80.09412020483992,-53.37938139528667,-80.09412020483992,620.0000000000002
random-s0-0137,voronoi,cycle,50.0,20.0,0.0,1,0,0,0,0,0.8969353321923563,182.7531383378997,0.8969353321923563,0.0
random-s0-0137,voronoi,cycle,50.0,100.0,0.0,1,0,1,1,0,-2.197678230811136,76.5637383362332,-2.197678230811136,80.0
random-s0-0137,voronoi,cycle,150.0,20.0,0.0,1,0,0,0,0,129.9695427278113,159.43843326858098,129.9695427278113,0.0
random-s0-0137,voronoi,cycle,150.0,100.0,0.0,1,0,0,0,0,76.5637383362332,76.5637383362332,114.21436262242833,0.0
random-s0-0137,voronoi,event,0.0,20.0,0.0,1,0,4,2,2,-80.27883846587173,-8.48357004080961,-80.27883846587173,580.0000000000002
random-s0-0137,voronoi,event,0.0,100.0,0.0,1,0,3,2,1,-80.09412020483992,-53.37938139528667,-80.09412020483992,740.0000000000002
random-s0-0137,voronoi,event,50.0,20.0,0.0,1,0,0,0,0,12.049985229922072,182.7531383378997,12.049985229922072,0.0
random-s0-0137,voronoi,event,50.0,100.0,0.0,1,0,2,2,0,-177.64371923534372,24.84866444302673,-177.64371923534372,660.0000000000002
random-s0-0137,voronoi,event,150.0,20.0,0.0,1,0,0,0,0,135.2669027982481,176.25467557363908,135.2669027982481,0.0
random-s0-0137,voronoi,event,150.0,100.0,0.0,1,0,0,0,0,76.5637383362332,76.5637383362332,135.2669027982481,0.0
random-s0-0137,prm,once,0.0,20.0,0.0,1,0,4,3,1,-144.373306281141,-139.29603481861903,-144.373306281141,960.0000000000006
random-s0-0137,prm,cycle,0.0,20.0,0.0,1,0,2,1,1,-139.29603481862023,-139.29603481862023,-79.23506070953637,720.0000000000003
random-s0-0137,prm,cycle,0.0,100.0,0.0,1,0,2,1,1,-139.29603481861903,-139.29603481861903,-79.23506070953628,720.0000000000003
random-s0-0137,prm,cycle,50.0,20.0,0.0,1,0,1,1,0,-89.19169899552047,91.39951348874716,-89.19169899552047,460.0000000000001
random-s0-0137,prm,cycle,50.0,100.0,0.0,1,0,2,1,1,-139.29603481861903,-139.29603481861903,-71.83907475804612,720.0000000000003
random-s0-0137,prm,cycle,150.0,20.0,0.0,1,0,3,1,2,-139.29603481862023,-139.29603481862023,-79.23506070953637,760.0000000000003
random-s0-0137,prm,cycle,150.0,100.0,0.0,1,0,2,1,1,-139.29603481861903,-139.29603481861903,-79.23506070953628,720.0000000000003
random-s0-0137,prm,event,0.0,20.0,0.0,1,0,3,2,1,-139.29603481862023,-139.29603481862023,-79.23506070953637,780.0000000000003
random-s0-0137,prm,event,0.0,100.0,0.0,1,0,2,1,1,-139.29603481861903,-139.29603481861903,-79.23506070953628,720.0000000000003
random-s0-0137,prm,event,50.0,20.0,0.0,1,0,1,1,0,-77.04999123087903,30.03099165166239,-77.04999123087903,440.0000000000001
random-s0-0137,prm,event,50.0,100.0,0.0,1,0,4,3,1,-148.8987306793561,-139.29603481861903,-148.8987306793561,1200.000000000001
random-s0-0137,prm,event,150.0,20.0,0.0,1,0,2,1,1,-139.29603481862023,-139.29603481862023,-79.23506070953637,720.0000000000003
random-s0-0137,prm,event,150.0,100.0,0.0,1,0,2,1,1,-139.29603481861903,-139.29603481861903,-79.23506070953628,720.0000000000003
random-s0-0137,visibility,once,0.0,20.0,0.0,1,0,6,5,1,-168.55113987371652,-139.29603481861903,-168.55113987371652,1320.000000000001
random-s0-0137,visibility,cycle,0.0,20.0,0.0,1,0,3,2,1,-139.29603481862023,-139.29603481862023,-79.23506070953637,760.0000000000002
random-s0-0137,visibility,cycle,0.0,100.0,0.0,1,0,5,4,1,-139.29603481861903,-139.29603481861903,-79.23506070953628,980.0000000000006
random-s0-0137,visibility,cycle,50.0,20.0,0.0,1,0,3,3,0,-105.87359815944644,80.19679767245009,-105.87359815944644,860.0000000000005
random-s0-0137,visibility,cycle,50.0,100.0,0.0,1,0,4,3,1,-139.29603481861903,-139.29603481861903,-78.23084919097721,880.0000000000005
random-s0-0137,visibility,cycle,150.0,20.0,0.0,1,0,3,2,1,-139.29603481862023,-139.29603481862023,-85.36838586421169,720.0000000000003
random-s0-0137,visibility,cycle,150.0,100.0,0.0,1,0,3,2,1,-139.29603481861903,-139.29603481861903,-120.10689001306812,720.0000000000003
random-s0-0137,visibility,event,0.0,20.0,0.0,1,0,4,3,1,-139.29603481862023,-139.29603481862023,-79.23506070953637,940.0000000000005
random-s0-0137,visibility,event,0.0,100.0,0.0,1,0,4,3,1,-139.29603481861903,-139.29603481861903,-79.23506070953628,1080.0000000000002
random-s0-0137,visibility,event,50.0,20.0,0.0,1,0,2,2,0,-78.1288536564734,35.539118468403984,-78.1288536564734,680.0000000000002
random-s0-0137,visibility,event,50.0,100.0,0.0,1,0,3,2,1,-139.29603481861903,-139.29603481861903,-78.23084919097721,960.0000000000006
random-s0-0137,visibility,event,150.0,20.0,0.0,1,0,3,2,1,-139.29603481862023,-139.29603481862023,-79.7639733304624,720.0000000000003
random-s0-0137,visibility,event,150.0,100.0,0.0,1,0,2,1,1,-139.29603481861903,-139.29603481861903,-79.23506070953628,720.0000000000003
random-s0-0138,voronoi,once,0.0,20.0,0.0,1,0,6,6,0,-143.46760286606107,175.8735526748689,-143.46760286606107,1800.0000000000011
random-s0-0138,voronoi,cycle,0.0,20.0,0.0,1,0,7,5,2,-109.77979011736394,-4.41655071991724,-109.77979011736394,839.9999999999991
random-s0-0138,voronoi,cycle,0.0,100.0,0.0,1,0,4,3,1,-101.17423717546068,-101.17423717546068,-59.17175381753732,440.0
random-s0-0138,voronoi,cycle,50.0,20.0,0.0,1,0,1,1,0,-109.77979011736394,315.86998234997685,-109.77979011736394,399.9999999999988
random-s0-0138,voronoi,cycle,50.0,100.0,0.0,1,0,1,1,0,-109.77979011736343,73.05271490526457,-109.77979011736343,399.99999999999966
random-s0-0138,voronoi,cycle,150.0,20.0,0.0,1,0,1,1,0,-109.77979011736394,314.2098760179305,-109.77979011736394,399.9999999999988
random-s0-0138,voronoi,cycle,150.0,100.0,0.0,1,0,1,1,0,-109.77979011736343,496.86311602926594,-109.77979011736343,399.99999999999966
random-s0-0138,voronoi,event,0.0,20.0,0.0,1,0,2,2,0,-109.77979011736394,175.967592203639,-109.77979011736394,419.9999999999988
random-s0-0138,voronoi,event,0.0,100.0,0.0,1,0,2,2,0,-109.77979011736343,175.8735526748689,-109.77979011736343,499.9999999999997
random-s0-0138,voronoi,event,50.0,20.0,0.0,1,0,1,1,0,-109.77979011736394,236.56474643145737,-109.77979011736394,399.9999999999988
random-s0-0138,voronoi,event,50.0,100.0,0.0,1,0,2,2,0,-109.77979011736343,239.18794564431136,-109.77979011736343,499.9999999999997
random-s0-0138,voronoi,event,150.0,20.0,0.0,1,0,3,3,0,-144.49294062243803,340.0557283010121,-144.49294062243803,1239.999999999981
random-s0-0138,voronoi,event,150.0,100.0,0.0,1,0,2,2,0,-109.77979011736343,434.95539114955193,-109.77979011736343,860.0
random-s0-0138,prm,once,0.0,20.0,0.0,1,0,7,6,1,-155.71765347155062,-155.71765347155062,-117.10163360835882,1400.000000000001
random-s0-0138,prm,cycle,0.0,20.0,0.0,1,0,2,2,0,-17.84104913742388,216.1010329891588,-17.84104913742388,200.0
random-s0-0138,prm,cycle,0.0,100.0,0.0,1,0,2,2,0,-32.86749948391608,210.89811762780067,-32.86749948391608,259.99999999999994
random-s0-0138,prm,cycle,50.0,20.0,0.0,1,0,1,1,0,-109.77979011736394,124.37072910458522,-109.77979011736394,399.9999999999988
random-s0-0138,prm,cycle,50.0,100.0,0.0,1,0,1,1,0,-109.77979011736343,292.465700785875,-109.77979011736343,399.99999999999966
random-s0-0138,prm,cycle,150.0,20.0,0.0,1,0,1,1,0,-12.974761260402602,101.99865255625645,-12.974761260402602,200.0
random-s0-0138,prm,cycle,150.0,100.0,0.0,1,0,1,1,0,-12.974761260402602,114.2026935273226,-12.974761260402602,199.99999999999997
random-s0-0138,prm,event,0.0,20.0,0.0,1,0,2,2,0,-109.77979011736394,479.2408173390651,-109.77979011736394,419.9999999999988
random-s0-0138,prm,event,0.0,100.0,0.0,1,0,2,2,0,-132.9852671242321,432.0170310553358,-132.9852671242321,660.0000000000002
random-s0-0138,prm,event,50.0,20.0,0.0,1,0,1,1,0,-109.77979011736394,362.04154614997583,-109.77979011736394,399.9999999999988
random-s0-0138,prm,event,50.0,100.0,0.0,1,0,1,1,0,-109.77979011736343,497.29592039084855,-109.77979011736343,399.99999999999966
random-s0-0138,prm,event,150.0,20.0,0.0,1,0,1,1,0,-12.974761260402602,53.55420230888524,-12.974761260402602,200.0
random-s0-0138,prm,event,150.0,100.0,0.0,1,0,1,1,0,-12.974761260402602,53.55420230888524,-12.974761260402602,199.99999999999997
random-s0-0138,visibility,once,0.0,20.0,0.0,1,0,3,3,0,-109.77979011736394,123.2283052468644,-109.77979011736394,1440.000000000001
random-s0-0138,visibility,cycle,0.0,20.0,0.0,1,0,3,3,0,-109.77979011736394,130.8480808772838,-109.77979011736394,600.0000000000002
random-s0-0138,visibility,cycle,0.0,100.0,0.0,1,0,3,3,0,-109.77979011736343,570.7606027911365,-109.77979011736343,539.9999999999997
random-s0-0138,visibility,cycle,50.0,20.0,0.0,1,0,1,1,0,-109.77979011736394,202.09562657712732,-109.77979011736394,359.9999999999996
random-s0-0138,visibility,cycle,50.0,100.0,0.0,1,0,1,1,0,-109.77979011736343,393.62505960771,-109.77979011736343,399.99999999999966
random-s0-0138,visibility,cycle,150.0,20.0,0.0,1,0,1,1,0,-12.974761260402602,30.50609566957948,-12.974761260402602,200.0
random-s0-0138,visibility,cycle,150.0,100.0,0.0,1,0,1,1,0,-12.974761260402602,32.40132956531451,-12.974761260402602,199.99999999999997
random-s0-0138,visibility,event,0.0,20.0,0.0,1,0,2,2,0,-109.77979011736394,405.51653071081046,-109.77979011736394,779.999999999999
random-s0-0138,visibility,event,0.0,100.0,0.0,1,0,2,2,0,-109.77979011736343,510.0699961830184,-109.77979011736343,439.99999999999966
random-s0-0138,visibility,event,50.0,20.0,0.0,1,0,1,1,0,-109.77979011736394,297.0640801455964,-109.77979011736394,399.9999999999988
random-s0-0138,visibility,event,50.0,100.0,0.0,1,0,1,1,0,-109.77979011736343,566.3301673338028,-109.77979011736343,399.99999999999966
random-s0-0138,visibility,event,150.0,20.0,0.0,1,0,1,1,0,-12.974761260402602,36.28979780377631,-12.974761260402602,200.0
random-s0-0138,visibility,event,150.0,100.0,0.0,1,0,1,1,0,-12.974761260402602,40.88403898027437,-12.974761260402602,199.99999999999997
random-s0-0139,voronoi,once,0.0,20.0,0.0,1,0,8,5,3,-166.77681798684796,-126.36994782611784,-166.77681798684796,2360.000000000002
random-s0-0139,voronoi,cycle,0.0,20.0,0.0,1,0,1,1,0,-3.78820676922183,1.0940979778114863,-3.78820676922183,60.0
random-s0-0139,voronoi,cycle,0.0,100.0,0.0,1,0,2,1,1,-62.94197174915925,-62.94197174915925,-3.788206769221461,200.0
random-s0-0139,voronoi,cycle,50.0,20.0,0.0,1,0,0,0,0,38.04090625516548,115.44079929651969,38.04090625516548,0.0
random-s0-0139,voronoi,cycle,50.0,100.0,0.0,1,0,1,1,0,-3.788206769221461,53.4323666754359,-3.788206769221461,120.0
random-s0-0139,voronoi,cycle,150.0,20.0,0.0,1,0,0,0,0,90.87514852395049,311.0467227954698,90.87514852395049,0.0
random-s0-0139,voronoi,cycle,150.0,100.0,0.0,1,0,0,0,0,78.92553314563861,78.92553314563861,146.74710802243902,0.0
random-s0-0139,voronoi,event,0.0,20.0,0.0,1,0,4,3,1,-97.90020797281947,-5.7890032977696535,-97.90020797281947,640.0000000000002
random-s0-0139,voronoi,event,0.0,100.0,0.0,1,0,3,3,0,-31.41338079101141,13.978596872501695,-31.41338079101141,460.0000000000001
random-s0-0139,voronoi,event,50.0,20.0,0.0,1,0,2,2,0,-104.38807183721724,132.36061629208393,-104.38807183721724,900.0000000000005
random-s0-0139,voronoi,event,50.0,100.0,0.0,1,0,2,2,0,-22.75217656078965,103.48635301758571,-22.75217656078965,360.00000000000006
random-s0-0139,voronoi,event,150.0,20.0,0.0,1,0,0,0,0,9.566637060905236,9.566637060905236,80.53702720354596,0.0
random-s0-0139,voronoi,event,150.0,100.0,0.0,1,0,0,0,0,105.91435101749846,105.91435101749846,139.26813290867364,0.0
random-s0-0139,prm,once,0.0,20.0,0.0,1,0,2,1,1,-109.24645285986291,-55.132368918664255,-109.24645285986291,580.0000000000002
random-s0-0139,prm,cycle,0.0,20.0,0.0,1,0,1,1,0,-109.24645285986291,29.12171689286302,-109.24645285986291,540.0000000000001
random-s0-0139,prm,cycle,0.0,100.0,0.0,1,0,2,2,0,-109.24645285986271,107.83598119715964,-109.24645285986271,540.0000000000001
random-s0-0139,prm,cycle,50.0,20.0,0.0,1,0,1,1,0,-109.24645285986291,45.475931531896094,-109.24645285986291,540.0000000000001
random-s0-0139,prm,cycle,50.0,100.0,0.0,1,0,1,1,0,-109.24645285986271,77.85400220684164,-109.24645285986271,540.0000000000001
random-s0-0139,prm,cycle,150.0,20.0,0.0,1,0,1,1,0,-109.24645285986291,24.19516985670731,-109.24645285986291,540.0000000000001
random-s0-0139,prm,cycle,150.0,100.0,0.0,1,0,1,1,0,-109.24645285986271,14.514212286072675,-109.24645285986271,540.0000000000001
random-s0-0139,prm,event,0.0,20.0,0.0,1,0,1,1,0,-109.24645285986291,27.30107955772644,-109.24645285986291,540.0000000000001
random-s0-0139,prm,event,0.0,100.0,0.0,1,0,2,1,1,-109.24645285986271,-16.78785871740442,-109.24645285986271,860.0000000000005
random-s0-0139,prm,event,50.0,20.0,0.0,1,0,1,1,0,-109.24645285986291,45.475931531896094,-109.24645285986291,540.0000000000001
random-s0-0139,prm,event,50.0,100.0,0.0,1,0,1,1,0,-109.24645285986271,144.62375856722088,-109.24645285986271,540.0000000000001
random-s0-0139,prm,event,150.0,20.0,0.0,1,0,1,1,0,-109.24645285986291,122.8839015115293,-109.24645285986291,540.0000000000001
random-s0-0139,prm,event,150.0,100.0,0.0,1,0,1,1,0,-109.24645285986271,22.09762227652314,-109.24645285986271,540.0000000000001
random-s0-0139,visibility,once,0.0,20.0,0.0,1,0,5,3,2,-143.3780667381867,-82.58226270349019,-143.3780667381867,720.0000000000003
random-s0-0139,visibility,cycle,0.0,20.0,0.0,1,0,4,3,1,-151.92098408660942,-45.234071877352,-151.92098408660942,1260.000000000001
random-s0-0139,visibility,cycle,0.0,100.0,0.0,1,0,4,3,1,-167.90597468671885,-167.90597468671885,-166.3309654301699,1560.000000000001
random-s0-0139,visibility,cycle,50.0,20.0,0.0,1,0,3,2,1,-127.4471979149306,-127.4471979149306,-109.24645285986291,680.0000000000002
random-s0-0139,visibility,cycle,50.0,100.0,0.0,1,0,3,2,1,-109.24645285986271,-47.9231520467448,-109.24645285986271,1060.0000000000002
random-s0-0139,visibility,cycle,150.0,20.0,0.0,1,0,2,1,1,-109.24645285986291,-7.723184029709785,-109.24645285986291,740.0000000000003
random-s0-0139,visibility,cycle,150.0,100.0,0.0,1,0,2,1,1,-109.24645285986271,-14.24070109205627,-109.24645285986271,740.0000000000003
random-s0-0139,visibility,event,0.0,20.0,0.0,1,0,3,1,2,-109.24645285986291,-69.27756233400657,-109.24645285986291,980.0000000000006
random-s0-0139,visibility,event,0.0,100.0,0.0,1,0,2,1,1,-167.90597468671885,-167.90597468671885,-109.24645285986271,900.0000000000003
random-s0-0139,visibility,event,50.0,20.0,0.0,1,0,2,1,1,-127.52002871116795,-127.52002871116795,-109.24645285986291,680.0000000000002
random-s0-0139,visibility,event,50.0,100.0,0.0,1,0,3,1,2,-109.24645285986271,-33.11103448341683,-109.24645285986271,1000.0000000000002
random-s0-0139,visibility,event,150.0,20.0,0.0,1,0,1,1,0,-109.24645285986291,0.2125830004947886,-109.24645285986291,540.0000000000001
random-s0-0139,visibility,event,150.0,100.0,0.0,1,0,2,1,1,-109.24645285986271,-20.07910223886745,-109.24645285986271,860.0000000000005
random-s0-0140,voronoi,once,0.0,20.0,0.0,1,0,1,1,0,-69.84287348957352,163.3877964751493,-69.84287348957352,80.0
random-s0-0140,voronoi,cycle,0.0,20.0,0.0,1,0,0,0,0,104.05825528013082,386.7566432288274,104.05825528013082,0.0
random-s0-0140,voronoi,cycle,0.0,100.0,0.0,1,0,0,0,0,103.87298449879955,372.8884326645687,103.87298449879955,0.0
random-s0-0140,voronoi,cycle,50.0,20.0,0.0,1,0,0,0,0,104.15008616092716,627.2941902683995,104.15008616092716,0.0
random-s0-0140,voronoi,cycle,50.0,100.0,0.0,1,0,0,0,0,104.0763966287194,610.6435732710605,104.0763966287194,0.0
random-s0-0140,voronoi,cycle,150.0,20.0,0.0,1,0,0,0,0,106.04595507569589,513.4721033623376,106.04595507569589,0.0
random-s0-0140,voronoi,cycle,150.0,100.0,0.0,1,0,0,0,0,106.84803158389946,616.0568553188219,106.84803158389946,0.0
random-s0-0140,voronoi,event,0.0,20.0,0.0,1,0,0,0,0,104.05404729714404,193.0723511328514,104.05404729714404,0.0
random-s0-0140,voronoi,event,0.0,100.0,0.0,1,0,0,0,0,103.87298449879955,372.8884326645687,103.87298449879955,0.0
random-s0-0140,voronoi,event,50.0,20.0,0.0,1,0,0,0,0,104.15126657342574,517.2223914675233,104.15126657342574,0.0
random-s0-0140,voronoi,event,50.0,100.0,0.0,1,0,0,0,0,104.0763966287194,610.6435732710605,104.0763966287194,0.0
random-s0-0140,voronoi,event,150.0,20.0,0.0,1,0,0,0,0,91.51369422553108,210.24071046968567,91.51369422553108,0.0
random-s0-0140,voronoi,event,150.0,100.0,0.0,1,0,0,0,0,106.84803158389946,616.0568553188219,106.84803158389946,0.0
random-s0-0140,prm,once,0.0,20.0,0.0,1,0,1,1,0,-69.84287348957352,88.61350912869415,-69.84287348957352,80.0
random-s0-0140,prm,cycle,0.0,20.0,0.0,1,0,0,0,0,88.61350912869415,88.61350912869415,207.14378171823373,0.0
random-s0-0140,prm,cycle,0.0,100.0,0.0,1,0,0,0,0,74.12981838963387,74.12981838963387,207.14378171823387,0.0
random-s0-0140,prm,cycle,50.0,20.0,0.0,1,0,0,0,0,88.61350912869415,88.61350912869415,207.14378171823373,0.0
random-s0-0140,prm,cycle,50.0,100.0,0.0,1,0,0,0,0,70.34098023232951,70.34098023232951,207.14378171823387,0.0
random-s0-0140,prm,cycle,150.0,20.0,0.0,1,0,0,0,0,88.61350912869415,88.61350912869415,207.14378171823373,0.0
random-s0-0140,prm,cycle,150.0,100.0,0.0,1,0,0,0,0,88.6135091286942,88.6135091286942,207.14378171823387,0.0
random-s0-0140,prm,event,0.0,20.0,0.0,1,0,0,0,0,88.61350912869415,88.61350912869415,207.14378171823373,0.0
random-s0-0140,prm,event,0.0,100.0,0.0,1,0,0,0,0,74.12981838963387,74.12981838963387,207.14378171823387,0.0
random-s0-0140,prm,event,50.0,20.0,0.0,1,0,0,0,0,8.933781637368526,8.933781637368526,95.4630936177341,0.0
random-s0-0140,prm,event,50.0,100.0,0.0,1,0,0,0,0,70.34098023232951,70.34098023232951,207.14378171823387,0.0
random-s0-0140,prm,event,150.0,20.0,0.0,1,0,0,0,0,88.61350912869415,88.61350912869415,207.14378171823373,0.0
random-s0-0140,prm,event,150.0,100.0,0.0,1,0,0,0,0,88.6135091286942,88.6135091286942,207.14378171823387,0.0
random-s0-0140,visibility,once,0.0,20.0,0.0,1,0,1,1,0,-69.84287348957352,88.61350912869415,-69.84287348957352,80.0
random-s0-0140,visibility,cycle,0.0,20.0,0.0,1,0,0,0,0,88.61350912869415,88.61350912869415,104.44933642835264,0.0
random-s0-0140,visibility,cycle,0.0,100.0,0.0,1,0,0,0,0,88.6135091286942,88.6135091286942,109.02457589581132,0.0
random-s0-0140,visibility,cycle,50.0,20.0,0.0,1,0,0,0,0,88.61350912869415,88.61350912869415,134.6923857132133,0.0
random-s0-0140,visibility,cycle,50.0,100.0,0.0,1,0,0,0,0,88.6135091286942,88.6135091286942,155.69078634574169,0.0
random-s0-0140,visibility,cycle,150.0,20.0,0.0,1,0,0,0,0,88.61350912869415,88.61350912869415,203.29066394557708,0.0
random-s0-0140,visibility,cycle,150.0,100.0,0.0,1,0,0,0,0,88.6135091286942,88.6135091286942,206.36571042333748,0.0
random-s0-0140,visibility,event,0.0,20.0,0.0,1,0,0,0,0,88.61350912869415,88.61350912869415,106.87048221203275,0.0
random-s0-0140,visibility,event,0.0,100.0,0.0,1,0,0,0,0,88.6135091286942,88.6135091286942,116.65547636077248,0.0
random-s0-0140,visibility,event,50.0,20.0,0.0,1,0,0,0,0,88.61350912869415,88.61350912869415,207.14378171823373,0.0
random-s0-0140,visibility,event,50.0,100.0,0.0,1,0,0,0,0,88.6135091286942,88.6135091286942,207.14378171823387,0.0
random-s0-0140,visibility,event,150.0,20.0,0.0,1,0,0,0,0,88.61350912869415,88.61350912869415,197.86162929952,0.0
random-s0-0140,visibility,event,150.0,100.0,0.0,1,0,0,0,0,88.6135091286942,88.6135091286942,207.14378171823387,0.0
random-s0-0141,voronoi,once,0.0,20.0,0.0,1,0,2,2,0,-116.85387778976298,23.882408203079564,-116.85387778976298,560.0000000000001
random-s0-0141,voronoi,cycle,0.0,20.0,0.0,1,0,1,1,0,-105.01461388352786,44.70626735735453,-105.01461388352786,180.0
random-s0-0141,voronoi,cycle,0.0,100.0,0.0,1,0,1,1,0,-116.85387778976316,47.07892535716829,-116.85387778976316,300.0
random-s0-0141,voronoi,cycle,50.0,20.0,0.0,1,0,1,1,0,-116.83891290372937,134.264649037102,-116.83891290372937,440.0000000000001
random-s0-0141,voronoi,cycle,50.0,100.0,0.0,1,0,1,1,0,-116.85387778976316,61.39785923632312,-116.85387778976316,480.00000000000017
random-s0-0141,voronoi,cycle,150.0,20.0,0.0,1,0,1,1,0,-97.95509503430672,453.4343196946934,-97.95509503430672,480.00000000000017
random-s0-0141,voronoi,cycle,150.0,100.0,0.0,1,0,1,1,0,-94.50505787662787,63.18053726874325,-94.50505787662787,480.00000000000017
random-s0-0141,voronoi,event,0.0,20.0,0.0,1,0,1,1,0,-116.85387778976298,199.85414486082027,-116.85387778976298,480.00000000000017
random-s0-0141,voronoi,event,0.0,100.0,0.0,1,0,1,1,0,-116.85387778976316,199.85414486082027,-116.85387778976316,480.00000000000017
random-s0-0141,voronoi,event,50.0,20.0,0.0,1,0,1,1,0,-112.9483746210034,82.05138938320601,-112.9483746210034,480.00000000000017
random-s0-0141,voronoi,event,50.0,100.0,0.0,1,0,1,1,0,-116.85387778976316,46.806304838156535,-116.85387778976316,480.00000000000017
random-s0-0141,voronoi,event,150.0,20.0,0.0,1,0,1,1,0,-77.34015080733545,508.0446075973842,-77.34015080733545,420.0000000000001
random-s0-0141,voronoi,event,150.0,100.0,0.0,1,0,1,1,0,-106.0812574325297,25.88743840472929,-106.0812574325297,500.0000000000001
random-s0-0141,prm,once,0.0,20.0,0.0,1,0,3,2,1,-130.31078970050137,-107.98795858427398,-130.31078970050137,960.0000000000006
random-s0-0141,prm,cycle,0.0,20.0,0.0,1,0,0,0,0,1.9634338190826668,1.9634338190826668,9.784381509126291,0.0
random-s0-0141,prm,cycle,0.0,100.0,0.0,1,0,1,1,0,-116.85387778976316,124.90870371862776,-116.85387778976316,220.0
random-s0-0141,prm,cycle,50.0,20.0,0.0,1,0,1,1,0,-4.630987032928942,52.41435670496404,-4.630987032928942,0.0
random-s0-0141,prm,cycle,50.0,100.0,0.0,1,0,2,1,1,-115.09268225240017,-79.17796910696697,-115.09268225240017,320.0
random-s0-0141,prm,cycle,150.0,20.0,0.0,1,0,1,1,0,-118.79564631214863,355.4826836621112,-118.79564631214863,300.0
random-s0-0141,prm,cycle,150.0,100.0,0.0,1,0,1,1,0,-116.85387778976316,346.7463340364151,-116.85387778976316,300.0
random-s0-0141,prm,event,0.0,20.0,0.0,1,0,1,1,0,-5.133201251400834,138.99357288355458,-5.133201251400834,20.0
random-s0-0141,prm,event,0.0,100.0,0.0,1,0,2,2,0,-112.94321434571934,125.0427615236514,-112.94321434571934,240.0
random-s0-0141,prm,event,50.0,20.0,0.0,1,0,1,1,0,-115.01555137609152,54.57547218542908,-115.01555137609152,380.00000000000006
random-s0-0141,prm,event,50.0,100.0,0.0,1,0,1,1,0,-115.09268225240017,82.92622899671022,-115.09268225240017,500.0000000000001
random-s0-0141,prm,event,150.0,20.0,0.0,1,0,1,1,0,-117.34547776333176,164.45337934301426,-117.34547776333176,500.0000000000001
random-s0-0141,prm,event,150.0,100.0,0.0,1,0,1,1,0,-116.85387778976316,220.20970388193345,-116.85387778976316,480.00000000000017
random-s0-0141,visibility,once,0.0,20.0,0.0,1,0,0,0,0,19.06615423685201,36.11864575911935,19.06615423685201,0.0
random-s0-0141,visibility,cycle,0.0,20.0,0.0,1,0,0,0,0,29.627495524394675,98.8435114365388,29.627495524394675,0.0
random-s0-0141,visibility,cycle,0.0,100.0,0.0,1,0,0,0,0,59.13228229016505,100.76130213848614,59.13228229016505,0.0
random-s0-0141,visibility,cycle,50.0,20.0,0.0,1,0,0,0,0,50.55059415480352,195.99582536664357,50.55059415480352,0.0
random-s0-0141,visibility,cycle,50.0,100.0,0.0,1,0,0,0,0,74.78743703936291,199.85414486082027,74.78743703936291,0.0
random-s0-0141,visibility,cycle,150.0,20.0,0.0,1,0,1,1,0,-116.85387778976298,191.49084780623588,-116.85387778976298,440.0000000000001
random-s0-0141,visibility,cycle,150.0,100.0,0.0,1,0,0,0,0,36.51298154553595,76.53043754838535,36.51298154553595,0.0
random-s0-0141,visibility,event,0.0,20.0,0.0,1,0,0,0,0,37.2871176918444,37.2871176918444,42.19674018293503,0.0
random-s0-0141,visibility,event,0.0,100.0,0.0,1,0,0,0,0,19.06615423685176,36.11864575911935,19.06615423685176,0.0
random-s0-0141,visibility,event,50.0,20.0,0.0,1,0,2,2,0,-143.38058417563872,235.79505123137903,-143.38058417563872,740.0000000000003
random-s0-0141,visibility,event,50.0,100.0,0.0,1,0,2,2,0,-165.16590061946218,35.114343807738265,-165.16590061946218,800.0000000000001
random-s0-0141,visibility,event,150.0,20.0,0.0,1,0,2,2,0,-116.85387778976298,76.57918201458472,-116.85387778976298,760.0000000000003
random-s0-0141,visibility,event,150.0,100.0,0.0,1,0,2,2,0,-116.85387778976316,33.46497118172505,-116.85387778976316,520.0000000000001
random-s0-0142,voronoi,once,0.0,20.0,0.0,1,0,2,2,0,-171.0918413116169,191.00523863866147,-171.0918413116169,460.0000000000001
random-s0-0142,voronoi,cycle,0.0,20.0,0.0,1,0,0,0,0,6.881301385182184,340.75447536996535,6.881301385182184,0.0
random-s0-0142,voronoi,cycle,0.0,100.0,0.0,1,0,1,1,0,-121.16443437986372,336.1435772364392,-121.16443437986372,419.9999999999998
random-s0-0142,voronoi,cycle,50.0,20.0,0.0,1,0,0,0,0,96.30698138537844,337.0569293032361,96.30698138537844,0.0
random-s0-0142,voronoi,cycle,50.0,100.0,0.0,1,0,0,0,0,114.03281878546562,336.1623607818001,114.03281878546562,0.0
random-s0-0142,voronoi,cycle,150.0,20.0,0.0,1,0,0,0,0,119.6009460941114,209.23213986120172,119.6009460941114,0.0
random-s0-0142,voronoi,cycle,150.0,100.0,0.0,1,0,0,0,0,155.592065046944,357.67661561956675,155.592065046944,0.0
random-s0-0142,voronoi,event,0.0,20.0,0.0,1,0,0,0,0,7.739119233284981,340.7164867142733,7.739119233284981,0.0
random-s0-0142,voronoi,event,0.0,100.0,0.0,1,0,1,1,0,-121.16443437986372,336.1435772364392,-121.16443437986372,419.9999999999998
random-s0-0142,voronoi,event,50.0,20.0,0.0,1,0,0,0,0,65.00146494429057,338.44908248010915,65.00146494429057,0.0
random-s0-0142,voronoi,event,50.0,100.0,0.0,1,0,0,0,0,114.03281878546562,336.1623607818001,114.03281878546562,0.0
random-s0-0142,voronoi,event,150.0,20.0,0.0,1,0,0,0,0,70.85117036293715,308.68391841077334,70.85117036293715,0.0
random-s0-0142,voronoi,event,150.0,100.0,0.0,1,0,0,0,0,98.277794823698,98.277794823698,135.95998170751648,0.0
random-s0-0142,prm,once,0.0,20.0,0.0,1,0,1,1,0,-55.55640857220968,37.06014083727061,-55.55640857220968,60.0
random-s0-0142,prm,cycle,0.0,20.0,0.0,1,0,1,1,0,-11.834250980689404,340.9294788280248,-11.834250980689404,40.0
random-s0-0142,prm,cycle,0.0,100.0,0.0,1,0,1,1,0,-55.55640857220968,340.8774821414238,-55.55640857220968,60.0
random-s0-0142,prm,cycle,50.0,20.0,0.0,1,0,0,0,0,83.57928375645423,337.2850431405427,83.57928375645423,0.0
random-s0-0142,prm,cycle,50.0,100.0,0.0,1,0,0,0,0,76.89060791953153,130.05744074215238,76.89060791953153,0.0
random-s0-0142,prm,cycle,150.0,20.0,0.0,1,0,0,0,0,132.81662188960968,337.8101714262982,132.81662188960968,0.0
random-s0-0142,prm,cycle,150.0,100.0,0.0,1,0,0,0,0,132.81662188960996,334.59189956009686,132.81662188960996,0.0
random-s0-0142,prm,event,0.0,20.0,0.0,1,0,2,1,1,-71.76436049743236,-71.76436049743236,-18.97257333573248,119.99999999999996
random-s0-0142,prm,event,0.0,100.0,0.0,1,0,1,1,0,-55.55640857220968,48.21179126744701,-55.55640857220968,60.0
random-s0-0142,prm,event,50.0,20.0,0.0,1,0,0,0,0,75.10425265526098,337.2850431405427,75.10425265526098,0.0
random-s0-0142,prm,event,50.0,100.0,0.0,1,0,0,0,0,111.56077273722394,257.2585616683246,111.56077273722394,0.0
random-s0-0142,prm,event,150.0,20.0,0.0,1,0,0,0,0,39.26929750706233,216.75897749167652,39.26929750706233,0.0
random-s0-0142,prm,event,150.0,100.0,0.0,1,0,0,0,0,111.56077273722394,334.59189956009686,111.56077273722394,0.0
random-s0-0142,visibility,once,0.0,20.0,0.0,1,0,3,3,0,-107.91183750086496,216.38132515341192,-107.91183750086496,560.0000000000001
random-s0-0142,visibility,cycle,0.0,20.0,0.0,1,0,1,1,0,-57.187504159676166,320.2549244513607,-57.187504159676166,40.0
random-s0-0142,visibility,cycle,0.0,100.0,0.0,1,0,2,2,0,-55.78611957212587,223.4667395905887,-55.78611957212587,100.0
random-s0-0142,visibility,cycle,50.0,20.0,0.0,1,0,1,1,0,-43.53687131697575,116.90145634834278,-43.53687131697575,40.0
random-s0-0142,visibility,cycle,50.0,100.0,0.0,1,0,1,1,0,-34.374182784648326,287.8121449836001,-34.374182784648326,40.0
random-s0-0142,visibility,cycle,150.0,20.0,0.0,1,0,0,0,0,14.981140773771983,14.981140773771983,35.06915296878927,0.0
random-s0-0142,visibility,cycle,150.0,100.0,0.0,1,0,0,0,0,6.3652607604960565,6.3652607604960565,33.19880918026425,0.0
random-s0-0142,visibility,event,0.0,20.0,0.0,1,0,1,1,0,-56.92582249222802,343.4446418196254,-56.92582249222802,40.0
random-s0-0142,visibility,event,0.0,100.0,0.0,1,0,2,2,0,-55.55640857220968,163.0064721027614,-55.55640857220968,239.99999999999977
random-s0-0142,visibility,event,50.0,20.0,0.0,1,0,1,1,0,-38.54018221242225,342.5424023414936,-38.54018221242225,40.0
random-s0-0142,visibility,event,50.0,100.0,0.0,1,0,1,1,0,-15.847275196441103,341.85598100166635,-15.847275196441103,79.99999999999991
random-s0-0142,visibility,event,150.0,20.0,0.0,1,0,0,0,0,32.74245266716591,339.32426166871426,32.74245266716591,0.0
random-s0-0142,visibility,event,150.0,100.0,0.0,1,0,0,0,0,35.17701582628243,339.06869009046466,35.17701582628243,0.0
random-s0-0143,voronoi,once,0.0,20.0,0.0,1,0,2,1,1,-102.94314407427552,-102.94314407427552,-57.60588910411085,140.0
random-s0-0143,voronoi,cycle,0.0,20.0,0.0,1,0,0,0,0,79.08345155936257,234.4055988628841,79.08345155936257,0.0
random-s0-0143,voronoi,cycle,0.0,100.0,0.0,1,0,0,0,0,90.54093333659092,191.45536671366156,90.54093333659092,0.0
random-s0-0143,voronoi,cycle,50.0,20.0,0.0,1,0,0,0,0,99.03085539844004,234.57947745691703,99.03085539844004,0.0
random-s0-0143,voronoi,cycle,50.0,100.0,0.0,1,0,0,0,0,154.8738113056706,483.1893663945153,154.8738113056706,0.0
random-s0-0143,voronoi,cycle,150.0,20.0,0.0,1,0,0,0,0,85.27124960223642,315.73465002986575,85.27124960223642,0.0
random-s0-0143,voronoi,cycle,150.0,100.0,0.0,1,0,0,0,0,272.40291547378007,417.0524065870204,272.40291547378007,0.0
random-s0-0143,voronoi,event,0.0,20.0,0.0,1,0,0,0,0,55.67196007624474,233.11078645291525,55.67196007624474,0.0
random-s0-0143,voronoi,event,0.0,100.0,0.0,1,0,0,0,0,126.93121497034376,135.32055579511058,126.93121497034376,0.0
random-s0-0143,voronoi,event,50.0,20.0,0.0,1,0,0,0,0,140.3168424481102,459.1948379774201,140.3168424481102,0.0
random-s0-0143,voronoi,event,50.0,100.0,0.0,1,0,0,0,0,174.18717390998,412.6336886694256,174.18717390998,0.0
random-s0-0143,voronoi,event,150.0,20.0,0.0,1,0,0,0,0,79.76239298394518,232.41527721362547,79.76239298394518,0.0
random-s0-0143,voronoi,event,150.0,100.0,0.0,1,0,0,0,0,215.34697501508052,401.3229338372784,215.34697501508052,0.0
random-s0-0143,prm,once,0.0,20.0,0.0,1,0,2,1,1,-86.7903491368703,-86.7903491368703,-57.60588910411085,120.0
random-s0-0143,prm,cycle,0.0,20.0,0.0,1,0,0,0,0,30.101467190857814,30.101467190857814,43.50616570845872,0.0
random-s0-0143,prm,cycle,0.0,100.0,0.0,1,0,0,0,0,57.365232107194345,176.68818937512395,57.365232107194345,0.0
random-s0-0143,prm,cycle,50.0,20.0,0.0,1,0,0,0,0,58.597643301453786,184.5871470511633,58.597643301453786,0.0
random-s0-0143,prm,cycle,50.0,100.0,0.0,1,0,0,0,0,110.78955692350814,177.16420259369494,110.78955692350814,0.0
random-s0-0143,prm,cycle,150.0,20.0,0.0,1,0,0,0,0,71.62203558521574,141.1866513453324,71.62203558521574,0.0
random-s0-0143,prm,cycle,150.0,100.0,0.0,1,0,0,0,0,15.398830154457896,353.72010815624594,15.398830154457896,0.0
random-s0-0143,prm,event,0.0,20.0,0.0,1,0,0,0,0,26.540774861321268,26.540774861321268,43.50616570845872,0.0
random-s0-0143,prm,event,0.0,100.0,0.0,1,0,0,0,0,57.365232107194345,176.68818937512395,57.365232107194345,0.0
random-s0-0143,prm,event,50.0,20.0,0.0,1,0,0,0,0,58.597643301453786,133.85666340643735,58.597643301453786,0.0
random-s0-0143,prm,event,50.0,100.0,0.0,1,0,0,0,0,110.78955692350814,229.66230751220888,110.78955692350814,0.0
random-s0-0143,prm,event,150.0,20.0,0.0,1,0,0,0,0,67.77031899202706,113.30470672622396,67.77031899202706,0.0
random-s0-0143,prm,event,150.0,100.0,0.0,1,0,0,0,0,88.88160862116143,88.88160862116143,91.98868815298096,0.0
random-s0-0143,visibility,once,0.0,20.0,0.0,1,0,1,1,0,-57.60588910411085,276.6473347909026,-57.60588910411085,80.0
random-s0-0143,visibility,cycle,0.0,20.0,0.0,1,0,1,1,0,-34.52113614654132,245.64950013407724,-34.52113614654132,60.0
random-s0-0143,visibility,cycle,0.0,100.0,0.0,1,0,1,1,0,-37.24765953029535,275.53131083566416,-37.24765953029535,60.0
random-s0-0143,visibility,cycle,50.0,20.0,0.0,1,0,1,1,0,-8.406202653388789,230.83364142262872,-8.406202653388789,40.0
random-s0-0143,visibility,cycle,50.0,100.0,0.0,1,0,1,1,0,-11.495284172055024,246.23444001176648,-11.495284172055024,40.0
random-s0-0143,visibility,cycle,150.0,20.0,0.0,1,0,0,0,0,40.615730507480976,240.6136109094396,40.615730507480976,0.0
random-s0-0143,visibility,cycle,150.0,100.0,0.0,1,0,0,0,0,41.57020289167608,232.27637189312568,41.57020289167608,0.0
random-s0-0143,visibility,event,0.0,20.0,0.0,1,0,1,1,0,-41.12719915065327,277.1340032805857,-41.12719915065327,60.0
random-s0-0143,visibility,event,0.0,100.0,0.0,1,0,1,1,0,-40.662387245331615,275.53131083566416,-40.662387245331615,60.0
random-s0-0143,visibility,event,50.0,20.0,0.0,1,0,1,1,0,-16.715418995137213,258.66777396085007,-16.715418995137213,40.0
random-s0-0143,visibility,event,50.0,100.0,0.0,1,0,1,1,0,-17.578274729609205,262.34244032421805,-17.578274729609205,40.0
random-s0-0143,visibility,event,150.0,20.0,0.0,1,0,0,0,0,28.455529188796906,131.57003013678963,28.455529188796906,0.0
random-s0-0143,visibility,event,150.0,100.0,0.0,1,0,0,0,0,25.89780658218433,380.5323053568195,25.89780658218433,0.0
random-s0-0144,voronoi,once,0.0,20.0,0.0,1,0,1,1,0,-54.68262851332847,385.2172768264997,-54.68262851332847,800.0000000000003
random-s0-0144,voronoi,cycle,0.0,20.0,0.0,1,0,2,2,0,-88.60483632431402,177.85407802069977,-88.60483632431402,1240.000000000001
random-s0-0144,voronoi,cycle,0.0,100.0,0.0,1,0,0,0,0,5.556102123713572,124.87022233931548,5.556102123713572,0.0
random-s0-0144,voronoi,cycle,50.0,20.0,0.0,1,0,1,1,0,-70.81089797757072,420.5145740626506,-70.81089797757072,700.0000000000003
random-s0-0144,voronoi,cycle,50.0,100.0,0.0,1,0,0,0,0,66.86676127518788,113.66508485564331,66.86676127518788,0.0
random-s0-0144,voronoi,cycle,150.0,20.0,0.0,1,0,0,0,0,107.21906072800432,365.7525646772498,107.21906072800432,0.0
random-s0-0144,voronoi,cycle,150.0,100.0,0.0,1,0,0,0,0,138.93643942765505,332.0297921389762,138.93643942765505,0.0
random-s0-0144,voronoi,event,0.0,20.0,0.0,1,0,0,0,0,32.83410152770642,32.83410152770642,227.6353762862098,0.0
random-s0-0144,voronoi,event,0.0,100.0,0.0,1,0,0,0,0,40.35117651133029,40.35117651133029,227.6353762862098,0.0
random-s0-0144,voronoi,event,50.0,20.0,0.0,1,0,0,0,0,93.18205963664224,93.18205963664224,227.6353762862098,0.0
random-s0-0144,voronoi,event,50.0,100.0,0.0,1,0,1,0,1,-0.6434779685691865,-0.6434779685691865,167.6303381230042,20.0
random-s0-0144,voronoi,event,150.0,20.0,0.0,1,0,0,0,0,30.383114188182304,30.383114188182304,96.90034509120107,0.0
random-s0-0144,voronoi,event,150.0,100.0,0.0,1,0,0,0,0,91.80675330187528,583.7481689641202,91.80675330187528,0.0
random-s0-0144,prm,once,0.0,20.0,0.0,1,0,1,0,1,-25.780080756558533,-25.780080756558533,227.6353762862098,220.0
random-s0-0144,prm,cycle,0.0,20.0,0.0,1,0,0,0,0,83.96050072416591,83.96050072416591,123.16572375602294,0.0
random-s0-0144,prm,cycle,0.0,100.0,0.0,1,0,0,0,0,54.29008435932607,101.16902052648504,54.29008435932607,0.0
random-s0-0144,prm,cycle,50.0,20.0,0.0,1,0,0,0,0,58.44931773199559,303.32358116734736,58.44931773199559,0.0
random-s0-0144,prm,cycle,50.0,100.0,0.0,1,0,0,0,0,52.03201403091228,111.7675686220328,52.03201403091228,0.0
random-s0-0144,prm,cycle,150.0,20.0,0.0,1,0,0,0,0,83.69103558386263,205.75540911771287,83.69103558386263,0.0
random-s0-0144,prm,cycle,150.0,100.0,0.0,1,0,0,0,0,67.08892334040013,149.0728546927362,67.08892334040013,0.0
random-s0-0144,prm,event,0.0,20.0,0.0,1,0,0,0,0,85.35430030066283,85.35430030066283,130.0320675283245,0.0
random-s0-0144,prm,event,0.0,100.0,0.0,1,0,0,0,0,54.29008435932607,101.16902052648504,54.29008435932607,0.0
random-s0-0144,prm,event,50.0,20.0,0.0,1,0,0,0,0,3.643985863466469,3.643985863466469,227.6353762862098,0.0
random-s0-0144,prm,event,50.0,100.0,0.0,1,0,0,0,0,26.878232016329576,87.19949683632848,26.878232016329576,0.0
random-s0-0144,prm,event,150.0,20.0,0.0,1,0,0,0,0,66.66295892770376,241.26572544772137,66.66295892770376,0.0
random-s0-0144,prm,event,150.0,100.0,0.0,1,0,0,0,0,87.01659280938588,87.01659280938588,227.6353762862098,0.0
random-s0-0144,visibility,once,0.0,20.0,0.0,1,0,1,1,0,-4.177073101794861,62.16427850931049,-4.177073101794861,20.0
random-s0-0144,visibility,cycle,0.0,20.0,0.0,1,0,0,0,0,45.73102870762071,45.73102870762071,124.1679714918248,0.0
random-s0-0144,visibility,cycle,0.0,100.0,0.0,1,0,0,0,0,14.40937950875184,14.40937950875184,119.54637947253332,0.0
random-s0-0144,visibility,cycle,50.0,20.0,0.0,1,0,0,0,0,93.91417797710716,147.06448075390216,93.91417797710716,0.0
random-s0-0144,visibility,cycle,50.0,100.0,0.0,1,0,0,0,0,113.70916459812054,178.9077128597703,113.70916459812054,0.0
random-s0-0144,visibility,cycle,150.0,20.0,0.0,1,0,0,0,0,27.396995126614883,27.396995126614883,134.5138452738305,0.0
random-s0-0144,visibility,cycle,150.0,100.0,0.0,1,0,0,0,0,142.3698108929471,182.52475835144335,142.3698108929471,0.0
random-s0-0144,visibility,event,0.0,20.0,0.0,1,0,0,0,0,63.767424379598026,63.767424379598026,118.54591527962708,0.0
random-s0-0144,visibility,event,0.0,100.0,0.0,1,0,0,0,0,90.71957566633296,90.71957566633296,113.02955875897584,0.0
random-s0-0144,visibility,event,50.0,20.0,0.0,1,0,0,0,0,119.77375492090748,119.77375492090748,120.41047392227858,0.0
random-s0-0144,visibility,event,50.0,100.0,0.0,1,0,0,0,0,98.91997220821752,146.77619575605752,98.91997220821752,0.0
random-s0-0144,visibility,event,150.0,20.0,0.0,1,0,0,0,0,33.86041540118342,33.86041540118342,157.3240944914304,0.0
random-s0-0144,visibility,event,150.0,100.0,0.0,1,0,0,0,0,29.071589889020288,29.071589889020288,188.2845430698746,0.0
random-s0-0145,voronoi,once,0.0,20.0,0.0,1,0,1,1,0,-155.63830372712462,130.89436726504346,-155.63830372712462,620.0000000000002
random-s0-0145,voronoi,cycle,0.0,20.0,0.0,1,0,0,0,0,76.47836162642454,127.41700050843168,76.47836162642454,0.0
random-s0-0145,voronoi,cycle,0.0,100.0,0.0,1,0,0,0,0,57.55963712613337,93.95384834833736,57.55963712613337,0.0
random-s0-0145,voronoi,cycle,50.0,20.0,0.0,1,0,0,0,0,57.31183117485784,120.358065593903,57.31183117485784,0.0
random-s0-0145,voronoi,cycle,50.0,100.0,0.0,1,0,0,0,0,86.69772238113558,107.71176845984706,86.69772238113558,0.0
random-s0-0145,voronoi,cycle,150.0,20.0,0.0,1,0,1,1,0,-152.86631670126226,209.2675402246207,-152.86631670126226,600.0000000000002
random-s0-0145,voronoi,cycle,150.0,100.0,0.0,1,0,1,1,0,-150.8750106014532,161.5899563820878,-150.8750106014532,520.0000000000001
random-s0-0145,voronoi,event,0.0,20.0,0.0,1,0,0,0,0,46.54744871990727,75.46188227668091,46.54744871990727,0.0
random-s0-0145,voronoi,event,0.0,100.0,0.0,1,0,0,0,0,69.37941876825545,76.07256102342433,69.37941876825545,0.0
random-s0-0145,voronoi,event,50.0,20.0,0.0,1,0,0,0,0,59.66953552224399,104.35051297851844,59.66953552224399,0.0
random-s0-0145,voronoi,event,50.0,100.0,0.0,1,0,0,0,0,71.78085577559693,75.88080353024051,71.78085577559693,0.0
random-s0-0145,voronoi,event,150.0,20.0,0.0,1,0,0,0,0,52.72606109482868,135.4219484396154,52.72606109482868,0.0
random-s0-0145,voronoi,event,150.0,100.0,0.0,1,0,1,1,0,-171.47379601111373,153.5461737844559,-171.47379601111373,600.0000000000002
random-s0-0145,prm,once,0.0,20.0,0.0,1,0,4,2,2,-155.63830372712462,-27.272041093570976,-155.63830372712462,1180.000000000001
random-s0-0145,prm,cycle,0.0,20.0,0.0,1,0,1,1,0,-23.460673640873978,96.3457116892829,-23.460673640873978,80.0
random-s0-0145,prm,cycle,0.0,100.0,0.0,1,0,0,0,0,7.685372561640094,111.63132399593474,7.685372561640094,0.0
random-s0-0145,prm,cycle,50.0,20.0,0.0,1,0,0,0,0,74.69907503624128,74.69907503624128,97.09884408113118,0.0
random-s0-0145,prm,cycle,50.0,100.0,0.0,1,0,2,1,1,-18.779500784894623,-1.8409826629966235,-18.779500784894623,80.0
random-s0-0145,prm,cycle,150.0,20.0,0.0,1,0,1,1,0,-155.63830372712462,53.76215019023735,-155.63830372712462,620.0000000000002
random-s0-0145,prm,cycle,150.0,100.0,0.0,1,0,1,1,0,-155.6383037271246,83.05371177394483,-155.6383037271246,620.0000000000002
random-s0-0145,prm,event,0.0,20.0,0.0,1,0,0,0,0,10.386346505802068,10.386346505802068,46.62795482119844,0.0
random-s0-0145,prm,event,0.0,100.0,0.0,1,0,1,1,0,-135.35103415684694,26.629510584335637,-135.35103415684694,179.9999999999998
random-s0-0145,prm,event,50.0,20.0,0.0,1,0,0,0,0,65.94177356073371,65.94177356073371,91.34798194597472,0.0
random-s0-0145,prm,event,50.0,100.0,0.0,1,0,2,1,1,-18.779500784894623,-1.8409826629966235,-18.779500784894623,80.0
random-s0-0145,prm,event,150.0,20.0,0.0,1,0,1,1,0,-148.7001943321865,201.1352191241629,-148.7001943321865,279.99999999999994
random-s0-0145,prm,event,150.0,100.0,0.0,1,0,0,0,0,64.90314775724758,64.90314775724758,79.05126632750324,0.0
random-s0-0145,visibility,once,0.0,20.0,0.0,1,0,2,2,0,-21.15679186167341,130.89436726504346,-21.15679186167341,240.0
random-s0-0145,visibility,cycle,0.0,20.0,0.0,1,0,0,0,0,61.73592031612171,206.72698269318136,61.73592031612171,0.0
random-s0-0145,visibility,cycle,0.0,100.0,0.0,1,0,0,0,0,88.50312362421363,210.0399794256517,88.50312362421363,0.0
random-s0-0145,visibility,cycle,50.0,20.0,0.0,1,0,0,0,0,84.47174247463295,261.3863028337303,84.47174247463295,0.0
random-s0-0145,visibility,cycle,50.0,100.0,0.0,1,0,1,1,0,-154.5713224212256,160.01066533850076,-154.5713224212256,219.99999999999977
random-s0-0145,visibility,cycle,150.0,20.0,0.0,1,0,1,1,0,-155.63830372712462,59.01095893650921,-155.63830372712462,620.0000000000002
random-s0-0145,visibility,cycle,150.0,100.0,0.0,1,0,2,2,0,-172.9919229677526,11.45745645082576,-172.9919229677526,1060.0000000000005
random-s0-0145,visibility,event,0.0,20.0,0.0,1,0,0,0,0,58.82033032444318,208.6191202811798,58.82033032444318,0.0
random-s0-0145,visibility,event,0.0,100.0,0.0,1,0,0,0,0,35.381924884657906,210.0399794256517,35.381924884657906,0.0
random-s0-0145,visibility,event,50.0,20.0,0.0,1,0,0,0,0,85.52647991316468,213.6219705721237,85.52647991316468,0.0
random-s0-0145,visibility,event,50.0,100.0,0.0,1,0,1,1,0,-22.441684236177508,225.11592248332465,-22.441684236177508,60.0
random-s0-0145,visibility,event,150.0,20.0,0.0,1,0,1,1,0,-155.63830372712462,33.5501230855115,-155.63830372712462,580.0000000000002
random-s0-0145,visibility,event,150.0,100.0,0.0,1,0,2,2,0,-155.6383037271246,242.67023637019747,-155.6383037271246,920.0000000000005
random-s0-0146,voronoi,once,0.0,20.0,0.0,1,0,4,2,2,-167.8207198692504,-167.8207198692504,-154.0548640493032,1480.000000000001
random-s0-0146,voronoi,cycle,0.0,20.0,0.0,1,0,3,3,0,-13.080146041078194,207.1651519221494,-13.080146041078194,420.0000000000001
random-s0-0146,voronoi,cycle,0.0,100.0,0.0,1,0,2,2,0,-5.457034205882252,176.91478523373036,-5.457034205882252,300.0
random-s0-0146,voronoi,cycle,50.0,20.0,0.0,1,0,0,0,0,36.25003663069754,134.61016959839424,36.25003663069754,0.0
random-s0-0146,voronoi,cycle,50.0,100.0,0.0,1,0,0,0,0,8.9050545906899,72.1985614676332,8.9050545906899,0.0
random-s0-0146,voronoi,cycle,150.0,20.0,0.0,1,0,0,0,0,87.87468163219614,362.9727121814,87.87468163219614,0.0
random-s0-0146,voronoi,cycle,150.0,100.0,0.0,1,0,0,0,0,81.36640373211407,81.36640373211407,102.45238687570172,0.0
random-s0-0146,voronoi,event,0.0,20.0,0.0,1,0,3,3,0,-12.38106290491703,113.76482000436022,-12.38106290491703,400.00000000000006
random-s0-0146,voronoi,event,0.0,100.0,0.0,1,0,3,3,0,-33.13791051247517,44.78292475140401,-33.13791051247517,980.0000000000006
random-s0-0146,voronoi,event,50.0,20.0,0.0,1,0,0,0,0,32.98096841478991,210.01365212760567,32.98096841478991,0.0
random-s0-0146,voronoi,event,50.0,100.0,0.0,1,0,0,0,0,16.218358954602422,190.58314332145864,16.218358954602422,0.0
random-s0-0146,voronoi,event,150.0,20.0,0.0,1,0,0,0,0,30.60196591999193,305.5469910811865,30.60196591999193,0.0
random-s0-0146,voronoi,event,150.0,100.0,0.0,1,0,0,0,0,102.45238687570172,108.55520066997668,102.45238687570172,0.0
random-s0-0146,prm,once,0.0,20.0,0.0,1,0,2,1,1,-129.3404814339649,-36.916849345015805,-129.3404814339649,1120.0000000000005
random-s0-0146,prm,cycle,0.0,20.0,0.0,1,0,1,1,0,-130.02706665518426,168.1417159199063,-130.02706665518426,500.0000000000001
random-s0-0146,prm,cycle,0.0,100.0,0.0,1,0,1,1,0,-124.61573373617156,177.84102998641157,-124.61573373617156,480.00000000000017
random-s0-0146,prm,cycle,50.0,20.0,0.0,1,0,1,1,0,-135.88653584716633,249.8573246016892,-135.88653584716633,560.0000000000001
random-s0-0146,prm,cycle,50.0,100.0,0.0,1,0,1,1,0,-129.34048143396504,220.50250664862185,-129.34048143396504,520.0000000000001
random-s0-0146,prm,cycle,150.0,20.0,0.0,1,0,0,0,0,165.7011983004133,306.5083894615203,165.7011983004133,0.0
random-s0-0146,prm,cycle,150.0,100.0,0.0,1,0,1,1,0,-129.34048143396504,300.3749779352163,-129.34048143396504,1060.0000000000005
random-s0-0146,prm,event,0.0,20.0,0.0,1,0,1,1,0,-129.3404814339649,22.829270337002555,-129.3404814339649,1060.0000000000005
random-s0-0146,prm,event,0.0,100.0,0.0,1,0,1,1,0,-129.34048143396504,9.585847825275238,-129.34048143396504,1060.0000000000005
random-s0-0146,prm,event,50.0,20.0,0.0,1,0,0,0,0,56.83574015602821,264.0081859279506,56.83574015602821,0.0
random-s0-0146,prm,event,50.0,100.0,0.0,1,0,1,1,0,-129.34048143396504,56.880609441560864,-129.34048143396504,960.0000000000006
random-s0-0146,prm,event,150.0,20.0,0.0,1,0,0,0,0,153.26830144620612,430.6184455933797,153.26830144620612,0.0
random-s0-0146,prm,event,150.0,100.0,0.0,1,0,1,1,0,-129.34048143396504,431.45396056440654,-129.34048143396504,1060.0000000000005
random-s0-0146,visibility,once,0.0,20.0,0.0,1,0,1,1,0,-129.3404814339649,68.72980022639831,-129.3404814339649,1060.0000000000005
random-s0-0146,visibility,cycle,0.0,20.0,0.0,1,0,1,1,0,-129.20165081164956,155.691028782001,-129.20165081164956,500.0000000000001
random-s0-0146,visibility,cycle,0.0,100.0,0.0,1,0,1,1,0,-129.3977044259706,158.5571721779175,-129.3977044259706,500.0000000000001
random-s0-0146,visibility,cycle,50.0,20.0,0.0,1,0,1,1,0,-130.13165691993288,243.4409319131051,-130.13165691993288,540.0000000000001
random-s0-0146,visibility,cycle,50.0,100.0,0.0,1,0,1,1,0,-129.34048143396504,269.16694018643153,-129.34048143396504,560.0000000000001
random-s0-0146,visibility,cycle,150.0,20.0,0.0,1,0,1,1,0,-97.13526883466764,135.11894370681915,-97.13526883466764,440.0000000000001
random-s0-0146,visibility,cycle,150.0,100.0,0.0,1,0,2,1,1,-129.34048143396504,-6.590016953863596,-129.34048143396504,1080.0000000000005
random-s0-0146,visibility,event,0.0,20.0,0.0,1,0,1,1,0,-129.30838413677742,168.4230053208044,-129.30838413677742,500.0000000000001
random-s0-0146,visibility,event,0.0,100.0,0.0,1,0,1,1,0,-130.38278711504648,170.52405351576562,-130.38278711504648,500.0000000000001
random-s0-0146,visibility,event,50.0,20.0,0.0,1,0,1,1,0,-130.5486884598757,279.6151452371629,-130.5486884598757,520.0000000000001
random-s0-0146,visibility,event,50.0,100.0,0.0,1,0,1,1,0,-133.21318484430407,316.02255163943704,-133.21318484430407,540.0000000000001
random-s0-0146,visibility,event,150.0,20.0,0.0,1,0,3,2,1,-114.50942081766676,-40.11461063163489,-114.50942081766676,500.0000000000001
random-s0-0146,visibility,event,150.0,100.0,0.0,1,0,2,1,1,-129.34048143396504,-24.24559608912938,-129.34048143396504,1060.0000000000005
random-s0-0147,voronoi,once,0.0,20.0,0.0,1,0,3,1,2,-163.9889766403968,-56.47745022294602,-163.9889766403968,500.0000000000001
random-s0-0147,voronoi,cycle,0.0,20.0,0.0,1,0,1,1,0,-3.548109627714865,31.78008534851264,-3.548109627714865,60.0
random-s0-0147,voronoi,cycle,0.0,100.0,0.0,1,0,0,0,0,5.639662915558148,32.96449287015409,5.639662915558148,0.0
random-s0-0147,voronoi,cycle,50.0,20.0,0.0,1,0,0,0,0,42.71383734000236,314.83189480629864,42.71383734000236,0.0
random-s0-0147,voronoi,cycle,50.0,100.0,0.0,1,0,0,0,0,71.03434851294861,71.03434851294861,148.22660644587893,0.0
random-s0-0147,voronoi,cycle,150.0,20.0,0.0,1,0,0,0,0,185.46962629534173,313.8226553721538,185.46962629534173,0.0
random-s0-0147,voronoi,cycle,150.0,100.0,0.0,1,0,0,0,0,161.78105652669348,324.7281745038592,161.78105652669348,0.0
random-s0-0147,voronoi,event,0.0,20.0,0.0,1,0,1,1,0,-4.654680546222721,12.904827892707033,-4.654680546222721,40.0
random-s0-0147,voronoi,event,0.0,100.0,0.0,1,0,0,0,0,5.639662915558148,104.8540753641688,5.639662915558148,0.0
random-s0-0147,voronoi,event,50.0,20.0,0.0,1,0,0,0,0,36.20833945480501,36.24802465333616,36.20833945480501,0.0
random-s0-0147,voronoi,event,50.0,100.0,0.0,1,0,2,2,0,-0.5099842843287661,72.27120338795692,-0.5099842843287661,40.0
random-s0-0147,voronoi,event,150.0,20.0,0.0,1,0,1,1,0,-152.90083307797173,88.33379390391207,-152.90083307797173,739.9999999999842
random-s0-0147,voronoi,event,150.0,100.0,0.0,1,0,0,0,0,73.91707990864217,289.0340825963711,73.91707990864217,0.0
random-s0-0147,prm,once,0.0,20.0,0.0,1,0,3,1,2,-56.47745022294602,-56.47745022294602,-2.191629941302068,80.0
random-s0-0147,prm,cycle,0.0,20.0,0.0,1,0,0,0,0,20.2060728709001,20.2060728709001,138.0454721308824,0.0
random-s0-0147,prm,cycle,0.0,100.0,0.0,1,0,1,0,1,-126.7615069760804,-126.7615069760804,144.02422426316622,80.0
random-s0-0147,prm,cycle,50.0,20.0,0.0,1,0,0,0,0,82.17368901795453,82.17368901795453,298.6348457095444,0.0
random-s0-0147,prm,cycle,50.0,100.0,0.0,1,0,0,0,0,180.62982788892825,180.62982788892825,298.6348457095439,0.0
random-s0-0147,prm,cycle,150.0,20.0,0.0,1,0,0,0,0,122.8124483338566,122.8124483338566,154.7982114087648,0.0
random-s0-0147,prm,cycle,150.0,100.0,0.0,1,0,0,0,0,176.48904282742245,176.48904282742245,205.56189774317755,0.0
random-s0-0147,prm,event,0.0,20.0,0.0,1,0,0,0,0,37.81771083664191,37.81771083664191,38.61755717436927,0.0
random-s0-0147,prm,event,0.0,100.0,0.0,1,0,1,0,1,-126.7615069760804,-126.7615069760804,27.530443521849065,80.0
random-s0-0147,prm,event,50.0,20.0,0.0,1,0,0,0,0,38.61755717436927,49.00197831085052,38.61755717436927,0.0
random-s0-0147,prm,event,50.0,100.0,0.0,1,0,0,0,0,27.530443521849065,156.66264667061216,27.530443521849065,0.0
random-s0-0147,prm,event,150.0,20.0,0.0,1,0,0,0,0,114.97169405178562,114.97169405178562,187.639821158608,0.0
random-s0-0147,prm,event,150.0,100.0,0.0,1,0,1,0,1,-92.86286697860476,-92.86286697860476,252.8906193350158,119.99999999999991
random-s0-0147,visibility,once,0.0,20.0,0.0,1,0,2,1,1,-56.47745022294602,-56.47745022294602,-23.782529431028905,200.0
random-s0-0147,visibility,cycle,0.0,20.0,0.0,1,0,1,1,0,-145.91303615788476,49.75558476408773,-145.91303615788476,380.0
random-s0-0147,visibility,cycle,0.0,100.0,0.0,1,0,1,1,0,-135.08286067471104,70.4050096317601,-135.08286067471104,399.99999999999983
random-s0-0147,visibility,cycle,50.0,20.0,0.0,1,0,1,1,0,-150.8163075781418,54.21109534640672,-150.8163075781418,360.0
random-s0-0147,visibility,cycle,50.0,100.0,0.0,1,0,1,1,0,-149.16673835641274,66.57090200539997,-149.16673835641274,379.9999999999998
random-s0-0147,visibility,cycle,150.0,20.0,0.0,1,0,1,1,0,-56.50788729880984,264.024877208875,-56.50788729880984,60.0
random-s0-0147,visibility,cycle,150.0,100.0,0.0,1,0,1,1,0,-128.03870313497123,368.5036554715423,-128.03870313497123,339.9999999999999
random-s0-0147,visibility,event,0.0,20.0,0.0,1,0,1,1,0,-144.87797971432266,53.52569618137776,-144.87797971432266,380.0
random-s0-0147,visibility,event,0.0,100.0,0.0,1,0,1,1,0,-135.08286067471104,84.94439247438811,-135.08286067471104,399.99999999999983
random-s0-0147,visibility,event,50.0,20.0,0.0,1,0,1,1,0,-155.2340655784755,56.78998917782968,-155.2340655784755,360.0
random-s0-0147,visibility,event,50.0,100.0,0.0,1,0,1,1,0,-149.16673835641274,95.56706747356765,-149.16673835641274,379.9999999999998
random-s0-0147,visibility,event,150.0,20.0,0.0,1,0,1,1,0,-126.8132120919299,451.7822004819876,-126.8132120919299,319.9999999999999
random-s0-0147,visibility,event,150.0,100.0,0.0,1,0,1,1,0,-128.03870313497123,434.35231494403433,-128.03870313497123,339.9999999999999
random-s0-0148,voronoi,once,0.0,20.0,0.0,1,0,3,1,2,-122.5131525704785,-122.5131525704785,-50.05779927750285,340.0
random-s0-0148,voronoi,cycle,0.0,20.0,0.0,1,0,5,0,5,-6.332600625879024,-6.332600625879024,40.51896039971589,100.0
random-s0-0148,voronoi,cycle,0.0,100.0,0.0,1,0,2,0,2,-122.5131525704785,-122.5131525704785,44.500094080377096,100.0
random-s0-0148,voronoi,cycle,50.0,20.0,0.0,1,0,1,1,0,-75.88496516944285,3.3943851888115546,-75.88496516944285,479.99999999998977
random-s0-0148,voronoi,cycle,50.0,100.0,0.0,1,0,1,0,1,-122.5131525704785,-122.5131525704785,44.21978679729912,40.0
random-s0-0148,voronoi,cycle,150.0,20.0,0.0,1,0,0,0,0,47.4771731081502,65.04850374131831,47.4771731081502,0.0
random-s0-0148,voronoi,cycle,150.0,100.0,0.0,1,0,2,1,1,-122.5131525704785,-122.5131525704785,-72.87557267778463,500.0000000000001
random-s0-0148,voronoi,event,0.0,20.0,0.0,1,0,1,0,1,-4.3113010444163535,-4.3113010444163535,35.47741292426295,19.99999999999999
random-s0-0148,voronoi,event,0.0,100.0,0.0,1,0,2,0,2,-122.5131525704785,-122.5131525704785,48.1693476255621,100.0
random-s0-0148,voronoi,event,50.0,20.0,0.0,1,0,0,0,0,47.82740911057149,147.7405759632162,47.82740911057149,0.0
random-s0-0148,voronoi,event,50.0,100.0,0.0,1,0,1,0,1,-122.5131525704785,-122.5131525704785,47.82740911057167,40.0
random-s0-0148,voronoi,event,150.0,20.0,0.0,1,0,0,0,0,24.52057834851425,24.52057834851425,43.32941940293776,0.0
random-s0-0148,voronoi,event,150.0,100.0,0.0,1,0,1,0,1,-122.5131525704785,-122.5131525704785,44.62448769503578,40.0
random-s0-0148,prm,once,0.0,20.0,0.0,1,0,2,1,1,-122.5131525704785,-122.5131525704785,-50.05779927750285,120.0
random-s0-0148,prm,cycle,0.0,20.0,0.0,1,0,1,0,1,-6.108676506370244,-6.108676506370244,16.740542389245917,60.0
random-s0-0148,prm,cycle,0.0,100.0,0.0,1,0,2,0,2,-122.5131525704785,-122.5131525704785,12.758476728049343,200.0
random-s0-0148,prm,cycle,50.0,20.0,0.0,1,0,1,0,1,-122.51315257047848,-122.51315257047848,46.75848682197142,40.0
random-s0-0148,prm,cycle,50.0,100.0,0.0,1,0,1,0,1,-122.5131525704785,-122.5131525704785,45.80396439136999,40.0
random-s0-0148,prm,cycle,150.0,20.0,0.0,1,0,1,0,1,-122.51315257047848,-122.51315257047848,48.6914246612476,40.0
random-s0-0148,prm,cycle,150.0,100.0,0.0,1,0,1,0,1,-122.5131525704785,-122.5131525704785,55.36858893162787,40.0
random-s0-0148,prm,event,0.0,20.0,0.0,1,0,0,0,0,28.415924905675297,59.7041769634898,28.415924905675297,0.0
random-s0-0148,prm,event,0.0,100.0,0.0,1,0,1,0,1,-122.5131525704785,-122.5131525704785,28.390458754475446,40.0
random-s0-0148,prm,event,50.0,20.0,0.0,1,0,1,0,1,-122.51315257047848,-122.51315257047848,28.415924905675297,40.0
random-s0-0148,prm,event,50.0,100.0,0.0,1,0,1,0,1,-122.5131525704785,-122.5131525704785,28.390458754475446,40.0
random-s0-0148,prm,event,150.0,20.0,0.0,1,0,1,0,1,-122.51315257047848,-122.51315257047848,43.13212399327554,40.0
random-s0-0148,prm,event,150.0,100.0,0.0,1,0,1,0,1,-122.5131525704785,-122.5131525704785,46.322317544056006,40.0
random-s0-0148,visibility,once,0.0,20.0,0.0,1,0,3,2,1,-122.5131525704785,-122.5131525704785,-96.38869560111932,220.0
random-s0-0148,visibility,cycle,0.0,20.0,0.0,1,0,2,1,1,-55.04168833784439,-22.819668399242687,-55.04168833784439,160.0
random-s0-0148,visibility,cycle,0.0,100.0,0.0,1,0,3,1,2,-122.5131525704785,-122.5131525704785,-56.13378089710808,559.9999999999999
random-s0-0148,visibility,cycle,50.0,20.0,0.0,1,0,3,1,2,-122.51315257047848,-122.51315257047848,-8.730207495818945,160.0
random-s0-0148,visibility,cycle,50.0,100.0,0.0,1,0,3,1,2,-122.5131525704785,-122.5131525704785,-12.896760790294394,240.0
random-s0-0148,visibility,cycle,150.0,20.0,0.0,1,0,1,0,1,-122.51315257047848,-122.51315257047848,36.58508494010877,40.0
random-s0-0148,visibility,cycle,150.0,100.0,0.0,1,0,1,0,1,-122.5131525704785,-122.5131525704785,36.63093353552517,40.0
random-s0-0148,visibility,event,0.0,20.0,0.0,1,0,1,1,0,-59.26924943731999,3.801699124560031,-59.26924943731999,100.0
random-s0-0148,visibility,event,0.0,100.0,0.0,1,0,2,1,1,-122.5131525704785,-122.5131525704785,-60.88912042016908,259.99999999999994
random-s0-0148,visibility,event,50.0,20.0,0.0,1,0,2,1,1,-122.51315257047848,-122.51315257047848,-14.938405015187982,80.0
random-s0-0148,visibility,event,50.0,100.0,0.0,1,0,2,1,1,-122.5131525704785,-122.5131525704785,-15.316799758374003,140.0
random-s0-0148,visibility,event,150.0,20.0,0.0,1,0,1,0,1,-122.51315257047848,-122.51315257047848,39.86354759726069,40.0
random-s0-0148,visibility,event,150.0,100.0,0.0,1,0,1,0,1,-122.5131525704785,-122.5131525704785,39.86354759726052,40.0
random-s0-0149,voronoi,once,0.0,20.0,0.0,1,0,4,3,1,-172.75059582221084,-71.2336395124011,-172.75059582221084,760.0000000000003
random-s0-0149,voronoi,cycle,0.0,20.0,0.0,1,0,0,0,0,2.01479839062506,68.88485903618567,2.01479839062506,0.0
random-s0-0149,voronoi,cycle,0.0,100.0,0.0,1,0,0,0,0,38.084449083587714,161.4858269386886,38.084449083587714,0.0
random-s0-0149,voronoi,cycle,50.0,20.0,0.0,1,0,0,0,0,96.22943649971978,161.4858269386886,96.22943649971978,0.0
random-s0-0149,voronoi,cycle,50.0,100.0,0.0,1,0,1,1,0,-48.47729624877175,161.4858269386886,-48.47729624877175,300.0
random-s0-0149,voronoi,cycle,150.0,20.0,0.0,1,0,0,0,0,54.499742548131,161.4858269386886,54.499742548131,0.0
random-s0-0149,voronoi,cycle,150.0,100.0,0.0,1,0,0,0,0,99.6821214683759,161.4858269386886,99.6821214683759,0.0
random-s0-0149,voronoi,event,0.0,20.0,0.0,1,0,0,0,0,2.01479839062506,147.39438104563084,2.01479839062506,0.0
random-s0-0149,voronoi,event,0.0,100.0,0.0,1,0,0,0,0,50.473641108333965,141.1192060511476,50.473641108333965,0.0
random-s0-0149,voronoi,event,50.0,20.0,0.0,1,0,1,1,0,-30.71708362589564,161.4858269386886,-30.71708362589564,180.0
random-s0-0149,voronoi,event,50.0,100.0,0.0,1,0,2,2,0,-99.82214800431852,78.92180186985922,-99.82214800431852,520.0000000000001
random-s0-0149,voronoi,event,150.0,20.0,0.0,1,0,0,0,0,28.908202382474546,161.4858269386886,28.908202382474546,0.0
random-s0-0149,voronoi,event,150.0,100.0,0.0,1,0,0,0,0,138.7113131061226,161.4858269386886,138.7113131061226,0.0
random-s0-0149,prm,once,0.0,20.0,0.0,1,0,3,2,1,-109.85967614278766,-58.89992253916654,-109.85967614278766,880.0000000000005
random-s0-0149,prm,cycle,0.0,20.0,0.0,1,0,0,0,0,8.36941997040745,36.44612748110828,8.36941997040745,0.0
random-s0-0149,prm,cycle,0.0,100.0,0.0,1,0,1,0,1,-126.32605990052132,-126.32605990052132,42.85315668943952,159.9999999999999
random-s0-0149,prm,cycle,50.0,20.0,0.0,1,0,0,0,0,41.81602784281864,161.4858269386886,41.81602784281864,0.0
random-s0-0149,prm,cycle,50.0,100.0,0.0,1,0,0,0,0,88.57615756561341,161.4858269386886,88.57615756561341,0.0
random-s0-0149,prm,cycle,150.0,20.0,0.0,1,0,1,1,0,-79.8509482501003,108.71137104668225,-79.8509482501003,360.00000000000006
random-s0-0149,prm,cycle,150.0,100.0,0.0,1,0,1,1,0,-51.18223563686905,161.4858269386886,-51.18223563686905,300.0
random-s0-0149,prm,event,0.0,20.0,0.0,1,0,0,0,0,8.36941997040745,36.21572079577365,8.36941997040745,0.0
random-s0-0149,prm,event,0.0,100.0,0.0,1,0,1,0,1,-126.32605990052132,-126.32605990052132,42.85315668943952,159.9999999999999
random-s0-0149,prm,event,50.0,20.0,0.0,1,0,0,0,0,57.38116097420615,161.4858269386886,57.38116097420615,0.0
random-s0-0149,prm,event,50.0,100.0,0.0,1,0,0,0,0,106.18010488541069,161.4858269386886,106.18010488541069,0.0
random-s0-0149,prm,event,150.0,20.0,0.0,1,0,0,0,0,73.41987455255668,73.41987455255668,106.38198539178768,0.0
random-s0-0149,prm,event,150.0,100.0,0.0,1,0,1,1,0,-14.345289512397812,161.4858269386886,-14.345289512397812,20.0
random-s0-0149,visibility,once,0.0,20.0,0.0,1,0,4,4,0,-142.6636148396979,161.4858269386886,-142.6636148396979,620.0000000000002
random-s0-0149,visibility,cycle,0.0,20.0,0.0,1,0,0,0,0,36.61094902192954,64.04225751361236,36.61094902192954,0.0
random-s0-0149,visibility,cycle,0.0,100.0,0.0,1,0,0,0,0,63.23141304752349,87.9131159662569,63.23141304752349,0.0
random-s0-0149,visibility,cycle,50.0,20.0,0.0,1,0,0,0,0,46.93690731828775,82.3019411551785,46.93690731828775,0.0
random-s0-0149,visibility,cycle,50.0,100.0,0.0,1,0,0,0,0,43.63583099994421,147.2516977349818,43.63583099994421,0.0
random-s0-0149,visibility,cycle,150.0,20.0,0.0,1,0,0,0,0,61.63855447571083,152.1868435648683,61.63855447571083,0.0
random-s0-0149,visibility,cycle,150.0,100.0,0.0,1,0,0,0,0,64.18301009251945,161.4858269386886,64.18301009251945,0.0
random-s0-0149,visibility,event,0.0,20.0,0.0,1,0,0,0,0,43.6555703643148,58.38471093825524,43.6555703643148,0.0
random-s0-0149,visibility,event,0.0,100.0,0.0,1,0,0,0,0,79.26159972180062,96.40088274950944,79.26159972180062,0.0
random-s0-0149,visibility,event,50.0,20.0,0.0,1,0,0,0,0,47.56691590451803,161.4858269386886,47.56691590451803,0.0
random-s0-0149,visibility,event,50.0,100.0,0.0,1,0,0,0,0,68.91030322234528,103.29306868551588,68.91030322234528,0.0
random-s0-0149,visibility,event,150.0,20.0,0.0,1,0,0,0,0,69.23417545592929,142.93679288501403,69.23417545592929,0.0
random-s0-0149,visibility,event,150.0,100.0,0.0,1,0,2,2,0,-60.274222185132615,161.4858269386886,-60.274222185132615,580.0
random-s0-0150,voronoi,once,0.0,20.0,0.0,1,0,1,1,0,-166.53709992315962,197.61492901450123,-166.53709992315962,259.99999999999994
random-s0-0150,voronoi,cycle,0.0,20.0,0.0,1,0,0,0,0,13.890144501836772,13.890144501836772,219.5991135149901,0.0
random-s0-0150,voronoi,cycle,0.0,100.0,0.0,1,0,0,0,0,30.001518869031173,30.001518869031173,218.3843483242482,0.0
random-s0-0150,voronoi,cycle,50.0,20.0,0.0,1,0,0,0,0,191.348205641768,191.348205641768,214.96412034737185,0.0
random-s0-0150,voronoi,cycle,50.0,100.0,0.0,1,0,0,0,0,215.36343488278152,230.57565612816543,215.36343488278152,0.0
random-s0-0150,voronoi,cycle,150.0,20.0,0.0,1,0,0,0,0,200.24761892064333,260.1437961714851,200.24761892064333,0.0
random-s0-0150,voronoi,cycle,150.0,100.0,0.0,1,0,0,0,0,229.10768652347556,229.10768652347556,248.21719824547623,0.0
random-s0-0150,voronoi,event,0.0,20.0,0.0,1,0,0,0,0,53.04530946460983,53.04530946460983,219.59840576024885,0.0
random-s0-0150,voronoi,event,0.0,100.0,0.0,1,0,0,0,0,43.94042702075774,43.94042702075774,218.3843483242482,0.0
random-s0-0150,voronoi,event,50.0,20.0,0.0,1,0,0,0,0,97.08158489218556,97.08158489218556,226.62148095879525,0.0
random-s0-0150,voronoi,event,50.0,100.0,0.0,1,0,0,0,0,218.3521166000028,255.56255482368323,218.3521166000028,0.0
random-s0-0150,voronoi,event,150.0,20.0,0.0,1,0,0,0,0,242.31721598010904,242.31721598010904,244.6626739602456,0.0
random-s0-0150,voronoi,event,150.0,100.0,0.0,1,0,0,0,0,250.30089073917463,344.4053668166267,250.30089073917463,0.0
random-s0-0150,prm,once,0.0,20.0,0.0,1,0,0,0,0,197.61492901450123,197.61492901450123,221.07507415150337,0.0
random-s0-0150,prm,cycle,0.0,20.0,0.0,1,0,0,0,0,230.77889590908552,234.7629466122172,230.77889590908552,0.0
random-s0-0150,prm,cycle,0.0,100.0,0.0,1,0,0,0,0,130.439258085319,130.439258085319,228.40470290156333,0.0
random-s0-0150,prm,cycle,50.0,20.0,0.0,1,0,0,0,0,227.3790111441349,439.6733763037033,227.3790111441349,0.0
random-s0-0150,prm,cycle,50.0,100.0,0.0,1,0,0,0,0,218.0850735573073,525.3648652036766,218.0850735573073,0.0
random-s0-0150,prm,cycle,150.0,20.0,0.0,1,0,0,0,0,226.67364028016615,445.0158665739239,226.67364028016615,0.0
random-s0-0150,prm,cycle,150.0,100.0,0.0,1,0,0,0,0,79.30833184368487,79.30833184368487,200.9058142314589,0.0
random-s0-0150,prm,event,0.0,20.0,0.0,1,0,0,0,0,230.77889590908552,234.7629466122172,230.77889590908552,0.0
random-s0-0150,prm,event,0.0,100.0,0.0,1,0,0,0,0,130.439258085319,130.439258085319,228.40470290156333,0.0
random-s0-0150,prm,event,50.0,20.0,0.0,1,0,0,0,0,208.5576979692886,527.7117187352725,208.5576979692886,0.0
random-s0-0150,prm,event,50.0,100.0,0.0,1,0,0,0,0,197.7382930271452,525.5758516531326,197.7382930271452,0.0
random-s0-0150,prm,event,150.0,20.0,0.0,1,0,0,0,0,251.81523063984983,518.9391292158812,251.81523063984983,0.0
random-s0-0150,prm,event,150.0,100.0,0.0,1,0,0,0,0,282.3280724712481,325.044231407717,282.3280724712481,0.0
random-s0-0150,visibility,once,0.0,20.0,0.0,1,0,0,0,0,197.61492901450123,197.61492901450123,221.07507415150337,0.0
random-s0-0150,visibility,cycle,0.0,20.0,0.0,1,0,0,0,0,223.3950299594942,294.1618969124931,223.3950299594942,0.0
random-s0-0150,visibility,cycle,0.0,100.0,0.0,1,0,0,0,0,200.73295684179533,200.73295684179533,224.28027287349568,0.0
random-s0-0150,visibility,cycle,50.0,20.0,0.0,1,0,0,0,0,224.68884231955616,494.85615013035647,224.68884231955616,0.0
random-s0-0150,visibility,cycle,50.0,100.0,0.0,1,0,0,0,0,224.51245754085292,391.9457152803137,224.51245754085292,0.0
random-s0-0150,visibility,cycle,150.0,20.0,0.0,1,0,0,0,0,226.19697891006905,522.717438868227,226.19697891006905,0.0
random-s0-0150,visibility,cycle,150.0,100.0,0.0,1,0,1,0,1,-36.85336146314336,-36.85336146314336,243.48805470508768,40.0
random-s0-0150,visibility,event,0.0,20.0,0.0,1,0,0,0,0,223.1348592278512,269.9584076283107,223.1348592278512,0.0
random-s0-0150,visibility,event,0.0,100.0,0.0,1,0,0,0,0,200.73295684179533,200.73295684179533,224.28027287349568,0.0
random-s0-0150,visibility,event,50.0,20.0,0.0,1,0,0,0,0,223.465971871818,469.7528771908941,223.465971871818,0.0
random-s0-0150,visibility,event,50.0,100.0,0.0,1,0,0,0,0,224.51245754085292,391.9457152803137,224.51245754085292,0.0
random-s0-0150,visibility,event,150.0,20.0,0.0,1,0,0,0,0,223.17220981629987,522.7117694181196,223.17220981629987,0.0
random-s0-0150,visibility,event,150.0,100.0,0.0,1,0,0,0,0,236.05901829836264,325.83045092586536,236.05901829836264,0.0
random-s0-0151,voronoi,once,0.0,20.0,0.0,1,0,2,1,1,-130.80561505094795,-44.140489796925465,-130.80561505094795,440.0000000000001
random-s0-0151,voronoi,cycle,0.0,20.0,0.0,1,0,1,1,0,-130.80561505094795,158.29984926490806,-130.80561505094795,400.00000000000006
random-s0-0151,voronoi,cycle,0.0,100.0,0.0,1,0,3,2,1,-130.80561505094806,-44.140489796925465,-130.80561505094806,460.0000000000001
random-s0-0151,voronoi,cycle,50.0,20.0,0.0,1,0,0,0,0,92.84806474692624,172.14121688722923,92.84806474692624,0.0
random-s0-0151,voronoi,cycle,50.0,100.0,0.0,1,0,1,1,0,-75.21905317166697,129.39617717390763,-75.21905317166697,420.0000000000001
random-s0-0151,voronoi,cycle,150.0,20.0,0.0,1,0,0,0,0,27.87965410286444,126.76413984012244,27.87965410286444,0.0
random-s0-0151,voronoi,cycle,150.0,100.0,0.0,1,0,2,1,1,-127.0197647582011,-127.0197647582011,-1.9909414751467125,479.9999999999999
random-s0-0151,voronoi,event,0.0,20.0,0.0,1,0,1,1,0,-130.80561505094795,118.59483470852058,-130.80561505094795,400.00000000000006
random-s0-0151,voronoi,event,0.0,100.0,0.0,1,0,2,1,1,-83.32054328809188,-44.140489796925465,-83.32054328809188,420.0000000000001
random-s0-0151,voronoi,event,50.0,20.0,0.0,1,0,1,1,0,-107.95641009614292,71.66454375500024,-107.95641009614292,420.0000000000001
random-s0-0151,voronoi,event,50.0,100.0,0.0,1,0,1,1,0,-73.57921908744314,88.11092754578641,-73.57921908744314,420.0000000000001
random-s0-0151,voronoi,event,150.0,20.0,0.0,1,0,0,0,0,29.983360997588903,311.1718609747134,29.983360997588903,0.0
random-s0-0151,voronoi,event,150.0,100.0,0.0,1,0,1,1,0,-0.7476521098673174,249.43378706900592,-0.7476521098673174,20.0
random-s0-0151,prm,once,0.0,20.0,0.0,1,0,3,2,1,-137.9910442926802,-44.140489796925465,-137.9910442926802,700.0000000000003
random-s0-0151,prm,cycle,0.0,20.0,0.0,1,0,3,2,1,-130.80561505094795,-111.25280830395172,-130.80561505094795,500.0000000000001
random-s0-0151,prm,cycle,0.0,100.0,0.0,1,0,3,2,1,-130.80561505094806,-44.140489796925465,-130.80561505094806,1000.0000000000005
random-s0-0151,prm,cycle,50.0,20.0,0.0,1,0,2,1,1,-136.9763327600313,-136.9763327600313,-127.52158497991958,460.0000000000001
random-s0-0151,prm,cycle,50.0,100.0,0.0,1,0,1,1,0,-130.80561505094806,64.13073366061968,-130.80561505094806,400.00000000000006
random-s0-0151,prm,cycle,150.0,20.0,0.0,1,0,1,1,0,-125.44119268861868,234.43797299557596,-125.44119268861868,400.00000000000006
random-s0-0151,prm,cycle,150.0,100.0,0.0,1,0,1,1,0,-120.12626016398728,152.43042604743005,-120.12626016398728,380.00000000000006
random-s0-0151,prm,event,0.0,20.0,0.0,1,0,3,2,1,-130.80561505094795,-111.25280830395172,-130.80561505094795,600.0000000000002
random-s0-0151,prm,event,0.0,100.0,0.0,1,0,3,2,1,-130.80561505094806,-44.140489796925465,-130.80561505094806,460.0000000000001
random-s0-0151,prm,event,50.0,20.0,0.0,1,0,3,2,1,-152.4659197899231,-136.9763327600313,-152.4659197899231,500.0000000000001
random-s0-0151,prm,event,50.0,100.0,0.0,1,0,2,2,0,-130.80561505094806,70.93931289869053,-130.80561505094806,560.0000000000001
random-s0-0151,prm,event,150.0,20.0,0.0,1,0,1,1,0,-132.29599540963562,84.20716953029387,-132.29599540963562,400.00000000000006
random-s0-0151,prm,event,150.0,100.0,0.0,1,0,1,1,0,-120.12626016398728,234.437972995576,-120.12626016398728,380.00000000000006
random-s0-0151,visibility,once,0.0,20.0,0.0,1,0,3,2,1,-130.80561505094795,-44.140489796925465,-130.80561505094795,720.0000000000003
random-s0-0151,visibility,cycle,0.0,20.0,0.0,1,0,1,1,0,-130.80561505094795,53.33555146447932,-130.80561505094795,400.00000000000006
random-s0-0151,visibility,cycle,0.0,100.0,0.0,1,0,3,2,1,-160.65027568723806,-44.140489796925465,-160.65027568723806,800.0000000000003
random-s0-0151,visibility,cycle,50.0,20.0,0.0,1,0,1,1,0,-130.80561505094795,70.93931289869039,-130.80561505094795,400.00000000000006
random-s0-0151,visibility,cycle,50.0,100.0,0.0,1,0,1,1,0,-130.80561505094806,69.96722612443796,-130.80561505094806,400.00000000000006
random-s0-0151,visibility,cycle,150.0,20.0,0.0,1,0,1,1,0,-131.00185854386308,81.01401536211512,-131.00185854386308,380.00000000000006
random-s0-0151,visibility,cycle,150.0,100.0,0.0,1,0,1,1,0,-131.71420093466207,38.26023526555386,-131.71420093466207,400.00000000000006
random-s0-0151,visibility,event,0.0,20.0,0.0,1,0,1,1,0,-130.80561505094795,49.78023377438871,-130.80561505094795,400.00000000000006
random-s0-0151,visibility,event,0.0,100.0,0.0,1,0,3,2,1,-160.65027568723806,-44.140489796925465,-160.65027568723806,800.0000000000003
random-s0-0151,visibility,event,50.0,20.0,0.0,1,0,2,1,1,-142.4858084896331,-18.339435674118505,-142.4858084896331,400.00000000000006
random-s0-0151,visibility,event,50.0,100.0,0.0,1,0,1,1,0,-130.80561505094806,60.59061621418195,-130.80561505094806,400.00000000000006
random-s0-0151,visibility,event,150.0,20.0,0.0,1,0,1,1,0,-129.88740854391222,59.36776234542808,-129.88740854391222,380.00000000000006
random-s0-0151,visibility,event,150.0,100.0,0.0,1,0,1,1,0,-131.71420093466207,57.24306541604128,-131.71420093466207,400.00000000000006
random-s0-0152,voronoi,once,0.0,20.0,0.0,1,0,6,5,1,-160.62361789163887,-160.62361789163887,-89.11351008374781,500.0000000000001
random-s0-0152,voronoi,cycle,0.0,20.0,0.0,1,0,1,1,0,-1.269199546268652,117.44253060424614,-1.269199546268652,20.0
random-s0-0152,voronoi,cycle,0.0,100.0,0.0,1,0,3,3,0,-82.76520983674837,40.79039393347199,-82.76520983674837,620.0000000000002
random-s0-0152,voronoi,cycle,50.0,20.0,0.0,1,0,0,0,0,34.817420792034966,112.07430762149517,34.817420792034966,0.0
random-s0-0152,voronoi,cycle,50.0,100.0,0.0,1,0,1,1,0,-11.678441778459614,40.79039393347199,-11.678441778459614,180.0
random-s0-0152,voronoi,cycle,150.0,20.0,0.0,1,0,0,0,0,90.93964582436764,90.93964582436764,112.9914422842092,0.0
random-s0-0152,voronoi,cycle,150.0,100.0,0.0,1,0,1,0,1,-61.80992800996174,-61.80992800996174,114.69204363314576,199.99999999999983
random-s0-0152,voronoi,event,0.0,20.0,0.0,1,0,3,3,0,-23.665273155065023,18.253186153400264,-23.665273155065023,360.00000000000006
random-s0-0152,voronoi,event,0.0,100.0,0.0,1,0,5,4,1,-84.00428038354313,-31.255822047820573,-84.00428038354313,960.0000000000006
random-s0-0152,voronoi,event,50.0,20.0,0.0,1,0,0,0,0,51.09754809060493,103.60577683445274,51.09754809060493,0.0
random-s0-0152,voronoi,event,50.0,100.0,0.0,1,0,0,0,0,40.79039393347199,40.79039393347199,63.12441197455149,0.0
random-s0-0152,voronoi,event,150.0,20.0,0.0,1,0,0,0,0,86.08535891253604,225.1234512263009,86.08535891253604,0.0
random-s0-0152,voronoi,event,150.0,100.0,0.0,1,0,0,0,0,141.42663746236127,141.42663746236127,155.2954183698377,0.0
random-s0-0152,prm,once,0.0,20.0,0.0,1,0,6,5,1,-89.11351008374781,-87.58672454946253,-89.11351008374781,380.00000000000006
random-s0-0152,prm,cycle,0.0,20.0,0.0,1,0,0,0,0,1.152026302292768,10.550187217489253,1.152026302292768,0.0
random-s0-0152,prm,cycle,0.0,100.0,0.0,1,0,0,0,0,11.794282552842247,40.79039393347199,11.794282552842247,0.0
random-s0-0152,prm,cycle,50.0,20.0,0.0,1,0,0,0,0,112.6831857031525,127.36074288406924,112.6831857031525,0.0
random-s0-0152,prm,cycle,50.0,100.0,0.0,1,0,0,0,0,3.1882552293277517,3.1882552293277517,48.12974484330175,0.0
random-s0-0152,prm,cycle,150.0,20.0,0.0,1,0,0,0,0,81.81945032720643,81.81945032720643,205.5214803598958,0.0
random-s0-0152,prm,cycle,150.0,100.0,0.0,1,0,0,0,0,81.81945032720643,81.81945032720643,114.29395760117592,0.0
random-s0-0152,prm,event,0.0,20.0,0.0,1,0,0,0,0,86.40560830972305,100.12414914624117,86.40560830972305,0.0
random-s0-0152,prm,event,0.0,100.0,0.0,1,0,0,0,0,40.79039393347199,40.79039393347199,41.65190267455242,0.0
random-s0-0152,prm,event,50.0,20.0,0.0,1,0,0,0,0,60.14325298331033,203.82472668655024,60.14325298331033,0.0
random-s0-0152,prm,event,50.0,100.0,0.0,1,0,0,0,0,3.1882552293277517,3.1882552293277517,36.626556523817584,0.0
random-s0-0152,prm,event,150.0,20.0,0.0,1,0,0,0,0,2.7808403809039817,2.7808403809039817,138.25789190743342,0.0
random-s0-0152,prm,event,150.0,100.0,0.0,1,0,0,0,0,66.90888964157978,66.90888964157978,195.4851447203852,0.0
random-s0-0152,visibility,once,0.0,20.0,0.0,1,0,9,7,2,-163.46259971958182,-163.46259971958182,-98.1776839215283,640.0000000000002
random-s0-0152,visibility,cycle,0.0,20.0,0.0,1,0,4,4,0,-168.8625899181705,71.72560945315445,-168.8625899181705,780.0000000000003
random-s0-0152,visibility,cycle,0.0,100.0,0.0,1,0,4,4,0,-154.2423440551055,40.79039393347199,-154.2423440551055,920.0000000000002
random-s0-0152,visibility,cycle,50.0,20.0,0.0,1,0,2,2,0,-176.27566077788504,184.94333520580017,-176.27566077788504,400.00000000000006
random-s0-0152,visibility,cycle,50.0,100.0,0.0,1,0,4,4,0,-136.11054319454496,3.1882552293277517,-136.11054319454496,860.0000000000002
random-s0-0152,visibility,cycle,150.0,20.0,0.0,1,0,3,2,1,-115.21878561258237,-93.41569946379776,-115.21878561258237,680.0000000000002
random-s0-0152,visibility,cycle,150.0,100.0,0.0,1,0,4,3,1,-126.81574400123895,-93.41569946379776,-126.81574400123895,459.9999999999999
random-s0-0152,visibility,event,0.0,20.0,0.0,1,0,3,3,0,-95.07501971159168,104.75332270248056,-95.07501971159168,460.0000000000001
random-s0-0152,visibility,event,0.0,100.0,0.0,1,0,4,4,0,-154.2423440551055,40.79039393347199,-154.2423440551055,680.0000000000002
random-s0-0152,visibility,event,50.0,20.0,0.0,1,0,2,2,0,-42.0654262121125,210.8054755640532,-42.0654262121125,120.0
random-s0-0152,visibility,event,50.0,100.0,0.0,1,0,3,2,1,-136.55712387930032,-136.55712387930032,-104.26262391868904,900.0000000000002
random-s0-0152,visibility,event,150.0,20.0,0.0,1,0,2,1,1,-103.65671652026244,-93.41569946379776,-103.65671652026244,440.00000000000006
random-s0-0152,visibility,event,150.0,100.0,0.0,1,0,4,3,1,-144.29076160140684,-93.41569946379776,-144.29076160140684,640.0
random-s0-0153,voronoi,once,0.0,20.0,0.0,1,0,1,0,1,-96.12283082815344,-96.12283082815344,7.785068486246075,60.0
random-s0-0153,voronoi,cycle,0.0,20.0,0.0,1,0,0,0,0,122.84206158043828,183.05153230454107,122.84206158043828,0.0
random-s0-0153,voronoi,cycle,0.0,100.0,0.0,1,0,0,0,0,294.3282652722053,294.3282652722053,300.3801050648779,0.0
random-s0-0153,voronoi,cycle,50.0,20.0,0.0,1,0,0,0,0,59.68526220271838,487.1845455607428,59.68526220271838,0.0
random-s0-0153,voronoi,cycle,50.0,100.0,0.0,1,0,0,0,0,37.54644604336573,273.6268209607494,37.54644604336573,0.0
random-s0-0153,voronoi,cycle,150.0,20.0,0.0,1,0,0,0,0,92.16343692090362,247.60837439402968,92.16343692090362,0.0
random-s0-0153,voronoi,cycle,150.0,100.0,0.0,1,0,0,0,0,197.9411027595436,730.4023299028838,197.9411027595436,0.0
random-s0-0153,voronoi,event,0.0,20.0,0.0,1,0,0,0,0,176.2111357116152,227.6952392936671,176.2111357116152,0.0
random-s0-0153,voronoi,event,0.0,100.0,0.0,1,0,0,0,0,251.05316922913823,262.0315431981236,251.05316922913823,0.0
random-s0-0153,voronoi,event,50.0,20.0,0.0,1,0,0,0,0,111.86152899598687,111.86152899598687,121.2122686440328,0.0
random-s0-0153,voronoi,event,50.0,100.0,0.0,1,0,0,0,0,145.2140831680232,499.88628522088095,145.2140831680232,0.0
random-s0-0153,voronoi,event,150.0,20.0,0.0,1,0,0,0,0,36.62071111945721,552.40388689784,36.62071111945721,0.0
random-s0-0153,voronoi,event,150.0,100.0,0.0,1,0,0,0,0,108.39903070016987,728.9815179048212,108.39903070016987,0.0
random-s0-0153,prm,once,0.0,20.0,0.0,1,0,0,0,0,1.4137294228311816,140.65774107992195,1.4137294228311816,0.0
random-s0-0153,prm,cycle,0.0,20.0,0.0,1,0,0,0,0,31.330819119842857,31.330819119842857,148.37985555540018,0.0
random-s0-0153,prm,cycle,0.0,100.0,0.0,1,0,0,0,0,43.084850971259726,43.084850971259726,113.38538639110578,0.0
random-s0-0153,prm,cycle,50.0,20.0,0.0,1,0,0,0,0,161.5653863113721,161.5653863113721,183.3101140996813,0.0
random-s0-0153,prm,cycle,50.0,100.0,0.0,1,0,1,1,0,-29.71854702373875,373.0656669613684,-29.71854702373875,399.9999999999997
random-s0-0153,prm,cycle,150.0,20.0,0.0,1,0,0,0,0,32.482956935333334,197.11869054526272,32.482956935333334,0.0
random-s0-0153,prm,cycle,150.0,100.0,0.0,1,0,0,0,0,99.36038464701068,186.02226195065597,99.36038464701068,0.0
random-s0-0153,prm,event,0.0,20.0,0.0,1,0,0,0,0,31.330819119842857,31.330819119842857,148.37985555540018,0.0
random-s0-0153,prm,event,0.0,100.0,0.0,1,0,0,0,0,43.084850971259726,43.084850971259726,113.38538639110578,0.0
random-s0-0153,prm,event,50.0,20.0,0.0,1,0,0,0,0,145.95764194791468,193.334681903143,145.95764194791468,0.0
random-s0-0153,prm,event,50.0,100.0,0.0,1,0,1,1,0,-29.71854702373875,242.79887302352452,-29.71854702373875,399.9999999999997
random-s0-0153,prm,event,150.0,20.0,0.0,1,0,0,0,0,92.83772504643925,706.5246146132279,92.83772504643925,0.0
random-s0-0153,prm,event,150.0,100.0,0.0,1,0,0,0,0,153.5913760075818,645.3808522646394,153.5913760075818,0.0
random-s0-0153,visibility,once,0.0,20.0,0.0,1,0,1,1,0,-33.36834713024069,140.65774107992195,-33.36834713024069,40.0
random-s0-0153,visibility,cycle,0.0,20.0,0.0,1,0,0,0,0,22.94035401340929,314.7314272697725,22.94035401340929,0.0
random-s0-0153,visibility,cycle,0.0,100.0,0.0,1,0,0,0,0,42.59477376489562,310.08033480559305,42.59477376489562,0.0
random-s0-0153,visibility,cycle,50.0,20.0,0.0,1,0,0,0,0,76.867255309433,359.1194909347587,76.867255309433,0.0
random-s0-0153,visibility,cycle,50.0,100.0,0.0,1,0,0,0,0,82.31781899656602,507.7243690715212,82.31781899656602,0.0
random-s0-0153,visibility,cycle,150.0,20.0,0.0,1,0,0,0,0,28.36318532431875,250.27573860730803,28.36318532431875,0.0
random-s0-0153,visibility,cycle,150.0,100.0,0.0,1,0,0,0,0,72.82159516866872,611.7819497349186,72.82159516866872,0.0
random-s0-0153,visibility,event,0.0,20.0,0.0,1,0,0,0,0,36.743127763100745,316.58521403501817,36.743127763100745,0.0
random-s0-0153,visibility,event,0.0,100.0,0.0,1,0,0,0,0,32.409697449975056,310.08033480559305,32.409697449975056,0.0
random-s0-0153,visibility,event,50.0,20.0,0.0,1,0,0,0,0,49.83132557721518,458.9490663702298,49.83132557721518,0.0
random-s0-0153,visibility,event,50.0,100.0,0.0,1,0,0,0,0,60.91962548381355,553.0846406794682,60.91962548381355,0.0
random-s0-0153,visibility,event,150.0,20.0,0.0,1,0,2,2,0,-126.87125801173327,183.17600167430328,-126.87125801173327,480.00000000000017
random-s0-0153,visibility,event,150.0,100.0,0.0,1,0,0,0,0,91.32254591660607,623.2605441043237,91.32254591660607,0.0
random-s0-0154,voronoi,once,0.0,20.0,0.0,1,0,3,3,0,-83.01418124388417,149.48795963997503,-83.01418124388417,820.0000000000003
random-s0-0154,voronoi,cycle,0.0,20.0,0.0,1,0,0,0,0,2.179915952370834,50.05443215597202,2.179915952370834,0.0
random-s0-0154,voronoi,cycle,0.0,100.0,0.0,1,0,0,0,0,2.14384896593171,195.50237597114983,2.14384896593171,0.0
random-s0-0154,voronoi,cycle,50.0,20.0,0.0,1,0,0,0,0,18.184849529695583,94.38260554735795,18.184849529695583,0.0
random-s0-0154,voronoi,cycle,50.0,100.0,0.0,1,0,1,1,0,-90.19231605324688,169.7489208159737,-90.19231605324688,640.0000000000002
random-s0-0154,voronoi,cycle,150.0,20.0,0.0,1,0,0,0,0,70.18320983261387,356.0811492527895,70.18320983261387,0.0
random-s0-0154,voronoi,cycle,150.0,100.0,0.0,1,0,0,0,0,77.94591838308827,198.6255276769338,77.94591838308827,0.0
random-s0-0154,voronoi,event,0.0,20.0,0.0,1,0,0,0,0,2.437694741714978,4.683560107501648,2.437694741714978,0.0
random-s0-0154,voronoi,event,0.0,100.0,0.0,1,0,1,0,1,-10.025333885341324,-10.025333885341324,3.220703774388312,20.0
random-s0-0154,voronoi,event,50.0,20.0,0.0,1,0,2,2,0,-114.23501428423673,370.3630874210945,-114.23501428423673,939.99999999998
random-s0-0154,voronoi,event,50.0,100.0,0.0,1,0,3,3,0,-112.04690512472412,110.25592914500572,-112.04690512472412,1040.0000000000005
random-s0-0154,voronoi,event,150.0,20.0,0.0,1,0,2,2,0,-105.78777915737686,450.1928667321438,-105.78777915737686,899.9999999999808
random-s0-0154,voronoi,event,150.0,100.0,0.0,1,0,1,1,0,-56.92395606064018,246.60496517330532,-56.92395606064018,279.99999999999994
random-s0-0154,prm,once,0.0,20.0,0.0,1,0,4,3,1,-105.92922614886564,-58.97593516690333,-105.92922614886564,1420.000000000001
random-s0-0154,prm,cycle,0.0,20.0,0.0,1,0,0,0,0,20.55900827596605,20.55900827596605,47.30756113610883,0.0
random-s0-0154,prm,cycle,0.0,100.0,0.0,1,0,1,1,0,-25.22731348208117,48.39897093150006,-25.22731348208117,40.0
random-s0-0154,prm,cycle,50.0,20.0,0.0,1,0,1,1,0,-16.669638557349145,124.85474065041548,-16.669638557349145,39.99999999999915
random-s0-0154,prm,cycle,50.0,100.0,0.0,1,0,0,0,0,65.83731484682511,339.4894351544124,65.83731484682511,0.0
random-s0-0154,prm,cycle,150.0,20.0,0.0,1,0,0,0,0,45.27867629273217,45.27867629273217,61.92568814415486,0.0
random-s0-0154,prm,cycle,150.0,100.0,0.0,1,0,0,0,0,5.83990575143784,79.18792614283188,5.83990575143784,0.0
random-s0-0154,prm,event,0.0,20.0,0.0,1,0,1,1,0,-13.436925156122811,36.58457095034564,-13.436925156122811,60.0
random-s0-0154,prm,event,0.0,100.0,0.0,1,0,1,0,1,-109.0970360639088,-109.0970360639088,57.27142234092861,80.0
random-s0-0154,prm,event,50.0,20.0,0.0,1,0,0,0,0,61.92568814415486,112.29439053545042,61.92568814415486,0.0
random-s0-0154,prm,event,50.0,100.0,0.0,1,0,0,0,0,46.99494434842888,294.52330003651326,46.99494434842888,0.0
random-s0-0154,prm,event,150.0,20.0,0.0,1,0,2,2,0,-104.68231528069504,76.54258382569117,-104.68231528069504,1019.9999999999784
random-s0-0154,prm,event,150.0,100.0,0.0,1,0,0,0,0,65.83731484682511,132.1579245774809,65.83731484682511,0.0
random-s0-0154,visibility,once,0.0,20.0,0.0,1,0,7,4,3,-140.6692667332576,-140.6692667332576,-131.19859490337336,1080.0000000000005
random-s0-0154,visibility,cycle,0.0,20.0,0.0,1,0,0,0,0,41.22911638835132,79.9630943913645,41.22911638835132,0.0
random-s0-0154,visibility,cycle,0.0,100.0,0.0,1,0,0,0,0,29.133590144567364,81.38485219928748,29.133590144567364,0.0
random-s0-0154,visibility,cycle,50.0,20.0,0.0,1,0,0,0,0,48.28589314902064,120.146160687288,48.28589314902064,0.0
random-s0-0154,visibility,cycle,50.0,100.0,0.0,1,0,0,0,0,42.54336017871148,126.08337692501344,42.54336017871148,0.0
random-s0-0154,visibility,cycle,150.0,20.0,0.0,1,0,0,0,0,52.36983223168221,75.8675805953917,52.36983223168221,0.0
random-s0-0154,visibility,cycle,150.0,100.0,0.0,1,0,0,0,0,52.50321861131346,77.56532644007979,52.50321861131346,0.0
random-s0-0154,visibility,event,0.0,20.0,0.0,1,0,0,0,0,45.875251773929705,59.81222701842833,45.875251773929705,0.0
random-s0-0154,visibility,event,0.0,100.0,0.0,1,0,0,0,0,35.33952392798696,57.35608773628604,35.33952392798696,0.0
random-s0-0154,visibility,event,50.0,20.0,0.0,1,0,0,0,0,49.20491588875692,72.71619335867439,49.20491588875692,0.0
random-s0-0154,visibility,event,50.0,100.0,0.0,1,0,1,1,0,-118.78583054885024,65.79070859467646,-118.78583054885024,279.99999999999983
random-s0-0154,visibility,event,150.0,20.0,0.0,1,0,0,0,0,60.37330020305683,94.99641950931756,60.37330020305683,0.0
random-s0-0154,visibility,event,150.0,100.0,0.0,1,0,0,0,0,59.26802292241027,103.93365489616184,59.26802292241027,0.0
random-s0-0155,voronoi,once,0.0,20.0,0.0,1,0,8,5,3,-175.80785517102407,-160.03455675937246,-175.80785517102407,1680.0000000000011
random-s0-0155,voronoi,cycle,0.0,20.0,0.0,1,0,2,2,0,-67.21511052509635,40.04283081315225,-67.21511052509635,980.0000000000006
random-s0-0155,voronoi,cycle,0.0,100.0,0.0,1,0,3,2,1,-93.84786403356232,-14.88218577657952,-93.84786403356232,1120.0000000000005
random-s0-0155,voronoi,cycle,50.0,20.0,0.0,1,0,3,3,0,-146.42589154539525,110.0488101895694,-146.42589154539525,1059.9999999999811
random-s0-0155,voronoi,cycle,50.0,100.0,0.0,1,0,1,0,1,-12.389264841911654,-12.389264841911654,3.8620780813930367,20.0
random-s0-0155,voronoi,cycle,150.0,20.0,0.0,1,0,2,2,0,-144.72437021130133,236.42159201224703,-144.72437021130133,1019.9999999999784
random-s0-0155,voronoi,cycle,150.0,100.0,0.0,1,0,1,1,0,-33.6978437125338,23.04251404860713,-33.6978437125338,40.0
random-s0-0155,voronoi,event,0.0,20.0,0.0,1,0,2,2,0,-61.03430294497596,37.60657916818781,-61.03430294497596,819.9999999999916
random-s0-0155,voronoi,event,0.0,100.0,0.0,1,0,6,5,1,-93.84786403356232,-14.88218577657952,-93.84786403356232,1480.000000000001
random-s0-0155,voronoi,event,50.0,20.0,0.0,1,0,1,1,0,-81.77324142338075,199.9292801425845,-81.77324142338075,660.0000000000002
random-s0-0155,voronoi,event,50.0,100.0,0.0,1,0,3,3,0,-126.68373334337312,5.218047880827214,-126.68373334337312,1620.000000000001
random-s0-0155,voronoi,event,150.0,20.0,0.0,1,0,1,1,0,-141.9709517759975,244.6300146827089,-141.9709517759975,479.99999999998977
random-s0-0155,voronoi,event,150.0,100.0,0.0,1,0,4,4,0,-155.56188998995293,18.946667715334968,-155.56188998995293,1140.0000000000005
random-s0-0155,prm,once,0.0,20.0,0.0,1,0,2,1,1,-149.81138995112133,-14.88218577657952,-149.81138995112133,460.0000000000001
random-s0-0155,prm,cycle,0.0,20.0,0.0,1,0,2,2,0,-157.04263642073994,40.31867239723573,-157.04263642073994,1280.000000000001
random-s0-0155,prm,cycle,0.0,100.0,0.0,1,0,3,2,1,-159.71625553234173,-14.88218577657952,-159.71625553234173,1360.0000000000005
random-s0-0155,prm,cycle,50.0,20.0,0.0,1,0,0,0,0,60.84432762092632,61.0936128690831,60.84432762092632,0.0
random-s0-0155,prm,cycle,50.0,100.0,0.0,1,0,2,2,0,-143.42384002411086,60.71880209598496,-143.42384002411086,900.0000000000005
random-s0-0155,prm,cycle,150.0,20.0,0.0,1,0,0,0,0,0.3649781087706572,53.82870798100802,0.3649781087706572,0.0
random-s0-0155,prm,cycle,150.0,100.0,0.0,1,0,2,1,1,-126.19432929790372,-14.88218577657952,-126.19432929790372,460.0000000000001
random-s0-0155,prm,event,0.0,20.0,0.0,1,0,1,1,0,-144.6459208734436,40.31867239723573,-144.6459208734436,420.0000000000001
random-s0-0155,prm,event,0.0,100.0,0.0,1,0,3,2,1,-167.7673361489562,-14.88218577657952,-167.7673361489562,1280.0000000000005
random-s0-0155,prm,event,50.0,20.0,0.0,1,0,0,0,0,57.6321491764426,60.47808625027682,57.6321491764426,0.0
random-s0-0155,prm,event,50.0,100.0,0.0,1,0,1,1,0,-106.66337433187796,54.82941010644456,-106.66337433187796,380.00000000000006
random-s0-0155,prm,event,150.0,20.0,0.0,1,0,0,0,0,61.96793732688391,61.96793732688391,95.12194754807471,0.0
random-s0-0155,prm,event,150.0,100.0,0.0,1,0,3,2,1,-70.74169130694938,-14.88218577657952,-70.74169130694938,740.0000000000003
random-s0-0155,visibility,once,0.0,20.0,0.0,1,0,7,4,3,-149.81138995112133,-91.5064017373441,-149.81138995112133,760.0000000000003
random-s0-0155,visibility,cycle,0.0,20.0,0.0,1,0,2,2,0,-150.03665016609247,40.31867239723573,-150.03665016609247,680.0000000000002
random-s0-0155,visibility,cycle,0.0,100.0,0.0,1,0,5,3,2,-149.4321729217216,-25.783531612081987,-149.4321729217216,580.0000000000001
random-s0-0155,visibility,cycle,50.0,20.0,0.0,1,0,3,3,0,-144.62222327221542,30.1330998626886,-144.62222327221542,820.0000000000003
random-s0-0155,visibility,cycle,50.0,100.0,0.0,1,0,4,2,2,-164.9346253238799,-64.66584901030171,-164.9346253238799,880.0000000000003
random-s0-0155,visibility,cycle,150.0,20.0,0.0,1,0,1,1,0,-46.7770059405681,31.88910915659423,-46.7770059405681,300.0
random-s0-0155,visibility,cycle,150.0,100.0,0.0,1,0,2,1,1,-152.34102631265972,-14.88218577657952,-152.34102631265972,480.00000000000017
random-s0-0155,visibility,event,0.0,20.0,0.0,1,0,5,5,0,-148.10963360218898,40.31867239723573,-148.10963360218898,840.0000000000005
random-s0-0155,visibility,event,0.0,100.0,0.0,1,0,5,3,2,-173.95858796466712,-14.88218577657952,-173.95858796466712,1080.0000000000002
random-s0-0155,visibility,event,50.0,20.0,0.0,1,0,1,1,0,-121.6410085577458,63.12683772102346,-121.6410085577458,420.0000000000001
random-s0-0155,visibility,event,50.0,100.0,0.0,1,0,4,3,1,-152.17855072319168,-83.6299788165764,-152.17855072319168,840.0000000000003
random-s0-0155,visibility,event,150.0,20.0,0.0,1,0,2,2,0,-133.02999828665764,25.06356881159627,-133.02999828665764,620.0000000000002
random-s0-0155,visibility,event,150.0,100.0,0.0,1,0,3,2,1,-74.32339271225226,-14.88218577657952,-74.32339271225226,560.0000000000001
random-s0-0156,voronoi,once,0.0,20.0,0.0,1,0,4,2,2,-161.87514632903915,-120.59658842534404,-161.87514632903915,1220.000000000001
random-s0-0156,voronoi,cycle,0.0,20.0,0.0,1,0,0,0,0,1.7186456366801224,1.7186456366801224,10.450439913962356,0.0
random-s0-0156,voronoi,cycle,0.0,100.0,0.0,1,0,2,1,1,-18.39832372596717,-2.531796607087984,-18.39832372596717,120.0
random-s0-0156,voronoi,cycle,50.0,20.0,0.0,1,0,1,1,0,-0.1621393706897151,203.63506667315863,-0.1621393706897151,20.0
random-s0-0156,voronoi,cycle,50.0,100.0,0.0,1,0,0,0,0,1.299842299808546,94.5127008881048,1.299842299808546,0.0
random-s0-0156,voronoi,cycle,150.0,20.0,0.0,1,0,0,0,0,121.37445382750592,255.83881949583176,121.37445382750592,0.0
random-s0-0156,voronoi,cycle,150.0,100.0,0.0,1,0,0,0,0,126.79457187934533,131.80517674782163,126.79457187934533,0.0
random-s0-0156,voronoi,event,0.0,20.0,0.0,1,0,4,4,0,-10.880689808293283,10.41415834444726,-10.880689808293283,140.0
random-s0-0156,voronoi,event,0.0,100.0,0.0,1,0,3,2,1,-21.400744268818983,-2.531796607087984,-21.400744268818983,320.0
random-s0-0156,voronoi,event,50.0,20.0,0.0,1,0,0,0,0,25.88816860883384,198.7534619155722,25.88816860883384,0.0
random-s0-0156,voronoi,event,50.0,100.0,0.0,1,0,1,1,0,-0.3352684316333523,94.5127008881048,-0.3352684316333523,20.0
random-s0-0156,voronoi,event,150.0,20.0,0.0,1,0,0,0,0,35.15787483233413,35.15787483233413,95.09247278498742,0.0
random-s0-0156,voronoi,event,150.0,100.0,0.0,1,0,0,0,0,110.01296866193422,121.90734568785469,110.01296866193422,0.0
random-s0-0156,prm,once,0.0,20.0,0.0,1,0,6,3,3,-161.87514632903915,-153.40514756030612,-161.87514632903915,1700.0000000000011
random-s0-0156,prm,cycle,0.0,20.0,0.0,1,0,1,1,0,-161.87514632903915,27.34646819643916,-161.87514632903915,960.0000000000006
random-s0-0156,prm,cycle,0.0,100.0,0.0,1,0,2,1,1,-161.87514632903924,-16.85958181064248,-161.87514632903924,960.0000000000005
random-s0-0156,prm,cycle,50.0,20.0,0.0,1,0,0,0,0,41.5694728781601,41.5694728781601,52.44009879782115,0.0
random-s0-0156,prm,cycle,50.0,100.0,0.0,1,0,1,1,0,-158.34154804561524,216.50858832792383,-158.34154804561524,800.0000000000001
random-s0-0156,prm,cycle,150.0,20.0,0.0,1,0,1,1,0,-145.95969419799718,203.4967089388425,-145.95969419799718,600.0000000000002
random-s0-0156,prm,cycle,150.0,100.0,0.0,1,0,1,1,0,-161.87514632903924,74.59371481326801,-161.87514632903924,960.0000000000005
random-s0-0156,prm,event,0.0,20.0,0.0,1,0,1,1,0,-161.87514632903915,139.6380227254972,-161.87514632903915,960.0000000000006
random-s0-0156,prm,event,0.0,100.0,0.0,1,0,1,1,0,-161.87514632903924,71.18072970662433,-161.87514632903924,960.0000000000005
random-s0-0156,prm,event,50.0,20.0,0.0,1,0,1,1,0,-31.06955928343794,83.8540680278897,-31.06955928343794,440.0000000000001
random-s0-0156,prm,event,50.0,100.0,0.0,1,0,1,1,0,-150.26269563982115,216.50858832792383,-150.26269563982115,720.0000000000001
random-s0-0156,prm,event,150.0,20.0,0.0,1,0,1,1,0,-150.6397582560346,0.3959110062110937,-150.6397582560346,580.0000000000002
random-s0-0156,prm,event,150.0,100.0,0.0,1,0,1,1,0,-161.87514632903924,12.338773569469566,-161.87514632903924,960.0000000000005
random-s0-0156,visibility,once,0.0,20.0,0.0,1,0,2,1,1,-161.87514632903915,-120.59658842534404,-161.87514632903915,1120.0000000000005
random-s0-0156,visibility,cycle,0.0,20.0,0.0,1,0,2,1,1,-161.87514632903915,-149.26305688819218,-161.87514632903915,1120.0000000000005
random-s0-0156,visibility,cycle,0.0,100.0,0.0,1,0,2,1,1,-161.87514632903924,-132.7746779423706,-161.87514632903924,1060.0000000000002
random-s0-0156,visibility,cycle,50.0,20.0,0.0,1,0,1,1,0,-161.87514632903915,90.24970725081158,-161.87514632903915,960.0000000000006
random-s0-0156,visibility,cycle,50.0,100.0,0.0,1,0,1,1,0,-161.87514632903924,104.74029307794724,-161.87514632903924,960.0000000000005
random-s0-0156,visibility,cycle,150.0,20.0,0.0,1,0,2,1,1,-161.92173287626517,-6.244260888560064,-161.92173287626517,1040.0000000000005
random-s0-0156,visibility,cycle,150.0,100.0,0.0,1,0,1,1,0,-161.87514632903924,141.2783938819436,-161.87514632903924,960.0000000000005
random-s0-0156,visibility,event,0.0,20.0,0.0,1,0,2,1,1,-161.87514632903915,-146.4484777640382,-161.87514632903915,1120.0000000000005
random-s0-0156,visibility,event,0.0,100.0,0.0,1,0,1,1,0,-161.87514632903924,83.07537777877405,-161.87514632903924,960.0000000000005
random-s0-0156,visibility,event,50.0,20.0,0.0,1,0,1,1,0,-161.87514632903915,84.48649955088541,-161.87514632903915,960.0000000000006
random-s0-0156,visibility,event,50.0,100.0,0.0,1,0,1,1,0,-161.87514632903924,28.410710137452497,-161.87514632903924,960.0000000000005
random-s0-0156,visibility,event,150.0,20.0,0.0,1,0,2,1,1,-161.8611505273028,-16.053482515164717,-161.8611505273028,1040.0000000000005
random-s0-0156,visibility,event,150.0,100.0,0.0,1,0,2,1,1,-161.87514632903924,-80.2648857055897,-161.87514632903924,1080.0000000000002
random-s0-0157,voronoi,once,0.0,20.0,0.0,1,0,1,0,1,-27.9958038663587,-27.9958038663587,71.46649741353028,40.0
random-s0-0157,voronoi,cycle,0.0,20.0,0.0,1,0,1,0,1,-16.724441700126278,-16.724441700126278,236.61317314145776,19.99999999999999
random-s0-0157,voronoi,cycle,0.0,100.0,0.0,1,0,1,0,1,-27.9958038663587,-27.9958038663587,222.78484394357253,40.0
random-s0-0157,voronoi,cycle,50.0,20.0,0.0,1,0,0,0,0,207.5903387420638,207.5903387420638,234.2595270994328,0.0
random-s0-0157,voronoi,cycle,50.0,100.0,0.0,1,0,0,0,0,57.31088876787766,57.31088876787766,147.42425950742825,0.0
random-s0-0157,voronoi,cycle,150.0,20.0,0.0,1,0,0,0,0,130.9259045644297,179.70674175480332,130.9259045644297,0.0
random-s0-0157,voronoi,cycle,150.0,100.0,0.0,1,0,1,0,1,-47.96801360607572,-47.96801360607572,18.04937322834272,139.99999999999997
random-s0-0157,voronoi,event,0.0,20.0,0.0,1,0,1,0,1,-16.724441700126278,-16.724441700126278,235.7610914376629,19.99999999999999
random-s0-0157,voronoi,event,0.0,100.0,0.0,1,0,1,0,1,-27.9958038663587,-27.9958038663587,222.78484394357253,40.0
random-s0-0157,voronoi,event,50.0,20.0,0.0,1,0,0,0,0,237.3474484199748,259.16944634053806,237.3474484199748,0.0
random-s0-0157,voronoi,event,50.0,100.0,0.0,1,0,0,0,0,188.9717746230222,188.9717746230222,234.9805223877117,0.0
random-s0-0157,voronoi,event,150.0,20.0,0.0,1,0,0,0,0,73.82374348486462,184.81724719560884,73.82374348486462,0.0
random-s0-0157,voronoi,event,150.0,100.0,0.0,1,0,1,0,1,-47.96801360607572,-47.96801360607572,18.04937322834272,139.99999999999997
random-s0-0157,prm,once,0.0,20.0,0.0,1,0,1,0,1,-27.9958038663587,-27.9958038663587,71.46649741353028,40.0
random-s0-0157,prm,cycle,0.0,20.0,0.0,1,0,0,0,0,23.300528199802272,23.300528199802272,238.90075706103815,0.0
random-s0-0157,prm,cycle,0.0,100.0,0.0,1,0,1,0,1,-27.9958038663587,-27.9958038663587,239.5788195963607,40.0
random-s0-0157,prm,cycle,50.0,20.0,0.0,1,0,0,0,0,239.1330251215812,343.96877149203874,239.1330251215812,0.0
random-s0-0157,prm,cycle,50.0,100.0,0.0,1,0,0,0,0,81.76585210066088,258.68330811141584,81.76585210066088,0.0
random-s0-0157,prm,cycle,150.0,20.0,0.0,1,0,0,0,0,97.23012806100012,277.09415071119105,97.23012806100012,0.0
random-s0-0157,prm,cycle,150.0,100.0,0.0,1,0,1,0,1,-27.9958038663587,-27.9958038663587,239.5788195963607,40.0
random-s0-0157,prm,event,0.0,20.0,0.0,1,0,0,0,0,23.300528199802272,23.300528199802272,238.90075706103815,0.0
random-s0-0157,prm,event,0.0,100.0,0.0,1,0,1,0,1,-27.9958038663587,-27.9958038663587,239.5788195963607,40.0
random-s0-0157,prm,event,50.0,20.0,0.0,1,0,0,0,0,239.1330251215812,343.96877149203874,239.1330251215812,0.0
random-s0-0157,prm,event,50.0,100.0,0.0,1,0,0,0,0,70.8558228360186,70.8558228360186,71.46649741353022,0.0
random-s0-0157,prm,event,150.0,20.0,0.0,1,0,0,0,0,8.879911568296961,8.879911568296961,71.46649741353028,0.0
random-s0-0157,prm,event,150.0,100.0,0.0,1,0,1,0,1,-27.9958038663587,-27.9958038663587,239.5788195963607,40.0
random-s0-0157,visibility,once,0.0,20.0,0.0,1,0,1,0,1,-27.9958038663587,-27.9958038663587,184.156580269848,40.0
random-s0-0157,visibility,cycle,0.0,20.0,0.0,1,0,0,0,0,15.510491558939265,15.510491558939265,238.5272906222462,0.0
random-s0-0157,visibility,cycle,0.0,100.0,0.0,1,0,1,0,1,-27.9958038663587,-27.9958038663587,239.5788195963607,40.0
random-s0-0157,visibility,cycle,50.0,20.0,0.0,1,0,0,0,0,130.66090317952228,130.66090317952228,153.71517636316258,0.0
random-s0-0157,visibility,cycle,50.0,100.0,0.0,1,0,1,0,1,-31.478960963363026,-31.478960963363026,217.66041010817597,40.0
random-s0-0157,visibility,cycle,150.0,20.0,0.0,1,0,0,0,0,144.26073021287306,244.8437009265264,144.26073021287306,0.0
random-s0-0157,visibility,cycle,150.0,100.0,0.0,1,0,1,0,1,-27.9958038663587,-27.9958038663587,239.5788195963607,40.0
random-s0-0157,visibility,event,0.0,20.0,0.0,1,0,0,0,0,15.510491558939265,15.510491558939265,238.5578413249794,0.0
random-s0-0157,visibility,event,0.0,100.0,0.0,1,0,1,0,1,-27.9958038663587,-27.9958038663587,239.5788195963607,40.0
random-s0-0157,visibility,event,50.0,20.0,0.0,1,0,0,0,0,148.8181572711814,148.8181572711814,163.5359037422553,0.0
random-s0-0157,visibility,event,50.0,100.0,0.0,1,0,1,0,1,-31.478960963363026,-31.478960963363026,217.66041010817597,40.0
random-s0-0157,visibility,event,150.0,20.0,0.0,1,0,0,0,0,45.93322611838968,45.93322611838968,71.46649741353028,0.0
random-s0-0157,visibility,event,150.0,100.0,0.0,1,0,1,0,1,-27.9958038663587,-27.9958038663587,239.5788195963607,40.0
random-s0-0158,voronoi,once,0.0,20.0,0.0,1,0,2,1,1,-99.35392814136613,-99.35392814136613,-44.2607682512004,380.00000000000006
random-s0-0158,voronoi,cycle,0.0,20.0,0.0,1,0,0,0,0,18.48869972515817,696.4473357214306,18.48869972515817,0.0
random-s0-0158,voronoi,cycle,0.0,100.0,0.0,1,0,0,0,0,81.67824023380899,665.4938884421284,81.67824023380899,0.0
random-s0-0158,voronoi,cycle,50.0,20.0,0.0,1,0,0,0,0,19.025965734437023,716.8979615115624,19.025965734437023,0.0
random-s0-0158,voronoi,cycle,50.0,100.0,0.0,1,0,0,0,0,50.315074621793855,612.7586645965646,50.315074621793855,0.0
random-s0-0158,voronoi,cycle,150.0,20.0,0.0,1,0,0,0,0,57.90993460158916,319.66538924350226,57.90993460158916,0.0
random-s0-0158,voronoi,cycle,150.0,100.0,0.0,1,0,0,0,0,68.45278999934061,703.713024843023,68.45278999934061,0.0
random-s0-0158,voronoi,event,0.0,20.0,0.0,1,0,0,0,0,18.611729967434485,752.0787015045499,18.611729967434485,0.0
random-s0-0158,voronoi,event,0.0,100.0,0.0,1,0,0,0,0,81.67824023380899,677.1173492645314,81.67824023380899,0.0
random-s0-0158,voronoi,event,50.0,20.0,0.0,1,0,0,0,0,37.190815551459366,698.9693599177108,37.190815551459366,0.0
random-s0-0158,voronoi,event,50.0,100.0,0.0,1,0,0,0,0,50.315074621793855,617.2509290145356,50.315074621793855,0.0
random-s0-0158,voronoi,event,150.0,20.0,0.0,1,0,0,0,0,53.51287914281849,360.142747306876,53.51287914281849,0.0
random-s0-0158,voronoi,event,150.0,100.0,0.0,1,0,0,0,0,132.21131471453754,692.0267710972804,132.21131471453754,0.0
random-s0-0158,prm,once,0.0,20.0,0.0,1,0,2,1,1,-45.593522248079296,-45.593522248079296,-44.2607682512004,279.99999999999994
random-s0-0158,prm,cycle,0.0,20.0,0.0,1,0,0,0,0,6.873338322552598,745.6945204292396,6.873338322552598,0.0
random-s0-0158,prm,cycle,0.0,100.0,0.0,1,0,0,0,0,46.04642678608357,755.7971331419888,46.04642678608357,0.0
random-s0-0158,prm,cycle,50.0,20.0,0.0,1,0,0,0,0,35.22282525495774,750.7255351779501,35.22282525495774,0.0
random-s0-0158,prm,cycle,50.0,100.0,0.0,1,0,0,0,0,46.04642678608357,781.9133025973383,46.04642678608357,0.0
random-s0-0158,prm,cycle,150.0,20.0,0.0,1,0,0,0,0,46.04642678608357,651.0085333550356,46.04642678608357,0.0
random-s0-0158,prm,cycle,150.0,100.0,0.0,1,0,0,0,0,46.04642678608357,659.1048025270552,46.04642678608357,0.0
random-s0-0158,prm,event,0.0,20.0,0.0,1,0,0,0,0,6.873338322552598,747.3273265991951,6.873338322552598,0.0
random-s0-0158,prm,event,0.0,100.0,0.0,1,0,0,0,0,46.04642678608357,755.7971331419888,46.04642678608357,0.0
random-s0-0158,prm,event,50.0,20.0,0.0,1,0,0,0,0,23.929295998893537,132.9207389150415,23.929295998893537,0.0
random-s0-0158,prm,event,50.0,100.0,0.0,1,0,0,0,0,46.04642678608357,808.4334269464725,46.04642678608357,0.0
random-s0-0158,prm,event,150.0,20.0,0.0,1,0,0,0,0,7.097202998726914,99.24818279384084,7.097202998726914,0.0
random-s0-0158,prm,event,150.0,100.0,0.0,1,0,0,0,0,46.04642678608357,96.67113435383942,46.04642678608357,0.0
random-s0-0158,visibility,once,0.0,20.0,0.0,1,0,1,1,0,-44.2607682512004,92.5855089039598,-44.2607682512004,180.0
random-s0-0158,visibility,cycle,0.0,20.0,0.0,1,0,1,1,0,-27.120071909329425,674.2921580564883,-27.120071909329425,120.0
random-s0-0158,visibility,cycle,0.0,100.0,0.0,1,0,1,1,0,-29.55301522124222,679.5740997718212,-29.55301522124222,160.0
random-s0-0158,visibility,cycle,50.0,20.0,0.0,1,0,1,1,0,-12.218448844762122,677.2051605005497,-12.218448844762122,100.0
random-s0-0158,visibility,cycle,50.0,100.0,0.0,1,0,1,1,0,-8.767747340372352,679.397361782825,-8.767747340372352,60.0
random-s0-0158,visibility,cycle,150.0,20.0,0.0,1,0,0,0,0,23.326961071674248,659.7411611495489,23.326961071674248,0.0
random-s0-0158,visibility,cycle,150.0,100.0,0.0,1,0,0,0,0,22.636805960467683,683.3922878843327,22.636805960467683,0.0
random-s0-0158,visibility,event,0.0,20.0,0.0,1,0,1,1,0,-31.39525183359396,674.0943541973502,-31.39525183359396,140.0
random-s0-0158,visibility,event,0.0,100.0,0.0,1,0,1,1,0,-33.16340323730137,679.5740997718212,-33.16340323730137,160.0
random-s0-0158,visibility,event,50.0,20.0,0.0,1,0,1,1,0,-17.964994737051995,674.7473217625954,-17.964994737051995,120.0
random-s0-0158,visibility,event,50.0,100.0,0.0,1,0,1,1,0,-12.785218028407144,676.3072022601718,-12.785218028407144,100.0
random-s0-0158,visibility,event,150.0,20.0,0.0,1,0,0,0,0,3.3580759889385376,648.5296048930178,3.3580759889385376,0.0
random-s0-0158,visibility,event,150.0,100.0,0.0,1,0,0,0,0,18.90636256883852,603.9936625198025,18.90636256883852,0.0
random-s0-0159,voronoi,once,0.0,20.0,0.0,1,0,0,0,0,153.32366317347982,168.91271984147392,153.32366317347982,0.0
random-s0-0159,voronoi,cycle,0.0,20.0,0.0,1,0,0,0,0,20.668474436564907,137.0439247884047,20.668474436564907,0.0
random-s0-0159,voronoi,cycle,0.0,100.0,0.0,1,0,0,0,0,142.13162359017878,168.91271984147392,142.13162359017878,0.0
random-s0-0159,voronoi,cycle,50.0,20.0,0.0,1,0,0,0,0,18.74027883464194,209.0492278614479,18.74027883464194,0.0
random-s0-0159,voronoi,cycle,50.0,100.0,0.0,1,0,0,0,0,63.308304804236826,168.88389453582607,63.308304804236826,0.0
random-s0-0159,voronoi,cycle,150.0,20.0,0.0,1,0,0,0,0,70.33271677042887,175.9065530263755,70.33271677042887,0.0
random-s0-0159,voronoi,cycle,150.0,100.0,0.0,1,0,0,0,0,128.72464192747225,168.83430268926543,128.72464192747225,0.0
random-s0-0159,voronoi,event,0.0,20.0,0.0,1,0,0,0,0,0.3630696624516076,168.91271984147392,0.3630696624516076,0.0
random-s0-0159,voronoi,event,0.0,100.0,0.0,1,0,0,0,0,51.20229941116526,168.91271984147392,51.20229941116526,0.0
random-s0-0159,voronoi,event,50.0,20.0,0.0,1,0,0,0,0,30.91082285055361,198.46444876146688,30.91082285055361,0.0
random-s0-0159,voronoi,event,50.0,100.0,0.0,1,0,0,0,0,59.37448651167341,168.88389453582607,59.37448651167341,0.0
random-s0-0159,voronoi,event,150.0,20.0,0.0,1,0,0,0,0,51.3803072914603,188.74619948478045,51.3803072914603,0.0
random-s0-0159,voronoi,event,150.0,100.0,0.0,1,0,0,0,0,67.65064381901448,168.83430268926543,67.65064381901448,0.0
random-s0-0159,prm,once,0.0,20.0,0.0,1,0,0,0,0,83.15615876498458,83.15615876498458,153.32366317347982,0.0
random-s0-0159,prm,cycle,0.0,20.0,0.0,1,0,0,0,0,120.69601575600136,120.69601575600136,138.96939066729857,0.0
random-s0-0159,prm,cycle,0.0,100.0,0.0,1,0,0,0,0,120.69601575600116,120.69601575600116,153.32366317347982,0.0
random-s0-0159,prm,cycle,50.0,20.0,0.0,1,0,0,0,0,33.9497637371891,152.5406332355303,33.9497637371891,0.0
random-s0-0159,prm,cycle,50.0,100.0,0.0,1,0,0,0,0,63.95315763748701,120.69601575600116,63.95315763748701,0.0
random-s0-0159,prm,cycle,150.0,20.0,0.0,1,0,0,0,0,52.697326849274674,152.5406332355303,52.697326849274674,0.0
random-s0-0159,prm,cycle,150.0,100.0,0.0,1,0,0,0,0,56.14129453889237,120.69601575600116,56.14129453889237,0.0
random-s0-0159,prm,event,0.0,20.0,0.0,1,0,0,0,0,120.69601575600136,120.69601575600136,153.32366317347982,0.0
random-s0-0159,prm,event,0.0,100.0,0.0,1,0,0,0,0,91.05350938165702,91.05350938165702,153.32366317347982,0.0
random-s0-0159,prm,event,50.0,20.0,0.0,1,0,0,0,0,37.64889788658243,60.578184141229855,37.64889788658243,0.0
random-s0-0159,prm,event,50.0,100.0,0.0,1,0,0,0,0,32.68530279856611,72.78003280831254,32.68530279856611,0.0
random-s0-0159,prm,event,150.0,20.0,0.0,1,0,0,0,0,152.5406332355303,152.5406332355303,153.32366317347982,0.0
random-s0-0159,prm,event,150.0,100.0,0.0,1,0,0,0,0,54.58120385795283,120.69601575600116,54.58120385795283,0.0
random-s0-0159,visibility,once,0.0,20.0,0.0,1,0,1,1,0,-5.28443062393751,180.25643279060023,-5.28443062393751,20.0
random-s0-0159,visibility,cycle,0.0,20.0,0.0,1,0,0,0,0,0.4047782486415201,180.2663722937808,0.4047782486415201,0.0
random-s0-0159,visibility,cycle,0.0,100.0,0.0,1,0,0,0,0,2.3770443829347414,180.25643279060023,2.3770443829347414,0.0
random-s0-0159,visibility,cycle,50.0,20.0,0.0,1,0,0,0,0,18.64363572465456,178.910664834331,18.64363572465456,0.0
random-s0-0159,visibility,cycle,50.0,100.0,0.0,1,0,0,0,0,17.242953678197978,178.910664834331,17.242953678197978,0.0
random-s0-0159,visibility,cycle,150.0,20.0,0.0,1,0,0,0,0,50.3552104574346,176.2291098180383,50.3552104574346,0.0
random-s0-0159,visibility,cycle,150.0,100.0,0.0,1,0,0,0,0,51.19551813196708,176.2291098180383,51.19551813196708,0.0
random-s0-0159,visibility,event,0.0,20.0,0.0,1,0,1,1,0,-0.4713866771406856,180.25643279060023,-0.4713866771406856,20.0
random-s0-0159,visibility,event,0.0,100.0,0.0,1,0,1,1,0,-2.2212458171401863,180.25643279060023,-2.2212458171401863,20.0
random-s0-0159,visibility,event,50.0,20.0,0.0,1,0,0,0,0,17.719290550668262,178.910664834331,17.719290550668262,0.0
random-s0-0159,visibility,event,50.0,100.0,0.0,1,0,0,0,0,19.69406748551839,178.910664834331,19.69406748551839,0.0
random-s0-0159,visibility,event,150.0,20.0,0.0,1,0,0,0,0,50.59771666182115,176.2291098180383,50.59771666182115,0.0
random-s0-0159,visibility,event,150.0,100.0,0.0,1,0,0,0,0,63.030244434168736,176.2291098180383,63.030244434168736,0.0
random-s0-0160,voronoi,once,0.0,20.0,0.0,1,0,6,4,2,-99.7657895609772,-99.7657895609772,-84.30966771019598,720.0000000000003
random-s0-0160,voronoi,cycle,0.0,20.0,0.0,1,0,0,0,0,45.00306618152087,45.00306618152087,103.6361510356748,0.0
random-s0-0160,voronoi,cycle,0.0,100.0,0.0,1,0,1,0,1,-0.4112466032967461,-0.4112466032967461,122.3620012528205,20.0
random-s0-0160,voronoi,cycle,50.0,20.0,0.0,1,0,0,0,0,76.09018458140582,151.86870558193618,76.09018458140582,0.0
random-s0-0160,voronoi,cycle,50.0,100.0,0.0,1,0,1,1,0,-18.252056320080555,80.75932505790547,-18.252056320080555,240.0
random-s0-0160,voronoi,cycle,150.0,20.0,0.0,1,0,1,1,0,-42.702001036458284,102.37063069613674,-42.702001036458284,340.0
random-s0-0160,voronoi,cycle,150.0,100.0,0.0,1,0,1,1,0,-87.15214421752269,139.30014975085737,-87.15214421752269,480.00000000000017
random-s0-0160,voronoi,event,0.0,20.0,0.0,1,0,0,0,0,17.657628803080854,17.657628803080854,142.0095004768957,0.0
random-s0-0160,voronoi,event,0.0,100.0,0.0,1,0,1,0,1,-42.63659462098468,-42.63659462098468,8.336760685759145,60.0
random-s0-0160,voronoi,event,50.0,20.0,0.0,1,0,1,1,0,-17.771274996874098,43.76579475004212,-17.771274996874098,220.0
random-s0-0160,voronoi,event,50.0,100.0,0.0,1,0,1,1,0,-18.65090976161187,54.11170930689639,-18.65090976161187,240.0
random-s0-0160,voronoi,event,150.0,20.0,0.0,1,0,2,2,0,-71.00405700819628,181.9728442853139,-71.00405700819628,279.99999999999994
random-s0-0160,voronoi,event,150.0,100.0,0.0,1,0,2,2,0,-31.50605395260524,174.0173863758123,-31.50605395260524,520.0000000000001
random-s0-0160,prm,once,0.0,20.0,0.0,1,0,1,1,0,-1.174572174646471,181.9728442853139,-1.174572174646471,20.0
random-s0-0160,prm,cycle,0.0,20.0,0.0,1,0,1,0,1,-110.68368616688416,-110.68368616688416,45.19121425255887,79.99999999999997
random-s0-0160,prm,cycle,0.0,100.0,0.0,1,0,2,0,2,-104.77909562396049,-104.77909562396049,110.90179775902276,159.99999999999983
random-s0-0160,prm,cycle,50.0,20.0,0.0,1,0,1,1,0,-17.405770273693832,6.172687791080762,-17.405770273693832,220.0
random-s0-0160,prm,cycle,50.0,100.0,0.0,1,0,0,0,0,69.66929257175175,70.39877457720337,69.66929257175175,0.0
random-s0-0160,prm,cycle,150.0,20.0,0.0,1,0,3,2,1,-23.804716255627284,-23.804716255627284,-20.99438530724097,359.9999999999996
random-s0-0160,prm,cycle,150.0,100.0,0.0,1,0,1,1,0,-16.414355857513726,181.9728442853139,-16.414355857513726,220.0
random-s0-0160,prm,event,0.0,20.0,0.0,1,0,1,0,1,-22.255574087759754,-22.255574087759754,3.980111754522511,60.0
random-s0-0160,prm,event,0.0,100.0,0.0,1,0,1,0,1,-6.163846683190059,-6.163846683190059,110.90179775902276,19.999999999999908
random-s0-0160,prm,event,50.0,20.0,0.0,1,0,1,1,0,-16.990355434809715,181.9728442853139,-16.990355434809715,220.0
random-s0-0160,prm,event,50.0,100.0,0.0,1,0,1,1,0,-16.414355857513726,52.391400984956846,-16.414355857513726,220.0
random-s0-0160,prm,event,150.0,20.0,0.0,1,0,1,1,0,-18.13057214894124,181.9728442853139,-18.13057214894124,240.0
random-s0-0160,prm,event,150.0,100.0,0.0,1,0,2,2,0,-16.414355857513726,181.9728442853139,-16.414355857513726,320.0
random-s0-0160,visibility,once,0.0,20.0,0.0,1,0,3,2,1,-173.45213526585172,-106.9545194675516,-173.45213526585172,180.0
random-s0-0160,visibility,cycle,0.0,20.0,0.0,1,0,1,1,0,-16.41435585751384,44.99908977516009,-16.41435585751384,220.0
random-s0-0160,visibility,cycle,0.0,100.0,0.0,1,0,2,1,1,-153.13146983733176,-153.13146983733176,-16.414355857513726,359.9999999999999
random-s0-0160,visibility,cycle,50.0,20.0,0.0,1,0,2,2,0,-143.20075872938688,119.52268332356924,-143.20075872938688,1480.000000000001
random-s0-0160,visibility,cycle,50.0,100.0,0.0,1,0,2,2,0,-178.27496563477322,154.90342394899272,-178.27496563477322,1440.000000000001
random-s0-0160,visibility,cycle,150.0,20.0,0.0,1,0,2,1,1,-15.884703612516889,-11.433030101514618,-15.884703612516889,100.0
random-s0-0160,visibility,cycle,150.0,100.0,0.0,1,0,0,0,0,41.84747214968769,181.9728442853139,41.84747214968769,0.0
random-s0-0160,visibility,event,0.0,20.0,0.0,1,0,1,1,0,-14.242465301235796,109.0864812335625,-14.242465301235796,60.0
random-s0-0160,visibility,event,0.0,100.0,0.0,1,0,1,1,0,-3.325610743203498,74.38308761913817,-3.325610743203498,0.0
random-s0-0160,visibility,event,50.0,20.0,0.0,1,0,1,1,0,-14.075576069695272,161.37730300701622,-14.075576069695272,60.0
random-s0-0160,visibility,event,50.0,100.0,0.0,1,0,1,1,0,-16.414355857513726,121.1750930394677,-16.414355857513726,200.0
random-s0-0160,visibility,event,150.0,20.0,0.0,1,0,0,0,0,33.24342945245647,181.9728442853139,33.24342945245647,0.0
random-s0-0160,visibility,event,150.0,100.0,0.0,1,0,2,1,1,-56.71272618300057,-16.829805502228538,-56.71272618300057,80.0
random-s0-0161,voronoi,once,0.0,20.0,0.0,1,0,2,1,1,-116.67420382171323,-57.97831130773336,-116.67420382171323,259.99999999999994
random-s0-0161,voronoi,cycle,0.0,20.0,0.0,1,0,1,1,0,-115.08397386698044,2.5620322874576686,-115.08397386698044,400.00000000000006
random-s0-0161,voronoi,cycle,0.0,100.0,0.0,1,0,0,0,0,5.687125742022573,84.79949780471748,5.687125742022573,0.0
random-s0-0161,voronoi,cycle,50.0,20.0,0.0,1,0,0,0,0,5.687125742022715,173.4057407892269,5.687125742022715,0.0
random-s0-0161,voronoi,cycle,50.0,100.0,0.0,1,0,0,0,0,5.687125742022573,353.8723313782912,5.687125742022573,0.0
random-s0-0161,voronoi,cycle,150.0,20.0,0.0,1,0,2,2,0,-21.81913001057893,279.2104398927011,-21.81913001057893,359.99999999999613
random-s0-0161,voronoi,cycle,150.0,100.0,0.0,1,0,0,0,0,3.610103226017373,68.50360151199428,3.610103226017373,0.0
random-s0-0161,voronoi,event,0.0,20.0,0.0,1,0,3,3,0,-3.407079894076133,38.17192712879108,-3.407079894076133,60.0
random-s0-0161,voronoi,event,0.0,100.0,0.0,1,0,0,0,0,6.599879926433005,136.29529297954798,6.599879926433005,0.0
random-s0-0161,voronoi,event,50.0,20.0,0.0,1,0,0,0,0,15.3465266325384,136.70324167345547,15.3465266325384,0.0
random-s0-0161,voronoi,event,50.0,100.0,0.0,1,0,0,0,0,11.136646093811803,249.03806170223027,11.136646093811803,0.0
random-s0-0161,voronoi,event,150.0,20.0,0.0,1,0,0,0,0,68.24470575024381,102.74894799438864,68.24470575024381,0.0
random-s0-0161,voronoi,event,150.0,100.0,0.0,1,0,0,0,0,6.495777128445354,43.82156350737978,6.495777128445354,0.0
random-s0-0161,prm,once,0.0,20.0,0.0,1,0,2,1,1,-57.97831130773336,-57.97831130773336,-19.02530939879125,200.0
random-s0-0161,prm,cycle,0.0,20.0,0.0,1,0,1,0,1,-40.93892056105901,-40.93892056105901,13.453106788317882,80.0
random-s0-0161,prm,cycle,0.0,100.0,0.0,1,0,1,0,1,-71.00313411614802,-71.00313411614802,10.153734215761515,199.9999999999999
random-s0-0161,prm,cycle,50.0,20.0,0.0,1,0,0,0,0,5.687125742022715,103.81426276977663,5.687125742022715,0.0
random-s0-0161,prm,cycle,50.0,100.0,0.0,1,0,0,0,0,5.687125742022573,161.68407646534632,5.687125742022573,0.0
random-s0-0161,prm,cycle,150.0,20.0,0.0,1,0,1,1,0,-5.365386273250067,200.03783653875456,-5.365386273250067,100.0
random-s0-0161,prm,cycle,150.0,100.0,0.0,1,0,0,0,0,13.545295636165292,128.9637225648462,13.545295636165292,0.0
random-s0-0161,prm,event,0.0,20.0,0.0,1,0,0,0,0,22.246081810174445,30.72988047431963,22.246081810174445,0.0
random-s0-0161,prm,event,0.0,100.0,0.0,1,0,1,0,1,-71.00313411614802,-71.00313411614802,33.52885571852235,199.9999999999999
random-s0-0161,prm,event,50.0,20.0,0.0,1,0,0,0,0,5.687125742022715,51.59170031761562,5.687125742022715,0.0
random-s0-0161,prm,event,50.0,100.0,0.0,1,0,0,0,0,5.687125742022573,224.12728685171243,5.687125742022573,0.0
random-s0-0161,prm,event,150.0,20.0,0.0,1,0,0,0,0,3.106383407171478,119.07015760619316,3.106383407171478,0.0
random-s0-0161,prm,event,150.0,100.0,0.0,1,0,0,0,0,5.687125742022573,54.34493349475764,5.687125742022573,0.0
random-s0-0161,visibility,once,0.0,20.0,0.0,1,0,3,2,1,-117.58277183601368,-57.97831130773336,-117.58277183601368,480.00000000000017
random-s0-0161,visibility,cycle,0.0,20.0,0.0,1,0,0,0,0,4.921935818208084,80.48176959576699,4.921935818208084,0.0
random-s0-0161,visibility,cycle,0.0,100.0,0.0,1,0,0,0,0,5.515677695229812,100.56010278958826,5.515677695229812,0.0
random-s0-0161,visibility,cycle,50.0,20.0,0.0,1,0,1,0,1,-0.6928883998896822,-0.6928883998896822,5.687125742022715,20.0
random-s0-0161,visibility,cycle,50.0,100.0,0.0,1,0,2,2,0,-7.322380530701622,132.73270143361202,-7.322380530701622,220.0
random-s0-0161,visibility,cycle,150.0,20.0,0.0,1,0,0,0,0,5.687125742022715,89.04096120948253,5.687125742022715,0.0
random-s0-0161,visibility,cycle,150.0,100.0,0.0,1,0,0,0,0,5.687125742022573,203.1708029425237,5.687125742022573,0.0
random-s0-0161,visibility,event,0.0,20.0,0.0,1,0,0,0,0,6.329765276129365,88.92807522064152,6.329765276129365,0.0
random-s0-0161,visibility,event,0.0,100.0,0.0,1,0,0,0,0,7.933618640689218,100.56010278958826,7.933618640689218,0.0
random-s0-0161,visibility,event,50.0,20.0,0.0,1,0,0,0,0,5.687125742022715,33.773317457615235,5.687125742022715,0.0
random-s0-0161,visibility,event,50.0,100.0,0.0,1,0,0,0,0,8.135839939034156,152.27705745432394,8.135839939034156,0.0
random-s0-0161,visibility,event,150.0,20.0,0.0,1,0,2,1,1,-96.64363605184457,-96.64363605184457,-68.28442536427528,680.0000000000002
random-s0-0161,visibility,event,150.0,100.0,0.0,1,0,1,1,0,-98.53392582067237,318.71511071866337,-98.53392582067237,320.0
random-s0-0162,voronoi,once,0.0,20.0,0.0,1,0,1,0,1,-53.87113879973394,-53.87113879973394,80.61003472286518,80.0
random-s0-0162,voronoi,cycle,0.0,20.0,0.0,1,0,3,1,2,-7.58627855262921,-7.58627855262921,-1.4258171126783168,100.0
random-s0-0162,voronoi,cycle,0.0,100.0,0.0,1,0,1,0,1,-158.1038543583055,-158.1038543583055,0.667964177671081,60.0
random-s0-0162,voronoi,cycle,50.0,20.0,0.0,1,0,0,0,0,16.59367971776362,16.59367971776362,63.288090551158575,0.0
random-s0-0162,voronoi,cycle,50.0,100.0,0.0,1,0,0,0,0,9.160356640764263,9.160356640764263,79.4055291202514,0.0
random-s0-0162,voronoi,cycle,150.0,20.0,0.0,1,0,0,0,0,96.85740633459858,96.85740633459858,114.72663261888572,0.0
random-s0-0162,voronoi,cycle,150.0,100.0,0.0,1,0,0,0,0,39.62251947590974,39.62251947590974,347.2021652739832,0.0
random-s0-0162,voronoi,event,0.0,20.0,0.0,1,0,1,1,0,-1.4258171126783168,31.645007844082212,-1.4258171126783168,60.0
random-s0-0162,voronoi,event,0.0,100.0,0.0,1,0,0,0,0,0.667964177671081,2.8458381036720937,0.667964177671081,0.0
random-s0-0162,voronoi,event,50.0,20.0,0.0,1,0,0,0,0,19.59245465071328,19.59245465071328,24.16506799119128,0.0
random-s0-0162,voronoi,event,50.0,100.0,0.0,1,0,0,0,0,22.83478383485459,22.83478383485459,79.4055291202514,0.0
random-s0-0162,voronoi,event,150.0,20.0,0.0,1,0,0,0,0,72.07207360204063,222.72607089694696,72.07207360204063,0.0
random-s0-0162,voronoi,event,150.0,100.0,0.0,1,0,0,0,0,39.62251947590974,39.62251947590974,121.62396122968148,0.0
random-s0-0162,prm,once,0.0,20.0,0.0,1,0,4,2,2,-78.98443325585791,-60.74738599273845,-78.98443325585791,240.0
random-s0-0162,prm,cycle,0.0,20.0,0.0,1,0,2,1,1,-129.52354464536015,-129.52354464536015,-7.496524859642079,200.0
random-s0-0162,prm,cycle,0.0,100.0,0.0,1,0,2,1,1,-129.5296392798237,-129.5296392798237,-80.28440510586206,259.99999999999994
random-s0-0162,prm,cycle,50.0,20.0,0.0,1,0,0,0,0,0.488991594467393,0.488991594467393,26.056720418763263,0.0
random-s0-0162,prm,cycle,50.0,100.0,0.0,1,0,2,1,1,-60.74738599273845,-60.74738599273845,-22.67375039154311,80.0
random-s0-0162,prm,cycle,150.0,20.0,0.0,1,0,0,0,0,42.19648636086646,42.19648636086646,96.21483754244169,0.0
random-s0-0162,prm,cycle,150.0,100.0,0.0,1,0,1,0,1,-60.74738599273845,-60.74738599273845,136.79115162876764,40.0
random-s0-0162,prm,event,0.0,20.0,0.0,1,0,1,0,1,-129.43136997648602,-129.43136997648602,52.93323425312988,160.0
random-s0-0162,prm,event,0.0,100.0,0.0,1,0,2,0,2,-129.43136997648472,-129.43136997648472,15.350841472138312,199.99999999999997
random-s0-0162,prm,event,50.0,20.0,0.0,1,0,0,0,0,0.3349519051928951,0.3349519051928951,31.969494959135943,0.0
random-s0-0162,prm,event,50.0,100.0,0.0,1,0,2,1,1,-60.74738599273845,-60.74738599273845,-22.21513937353808,100.0
random-s0-0162,prm,event,150.0,20.0,0.0,1,0,1,1,0,-61.70980819437804,147.11298917520912,-61.70980819437804,40.0
random-s0-0162,prm,event,150.0,100.0,0.0,1,0,1,0,1,-60.74738599273845,-60.74738599273845,187.9451918185909,40.0
random-s0-0162,visibility,once,0.0,20.0,0.0,1,0,4,1,3,-112.1641200646216,-112.1641200646216,-79.77292363501851,780.0000000000003
random-s0-0162,visibility,cycle,0.0,20.0,0.0,1,0,0,0,0,85.9387449746933,85.9387449746933,93.45480134693668,0.0
random-s0-0162,visibility,cycle,0.0,100.0,0.0,1,0,2,0,2,-161.4690922453955,-161.4690922453955,136.83705926152925,199.99999999999991
random-s0-0162,visibility,cycle,50.0,20.0,0.0,1,0,0,0,0,74.78080026882992,74.78080026882992,99.83062171180086,0.0
random-s0-0162,visibility,cycle,50.0,100.0,0.0,1,0,1,0,1,-121.3257180992552,-121.3257180992552,104.509252534074,59.99999999999997
random-s0-0162,visibility,cycle,150.0,20.0,0.0,1,0,1,0,1,-14.043109011124898,-14.043109011124898,174.52891852202993,60.0
random-s0-0162,visibility,cycle,150.0,100.0,0.0,1,0,0,0,0,114.4075553777132,166.4669485307624,114.4075553777132,0.0
random-s0-0162,visibility,event,0.0,20.0,0.0,1,0,0,0,0,40.20696711569809,40.20696711569809,89.35163420594608,0.0
random-s0-0162,visibility,event,0.0,100.0,0.0,1,0,3,1,2,-161.4690922453955,-161.4690922453955,-90.87418122990736,279.99999999999994
random-s0-0162,visibility,event,50.0,20.0,0.0,1,0,0,0,0,64.44860456817602,64.44860456817602,75.08349893217627,0.0
random-s0-0162,visibility,event,50.0,100.0,0.0,1,0,0,0,0,61.78310366713484,61.78310366713484,240.0224480104357,0.0
random-s0-0162,visibility,event,150.0,20.0,0.0,1,0,1,0,1,-14.269820526497398,-14.269820526497398,259.8899475425259,20.0
random-s0-0162,visibility,event,150.0,100.0,0.0,1,0,1,0,1,-3.876231569283164,-3.876231569283164,139.26969302403813,20.0
random-s0-0163,voronoi,once,0.0,20.0,0.0,1,0,3,2,1,-167.17173586301166,-167.17173586301166,-156.229784690334,460.0000000000001
random-s0-0163,voronoi,cycle,0.0,20.0,0.0,1,0,0,0,0,14.382878452295929,500.36863151577415,14.382878452295929,0.0
random-s0-0163,voronoi,cycle,0.0,100.0,0.0,1,0,1,1,0,-58.02853070559509,499.4760706079603,-58.02853070559509,400.00000000000006
random-s0-0163,voronoi,cycle,50.0,20.0,0.0,1,0,0,0,0,43.0675085062243,494.9467039142181,43.0675085062243,0.0
random-s0-0163,voronoi,cycle,50.0,100.0,0.0,1,0,0,0,0,27.363376800729384,512.2784533361447,27.363376800729384,0.0
random-s0-0163,voronoi,cycle,150.0,20.0,0.0,1,0,0,0,0,136.40297644226246,482.9468948227165,136.40297644226246,0.0
random-s0-0163,voronoi,cycle,150.0,100.0,0.0,1,0,0,0,0,116.2211134189384,495.1376047879765,116.2211134189384,0.0
random-s0-0163,voronoi,event,0.0,20.0,0.0,1,0,2,2,0,-4.2640848073595805,219.323170712165,-4.2640848073595805,160.0
random-s0-0163,voronoi,event,0.0,100.0,0.0,1,0,1,1,0,-5.572457129220254,219.3231707121651,-5.572457129220254,60.0
random-s0-0163,voronoi,event,50.0,20.0,0.0,1,0,0,0,0,38.017223184586186,265.1595673690034,38.017223184586186,0.0
random-s0-0163,voronoi,event,50.0,100.0,0.0,1,0,2,2,0,-71.33116077376741,133.02565496249895,-71.33116077376741,780.0000000000003
random-s0-0163,voronoi,event,150.0,20.0,0.0,1,0,0,0,0,136.92755310178035,212.60114225921592,136.92755310178035,0.0
random-s0-0163,voronoi,event,150.0,100.0,0.0,1,0,0,0,0,44.01485965810548,492.67410507553006,44.01485965810548,0.0
random-s0-0163,prm,once,0.0,20.0,0.0,1,0,2,1,1,-120.67789343437944,-120.67789343437944,-77.8180409288865,400.00000000000006
random-s0-0163,prm,cycle,0.0,20.0,0.0,1,0,0,0,0,25.691605157449885,266.45844009516105,25.691605157449885,0.0
random-s0-0163,prm,cycle,0.0,100.0,0.0,1,0,0,0,0,25.6916051574498,70.56545225619755,25.6916051574498,0.0
random-s0-0163,prm,cycle,50.0,20.0,0.0,1,0,0,0,0,25.691605157449885,227.80991590385173,25.691605157449885,0.0
random-s0-0163,prm,cycle,50.0,100.0,0.0,1,0,0,0,0,25.6916051574498,93.90402893485674,25.6916051574498,0.0
random-s0-0163,prm,cycle,150.0,20.0,0.0,1,0,0,0,0,47.96270040331876,316.7306437855356,47.96270040331876,0.0
random-s0-0163,prm,cycle,150.0,100.0,0.0,1,0,0,0,0,101.3308159289407,305.02295102753857,101.3308159289407,0.0
random-s0-0163,prm,event,0.0,20.0,0.0,1,0,0,0,0,25.691605157449885,140.8058322546271,25.691605157449885,0.0
random-s0-0163,prm,event,0.0,100.0,0.0,1,0,0,0,0,25.6916051574498,70.56545225619755,25.6916051574498,0.0
random-s0-0163,prm,event,50.0,20.0,0.0,1,0,0,0,0,25.691605157449885,54.76309375174248,25.691605157449885,0.0
random-s0-0163,prm,event,50.0,100.0,0.0,1,0,0,0,0,25.6916051574498,62.42093498493401,25.6916051574498,0.0
random-s0-0163,prm,event,150.0,20.0,0.0,1,0,0,0,0,71.23344068530812,71.23344068530812,137.46482720259007,0.0
random-s0-0163,prm,event,150.0,100.0,0.0,1,0,0,0,0,137.2634518937126,239.5973292003324,137.2634518937126,0.0
random-s0-0163,visibility,once,0.0,20.0,0.0,1,0,1,1,0,-154.18737134085902,241.284636077583,-154.18737134085902,340.0
random-s0-0163,visibility,cycle,0.0,20.0,0.0,1,0,1,1,0,-145.39599592408723,316.61350176402374,-145.39599592408723,440.0000000000001
random-s0-0163,visibility,cycle,0.0,100.0,0.0,1,0,1,1,0,-147.1459152050288,314.09973562473243,-147.1459152050288,440.0000000000001
random-s0-0163,visibility,cycle,50.0,20.0,0.0,1,0,1,1,0,-147.8394011937771,302.93223244691984,-147.8394011937771,420.0000000000001
random-s0-0163,visibility,cycle,50.0,100.0,0.0,1,0,1,1,0,-153.0925954990766,300.87648466562945,-153.0925954990766,420.0000000000001
random-s0-0163,visibility,cycle,150.0,20.0,0.0,1,0,0,0,0,21.226032981988222,352.1830067532077,21.226032981988222,0.0
random-s0-0163,visibility,cycle,150.0,100.0,0.0,1,0,1,1,0,-127.38259437205066,351.7854814047181,-127.38259437205066,279.99999999999994
random-s0-0163,visibility,event,0.0,20.0,0.0,1,0,1,1,0,-173.64703007819526,299.42301646113464,-173.64703007819526,360.00000000000006
random-s0-0163,visibility,event,0.0,100.0,0.0,1,0,1,1,0,-169.80291147897503,295.28430406097914,-169.80291147897503,340.0
random-s0-0163,visibility,event,50.0,20.0,0.0,1,0,1,1,0,-164.0753921259894,273.7567226009026,-164.0753921259894,320.0
random-s0-0163,visibility,event,50.0,100.0,0.0,1,0,1,1,0,-170.3450840185772,264.90808050081176,-170.3450840185772,320.0
random-s0-0163,visibility,event,150.0,20.0,0.0,1,0,1,1,0,-141.14635184059625,368.40870229348286,-141.14635184059625,460.0000000000001
random-s0-0163,visibility,event,150.0,100.0,0.0,1,0,2,2,0,-132.6441077579288,366.699610405357,-132.6441077579288,580.0000000000002
random-s0-0164,voronoi,once,0.0,20.0,0.0,1,0,5,3,2,-112.00493910817995,-107.97297628543949,-112.00493910817995,620.0000000000002
random-s0-0164,voronoi,cycle,0.0,20.0,0.0,1,0,1,1,0,-7.112243812507501,369.9093856692913,-7.112243812507501,40.0
random-s0-0164,voronoi,cycle,0.0,100.0,0.0,1,0,1,1,0,-7.112243812507472,468.0790045814914,-7.112243812507472,40.0
random-s0-0164,voronoi,cycle,50.0,20.0,0.0,1,0,0,0,0,70.16108686226977,366.4306219168436,70.16108686226977,0.0
random-s0-0164,voronoi,cycle,50.0,100.0,0.0,1,0,0,0,0,96.28728793254464,354.04008769912423,96.28728793254464,0.0
random-s0-0164,voronoi,cycle,150.0,20.0,0.0,1,0,0,0,0,136.05336781712697,482.9029852821608,136.05336781712697,0.0
random-s0-0164,voronoi,cycle,150.0,100.0,0.0,1,0,0,0,0,148.578497347873,468.88524386112965,148.578497347873,0.0
random-s0-0164,voronoi,event,0.0,20.0,0.0,1,0,1,1,0,-7.112243812507501,249.3765037379432,-7.112243812507501,40.0
random-s0-0164,voronoi,event,0.0,100.0,0.0,1,0,1,1,0,-7.112243812507472,317.3456493662035,-7.112243812507472,40.0
random-s0-0164,voronoi,event,50.0,20.0,0.0,1,0,0,0,0,54.68123808969153,197.3512173621569,54.68123808969153,0.0
random-s0-0164,voronoi,event,50.0,100.0,0.0,1,0,0,0,0,83.01575603912289,347.7732954986401,83.01575603912289,0.0
random-s0-0164,voronoi,event,150.0,20.0,0.0,1,0,0,0,0,158.4598274404117,173.70089749181113,158.4598274404117,0.0
random-s0-0164,voronoi,event,150.0,100.0,0.0,1,0,0,0,0,37.17874324772399,293.0856625833271,37.17874324772399,0.0
random-s0-0164,prm,once,0.0,20.0,0.0,1,0,4,3,1,-131.2297634063224,-97.03985359282431,-131.2297634063224,240.0
random-s0-0164,prm,cycle,0.0,20.0,0.0,1,0,2,2,0,-7.112243812507501,130.07602619317146,-7.112243812507501,80.0
random-s0-0164,prm,cycle,0.0,100.0,0.0,1,0,1,1,0,-7.112243812507472,113.20145230976118,-7.112243812507472,40.0
random-s0-0164,prm,cycle,50.0,20.0,0.0,1,0,0,0,0,39.533216525935615,39.533216525935615,41.7515360819979,0.0
random-s0-0164,prm,cycle,50.0,100.0,0.0,1,0,0,0,0,105.54196677404956,279.2141308432768,105.54196677404956,0.0
random-s0-0164,prm,cycle,150.0,20.0,0.0,1,0,1,1,0,-136.69793658466855,328.36619988891874,-136.69793658466855,300.0
random-s0-0164,prm,cycle,150.0,100.0,0.0,1,0,0,0,0,56.77540966082236,328.17888873849506,56.77540966082236,0.0
random-s0-0164,prm,event,0.0,20.0,0.0,1,0,2,2,0,-7.112243812507501,49.93456576281247,-7.112243812507501,60.0
random-s0-0164,prm,event,0.0,100.0,0.0,1,0,2,2,0,-15.41659457447659,23.3483147004134,-15.41659457447659,60.0
random-s0-0164,prm,event,50.0,20.0,0.0,1,0,1,1,0,-33.160442375442784,400.4890645044617,-33.160442375442784,40.0
random-s0-0164,prm,event,50.0,100.0,0.0,1,0,0,0,0,71.49203762524823,98.9679426020582,71.49203762524823,0.0
random-s0-0164,prm,event,150.0,20.0,0.0,1,0,0,0,0,113.8326671760579,288.2537100045837,113.8326671760579,0.0
random-s0-0164,prm,event,150.0,100.0,0.0,1,0,1,1,0,-19.683463612227115,431.1727730233406,-19.683463612227115,40.0
random-s0-0164,visibility,once,0.0,20.0,0.0,1,0,2,1,1,-172.41820954131808,-172.41820954131808,-7.112243812507501,160.0
random-s0-0164,visibility,cycle,0.0,20.0,0.0,1,0,1,1,0,-7.112243812507501,34.814776470354985,-7.112243812507501,40.0
random-s0-0164,visibility,cycle,0.0,100.0,0.0,1,0,1,1,0,-7.112243812507472,58.06880694658582,-7.112243812507472,40.0
random-s0-0164,visibility,cycle,50.0,20.0,0.0,1,0,1,1,0,-57.30020615598795,132.18393416961572,-57.30020615598795,179.9999999999999
random-s0-0164,visibility,cycle,50.0,100.0,0.0,1,0,1,1,0,-45.56211963156272,145.57771391474216,-45.56211963156272,179.9999999999999
random-s0-0164,visibility,cycle,150.0,20.0,0.0,1,0,1,1,0,-6.464555388727263,250.771593181438,-6.464555388727263,60.0
random-s0-0164,visibility,cycle,150.0,100.0,0.0,1,0,1,1,0,-12.25273156930723,146.5949546928586,-12.25273156930723,80.0
random-s0-0164,visibility,event,0.0,20.0,0.0,1,0,1,1,0,-7.112243812507501,97.35941281431953,-7.112243812507501,40.0
random-s0-0164,visibility,event,0.0,100.0,0.0,1,0,1,1,0,-7.112243812507472,54.77290171324623,-7.112243812507472,40.0
random-s0-0164,visibility,event,50.0,20.0,0.0,1,0,1,1,0,-64.20380685663729,137.28742880692602,-64.20380685663729,199.9999999999999
random-s0-0164,visibility,event,50.0,100.0,0.0,1,0,1,1,0,-45.56211963156272,145.45760140776127,-45.56211963156272,179.9999999999999
random-s0-0164,visibility,event,150.0,20.0,0.0,1,0,1,1,0,-11.86517897415331,82.6850448714145,-11.86517897415331,80.0
random-s0-0164,visibility,event,150.0,100.0,0.0,1,0,1,1,0,-12.25273156930723,99.38287101686586,-12.25273156930723,80.0
random-s0-0165,voronoi,once,0.0,20.0,0.0,1,0,2,0,2,-174.90248738762492,-174.90248738762492,70.82714465360542,1800.0000000000011
random-s0-0165,voronoi,cycle,0.0,20.0,0.0,1,0,0,0,0,114.16283625830732,114.16283625830732,307.55045127622435,0.0
random-s0-0165,voronoi,cycle,0.0,100.0,0.0,1,0,0,0,0,95.1858739435637,95.1858739435637,302.3354736927057,0.0
random-s0-0165,voronoi,cycle,50.0,20.0,0.0,1,0,0,0,0,103.71450678619097,103.71450678619097,288.3658581147315,0.0
random-s0-0165,voronoi,cycle,50.0,100.0,0.0,1,0,0,0,0,91.45316999856976,91.45316999856976,304.5114050590562,0.0
random-s0-0165,voronoi,cycle,150.0,20.0,0.0,1,0,0,0,0,147.84418402660253,300.1301434447066,147.84418402660253,0.0
random-s0-0165,voronoi,cycle,150.0,100.0,0.0,1,0,0,0,0,168.02625200295512,274.750789130546,168.02625200295512,0.0
random-s0-0165,voronoi,event,0.0,20.0,0.0,1,0,0,0,0,154.7505755077396,154.7505755077396,303.7880549029787,0.0
random-s0-0165,voronoi,event,0.0,100.0,0.0,1,0,0,0,0,114.40664533571254,114.40664533571254,291.0616291136163,0.0
random-s0-0165,voronoi,event,50.0,20.0,0.0,1,0,0,0,0,160.66563179056624,160.66563179056624,299.35996231176614,0.0
random-s0-0165,voronoi,event,50.0,100.0,0.0,1,0,0,0,0,110.94741381785224,110.94741381785224,297.7842055194771,0.0
random-s0-0165,voronoi,event,150.0,20.0,0.0,1,0,0,0,0,150.4857868632282,330.0242210017472,150.4857868632282,0.0
random-s0-0165,voronoi,event,150.0,100.0,0.0,1,0,0,0,0,204.00840725982124,274.750789130546,204.00840725982124,0.0
random-s0-0165,prm,once,0.0,20.0,0.0,1,0,1,0,1,-141.03068878249854,-141.03068878249854,269.358463232378,780.0000000000003
random-s0-0165,prm,cycle,0.0,20.0,0.0,1,0,0,0,0,112.652759011081,112.652759011081,393.4449807944419,0.0
random-s0-0165,prm,cycle,0.0,100.0,0.0,1,0,0,0,0,68.77167626162125,68.77167626162125,394.5640843010085,0.0
random-s0-0165,prm,cycle,50.0,20.0,0.0,1,0,0,0,0,94.1913446610974,94.1913446610974,470.79126425481206,0.0
random-s0-0165,prm,cycle,50.0,100.0,0.0,1,0,0,0,0,140.2029544527394,140.2029544527394,474.81405721299495,0.0
random-s0-0165,prm,cycle,150.0,20.0,0.0,1,0,0,0,0,322.926246126339,322.926246126339,544.8508296227837,0.0
random-s0-0165,prm,cycle,150.0,100.0,0.0,1,0,1,0,1,-170.305293442072,-170.305293442072,560.1342648455293,259.99999999999994
random-s0-0165,prm,event,0.0,20.0,0.0,1,0,0,0,0,112.652759011081,112.652759011081,259.3034433309239,0.0
random-s0-0165,prm,event,0.0,100.0,0.0,1,0,0,0,0,68.77167626162125,68.77167626162125,231.58816131252215,0.0
random-s0-0165,prm,event,50.0,20.0,0.0,1,0,0,0,0,182.80575295299968,182.80575295299968,228.7871733231383,0.0
random-s0-0165,prm,event,50.0,100.0,0.0,1,0,0,0,0,140.2029544527394,140.2029544527394,266.6603326112294,0.0
random-s0-0165,prm,event,150.0,20.0,0.0,1,0,0,0,0,150.78728354743896,269.3297939492739,150.78728354743896,0.0
random-s0-0165,prm,event,150.0,100.0,0.0,1,0,1,0,1,-170.305293442072,-170.305293442072,560.1342648455293,259.99999999999994
random-s0-0165,visibility,once,0.0,20.0,0.0,1,0,0,0,0,18.345503083515094,18.345503083515094,328.70097056053595,0.0
random-s0-0165,visibility,cycle,0.0,20.0,0.0,1,0,0,0,0,50.03158229192374,50.03158229192374,302.0973588386813,0.0
random-s0-0165,visibility,cycle,0.0,100.0,0.0,1,0,0,0,0,57.59831946798664,57.59831946798664,315.14697598478074,0.0
random-s0-0165,visibility,cycle,50.0,20.0,0.0,1,0,0,0,0,280.6332702748158,280.6332702748158,329.3583535900753,0.0
random-s0-0165,visibility,cycle,50.0,100.0,0.0,1,0,0,0,0,12.821281387967986,12.821281387967986,323.3442311656645,0.0
random-s0-0165,visibility,cycle,150.0,20.0,0.0,1,0,0,0,0,5.058674082211809,5.058674082211809,251.216412560826,0.0
random-s0-0165,visibility,cycle,150.0,100.0,0.0,1,0,0,0,0,6.754296301365741,6.754296301365741,323.3442311656645,0.0
random-s0-0165,visibility,event,0.0,20.0,0.0,1,0,0,0,0,53.37680715795054,53.37680715795054,303.5194027492489,0.0
random-s0-0165,visibility,event,0.0,100.0,0.0,1,0,0,0,0,57.59831946798664,57.59831946798664,315.14697598478074,0.0
random-s0-0165,visibility,event,50.0,20.0,0.0,1,0,0,0,0,280.6332702748158,280.6332702748158,377.0010506859976,0.0
random-s0-0165,visibility,event,50.0,100.0,0.0,1,0,0,0,0,12.821281387967986,12.821281387967986,323.3442311656645,0.0
random-s0-0165,visibility,event,150.0,20.0,0.0,1,0,0,0,0,6.754296301365741,6.754296301365741,244.96318658958623,0.0
random-s0-0165,visibility,event,150.0,100.0,0.0,1,0,0,0,0,6.754296301365741,6.754296301365741,323.3442311656645,0.0
random-s0-0166,voronoi,once,0.0,20.0,0.0,1,0,3,3,0,-100.03282820449496,200.776693758943,-100.03282820449496,1120.0000000000005
random-s0-0166,voronoi,cycle,0.0,20.0,0.0,1,0,4,4,0,-80.40293877916382,167.15105075416255,-80.40293877916382,720.0000000000003
random-s0-0166,voronoi,cycle,0.0,100.0,0.0,1,0,2,2,0,-23.480752748895867,77.43166502936793,-23.480752748895867,220.0
random-s0-0166,voronoi,cycle,50.0,20.0,0.0,1,0,0,0,0,27.24599866599289,85.62068011157334,27.24599866599289,0.0
random-s0-0166,voronoi,cycle,50.0,100.0,0.0,1,0,1,1,0,-3.3395395295661103,29.711658458423187,-3.3395395295661103,20.0
random-s0-0166,voronoi,cycle,150.0,20.0,0.0,1,0,0,0,0,92.59599835172168,130.4999747551526,92.59599835172168,0.0
random-s0-0166,voronoi,cycle,150.0,100.0,0.0,1,0,0,0,0,35.65683216550906,101.75214584525258,35.65683216550906,0.0
random-s0-0166,voronoi,event,0.0,20.0,0.0,1,0,4,4,0,-64.84019486617595,158.79551003993913,-64.84019486617595,660.0000000000002
random-s0-0166,voronoi,event,0.0,100.0,0.0,1,0,2,2,0,-23.480752748895867,77.43166502936793,-23.480752748895867,220.0
random-s0-0166,voronoi,event,50.0,20.0,0.0,1,0,0,0,0,25.80075180821524,81.57176623853803,25.80075180821524,0.0
random-s0-0166,voronoi,event,50.0,100.0,0.0,1,0,1,1,0,-3.3395395295661103,29.711658458423187,-3.3395395295661103,20.0
random-s0-0166,voronoi,event,150.0,20.0,0.0,1,0,0,0,0,85.15585952421856,153.30944662964606,85.15585952421856,0.0
random-s0-0166,voronoi,event,150.0,100.0,0.0,1,0,0,0,0,98.85554995712216,123.00132089569138,98.85554995712216,0.0
random-s0-0166,prm,once,0.0,20.0,0.0,1,0,1,1,0,-100.03282820449496,104.2202862110633,-100.03282820449496,780.0000000000003
random-s0-0166,prm,cycle,0.0,20.0,0.0,1,0,1,1,0,-100.03282820449496,203.27110958353316,-100.03282820449496,780.0000000000003
random-s0-0166,prm,cycle,0.0,100.0,0.0,1,0,1,1,0,-100.03282820449498,200.776693758943,-100.03282820449498,780.0000000000001
random-s0-0166,prm,cycle,50.0,20.0,0.0,1,0,1,1,0,-100.03282820449496,207.50021963737024,-100.03282820449496,780.0000000000003
random-s0-0166,prm,cycle,50.0,100.0,0.0,1,0,1,1,0,-100.03282820449498,199.0723071774832,-100.03282820449498,780.0000000000001
random-s0-0166,prm,cycle,150.0,20.0,0.0,1,0,0,0,0,8.906128957007354,8.906128957007354,99.3177009924308,0.0
random-s0-0166,prm,cycle,150.0,100.0,0.0,1,0,1,1,0,-75.35149866444848,183.9473956617213,-75.35149866444848,660.0
random-s0-0166,prm,event,0.0,20.0,0.0,1,0,1,1,0,-100.03282820449496,203.27110958353316,-100.03282820449496,780.0000000000003
random-s0-0166,prm,event,0.0,100.0,0.0,1,0,1,1,0,-100.03282820449498,200.776693758943,-100.03282820449498,780.0000000000001
random-s0-0166,prm,event,50.0,20.0,0.0,1,0,1,1,0,-100.03282820449496,206.870967642601,-100.03282820449496,780.0000000000003
random-s0-0166,prm,event,50.0,100.0,0.0,1,0,1,1,0,-100.03282820449498,199.0723071774832,-100.03282820449498,780.0000000000001
random-s0-0166,prm,event,150.0,20.0,0.0,1,0,0,0,0,8.161043562516596,8.161043562516596,83.20976958154415,0.0
random-s0-0166,prm,event,150.0,100.0,0.0,1,0,1,1,0,-75.35149866444848,183.9473956617213,-75.35149866444848,660.0
random-s0-0166,visibility,once,0.0,20.0,0.0,1,0,1,1,0,-100.03282820449496,200.776693758943,-100.03282820449496,780.0000000000003
random-s0-0166,visibility,cycle,0.0,20.0,0.0,1,0,1,1,0,-100.03282820449496,201.79972073882573,-100.03282820449496,780.0000000000003
random-s0-0166,visibility,cycle,0.0,100.0,0.0,1,0,1,1,0,-100.03282820449498,200.776693758943,-100.03282820449498,780.0000000000001
random-s0-0166,visibility,cycle,50.0,20.0,0.0,1,0,1,1,0,-100.03282820449496,200.7352020254129,-100.03282820449496,780.0000000000003
random-s0-0166,visibility,cycle,50.0,100.0,0.0,1,0,1,1,0,-100.03282820449498,198.298139124832,-100.03282820449498,780.0000000000001
random-s0-0166,visibility,cycle,150.0,20.0,0.0,1,0,2,2,0,-86.04313209320996,198.4321488125624,-86.04313209320996,840.0000000000005
random-s0-0166,visibility,cycle,150.0,100.0,0.0,1,0,2,2,0,-90.40417458069868,69.923627379598,-90.40417458069868,1280.0000000000005
random-s0-0166,visibility,event,0.0,20.0,0.0,1,0,1,1,0,-100.03282820449496,201.70173882355675,-100.03282820449496,780.0000000000003
random-s0-0166,visibility,event,0.0,100.0,0.0,1,0,1,1,0,-100.03282820449498,200.776693758943,-100.03282820449498,780.0000000000001
random-s0-0166,visibility,event,50.0,20.0,0.0,1,0,1,1,0,-100.03282820449496,199.78370206690695,-100.03282820449496,780.0000000000003
random-s0-0166,visibility,event,50.0,100.0,0.0,1,0,1,1,0,-100.03282820449498,198.298139124832,-100.03282820449498,780.0000000000001
random-s0-0166,visibility,event,150.0,20.0,0.0,1,0,2,2,0,-86.03125857604095,197.79490243944275,-86.03125857604095,880.0000000000005
random-s0-0166,visibility,event,150.0,100.0,0.0,1,0,1,1,0,-90.40417458069868,167.12563992000133,-90.40417458069868,840.0000000000002
random-s0-0167,voronoi,once,0.0,20.0,0.0,1,0,5,4,1,-151.51561972051292,-136.2059781626271,-151.51561972051292,680.0000000000002
random-s0-0167,voronoi,cycle,0.0,20.0,0.0,1,0,0,0,0,2.0805854883287225,2.0805854883287225,38.06983913887976,0.0
random-s0-0167,voronoi,cycle,0.0,100.0,0.0,1,0,1,0,1,-5.228128349559313,-5.228128349559313,38.06983913887976,40.0
random-s0-0167,voronoi,cycle,50.0,20.0,0.0,1,0,1,1,0,-118.1366701386064,112.09810785641564,-118.1366701386064,620.0000000000002
random-s0-0167,voronoi,cycle,50.0,100.0,0.0,1,0,2,2,0,-120.19162455264268,125.12982146179968,-120.19162455264268,459.99999999999983
random-s0-0167,voronoi,cycle,150.0,20.0,0.0,1,0,0,0,0,58.07854044567708,124.46760415065194,58.07854044567708,0.0
random-s0-0167,voronoi,cycle,150.0,100.0,0.0,1,0,1,1,0,-48.14704216114555,124.96922313790576,-48.14704216114555,120.0
random-s0-0167,voronoi,event,0.0,20.0,0.0,1,0,0,0,0,15.642531379099353,125.22386663099326,15.642531379099353,0.0
random-s0-0167,voronoi,event,0.0,100.0,0.0,1,0,0,0,0,6.830743570003335,6.830743570003335,38.06983913887976,0.0
random-s0-0167,voronoi,event,50.0,20.0,0.0,1,0,0,0,0,38.06983913887976,125.9262859388379,38.06983913887976,0.0
random-s0-0167,voronoi,event,50.0,100.0,0.0,1,0,1,1,0,-2.852532173869662,127.85893949282796,-2.852532173869662,20.0
random-s0-0167,voronoi,event,150.0,20.0,0.0,1,0,0,0,0,9.790846592339877,9.790846592339877,55.87886454213026,0.0
random-s0-0167,voronoi,event,150.0,100.0,0.0,1,0,0,0,0,38.61095472883434,38.61095472883434,166.6728598252912,0.0
random-s0-0167,prm,once,0.0,20.0,0.0,1,0,1,1,0,-153.59100309590065,37.91188387370912,-153.59100309590065,100.0
random-s0-0167,prm,cycle,0.0,20.0,0.0,1,0,0,0,0,1.6093909244478937,28.764976723861903,1.6093909244478937,0.0
random-s0-0167,prm,cycle,0.0,100.0,0.0,1,0,0,0,0,6.187392125884259,6.187392125884259,35.4868638030899,0.0
random-s0-0167,prm,cycle,50.0,20.0,0.0,1,0,0,0,0,35.12906351553329,86.2533118157487,35.12906351553329,0.0
random-s0-0167,prm,cycle,50.0,100.0,0.0,1,0,1,0,1,-61.03459937276561,-61.03459937276561,38.06983913887976,60.0
random-s0-0167,prm,cycle,150.0,20.0,0.0,1,0,1,1,0,-29.15065648327115,89.87399136375939,-29.15065648327115,100.0
random-s0-0167,prm,cycle,150.0,100.0,0.0,1,0,0,0,0,30.280168676751885,30.280168676751885,65.83704729874512,0.0
random-s0-0167,prm,event,0.0,20.0,0.0,1,0,0,0,0,8.261362548682712,45.425142915914336,8.261362548682712,0.0
random-s0-0167,prm,event,0.0,100.0,0.0,1,0,0,0,0,6.187392125884259,6.187392125884259,38.06983913887976,0.0
random-s0-0167,prm,event,50.0,20.0,0.0,1,0,2,2,0,-137.38252594581553,38.56956811956567,-137.38252594581553,200.0
random-s0-0167,prm,event,50.0,100.0,0.0,1,0,0,0,0,38.06983913887976,89.47652396553616,38.06983913887976,0.0
random-s0-0167,prm,event,150.0,20.0,0.0,1,0,1,1,0,-76.54575716947276,44.39354977958209,-76.54575716947276,180.0
random-s0-0167,prm,event,150.0,100.0,0.0,1,0,1,1,0,-134.05570188313072,41.36754804197355,-134.05570188313072,360.00000000000006
random-s0-0167,visibility,once,0.0,20.0,0.0,1,0,0,0,0,37.91188387370912,37.91188387370912,38.06983913887976,0.0
random-s0-0167,visibility,cycle,0.0,20.0,0.0,1,0,0,0,0,38.06983913887976,42.6769560426736,38.06983913887976,0.0
random-s0-0167,visibility,cycle,0.0,100.0,0.0,1,0,0,0,0,14.591484474691072,14.591484474691072,38.06983913887976,0.0
random-s0-0167,visibility,cycle,50.0,20.0,0.0,1,0,1,1,0,-81.57928071627896,83.8720309224488,-81.57928071627896,480.0000000000001
random-s0-0167,visibility,cycle,50.0,100.0,0.0,1,0,1,1,0,-115.7371243662164,46.76947120143055,-115.7371243662164,199.9999999999998
random-s0-0167,visibility,cycle,150.0,20.0,0.0,1,0,0,0,0,85.1929890533703,105.39573155030632,85.1929890533703,0.0
random-s0-0167,visibility,cycle,150.0,100.0,0.0,1,0,0,0,0,20.57583066825447,20.57583066825447,85.23479384245161,0.0
random-s0-0167,visibility,event,0.0,20.0,0.0,1,0,0,0,0,38.06983913887976,44.07853194422904,38.06983913887976,0.0
random-s0-0167,visibility,event,0.0,100.0,0.0,1,0,0,0,0,14.775952085364082,14.775952085364082,38.06983913887976,0.0
random-s0-0167,visibility,event,50.0,20.0,0.0,1,0,1,1,0,-135.55360608333058,84.02861434667494,-135.55360608333058,460.0
random-s0-0167,visibility,event,50.0,100.0,0.0,1,0,1,1,0,-115.7371243662164,42.92688190559605,-115.7371243662164,199.9999999999998
random-s0-0167,visibility,event,150.0,20.0,0.0,1,0,4,4,0,-83.86506075128939,110.52541747727923,-83.86506075128939,799.999999999989
random-s0-0167,visibility,event,150.0,100.0,0.0,1,0,3,1,2,-118.37848062280534,-118.37848062280534,-20.51566158490772,860.0000000000005
random-s0-0168,voronoi,once,0.0,20.0,0.0,1,0,0,0,0,200.9630960930136,350.0065323645404,200.9630960930136,0.0
random-s0-0168,voronoi,cycle,0.0,20.0,0.0,1,0,0,0,0,200.9630960930136,366.68773532777766,200.9630960930136,0.0
random-s0-0168,voronoi,cycle,0.0,100.0,0.0,1,0,0,0,0,200.9630960930136,366.68773532777743,200.9630960930136,0.0
random-s0-0168,voronoi,cycle,50.0,20.0,0.0,1,0,0,0,0,197.97290697772223,366.68773532777766,197.97290697772223,0.0
random-s0-0168,voronoi,cycle,50.0,100.0,0.0,1,0,0,0,0,200.9630960930136,366.68773532777743,200.9630960930136,0.0
random-s0-0168,voronoi,cycle,150.0,20.0,0.0,1,0,0,0,0,143.56059593730623,264.9448776750703,143.56059593730623,0.0
random-s0-0168,voronoi,cycle,150.0,100.0,0.0,1,0,0,0,0,189.4504108333025,578.1038335638634,189.4504108333025,0.0
random-s0-0168,voronoi,event,0.0,20.0,0.0,1,0,0,0,0,53.68649152769419,53.68649152769419,200.9630960930136,0.0
random-s0-0168,voronoi,event,0.0,100.0,0.0,1,0,0,0,0,93.41831026114812,93.41831026114812,200.9630960930136,0.0
random-s0-0168,voronoi,event,50.0,20.0,0.0,1,0,0,0,0,200.9630960930136,366.68773532777766,200.9630960930136,0.0
random-s0-0168,voronoi,event,50.0,100.0,0.0,1,0,0,0,0,200.04632933168824,366.68773532777743,200.04632933168824,0.0
random-s0-0168,voronoi,event,150.0,20.0,0.0,1,0,0,0,0,137.41181345926535,391.10296550800206,137.41181345926535,0.0
random-s0-0168,voronoi,event,150.0,100.0,0.0,1,0,0,0,0,67.65239121121508,387.2020149963847,67.65239121121508,0.0
random-s0-0168,prm,once,0.0,20.0,0.0,1,0,1,0,1,-93.4293811389109,-93.4293811389109,200.9630960930136,140.0
random-s0-0168,prm,cycle,0.0,20.0,0.0,1,0,0,0,0,70.85428593530719,70.85428593530719,200.9630960930136,0.0
random-s0-0168,prm,cycle,0.0,100.0,0.0,1,0,0,0,0,54.13533424171456,54.13533424171456,200.9630960930136,0.0
random-s0-0168,prm,cycle,50.0,20.0,0.0,1,0,0,0,0,68.88148203073752,73.16736005582834,68.88148203073752,0.0
random-s0-0168,prm,cycle,50.0,100.0,0.0,1,0,0,0,0,45.361205568786886,45.361205568786886,143.4297061001215,0.0
random-s0-0168,prm,cycle,150.0,20.0,0.0,1,0,0,0,0,24.51941099964054,24.51941099964054,52.02340994205218,0.0
random-s0-0168,prm,cycle,150.0,100.0,0.0,1,0,0,0,0,89.30071323946964,89.30071323946964,95.34287801036244,0.0
random-s0-0168,prm,event,0.0,20.0,0.0,1,0,0,0,0,70.85428593530719,70.85428593530719,200.9630960930136,0.0
random-s0-0168,prm,event,0.0,100.0,0.0,1,0,0,0,0,54.13533424171456,54.13533424171456,200.9630960930136,0.0
random-s0-0168,prm,event,50.0,20.0,0.0,1,0,0,0,0,68.88148203073752,73.16736005582834,68.88148203073752,0.0
random-s0-0168,prm,event,50.0,100.0,0.0,1,0,0,0,0,45.361205568786886,45.361205568786886,143.4297061001215,0.0
random-s0-0168,prm,event,150.0,20.0,0.0,1,0,0,0,0,52.65795221648557,161.789003441384,52.65795221648557,0.0
random-s0-0168,prm,event,150.0,100.0,0.0,1,0,0,0,0,55.666493618522566,122.9911180328379,55.666493618522566,0.0
random-s0-0168,visibility,once,0.0,20.0,0.0,1,0,0,0,0,129.64888384853526,129.64888384853526,200.9630960930136,0.0
random-s0-0168,visibility,cycle,0.0,20.0,0.0,1,0,0,0,0,200.9630960930136,318.2867603434572,200.9630960930136,0.0
random-s0-0168,visibility,cycle,0.0,100.0,0.0,1,0,0,0,0,200.9630960930136,286.3086883039353,200.9630960930136,0.0
random-s0-0168,visibility,cycle,50.0,20.0,0.0,1,0,0,0,0,200.9630960930136,285.6223961345248,200.9630960930136,0.0
random-s0-0168,visibility,cycle,50.0,100.0,0.0,1,0,0,0,0,200.9630960930136,314.55025761009074,200.9630960930136,0.0
random-s0-0168,visibility,cycle,150.0,20.0,0.0,1,0,0,0,0,5.108034271205469,5.108034271205469,95.34287801036244,0.0
random-s0-0168,visibility,cycle,150.0,100.0,0.0,1,0,0,0,0,4.354715894378501,4.354715894378501,95.34287801036244,0.0
random-s0-0168,visibility,event,0.0,20.0,0.0,1,0,0,0,0,200.9630960930136,291.20223854271387,200.9630960930136,0.0
random-s0-0168,visibility,event,0.0,100.0,0.0,1,0,0,0,0,200.9630960930136,278.997118616063,200.9630960930136,0.0
random-s0-0168,visibility,event,50.0,20.0,0.0,1,0,0,0,0,200.9630960930136,265.05801754941496,200.9630960930136,0.0
random-s0-0168,visibility,event,50.0,100.0,0.0,1,0,0,0,0,200.9630960930136,240.01135265003467,200.9630960930136,0.0
random-s0-0168,visibility,event,150.0,20.0,0.0,1,0,1,0,1,-6.6510387294543705,-6.6510387294543705,95.34287801036244,20.0
random-s0-0168,visibility,event,150.0,100.0,0.0,1,0,1,0,1,-6.651038729454427,-6.651038729454427,95.34287801036244,20.0
random-s0-0169,voronoi,once,0.0,20.0,0.0,1,0,0,0,0,97.48711052841428,97.48711052841428,176.55184756217398,0.0
random-s0-0169,voronoi,cycle,0.0,20.0,0.0,1,0,2,0,2,-16.62845471103921,-16.62845471103921,176.55184756217398,40.0
random-s0-0169,voronoi,cycle,0.0,100.0,0.0,1,0,1,0,1,-49.2270041570641,-49.2270041570641,176.55184756217398,79.99999999999991
random-s0-0169,voronoi,cycle,50.0,20.0,0.0,1,0,0,0,0,83.97414303306823,83.97414303306823,171.9736652886512,0.0
random-s0-0169,voronoi,cycle,50.0,100.0,0.0,1,0,0,0,0,82.32345565472264,82.32345565472264,176.55184756217398,0.0
random-s0-0169,voronoi,cycle,150.0,20.0,0.0,1,0,0,0,0,5.677214981894707,5.677214981894707,176.55184756217398,0.0
random-s0-0169,voronoi,cycle,150.0,100.0,0.0,1,0,1,0,1,-21.165859392422902,-21.165859392422902,176.55184756217398,20.0
random-s0-0169,voronoi,event,0.0,20.0,0.0,1,0,1,0,1,-23.3370125805001,-23.3370125805001,176.55184756217398,40.0
random-s0-0169,voronoi,event,0.0,100.0,0.0,1,0,1,0,1,-49.2270041570641,-49.2270041570641,176.55184756217398,79.99999999999991
random-s0-0169,voronoi,event,50.0,20.0,0.0,1,0,0,0,0,91.0904523831138,91.0904523831138,170.79739946285258,0.0
random-s0-0169,voronoi,event,50.0,100.0,0.0,1,0,0,0,0,176.55184756217398,252.27527326954112,176.55184756217398,0.0
random-s0-0169,voronoi,event,150.0,20.0,0.0,1,0,0,0,0,8.26487398136183,8.26487398136183,176.55184756217398,0.0
random-s0-0169,voronoi,event,150.0,100.0,0.0,1,0,0,0,0,176.55184756217398,236.34414527676955,176.55184756217398,0.0
random-s0-0169,prm,once,0.0,20.0,0.0,1,0,0,0,0,97.48711052841428,97.48711052841428,176.55184756217398,0.0
random-s0-0169,prm,cycle,0.0,20.0,0.0,1,0,0,0,0,66.8143500294081,66.8143500294081,176.55184756217398,0.0
random-s0-0169,prm,cycle,0.0,100.0,0.0,1,0,0,0,0,15.98312319200778,15.98312319200778,176.55184756217398,0.0
random-s0-0169,prm,cycle,50.0,20.0,0.0,1,0,0,0,0,151.08779065775855,256.3992864063017,151.08779065775855,0.0
random-s0-0169,prm,cycle,50.0,100.0,0.0,1,0,0,0,0,137.74021467433118,137.74021467433118,176.55184756217398,0.0
random-s0-0169,prm,cycle,150.0,20.0,0.0,1,0,0,0,0,176.55184756217398,251.97363127285183,176.55184756217398,0.0
random-s0-0169,prm,cycle,150.0,100.0,0.0,1,0,0,0,0,176.55184756217398,249.36567784863536,176.55184756217398,0.0
random-s0-0169,prm,event,0.0,20.0,0.0,1,0,0,0,0,53.227067628822965,53.227067628822965,176.55184756217398,0.0
random-s0-0169,prm,event,0.0,100.0,0.0,1,0,0,0,0,15.98312319200778,15.98312319200778,176.55184756217398,0.0
random-s0-0169,prm,event,50.0,20.0,0.0,1,0,0,0,0,151.08779065775855,255.72268615112117,151.08779065775855,0.0
random-s0-0169,prm,event,50.0,100.0,0.0,1,0,0,0,0,137.74021467433118,137.74021467433118,176.55184756217398,0.0
random-s0-0169,prm,event,150.0,20.0,0.0,1,0,0,0,0,41.81622276957907,41.81622276957907,176.55184756217398,0.0
random-s0-0169,prm,event,150.0,100.0,0.0,1,0,0,0,0,176.55184756217398,254.58008651948612,176.55184756217398,0.0
random-s0-0169,visibility,once,0.0,20.0,0.0,1,0,0,0,0,97.48711052841428,97.48711052841428,176.55184756217398,0.0
random-s0-0169,visibility,cycle,0.0,20.0,0.0,1,0,0,0,0,123.41434138740608,123.41434138740608,176.55184756217398,0.0
random-s0-0169,visibility,cycle,0.0,100.0,0.0,1,0,0,0,0,140.17834609796455,140.17834609796455,176.55184756217398,0.0
random-s0-0169,visibility,cycle,50.0,20.0,0.0,1,0,0,0,0,176.55184756217398,256.5234651472845,176.55184756217398,0.0
random-s0-0169,visibility,cycle,50.0,100.0,0.0,1,0,0,0,0,176.55184756217398,235.07239022350285,176.55184756217398,0.0
random-s0-0169,visibility,cycle,150.0,20.0,0.0,1,0,0,0,0,80.73964810876112,80.73964810876112,176.55184756217398,0.0
random-s0-0169,visibility,cycle,150.0,100.0,0.0,1,0,0,0,0,176.55184756217398,221.09980065747143,176.55184756217398,0.0
random-s0-0169,visibility,event,0.0,20.0,0.0,1,0,0,0,0,125.63513813525752,125.63513813525752,176.55184756217398,0.0
random-s0-0169,visibility,event,0.0,100.0,0.0,1,0,0,0,0,140.17834609796455,140.17834609796455,176.55184756217398,0.0
random-s0-0169,visibility,event,50.0,20.0,0.0,1,0,0,0,0,176.55184756217398,219.1351462652165,176.55184756217398,0.0
random-s0-0169,visibility,event,50.0,100.0,0.0,1,0,0,0,0,176.55184756217398,214.0907620526139,176.55184756217398,0.0
random-s0-0169,visibility,event,150.0,20.0,0.0,1,0,0,0,0,176.55184756217398,177.01857929185672,176.55184756217398,0.0
random-s0-0169,visibility,event,150.0,100.0,0.0,1,0,0,0,0,176.55184756217398,254.58008651948612,176.55184756217398,0.0
random-s0-0170,voronoi,once,0.0,20.0,0.0,1,0,4,1,3,-132.812360869424,-132.812360869424,-111.17199634432126,740.0000000000003
random-s0-0170,voronoi,cycle,0.0,20.0,0.0,1,0,0,0,0,0.7663045089057334,0.7663045089057334,109.21527606108094,0.0
random-s0-0170,voronoi,cycle,0.0,100.0,0.0,1,0,0,0,0,163.87199351975414,163.87199351975414,318.84620000958097,0.0
random-s0-0170,voronoi,cycle,50.0,20.0,0.0,1,0,0,0,0,220.88698147776304,220.88698147776304,480.9300166099041,0.0
random-s0-0170,voronoi,cycle,50.0,100.0,0.0,1,0,0,0,0,241.0692314902061,241.0692314902061,491.1773931473024,0.0
random-s0-0170,voronoi,cycle,150.0,20.0,0.0,1,0,0,0,0,137.85688502961767,196.32690677832176,137.85688502961767,0.0
random-s0-0170,voronoi,cycle,150.0,100.0,0.0,1,0,0,0,0,292.5881293473208,292.5881293473208,309.06801299294546,0.0
random-s0-0170,voronoi,event,0.0,20.0,0.0,1,0,0,0,0,97.00845163774744,97.00845163774744,258.0068535558448,0.0
random-s0-0170,voronoi,event,0.0,100.0,0.0,1,0,0,0,0,147.51885447094037,147.51885447094037,263.3305752489524,0.0
random-s0-0170,voronoi,event,50.0,20.0,0.0,1,0,0,0,0,233.32171944943295,233.32171944943295,261.36415755198635,0.0
random-s0-0170,voronoi,event,50.0,100.0,0.0,1,0,0,0,0,175.31515403553306,232.88761090438865,175.31515403553306,0.0
random-s0-0170,voronoi,event,150.0,20.0,0.0,1,0,1,1,0,-114.60677148138244,27.67675451670513,-114.60677148138244,359.9999999999923
random-s0-0170,voronoi,event,150.0,100.0,0.0,1,0,1,1,0,-113.0039859401654,45.28506032127879,-113.0039859401654,360.00000000000006
random-s0-0170,prm,once,0.0,20.0,0.0,1,0,2,1,1,-132.812360869424,-132.812360869424,-96.0474975818494,160.0
random-s0-0170,prm,cycle,0.0,20.0,0.0,1,0,1,1,0,-0.8646798528995419,145.5391910384538,-0.8646798528995419,19.99999999999996
random-s0-0170,prm,cycle,0.0,100.0,0.0,1,0,0,0,0,62.02150373219274,145.7857079718388,62.02150373219274,0.0
random-s0-0170,prm,cycle,50.0,20.0,0.0,1,0,0,0,0,56.95906948718519,260.3090189183902,56.95906948718519,0.0
random-s0-0170,prm,cycle,50.0,100.0,0.0,1,0,0,0,0,109.49424135845491,203.0889366213832,109.49424135845491,0.0
random-s0-0170,prm,cycle,150.0,20.0,0.0,1,0,0,0,0,62.291331265929216,62.291331265929216,145.32177108299953,0.0
random-s0-0170,prm,cycle,150.0,100.0,0.0,1,0,0,0,0,10.446845204902758,10.446845204902758,109.21527606108106,0.0
random-s0-0170,prm,event,0.0,20.0,0.0,1,0,1,1,0,-8.30794058941214,129.2248969610185,-8.30794058941214,40.0
random-s0-0170,prm,event,0.0,100.0,0.0,1,0,1,1,0,-109.69587405257772,29.34568313579089,-109.69587405257772,359.9999999999999
random-s0-0170,prm,event,50.0,20.0,0.0,1,0,1,1,0,-111.1719963443213,2.970527943388362,-111.1719963443213,279.99999999999403
random-s0-0170,prm,event,50.0,100.0,0.0,1,0,0,0,0,80.49673961468778,167.81425365041866,80.49673961468778,0.0
random-s0-0170,prm,event,150.0,20.0,0.0,1,0,0,0,0,63.77432676577902,63.77432676577902,109.21527606108094,0.0
random-s0-0170,prm,event,150.0,100.0,0.0,1,0,0,0,0,18.143965208470064,18.143965208470064,109.21527606108106,0.0
random-s0-0170,visibility,once,0.0,20.0,0.0,1,0,2,1,1,-132.812360869424,-132.812360869424,-60.81057009918264,360.00000000000006
random-s0-0170,visibility,cycle,0.0,20.0,0.0,1,0,1,0,1,-33.17100114337092,-33.17100114337092,83.85371116082672,400.00000000000006
random-s0-0170,visibility,cycle,0.0,100.0,0.0,1,0,0,0,0,2.631047302146669,2.631047302146669,94.11091238070036,0.0
random-s0-0170,visibility,cycle,50.0,20.0,0.0,1,0,1,0,1,-19.95198634836666,-19.95198634836666,126.22748070397222,320.0
random-s0-0170,visibility,cycle,50.0,100.0,0.0,1,0,1,0,1,-22.91960546933848,-22.91960546933848,141.7431282375082,339.99999999999983
random-s0-0170,visibility,cycle,150.0,20.0,0.0,1,0,0,0,0,23.169942490115545,23.169942490115545,149.14862202894972,0.0
random-s0-0170,visibility,cycle,150.0,100.0,0.0,1,0,0,0,0,22.41821261697288,22.41821261697288,132.19864652465003,0.0
random-s0-0170,visibility,event,0.0,20.0,0.0,1,0,1,0,1,-38.29615039877768,-38.29615039877768,63.32087120456248,420.0000000000001
random-s0-0170,visibility,event,0.0,100.0,0.0,1,0,0,0,0,8.822424928822585,8.822424928822585,120.072887560269,0.0
random-s0-0170,visibility,event,50.0,20.0,0.0,1,0,1,0,1,-28.200972587861656,-28.200972587861656,70.97336330714373,360.00000000000006
random-s0-0170,visibility,event,50.0,100.0,0.0,1,0,1,0,1,-34.65426445087613,-34.65426445087613,114.69127157975664,359.99999999999983
random-s0-0170,visibility,event,150.0,20.0,0.0,1,0,0,0,0,6.896133763829482,6.896133763829482,27.03718244788243,0.0
random-s0-0170,visibility,event,150.0,100.0,0.0,1,0,0,0,0,13.685764682750404,13.685764682750404,85.12577111461826,0.0
random-s0-0171,voronoi,once,0.0,20.0,0.0,1,0,3,3,0,-176.91467890216325,163.42366399988816,-176.91467890216325,700.0000000000003
random-s0-0171,voronoi,cycle,0.0,20.0,0.0,1,0,2,2,0,-84.31329988540699,2.761240812415423,-84.31329988540699,740.0000000000003
random-s0-0171,voronoi,cycle,0.0,100.0,0.0,1,0,3,2,1,-146.70171815177355,-76.95069305048708,-146.70171815177355,900.0000000000001
random-s0-0171,voronoi,cycle,50.0,20.0,0.0,1,0,1,1,0,-82.32089836044477,555.215431835824,-82.32089836044477,320.0
random-s0-0171,voronoi,cycle,50.0,100.0,0.0,1,0,2,2,0,-82.32089836044499,534.5937100350416,-82.32089836044499,640.0000000000001
random-s0-0171,voronoi,cycle,150.0,20.0,0.0,1,0,0,0,0,19.129441646949005,497.151058742533,19.129441646949005,0.0
random-s0-0171,voronoi,cycle,150.0,100.0,0.0,1,0,0,0,0,23.76599242322726,491.8608341893306,23.76599242322726,0.0
random-s0-0171,voronoi,event,0.0,20.0,0.0,1,0,2,2,0,-84.34863519918594,22.25057142941546,-84.34863519918594,740.0000000000003
random-s0-0171,voronoi,event,0.0,100.0,0.0,1,0,2,2,0,-146.70171815177355,105.44181936430488,-146.70171815177355,780.0000000000002
random-s0-0171,voronoi,event,50.0,20.0,0.0,1,0,1,1,0,-82.32089836044477,178.21695236465,-82.32089836044477,320.0
random-s0-0171,voronoi,event,50.0,100.0,0.0,1,0,2,2,0,-82.32089836044499,246.7325412206066,-82.32089836044499,640.0000000000001
random-s0-0171,voronoi,event,150.0,20.0,0.0,1,0,1,1,0,-44.05447384504359,460.1587025976777,-44.05447384504359,259.99999999999443
random-s0-0171,voronoi,event,150.0,100.0,0.0,1,0,0,0,0,23.76599242322726,491.8608341893306,23.76599242322726,0.0
random-s0-0171,prm,once,0.0,20.0,0.0,1,0,2,2,0,-176.91467890216325,546.6503025081428,-176.91467890216325,700.0000000000003
random-s0-0171,prm,cycle,0.0,20.0,0.0,1,0,2,2,0,-168.92166993628092,536.3135836158309,-168.92166993628092,400.00000000000006
random-s0-0171,prm,cycle,0.0,100.0,0.0,1,0,2,2,0,-176.9146789021638,546.6503025081428,-176.9146789021638,420.0
random-s0-0171,prm,cycle,50.0,20.0,0.0,1,0,2,2,0,-168.182574459203,569.3934206559762,-168.182574459203,480.00000000000017
random-s0-0171,prm,cycle,50.0,100.0,0.0,1,0,2,2,0,-166.68039218855955,569.8826308421113,-166.68039218855955,480.0
random-s0-0171,prm,cycle,150.0,20.0,0.0,1,0,3,3,0,-176.91467890216325,546.6503025081428,-176.91467890216325,800.0000000000003
random-s0-0171,prm,cycle,150.0,100.0,0.0,1,0,3,3,0,-176.9146789021638,546.6503025081428,-176.9146789021638,820.0000000000002
random-s0-0171,prm,event,0.0,20.0,0.0,1,0,2,2,0,-168.92166993628092,536.3135836158309,-168.92166993628092,400.00000000000006
random-s0-0171,prm,event,0.0,100.0,0.0,1,0,2,2,0,-176.9146789021638,546.6503025081428,-176.9146789021638,420.0
random-s0-0171,prm,event,50.0,20.0,0.0,1,0,2,2,0,-168.182574459203,569.3934206559762,-168.182574459203,480.00000000000017
random-s0-0171,prm,event,50.0,100.0,0.0,1,0,2,2,0,-166.68039218855955,569.8826308421113,-166.68039218855955,480.0
random-s0-0171,prm,event,150.0,20.0,0.0,1,0,2,2,0,-176.91467890216325,546.6503025081428,-176.91467890216325,700.0000000000003
random-s0-0171,prm,event,150.0,100.0,0.0,1,0,2,2,0,-176.9146789021638,546.6503025081428,-176.9146789021638,700.0000000000002
random-s0-0171,visibility,once,0.0,20.0,0.0,1,0,2,2,0,-176.91467890216325,546.6503025081428,-176.91467890216325,700.0000000000003
random-s0-0171,visibility,cycle,0.0,20.0,0.0,1,0,1,1,0,-175.54325208969692,285.1925090440233,-175.54325208969692,380.00000000000006
random-s0-0171,visibility,cycle,0.0,100.0,0.0,1,0,1,1,0,-176.9146789021638,249.70449552128576,-176.9146789021638,379.9999999999999
random-s0-0171,visibility,cycle,50.0,20.0,0.0,1,0,2,2,0,-169.3369232439183,256.08912197911906,-169.3369232439183,440.0000000000001
random-s0-0171,visibility,cycle,50.0,100.0,0.0,1,0,2,2,0,-167.39069833944257,116.42397533456123,-167.39069833944257,440.0
random-s0-0171,visibility,cycle,150.0,20.0,0.0,1,0,1,1,0,-176.91467890216325,546.6503025081428,-176.91467890216325,380.00000000000006
random-s0-0171,visibility,cycle,150.0,100.0,0.0,1,0,1,1,0,-176.9146789021638,546.6503025081428,-176.9146789021638,379.9999999999999
random-s0-0171,visibility,event,0.0,20.0,0.0,1,0,1,1,0,-175.51072995961846,288.2802653137704,-175.51072995961846,380.00000000000006
random-s0-0171,visibility,event,0.0,100.0,0.0,1,0,1,1,0,-176.9146789021638,249.70449552128576,-176.9146789021638,379.9999999999999
random-s0-0171,visibility,event,50.0,20.0,0.0,1,0,2,2,0,-162.65658242279056,325.2131706821333,-162.65658242279056,480.00000000000017
random-s0-0171,visibility,event,50.0,100.0,0.0,1,0,2,2,0,-167.39069833944257,381.4909540605343,-167.39069833944257,440.0
random-s0-0171,visibility,event,150.0,20.0,0.0,1,0,1,1,0,-176.91467890216325,546.6503025081428,-176.91467890216325,380.00000000000006
random-s0-0171,visibility,event,150.0,100.0,0.0,1,0,1,1,0,-176.9146789021638,546.6503025081428,-176.9146789021638,379.9999999999999
random-s0-0172,voronoi,once,0.0,20.0,0.0,1,0,2,0,2,-135.78059242022033,-135.78059242022033,503.7915145656182,279.99999999999994
random-s0-0172,voronoi,cycle,0.0,20.0,0.0,1,0,0,0,0,35.58213947600191,35.58213947600191,216.64833459576997,0.0
random-s0-0172,voronoi,cycle,0.0,100.0,0.0,1,0,0,0,0,47.32387669185744,47.32387669185744,213.92512793585496,0.0
random-s0-0172,voronoi,cycle,50.0,20.0,0.0,1,0,0,0,0,9.97335875083175,9.97335875083175,130.65887673054186,0.0
random-s0-0172,voronoi,cycle,50.0,100.0,0.0,1,0,0,0,0,122.02694102907948,122.02694102907948,213.92512793585496,0.0
random-s0-0172,voronoi,cycle,150.0,20.0,0.0,1,0,0,0,0,3.651185556281092,3.651185556281092,356.6995127213114,0.0
random-s0-0172,voronoi,cycle,150.0,100.0,0.0,1,0,0,0,0,1.6670396865056318,1.6670396865056318,96.85839102516434,0.0
random-s0-0172,voronoi,event,0.0,20.0,0.0,1,0,1,0,1,-51.75024558455021,-51.75024558455021,217.593684169092,60.0
random-s0-0172,voronoi,event,0.0,100.0,0.0,1,0,0,0,0,8.231244184220714,8.231244184220714,213.92512793585496,0.0
random-s0-0172,voronoi,event,50.0,20.0,0.0,1,0,0,0,0,12.6722665542718,12.6722665542718,206.3185713741976,0.0
random-s0-0172,voronoi,event,50.0,100.0,0.0,1,0,0,0,0,7.203408995763112,7.203408995763112,213.92512793585496,0.0
random-s0-0172,voronoi,event,150.0,20.0,0.0,1,0,0,0,0,14.42984386409796,14.42984386409796,163.69008289997436,0.0
random-s0-0172,voronoi,event,150.0,100.0,0.0,1,0,0,0,0,111.53197072429184,165.13122084938044,111.53197072429184,0.0
random-s0-0172,prm,once,0.0,20.0,0.0,1,0,2,0,2,-135.78059242022033,-135.78059242022033,308.1895057902358,279.99999999999994
random-s0-0172,prm,cycle,0.0,20.0,0.0,1,0,0,0,0,36.9150825128188,36.9150825128188,232.2633151854965,0.0
random-s0-0172,prm,cycle,0.0,100.0,0.0,1,0,1,0,1,-10.903439642854837,-10.903439642854837,199.1146290188023,60.0
random-s0-0172,prm,cycle,50.0,20.0,0.0,1,0,0,0,0,87.44961724017395,87.44961724017395,165.90222044760435,0.0
random-s0-0172,prm,cycle,50.0,100.0,0.0,1,0,0,0,0,97.69642987937146,97.69642987937146,199.1146290188023,0.0
random-s0-0172,prm,cycle,150.0,20.0,0.0,1,0,0,0,0,127.5741689063168,127.5741689063168,152.27197446458786,0.0
random-s0-0172,prm,cycle,150.0,100.0,0.0,1,0,1,0,1,-133.4299351795998,-133.4299351795998,108.065699477522,40.0
random-s0-0172,prm,event,0.0,20.0,0.0,1,0,0,0,0,27.86528975955937,27.86528975955937,186.4459311938372,0.0
random-s0-0172,prm,event,0.0,100.0,0.0,1,0,0,0,0,56.3132019419792,56.3132019419792,199.1146290188023,0.0
random-s0-0172,prm,event,50.0,20.0,0.0,1,0,0,0,0,7.688710137652663,7.688710137652663,29.835913174912548,0.0
random-s0-0172,prm,event,50.0,100.0,0.0,1,0,0,0,0,25.99132511468568,25.99132511468568,199.1146290188023,0.0
random-s0-0172,prm,event,150.0,20.0,0.0,1,0,0,0,0,6.09156523233645,6.09156523233645,216.70396079762827,0.0
random-s0-0172,prm,event,150.0,100.0,0.0,1,0,1,0,1,-133.4299351795998,-133.4299351795998,199.1146290188023,40.0
random-s0-0172,visibility,once,0.0,20.0,0.0,1,0,3,1,2,-135.78059242022033,-135.78059242022033,-113.89954111389198,360.00000000000006
random-s0-0172,visibility,cycle,0.0,20.0,0.0,1,0,1,0,1,-24.37969931305105,-24.37969931305105,230.362983470228,240.0
random-s0-0172,visibility,cycle,0.0,100.0,0.0,1,0,1,0,1,-179.84787525550792,-179.84787525550792,219.0077238820934,419.9999999999997
random-s0-0172,visibility,cycle,50.0,20.0,0.0,1,0,0,0,0,5.099352305019011,5.099352305019011,242.01702407635253,0.0
random-s0-0172,visibility,cycle,50.0,100.0,0.0,1,0,1,0,1,-179.6642244534561,-179.6642244534561,219.0077238820934,440.0
random-s0-0172,visibility,cycle,150.0,20.0,0.0,1,0,1,0,1,-26.22349627048212,-26.22349627048212,307.2833409722936,420.0000000000001
random-s0-0172,visibility,cycle,150.0,100.0,0.0,1,0,2,0,2,-133.4299351795998,-133.4299351795998,219.0077238820934,459.9999999999999
random-s0-0172,visibility,event,0.0,20.0,0.0,1,0,1,0,1,-24.085809384026675,-24.085809384026675,233.415786344696,240.0
random-s0-0172,visibility,event,0.0,100.0,0.0,1,0,1,0,1,-179.84787525550792,-179.84787525550792,219.0077238820934,419.9999999999997
random-s0-0172,visibility,event,50.0,20.0,0.0,1,0,0,0,0,1.094158461183696,1.094158461183696,240.79223882470325,0.0
random-s0-0172,visibility,event,50.0,100.0,0.0,1,0,0,0,0,26.41959649662988,26.41959649662988,219.0077238820934,0.0
random-s0-0172,visibility,event,150.0,20.0,0.0,1,0,1,1,0,-176.57511385388415,73.80968572623743,-176.57511385388415,279.99999999999994
random-s0-0172,visibility,event,150.0,100.0,0.0,1,0,2,0,2,-133.4299351795998,-133.4299351795998,219.0077238820934,500.0
random-s0-0173,voronoi,once,0.0,20.0,0.0,1,0,3,1,2,-163.39359415315155,-112.16249138570866,-163.39359415315155,560.0000000000001
random-s0-0173,voronoi,cycle,0.0,20.0,0.0,1,0,0,0,0,27.437433394009645,27.437433394009645,43.17201565724977,0.0
random-s0-0173,voronoi,cycle,0.0,100.0,0.0,1,0,0,0,0,41.69296565500585,41.69296565500585,43.17201565724986,0.0
random-s0-0173,voronoi,cycle,50.0,20.0,0.0,1,0,0,0,0,43.17201565724977,137.36701298862357,43.17201565724977,0.0
random-s0-0173,voronoi,cycle,50.0,100.0,0.0,1,0,0,0,0,43.17201565724986,77.33788875850132,43.17201565724986,0.0
random-s0-0173,voronoi,cycle,150.0,20.0,0.0,1,0,0,0,0,43.17201565724977,244.1364505021128,43.17201565724977,0.0
random-s0-0173,voronoi,cycle,150.0,100.0,0.0,1,0,0,0,0,43.17201565724986,355.9971246752539,43.17201565724986,0.0
random-s0-0173,voronoi,event,0.0,20.0,0.0,1,0,0,0,0,9.585132566938968,28.68952802556072,9.585132566938968,0.0
random-s0-0173,voronoi,event,0.0,100.0,0.0,1,0,0,0,0,43.17201565724986,61.48837033529196,43.17201565724986,0.0
random-s0-0173,voronoi,event,50.0,20.0,0.0,1,0,1,1,0,-60.1980514432457,174.35365173724517,-60.1980514432457,500.0000000000001
random-s0-0173,voronoi,event,50.0,100.0,0.0,1,0,0,0,0,34.11660739460743,74.83384396472468,34.11660739460743,0.0
random-s0-0173,voronoi,event,150.0,20.0,0.0,1,0,0,0,0,43.17201565724977,113.05518205357936,43.17201565724977,0.0
random-s0-0173,voronoi,event,150.0,100.0,0.0,1,0,0,0,0,36.098792591366646,256.90056646328406,36.098792591366646,0.0
random-s0-0173,prm,once,0.0,20.0,0.0,1,0,3,0,3,-146.43934714463876,-146.43934714463876,26.9135310333167,920.0000000000005
random-s0-0173,prm,cycle,0.0,20.0,0.0,1,0,0,0,0,1.415183768448628,1.415183768448628,43.17201565724977,0.0
random-s0-0173,prm,cycle,0.0,100.0,0.0,1,0,1,0,1,-19.03406039987962,-19.03406039987962,43.17201565724986,60.0
random-s0-0173,prm,cycle,50.0,20.0,0.0,1,0,0,0,0,43.17201565724977,58.73181403522864,43.17201565724977,0.0
random-s0-0173,prm,cycle,50.0,100.0,0.0,1,0,0,0,0,43.17201565724986,81.08008589624109,43.17201565724986,0.0
random-s0-0173,prm,cycle,150.0,20.0,0.0,1,0,0,0,0,43.17201565724977,191.43300735063437,43.17201565724977,0.0
random-s0-0173,prm,cycle,150.0,100.0,0.0,1,0,0,0,0,43.17201565724986,249.4343121324427,43.17201565724986,0.0
random-s0-0173,prm,event,0.0,20.0,0.0,1,0,1,0,1,-99.0694028325962,-99.0694028325962,43.17201565724977,79.9999999999999
random-s0-0173,prm,event,0.0,100.0,0.0,1,0,1,0,1,-146.6105450797661,-146.6105450797661,43.17201565724986,900.0000000000001
random-s0-0173,prm,event,50.0,20.0,0.0,1,0,0,0,0,19.803236642111727,19.803236642111727,43.17201565724977,0.0
random-s0-0173,prm,event,50.0,100.0,0.0,1,0,2,0,2,-81.87381190897608,-81.87381190897608,43.17201565724986,159.99999999999983
random-s0-0173,prm,event,150.0,20.0,0.0,1,0,0,0,0,43.17201565724977,65.90841994270735,43.17201565724977,0.0
random-s0-0173,prm,event,150.0,100.0,0.0,1,0,0,0,0,43.17201565724986,145.84838969491972,43.17201565724986,0.0
random-s0-0173,visibility,once,0.0,20.0,0.0,1,0,3,0,3,-114.32769915857467,-114.32769915857467,26.9135310333167,160.0
random-s0-0173,visibility,cycle,0.0,20.0,0.0,1,0,1,0,1,-21.515230898375847,-21.515230898375847,43.17201565724977,20.0
random-s0-0173,visibility,cycle,0.0,100.0,0.0,1,0,2,0,2,-47.64355925839124,-47.64355925839124,43.17201565724986,100.0
random-s0-0173,visibility,cycle,50.0,20.0,0.0,1,0,1,0,1,-2.617967199794549,-2.617967199794549,43.17201565724977,20.0
random-s0-0173,visibility,cycle,50.0,100.0,0.0,1,0,0,0,0,33.31671241412832,33.31671241412832,43.17201565724986,0.0
random-s0-0173,visibility,cycle,150.0,20.0,0.0,1,0,0,0,0,43.17201565724977,94.80934974570532,43.17201565724977,0.0
random-s0-0173,visibility,cycle,150.0,100.0,0.0,1,0,0,0,0,43.17201565724986,95.04418509162196,43.17201565724986,0.0
random-s0-0173,visibility,event,0.0,20.0,0.0,1,0,1,0,1,-90.65708394313424,-90.65708394313424,43.17201565724977,80.0
random-s0-0173,visibility,event,0.0,100.0,0.0,1,0,1,0,1,-82.85410822445219,-82.85410822445219,43.17201565724986,80.0
random-s0-0173,visibility,event,50.0,20.0,0.0,1,0,0,0,0,31.861632857140503,31.861632857140503,43.17201565724977,0.0
random-s0-0173,visibility,event,50.0,100.0,0.0,1,0,1,0,1,-124.62929661369336,-124.62929661369336,43.17201565724986,560.0000000000001
random-s0-0173,visibility,event,150.0,20.0,0.0,1,0,1,0,1,-2.924069803466182,-2.924069803466182,43.17201565724977,20.0
random-s0-0173,visibility,event,150.0,100.0,0.0,1,0,0,0,0,43.17201565724986,116.66221914607672,43.17201565724986,0.0
random-s0-0174,voronoi,once,0.0,20.0,0.0,1,0,9,2,7,-163.21376108741143,-163.21376108741143,-16.68704324990938,980.0000000000006
random-s0-0174,voronoi,cycle,0.0,20.0,0.0,1,0,1,0,1,-36.20127525452895,-36.20127525452895,60.4096919843291,40.0
random-s0-0174,voronoi,cycle,0.0,100.0,0.0,1,0,1,0,1,-34.15760857099565,-34.15760857099565,39.5307910634169,39.999999999999964
random-s0-0174,voronoi,cycle,50.0,20.0,0.0,1,0,0,0,0,53.124250413363,74.29536741642085,53.124250413363,0.0
random-s0-0174,voronoi,cycle,50.0,100.0,0.0,1,0,1,0,1,-116.70460883529968,-116.70460883529968,60.4096919843291,219.9999999999997
random-s0-0174,voronoi,cycle,150.0,20.0,0.0,1,0,0,0,0,24.38273022337114,58.71269642541006,24.38273022337114,0.0
random-s0-0174,voronoi,cycle,150.0,100.0,0.0,1,0,0,0,0,25.68912040417345,25.68912040417345,53.08370997835635,0.0
random-s0-0174,voronoi,event,0.0,20.0,0.0,1,0,1,0,1,-0.1678743319457964,-0.1678743319457964,60.4096919843291,20.0
random-s0-0174,voronoi,event,0.0,100.0,0.0,1,0,1,0,1,-70.15714938558725,-70.15714938558725,54.93388341274803,99.99999999999991
random-s0-0174,voronoi,event,50.0,20.0,0.0,1,0,0,0,0,35.06585209646491,75.09362940479394,35.06585209646491,0.0
random-s0-0174,voronoi,event,50.0,100.0,0.0,1,0,0,0,0,60.4096919843291,74.90385403928997,60.4096919843291,0.0
random-s0-0174,voronoi,event,150.0,20.0,0.0,1,0,0,0,0,35.83944411846261,91.63709392187592,35.83944411846261,0.0
random-s0-0174,voronoi,event,150.0,100.0,0.0,1,0,1,0,1,-128.6056323502385,-128.6056323502385,50.649830820453786,99.99999999999991
random-s0-0174,prm,once,0.0,20.0,0.0,1,0,4,2,2,-134.4420859753062,-134.4420859753062,-101.891544877697,2080.0000000000014
random-s0-0174,prm,cycle,0.0,20.0,0.0,1,0,0,0,0,2.258902179817028,69.63001458738037,2.258902179817028,0.0
random-s0-0174,prm,cycle,0.0,100.0,0.0,1,0,1,0,1,-113.26222296211488,-113.26222296211488,4.034861643353366,40.0
random-s0-0174,prm,cycle,50.0,20.0,0.0,1,0,0,0,0,29.388626826274248,78.40533309748326,29.388626826274248,0.0
random-s0-0174,prm,cycle,50.0,100.0,0.0,1,0,1,0,1,-152.64541687448207,-152.64541687448207,47.58019994685077,60.0
random-s0-0174,prm,cycle,150.0,20.0,0.0,1,0,0,0,0,38.8921316188862,68.80416622438071,38.8921316188862,0.0
random-s0-0174,prm,cycle,150.0,100.0,0.0,1,0,0,0,0,16.145707639103705,16.145707639103705,19.46881932774187,0.0
random-s0-0174,prm,event,0.0,20.0,0.0,1,0,0,0,0,60.4096919843291,69.63001458738037,60.4096919843291,0.0
random-s0-0174,prm,event,0.0,100.0,0.0,1,0,1,0,1,-113.26222296211488,-113.26222296211488,6.192136700779912,40.0
random-s0-0174,prm,event,50.0,20.0,0.0,1,0,0,0,0,57.76756253576736,73.65468659834221,57.76756253576736,0.0
random-s0-0174,prm,event,50.0,100.0,0.0,1,0,1,0,1,-152.64541687448207,-152.64541687448207,60.4096919843291,60.0
random-s0-0174,prm,event,150.0,20.0,0.0,1,0,0,0,0,38.8921316188862,102.46318558357768,38.8921316188862,0.0
random-s0-0174,prm,event,150.0,100.0,0.0,1,0,0,0,0,38.8921316188862,48.05007063218147,38.8921316188862,0.0
random-s0-0174,visibility,once,0.0,20.0,0.0,1,0,4,1,3,-173.32998525788332,-173.32998525788332,-73.2201239344371,780.0000000000003
random-s0-0174,visibility,cycle,0.0,20.0,0.0,1,0,1,0,1,-37.64762244074575,-37.64762244074575,15.9719689793624,99.99999999999991
random-s0-0174,visibility,cycle,0.0,100.0,0.0,1,0,1,0,1,-7.532432092884989,-7.532432092884989,11.437781267794064,179.9999999999998
random-s0-0174,visibility,cycle,50.0,20.0,0.0,1,0,2,1,1,-73.22012393443708,-14.56957540372028,-73.22012393443708,520.0000000000001
random-s0-0174,visibility,cycle,50.0,100.0,0.0,1,0,2,1,1,-73.22012393443708,-48.03025556517042,-73.22012393443708,740.0
random-s0-0174,visibility,cycle,150.0,20.0,0.0,1,0,0,0,0,38.18158137781958,38.18158137781958,38.8921316188862,0.0
random-s0-0174,visibility,cycle,150.0,100.0,0.0,1,0,0,0,0,38.8921316188862,48.05007063218147,38.8921316188862,0.0
random-s0-0174,visibility,event,0.0,20.0,0.0,1,0,2,1,1,-73.22012393443708,-9.408548290247069,-73.22012393443708,540.0000000000001
random-s0-0174,visibility,event,0.0,100.0,0.0,1,0,2,1,1,-73.22012393443708,-3.3681803945764277,-73.22012393443708,519.9999999999998
random-s0-0174,visibility,event,50.0,20.0,0.0,1,0,1,1,0,-73.22012393443708,17.637060326923887,-73.22012393443708,460.00000000000006
random-s0-0174,visibility,event,50.0,100.0,0.0,1,0,2,1,1,-73.22012393443708,-48.03025556517042,-73.22012393443708,740.0
random-s0-0174,visibility,event,150.0,20.0,0.0,1,0,1,0,1,-7.709866778839938,-7.709866778839938,38.8921316188862,100.0
random-s0-0174,visibility,event,150.0,100.0,0.0,1,0,0,0,0,38.8921316188862,48.05007063218147,38.8921316188862,0.0
random-s0-0175,voronoi,once,0.0,20.0,0.0,1,0,5,2,3,-163.59935781248726,-144.36253242684876,-163.59935781248726,940.0000000000005
random-s0-0175,voronoi,cycle,0.0,20.0,0.0,1,0,0,0,0,6.807969749801771,66.40283140040987,6.807969749801771,0.0
random-s0-0175,voronoi,cycle,0.0,100.0,0.0,1,0,0,0,0,3.827658720911273,71.06678110362029,3.827658720911273,0.0
random-s0-0175,voronoi,cycle,50.0,20.0,0.0,1,0,0,0,0,62.30066139391107,208.971938562491,62.30066139391107,0.0
random-s0-0175,voronoi,cycle,50.0,100.0,0.0,1,0,2,2,0,-66.11608511065627,56.40028344344384,-66.11608511065627,679.9999999999999
random-s0-0175,voronoi,cycle,150.0,20.0,0.0,1,0,0,0,0,150.4180307203377,174.19816041643355,150.4180307203377,0.0
random-s0-0175,voronoi,cycle,150.0,100.0,0.0,1,0,0,0,0,187.52146688818493,296.775669632462,187.52146688818493,0.0
random-s0-0175,voronoi,event,0.0,20.0,0.0,1,0,1,1,0,-0.2410205628572725,108.16499913780234,-0.2410205628572725,20.0
random-s0-0175,voronoi,event,0.0,100.0,0.0,1,0,0,0,0,19.16422931651712,71.06678110362029,19.16422931651712,0.0
random-s0-0175,voronoi,event,50.0,20.0,0.0,1,0,0,0,0,52.48209993486205,138.85659169556902,52.48209993486205,0.0
random-s0-0175,voronoi,event,50.0,100.0,0.0,1,0,2,2,0,-66.11608511065627,12.830721511991612,-66.11608511065627,439.9999999999998
random-s0-0175,voronoi,event,150.0,20.0,0.0,1,0,1,1,0,-19.251141371436148,19.633650097567624,-19.251141371436148,139.99999999999702
random-s0-0175,voronoi,event,150.0,100.0,0.0,1,0,0,0,0,12.700092635751671,39.65355453491864,12.700092635751671,0.0
random-s0-0175,prm,once,0.0,20.0,0.0,1,0,4,1,3,-144.36253242684876,-144.36253242684876,-14.132710821073516,740.0000000000003
random-s0-0175,prm,cycle,0.0,20.0,0.0,1,0,0,0,0,5.214728715797889,50.276241903765055,5.214728715797889,0.0
random-s0-0175,prm,cycle,0.0,100.0,0.0,1,0,2,0,2,-134.56060406223406,-134.56060406223406,5.214728715797889,259.99999999999983
random-s0-0175,prm,cycle,50.0,20.0,0.0,1,0,0,0,0,53.33931557791291,79.70189266827015,53.33931557791291,0.0
random-s0-0175,prm,cycle,50.0,100.0,0.0,1,0,0,0,0,50.10057311883364,117.7033404827402,50.10057311883364,0.0
random-s0-0175,prm,cycle,150.0,20.0,0.0,1,0,0,0,0,179.86059896816482,530.7170830262362,179.86059896816482,0.0
random-s0-0175,prm,cycle,150.0,100.0,0.0,1,0,0,0,0,170.75121379938548,562.1405668616678,170.75121379938548,0.0
random-s0-0175,prm,event,0.0,20.0,0.0,1,0,0,0,0,1.6954463336114145,56.14946592025234,1.6954463336114145,0.0
random-s0-0175,prm,event,0.0,100.0,0.0,1,0,1,0,1,-84.6645951127427,-84.6645951127427,5.214728715797889,79.9999999999999
random-s0-0175,prm,event,50.0,20.0,0.0,1,0,0,0,0,59.74568709278711,59.74568709278711,101.18196120546378,0.0
random-s0-0175,prm,event,50.0,100.0,0.0,1,0,1,0,1,-144.95929855313454,-144.95929855313454,69.00777984018671,100.0
random-s0-0175,prm,event,150.0,20.0,0.0,1,0,0,0,0,13.220925948034534,13.220925948034534,126.9960170158826,0.0
random-s0-0175,prm,event,150.0,100.0,0.0,1,0,0,0,0,78.22322609732157,344.7559403113502,78.22322609732157,0.0
random-s0-0175,visibility,once,0.0,20.0,0.0,1,0,3,0,3,-144.36253242684876,-144.36253242684876,33.3584745835382,240.0
random-s0-0175,visibility,cycle,0.0,20.0,0.0,1,0,2,0,2,-18.99330547588568,-18.99330547588568,36.28806280774364,259.99999999999994
random-s0-0175,visibility,cycle,0.0,100.0,0.0,1,0,1,0,1,-163.68596403076015,-163.68596403076015,36.1095010656156,420.00000000000006
random-s0-0175,visibility,cycle,50.0,20.0,0.0,1,0,0,0,0,2.038737837918376,2.038737837918376,36.645284861036345,0.0
random-s0-0175,visibility,cycle,50.0,100.0,0.0,1,0,2,1,1,-66.63086298573594,-9.961405410944792,-66.63086298573594,259.99999999999994
random-s0-0175,visibility,cycle,150.0,20.0,0.0,1,0,0,0,0,58.79288979731436,58.79288979731436,141.97353594916166,0.0
random-s0-0175,visibility,cycle,150.0,100.0,0.0,1,0,0,0,0,63.741821633864106,63.741821633864106,137.6102061673842,0.0
random-s0-0175,visibility,event,0.0,20.0,0.0,1,0,2,0,2,-20.24293619702672,-20.24293619702672,102.75968617958108,259.99999999999994
random-s0-0175,visibility,event,0.0,100.0,0.0,1,0,1,0,1,-163.68596403076015,-163.68596403076015,105.6066933077392,420.00000000000006
random-s0-0175,visibility,event,50.0,20.0,0.0,1,0,1,1,0,-33.73441944009872,10.633882622975392,-33.73441944009872,359.99999999999994
random-s0-0175,visibility,event,50.0,100.0,0.0,1,0,0,0,0,34.339305905401886,37.95373390805099,34.339305905401886,0.0
random-s0-0175,visibility,event,150.0,20.0,0.0,1,0,1,1,0,-3.645142097024092,101.71613908240118,-3.645142097024092,40.0
random-s0-0175,visibility,event,150.0,100.0,0.0,1,0,1,1,0,-44.979880027025615,43.12960029913887,-44.979880027025615,180.0
random-s0-0176,voronoi,once,0.0,20.0,0.0,1,0,3,2,1,-145.0432134285044,-24.68174552554896,-145.0432134285044,780.0000000000003
random-s0-0176,voronoi,cycle,0.0,20.0,0.0,1,0,0,0,0,160.58921004635488,713.9768586811639,160.58921004635488,0.0
random-s0-0176,voronoi,cycle,0.0,100.0,0.0,1,0,0,0,0,160.58921004635488,802.9363773669045,160.58921004635488,0.0
random-s0-0176,voronoi,cycle,50.0,20.0,0.0,1,0,0,0,0,160.58921004635488,713.4213832409604,160.58921004635488,0.0
random-s0-0176,voronoi,cycle,50.0,100.0,0.0,1,0,0,0,0,147.4007826624457,802.195323402143,147.4007826624457,0.0
random-s0-0176,voronoi,cycle,150.0,20.0,0.0,1,0,0,0,0,25.448542230505268,311.16072680309674,25.448542230505268,0.0
random-s0-0176,voronoi,cycle,150.0,100.0,0.0,1,0,0,0,0,11.145689707939312,513.5509453583732,11.145689707939312,0.0
random-s0-0176,voronoi,event,0.0,20.0,0.0,1,0,0,0,0,160.58921004635488,714.1241625530771,160.58921004635488,0.0
random-s0-0176,voronoi,event,0.0,100.0,0.0,1,0,0,0,0,160.58921004635488,802.9363773669045,160.58921004635488,0.0
random-s0-0176,voronoi,event,50.0,20.0,0.0,1,0,0,0,0,160.58921004635488,712.4289633156912,160.58921004635488,0.0
random-s0-0176,voronoi,event,50.0,100.0,0.0,1,0,0,0,0,143.89383889942826,802.195323402143,143.89383889942826,0.0
random-s0-0176,voronoi,event,150.0,20.0,0.0,1,0,0,0,0,25.41234774110859,456.8813441193972,25.41234774110859,0.0
random-s0-0176,voronoi,event,150.0,100.0,0.0,1,0,0,0,0,11.145689707939312,492.4424320460407,11.145689707939312,0.0
random-s0-0176,prm,once,0.0,20.0,0.0,1,0,2,1,1,-79.93020190607267,-79.93020190607267,-17.333046075630136,440.0000000000001
random-s0-0176,prm,cycle,0.0,20.0,0.0,1,0,0,0,0,160.58921004635488,468.3607722370037,160.58921004635488,0.0
random-s0-0176,prm,cycle,0.0,100.0,0.0,1,0,0,0,0,16.805756644570266,331.7325606896697,16.805756644570266,0.0
random-s0-0176,prm,cycle,50.0,20.0,0.0,1,0,0,0,0,60.81730662835301,491.40362073229096,60.81730662835301,0.0
random-s0-0176,prm,cycle,50.0,100.0,0.0,1,0,0,0,0,117.96529946749143,442.0039988929624,117.96529946749143,0.0
random-s0-0176,prm,cycle,150.0,20.0,0.0,1,0,1,1,0,-147.96205636306922,477.5268686673176,-147.96205636306922,380.0
random-s0-0176,prm,cycle,150.0,100.0,0.0,1,0,1,1,0,-147.96205636306922,395.0528886088463,-147.96205636306922,380.0
random-s0-0176,prm,event,0.0,20.0,0.0,1,0,0,0,0,160.58921004635488,491.40362073229096,160.58921004635488,0.0
random-s0-0176,prm,event,0.0,100.0,0.0,1,0,0,0,0,16.805756644570266,442.0039988929624,16.805756644570266,0.0
random-s0-0176,prm,event,50.0,20.0,0.0,1,0,0,0,0,113.08773793284996,491.40362073229096,113.08773793284996,0.0
random-s0-0176,prm,event,50.0,100.0,0.0,1,0,0,0,0,117.96529946749143,442.0039988929624,117.96529946749143,0.0
random-s0-0176,prm,event,150.0,20.0,0.0,1,0,1,1,0,-147.96205636306922,477.5268686673176,-147.96205636306922,380.0
random-s0-0176,prm,event,150.0,100.0,0.0,1,0,1,1,0,-147.96205636306922,395.0528886088463,-147.96205636306922,380.0
random-s0-0176,visibility,once,0.0,20.0,0.0,1,0,1,1,0,-28.25747783367754,697.2215491344695,-28.25747783367754,240.0
random-s0-0176,visibility,cycle,0.0,20.0,0.0,1,0,0,0,0,160.58921004635488,689.3603218631181,160.58921004635488,0.0
random-s0-0176,visibility,cycle,0.0,100.0,0.0,1,0,0,0,0,160.58921004635488,698.4398810184565,160.58921004635488,0.0
random-s0-0176,visibility,cycle,50.0,20.0,0.0,1,0,0,0,0,160.58921004635488,713.0384039550972,160.58921004635488,0.0
random-s0-0176,visibility,cycle,50.0,100.0,0.0,1,0,0,0,0,160.58921004635488,698.4398810184565,160.58921004635488,0.0
random-s0-0176,visibility,cycle,150.0,20.0,0.0,1,0,1,1,0,-147.96205636306922,534.8331019813562,-147.96205636306922,380.0
random-s0-0176,visibility,cycle,150.0,100.0,0.0,1,0,1,1,0,-147.96205636306922,532.5622144233224,-147.96205636306922,380.0
random-s0-0176,visibility,event,0.0,20.0,0.0,1,0,0,0,0,160.58921004635488,691.4458052221684,160.58921004635488,0.0
random-s0-0176,visibility,event,0.0,100.0,0.0,1,0,0,0,0,160.58921004635488,698.4398810184565,160.58921004635488,0.0
random-s0-0176,visibility,event,50.0,20.0,0.0,1,0,0,0,0,160.58921004635488,719.1099051699156,160.58921004635488,0.0
random-s0-0176,visibility,event,50.0,100.0,0.0,1,0,0,0,0,160.58921004635488,698.4398810184565,160.58921004635488,0.0
random-s0-0176,visibility,event,150.0,20.0,0.0,1,0,1,1,0,-147.96205636306922,534.6975282741472,-147.96205636306922,380.0
random-s0-0176,visibility,event,150.0,100.0,0.0,1,0,1,1,0,-147.96205636306922,532.5622144233224,-147.96205636306922,380.0
random-s0-0177,voronoi,once,0.0,20.0,0.0,1,0,4,2,2,-162.08209762003003,-162.08209762003003,-113.38541145573326,1480.000000000001
random-s0-0177,voronoi,cycle,0.0,20.0,0.0,1,0,0,0,0,7.592211082830829,82.69554188506055,7.592211082830829,0.0
random-s0-0177,voronoi,cycle,0.0,100.0,0.0,1,0,0,0,0,105.10135097365844,215.4751891343444,105.10135097365844,0.0
random-s0-0177,voronoi,cycle,50.0,20.0,0.0,1,0,0,0,0,6.730704953751825,6.730704953751825,234.5429196684869,0.0
random-s0-0177,voronoi,cycle,50.0,100.0,0.0,1,0,0,0,0,24.619358386458373,47.178484093280986,24.619358386458373,0.0
random-s0-0177,voronoi,cycle,150.0,20.0,0.0,1,0,0,0,0,176.39448979043823,176.39448979043823,192.5408316790511,0.0
random-s0-0177,voronoi,cycle,150.0,100.0,0.0,1,0,0,0,0,158.7363927331773,218.9024571672924,158.7363927331773,0.0
random-s0-0177,voronoi,event,0.0,20.0,0.0,1,0,0,0,0,8.761954403007422,190.6465036713799,8.761954403007422,0.0
random-s0-0177,voronoi,event,0.0,100.0,0.0,1,0,1,1,0,-3.213953296461682,178.41871038341355,-3.213953296461682,20.0
random-s0-0177,voronoi,event,50.0,20.0,0.0,1,0,0,0,0,50.06603433722387,50.06603433722387,88.93472078055726,0.0
random-s0-0177,voronoi,event,50.0,100.0,0.0,1,0,0,0,0,66.52172831572813,66.52172831572813,112.8801209317216,0.0
random-s0-0177,voronoi,event,150.0,20.0,0.0,1,0,0,0,0,8.331999261758739,8.331999261758739,129.2429657835749,0.0
random-s0-0177,voronoi,event,150.0,100.0,0.0,1,0,0,0,0,178.40084666192683,217.05015235813505,178.40084666192683,0.0
random-s0-0177,prm,once,0.0,20.0,0.0,1,0,0,0,0,48.56085553796584,48.56085553796584,248.70001535009868,0.0
random-s0-0177,prm,cycle,0.0,20.0,0.0,1,0,0,0,0,3.069260183901548,45.83686808698971,3.069260183901548,0.0
random-s0-0177,prm,cycle,0.0,100.0,0.0,1,0,0,0,0,10.216022004149837,18.39727435218822,10.216022004149837,0.0
random-s0-0177,prm,cycle,50.0,20.0,0.0,1,0,0,0,0,35.03293211823569,35.03293211823569,213.94737324061805,0.0
random-s0-0177,prm,cycle,50.0,100.0,0.0,1,0,0,0,0,31.520067979912284,143.20694962943122,31.520067979912284,0.0
random-s0-0177,prm,cycle,150.0,20.0,0.0,1,0,0,0,0,107.2310024602208,219.29446353726345,107.2310024602208,0.0
random-s0-0177,prm,cycle,150.0,100.0,0.0,1,0,0,0,0,48.56085553796584,48.56085553796584,96.45292752480871,0.0
random-s0-0177,prm,event,0.0,20.0,0.0,1,0,0,0,0,3.069260183901548,17.04095527170088,3.069260183901548,0.0
random-s0-0177,prm,event,0.0,100.0,0.0,1,0,0,0,0,10.216022004149837,34.55018953379982,10.216022004149837,0.0
random-s0-0177,prm,event,50.0,20.0,0.0,1,0,0,0,0,60.102664920114506,60.102664920114506,194.5665035725596,0.0
random-s0-0177,prm,event,50.0,100.0,0.0,1,0,0,0,0,31.520067979912284,154.77724320477608,31.520067979912284,0.0
random-s0-0177,prm,event,150.0,20.0,0.0,1,0,0,0,0,112.51266048751546,122.4589342708021,112.51266048751546,0.0
random-s0-0177,prm,event,150.0,100.0,0.0,1,0,0,0,0,48.56085553796584,48.56085553796584,172.3087530214562,0.0
random-s0-0177,visibility,once,0.0,20.0,0.0,1,0,1,1,0,-12.964082695964692,154.1307745657706,-12.964082695964692,20.0
random-s0-0177,visibility,cycle,0.0,20.0,0.0,1,0,0,0,0,47.581439608301935,107.65414037320522,47.581439608301935,0.0
random-s0-0177,visibility,cycle,0.0,100.0,0.0,1,0,0,0,0,42.10352331798103,103.63020138908432,42.10352331798103,0.0
random-s0-0177,visibility,cycle,50.0,20.0,0.0,1,0,0,0,0,80.46587551630222,220.42497009657532,80.46587551630222,0.0
random-s0-0177,visibility,cycle,50.0,100.0,0.0,1,0,0,0,0,93.01073491103192,220.43438957633063,93.01073491103192,0.0
random-s0-0177,visibility,cycle,150.0,20.0,0.0,1,0,0,0,0,149.19961425059898,218.4976304061439,149.19961425059898,0.0
random-s0-0177,visibility,cycle,150.0,100.0,0.0,1,0,0,0,0,212.27432273139252,212.27432273139252,260.146524701015,0.0
random-s0-0177,visibility,event,0.0,20.0,0.0,1,0,0,0,0,134.6892222297048,134.6892222297048,139.2881049782078,0.0
random-s0-0177,visibility,event,0.0,100.0,0.0,1,0,0,0,0,122.48052087422268,122.48052087422268,137.2284301730562,0.0
random-s0-0177,visibility,event,50.0,20.0,0.0,1,0,0,0,0,173.73452763906118,217.7853200427808,173.73452763906118,0.0
random-s0-0177,visibility,event,50.0,100.0,0.0,1,0,0,0,0,197.75265753317603,197.75265753317603,251.1705427798837,0.0
random-s0-0177,visibility,event,150.0,20.0,0.0,1,0,0,0,0,120.4232888176229,120.4232888176229,146.1196962029196,0.0
random-s0-0177,visibility,event,150.0,100.0,0.0,1,0,0,0,0,184.31644785715048,184.31644785715048,249.8721469769631,0.0
random-s0-0178,voronoi,once,0.0,20.0,0.0,1,0,1,1,0,-19.22194898957173,193.3405148118806,-19.22194898957173,40.0
random-s0-0178,voronoi,cycle,0.0,20.0,0.0,1,0,0,0,0,5.265377285404384,130.51417359194295,5.265377285404384,0.0
random-s0-0178,voronoi,cycle,0.0,100.0,0.0,1,0,1,1,0,-47.23042118419278,118.64840511565312,-47.23042118419278,399.9999999999997
random-s0-0178,voronoi,cycle,50.0,20.0,0.0,1,0,0,0,0,67.22336296927381,180.62618072545095,67.22336296927381,0.0
random-s0-0178,voronoi,cycle,50.0,100.0,0.0,1,0,0,0,0,89.24640923089515,193.3405148118806,89.24640923089515,0.0
random-s0-0178,voronoi,cycle,150.0,20.0,0.0,1,0,0,0,0,122.7716922338401,193.3405148118806,122.7716922338401,0.0
random-s0-0178,voronoi,cycle,150.0,100.0,0.0,1,0,0,0,0,100.87954619887006,193.3405148118806,100.87954619887006,0.0
random-s0-0178,voronoi,event,0.0,20.0,0.0,1,0,0,0,0,5.84010086082435,193.3405148118806,5.84010086082435,0.0
random-s0-0178,voronoi,event,0.0,100.0,0.0,1,0,1,1,0,-47.23042118419278,118.64840511565312,-47.23042118419278,399.9999999999997
random-s0-0178,voronoi,event,50.0,20.0,0.0,1,0,0,0,0,67.91038264621196,193.3405148118806,67.91038264621196,0.0
random-s0-0178,voronoi,event,50.0,100.0,0.0,1,0,0,0,0,89.24640923089515,193.3405148118806,89.24640923089515,0.0
random-s0-0178,voronoi,event,150.0,20.0,0.0,1,0,0,0,0,89.7997871938257,189.3933466118484,89.7997871938257,0.0
random-s0-0178,voronoi,event,150.0,100.0,0.0,1,0,0,0,0,84.21954425987968,193.3405148118806,84.21954425987968,0.0
random-s0-0178,prm,once,0.0,20.0,0.0,1,0,4,3,1,-149.49485040388726,-149.49485040388726,-130.7136343905905,420.0000000000001
random-s0-0178,prm,cycle,0.0,20.0,0.0,1,0,0,0,0,0.0203625241307179,89.64005777983863,0.0203625241307179,0.0
random-s0-0178,prm,cycle,0.0,100.0,0.0,1,0,2,1,1,-171.14626313719168,-171.14626313719168,-19.22194898957176,279.9999999999999
random-s0-0178,prm,cycle,50.0,20.0,0.0,1,0,0,0,0,63.24127382995309,145.6594628356424,63.24127382995309,0.0
random-s0-0178,prm,cycle,50.0,100.0,0.0,1,0,0,0,0,64.72749005713396,148.44689434408969,64.72749005713396,0.0
random-s0-0178,prm,cycle,150.0,20.0,0.0,1,0,0,0,0,97.73291676323952,107.22438461857882,97.73291676323952,0.0
random-s0-0178,prm,cycle,150.0,100.0,0.0,1,0,0,0,0,64.72749005713396,107.22438461857882,64.72749005713396,0.0
random-s0-0178,prm,event,0.0,20.0,0.0,1,0,0,0,0,0.0203625241307179,121.6268897373593,0.0203625241307179,0.0
random-s0-0178,prm,event,0.0,100.0,0.0,1,0,2,1,1,-171.14626313719168,-171.14626313719168,-19.22194898957176,279.9999999999999
random-s0-0178,prm,event,50.0,20.0,0.0,1,0,0,0,0,36.04786697754997,193.3405148118806,36.04786697754997,0.0
random-s0-0178,prm,event,50.0,100.0,0.0,1,0,0,0,0,59.29003337473222,148.44689434408969,59.29003337473222,0.0
random-s0-0178,prm,event,150.0,20.0,0.0,1,0,0,0,0,105.6429735731528,105.6429735731528,219.7941494499065,0.0
random-s0-0178,prm,event,150.0,100.0,0.0,1,0,0,0,0,64.72749005713396,107.22438461857882,64.72749005713396,0.0
random-s0-0178,visibility,once,0.0,20.0,0.0,1,0,3,2,1,-143.4240423102287,-33.00018738487745,-143.4240423102287,279.99999999999994
random-s0-0178,visibility,cycle,0.0,20.0,0.0,1,0,2,2,0,-131.29700985664616,133.44604154432176,-131.29700985664616,420.0000000000001
random-s0-0178,visibility,cycle,0.0,100.0,0.0,1,0,2,2,0,-112.02203903092598,60.19676208803909,-112.02203903092598,460.0000000000001
random-s0-0178,visibility,cycle,50.0,20.0,0.0,1,0,1,1,0,-151.7477811486087,133.44604154432176,-151.7477811486087,360.0
random-s0-0178,visibility,cycle,50.0,100.0,0.0,1,0,2,2,0,-142.90283312257455,60.19676208803909,-142.90283312257455,419.99999999999983
random-s0-0178,visibility,cycle,150.0,20.0,0.0,1,0,1,1,0,-155.69195722561142,60.19676208803909,-155.69195722561142,420.0000000000001
random-s0-0178,visibility,cycle,150.0,100.0,0.0,1,0,5,3,2,-168.77673492224395,-153.2091663269352,-168.77673492224395,880.0000000000005
random-s0-0178,visibility,event,0.0,20.0,0.0,1,0,2,2,0,-126.3841892106664,133.44604154432176,-126.3841892106664,420.0000000000001
random-s0-0178,visibility,event,0.0,100.0,0.0,1,0,1,1,0,-19.22194898957176,60.19676208803909,-19.22194898957176,40.0
random-s0-0178,visibility,event,50.0,20.0,0.0,1,0,1,1,0,-151.26663977181423,133.44604154432176,-151.26663977181423,360.0
random-s0-0178,visibility,event,50.0,100.0,0.0,1,0,3,3,0,-152.82424548902088,60.19676208803909,-152.82424548902088,660.0
random-s0-0178,visibility,event,150.0,20.0,0.0,1,0,2,1,1,-135.00503887054575,-29.04699184918107,-135.00503887054575,560.0000000000001
random-s0-0178,visibility,event,150.0,100.0,0.0,1,0,4,2,2,-168.77673492224395,-45.88675690160992,-168.77673492224395,520.0000000000001
random-s0-0179,voronoi,once,0.0,20.0,0.0,1,0,7,6,1,-101.86952318590927,-6.8154311274832935,-101.86952318590927,2380.000000000002
random-s0-0179,voronoi,cycle,0.0,20.0,0.0,1,0,1,0,1,-29.16618848071789,-29.16618848071789,12.459502525749857,40.0
random-s0-0179,voronoi,cycle,0.0,100.0,0.0,1,0,1,0,1,-5.086526790992082,-5.086526790992082,71.11422624453442,20.0
random-s0-0179,voronoi,cycle,50.0,20.0,0.0,1,0,0,0,0,51.08764605516791,82.1843219916297,51.08764605516791,0.0
random-s0-0179,voronoi,cycle,50.0,100.0,0.0,1,0,0,0,0,23.46659390490143,61.24451846212659,23.46659390490143,0.0
random-s0-0179,voronoi,cycle,150.0,20.0,0.0,1,0,1,1,0,-133.9129160088922,212.9151174256977,-133.9129160088922,659.9999999999906
random-s0-0179,voronoi,cycle,150.0,100.0,0.0,1,0,0,0,0,108.82377364976776,224.02513727083996,108.82377364976776,0.0
random-s0-0179,voronoi,event,0.0,20.0,0.0,1,0,0,0,0,7.72977128742977,31.854520803911072,7.72977128742977,0.0
random-s0-0179,voronoi,event,0.0,100.0,0.0,1,0,1,0,1,-61.4927866646846,-61.4927866646846,71.11422624453442,119.99999999999991
random-s0-0179,voronoi,event,50.0,20.0,0.0,1,0,0,0,0,47.419151009014826,434.5348802090291,47.419151009014826,0.0
random-s0-0179,voronoi,event,50.0,100.0,0.0,1,0,0,0,0,73.14092604674528,519.0922237910174,73.14092604674528,0.0
random-s0-0179,voronoi,event,150.0,20.0,0.0,1,0,1,1,0,-86.83592781245169,9.07941855822591,-86.83592781245169,579.9999999999876
random-s0-0179,voronoi,event,150.0,100.0,0.0,1,0,0,0,0,4.432984072718654,317.367401441584,4.432984072718654,0.0
random-s0-0179,prm,once,0.0,20.0,0.0,1,0,6,4,2,-169.56128298197848,-124.59570586597376,-169.56128298197848,1320.000000000001
random-s0-0179,prm,cycle,0.0,20.0,0.0,1,0,0,0,0,31.686120639764823,95.15258418744467,31.686120639764823,0.0
random-s0-0179,prm,cycle,0.0,100.0,0.0,1,0,1,0,1,-145.17928636850868,-145.17928636850868,52.79326400748073,119.99999999999991
random-s0-0179,prm,cycle,50.0,20.0,0.0,1,0,0,0,0,65.73233427545114,177.79151672745962,65.73233427545114,0.0
random-s0-0179,prm,cycle,50.0,100.0,0.0,1,0,0,0,0,32.91063281075171,284.5253041750346,32.91063281075171,0.0
random-s0-0179,prm,cycle,150.0,20.0,0.0,1,0,0,0,0,3.318709746028617,184.4554190445064,3.318709746028617,0.0
random-s0-0179,prm,cycle,150.0,100.0,0.0,1,0,0,0,0,3.318709746028617,467.6794046391203,3.318709746028617,0.0
random-s0-0179,prm,event,0.0,20.0,0.0,1,0,0,0,0,1.8139217784842288,1.8139217784842288,19.381693953725204,0.0
random-s0-0179,prm,event,0.0,100.0,0.0,1,0,1,0,1,-145.17928636850868,-145.17928636850868,55.01159319425281,119.99999999999991
random-s0-0179,prm,event,50.0,20.0,0.0,1,0,0,0,0,58.68210581312962,58.68210581312962,67.67892143911476,0.0
random-s0-0179,prm,event,50.0,100.0,0.0,1,0,0,0,0,39.9127531808482,39.9127531808482,67.67892143911513,0.0
random-s0-0179,prm,event,150.0,20.0,0.0,1,0,0,0,0,3.318709746028617,117.7304694825728,3.318709746028617,0.0
random-s0-0179,prm,event,150.0,100.0,0.0,1,0,0,0,0,3.318709746028617,158.73328436755213,3.318709746028617,0.0
random-s0-0179,visibility,once,0.0,20.0,0.0,1,0,2,2,0,-58.71690081724856,369.5795982557212,-58.71690081724856,180.0
random-s0-0179,visibility,cycle,0.0,20.0,0.0,1,0,1,1,0,-30.177024743264923,123.06790218576276,-30.177024743264923,159.99999999999991
random-s0-0179,visibility,cycle,0.0,100.0,0.0,1,0,1,1,0,-33.73085578939552,191.62970746896224,-33.73085578939552,159.9999999999999
random-s0-0179,visibility,cycle,50.0,20.0,0.0,1,0,0,0,0,15.086497121322395,166.87740522586495,15.086497121322395,0.0
random-s0-0179,visibility,cycle,50.0,100.0,0.0,1,0,0,0,0,11.564494133516687,180.10971591575873,11.564494133516687,0.0
random-s0-0179,visibility,cycle,150.0,20.0,0.0,1,0,1,1,0,-67.1207778120604,252.66412066642985,-67.1207778120604,200.0
random-s0-0179,visibility,cycle,150.0,100.0,0.0,1,0,0,0,0,0.4811445691980225,178.25209412362773,0.4811445691980225,0.0
random-s0-0179,visibility,event,0.0,20.0,0.0,1,0,1,1,0,-32.18565429663036,128.17646283407777,-32.18565429663036,160.0
random-s0-0179,visibility,event,0.0,100.0,0.0,1,0,1,1,0,-34.93285973091369,221.92785702845796,-34.93285973091369,159.9999999999999
random-s0-0179,visibility,event,50.0,20.0,0.0,1,0,0,0,0,12.80786293679884,186.3858931969677,12.80786293679884,0.0
random-s0-0179,visibility,event,50.0,100.0,0.0,1,0,0,0,0,10.218081730316442,201.52353713767928,10.218081730316442,0.0
random-s0-0179,visibility,event,150.0,20.0,0.0,1,0,1,1,0,-80.17559194072449,243.0718420689736,-80.17559194072449,220.0
random-s0-0179,visibility,event,150.0,100.0,0.0,1,0,0,0,0,0.4811445691980225,186.59304174144904,0.4811445691980225,0.0
random-s0-0180,voronoi,once,0.0,20.0,0.0,1,0,4,4,0,-59.00162590152942,58.10854466217532,-59.00162590152942,720.0000000000003
random-s0-0180,voronoi,cycle,0.0,20.0,0.0,1,0,1,1,0,-49.87929477393354,226.85030803505464,-49.87929477393354,160.0
random-s0-0180,voronoi,cycle,0.0,100.0,0.0,1,0,1,1,0,-45.33008430420065,154.8566952764292,-45.33008430420065,320.0
random-s0-0180,voronoi,cycle,50.0,20.0,0.0,1,0,1,1,0,-52.8909339381182,223.77692155895016,-52.8909339381182,259.99999999999994
random-s0-0180,voronoi,cycle,50.0,100.0,0.0,1,0,1,1,0,-47.03344758295484,14.21320269986279,-47.03344758295484,320.0
random-s0-0180,voronoi,cycle,150.0,20.0,0.0,1,0,1,1,0,-57.92080186288908,230.89673548219872,-57.92080186288908,340.0
random-s0-0180,voronoi,cycle,150.0,100.0,0.0,1,0,0,0,0,100.83012128626962,263.59936446850594,100.83012128626962,0.0
random-s0-0180,voronoi,event,0.0,20.0,0.0,1,0,1,1,0,-55.87707601190336,195.5311272340926,-55.87707601190336,340.0
random-s0-0180,voronoi,event,0.0,100.0,0.0,1,0,3,2,1,-110.99075784307436,-39.0229529073153,-110.99075784307436,1260.000000000001
random-s0-0180,voronoi,event,50.0,20.0,0.0,1,0,1,1,0,-50.873427249177126,132.54641288970583,-50.873427249177126,320.0
random-s0-0180,voronoi,event,50.0,100.0,0.0,1,0,1,1,0,-50.94490585201308,170.18245905869924,-50.94490585201308,320.0
random-s0-0180,voronoi,event,150.0,20.0,0.0,1,0,1,1,0,-61.6548542869472,354.40939459654555,-61.6548542869472,340.0
random-s0-0180,voronoi,event,150.0,100.0,0.0,1,0,0,0,0,59.02100249113934,263.59936446850594,59.02100249113934,0.0
random-s0-0180,prm,once,0.0,20.0,0.0,1,0,3,2,1,-123.38899328998488,-123.38899328998488,-49.08668796872121,940.0000000000005
random-s0-0180,prm,cycle,0.0,20.0,0.0,1,0,1,1,0,-13.358518370049724,50.32250477056655,-13.358518370049724,20.0
random-s0-0180,prm,cycle,0.0,100.0,0.0,1,0,1,1,0,-43.46588826902087,242.94496790552512,-43.46588826902087,100.0
random-s0-0180,prm,cycle,50.0,20.0,0.0,1,0,1,1,0,-47.11944337948481,373.8684954276424,-47.11944337948481,120.0
random-s0-0180,prm,cycle,50.0,100.0,0.0,1,0,1,1,0,-49.08668796872121,285.2316605756978,-49.08668796872121,180.0
random-s0-0180,prm,cycle,150.0,20.0,0.0,1,0,1,1,0,-50.60720355297335,92.5660173882053,-50.60720355297335,320.0
random-s0-0180,prm,cycle,150.0,100.0,0.0,1,0,2,2,0,-104.55737353819144,59.695814756325774,-104.55737353819144,460.0
random-s0-0180,prm,event,0.0,20.0,0.0,1,0,2,2,0,-33.828079551714296,226.7296243033637,-33.828079551714296,180.0
random-s0-0180,prm,event,0.0,100.0,0.0,1,0,1,1,0,-43.46588826902087,216.7288208149963,-43.46588826902087,100.0
random-s0-0180,prm,event,50.0,20.0,0.0,1,0,1,1,0,-49.01850183560862,363.00348944054736,-49.01850183560862,140.0
random-s0-0180,prm,event,50.0,100.0,0.0,1,0,1,1,0,-49.08668796872121,285.2316605756978,-49.08668796872121,180.0
random-s0-0180,prm,event,150.0,20.0,0.0,1,0,1,1,0,-61.42260811009372,382.8365428166045,-61.42260811009372,340.0
random-s0-0180,prm,event,150.0,100.0,0.0,1,0,2,2,0,-104.55737353819144,309.3957163272417,-104.55737353819144,440.0
random-s0-0180,visibility,once,0.0,20.0,0.0,1,0,3,2,1,-125.50804739873112,-125.50804739873112,-49.08668796872121,500.0000000000001
random-s0-0180,visibility,cycle,0.0,20.0,0.0,1,0,2,2,0,-48.94886271895703,141.31068104279657,-48.94886271895703,299.9999999999999
random-s0-0180,visibility,cycle,0.0,100.0,0.0,1,0,2,2,0,-49.08668796872121,9.401899975712354,-49.08668796872121,359.99999999999994
random-s0-0180,visibility,cycle,50.0,20.0,0.0,1,0,2,2,0,-49.08668796872124,198.20722684341945,-49.08668796872124,380.0
random-s0-0180,visibility,cycle,50.0,100.0,0.0,1,0,2,2,0,-49.08668796872121,258.4196141140681,-49.08668796872121,380.0
random-s0-0180,visibility,cycle,150.0,20.0,0.0,1,0,1,1,0,-51.46500800413952,187.95396602786565,-51.46500800413952,320.0
random-s0-0180,visibility,cycle,150.0,100.0,0.0,1,0,1,1,0,-54.217849321923936,27.62444249497824,-54.217849321923936,320.0
random-s0-0180,visibility,event,0.0,20.0,0.0,1,0,2,2,0,-47.04617750557642,124.9022364334781,-47.04617750557642,279.9999999999999
random-s0-0180,visibility,event,0.0,100.0,0.0,1,0,2,2,0,-49.08668796872121,9.147817821847184,-49.08668796872121,359.99999999999994
random-s0-0180,visibility,event,50.0,20.0,0.0,1,0,2,2,0,-49.08668796872124,204.04182797712812,-49.08668796872124,400.0
random-s0-0180,visibility,event,50.0,100.0,0.0,1,0,2,2,0,-49.08668796872121,415.0434027786771,-49.08668796872121,480.00000000000006
random-s0-0180,visibility,event,150.0,20.0,0.0,1,0,3,2,1,-109.94799900954476,-75.99419944206915,-109.94799900954476,1060.0000000000005
random-s0-0180,visibility,event,150.0,100.0,0.0,1,0,2,2,0,-50.32697298017556,148.99058539254548,-50.32697298017556,460.0000000000001
random-s0-0181,voronoi,once,0.0,20.0,0.0,1,0,3,2,1,-172.12791016157348,-172.12791016157348,-132.03926128300702,880.0000000000005
random-s0-0181,voronoi,cycle,0.0,20.0,0.0,1,0,0,0,0,71.45807922292335,71.45807922292335,149.98204806154888,0.0
random-s0-0181,voronoi,cycle,0.0,100.0,0.0,1,0,0,0,0,94.6428955509694,94.6428955509694,213.1156662382056,0.0
random-s0-0181,voronoi,cycle,50.0,20.0,0.0,1,0,0,0,0,131.0835602558331,131.0835602558331,180.6767973549625,0.0
random-s0-0181,voronoi,cycle,50.0,100.0,0.0,1,0,0,0,0,162.74137467309845,162.74137467309845,213.1156662382056,0.0
random-s0-0181,voronoi,cycle,150.0,20.0,0.0,1,0,0,0,0,209.29876527805607,302.3360698763143,209.29876527805607,0.0
random-s0-0181,voronoi,cycle,150.0,100.0,0.0,1,0,0,0,0,183.90419382621587,498.26137292344754,183.90419382621587,0.0
random-s0-0181,voronoi,event,0.0,20.0,0.0,1,0,0,0,0,21.91035771216528,245.93829205386112,21.91035771216528,0.0
random-s0-0181,voronoi,event,0.0,100.0,0.0,1,0,0,0,0,94.86478069221027,498.26137292344754,94.86478069221027,0.0
random-s0-0181,voronoi,event,50.0,20.0,0.0,1,0,0,0,0,88.290188456527,498.26137292344754,88.290188456527,0.0
random-s0-0181,voronoi,event,50.0,100.0,0.0,1,0,0,0,0,88.29018845652621,498.26137292344754,88.29018845652621,0.0
random-s0-0181,voronoi,event,150.0,20.0,0.0,1,0,0,0,0,29.14504128332473,29.14504128332473,213.11566623820573,0.0
random-s0-0181,voronoi,event,150.0,100.0,0.0,1,0,1,1,0,-7.916131351222248,80.34244409071908,-7.916131351222248,0.0
random-s0-0181,prm,once,0.0,20.0,0.0,1,0,1,1,0,-123.04658475629888,498.26137292344754,-123.04658475629888,180.0
random-s0-0181,prm,cycle,0.0,20.0,0.0,1,0,0,0,0,37.786953647721845,498.26137292344754,37.786953647721845,0.0
random-s0-0181,prm,cycle,0.0,100.0,0.0,1,0,1,1,0,-30.805463461408493,498.26137292344754,-30.805463461408493,59.99999999999992
random-s0-0181,prm,cycle,50.0,20.0,0.0,1,0,0,0,0,68.26401893194429,498.26137292344754,68.26401893194429,0.0
random-s0-0181,prm,cycle,50.0,100.0,0.0,1,0,0,0,0,83.74033726699014,498.26137292344754,83.74033726699014,0.0
random-s0-0181,prm,cycle,150.0,20.0,0.0,1,0,0,0,0,94.30630451721606,218.2133199932639,94.30630451721606,0.0
random-s0-0181,prm,cycle,150.0,100.0,0.0,1,0,0,0,0,92.94392189284474,218.2133199932639,92.94392189284474,0.0
random-s0-0181,prm,event,0.0,20.0,0.0,1,0,0,0,0,36.06628670060377,498.26137292344754,36.06628670060377,0.0
random-s0-0181,prm,event,0.0,100.0,0.0,1,0,1,1,0,-30.805463461408493,498.26137292344754,-30.805463461408493,59.99999999999992
random-s0-0181,prm,event,50.0,20.0,0.0,1,0,0,0,0,64.94581348341771,498.26137292344754,64.94581348341771,0.0
random-s0-0181,prm,event,50.0,100.0,0.0,1,0,0,0,0,70.4630424804719,498.26137292344754,70.4630424804719,0.0
random-s0-0181,prm,event,150.0,20.0,0.0,1,0,1,1,0,-27.99730378178032,218.2133199932639,-27.99730378178032,20.0
random-s0-0181,prm,event,150.0,100.0,0.0,1,0,1,1,0,-27.997303781779607,218.2133199932639,-27.997303781779607,20.0
random-s0-0181,visibility,once,0.0,20.0,0.0,1,0,2,2,0,-123.04658475629888,64.70987083712933,-123.04658475629888,340.0
random-s0-0181,visibility,cycle,0.0,20.0,0.0,1,0,2,2,0,-65.30160037286163,24.365233133311197,-65.30160037286163,480.00000000000006
random-s0-0181,visibility,cycle,0.0,100.0,0.0,1,0,2,2,0,-76.53742169097131,10.192972495779884,-76.53742169097131,560.0
random-s0-0181,visibility,cycle,50.0,20.0,0.0,1,0,1,1,0,-82.95100663481279,345.46322246905663,-82.95100663481279,279.9999999999999
random-s0-0181,visibility,cycle,50.0,100.0,0.0,1,0,1,1,0,-113.3918605814442,381.3175313338811,-113.3918605814442,279.99999999999983
random-s0-0181,visibility,cycle,150.0,20.0,0.0,1,0,0,0,0,69.26132295866128,160.22281008220057,69.26132295866128,0.0
random-s0-0181,visibility,cycle,150.0,100.0,0.0,1,0,0,0,0,50.04082309341746,160.65352160340785,50.04082309341746,0.0
random-s0-0181,visibility,event,0.0,20.0,0.0,1,0,2,2,0,-60.730099399146894,2.0940141673339383,-60.730099399146894,440.0
random-s0-0181,visibility,event,0.0,100.0,0.0,1,0,2,2,0,-173.1895165143148,12.539852297752788,-173.1895165143148,359.9999999999999
random-s0-0181,visibility,event,50.0,20.0,0.0,1,0,1,1,0,-83.07764939799868,387.49145839814935,-83.07764939799868,279.9999999999999
random-s0-0181,visibility,event,50.0,100.0,0.0,1,0,1,1,0,-113.3918605814442,393.9340774636216,-113.3918605814442,279.99999999999983
random-s0-0181,visibility,event,150.0,20.0,0.0,1,0,0,0,0,69.84530602906761,160.90260581684203,69.84530602906761,0.0
random-s0-0181,visibility,event,150.0,100.0,0.0,1,0,0,0,0,93.9778619888604,160.90260581684203,93.9778619888604,0.0
random-s0-0182,voronoi,once,0.0,20.0,0.0,1,0,5,5,0,-162.82747232237895,190.82891036821195,-162.82747232237895,1660.0000000000011
random-s0-0182,voronoi,cycle,0.0,20.0,0.0,1,0,0,0,0,0.2841396151149524,160.11369052465943,0.2841396151149524,0.0
random-s0-0182,voronoi,cycle,0.0,100.0,0.0,1,0,0,0,0,37.65993872256684,37.65993872256684,148.62026807329363,0.0
random-s0-0182,voronoi,cycle,50.0,20.0,0.0,1,0,0,0,0,149.05323482094218,332.8336673334976,149.05323482094218,0.0
random-s0-0182,voronoi,cycle,50.0,100.0,0.0,1,0,0,0,0,84.80579817062278,149.87530200916962,84.80579817062278,0.0
random-s0-0182,voronoi,cycle,150.0,20.0,0.0,1,0,0,0,0,67.08309077161667,464.8945849344004,67.08309077161667,0.0
random-s0-0182,voronoi,cycle,150.0,100.0,0.0,1,0,0,0,0,105.39047645133265,105.39047645133265,183.03295181444616,0.0
random-s0-0182,voronoi,event,0.0,20.0,0.0,1,0,0,0,0,61.52849622332377,188.4099109307383,61.52849622332377,0.0
random-s0-0182,voronoi,event,0.0,100.0,0.0,1,0,0,0,0,39.20514096390872,39.20514096390872,62.27642015022846,0.0
random-s0-0182,voronoi,event,50.0,20.0,0.0,1,0,0,0,0,70.40774535956098,259.0525211413387,70.40774535956098,0.0
random-s0-0182,voronoi,event,50.0,100.0,0.0,1,0,0,0,0,61.74373857237876,167.70714144378746,61.74373857237876,0.0
random-s0-0182,voronoi,event,150.0,20.0,0.0,1,0,0,0,0,58.245329040476975,58.245329040476975,86.10407775963836,0.0
random-s0-0182,voronoi,event,150.0,100.0,0.0,1,0,0,0,0,60.40994922221768,74.63004442123858,60.40994922221768,0.0
random-s0-0182,prm,once,0.0,20.0,0.0,1,0,2,1,1,-143.43809723114944,-143.43809723114944,-83.29454010114142,160.0
random-s0-0182,prm,cycle,0.0,20.0,0.0,1,0,0,0,0,6.274259557327866,6.274259557327866,9.628440597718964,0.0
random-s0-0182,prm,cycle,0.0,100.0,0.0,1,0,2,1,1,-103.48202254343322,-103.48202254343322,-44.00145729617165,100.0
random-s0-0182,prm,cycle,50.0,20.0,0.0,1,0,0,0,0,36.08721770547282,36.08721770547282,41.5089306038883,0.0
random-s0-0182,prm,cycle,50.0,100.0,0.0,1,0,1,0,1,-68.61337817106352,-68.61337817106352,10.176680169106191,40.0
random-s0-0182,prm,cycle,150.0,20.0,0.0,1,0,0,0,0,282.3804014370379,311.0149134868758,282.3804014370379,0.0
random-s0-0182,prm,cycle,150.0,100.0,0.0,1,0,0,0,0,206.1932389487844,231.57649333829568,206.1932389487844,0.0
random-s0-0182,prm,event,0.0,20.0,0.0,1,0,0,0,0,5.94280431858536,6.274259557327866,5.94280431858536,0.0
random-s0-0182,prm,event,0.0,100.0,0.0,1,0,3,2,1,-103.48202254343322,-103.48202254343322,-44.00145729617165,139.9999999999998
random-s0-0182,prm,event,50.0,20.0,0.0,1,0,0,0,0,78.96063999358051,271.536652915148,78.96063999358051,0.0
random-s0-0182,prm,event,50.0,100.0,0.0,1,0,2,2,0,-154.4877209416889,212.03103414861755,-154.4877209416889,140.0
random-s0-0182,prm,event,150.0,20.0,0.0,1,0,0,0,0,10.367605023064757,10.367605023064757,70.86585457764531,0.0
random-s0-0182,prm,event,150.0,100.0,0.0,1,0,0,0,0,77.26782506587585,77.26782506587585,166.97981414647762,0.0
random-s0-0182,visibility,once,0.0,20.0,0.0,1,0,1,1,0,-32.608814908729926,6.375087906740816,-32.608814908729926,60.0
random-s0-0182,visibility,cycle,0.0,20.0,0.0,1,0,1,1,0,-3.6973013889738695,29.820870365199568,-3.6973013889738695,40.0
random-s0-0182,visibility,cycle,0.0,100.0,0.0,1,0,0,0,0,1.4835387274362688,37.08927304757228,1.4835387274362688,0.0
random-s0-0182,visibility,cycle,50.0,20.0,0.0,1,0,0,0,0,45.45829030152348,112.269639274964,45.45829030152348,0.0
random-s0-0182,visibility,cycle,50.0,100.0,0.0,1,0,0,0,0,40.91221223248206,140.46039258140735,40.91221223248206,0.0
random-s0-0182,visibility,cycle,150.0,20.0,0.0,1,0,0,0,0,18.29167749259716,106.2970166888802,18.29167749259716,0.0
random-s0-0182,visibility,cycle,150.0,100.0,0.0,1,0,1,0,1,-9.310529095014148,-9.310529095014148,110.05288216839584,60.0
random-s0-0182,visibility,event,0.0,20.0,0.0,1,0,0,0,0,11.370955408653742,11.370955408653742,66.58177334019919,0.0
random-s0-0182,visibility,event,0.0,100.0,0.0,1,0,0,0,0,1.4835387274362688,70.36961463300659,1.4835387274362688,0.0
random-s0-0182,visibility,event,50.0,20.0,0.0,1,0,0,0,0,36.765214612333295,36.765214612333295,74.69023972465297,0.0
random-s0-0182,visibility,event,50.0,100.0,0.0,1,0,0,0,0,7.742744874533599,7.742744874533599,40.50288395356813,0.0
random-s0-0182,visibility,event,150.0,20.0,0.0,1,0,0,0,0,74.90419064136248,74.90419064136248,107.03203963771556,0.0
random-s0-0182,visibility,event,150.0,100.0,0.0,1,0,0,0,0,42.17783567768456,130.04346905801845,42.17783567768456,0.0
random-s0-0183,voronoi,once,0.0,20.0,0.0,1,0,1,0,1,-25.39706612799648,-25.39706612799648,348.7285449326238,40.0
random-s0-0183,voronoi,cycle,0.0,20.0,0.0,1,0,0,0,0,226.50131407321183,630.9426675172542,226.50131407321183,0.0
random-s0-0183,voronoi,cycle,0.0,100.0,0.0,1,0,0,0,0,333.6430954485784,630.9426675172542,333.6430954485784,0.0
random-s0-0183,voronoi,cycle,50.0,20.0,0.0,1,0,0,0,0,134.76420696615293,630.9426675172542,134.76420696615293,0.0
random-s0-0183,voronoi,cycle,50.0,100.0,0.0,1,0,0,0,0,316.62224435556936,630.9426675172542,316.62224435556936,0.0
random-s0-0183,voronoi,cycle,150.0,20.0,0.0,1,0,0,0,0,85.25811081855511,630.9426675172542,85.25811081855511,0.0
random-s0-0183,voronoi,cycle,150.0,100.0,0.0,1,0,0,0,0,213.26443958104244,630.9426675172542,213.26443958104244,0.0
random-s0-0183,voronoi,event,0.0,20.0,0.0,1,0,0,0,0,214.7427032157803,630.9426675172542,214.7427032157803,0.0
random-s0-0183,voronoi,event,0.0,100.0,0.0,1,0,0,0,0,114.2511498124847,630.9426675172542,114.2511498124847,0.0
random-s0-0183,voronoi,event,50.0,20.0,0.0,1,0,0,0,0,207.38318486852904,630.9426675172542,207.38318486852904,0.0
random-s0-0183,voronoi,event,50.0,100.0,0.0,1,0,0,0,0,369.2876018703,630.9426675172542,369.2876018703,0.0
random-s0-0183,voronoi,event,150.0,20.0,0.0,1,0,0,0,0,56.56073243687217,630.9426675172542,56.56073243687217,0.0
random-s0-0183,voronoi,event,150.0,100.0,0.0,1,0,0,0,0,41.24132977944183,630.9426675172542,41.24132977944183,0.0
random-s0-0183,prm,once,0.0,20.0,0.0,1,0,0,0,0,251.8647770281252,499.78896134283787,251.8647770281252,0.0
random-s0-0183,prm,cycle,0.0,20.0,0.0,1,0,0,0,0,261.9937387315537,630.9426675172542,261.9937387315537,0.0
random-s0-0183,prm,cycle,0.0,100.0,0.0,1,0,0,0,0,151.9693529594665,630.9426675172542,151.9693529594665,0.0
random-s0-0183,prm,cycle,50.0,20.0,0.0,1,0,0,0,0,264.14899189552705,630.9426675172542,264.14899189552705,0.0
random-s0-0183,prm,cycle,50.0,100.0,0.0,1,0,0,0,0,54.00066245805823,630.9426675172542,54.00066245805823,0.0
random-s0-0183,prm,cycle,150.0,20.0,0.0,1,0,0,0,0,168.75771854740822,630.9426675172542,168.75771854740822,0.0
random-s0-0183,prm,cycle,150.0,100.0,0.0,1,0,0,0,0,246.56677914097665,630.9426675172542,246.56677914097665,0.0
random-s0-0183,prm,event,0.0,20.0,0.0,1,0,0,0,0,116.8908436677434,630.9426675172542,116.8908436677434,0.0
random-s0-0183,prm,event,0.0,100.0,0.0,1,0,0,0,0,151.9693529594665,630.9426675172542,151.9693529594665,0.0
random-s0-0183,prm,event,50.0,20.0,0.0,1,0,0,0,0,246.56677914097665,630.9426675172542,246.56677914097665,0.0
random-s0-0183,prm,event,50.0,100.0,0.0,1,0,0,0,0,369.2876018703,630.9426675172542,369.2876018703,0.0
random-s0-0183,prm,event,150.0,20.0,0.0,1,0,0,0,0,190.56871338806167,190.56871338806167,369.2876018702999,0.0
random-s0-0183,prm,event,150.0,100.0,0.0,1,0,0,0,0,246.56677914097665,630.9426675172542,246.56677914097665,0.0
random-s0-0183,visibility,once,0.0,20.0,0.0,1,0,1,1,0,-32.194109246989484,630.9426675172542,-32.194109246989484,120.0
random-s0-0183,visibility,cycle,0.0,20.0,0.0,1,0,1,1,0,-49.12125310815682,630.9426675172542,-49.12125310815682,200.0
random-s0-0183,visibility,cycle,0.0,100.0,0.0,1,0,0,0,0,78.03624602375356,630.9426675172542,78.03624602375356,0.0
random-s0-0183,visibility,cycle,50.0,20.0,0.0,1,0,1,1,0,-3.2565803873183654,630.9426675172542,-3.2565803873183654,60.0
random-s0-0183,visibility,cycle,50.0,100.0,0.0,1,0,0,0,0,6.367829836940189,630.9426675172542,6.367829836940189,0.0
random-s0-0183,visibility,cycle,150.0,20.0,0.0,1,0,0,0,0,141.47479135878916,630.9426675172542,141.47479135878916,0.0
random-s0-0183,visibility,cycle,150.0,100.0,0.0,1,0,0,0,0,77.69822789771268,630.9426675172542,77.69822789771268,0.0
random-s0-0183,visibility,event,0.0,20.0,0.0,1,0,1,1,0,-53.43145597841223,630.9426675172542,-53.43145597841223,259.99999999999994
random-s0-0183,visibility,event,0.0,100.0,0.0,1,0,0,0,0,125.24919573396755,630.9426675172542,125.24919573396755,0.0
random-s0-0183,visibility,event,50.0,20.0,0.0,1,0,0,0,0,12.197188256767902,630.9426675172542,12.197188256767902,0.0
random-s0-0183,visibility,event,50.0,100.0,0.0,1,0,0,0,0,44.09235995874121,630.9426675172542,44.09235995874121,0.0
random-s0-0183,visibility,event,150.0,20.0,0.0,1,0,0,0,0,46.24004396318864,630.9426675172542,46.24004396318864,0.0
random-s0-0183,visibility,event,150.0,100.0,0.0,1,0,0,0,0,153.00580208947258,630.9426675172542,153.00580208947258,0.0
random-s0-0184,voronoi,once,0.0,20.0,0.0,1,0,5,4,1,-165.69693881090342,-165.69693881090342,-80.33288362794278,760.0000000000003
random-s0-0184,voronoi,cycle,0.0,20.0,0.0,1,0,3,3,0,-60.2955137117159,385.03340733428536,-60.2955137117159,980.0000000000006
random-s0-0184,voronoi,cycle,0.0,100.0,0.0,1,0,2,2,0,-88.92814174442105,569.8981196379161,-88.92814174442105,639.9999999999998
random-s0-0184,voronoi,cycle,50.0,20.0,0.0,1,0,0,0,0,8.672351671941044,396.6662191102307,8.672351671941044,0.0
random-s0-0184,voronoi,cycle,50.0,100.0,0.0,1,0,0,0,0,15.228481622580858,271.6662524495885,15.228481622580858,0.0
random-s0-0184,voronoi,cycle,150.0,20.0,0.0,1,0,0,0,0,112.55596069291543,469.976729606144,112.55596069291543,0.0
random-s0-0184,voronoi,cycle,150.0,100.0,0.0,1,0,0,0,0,124.4752978291914,607.394113452826,124.4752978291914,0.0
random-s0-0184,voronoi,event,0.0,20.0,0.0,1,0,2,2,0,-0.5086914051629776,160.9118268164803,-0.5086914051629776,59.99999999999999
random-s0-0184,voronoi,event,0.0,100.0,0.0,1,0,3,2,1,-139.3477825705126,-139.3477825705126,-88.92814174442105,860.0
random-s0-0184,voronoi,event,50.0,20.0,0.0,1,0,1,1,0,-21.311533124522786,106.061717931391,-21.311533124522786,40.0
random-s0-0184,voronoi,event,50.0,100.0,0.0,1,0,1,1,0,-29.163796178970895,293.5194590709433,-29.163796178970895,40.0
random-s0-0184,voronoi,event,150.0,20.0,0.0,1,0,1,1,0,-12.416162506701513,424.5677155430685,-12.416162506701513,20.0
random-s0-0184,voronoi,event,150.0,100.0,0.0,1,0,1,1,0,-57.09740430718272,306.28458068412294,-57.09740430718272,140.0
random-s0-0184,prm,once,0.0,20.0,0.0,1,0,3,2,1,-165.69693881090342,-165.69693881090342,-80.33288362794278,560.0000000000001
random-s0-0184,prm,cycle,0.0,20.0,0.0,1,0,0,0,0,39.326147776079125,102.03764721527392,39.326147776079125,0.0
random-s0-0184,prm,cycle,0.0,100.0,0.0,1,0,2,1,1,-80.33288362794278,-11.759169195938767,-80.33288362794278,180.0
random-s0-0184,prm,cycle,50.0,20.0,0.0,1,0,0,0,0,66.67193288445438,253.8493309636761,66.67193288445438,0.0
random-s0-0184,prm,cycle,50.0,100.0,0.0,1,0,0,0,0,56.81124946751453,269.7151483569484,56.81124946751453,0.0
random-s0-0184,prm,cycle,150.0,20.0,0.0,1,0,0,0,0,111.94420088765742,263.32502434847464,111.94420088765742,0.0
random-s0-0184,prm,cycle,150.0,100.0,0.0,1,0,0,0,0,116.70370305526666,305.67927950223594,116.70370305526666,0.0
random-s0-0184,prm,event,0.0,20.0,0.0,1,0,0,0,0,28.216352720005688,28.216352720005688,31.681726256691466,0.0
random-s0-0184,prm,event,0.0,100.0,0.0,1,0,1,1,0,-80.33288362794278,46.7979981470404,-80.33288362794278,140.0
random-s0-0184,prm,event,50.0,20.0,0.0,1,0,1,1,0,-15.865851624908032,67.67669032837259,-15.865851624908032,140.0
random-s0-0184,prm,event,50.0,100.0,0.0,1,0,0,0,0,34.77833040787709,34.77833040787709,53.37560239701415,0.0
random-s0-0184,prm,event,150.0,20.0,0.0,1,0,0,0,0,2.3788660559516472,803.4703723346333,2.3788660559516472,0.0
random-s0-0184,prm,event,150.0,100.0,0.0,1,0,0,0,0,69.2694404895417,456.8219918137928,69.2694404895417,0.0
random-s0-0184,visibility,once,0.0,20.0,0.0,1,0,3,2,1,-165.69693881090342,-165.69693881090342,-80.33288362794278,560.0000000000001
random-s0-0184,visibility,cycle,0.0,20.0,0.0,1,0,1,1,0,-173.78612549586956,551.8722761254602,-173.78612549586956,620.0000000000002
random-s0-0184,visibility,cycle,0.0,100.0,0.0,1,0,1,1,0,-80.33288362794278,46.7979981470404,-80.33288362794278,140.0
random-s0-0184,visibility,cycle,50.0,20.0,0.0,1,0,2,2,0,-39.01911703014028,550.5183834282074,-39.01911703014028,700.0000000000002
random-s0-0184,visibility,cycle,50.0,100.0,0.0,1,0,1,1,0,-145.38055085221728,507.5728504702265,-145.38055085221728,659.9999999999997
random-s0-0184,visibility,cycle,150.0,20.0,0.0,1,0,1,1,0,-64.85725805667143,529.1207614097393,-64.85725805667143,220.0
random-s0-0184,visibility,cycle,150.0,100.0,0.0,1,0,2,2,0,-37.80649854299878,511.6192001592635,-37.80649854299878,360.00000000000006
random-s0-0184,visibility,event,0.0,20.0,0.0,1,0,1,1,0,-168.1426262743557,337.9236938661917,-168.1426262743557,620.0000000000002
random-s0-0184,visibility,event,0.0,100.0,0.0,1,0,1,1,0,-80.33288362794278,46.7979981470404,-80.33288362794278,140.0
random-s0-0184,visibility,event,50.0,20.0,0.0,1,0,1,1,0,-45.19543427826403,352.7532504810114,-45.19543427826403,880.0000000000003
random-s0-0184,visibility,event,50.0,100.0,0.0,1,0,1,1,0,-145.38055085221728,287.41164895523013,-145.38055085221728,659.9999999999997
random-s0-0184,visibility,event,150.0,20.0,0.0,1,0,0,0,0,107.84014656325434,303.7487621211568,107.84014656325434,0.0
random-s0-0184,visibility,event,150.0,100.0,0.0,1,0,0,0,0,77.97590109986896,295.00623161815565,77.97590109986896,0.0
random-s0-0185,voronoi,once,0.0,20.0,0.0,1,0,4,2,2,-107.50575732721497,-63.40254644548647,-107.50575732721497,860.0000000000005
random-s0-0185,voronoi,cycle,0.0,20.0,0.0,1,0,4,4,0,-3.1922076940384727,33.82558786624668,-3.1922076940384727,120.0
random-s0-0185,voronoi,cycle,0.0,100.0,0.0,1,0,2,2,0,-59.86479297549356,11.273313539363867,-59.86479297549356,359.99999999999994
random-s0-0185,voronoi,cycle,50.0,20.0,0.0,1,0,0,0,0,66.63191543156972,119.01676940087276,66.63191543156972,0.0
random-s0-0185,voronoi,cycle,50.0,100.0,0.0,1,0,0,0,0,50.645748009774906,98.33130478577029,50.645748009774906,0.0
random-s0-0185,voronoi,cycle,150.0,20.0,0.0,1,0,0,0,0,105.20946206239928,189.30686759642023,105.20946206239928,0.0
random-s0-0185,voronoi,cycle,150.0,100.0,0.0,1,0,1,1,0,-35.30775215685813,263.823072150238,-35.30775215685813,120.0
random-s0-0185,voronoi,event,0.0,20.0,0.0,1,0,1,0,1,-9.399489260600149,-9.399489260600149,47.71417345484548,20.0
random-s0-0185,voronoi,event,0.0,100.0,0.0,1,0,1,1,0,-28.712956556396847,11.273313539363867,-28.712956556396847,120.0
random-s0-0185,voronoi,event,50.0,20.0,0.0,1,0,0,0,0,74.54490034184326,203.4330101789037,74.54490034184326,0.0
random-s0-0185,voronoi,event,50.0,100.0,0.0,1,0,0,0,0,74.54490034184334,98.33130478577029,74.54490034184334,0.0
random-s0-0185,voronoi,event,150.0,20.0,0.0,1,0,1,1,0,-104.86036935609783,40.63770973516185,-104.86036935609783,480.00000000000017
random-s0-0185,voronoi,event,150.0,100.0,0.0,1,0,1,1,0,-107.27276132749564,368.3429511388938,-107.27276132749564,279.99999999999994
random-s0-0185,prm,once,0.0,20.0,0.0,1,0,5,3,2,-162.52662664418273,-63.40254644548647,-162.52662664418273,960.0000000000006
random-s0-0185,prm,cycle,0.0,20.0,0.0,1,0,0,0,0,13.423615951682166,20.14188455160604,13.423615951682166,0.0
random-s0-0185,prm,cycle,0.0,100.0,0.0,1,0,2,1,1,-161.88788756446178,-161.88788756446178,-53.174006830883926,1080.0000000000002
random-s0-0185,prm,cycle,50.0,20.0,0.0,1,0,0,0,0,35.87329638975919,35.87329638975919,74.39581826636251,0.0
random-s0-0185,prm,cycle,50.0,100.0,0.0,1,0,0,0,0,44.56419326629961,95.03029356987544,44.56419326629961,0.0
random-s0-0185,prm,cycle,150.0,20.0,0.0,1,0,0,0,0,39.61442306937391,113.40953582979296,39.61442306937391,0.0
random-s0-0185,prm,cycle,150.0,100.0,0.0,1,0,2,2,0,-131.92366896584676,44.05472085393103,-131.92366896584676,380.00000000000006
random-s0-0185,prm,event,0.0,20.0,0.0,1,0,0,0,0,3.1463214343445145,20.14188455160604,3.1463214343445145,0.0
random-s0-0185,prm,event,0.0,100.0,0.0,1,0,1,1,0,-104.32053612600944,11.273313539363867,-104.32053612600944,460.0000000000001
random-s0-0185,prm,event,50.0,20.0,0.0,1,0,0,0,0,70.33357085219163,70.33357085219163,74.39581826636251,0.0
random-s0-0185,prm,event,50.0,100.0,0.0,1,0,1,1,0,-105.57008551191493,6.541941597118694,-105.57008551191493,460.0000000000001
random-s0-0185,prm,event,150.0,20.0,0.0,1,0,0,0,0,110.66588888977832,110.66588888977832,124.36873814872224,0.0
random-s0-0185,prm,event,150.0,100.0,0.0,1,0,1,1,0,-113.68488250121251,69.77776040938792,-113.68488250121251,320.0
random-s0-0185,visibility,once,0.0,20.0,0.0,1,0,4,2,2,-156.79556773341517,-63.40254644548647,-156.79556773341517,760.0000000000003
random-s0-0185,visibility,cycle,0.0,20.0,0.0,1,0,1,0,1,-82.2302894967884,-82.2302894967884,37.6467154840484,299.99999999999994
random-s0-0185,visibility,cycle,0.0,100.0,0.0,1,0,2,0,2,-63.40254644548635,-63.40254644548635,40.53892706079773,199.9999999999998
random-s0-0185,visibility,cycle,50.0,20.0,0.0,1,0,1,0,1,-175.47136917032338,-175.47136917032338,46.89238619936575,420.0
random-s0-0185,visibility,cycle,50.0,100.0,0.0,1,0,2,0,2,-174.23943950946665,-174.23943950946665,74.54490034184334,700.0000000000003
random-s0-0185,visibility,cycle,150.0,20.0,0.0,1,0,0,0,0,38.93440872343771,38.93440872343771,135.01931489970394,0.0
random-s0-0185,visibility,cycle,150.0,100.0,0.0,1,0,1,0,1,-78.94646557902009,-78.94646557902009,54.5036928161673,140.0
random-s0-0185,visibility,event,0.0,20.0,0.0,1,0,1,0,1,-82.36535334078467,-82.36535334078467,36.474858150030144,299.99999999999994
random-s0-0185,visibility,event,0.0,100.0,0.0,1,0,2,0,2,-63.40254644548635,-63.40254644548635,40.53892706079773,199.9999999999998
random-s0-0185,visibility,event,50.0,20.0,0.0,1,0,1,0,1,-175.12186582767728,-175.12186582767728,73.95807432143911,420.0
random-s0-0185,visibility,event,50.0,100.0,0.0,1,0,1,0,1,-165.51326107912251,-165.51326107912251,74.54490034184334,520.0000000000001
random-s0-0185,visibility,event,150.0,20.0,0.0,1,0,1,1,0,-57.21317613577449,134.6375344586677,-57.21317613577449,80.0
random-s0-0185,visibility,event,150.0,100.0,0.0,1,0,0,0,0,11.450336680783296,11.450336680783296,142.84472479118148,0.0
random-s0-0186,voronoi,once,0.0,20.0,0.0,1,0,4,1,3,-169.19462443676616,-153.2244167026629,-169.19462443676616,980.0000000000006
random-s0-0186,voronoi,cycle,0.0,20.0,0.0,1,0,0,0,0,2.2735511784151186,36.42205436386968,2.2735511784151186,0.0
random-s0-0186,voronoi,cycle,0.0,100.0,0.0,1,0,0,0,0,83.48322504311761,83.48322504311761,86.20297610577643,0.0
random-s0-0186,voronoi,cycle,50.0,20.0,0.0,1,0,0,0,0,56.8624914305947,343.3408409962184,56.8624914305947,0.0
random-s0-0186,voronoi,cycle,50.0,100.0,0.0,1,0,0,0,0,191.59116844475085,343.3911689936725,191.59116844475085,0.0
random-s0-0186,voronoi,cycle,150.0,20.0,0.0,1,0,0,0,0,24.027371656314045,24.027371656314045,84.1360773786405,0.0
random-s0-0186,voronoi,cycle,150.0,100.0,0.0,1,0,0,0,0,24.501920025319663,24.501920025319663,101.50267674043852,0.0
random-s0-0186,voronoi,event,0.0,20.0,0.0,1,0,0,0,0,30.38049860907745,167.87381447778512,30.38049860907745,0.0
random-s0-0186,voronoi,event,0.0,100.0,0.0,1,0,1,1,0,-97.48872803675062,283.5418428295803,-97.48872803675062,799.9999999999999
random-s0-0186,voronoi,event,50.0,20.0,0.0,1,0,0,0,0,2.483541620326178,2.483541620326178,31.10652383271469,0.0
random-s0-0186,voronoi,event,50.0,100.0,0.0,1,0,0,0,0,11.04178518330977,11.04178518330977,49.87798841232234,0.0
random-s0-0186,voronoi,event,150.0,20.0,0.0,1,0,0,0,0,1.0588519451999616,1.0588519451999616,74.2372622350772,0.0
random-s0-0186,voronoi,event,150.0,100.0,0.0,1,0,0,0,0,70.99798543676798,300.04157541664534,70.99798543676798,0.0
random-s0-0186,prm,once,0.0,20.0,0.0,1,0,3,1,2,-108.9672009941814,-98.382138507667,-108.9672009941814,380.00000000000006
random-s0-0186,prm,cycle,0.0,20.0,0.0,1,0,2,0,2,-107.52439679712464,-107.52439679712464,49.87798841232237,220.0
random-s0-0186,prm,cycle,0.0,100.0,0.0,1,0,0,0,0,13.033561044836375,19.625047822597,13.033561044836375,0.0
random-s0-0186,prm,cycle,50.0,20.0,0.0,1,0,0,0,0,61.29838041522055,286.2166598868911,61.29838041522055,0.0
random-s0-0186,prm,cycle,50.0,100.0,0.0,1,0,0,0,0,14.147548583077764,303.4661497486857,14.147548583077764,0.0
random-s0-0186,prm,cycle,150.0,20.0,0.0,1,0,0,0,0,53.696677765991296,299.26363123773444,53.696677765991296,0.0
random-s0-0186,prm,cycle,150.0,100.0,0.0,1,0,0,0,0,77.86808742787935,239.33788907691363,77.86808742787935,0.0
random-s0-0186,prm,event,0.0,20.0,0.0,1,0,2,2,0,-6.463486990152745,65.92774440592748,-6.463486990152745,40.0
random-s0-0186,prm,event,0.0,100.0,0.0,1,0,0,0,0,49.87798841232234,127.69271335168236,49.87798841232234,0.0
random-s0-0186,prm,event,50.0,20.0,0.0,1,0,0,0,0,30.423378139120015,258.47463173979287,30.423378139120015,0.0
random-s0-0186,prm,event,50.0,100.0,0.0,1,0,0,0,0,49.87798841232234,92.3429531996257,49.87798841232234,0.0
random-s0-0186,prm,event,150.0,20.0,0.0,1,0,0,0,0,52.95427699062145,131.4062571250521,52.95427699062145,0.0
random-s0-0186,prm,event,150.0,100.0,0.0,1,0,0,0,0,77.86808742787935,288.0636096205314,77.86808742787935,0.0
random-s0-0186,visibility,once,0.0,20.0,0.0,1,0,6,5,1,-113.7806509730702,-2.0712566784964963,-113.7806509730702,1120.0000000000005
random-s0-0186,visibility,cycle,0.0,20.0,0.0,1,0,2,2,0,-106.5921805208094,0.1279175112511268,-106.5921805208094,660.0000000000002
random-s0-0186,visibility,cycle,0.0,100.0,0.0,1,0,3,2,1,-110.27141613597928,-45.47029432182615,-110.27141613597928,900.0000000000002
random-s0-0186,visibility,cycle,50.0,20.0,0.0,1,0,2,2,0,-79.38018388011406,53.09329603820487,-79.38018388011406,500.0000000000001
random-s0-0186,visibility,cycle,50.0,100.0,0.0,1,0,2,2,0,-84.64184720288814,39.82307117975222,-84.64184720288814,519.9999999999999
random-s0-0186,visibility,cycle,150.0,20.0,0.0,1,0,1,1,0,-61.75617172316417,302.13598447953217,-61.75617172316417,360.00000000000006
random-s0-0186,visibility,cycle,150.0,100.0,0.0,1,0,1,1,0,-48.39536117800097,230.5133654308553,-48.39536117800097,259.99999999999994
random-s0-0186,visibility,event,0.0,20.0,0.0,1,0,2,2,0,-138.35670043888473,87.06914969912225,-138.35670043888473,940.0000000000005
random-s0-0186,visibility,event,0.0,100.0,0.0,1,0,3,2,1,-105.98616291355738,-39.942312718078966,-105.98616291355738,860.0000000000002
random-s0-0186,visibility,event,50.0,20.0,0.0,1,0,2,2,0,-150.7686160730555,96.0288921949575,-150.7686160730555,820.0000000000003
random-s0-0186,visibility,event,50.0,100.0,0.0,1,0,2,2,0,-135.5099238936961,99.65894609495024,-135.5099238936961,840.0000000000003
random-s0-0186,visibility,event,150.0,20.0,0.0,1,0,0,0,0,29.059424737546493,342.0290489364854,29.059424737546493,0.0
random-s0-0186,visibility,event,150.0,100.0,0.0,1,0,1,1,0,-7.38482880170244,151.080813369429,-7.38482880170244,79.9999999999998
random-s0-0187,voronoi,once,0.0,20.0,0.0,1,0,0,0,0,75.52737886005909,98.21792542830563,75.52737886005909,0.0
random-s0-0187,voronoi,cycle,0.0,20.0,0.0,1,0,0,0,0,33.00012689487585,156.8426544638408,33.00012689487585,0.0
random-s0-0187,voronoi,cycle,0.0,100.0,0.0,1,0,0,0,0,47.68784193855427,98.21792542830563,47.68784193855427,0.0
random-s0-0187,voronoi,cycle,50.0,20.0,0.0,1,0,0,0,0,25.110564913731626,163.8477392149486,25.110564913731626,0.0
random-s0-0187,voronoi,cycle,50.0,100.0,0.0,1,0,0,0,0,88.5754849637654,206.71172613765864,88.5754849637654,0.0
random-s0-0187,voronoi,cycle,150.0,20.0,0.0,1,0,0,0,0,87.12029778463113,257.4438980150009,87.12029778463113,0.0
random-s0-0187,voronoi,cycle,150.0,100.0,0.0,1,0,0,0,0,187.04475626413648,228.25175168152796,187.04475626413648,0.0
random-s0-0187,voronoi,event,0.0,20.0,0.0,1,0,0,0,0,10.207883473650696,92.22274336044654,10.207883473650696,0.0
random-s0-0187,voronoi,event,0.0,100.0,0.0,1,0,1,1,0,-18.107818372288648,98.21792542830563,-18.107818372288648,39.99999999999991
random-s0-0187,voronoi,event,50.0,20.0,0.0,1,0,0,0,0,23.08540529700269,255.35253160179195,23.08540529700269,0.0
random-s0-0187,voronoi,event,50.0,100.0,0.0,1,0,0,0,0,88.5754849637654,144.32933296120746,88.5754849637654,0.0
random-s0-0187,voronoi,event,150.0,20.0,0.0,1,0,0,0,0,176.0777490301329,232.0596616911291,176.0777490301329,0.0
random-s0-0187,voronoi,event,150.0,100.0,0.0,1,0,0,0,0,138.4492725855431,232.9520629790956,138.4492725855431,0.0
random-s0-0187,prm,once,0.0,20.0,0.0,1,0,0,0,0,54.70429536179586,98.21792542830563,54.70429536179586,0.0
random-s0-0187,prm,cycle,0.0,20.0,0.0,1,0,0,0,0,4.35268410102924,131.14521706158934,4.35268410102924,0.0
random-s0-0187,prm,cycle,0.0,100.0,0.0,1,0,0,0,0,54.70429536179586,98.21792542830563,54.70429536179586,0.0
random-s0-0187,prm,cycle,50.0,20.0,0.0,1,0,0,0,0,31.08205018514636,273.8697863404446,31.08205018514636,0.0
random-s0-0187,prm,cycle,50.0,100.0,0.0,1,0,0,0,0,54.70429536179586,145.7909031892267,54.70429536179586,0.0
random-s0-0187,prm,cycle,150.0,20.0,0.0,1,0,0,0,0,107.8063226988686,281.0800934326598,107.8063226988686,0.0
random-s0-0187,prm,cycle,150.0,100.0,0.0,1,0,0,0,0,127.68546205403176,288.04319887672784,127.68546205403176,0.0
random-s0-0187,prm,event,0.0,20.0,0.0,1,0,0,0,0,4.35268410102924,131.14521706158934,4.35268410102924,0.0
random-s0-0187,prm,event,0.0,100.0,0.0,1,0,0,0,0,54.70429536179586,98.21792542830563,54.70429536179586,0.0
random-s0-0187,prm,event,50.0,20.0,0.0,1,0,0,0,0,41.22686027642234,272.86823355539985,41.22686027642234,0.0
random-s0-0187,prm,event,50.0,100.0,0.0,1,0,0,0,0,54.70429536179586,267.69237787951687,54.70429536179586,0.0
random-s0-0187,prm,event,150.0,20.0,0.0,1,0,0,0,0,98.79914985254322,280.4661308831347,98.79914985254322,0.0
random-s0-0187,prm,event,150.0,100.0,0.0,1,0,0,0,0,141.37140353421688,288.04319887672784,141.37140353421688,0.0
random-s0-0187,visibility,once,0.0,20.0,0.0,1,0,2,2,0,-87.59001493700484,98.21792542830563,-87.59001493700484,300.0
random-s0-0187,visibility,cycle,0.0,20.0,0.0,1,0,0,0,0,45.98899630217485,247.7688015283064,45.98899630217485,0.0
random-s0-0187,visibility,cycle,0.0,100.0,0.0,1,0,0,0,0,64.5394242056621,98.21792542830563,64.5394242056621,0.0
random-s0-0187,visibility,cycle,50.0,20.0,0.0,1,0,0,0,0,59.78849830730556,286.63239509963984,59.78849830730556,0.0
random-s0-0187,visibility,cycle,50.0,100.0,0.0,1,0,0,0,0,64.89231295279669,64.89231295279669,74.05508592989258,0.0
random-s0-0187,visibility,cycle,150.0,20.0,0.0,1,0,1,1,0,-61.29829587410596,224.78769590377,-61.29829587410596,279.9999999999999
random-s0-0187,visibility,cycle,150.0,100.0,0.0,1,0,1,1,0,-102.71802695195932,233.44687644110732,-102.71802695195932,219.9999999999997
random-s0-0187,visibility,event,0.0,20.0,0.0,1,0,0,0,0,61.94767813554824,247.7688015283064,61.94767813554824,0.0
random-s0-0187,visibility,event,0.0,100.0,0.0,1,0,0,0,0,80.38778691864223,98.21792542830563,80.38778691864223,0.0
random-s0-0187,visibility,event,50.0,20.0,0.0,1,0,0,0,0,59.78849830730556,276.237917969263,59.78849830730556,0.0
random-s0-0187,visibility,event,50.0,100.0,0.0,1,0,1,1,0,-84.77481507014004,64.89231295279669,-84.77481507014004,79.9999999999999
random-s0-0187,visibility,event,150.0,20.0,0.0,1,0,1,1,0,-60.881662960429466,226.67716083736812,-60.881662960429466,279.9999999999999
random-s0-0187,visibility,event,150.0,100.0,0.0,1,0,1,1,0,-102.71802695195932,233.44687644110732,-102.71802695195932,219.9999999999997
random-s0-0188,voronoi,once,0.0,20.0,0.0,1,0,10,4,6,-136.6709822782366,-136.6709822782366,-75.91702508207241,1500.000000000001
random-s0-0188,voronoi,cycle,0.0,20.0,0.0,1,0,2,1,1,-139.89570302389978,-0.7480641516984008,-139.89570302389978,780.0000000000003
random-s0-0188,voronoi,cycle,0.0,100.0,0.0,1,0,3,2,1,-126.28741718113126,-126.28741718113126,-16.308876502240935,299.99999999999983
random-s0-0188,voronoi,cycle,50.0,20.0,0.0,1,0,1,1,0,-20.285451136206404,11.874832753334973,-20.285451136206404,300.0
random-s0-0188,voronoi,cycle,50.0,100.0,0.0,1,0,0,0,0,24.903907576301208,43.72035609885393,24.903907576301208,0.0
random-s0-0188,voronoi,cycle,150.0,20.0,0.0,1,0,0,0,0,59.60873675078594,94.00028655856346,59.60873675078594,0.0
random-s0-0188,voronoi,cycle,150.0,100.0,0.0,1,0,0,0,0,10.058371980683916,83.84212312929583,10.058371980683916,0.0
random-s0-0188,voronoi,event,0.0,20.0,0.0,1,0,0,0,0,0.6760310057380821,38.69531577859357,0.6760310057380821,0.0
random-s0-0188,voronoi,event,0.0,100.0,0.0,1,0,3,3,0,-47.0200267489426,106.86290993319602,-47.0200267489426,359.99999999999994
random-s0-0188,voronoi,event,50.0,20.0,0.0,1,0,0,0,0,3.210364119819332,3.210364119819332,24.82251163614393,0.0
random-s0-0188,voronoi,event,50.0,100.0,0.0,1,0,0,0,0,10.166792613814891,10.166792613814891,17.0082516935214,0.0
random-s0-0188,voronoi,event,150.0,20.0,0.0,1,0,1,1,0,-54.02901921517457,67.87623407166322,-54.02901921517457,160.0
random-s0-0188,voronoi,event,150.0,100.0,0.0,1,0,0,0,0,49.99503040183771,70.50806338381241,49.99503040183771,0.0
random-s0-0188,prm,once,0.0,20.0,0.0,1,0,7,3,4,-126.57385252304678,-126.57385252304678,-75.91702508207241,960.0000000000006
random-s0-0188,prm,cycle,0.0,20.0,0.0,1,0,3,2,1,-37.652301997613705,-10.849669123504128,-37.652301997613705,540.0000000000001
random-s0-0188,prm,cycle,0.0,100.0,0.0,1,0,6,3,3,-102.52520303401994,-102.52520303401994,-25.56837441331953,740.0000000000002
random-s0-0188,prm,cycle,50.0,20.0,0.0,1,0,2,2,0,-27.49493333144511,12.693359019503362,-27.49493333144511,420.0000000000001
random-s0-0188,prm,cycle,50.0,100.0,0.0,1,0,4,2,2,-127.35996263277522,-127.35996263277522,-48.62132698807699,820.0000000000002
random-s0-0188,prm,cycle,150.0,20.0,0.0,1,0,2,2,0,-3.9026454310372856,34.40126662982223,-3.9026454310372856,140.0
random-s0-0188,prm,cycle,150.0,100.0,0.0,1,0,3,2,1,-60.87634766137037,-11.292431029230189,-60.87634766137037,660.0000000000002
random-s0-0188,prm,event,0.0,20.0,0.0,1,0,1,1,0,-13.118756960911185,9.480668990735523,-13.118756960911185,140.0
random-s0-0188,prm,event,0.0,100.0,0.0,1,0,6,3,3,-161.25977668176222,-161.25977668176222,-25.56837441331953,760.0000000000002
random-s0-0188,prm,event,50.0,20.0,0.0,1,0,0,0,0,14.342144282570615,14.342144282570615,17.008251693521572,0.0
random-s0-0188,prm,event,50.0,100.0,0.0,1,0,1,1,0,-37.29904369086452,21.98569942132613,-37.29904369086452,220.0
random-s0-0188,prm,event,150.0,20.0,0.0,1,0,1,1,0,-53.66162025346832,72.97642315560515,-53.66162025346832,240.0
random-s0-0188,prm,event,150.0,100.0,0.0,1,0,0,0,0,9.555128746623922,9.555128746623922,17.0082516935214,0.0
random-s0-0188,visibility,once,0.0,20.0,0.0,1,0,5,3,2,-91.03691384573256,-91.03691384573256,-75.91702508207241,860.0000000000005
random-s0-0188,visibility,cycle,0.0,20.0,0.0,1,0,3,2,1,-71.12802233971674,-36.31217613320328,-71.12802233971674,920.0000000000005
random-s0-0188,visibility,cycle,0.0,100.0,0.0,1,0,4,3,1,-68.4784533265085,-4.861727231888466,-68.4784533265085,740.0000000000003
random-s0-0188,visibility,cycle,50.0,20.0,0.0,1,0,3,2,1,-51.81673247218831,-39.69157425487046,-51.81673247218831,900.0000000000005
random-s0-0188,visibility,cycle,50.0,100.0,0.0,1,0,3,2,1,-70.18232071608692,-39.57710555422108,-70.18232071608692,920.0000000000005
random-s0-0188,visibility,cycle,150.0,20.0,0.0,1,0,5,4,1,-89.78032415674096,-22.749411096356283,-89.78032415674096,720.0000000000003
random-s0-0188,visibility,cycle,150.0,100.0,0.0,1,0,2,1,1,-44.1774151421962,-44.1774151421962,-38.45113635288081,620.0000000000001
random-s0-0188,visibility,event,0.0,20.0,0.0,1,0,5,4,1,-170.7045427781785,-48.53479463541211,-170.7045427781785,1440.0
random-s0-0188,visibility,event,0.0,100.0,0.0,1,0,4,3,1,-69.8582377875517,-4.861727231888466,-69.8582377875517,760.0000000000003
random-s0-0188,visibility,event,50.0,20.0,0.0,1,0,4,3,1,-94.75246351221858,-54.44717144838499,-94.75246351221858,1299.9999999999914
random-s0-0188,visibility,event,50.0,100.0,0.0,1,0,5,4,1,-155.91699374787703,-29.72725999098216,-155.91699374787703,1660.000000000001
random-s0-0188,visibility,event,150.0,20.0,0.0,1,0,4,2,2,-65.77523391811397,-59.1433048762966,-65.77523391811397,760.0000000000003
random-s0-0188,visibility,event,150.0,100.0,0.0,1,0,4,3,1,-92.74813682325684,-22.895674278136056,-92.74813682325684,920.0000000000005
random-s0-0189,voronoi,once,0.0,20.0,0.0,1,0,0,0,0,65.16776605846798,255.9795637412377,65.16776605846798,0.0
random-s0-0189,voronoi,cycle,0.0,20.0,0.0,1,0,0,0,0,65.16776605846803,255.9795637412377,65.16776605846803,0.0
random-s0-0189,voronoi,cycle,0.0,100.0,0.0,1,0,0,0,0,65.16776605846849,255.9795637412377,65.16776605846849,0.0
random-s0-0189,voronoi,cycle,50.0,20.0,0.0,1,0,0,0,0,65.16776605846803,255.9795637412377,65.16776605846803,0.0
random-s0-0189,voronoi,cycle,50.0,100.0,0.0,1,0,0,0,0,65.16776605846849,255.9795637412377,65.16776605846849,0.0
random-s0-0189,voronoi,cycle,150.0,20.0,0.0,1,0,0,0,0,86.93509138363567,255.9795637412377,86.93509138363567,0.0
random-s0-0189,voronoi,cycle,150.0,100.0,0.0,1,0,0,0,0,114.0631102298234,255.9795637412377,114.0631102298234,0.0
random-s0-0189,voronoi,event,0.0,20.0,0.0,1,0,0,0,0,65.16776605846803,255.9795637412377,65.16776605846803,0.0
random-s0-0189,voronoi,event,0.0,100.0,0.0,1,0,0,0,0,65.16776605846849,255.9795637412377,65.16776605846849,0.0
random-s0-0189,voronoi,event,50.0,20.0,0.0,1,0,0,0,0,65.16776605846803,255.9795637412377,65.16776605846803,0.0
random-s0-0189,voronoi,event,50.0,100.0,0.0,1,0,0,0,0,65.16776605846849,255.9795637412377,65.16776605846849,0.0
random-s0-0189,voronoi,event,150.0,20.0,0.0,1,0,0,0,0,125.94232478399464,255.9795637412377,125.94232478399464,0.0
random-s0-0189,voronoi,event,150.0,100.0,0.0,1,0,0,0,0,140.6321244868151,255.9795637412377,140.6321244868151,0.0
random-s0-0189,prm,once,0.0,20.0,0.0,1,0,2,0,2,-143.69633508233107,-143.69633508233107,65.16776605846798,660.0000000000002
random-s0-0189,prm,cycle,0.0,20.0,0.0,1,0,0,0,0,65.16776605846803,255.9795637412377,65.16776605846803,0.0
random-s0-0189,prm,cycle,0.0,100.0,0.0,1,0,0,0,0,65.16776605846849,255.9795637412377,65.16776605846849,0.0
random-s0-0189,prm,cycle,50.0,20.0,0.0,1,0,0,0,0,65.16776605846803,255.9795637412377,65.16776605846803,0.0
random-s0-0189,prm,cycle,50.0,100.0,0.0,1,0,0,0,0,65.16776605846849,255.9795637412377,65.16776605846849,0.0
random-s0-0189,prm,cycle,150.0,20.0,0.0,1,0,0,0,0,21.385567921414207,255.9795637412377,21.385567921414207,0.0
random-s0-0189,prm,cycle,150.0,100.0,0.0,1,0,0,0,0,21.385567921414548,255.9795637412377,21.385567921414548,0.0
random-s0-0189,prm,event,0.0,20.0,0.0,1,0,0,0,0,65.16776605846803,255.9795637412377,65.16776605846803,0.0
random-s0-0189,prm,event,0.0,100.0,0.0,1,0,0,0,0,65.16776605846849,255.9795637412377,65.16776605846849,0.0
random-s0-0189,prm,event,50.0,20.0,0.0,1,0,0,0,0,65.16776605846803,255.9795637412377,65.16776605846803,0.0
random-s0-0189,prm,event,50.0,100.0,0.0,1,0,0,0,0,65.16776605846849,255.9795637412377,65.16776605846849,0.0
random-s0-0189,prm,event,150.0,20.0,0.0,1,0,0,0,0,21.385567921414207,255.9795637412377,21.385567921414207,0.0
random-s0-0189,prm,event,150.0,100.0,0.0,1,0,0,0,0,21.385567921414548,255.9795637412377,21.385567921414548,0.0
random-s0-0189,visibility,once,0.0,20.0,0.0,1,0,0,0,0,65.16776605846798,255.9795637412377,65.16776605846798,0.0
random-s0-0189,visibility,cycle,0.0,20.0,0.0,1,0,0,0,0,65.16776605846803,255.9795637412377,65.16776605846803,0.0
random-s0-0189,visibility,cycle,0.0,100.0,0.0,1,0,0,0,0,65.16776605846849,255.9795637412377,65.16776605846849,0.0
random-s0-0189,visibility,cycle,50.0,20.0,0.0,1,0,0,0,0,65.16776605846803,255.9795637412377,65.16776605846803,0.0
random-s0-0189,visibility,cycle,50.0,100.0,0.0,1,0,0,0,0,65.16776605846849,255.9795637412377,65.16776605846849,0.0
random-s0-0189,visibility,cycle,150.0,20.0,0.0,1,0,0,0,0,65.16776605846803,255.9795637412377,65.16776605846803,0.0
random-s0-0189,visibility,cycle,150.0,100.0,0.0,1,0,0,0,0,65.16776605846849,255.9795637412377,65.16776605846849,0.0
random-s0-0189,visibility,event,0.0,20.0,0.0,1,0,0,0,0,65.16776605846803,255.9795637412377,65.16776605846803,0.0
random-s0-0189,visibility,event,0.0,100.0,0.0,1,0,0,0,0,65.16776605846849,255.9795637412377,65.16776605846849,0.0
random-s0-0189,visibility,event,50.0,20.0,0.0,1,0,0,0,0,65.16776605846803,255.9795637412377,65.16776605846803,0.0
random-s0-0189,visibility,event,50.0,100.0,0.0,1,0,0,0,0,65.16776605846849,255.9795637412377,65.16776605846849,0.0
random-s0-0189,visibility,event,150.0,20.0,0.0,1,0,0,0,0,65.16776605846803,255.9795637412377,65.16776605846803,0.0
random-s0-0189,visibility,event,150.0,100.0,0.0,1,0,0,0,0,65.16776605846849,255.9795637412377,65.16776605846849,0.0
random-s0-0190,voronoi,once,0.0,20.0,0.0,1,0,1,1,0,-118.64306497141992,308.729130202938,-118.64306497141992,180.0
random-s0-0190,voronoi,cycle,0.0,20.0,0.0,1,0,3,2,1,-91.63446709726097,-2.0449509211427994,-91.63446709726097,1080.0000000000005
random-s0-0190,voronoi,cycle,0.0,100.0,0.0,1,0,1,1,0,-42.58735132428137,202.85881435194693,-42.58735132428137,379.9999999999997
random-s0-0190,voronoi,cycle,50.0,20.0,0.0,1,0,1,1,0,-31.2350868883496,35.06584471717795,-31.2350868883496,560.0000000000001
random-s0-0190,voronoi,cycle,50.0,100.0,0.0,1,0,2,1,1,-64.18639260498614,-0.6788817332124779,-64.18639260498614,760.0000000000003
random-s0-0190,voronoi,cycle,150.0,20.0,0.0,1,0,0,0,0,132.03210118074293,219.50496699361213,132.03210118074293,0.0
random-s0-0190,voronoi,cycle,150.0,100.0,0.0,1,0,0,0,0,129.7378225205385,304.3014930668417,129.7378225205385,0.0
random-s0-0190,voronoi,event,0.0,20.0,0.0,1,0,1,1,0,-40.29725657333955,156.68212206094853,-40.29725657333955,680.0000000000001
random-s0-0190,voronoi,event,0.0,100.0,0.0,1,0,2,2,0,-165.41174999911476,172.03045032459602,-165.41174999911476,760.0
random-s0-0190,voronoi,event,50.0,20.0,0.0,1,0,1,1,0,-5.881522865922932,3.5441523848594443,-5.881522865922932,220.0
random-s0-0190,voronoi,event,50.0,100.0,0.0,1,0,1,1,0,-24.45409937347276,163.83071757822609,-24.45409937347276,440.0
random-s0-0190,voronoi,event,150.0,20.0,0.0,1,0,0,0,0,131.85851573894467,219.50496699361213,131.85851573894467,0.0
random-s0-0190,voronoi,event,150.0,100.0,0.0,1,0,0,0,0,129.7378225205385,304.3014930668417,129.7378225205385,0.0
random-s0-0190,prm,once,0.0,20.0,0.0,1,0,1,1,0,-118.64306497141992,433.2718176176884,-118.64306497141992,180.0
random-s0-0190,prm,cycle,0.0,20.0,0.0,1,0,0,0,0,84.99490390852515,173.10044003482773,84.99490390852515,0.0
random-s0-0190,prm,cycle,0.0,100.0,0.0,1,0,0,0,0,83.89296331482626,343.2063010276079,83.89296331482626,0.0
random-s0-0190,prm,cycle,50.0,20.0,0.0,1,0,0,0,0,127.51211883470812,218.490223687868,127.51211883470812,0.0
random-s0-0190,prm,cycle,50.0,100.0,0.0,1,0,0,0,0,129.66665758400512,343.2063010276079,129.66665758400512,0.0
random-s0-0190,prm,cycle,150.0,20.0,0.0,1,0,0,0,0,20.06445556084753,20.06445556084753,134.95344211830178,0.0
random-s0-0190,prm,cycle,150.0,100.0,0.0,1,0,0,0,0,98.99865720122595,98.99865720122595,134.69974804098644,0.0
random-s0-0190,prm,event,0.0,20.0,0.0,1,0,0,0,0,47.35108307169838,173.10044003482773,47.35108307169838,0.0
random-s0-0190,prm,event,0.0,100.0,0.0,1,0,0,0,0,83.89296331482626,343.2063010276079,83.89296331482626,0.0
random-s0-0190,prm,event,50.0,20.0,0.0,1,0,0,0,0,91.988798639373,218.490223687868,91.988798639373,0.0
random-s0-0190,prm,event,50.0,100.0,0.0,1,0,0,0,0,129.66665758400512,343.2063010276079,129.66665758400512,0.0
random-s0-0190,prm,event,150.0,20.0,0.0,1,0,0,0,0,20.06445556084753,20.06445556084753,134.95344211830178,0.0
random-s0-0190,prm,event,150.0,100.0,0.0,1,0,2,2,0,-30.88148434284301,45.85245503007894,-30.88148434284301,140.0
random-s0-0190,visibility,once,0.0,20.0,0.0,1,0,1,1,0,-118.64306497141992,206.23458463760227,-118.64306497141992,180.0
random-s0-0190,visibility,cycle,0.0,20.0,0.0,1,0,0,0,0,40.70359839400126,141.6631876022168,40.70359839400126,0.0
random-s0-0190,visibility,cycle,0.0,100.0,0.0,1,0,0,0,0,14.876340851707653,187.1721193064771,14.876340851707653,0.0
random-s0-0190,visibility,cycle,50.0,20.0,0.0,1,0,0,0,0,64.24875731290373,183.60273008400617,64.24875731290373,0.0
random-s0-0190,visibility,cycle,50.0,100.0,0.0,1,0,0,0,0,81.42337481287791,187.1721193064771,81.42337481287791,0.0
random-s0-0190,visibility,cycle,150.0,20.0,0.0,1,0,0,0,0,1.4678464476936313,1.4678464476936313,95.1135066791732,0.0
random-s0-0190,visibility,cycle,150.0,100.0,0.0,1,0,0,0,0,4.636533089328594,4.636533089328594,121.55323021616364,0.0
random-s0-0190,visibility,event,0.0,20.0,0.0,1,0,0,0,0,48.9546408900095,141.6631876022168,48.9546408900095,0.0
random-s0-0190,visibility,event,0.0,100.0,0.0,1,0,0,0,0,14.876340851707653,187.1721193064771,14.876340851707653,0.0
random-s0-0190,visibility,event,50.0,20.0,0.0,1,0,0,0,0,74.10641589398546,185.6842104300632,74.10641589398546,0.0
random-s0-0190,visibility,event,50.0,100.0,0.0,1,0,0,0,0,106.94003560027905,187.1721193064771,106.94003560027905,0.0
random-s0-0190,visibility,event,150.0,20.0,0.0,1,0,0,0,0,1.4678464476936313,1.4678464476936313,116.01490516791192,0.0
random-s0-0190,visibility,event,150.0,100.0,0.0,1,0,0,0,0,4.636533089328594,4.636533089328594,130.2230641819546,0.0
random-s0-0191,voronoi,once,0.0,20.0,0.0,1,0,4,2,2,-163.40886600159513,-90.14829584585829,-163.40886600159513,900.0000000000005
random-s0-0191,voronoi,cycle,0.0,20.0,0.0,1,0,1,0,1,-2.373067538934549,-2.373067538934549,75.53590745724946,20.0
random-s0-0191,voronoi,cycle,0.0,100.0,0.0,1,0,2,0,2,-54.66365712575475,-54.66365712575475,75.53590745724946,139.99999999999997
random-s0-0191,voronoi,cycle,50.0,20.0,0.0,1,0,0,0,0,1.93597055013538,1.93597055013538,75.53590745724946,0.0
random-s0-0191,voronoi,cycle,50.0,100.0,0.0,1,0,0,0,0,52.01170216679924,52.01170216679924,75.53590745724946,0.0
random-s0-0191,voronoi,cycle,150.0,20.0,0.0,1,0,0,0,0,75.53590745724946,102.06636306134573,75.53590745724946,0.0
random-s0-0191,voronoi,cycle,150.0,100.0,0.0,1,0,1,0,1,-34.954730202818496,-34.954730202818496,75.53590745724946,159.99999999999994
random-s0-0191,voronoi,event,0.0,20.0,0.0,1,0,0,0,0,0.0542127907076803,0.0542127907076803,75.53590745724946,0.0
random-s0-0191,voronoi,event,0.0,100.0,0.0,1,0,1,0,1,-85.32166842491294,-85.32166842491294,75.53590745724946,120.0
random-s0-0191,voronoi,event,50.0,20.0,0.0,1,0,0,0,0,2.8203520422063946,2.8203520422063946,75.53590745724946,0.0
random-s0-0191,voronoi,event,50.0,100.0,0.0,1,0,0,0,0,24.51681298837576,24.51681298837576,75.53590745724946,0.0
random-s0-0191,voronoi,event,150.0,20.0,0.0,1,0,0,0,0,75.53590745724946,88.5994757683689,75.53590745724946,0.0
random-s0-0191,voronoi,event,150.0,100.0,0.0,1,0,0,0,0,75.53590745724946,95.49515214804012,75.53590745724946,0.0
random-s0-0191,prm,once,0.0,20.0,0.0,1,0,4,2,2,-163.40886600159513,-147.92868146350335,-163.40886600159513,840.0000000000005
random-s0-0191,prm,cycle,0.0,20.0,0.0,1,0,3,2,1,-23.814885396912672,-23.814885396912672,-19.745845871832728,300.0
random-s0-0191,prm,cycle,0.0,100.0,0.0,1,0,2,1,1,-140.9155681362294,-140.9155681362294,-107.63000199094674,339.9999999999997
random-s0-0191,prm,cycle,50.0,20.0,0.0,1,0,0,0,0,27.901867073605477,27.901867073605477,53.12229859156281,0.0
random-s0-0191,prm,cycle,50.0,100.0,0.0,1,0,0,0,0,75.53590745724946,151.91797559373157,75.53590745724946,0.0
random-s0-0191,prm,cycle,150.0,20.0,0.0,1,0,1,1,0,-76.70999526400706,39.07251638297328,-76.70999526400706,220.0
random-s0-0191,prm,cycle,150.0,100.0,0.0,1,0,0,0,0,75.53590745724946,108.61464477898733,75.53590745724946,0.0
random-s0-0191,prm,event,0.0,20.0,0.0,1,0,1,0,1,-56.33727532463354,-56.33727532463354,75.53590745724946,99.99999999999996
random-s0-0191,prm,event,0.0,100.0,0.0,1,0,2,1,1,-74.86416141708092,-54.99321180347795,-74.86416141708092,179.9999999999999
random-s0-0191,prm,event,50.0,20.0,0.0,1,0,0,0,0,8.872924893255203,8.872924893255203,75.53590745724946,0.0
random-s0-0191,prm,event,50.0,100.0,0.0,1,0,0,0,0,52.91327887248801,52.91327887248801,75.53590745724946,0.0
random-s0-0191,prm,event,150.0,20.0,0.0,1,0,0,0,0,43.43734318937348,43.43734318937348,75.53590745724946,0.0
random-s0-0191,prm,event,150.0,100.0,0.0,1,0,0,0,0,75.53590745724946,87.98273334160137,75.53590745724946,0.0
random-s0-0191,visibility,once,0.0,20.0,0.0,1,0,4,2,2,-163.40886600159513,-150.07989935923504,-163.40886600159513,760.0000000000003
random-s0-0191,visibility,cycle,0.0,20.0,0.0,1,0,1,0,1,-176.11309355755066,-176.11309355755066,75.53590745724946,59.99999999999999
random-s0-0191,visibility,cycle,0.0,100.0,0.0,1,0,1,0,1,-150.07989935923504,-150.07989935923504,75.53590745724946,60.0
random-s0-0191,visibility,cycle,50.0,20.0,0.0,1,0,0,0,0,48.477738118648006,48.477738118648006,75.53590745724946,0.0
random-s0-0191,visibility,cycle,50.0,100.0,0.0,1,0,1,0,1,-150.36411494544262,-150.36411494544262,75.53590745724946,60.0
random-s0-0191,visibility,cycle,150.0,20.0,0.0,1,0,2,0,2,-150.92375969457646,-150.92375969457646,75.53590745724946,120.0
random-s0-0191,visibility,cycle,150.0,100.0,0.0,1,0,2,0,2,-150.92375969457646,-150.92375969457646,75.53590745724946,200.0
random-s0-0191,visibility,event,0.0,20.0,0.0,1,0,2,0,2,-165.61929908058943,-165.61929908058943,75.53590745724946,259.99999999999994
random-s0-0191,visibility,event,0.0,100.0,0.0,1,0,1,0,1,-150.07989935923504,-150.07989935923504,75.53590745724946,60.0
random-s0-0191,visibility,event,50.0,20.0,0.0,1,0,1,0,1,-11.471625041860392,-11.471625041860392,75.53590745724946,300.0
random-s0-0191,visibility,event,50.0,100.0,0.0,1,0,2,0,2,-150.36411494544262,-150.36411494544262,75.53590745724946,420.0000000000001
random-s0-0191,visibility,event,150.0,20.0,0.0,1,0,2,0,2,-150.92375969457646,-150.92375969457646,75.53590745724946,279.99999999999994
random-s0-0191,visibility,event,150.0,100.0,0.0,1,0,2,0,2,-150.92375969457646,-150.92375969457646,75.53590745724946,360.00000000000006
random-s0-0192,voronoi,once,0.0,20.0,0.0,1,0,1,0,1,-36.50578841476511,-36.50578841476511,47.184343297540266,80.0
random-s0-0192,voronoi,cycle,0.0,20.0,0.0,1,0,5,5,0,-6.013972305496537,59.6314982717268,-6.013972305496537,179.99999999999991
random-s0-0192,voronoi,cycle,0.0,100.0,0.0,1,0,2,1,1,-31.825901682569796,-31.825901682569796,-12.37514017302246,239.9999999999997
random-s0-0192,voronoi,cycle,50.0,20.0,0.0,1,0,0,0,0,47.184343297540295,92.17568106865474,47.184343297540295,0.0
random-s0-0192,voronoi,cycle,50.0,100.0,0.0,1,0,0,0,0,47.184343297540266,144.41138605534627,47.184343297540266,0.0
random-s0-0192,voronoi,cycle,150.0,20.0,0.0,1,0,0,0,0,208.68656961413237,262.8423049174506,208.68656961413237,0.0
random-s0-0192,voronoi,cycle,150.0,100.0,0.0,1,0,0,0,0,177.23108443806086,311.8659515402008,177.23108443806086,0.0
random-s0-0192,voronoi,event,0.0,20.0,0.0,1,0,3,2,1,-5.719672263776573,-2.429104761194281,-5.719672263776573,100.0
random-s0-0192,voronoi,event,0.0,100.0,0.0,1,0,3,1,2,-43.91270763324863,-43.91270763324863,-6.894804517391179,219.99999999999977
random-s0-0192,voronoi,event,50.0,20.0,0.0,1,0,0,0,0,47.184343297540295,60.79390715510033,47.184343297540295,0.0
random-s0-0192,voronoi,event,50.0,100.0,0.0,1,0,0,0,0,47.184343297540266,140.8772531587532,47.184343297540266,0.0
random-s0-0192,voronoi,event,150.0,20.0,0.0,1,0,0,0,0,5.69561845245758,5.69561845245758,177.23108443806098,0.0
random-s0-0192,voronoi,event,150.0,100.0,0.0,1,0,0,0,0,177.23108443806086,348.51435106267127,177.23108443806086,0.0
random-s0-0192,prm,once,0.0,20.0,0.0,1,0,2,1,1,-36.50578841476511,-36.50578841476511,-8.305333207540315,140.0
random-s0-0192,prm,cycle,0.0,20.0,0.0,1,0,1,1,0,-32.81250491235778,213.4927895123057,-32.81250491235778,380.00000000000006
random-s0-0192,prm,cycle,0.0,100.0,0.0,1,0,1,1,0,-39.62287539112984,96.77929684210426,-39.62287539112984,440.0000000000001
random-s0-0192,prm,cycle,50.0,20.0,0.0,1,0,1,1,0,-42.725995463805845,259.09378633544253,-42.725995463805845,440.0000000000001
random-s0-0192,prm,cycle,50.0,100.0,0.0,1,0,1,1,0,-68.52796010377554,157.12429114506057,-68.52796010377554,660.0000000000002
random-s0-0192,prm,cycle,150.0,20.0,0.0,1,0,1,0,1,-70.6650553262754,-70.6650553262754,123.65675045905896,59.99999999999997
random-s0-0192,prm,cycle,150.0,100.0,0.0,1,0,2,1,1,-70.66505532627616,-70.66505532627616,-29.89998867832477,159.9999999999999
random-s0-0192,prm,event,0.0,20.0,0.0,1,0,2,2,0,-20.071504512981196,24.730324823780503,-20.071504512981196,460.0000000000001
random-s0-0192,prm,event,0.0,100.0,0.0,1,0,1,1,0,-39.62287539112984,96.77929684210426,-39.62287539112984,440.0000000000001
random-s0-0192,prm,event,50.0,20.0,0.0,1,0,0,0,0,34.782383605594504,268.6932148325868,34.782383605594504,0.0
random-s0-0192,prm,event,50.0,100.0,0.0,1,0,1,1,0,-7.364933183439462,68.86081112414453,-7.364933183439462,20.0
random-s0-0192,prm,event,150.0,20.0,0.0,1,0,2,1,1,-70.9098130910204,-70.6650553262754,-70.9098130910204,159.99999999999997
random-s0-0192,prm,event,150.0,100.0,0.0,1,0,2,1,1,-70.66505532627616,-70.66505532627616,-29.89998867832477,159.9999999999999
random-s0-0192,visibility,once,0.0,20.0,0.0,1,0,1,0,1,-36.50578841476511,-36.50578841476511,47.184343297540266,80.0
random-s0-0192,visibility,cycle,0.0,20.0,0.0,1,0,0,0,0,47.184343297540295,159.73153395838324,47.184343297540295,0.0
random-s0-0192,visibility,cycle,0.0,100.0,0.0,1,0,0,0,0,47.184343297540266,81.95962004293659,47.184343297540266,0.0
random-s0-0192,visibility,cycle,50.0,20.0,0.0,1,0,0,0,0,47.184343297540295,206.6186551546637,47.184343297540295,0.0
random-s0-0192,visibility,cycle,50.0,100.0,0.0,1,0,0,0,0,47.184343297540266,232.3406181454476,47.184343297540266,0.0
random-s0-0192,visibility,cycle,150.0,20.0,0.0,1,0,0,0,0,58.25029204369153,263.7185624401685,58.25029204369153,0.0
random-s0-0192,visibility,cycle,150.0,100.0,0.0,1,0,1,1,0,-117.50292118128684,316.1547463200532,-117.50292118128684,299.9999999999997
random-s0-0192,visibility,event,0.0,20.0,0.0,1,0,0,0,0,47.184343297540295,152.2640948497293,47.184343297540295,0.0
random-s0-0192,visibility,event,0.0,100.0,0.0,1,0,0,0,0,47.184343297540266,81.95962004293659,47.184343297540266,0.0
random-s0-0192,visibility,event,50.0,20.0,0.0,1,0,0,0,0,47.184343297540295,213.53508724052472,47.184343297540295,0.0
random-s0-0192,visibility,event,50.0,100.0,0.0,1,0,0,0,0,47.184343297540266,256.37758957801924,47.184343297540266,0.0
random-s0-0192,visibility,event,150.0,20.0,0.0,1,0,0,0,0,202.09524787890732,303.60010823926467,202.09524787890732,0.0
random-s0-0192,visibility,event,150.0,100.0,0.0,1,0,1,1,0,-117.50292118128684,274.0918293053367,-117.50292118128684,299.9999999999997
random-s0-0193,voronoi,once,0.0,20.0,0.0,1,0,3,2,1,-162.29472106704827,-90.92303217455974,-162.29472106704827,600.0000000000002
random-s0-0193,voronoi,cycle,0.0,20.0,0.0,1,0,0,0,0,73.56199100435319,284.9122591326158,73.56199100435319,0.0
random-s0-0193,voronoi,cycle,0.0,100.0,0.0,1,0,0,0,0,73.56199100435319,284.3818535040393,73.56199100435319,0.0
random-s0-0193,voronoi,cycle,50.0,20.0,0.0,1,0,0,0,0,43.78172167327659,311.8665271688344,43.78172167327659,0.0
random-s0-0193,voronoi,cycle,50.0,100.0,0.0,1,0,0,0,0,41.81806552705154,332.3253951257024,41.81806552705154,0.0
random-s0-0193,voronoi,cycle,150.0,20.0,0.0,1,0,0,0,0,95.64040978501085,351.41150272886625,95.64040978501085,0.0
random-s0-0193,voronoi,cycle,150.0,100.0,0.0,1,0,0,0,0,143.9179863569828,349.65307179730803,143.9179863569828,0.0
random-s0-0193,voronoi,event,0.0,20.0,0.0,1,0,1,1,0,-25.01819651546589,10.29575752879424,-25.01819651546589,480.00000000000017
random-s0-0193,voronoi,event,0.0,100.0,0.0,1,0,1,1,0,-26.21464311026395,21.720183024705165,-26.21464311026395,160.0
random-s0-0193,voronoi,event,50.0,20.0,0.0,1,0,0,0,0,12.64855203705008,97.26536219417846,12.64855203705008,0.0
random-s0-0193,voronoi,event,50.0,100.0,0.0,1,0,0,0,0,27.295401231176243,27.295401231176243,54.02178625657251,0.0
random-s0-0193,voronoi,event,150.0,20.0,0.0,1,0,1,1,0,-3.5601621335428604,354.3350455419759,-3.5601621335428604,219.9999999999953
random-s0-0193,voronoi,event,150.0,100.0,0.0,1,0,2,2,0,-35.890230574224546,15.591082639307814,-35.890230574224546,560.0000000000001
random-s0-0193,prm,once,0.0,20.0,0.0,1,0,3,1,2,-162.29472106704827,-70.78742614799242,-162.29472106704827,560.0000000000001
random-s0-0193,prm,cycle,0.0,20.0,0.0,1,0,1,1,0,-29.04168151794508,124.3231070427476,-29.04168151794508,100.0
random-s0-0193,prm,cycle,0.0,100.0,0.0,1,0,3,0,3,-163.04711072332972,-163.04711072332972,73.56199100435319,1180.0000000000005
random-s0-0193,prm,cycle,50.0,20.0,0.0,1,0,0,0,0,11.79426981991702,11.79426981991702,73.56199100435319,0.0
random-s0-0193,prm,cycle,50.0,100.0,0.0,1,0,0,0,0,23.2217894026378,23.2217894026378,73.56199100435319,0.0
random-s0-0193,prm,cycle,150.0,20.0,0.0,1,0,0,0,0,4.847882825167403,4.847882825167403,66.23634772783146,0.0
random-s0-0193,prm,cycle,150.0,100.0,0.0,1,0,1,1,0,-14.721544891566223,170.31394202700795,-14.721544891566223,79.99999999999991
random-s0-0193,prm,event,0.0,20.0,0.0,1,0,0,0,0,3.12937897152824,34.19958266540036,3.12937897152824,0.0
random-s0-0193,prm,event,0.0,100.0,0.0,1,0,2,0,2,-163.04711072332972,-163.04711072332972,66.19874922177374,2080.000000000001
random-s0-0193,prm,event,50.0,20.0,0.0,1,0,0,0,0,10.460831269719534,10.460831269719534,72.2147696707286,0.0
random-s0-0193,prm,event,50.0,100.0,0.0,1,0,0,0,0,23.2217894026378,23.2217894026378,73.56199100435319,0.0
random-s0-0193,prm,event,150.0,20.0,0.0,1,0,0,0,0,64.82707158492221,64.82707158492221,111.77787154881248,0.0
random-s0-0193,prm,event,150.0,100.0,0.0,1,0,1,1,0,-14.721544891566223,5.427113719177612,-14.721544891566223,79.99999999999991
random-s0-0193,visibility,once,0.0,20.0,0.0,1,0,2,2,0,-162.29472106704827,78.71557774975679,-162.29472106704827,500.0000000000001
random-s0-0193,visibility,cycle,0.0,20.0,0.0,1,0,1,1,0,-32.218740003648435,118.93343062640275,-32.218740003648435,220.0
random-s0-0193,visibility,cycle,0.0,100.0,0.0,1,0,1,1,0,-43.876721828057896,123.47968604818158,-43.876721828057896,240.0
random-s0-0193,visibility,cycle,50.0,20.0,0.0,1,0,0,0,0,9.982851104452353,137.54022102521725,9.982851104452353,0.0
random-s0-0193,visibility,cycle,50.0,100.0,0.0,1,0,1,0,1,-35.05436343902875,-35.05436343902875,22.08808720606322,60.0
random-s0-0193,visibility,cycle,150.0,20.0,0.0,1,0,0,0,0,46.227055436316334,115.88851118452374,46.227055436316334,0.0
random-s0-0193,visibility,cycle,150.0,100.0,0.0,1,0,0,0,0,14.998322686075738,156.3688327060786,14.998322686075738,0.0
random-s0-0193,visibility,event,0.0,20.0,0.0,1,0,0,0,0,33.39743962911831,118.0040133065126,33.39743962911831,0.0
random-s0-0193,visibility,event,0.0,100.0,0.0,1,0,1,1,0,-42.029128378396535,113.4159607797069,-42.029128378396535,220.0
random-s0-0193,visibility,event,50.0,20.0,0.0,1,0,0,0,0,32.63269632591769,224.4594164043253,32.63269632591769,0.0
random-s0-0193,visibility,event,50.0,100.0,0.0,1,0,0,0,0,22.38647831651392,153.94487771215586,22.38647831651392,0.0
random-s0-0193,visibility,event,150.0,20.0,0.0,1,0,1,1,0,-88.06023890387154,123.1811174075749,-88.06023890387154,440.0000000000001
random-s0-0193,visibility,event,150.0,100.0,0.0,1,0,1,1,0,-57.887613463287934,205.43856011274528,-57.887613463287934,400.00000000000006
random-s0-0194,voronoi,once,0.0,20.0,0.0,1,0,0,0,0,259.20425092145257,271.7614111290662,259.20425092145257,0.0
random-s0-0194,voronoi,cycle,0.0,20.0,0.0,1,0,0,0,0,13.604035318583612,13.604035318583612,214.3618411800973,0.0
random-s0-0194,voronoi,cycle,0.0,100.0,0.0,1,0,1,0,1,-86.47755528212038,-86.47755528212038,203.95210344103845,139.99999999999986
random-s0-0194,voronoi,cycle,50.0,20.0,0.0,1,0,0,0,0,212.42056713755784,235.6115461297688,212.42056713755784,0.0
random-s0-0194,voronoi,cycle,50.0,100.0,0.0,1,0,0,0,0,210.5317543133335,274.06856372149286,210.5317543133335,0.0
random-s0-0194,voronoi,cycle,150.0,20.0,0.0,1,0,0,0,0,48.407192591914566,48.407192591914566,343.2496709278331,0.0
random-s0-0194,voronoi,cycle,150.0,100.0,0.0,1,0,0,0,0,203.95210344103845,352.9326441987521,203.95210344103845,0.0
random-s0-0194,voronoi,event,0.0,20.0,0.0,1,0,0,0,0,211.1242401838064,273.19972671026005,211.1242401838064,0.0
random-s0-0194,voronoi,event,0.0,100.0,0.0,1,0,1,1,0,-34.8013062034027,53.81015161266737,-34.8013062034027,120.0
random-s0-0194,voronoi,event,50.0,20.0,0.0,1,0,1,1,0,-34.80130620340279,279.773852620517,-34.80130620340279,120.0
random-s0-0194,voronoi,event,50.0,100.0,0.0,1,0,0,0,0,73.79551681522955,268.8138402496167,73.79551681522955,0.0
random-s0-0194,voronoi,event,150.0,20.0,0.0,1,0,0,0,0,52.99113009330824,52.99113009330824,432.2032731939538,0.0
random-s0-0194,voronoi,event,150.0,100.0,0.0,1,0,0,0,0,310.3094631251406,310.3094631251406,343.2496709278338,0.0
random-s0-0194,prm,once,0.0,20.0,0.0,1,0,0,0,0,259.20425092145257,271.7614111290662,259.20425092145257,0.0
random-s0-0194,prm,cycle,0.0,20.0,0.0,1,0,1,1,0,-112.58837638033953,91.7481659381807,-112.58837638033953,79.99999999999997
random-s0-0194,prm,cycle,0.0,100.0,0.0,1,0,0,0,0,17.914420376245488,182.6664916486622,17.914420376245488,0.0
random-s0-0194,prm,cycle,50.0,20.0,0.0,1,0,1,1,0,-5.0301038934323685,349.00878047112747,-5.0301038934323685,0.0
random-s0-0194,prm,cycle,50.0,100.0,0.0,1,0,0,0,0,5.885745371193565,159.14013026271095,5.885745371193565,0.0
random-s0-0194,prm,cycle,150.0,20.0,0.0,1,0,0,0,0,52.99113009330824,52.99113009330824,449.76431305687686,0.0
random-s0-0194,prm,cycle,150.0,100.0,0.0,1,0,0,0,0,148.31562744961178,148.31562744961178,449.76431305687686,0.0
random-s0-0194,prm,event,0.0,20.0,0.0,1,0,1,0,1,-94.29300051933754,-94.29300051933754,5.885745371193167,79.99999999999996
random-s0-0194,prm,event,0.0,100.0,0.0,1,0,0,0,0,17.914420376245488,182.6664916486622,17.914420376245488,0.0
random-s0-0194,prm,event,50.0,20.0,0.0,1,0,0,0,0,5.885745371193167,208.3523845697188,5.885745371193167,0.0
random-s0-0194,prm,event,50.0,100.0,0.0,1,0,1,1,0,-5.030103893431999,159.14013026271095,-5.030103893431999,0.0
random-s0-0194,prm,event,150.0,20.0,0.0,1,0,0,0,0,52.99113009330824,52.99113009330824,449.76431305687686,0.0
random-s0-0194,prm,event,150.0,100.0,0.0,1,0,0,0,0,148.31562744961178,148.31562744961178,449.76431305687686,0.0
random-s0-0194,visibility,once,0.0,20.0,0.0,1,0,0,0,0,259.20425092145257,271.7614111290662,259.20425092145257,0.0
random-s0-0194,visibility,cycle,0.0,20.0,0.0,1,0,0,0,0,257.9836404603101,322.5038799002044,257.9836404603101,0.0
random-s0-0194,visibility,cycle,0.0,100.0,0.0,1,0,0,0,0,174.7427360874562,174.7427360874562,257.5626915224857,0.0
random-s0-0194,visibility,cycle,50.0,20.0,0.0,1,0,0,0,0,256.91943912523465,519.0435822394135,256.91943912523465,0.0
random-s0-0194,visibility,cycle,50.0,100.0,0.0,1,0,0,0,0,259.0890655961354,334.76119082600883,259.0890655961354,0.0
random-s0-0194,visibility,cycle,150.0,20.0,0.0,1,0,0,0,0,52.99113009330824,52.99113009330824,449.76431305687686,0.0
random-s0-0194,visibility,cycle,150.0,100.0,0.0,1,0,0,0,0,57.17447097017165,57.17447097017165,449.76431305687686,0.0
random-s0-0194,visibility,event,0.0,20.0,0.0,1,0,0,0,0,257.9329771776321,293.4355253629894,257.9329771776321,0.0
random-s0-0194,visibility,event,0.0,100.0,0.0,1,0,0,0,0,187.3010970390527,187.3010970390527,257.3275513519155,0.0
random-s0-0194,visibility,event,50.0,20.0,0.0,1,0,0,0,0,253.5070751468552,423.30956030089953,253.5070751468552,0.0
random-s0-0194,visibility,event,50.0,100.0,0.0,1,0,0,0,0,214.50778356927665,254.6709869635337,214.50778356927665,0.0
random-s0-0194,visibility,event,150.0,20.0,0.0,1,0,0,0,0,52.99113009330824,52.99113009330824,449.76431305687686,0.0
random-s0-0194,visibility,event,150.0,100.0,0.0,1,0,0,0,0,57.17447097017165,57.17447097017165,449.76431305687686,0.0
random-s0-0195,voronoi,once,0.0,20.0,0.0,1,0,6,5,1,-128.63428130480116,-70.22445152939888,-128.63428130480116,1280.000000000001
random-s0-0195,voronoi,cycle,0.0,20.0,0.0,1,0,1,1,0,-5.060062095243836,247.32229132215912,-5.060062095243836,40.0
random-s0-0195,voronoi,cycle,0.0,100.0,0.0,1,0,1,1,0,-5.099527862114854,97.93362080991012,-5.099527862114854,39.99999999999991
random-s0-0195,voronoi,cycle,50.0,20.0,0.0,1,0,0,0,0,53.68919254941375,451.2945711328148,53.68919254941375,0.0
random-s0-0195,voronoi,cycle,50.0,100.0,0.0,1,0,0,0,0,102.413206042166,135.8446928891059,102.413206042166,0.0
random-s0-0195,voronoi,cycle,150.0,20.0,0.0,1,0,0,0,0,126.19288461714234,619.0666780487423,126.19288461714234,0.0
random-s0-0195,voronoi,cycle,150.0,100.0,0.0,1,0,0,0,0,81.16269572373858,592.395914819753,81.16269572373858,0.0
random-s0-0195,voronoi,event,0.0,20.0,0.0,1,0,0,0,0,9.09999558473814,243.4948203156657,9.09999558473814,0.0
random-s0-0195,voronoi,event,0.0,100.0,0.0,1,0,0,0,0,0.71638011128573,243.4948203156657,0.71638011128573,0.0
random-s0-0195,voronoi,event,50.0,20.0,0.0,1,0,0,0,0,49.23590088621344,189.1819022562713,49.23590088621344,0.0
random-s0-0195,voronoi,event,50.0,100.0,0.0,1,0,0,0,0,29.040827644606622,189.1819022562712,29.040827644606622,0.0
random-s0-0195,voronoi,event,150.0,20.0,0.0,1,0,0,0,0,52.5491952131454,564.3966009440612,52.5491952131454,0.0
random-s0-0195,voronoi,event,150.0,100.0,0.0,1,0,0,0,0,134.75215321458944,411.9900180247247,134.75215321458944,0.0
random-s0-0195,prm,once,0.0,20.0,0.0,1,0,3,2,1,-128.63428130480116,-90.850190717449,-128.63428130480116,380.00000000000006
random-s0-0195,prm,cycle,0.0,20.0,0.0,1,0,1,1,0,-0.4313976068271472,405.6984829044581,-0.4313976068271472,20.0
random-s0-0195,prm,cycle,0.0,100.0,0.0,1,0,1,1,0,-23.28433377504095,396.3896339950248,-23.28433377504095,80.0
random-s0-0195,prm,cycle,50.0,20.0,0.0,1,0,0,0,0,47.237251913361376,462.1380926065783,47.237251913361376,0.0
random-s0-0195,prm,cycle,50.0,100.0,0.0,1,0,0,0,0,50.495701704192015,448.5909813341504,50.495701704192015,0.0
random-s0-0195,prm,cycle,150.0,20.0,0.0,1,0,0,0,0,80.79278284973486,367.713612369164,80.79278284973486,0.0
random-s0-0195,prm,cycle,150.0,100.0,0.0,1,0,0,0,0,110.95828957692451,647.5078788258761,110.95828957692451,0.0
random-s0-0195,prm,event,0.0,20.0,0.0,1,0,1,1,0,-2.6347233696073147,376.8178410207136,-2.6347233696073147,40.0
random-s0-0195,prm,event,0.0,100.0,0.0,1,0,1,1,0,-23.28433377504095,396.3896339950248,-23.28433377504095,80.0
random-s0-0195,prm,event,50.0,20.0,0.0,1,0,0,0,0,43.76891638693493,395.21978520569735,43.76891638693493,0.0
random-s0-0195,prm,event,50.0,100.0,0.0,1,0,0,0,0,16.3477931465699,427.8787718194936,16.3477931465699,0.0
random-s0-0195,prm,event,150.0,20.0,0.0,1,0,0,0,0,134.75215321458927,797.1494297456658,134.75215321458927,0.0
random-s0-0195,prm,event,150.0,100.0,0.0,1,0,0,0,0,134.75215321458944,757.7963275471692,134.75215321458944,0.0
random-s0-0195,visibility,once,0.0,20.0,0.0,1,0,2,2,0,-158.71351960382657,495.2085318134327,-158.71351960382657,200.0
random-s0-0195,visibility,cycle,0.0,20.0,0.0,1,0,1,1,0,-101.55783135749056,441.96743329663786,-101.55783135749056,340.0
random-s0-0195,visibility,cycle,0.0,100.0,0.0,1,0,1,1,0,-111.31907458761262,425.93846129141104,-111.31907458761262,339.9999999999999
random-s0-0195,visibility,cycle,50.0,20.0,0.0,1,0,1,1,0,-31.58304490846484,426.371083698796,-31.58304490846484,100.0
random-s0-0195,visibility,cycle,50.0,100.0,0.0,1,0,1,1,0,-75.06585798077171,447.6793042047216,-75.06585798077171,199.99999999999977
random-s0-0195,visibility,cycle,150.0,20.0,0.0,1,0,1,1,0,-121.88619083359596,456.9104666312479,-121.88619083359596,360.00000000000006
random-s0-0195,visibility,cycle,150.0,100.0,0.0,1,0,2,2,0,-137.46648873281947,477.27815616040016,-137.46648873281947,440.0000000000001
random-s0-0195,visibility,event,0.0,20.0,0.0,1,0,1,1,0,-102.6619862942444,438.2410902053488,-102.6619862942444,279.99999999999994
random-s0-0195,visibility,event,0.0,100.0,0.0,1,0,1,1,0,-111.04087140808396,429.2037708002528,-111.04087140808396,339.9999999999999
random-s0-0195,visibility,event,50.0,20.0,0.0,1,0,1,1,0,-18.55297102040544,513.6363679966843,-18.55297102040544,160.0
random-s0-0195,visibility,event,50.0,100.0,0.0,1,0,0,0,0,43.98338959534678,568.7779755795888,43.98338959534678,0.0
random-s0-0195,visibility,event,150.0,20.0,0.0,1,0,1,1,0,-129.1621710100352,145.32530650141814,-129.1621710100352,380.00000000000006
random-s0-0195,visibility,event,150.0,100.0,0.0,1,0,1,1,0,-137.46648873281947,164.8040387136399,-137.46648873281947,380.00000000000006
random-s0-0196,voronoi,once,0.0,20.0,0.0,1,0,5,4,1,-133.75749332352265,-111.10052103435902,-133.75749332352265,1200.000000000001
random-s0-0196,voronoi,cycle,0.0,20.0,0.0,1,0,0,0,0,9.031829567793324,202.43855524590043,9.031829567793324,0.0
random-s0-0196,voronoi,cycle,0.0,100.0,0.0,1,0,0,0,0,28.71400749316845,58.06552016528204,28.71400749316845,0.0
random-s0-0196,voronoi,cycle,50.0,20.0,0.0,1,0,0,0,0,33.651729183546735,546.6574847163496,33.651729183546735,0.0
random-s0-0196,voronoi,cycle,50.0,100.0,0.0,1,0,0,0,0,72.18876395960504,554.2066160737903,72.18876395960504,0.0
random-s0-0196,voronoi,cycle,150.0,20.0,0.0,1,0,0,0,0,83.85392804219595,544.0846164847329,83.85392804219595,0.0
random-s0-0196,voronoi,cycle,150.0,100.0,0.0,1,0,0,0,0,79.31804110515168,682.847983903118,79.31804110515168,0.0
random-s0-0196,voronoi,event,0.0,20.0,0.0,1,0,0,0,0,9.181237694589896,38.38698506914517,9.181237694589896,0.0
random-s0-0196,voronoi,event,0.0,100.0,0.0,1,0,0,0,0,28.71400749316845,370.22610828133,28.71400749316845,0.0
random-s0-0196,voronoi,event,50.0,20.0,0.0,1,0,0,0,0,29.61647642173631,627.848241157629,29.61647642173631,0.0
random-s0-0196,voronoi,event,50.0,100.0,0.0,1,0,0,0,0,72.18876395960504,588.718013962447,72.18876395960504,0.0
random-s0-0196,voronoi,event,150.0,20.0,0.0,1,0,0,0,0,74.70085994456466,382.2516616018929,74.70085994456466,0.0
random-s0-0196,voronoi,event,150.0,100.0,0.0,1,0,0,0,0,79.31804110515168,575.6681912534151,79.31804110515168,0.0
random-s0-0196,prm,once,0.0,20.0,0.0,1,0,2,2,0,-72.56319403084488,100.15672137655002,-72.56319403084488,259.99999999999994
random-s0-0196,prm,cycle,0.0,20.0,0.0,1,0,0,0,0,13.180705519260414,301.8600161038923,13.180705519260414,0.0
random-s0-0196,prm,cycle,0.0,100.0,0.0,1,0,0,0,0,89.49625162770019,320.48735147755275,89.49625162770019,0.0
random-s0-0196,prm,cycle,50.0,20.0,0.0,1,0,0,0,0,57.63495662224821,447.4217328376024,57.63495662224821,0.0
random-s0-0196,prm,cycle,50.0,100.0,0.0,1,0,0,0,0,59.46514733398061,506.7408020053323,59.46514733398061,0.0
random-s0-0196,prm,cycle,150.0,20.0,0.0,1,0,0,0,0,94.76327697331315,654.5042445431851,94.76327697331315,0.0
random-s0-0196,prm,cycle,150.0,100.0,0.0,1,0,0,0,0,59.46514733398061,324.4713262229288,59.46514733398061,0.0
random-s0-0196,prm,event,0.0,20.0,0.0,1,0,1,1,0,-4.183563697613835,298.921452778315,-4.183563697613835,40.0
random-s0-0196,prm,event,0.0,100.0,0.0,1,0,0,0,0,116.70238790679446,320.48735147755275,116.70238790679446,0.0
random-s0-0196,prm,event,50.0,20.0,0.0,1,0,0,0,0,57.63495662224821,481.75861943638097,57.63495662224821,0.0
random-s0-0196,prm,event,50.0,100.0,0.0,1,0,0,0,0,59.46514733398061,506.7408020053323,59.46514733398061,0.0
random-s0-0196,prm,event,150.0,20.0,0.0,1,0,0,0,0,89.64604084613188,597.4929263538767,89.64604084613188,0.0
random-s0-0196,prm,event,150.0,100.0,0.0,1,0,0,0,0,59.46514733398061,480.4947911167818,59.46514733398061,0.0
random-s0-0196,visibility,once,0.0,20.0,0.0,1,0,2,1,1,-107.0989510115526,-107.0989510115526,-59.19548598475184,140.0
random-s0-0196,visibility,cycle,0.0,20.0,0.0,1,0,2,2,0,-119.0739059779896,67.33118904712472,-119.0739059779896,279.99999999999994
random-s0-0196,visibility,cycle,0.0,100.0,0.0,1,0,2,2,0,-112.54590612250384,82.37080668257897,-112.54590612250384,419.9999999999997
random-s0-0196,visibility,cycle,50.0,20.0,0.0,1,0,2,2,0,-111.6540818482682,18.79494860939857,-111.6540818482682,279.99999999999994
random-s0-0196,visibility,cycle,50.0,100.0,0.0,1,0,3,2,1,-110.27150019830007,-33.74750206579864,-110.27150019830007,279.99999999999983
random-s0-0196,visibility,cycle,150.0,20.0,0.0,1,0,2,2,0,-126.89018366411436,199.61654560713248,-126.89018366411436,340.0
random-s0-0196,visibility,cycle,150.0,100.0,0.0,1,0,1,1,0,-65.97120949471925,89.14345822389828,-65.97120949471925,80.0
random-s0-0196,visibility,event,0.0,20.0,0.0,1,0,2,2,0,-122.16786414656346,41.603198263557175,-122.16786414656346,279.99999999999994
random-s0-0196,visibility,event,0.0,100.0,0.0,1,0,2,1,1,-167.61490990254214,-167.61490990254214,-112.54590612250384,599.9999999999998
random-s0-0196,visibility,event,50.0,20.0,0.0,1,0,2,2,0,-105.0319182614182,17.08418972345399,-105.0319182614182,200.0
random-s0-0196,visibility,event,50.0,100.0,0.0,1,0,1,1,0,-111.32468788044731,48.22450709051881,-111.32468788044731,219.99999999999977
random-s0-0196,visibility,event,150.0,20.0,0.0,1,0,1,1,0,-65.37984771392611,517.2245862325753,-65.37984771392611,80.0
random-s0-0196,visibility,event,150.0,100.0,0.0,1,0,1,1,0,-77.0914184433148,54.391142649817,-77.0914184433148,119.99999999999991
random-s0-0197,voronoi,once,0.0,20.0,0.0,1,0,7,6,1,-165.4919648620952,-96.59132091452136,-165.4919648620952,1940.0000000000011
random-s0-0197,voronoi,cycle,0.0,20.0,0.0,1,0,4,2,2,-59.01024401947073,-13.046403447222218,-59.01024401947073,100.0
random-s0-0197,voronoi,cycle,0.0,100.0,0.0,1,0,3,2,1,-152.99149214640198,-92.18804310554329,-152.99149214640198,540.0
random-s0-0197,voronoi,cycle,50.0,20.0,0.0,1,0,1,1,0,-128.89592371262898,65.26706909984915,-128.89592371262898,400.00000000000006
random-s0-0197,voronoi,cycle,50.0,100.0,0.0,1,0,2,1,1,-133.79601687327147,-133.79601687327147,-124.35890515983203,520.0000000000001
random-s0-0197,voronoi,cycle,150.0,20.0,0.0,1,0,1,1,0,-147.76321211362708,169.47597917764062,-147.76321211362708,400.00000000000006
random-s0-0197,voronoi,cycle,150.0,100.0,0.0,1,0,2,1,1,-80.20853588583905,-29.88326422930743,-80.20853588583905,440.0000000000001
random-s0-0197,voronoi,event,0.0,20.0,0.0,1,0,3,3,0,-124.22811603386695,60.90656468308504,-124.22811603386695,820.0000000000003
random-s0-0197,voronoi,event,0.0,100.0,0.0,1,0,5,4,1,-148.73205123719717,-92.18804310554329,-148.73205123719717,1220.000000000001
random-s0-0197,voronoi,event,50.0,20.0,0.0,1,0,1,1,0,-125.2842104183947,111.86902100949952,-125.2842104183947,400.00000000000006
random-s0-0197,voronoi,event,50.0,100.0,0.0,1,0,2,2,0,-122.92535581650613,92.06493633217036,-122.92535581650613,800.0000000000003
random-s0-0197,voronoi,event,150.0,20.0,0.0,1,0,1,1,0,-166.65063915184675,117.19232161909196,-166.65063915184675,420.0000000000001
random-s0-0197,voronoi,event,150.0,100.0,0.0,1,0,2,1,1,-76.35441868915758,-29.88326422930743,-76.35441868915758,420.0000000000001
random-s0-0197,prm,once,0.0,20.0,0.0,1,0,5,3,2,-147.87918697837142,-96.59132091452136,-147.87918697837142,1020.0000000000005
random-s0-0197,prm,cycle,0.0,20.0,0.0,1,0,1,1,0,-30.551589365951717,18.00329305254317,-30.551589365951717,20.0
random-s0-0197,prm,cycle,0.0,100.0,0.0,1,0,4,2,2,-96.59132091452145,-96.59132091452145,-67.7247827694658,219.99999999999977
random-s0-0197,prm,cycle,50.0,20.0,0.0,1,0,2,2,0,-158.89562777922882,44.94159140446669,-158.89562777922882,259.99999999999994
random-s0-0197,prm,cycle,50.0,100.0,0.0,1,0,2,2,0,-67.1286030724245,195.8233927921765,-67.1286030724245,80.0
random-s0-0197,prm,cycle,150.0,20.0,0.0,1,0,3,3,0,-153.28206491562818,496.5198297167647,-153.28206491562818,760.0000000000003
random-s0-0197,prm,cycle,150.0,100.0,0.0,1,0,3,3,0,-147.87918697837148,198.9512830676484,-147.87918697837148,720.0000000000003
random-s0-0197,prm,event,0.0,20.0,0.0,1,0,3,3,0,-125.72189467160575,18.00329305254317,-125.72189467160575,780.0000000000003
random-s0-0197,prm,event,0.0,100.0,0.0,1,0,5,3,2,-147.87918697837148,-96.59132091452145,-147.87918697837148,840.0000000000003
random-s0-0197,prm,event,50.0,20.0,0.0,1,0,3,3,0,-157.41649325412217,103.87721114586397,-157.41649325412217,560.0000000000001
random-s0-0197,prm,event,50.0,100.0,0.0,1,0,2,2,0,-147.87918697837148,45.86565956635616,-147.87918697837148,400.00000000000006
random-s0-0197,prm,event,150.0,20.0,0.0,1,0,3,3,0,-147.87918697837142,138.90045395249433,-147.87918697837142,860.0000000000005
random-s0-0197,prm,event,150.0,100.0,0.0,1,0,3,3,0,-147.87918697837148,110.40359131769986,-147.87918697837148,860.0000000000005
random-s0-0197,visibility,once,0.0,20.0,0.0,1,0,5,4,1,-147.87918697837142,-96.59132091452136,-147.87918697837142,980.0000000000006
random-s0-0197,visibility,cycle,0.0,20.0,0.0,1,0,0,0,0,25.201808123853997,25.201808123853997,138.3156027575888,0.0
random-s0-0197,visibility,cycle,0.0,100.0,0.0,1,0,1,0,1,-96.59132091452145,-96.59132091452145,156.54974567101385,139.99999999999986
random-s0-0197,visibility,cycle,50.0,20.0,0.0,1,0,0,0,0,121.64950794205572,229.94976065282785,121.64950794205572,0.0
random-s0-0197,visibility,cycle,50.0,100.0,0.0,1,0,0,0,0,151.2620128855832,151.2620128855832,173.69061683666644,0.0
random-s0-0197,visibility,cycle,150.0,20.0,0.0,1,0,2,2,0,-147.87918697837142,151.86955217433876,-147.87918697837142,480.00000000000017
random-s0-0197,visibility,cycle,150.0,100.0,0.0,1,0,2,2,0,-147.87918697837148,89.7739026041296,-147.87918697837148,240.0
random-s0-0197,visibility,event,0.0,20.0,0.0,1,0,0,0,0,25.201808123853997,25.201808123853997,138.39818112381647,0.0
random-s0-0197,visibility,event,0.0,100.0,0.0,1,0,1,0,1,-96.59132091452145,-96.59132091452145,156.54974567101385,139.99999999999986
random-s0-0197,visibility,event,50.0,20.0,0.0,1,0,0,0,0,84.999842928595,239.0287980427467,84.999842928595,0.0
random-s0-0197,visibility,event,50.0,100.0,0.0,1,0,0,0,0,151.2620128855832,151.2620128855832,172.62453470662018,0.0
random-s0-0197,visibility,event,150.0,20.0,0.0,1,0,2,2,0,-147.87918697837142,151.86955217433876,-147.87918697837142,560.0000000000001
random-s0-0197,visibility,event,150.0,100.0,0.0,1,0,2,2,0,-147.87918697837148,151.86955217433876,-147.87918697837148,259.99999999999994
random-s0-0198,voronoi,once,0.0,20.0,0.0,1,0,3,2,1,-103.17451782521384,-84.15016904715164,-103.17451782521384,840.0000000000005
random-s0-0198,voronoi,cycle,0.0,20.0,0.0,1,0,0,0,0,16.52133981089412,26.61838215867624,16.52133981089412,0.0
random-s0-0198,voronoi,cycle,0.0,100.0,0.0,1,0,2,2,0,-31.11400345104616,28.530710903459408,-31.11400345104616,220.0
random-s0-0198,voronoi,cycle,50.0,20.0,0.0,1,0,0,0,0,52.06016346161081,109.62782634679375,52.06016346161081,0.0
random-s0-0198,voronoi,cycle,50.0,100.0,0.0,1,0,0,0,0,52.06016346161061,196.41289153116296,52.06016346161061,0.0
random-s0-0198,voronoi,cycle,150.0,20.0,0.0,1,0,0,0,0,80.42176895900582,318.92228332122795,80.42176895900582,0.0
random-s0-0198,voronoi,cycle,150.0,100.0,0.0,1,0,0,0,0,146.13156385181378,403.559924931415,146.13156385181378,0.0
random-s0-0198,voronoi,event,0.0,20.0,0.0,1,0,1,1,0,-126.10354095300056,23.40638069300158,-126.10354095300056,459.9999999999902
random-s0-0198,voronoi,event,0.0,100.0,0.0,1,0,0,0,0,34.75853324548152,34.75853324548152,52.06016346161061,0.0
random-s0-0198,voronoi,event,50.0,20.0,0.0,1,0,0,0,0,52.06016346161081,84.8807923616929,52.06016346161081,0.0
random-s0-0198,voronoi,event,50.0,100.0,0.0,1,0,0,0,0,52.06016346161061,71.1478789941718,52.06016346161061,0.0
random-s0-0198,voronoi,event,150.0,20.0,0.0,1,0,1,1,0,-126.63463446003745,165.92791253720628,-126.63463446003745,459.9999999999902
random-s0-0198,voronoi,event,150.0,100.0,0.0,1,0,1,1,0,-130.06460736319173,214.49605827989933,-130.06460736319173,460.0000000000001
random-s0-0198,prm,once,0.0,20.0,0.0,1,0,1,1,0,-71.11308890074191,2.052716282797121,-71.11308890074191,400.00000000000006
random-s0-0198,prm,cycle,0.0,20.0,0.0,1,0,0,0,0,52.06016346161081,88.63255129859152,52.06016346161081,0.0
random-s0-0198,prm,cycle,0.0,100.0,0.0,1,0,0,0,0,52.06016346161061,189.78293774442187,52.06016346161061,0.0
random-s0-0198,prm,cycle,50.0,20.0,0.0,1,0,0,0,0,52.06016346161081,220.2338357473639,52.06016346161081,0.0
random-s0-0198,prm,cycle,50.0,100.0,0.0,1,0,0,0,0,52.06016346161061,189.78293774442187,52.06016346161061,0.0
random-s0-0198,prm,cycle,150.0,20.0,0.0,1,0,0,0,0,122.15394575277544,261.05686017751293,122.15394575277544,0.0
random-s0-0198,prm,cycle,150.0,100.0,0.0,1,0,0,0,0,142.561876279991,202.32134819163008,142.561876279991,0.0
random-s0-0198,prm,event,0.0,20.0,0.0,1,0,0,0,0,39.28994915140217,322.2343514443401,39.28994915140217,0.0
random-s0-0198,prm,event,0.0,100.0,0.0,1,0,0,0,0,52.06016346161061,293.7146182207357,52.06016346161061,0.0
random-s0-0198,prm,event,50.0,20.0,0.0,1,0,0,0,0,39.28994915140217,322.2343514443401,39.28994915140217,0.0
random-s0-0198,prm,event,50.0,100.0,0.0,1,0,0,0,0,52.06016346161061,293.7146182207357,52.06016346161061,0.0
random-s0-0198,prm,event,150.0,20.0,0.0,1,0,0,0,0,110.09556007511958,271.6893013975623,110.09556007511958,0.0
random-s0-0198,prm,event,150.0,100.0,0.0,1,0,0,0,0,103.91654846541776,275.3072699515015,103.91654846541776,0.0
random-s0-0198,visibility,once,0.0,20.0,0.0,1,0,1,1,0,-49.02274809685915,347.45082732782475,-49.02274809685915,120.0
random-s0-0198,visibility,cycle,0.0,20.0,0.0,1,0,1,1,0,-13.87910682452653,363.6731518415922,-13.87910682452653,20.0
random-s0-0198,visibility,cycle,0.0,100.0,0.0,1,0,1,1,0,-13.73022198289786,361.9891154731968,-13.73022198289786,20.0
random-s0-0198,visibility,cycle,50.0,20.0,0.0,1,0,0,0,0,18.480051569312195,341.9017138314308,18.480051569312195,0.0
random-s0-0198,visibility,cycle,50.0,100.0,0.0,1,0,0,0,0,19.464028914833023,340.0995660202916,19.464028914833023,0.0
random-s0-0198,visibility,cycle,150.0,20.0,0.0,1,0,0,0,0,52.777400487864725,277.49988443307296,52.777400487864725,0.0
random-s0-0198,visibility,cycle,150.0,100.0,0.0,1,0,0,0,0,49.10300660670714,281.6573934710726,49.10300660670714,0.0
random-s0-0198,visibility,event,0.0,20.0,0.0,1,0,1,1,0,-23.01902990057286,370.8260582123008,-23.01902990057286,20.0
random-s0-0198,visibility,event,0.0,100.0,0.0,1,0,1,1,0,-10.789220982720025,368.1640226616787,-10.789220982720025,60.0
random-s0-0198,visibility,event,50.0,20.0,0.0,1,0,0,0,0,21.88964157784369,331.4724509849572,21.88964157784369,0.0
random-s0-0198,visibility,event,50.0,100.0,0.0,1,0,0,0,0,13.751460289783523,343.4477114591016,13.751460289783523,0.0
random-s0-0198,visibility,event,150.0,20.0,0.0,1,0,1,1,0,-99.17635075358258,145.31836514074348,-99.17635075358258,139.99999999999702
random-s0-0198,visibility,event,150.0,100.0,0.0,1,0,1,1,0,-125.16025448694258,7.386017336373442,-125.16025448694258,200.0
random-s0-0199,voronoi,once,0.0,20.0,0.0,1,0,2,2,0,-160.06437509006943,55.70627696161307,-160.06437509006943,520.0000000000001
random-s0-0199,voronoi,cycle,0.0,20.0,0.0,1,0,0,0,0,39.78802539388892,239.7919813871482,39.78802539388892,0.0
random-s0-0199,voronoi,cycle,0.0,100.0,0.0,1,0,0,0,0,27.567833089712423,221.29617730427435,27.567833089712423,0.0
random-s0-0199,voronoi,cycle,50.0,20.0,0.0,1,0,0,0,0,90.2980459716643,206.75913058563805,90.2980459716643,0.0
random-s0-0199,voronoi,cycle,50.0,100.0,0.0,1,0,0,0,0,27.515031806162,223.6451063698377,27.515031806162,0.0
random-s0-0199,voronoi,cycle,150.0,20.0,0.0,1,0,0,0,0,52.19787286374006,190.3567453476266,52.19787286374006,0.0
random-s0-0199,voronoi,cycle,150.0,100.0,0.0,1,0,0,0,0,207.5137300111492,272.770128129342,207.5137300111492,0.0
random-s0-0199,voronoi,event,0.0,20.0,0.0,1,0,0,0,0,58.20528982542882,58.20528982542882,65.07702672805587,0.0
random-s0-0199,voronoi,event,0.0,100.0,0.0,1,0,1,0,1,-28.362860613669284,-28.362860613669284,118.23759422715295,40.0
random-s0-0199,voronoi,event,50.0,20.0,0.0,1,0,2,2,0,-81.9484342386517,134.6772976598918,-81.9484342386517,740.0000000000003
random-s0-0199,voronoi,event,50.0,100.0,0.0,1,0,0,0,0,85.18765930886332,99.70456935900164,85.18765930886332,0.0
random-s0-0199,voronoi,event,150.0,20.0,0.0,1,0,1,1,0,-3.1724509032561627,178.32232459975086,-3.1724509032561627,139.99999999999702
random-s0-0199,voronoi,event,150.0,100.0,0.0,1,0,1,0,1,-87.23452895403851,-87.23452895403851,24.20643659077004,240.0
random-s0-0199,prm,once,0.0,20.0,0.0,1,0,2,2,0,-160.06437509006943,102.63416362686984,-160.06437509006943,520.0000000000001
random-s0-0199,prm,cycle,0.0,20.0,0.0,1,0,0,0,0,28.521409567958784,28.521409567958784,111.50311030645828,0.0
random-s0-0199,prm,cycle,0.0,100.0,0.0,1,0,1,0,1,-152.0232418617246,-152.0232418617246,184.23846364321872,279.9999999999999
random-s0-0199,prm,cycle,50.0,20.0,0.0,1,0,1,1,0,-138.93152533871773,33.434440959667285,-138.93152533871773,160.0
random-s0-0199,prm,cycle,50.0,100.0,0.0,1,0,1,1,0,-59.16691362580791,125.52036591557078,-59.16691362580791,60.0
random-s0-0199,prm,cycle,150.0,20.0,0.0,1,0,1,1,0,-40.50903481676457,110.10724497218872,-40.50903481676457,159.9999999999999
random-s0-0199,prm,cycle,150.0,100.0,0.0,1,0,1,1,0,-40.50903481676477,102.63416362686984,-40.50903481676477,159.99999999999983
random-s0-0199,prm,event,0.0,20.0,0.0,1,0,0,0,0,16.09447397149424,16.09447397149424,207.91095513253052,0.0
random-s0-0199,prm,event,0.0,100.0,0.0,1,0,1,0,1,-131.42991479035868,-131.42991479035868,9.302624442695304,120.0
random-s0-0199,prm,event,50.0,20.0,0.0,1,0,1,1,0,-143.28688438601054,9.674119310072683,-143.28688438601054,360.00000000000006
random-s0-0199,prm,event,50.0,100.0,0.0,1,0,1,1,0,-18.17623744186784,192.30094479732784,-18.17623744186784,0.0
random-s0-0199,prm,event,150.0,20.0,0.0,1,0,1,1,0,-40.50903481676457,110.10724497218872,-40.50903481676457,159.9999999999999
random-s0-0199,prm,event,150.0,100.0,0.0,1,0,1,1,0,-40.50903481676477,102.63416362686984,-40.50903481676477,159.99999999999983
random-s0-0199,visibility,once,0.0,20.0,0.0,1,0,3,2,1,-160.06437509006943,-71.00668660102397,-160.06437509006943,760.0000000000003
random-s0-0199,visibility,cycle,0.0,20.0,0.0,1,0,0,0,0,61.84776393734481,61.84776393734481,84.52714277891795,0.0
random-s0-0199,visibility,cycle,0.0,100.0,0.0,1,0,0,0,0,16.08226082598938,16.08226082598938,102.98540210190066,0.0
random-s0-0199,visibility,cycle,50.0,20.0,0.0,1,0,0,0,0,109.95082315079252,109.95082315079252,114.77349845614896,0.0
random-s0-0199,visibility,cycle,50.0,100.0,0.0,1,0,0,0,0,125.56181761375971,273.97022260376406,125.56181761375971,0.0
random-s0-0199,visibility,cycle,150.0,20.0,0.0,1,0,2,1,1,-171.19899013395542,-171.19899013395542,-40.50903481676457,440.0
random-s0-0199,visibility,cycle,150.0,100.0,0.0,1,0,2,1,1,-171.19899013395545,-171.19899013395545,-40.50903481676477,439.9999999999998
random-s0-0199,visibility,event,0.0,20.0,0.0,1,0,0,0,0,40.58901138340377,40.58901138340377,99.36080275623895,0.0
random-s0-0199,visibility,event,0.0,100.0,0.0,1,0,1,0,1,-71.00668660102394,-71.00668660102394,38.06406403275816,239.99999999999983
random-s0-0199,visibility,event,50.0,20.0,0.0,1,0,0,0,0,129.23797448993258,176.12777976161794,129.23797448993258,0.0
random-s0-0199,visibility,event,50.0,100.0,0.0,1,0,0,0,0,9.68962366525119,9.68962366525119,140.2800433815986,0.0
random-s0-0199,visibility,event,150.0,20.0,0.0,1,0,2,1,1,-171.19899013395542,-171.19899013395542,-40.50903481676457,440.0
random-s0-0199,visibility,event,150.0,100.0,0.0,1,0,2,1,1,-171.19899013395545,-171.19899013395545,-40.50903481676477,439.9999999999998
