scenario,planner,replan_policy,prediction_horizon_ms,replan_period_ms,planning_clearance_mm,trial,seed,collision_episodes,obstacle_collision_episodes,robot_collision_episodes,obstacle_episodes_obstacle_initiated,obstacle_episodes_robot_initiated,minimum_clearance_mm,minimum_robot_clearance_mm,minimum_obstacle_clearance_mm,contact_time_ms
random-s0-0000,voronoi,once,0.0,20.0,30.0,1,0,0,0,0,0,0,450.9280846975254,680.7020006761659,450.9280846975254,0.0
random-s0-0000,voronoi,cycle,0.0,20.0,30.0,1,0,0,0,0,0,0,33.83590814854094,747.438120018283,33.83590814854094,0.0
random-s0-0000,voronoi,cycle,0.0,100.0,30.0,1,0,0,0,0,0,0,53.2669457878321,776.3006226506432,53.2669457878321,0.0
random-s0-0000,voronoi,cycle,50.0,20.0,30.0,1,0,0,0,0,0,0,45.15657518496008,779.5425519029034,45.15657518496008,0.0
random-s0-0000,voronoi,cycle,50.0,100.0,30.0,1,0,0,0,0,0,0,64.25159929978474,771.7866942290195,64.25159929978474,0.0
random-s0-0000,voronoi,cycle,150.0,20.0,30.0,1,0,0,0,0,0,0,148.5827899500028,175.11635037230735,148.5827899500028,0.0
random-s0-0000,voronoi,cycle,150.0,100.0,30.0,1,0,0,0,0,0,0,4.598349942536999,815.3303681406442,4.598349942536999,0.0
random-s0-0000,voronoi,event,0.0,20.0,30.0,1,0,0,0,0,0,0,32.870525329484025,798.4412278156549,32.870525329484025,0.0
random-s0-0000,voronoi,event,0.0,100.0,30.0,1,0,0,0,0,0,0,32.87052532948408,707.0727324714584,32.87052532948408,0.0
random-s0-0000,voronoi,event,50.0,20.0,30.0,1,0,0,0,0,0,0,9.922274360414292,403.32597890344994,9.922274360414292,0.0
random-s0-0000,voronoi,event,50.0,100.0,30.0,1,0,0,0,0,0,0,93.37329610991247,808.3150576450889,93.37329610991247,0.0
random-s0-0000,voronoi,event,150.0,20.0,30.0,1,0,0,0,0,0,0,43.96892085004632,336.6722736373446,43.96892085004632,0.0
random-s0-0000,voronoi,event,150.0,100.0,30.0,1,0,0,0,0,0,0,61.587737368144815,489.69592614081,61.587737368144815,0.0
random-s0-0000,prm,once,0.0,20.0,30.0,1,0,0,0,0,0,0,212.64804624184077,680.7020006761659,212.64804624184077,0.0
random-s0-0000,prm,cycle,0.0,20.0,30.0,1,0,0,0,0,0,0,36.74820403456175,555.1760458114896,36.74820403456175,0.0
random-s0-0000,prm,cycle,0.0,100.0,30.0,1,0,0,0,0,0,0,61.62384194239198,792.4577705593571,61.62384194239198,0.0
random-s0-0000,prm,cycle,50.0,20.0,30.0,1,0,0,0,0,0,0,33.75845634997398,363.35200349343233,33.75845634997398,0.0
random-s0-0000,prm,cycle,50.0,100.0,30.0,1,0,0,0,0,0,0,36.74820403456181,243.44301075344663,36.74820403456181,0.0
random-s0-0000,prm,cycle,150.0,20.0,30.0,1,0,0,0,0,0,0,78.662716244411,220.905084809188,78.662716244411,0.0
random-s0-0000,prm,cycle,150.0,100.0,30.0,1,0,0,0,0,0,0,91.34681072853402,603.421627143335,91.34681072853402,0.0
random-s0-0000,prm,event,0.0,20.0,30.0,1,0,0,0,0,0,0,36.74820403456175,561.1969706419111,36.74820403456175,0.0
random-s0-0000,prm,event,0.0,100.0,30.0,1,0,0,0,0,0,0,36.74820403456181,619.5256540426228,36.74820403456181,0.0
random-s0-0000,prm,event,50.0,20.0,30.0,1,0,0,0,0,0,0,36.74820403456175,145.8759262897766,36.74820403456175,0.0
random-s0-0000,prm,event,50.0,100.0,30.0,1,0,0,0,0,0,0,36.74820403456181,296.25220901613403,36.74820403456181,0.0
random-s0-0000,prm,event,150.0,20.0,30.0,1,0,0,0,0,0,0,32.61825345035871,622.5821441194147,32.61825345035871,0.0
random-s0-0000,prm,event,150.0,100.0,30.0,1,0,0,0,0,0,0,91.34681072853402,603.421627143335,91.34681072853402,0.0
random-s0-0000,visibility,once,0.0,20.0,30.0,1,0,0,0,0,0,0,33.02659860948103,680.7020006761659,33.02659860948103,0.0
random-s0-0000,visibility,cycle,0.0,20.0,30.0,1,0,0,0,0,0,0,30.226972325478755,713.1136803063631,30.226972325478755,0.0
random-s0-0000,visibility,cycle,0.0,100.0,30.0,1,0,0,0,0,0,0,33.02659860948074,712.1171100450847,33.02659860948074,0.0
random-s0-0000,visibility,cycle,50.0,20.0,30.0,1,0,0,0,0,0,0,30.226972325478755,728.6393917496843,30.226972325478755,0.0
random-s0-0000,visibility,cycle,50.0,100.0,30.0,1,0,0,0,0,0,0,33.02659860948074,717.9413730740476,33.02659860948074,0.0
random-s0-0000,visibility,cycle,150.0,20.0,30.0,1,0,0,0,0,0,0,98.63249092588774,490.1489520387608,98.63249092588774,0.0
random-s0-0000,visibility,cycle,150.0,100.0,30.0,1,0,0,0,0,0,0,128.91168255430227,455.42677483129296,128.91168255430227,0.0
random-s0-0000,visibility,event,0.0,20.0,30.0,1,0,0,0,0,0,0,30.226972325478755,735.6696580359912,30.226972325478755,0.0
random-s0-0000,visibility,event,0.0,100.0,30.0,1,0,0,0,0,0,0,33.02659860948074,738.3870740221844,33.02659860948074,0.0
random-s0-0000,visibility,event,50.0,20.0,30.0,1,0,0,0,0,0,0,30.226972325478755,789.7720619410848,30.226972325478755,0.0
random-s0-0000,visibility,event,50.0,100.0,30.0,1,0,0,0,0,0,0,33.02659860948074,803.1364139272523,33.02659860948074,0.0
random-s0-0000,visibility,event,150.0,20.0,30.0,1,0,0,0,0,0,0,30.226972325478755,523.8105347820339,30.226972325478755,0.0
random-s0-0000,visibility,event,150.0,100.0,30.0,1,0,0,0,0,0,0,128.91168255430227,295.9702079896607,128.91168255430227,0.0
random-s0-0001,voronoi,once,0.0,20.0,30.0,1,0,1,1,0,0,1,-147.90576513644925,201.2995062831088,-147.90576513644925,80.0
random-s0-0001,voronoi,cycle,0.0,20.0,30.0,1,0,0,0,0,0,0,14.587428727332508,160.35637947238305,14.587428727332508,0.0
random-s0-0001,voronoi,cycle,0.0,100.0,30.0,1,0,0,0,0,0,0,37.90323654877969,186.99013724101485,37.90323654877969,0.0
random-s0-0001,voronoi,cycle,50.0,20.0,30.0,1,0,0,0,0,0,0,45.5165377392081,285.58689159409045,45.5165377392081,0.0
random-s0-0001,voronoi,cycle,50.0,100.0,30.0,1,0,0,0,0,0,0,41.36785734422918,186.4321167804856,41.36785734422918,0.0
random-s0-0001,voronoi,cycle,150.0,20.0,30.0,1,0,0,0,0,0,0,39.8344171492343,388.8534858655652,39.8344171492343,0.0
random-s0-0001,voronoi,cycle,150.0,100.0,30.0,1,0,0,0,0,0,0,48.553484172586025,296.860701316558,48.553484172586025,0.0
random-s0-0001,voronoi,event,0.0,20.0,30.0,1,0,0,0,0,0,0,31.53517748416081,98.85996309153944,31.53517748416081,0.0
random-s0-0001,voronoi,event,0.0,100.0,30.0,1,0,0,0,0,0,0,18.61948523294717,18.61948523294717,37.90323654877969,0.0
random-s0-0001,voronoi,event,50.0,20.0,30.0,1,0,0,0,0,0,0,53.51830676026154,158.70851790312963,53.51830676026154,0.0
random-s0-0001,voronoi,event,50.0,100.0,30.0,1,0,0,0,0,0,0,15.09563432949824,234.00080985272456,15.09563432949824,0.0
random-s0-0001,voronoi,event,150.0,20.0,30.0,1,0,0,0,0,0,0,48.69366103432736,320.7887528322187,48.69366103432736,0.0
random-s0-0001,voronoi,event,150.0,100.0,30.0,1,0,0,0,0,0,0,57.9937168210013,350.9391069745973,57.9937168210013,0.0
random-s0-0001,prm,once,0.0,20.0,30.0,1,0,1,1,0,0,1,-147.90576513644925,176.78089745289827,-147.90576513644925,80.0
random-s0-0001,prm,cycle,0.0,20.0,30.0,1,0,0,0,0,0,0,30.062275045234344,221.32054547652095,30.062275045234344,0.0
random-s0-0001,prm,cycle,0.0,100.0,30.0,1,0,0,0,0,0,0,31.03244017178153,31.03244017178153,31.48811617842188,0.0
random-s0-0001,prm,cycle,50.0,20.0,30.0,1,0,0,0,0,0,0,94.78875779008808,242.5780588332728,94.78875779008808,0.0
random-s0-0001,prm,cycle,50.0,100.0,30.0,1,0,0,0,0,0,0,62.91588555612495,285.5868915940905,62.91588555612495,0.0
random-s0-0001,prm,cycle,150.0,20.0,30.0,1,0,0,0,0,0,0,52.07477484033498,285.58689159409045,52.07477484033498,0.0
random-s0-0001,prm,cycle,150.0,100.0,30.0,1,0,1,0,1,0,0,-74.07783080999585,-74.07783080999585,140.49531249940247,39.99999999999991
random-s0-0001,prm,event,0.0,20.0,30.0,1,0,1,0,1,0,0,-12.69072583051863,-12.69072583051863,31.143665635299755,40.0
random-s0-0001,prm,event,0.0,100.0,30.0,1,0,1,0,1,0,0,-2.2991035332256047,-2.2991035332256047,31.143665635299698,40.0
random-s0-0001,prm,event,50.0,20.0,30.0,1,0,0,0,0,0,0,31.143665635299755,122.84368463047002,31.143665635299755,0.0
random-s0-0001,prm,event,50.0,100.0,30.0,1,0,1,0,1,0,0,-71.44745536162017,-71.44745536162017,31.143665635299698,40.0
random-s0-0001,prm,event,150.0,20.0,30.0,1,0,0,0,0,0,0,41.54778184702033,186.00799968291037,41.54778184702033,0.0
random-s0-0001,prm,event,150.0,100.0,30.0,1,0,0,0,0,0,0,47.390568305254334,285.5868915940905,47.390568305254334,0.0
random-s0-0001,visibility,once,0.0,20.0,30.0,1,0,2,1,1,0,1,-147.90576513644925,-55.785052412195625,-147.90576513644925,160.0
random-s0-0001,visibility,cycle,0.0,20.0,30.0,1,0,0,0,0,0,0,30.49592801661393,285.58689159409045,30.49592801661393,0.0
random-s0-0001,visibility,cycle,0.0,100.0,30.0,1,0,0,0,0,0,0,31.696206900207898,285.5868915940905,31.696206900207898,0.0
random-s0-0001,visibility,cycle,50.0,20.0,30.0,1,0,0,0,0,0,0,30.49017085162174,299.5567872690765,30.49017085162174,0.0
random-s0-0001,visibility,cycle,50.0,100.0,30.0,1,0,0,0,0,0,0,31.696206900207898,285.5868915940905,31.696206900207898,0.0
random-s0-0001,visibility,cycle,150.0,20.0,30.0,1,0,0,0,0,0,0,30.052473450269105,285.58689159409045,30.052473450269105,0.0
random-s0-0001,visibility,cycle,150.0,100.0,30.0,1,0,0,0,0,0,0,31.696206900207898,285.5868915940905,31.696206900207898,0.0
random-s0-0001,visibility,event,0.0,20.0,30.0,1,0,0,0,0,0,0,30.282274197540715,285.58689159409045,30.282274197540715,0.0
random-s0-0001,visibility,event,0.0,100.0,30.0,1,0,0,0,0,0,0,30.282274197540687,285.5868915940905,30.282274197540687,0.0
random-s0-0001,visibility,event,50.0,20.0,30.0,1,0,0,0,0,0,0,30.282274197540715,266.8031711995168,30.282274197540715,0.0
random-s0-0001,visibility,event,50.0,100.0,30.0,1,0,0,0,0,0,0,30.282274197540687,285.5868915940905,30.282274197540687,0.0
random-s0-0001,visibility,event,150.0,20.0,30.0,1,0,0,0,0,0,0,30.282274197540715,235.58005911164275,30.282274197540715,0.0
random-s0-0001,visibility,event,150.0,100.0,30.0,1,0,0,0,0,0,0,30.282274197540687,285.5868915940905,30.282274197540687,0.0
random-s0-0002,voronoi,once,0.0,20.0,30.0,1,0,0,0,0,0,0,71.83932226669401,71.83932226669401,198.4286683453285,0.0
random-s0-0002,voronoi,cycle,0.0,20.0,30.0,1,0,0,0,0,0,0,41.46821665180386,41.46821665180386,62.82722671552912,0.0
random-s0-0002,voronoi,cycle,0.0,100.0,30.0,1,0,0,0,0,0,0,71.83932226669404,71.83932226669404,130.33511791827488,0.0
random-s0-0002,voronoi,cycle,50.0,20.0,30.0,1,0,0,0,0,0,0,71.83932226669413,71.83932226669413,154.7860104718062,0.0
random-s0-0002,voronoi,cycle,50.0,100.0,30.0,1,0,1,1,0,1,0,-0.2884434623902336,71.83932226669404,-0.2884434623902336,40.0
random-s0-0002,voronoi,cycle,150.0,20.0,30.0,1,0,0,0,0,0,0,27.590863631663098,71.83932226669413,27.590863631663098,0.0
random-s0-0002,voronoi,cycle,150.0,100.0,30.0,1,0,0,0,0,0,0,44.63936056368465,71.83932226669404,44.63936056368465,0.0
random-s0-0002,voronoi,event,0.0,20.0,30.0,1,0,0,0,0,0,0,71.83932226669413,71.83932226669413,130.45600659790648,0.0
random-s0-0002,voronoi,event,0.0,100.0,30.0,1,0,2,0,2,0,0,-53.225613694701295,-53.225613694701295,345.5812622110068,99.99999999999991
random-s0-0002,voronoi,event,50.0,20.0,30.0,1,0,0,0,0,0,0,71.83932226669413,71.83932226669413,101.72143333109652,0.0
random-s0-0002,voronoi,event,50.0,100.0,30.0,1,0,1,1,0,1,0,-82.09006084330252,37.131303834514,-82.09006084330252,559.9999999999999
random-s0-0002,voronoi,event,150.0,20.0,30.0,1,0,0,0,0,0,0,71.83932226669413,71.83932226669413,304.73110259502,0.0
random-s0-0002,voronoi,event,150.0,100.0,30.0,1,0,0,0,0,0,0,71.83932226669404,71.83932226669404,163.32952371503137,0.0
random-s0-0002,prm,once,0.0,20.0,30.0,1,0,1,1,0,0,1,-169.49725411087996,46.48404866217206,-169.49725411087996,320.0
random-s0-0002,prm,cycle,0.0,20.0,30.0,1,0,0,0,0,0,0,32.00446320865569,145.8554272482245,32.00446320865569,0.0
random-s0-0002,prm,cycle,0.0,100.0,30.0,1,0,1,1,0,1,0,-19.493698980486958,198.1982203831844,-19.493698980486958,139.99999999999991
random-s0-0002,prm,cycle,50.0,20.0,30.0,1,0,0,0,0,0,0,32.00446320865569,145.8554272482245,32.00446320865569,0.0
random-s0-0002,prm,cycle,50.0,100.0,30.0,1,0,0,0,0,0,0,74.6496161446299,198.1982203831844,74.6496161446299,0.0
random-s0-0002,prm,cycle,150.0,20.0,30.0,1,0,0,0,0,0,0,44.20763494501574,145.8554272482245,44.20763494501574,0.0
random-s0-0002,prm,cycle,150.0,100.0,30.0,1,0,0,0,0,0,0,60.53974948774439,114.29708681807313,60.53974948774439,0.0
random-s0-0002,prm,event,0.0,20.0,30.0,1,0,0,0,0,0,0,32.00446320865569,145.8554272482245,32.00446320865569,0.0
random-s0-0002,prm,event,0.0,100.0,30.0,1,0,1,1,0,1,0,-19.493698980486958,198.1982203831844,-19.493698980486958,139.99999999999991
random-s0-0002,prm,event,50.0,20.0,30.0,1,0,0,0,0,0,0,32.00446320865569,145.8554272482245,32.00446320865569,0.0
random-s0-0002,prm,event,50.0,100.0,30.0,1,0,0,0,0,0,0,74.6496161446299,198.1982203831844,74.6496161446299,0.0
random-s0-0002,prm,event,150.0,20.0,30.0,1,0,0,0,0,0,0,34.061211388783136,145.8554272482245,34.061211388783136,0.0
random-s0-0002,prm,event,150.0,100.0,30.0,1,0,0,0,0,0,0,79.87452699378349,198.1982203831844,79.87452699378349,0.0
random-s0-0002,visibility,once,0.0,20.0,30.0,1,0,1,1,0,0,1,-133.0127954559156,150.26542756792702,-133.0127954559156,420.0000000000001
random-s0-0002,visibility,cycle,0.0,20.0,30.0,1,0,0,0,0,0,0,22.606520691619124,139.76039984174122,22.606520691619124,0.0
random-s0-0002,visibility,cycle,0.0,100.0,30.0,1,0,0,0,0,0,0,26.96713222901297,140.0131593086873,26.96713222901297,0.0
random-s0-0002,visibility,cycle,50.0,20.0,30.0,1,0,0,0,0,0,0,21.613218642241407,139.76039984174122,21.613218642241407,0.0
random-s0-0002,visibility,cycle,50.0,100.0,30.0,1,0,0,0,0,0,0,17.378431263720614,140.0131593086873,17.378431263720614,0.0
random-s0-0002,visibility,cycle,150.0,20.0,30.0,1,0,0,0,0,0,0,30.6950918207379,139.76039984174122,30.6950918207379,0.0
random-s0-0002,visibility,cycle,150.0,100.0,30.0,1,0,0,0,0,0,0,35.64817846382692,140.0131593086873,35.64817846382692,0.0
random-s0-0002,visibility,event,0.0,20.0,30.0,1,0,0,0,0,0,0,22.606520691619124,139.76039984174122,22.606520691619124,0.0
random-s0-0002,visibility,event,0.0,100.0,30.0,1,0,0,0,0,0,0,26.96713222901297,140.0131593086873,26.96713222901297,0.0
random-s0-0002,visibility,event,50.0,20.0,30.0,1,0,0,0,0,0,0,15.818429982498628,139.76039984174122,15.818429982498628,0.0
random-s0-0002,visibility,event,50.0,100.0,30.0,1,0,0,0,0,0,0,26.96713222901297,140.0131593086873,26.96713222901297,0.0
random-s0-0002,visibility,event,150.0,20.0,30.0,1,0,0,0,0,0,0,30.6950918207379,139.76039984174122,30.6950918207379,0.0
random-s0-0002,visibility,event,150.0,100.0,30.0,1,0,0,0,0,0,0,35.5080258115205,140.0131593086873,35.5080258115205,0.0
random-s0-0003,voronoi,once,0.0,20.0,30.0,1,0,1,1,0,0,1,-91.52948549182896,207.23700206606043,-91.52948549182896,160.0
random-s0-0003,voronoi,cycle,0.0,20.0,30.0,1,0,0,0,0,0,0,1.5532283993129283,1.5532283993129283,115.13386793114744,0.0
random-s0-0003,voronoi,cycle,0.0,100.0,30.0,1,0,0,0,0,0,0,28.56935448624668,28.56935448624668,115.13386793114744,0.0
random-s0-0003,voronoi,cycle,50.0,20.0,30.0,1,0,0,0,0,0,0,20.28153358588642,20.28153358588642,115.13386793114744,0.0
random-s0-0003,voronoi,cycle,50.0,100.0,30.0,1,0,0,0,0,0,0,98.08539272935616,98.08539272935616,115.13386793114744,0.0
random-s0-0003,voronoi,cycle,150.0,20.0,30.0,1,0,0,0,0,0,0,44.4287584485536,44.4287584485536,115.13386793114744,0.0
random-s0-0003,voronoi,cycle,150.0,100.0,30.0,1,0,0,0,0,0,0,115.13386793114744,380.7734074581472,115.13386793114744,0.0
random-s0-0003,voronoi,event,0.0,20.0,30.0,1,0,0,0,0,0,0,2.0712694249598087,2.0712694249598087,80.4384174350796,0.0
random-s0-0003,voronoi,event,0.0,100.0,30.0,1,0,1,0,1,0,0,-58.30849830731718,-58.30849830731718,115.13386793114744,119.99999999999991
random-s0-0003,voronoi,event,50.0,20.0,30.0,1,0,0,0,0,0,0,37.53542806106961,37.53542806106961,115.13386793114744,0.0
random-s0-0003,voronoi,event,50.0,100.0,30.0,1,0,0,0,0,0,0,100.6331858521271,100.6331858521271,115.13386793114744,0.0
random-s0-0003,voronoi,event,150.0,20.0,30.0,1,0,0,0,0,0,0,115.13386793114744,271.1827267111461,115.13386793114744,0.0
random-s0-0003,voronoi,event,150.0,100.0,30.0,1,0,0,0,0,0,0,115.13386793114744,292.2476276448782,115.13386793114744,0.0
random-s0-0003,prm,once,0.0,20.0,30.0,1,0,3,1,2,0,1,-105.08161343872425,-105.08161343872425,-91.52948549182896,500.0000000000001
random-s0-0003,prm,cycle,0.0,20.0,30.0,1,0,0,0,0,0,0,58.08032444850602,58.08032444850602,75.83044100457084,0.0
random-s0-0003,prm,cycle,0.0,100.0,30.0,1,0,1,0,1,0,0,-66.71829502021258,-66.71829502021258,82.0010048360449,79.99999999999991
random-s0-0003,prm,cycle,50.0,20.0,30.0,1,0,0,0,0,0,0,115.13386793114744,152.59643382173937,115.13386793114744,0.0
random-s0-0003,prm,cycle,50.0,100.0,30.0,1,0,0,0,0,0,0,82.0010048360449,148.06954829247871,82.0010048360449,0.0
random-s0-0003,prm,cycle,150.0,20.0,30.0,1,0,0,0,0,0,0,60.35967874096539,60.35967874096539,115.13386793114744,0.0
random-s0-0003,prm,cycle,150.0,100.0,30.0,1,0,0,0,0,0,0,115.13386793114744,279.44974454674576,115.13386793114744,0.0
random-s0-0003,prm,event,0.0,20.0,30.0,1,0,0,0,0,0,0,35.99117564309449,35.99117564309449,75.83044100457084,0.0
random-s0-0003,prm,event,0.0,100.0,30.0,1,0,0,0,0,0,0,41.35226104661794,41.35226104661794,82.0010048360449,0.0
random-s0-0003,prm,event,50.0,20.0,30.0,1,0,0,0,0,0,0,115.13386793114744,116.55711550893876,115.13386793114744,0.0
random-s0-0003,prm,event,50.0,100.0,30.0,1,0,0,0,0,0,0,82.0010048360449,153.44434370583076,82.0010048360449,0.0
random-s0-0003,prm,event,150.0,20.0,30.0,1,0,0,0,0,0,0,49.148543599939046,116.41364433436934,49.148543599939046,0.0
random-s0-0003,prm,event,150.0,100.0,30.0,1,0,1,0,1,0,0,-128.24019343939457,-128.24019343939457,115.13386793114744,100.0
random-s0-0003,visibility,once,0.0,20.0,30.0,1,0,1,1,0,0,1,-91.52948549182896,10.130660500414194,-91.52948549182896,160.0
random-s0-0003,visibility,cycle,0.0,20.0,30.0,1,0,0,0,0,0,0,34.832994720622935,49.0927403002344,34.832994720622935,0.0
random-s0-0003,visibility,cycle,0.0,100.0,30.0,1,0,0,0,0,0,0,41.75838315446288,46.28285516144143,41.75838315446288,0.0
random-s0-0003,visibility,cycle,50.0,20.0,30.0,1,0,0,0,0,0,0,3.5548047082383505,3.5548047082383505,55.505262870049705,0.0
random-s0-0003,visibility,cycle,50.0,100.0,30.0,1,0,1,0,1,0,0,-108.720888062946,-108.720888062946,58.48139840860287,79.99999999999991
random-s0-0003,visibility,cycle,150.0,20.0,30.0,1,0,0,0,0,0,0,115.13386793114744,173.37189417981227,115.13386793114744,0.0
random-s0-0003,visibility,cycle,150.0,100.0,30.0,1,0,0,0,0,0,0,48.55388020648954,48.55388020648954,115.13386793114744,0.0
random-s0-0003,visibility,event,0.0,20.0,30.0,1,0,0,0,0,0,0,30.158778345459808,30.158778345459808,45.25862855617933,0.0
random-s0-0003,visibility,event,0.0,100.0,30.0,1,0,0,0,0,0,0,30.76274611846597,30.76274611846597,38.87028027303776,0.0
random-s0-0003,visibility,event,50.0,20.0,30.0,1,0,0,0,0,0,0,30.246060465099788,30.246060465099788,80.0637313144203,0.0
random-s0-0003,visibility,event,50.0,100.0,30.0,1,0,0,0,0,0,0,30.115226606166686,30.115226606166686,73.64997338318935,0.0
random-s0-0003,visibility,event,150.0,20.0,30.0,1,0,0,0,0,0,0,25.663799576313608,25.663799576313608,115.13386793114744,0.0
random-s0-0003,visibility,event,150.0,100.0,30.0,1,0,1,0,1,0,0,-139.23414991647502,-139.23414991647502,115.13386793114744,440.0000000000001
random-s0-0004,voronoi,once,0.0,20.0,30.0,1,0,4,0,4,0,0,-115.63095203453436,-115.63095203453436,5.564858130567728,520.0000000000001
random-s0-0004,voronoi,cycle,0.0,20.0,30.0,1,0,0,0,0,0,0,12.951715460442244,60.759413666771536,12.951715460442244,0.0
random-s0-0004,voronoi,cycle,0.0,100.0,30.0,1,0,2,0,2,0,0,-20.76087815857619,-20.76087815857619,66.16159730458631,79.99999999999991
random-s0-0004,voronoi,cycle,50.0,20.0,30.0,1,0,0,0,0,0,0,13.88310288187128,13.88310288187128,74.68916799167695,0.0
random-s0-0004,voronoi,cycle,50.0,100.0,30.0,1,0,0,0,0,0,0,35.8350216324865,35.8350216324865,146.3140787372442,0.0
random-s0-0004,voronoi,cycle,150.0,20.0,30.0,1,0,0,0,0,0,0,8.151526547971429,8.151526547971429,69.4504600839297,0.0
random-s0-0004,voronoi,cycle,150.0,100.0,30.0,1,0,0,0,0,0,0,60.62974439203043,199.42177253888912,60.62974439203043,0.0
random-s0-0004,voronoi,event,0.0,20.0,30.0,1,0,0,0,0,0,0,3.513648867507925,4.377202067071522,3.513648867507925,0.0
random-s0-0004,voronoi,event,0.0,100.0,30.0,1,0,1,0,1,0,0,-5.655254218255294,-5.655254218255294,74.30215829263139,20.0
random-s0-0004,voronoi,event,50.0,20.0,30.0,1,0,1,1,0,1,0,-10.279870616217522,35.29912642083471,-10.279870616217522,239.99999999999488
random-s0-0004,voronoi,event,50.0,100.0,30.0,1,0,0,0,0,0,0,39.66203928285404,39.66203928285404,113.69997019418486,0.0
random-s0-0004,voronoi,event,150.0,20.0,30.0,1,0,0,0,0,0,0,69.4504600839297,111.75426487183512,69.4504600839297,0.0
random-s0-0004,voronoi,event,150.0,100.0,30.0,1,0,0,0,0,0,0,60.62974439203043,139.54040249972076,60.62974439203043,0.0
random-s0-0004,prm,once,0.0,20.0,30.0,1,0,2,0,2,0,0,-115.63095203453436,-115.63095203453436,127.13540031209504,300.0
random-s0-0004,prm,cycle,0.0,20.0,30.0,1,0,0,0,0,0,0,61.594394464364,82.46023033295512,61.594394464364,0.0
random-s0-0004,prm,cycle,0.0,100.0,30.0,1,0,2,0,2,0,0,-101.75850690387888,-101.75850690387888,79.91860094608575,100.0
random-s0-0004,prm,cycle,50.0,20.0,30.0,1,0,0,0,0,0,0,70.32334900910331,70.32334900910331,93.20548850747316,0.0
random-s0-0004,prm,cycle,50.0,100.0,30.0,1,0,0,0,0,0,0,52.73376325403885,57.12628503376274,52.73376325403885,0.0
random-s0-0004,prm,cycle,150.0,20.0,30.0,1,0,2,1,1,1,0,-115.63095203453412,-115.63095203453412,-80.87736972697572,500.0000000000001
random-s0-0004,prm,cycle,150.0,100.0,30.0,1,0,2,1,1,1,0,-115.63095203453454,-115.63095203453454,-80.87736972697572,499.99999999999983
random-s0-0004,prm,event,0.0,20.0,30.0,1,0,0,0,0,0,0,44.99431953321243,115.01884084862598,44.99431953321243,0.0
random-s0-0004,prm,event,0.0,100.0,30.0,1,0,1,0,1,0,0,-91.18042177837528,-91.18042177837528,156.60090611880418,60.0
random-s0-0004,prm,event,50.0,20.0,30.0,1,0,0,0,0,0,0,33.50632972357931,44.764514665275954,33.50632972357931,0.0
random-s0-0004,prm,event,50.0,100.0,30.0,1,0,0,0,0,0,0,117.3488072490889,269.9044662469864,117.3488072490889,0.0
random-s0-0004,prm,event,150.0,20.0,30.0,1,0,2,1,1,1,0,-115.63095203453412,-115.63095203453412,-80.87736972697572,500.0000000000001
random-s0-0004,prm,event,150.0,100.0,30.0,1,0,2,1,1,1,0,-115.63095203453454,-115.63095203453454,-80.87736972697572,499.99999999999983
random-s0-0004,visibility,once,0.0,20.0,30.0,1,0,5,1,4,0,1,-115.63095203453436,-115.63095203453436,-44.40591446396124,600.0000000000002
random-s0-0004,visibility,cycle,0.0,20.0,30.0,1,0,1,0,1,0,0,-169.5199793264386,-169.5199793264386,11.801727344632098,259.99999999999994
random-s0-0004,visibility,cycle,0.0,100.0,30.0,1,0,1,0,1,0,0,-131.96281562173783,-131.96281562173783,1.3099102380973306,259.9999999999998
random-s0-0004,visibility,cycle,50.0,20.0,30.0,1,0,0,0,0,0,0,37.66737003915736,161.89721102881907,37.66737003915736,0.0
random-s0-0004,visibility,cycle,50.0,100.0,30.0,1,0,1,0,1,0,0,-95.59754326723422,-95.59754326723422,39.61996651499672,60.0
random-s0-0004,visibility,cycle,150.0,20.0,30.0,1,0,1,1,0,1,0,-80.87736972697572,15.86222561929415,-80.87736972697572,299.99999999999994
random-s0-0004,visibility,cycle,150.0,100.0,30.0,1,0,2,1,1,1,0,-89.26954692335049,-89.26954692335049,-80.87736972697572,299.9999999999999
random-s0-0004,visibility,event,0.0,20.0,30.0,1,0,1,0,1,0,0,-166.11034048236638,-166.11034048236638,3.0089559012499763,279.99999999999994
random-s0-0004,visibility,event,0.0,100.0,30.0,1,0,1,0,1,0,0,-131.83940194452248,-131.83940194452248,13.295730895697147,259.9999999999998
random-s0-0004,visibility,event,50.0,20.0,30.0,1,0,0,0,0,0,0,3.673846854288485,193.5613380826716,3.673846854288485,0.0
random-s0-0004,visibility,event,50.0,100.0,30.0,1,0,1,0,1,0,0,-141.43103364238104,-141.43103364238104,2.8636283233549875,259.9999999999998
random-s0-0004,visibility,event,150.0,20.0,30.0,1,0,2,2,0,1,1,-80.87736972697572,262.16045746115896,-80.87736972697572,680.0000000000002
random-s0-0004,visibility,event,150.0,100.0,30.0,1,0,3,2,1,1,1,-89.26954692335049,-89.26954692335049,-80.87736972697572,380.0
random-s0-0005,voronoi,once,0.0,20.0,30.0,1,0,1,1,0,1,0,-31.662216852363343,97.40228830659458,-31.662216852363343,200.0
random-s0-0005,voronoi,cycle,0.0,20.0,30.0,1,0,0,0,0,0,0,47.55582142071512,285.6010202877771,47.55582142071512,0.0
random-s0-0005,voronoi,cycle,0.0,100.0,30.0,1,0,0,0,0,0,0,131.75253362889367,139.6976027553531,131.75253362889367,0.0
random-s0-0005,voronoi,cycle,50.0,20.0,30.0,1,0,0,0,0,0,0,57.08087746935576,372.0413126929129,57.08087746935576,0.0
random-s0-0005,voronoi,cycle,50.0,100.0,30.0,1,0,0,0,0,0,0,58.48595133048792,372.481685681082,58.48595133048792,0.0
random-s0-0005,voronoi,cycle,150.0,20.0,30.0,1,0,0,0,0,0,0,38.50313630688749,439.06859974547126,38.50313630688749,0.0
random-s0-0005,voronoi,cycle,150.0,100.0,30.0,1,0,0,0,0,0,0,44.799379918193154,436.7132032667784,44.799379918193154,0.0
random-s0-0005,voronoi,event,0.0,20.0,30.0,1,0,0,0,0,0,0,50.85317172540616,287.42081857043377,50.85317172540616,0.0
random-s0-0005,voronoi,event,0.0,100.0,30.0,1,0,0,0,0,0,0,131.75253362889367,203.19907753151188,131.75253362889367,0.0
random-s0-0005,voronoi,event,50.0,20.0,30.0,1,0,0,0,0,0,0,35.10036418750434,359.21282749702004,35.10036418750434,0.0
random-s0-0005,voronoi,event,50.0,100.0,30.0,1,0,0,0,0,0,0,58.48595133048792,372.481685681082,58.48595133048792,0.0
random-s0-0005,voronoi,event,150.0,20.0,30.0,1,0,0,0,0,0,0,45.98724774839977,456.1556053214854,45.98724774839977,0.0
random-s0-0005,voronoi,event,150.0,100.0,30.0,1,0,0,0,0,0,0,76.15930046563165,444.83633734219177,76.15930046563165,0.0
random-s0-0005,prm,once,0.0,20.0,30.0,1,0,1,0,1,0,0,-71.01245836999203,-71.01245836999203,56.86945875876424,80.0
random-s0-0005,prm,cycle,0.0,20.0,30.0,1,0,0,0,0,0,0,35.67399744042265,273.8287195526109,35.67399744042265,0.0
random-s0-0005,prm,cycle,0.0,100.0,30.0,1,0,1,0,1,0,0,-78.39560710271766,-78.39560710271766,32.7270429015222,40.0
random-s0-0005,prm,cycle,50.0,20.0,30.0,1,0,0,0,0,0,0,47.45868254157901,415.3048472449881,47.45868254157901,0.0
random-s0-0005,prm,cycle,50.0,100.0,30.0,1,0,0,0,0,0,0,44.65512989909041,446.29092513836736,44.65512989909041,0.0
random-s0-0005,prm,cycle,150.0,20.0,30.0,1,0,1,1,0,1,0,-14.736978885311116,63.171565443011474,-14.736978885311116,140.0
random-s0-0005,prm,cycle,150.0,100.0,30.0,1,0,0,0,0,0,0,69.47962794095992,382.137608583969,69.47962794095992,0.0
random-s0-0005,prm,event,0.0,20.0,30.0,1,0,1,1,0,1,0,-7.638180559288116,162.18125230408373,-7.638180559288116,0.0
random-s0-0005,prm,event,0.0,100.0,30.0,1,0,0,0,0,0,0,32.7270429015222,195.6280136917605,32.7270429015222,0.0
random-s0-0005,prm,event,50.0,20.0,30.0,1,0,0,0,0,0,0,47.45868254157901,415.3048472449881,47.45868254157901,0.0
random-s0-0005,prm,event,50.0,100.0,30.0,1,0,0,0,0,0,0,44.65512989909041,446.29092513836736,44.65512989909041,0.0
random-s0-0005,prm,event,150.0,20.0,30.0,1,0,0,0,0,0,0,34.244133991681764,431.612648853788,34.244133991681764,0.0
random-s0-0005,prm,event,150.0,100.0,30.0,1,0,0,0,0,0,0,69.47962794095992,382.137608583969,69.47962794095992,0.0
random-s0-0005,visibility,once,0.0,20.0,30.0,1,0,0,0,0,0,0,4.841116471996827,4.841116471996827,32.39003545901133,0.0
random-s0-0005,visibility,cycle,0.0,20.0,30.0,1,0,0,0,0,0,0,31.021739427289248,76.81951876857693,31.021739427289248,0.0
random-s0-0005,visibility,cycle,0.0,100.0,30.0,1,0,0,0,0,0,0,32.390035459011216,93.04032719555391,32.390035459011216,0.0
random-s0-0005,visibility,cycle,50.0,20.0,30.0,1,0,0,0,0,0,0,14.999304874697684,105.15324776508088,14.999304874697684,0.0
random-s0-0005,visibility,cycle,50.0,100.0,30.0,1,0,0,0,0,0,0,32.390035459011216,125.9171137172496,32.390035459011216,0.0
random-s0-0005,visibility,cycle,150.0,20.0,30.0,1,0,1,1,0,1,0,-31.662216852363343,147.98167499744977,-31.662216852363343,200.0
random-s0-0005,visibility,cycle,150.0,100.0,30.0,1,0,1,1,0,1,0,-31.662216852363144,90.39032517627568,-31.662216852363144,200.0
random-s0-0005,visibility,event,0.0,20.0,30.0,1,0,0,0,0,0,0,31.021739427289248,85.05851931311975,31.021739427289248,0.0
random-s0-0005,visibility,event,0.0,100.0,30.0,1,0,0,0,0,0,0,32.390035459011216,91.46248057421178,32.390035459011216,0.0
random-s0-0005,visibility,event,50.0,20.0,30.0,1,0,0,0,0,0,0,31.021739427289248,127.16405085837243,31.021739427289248,0.0
random-s0-0005,visibility,event,50.0,100.0,30.0,1,0,0,0,0,0,0,32.390035459011216,127.1640508583726,32.390035459011216,0.0
random-s0-0005,visibility,event,150.0,20.0,30.0,1,0,0,0,0,0,0,131.75253362889367,200.75985455959935,131.75253362889367,0.0
random-s0-0005,visibility,event,150.0,100.0,30.0,1,0,0,0,0,0,0,131.75253362889367,171.88266603634366,131.75253362889367,0.0
random-s0-0006,voronoi,once,0.0,20.0,30.0,1,0,0,0,0,0,0,304.245722616555,304.245722616555,618.3945891600217,0.0
random-s0-0006,voronoi,cycle,0.0,20.0,30.0,1,0,1,1,0,1,0,-72.48730582870044,474.4236430085941,-72.48730582870044,380.00000000000006
random-s0-0006,voronoi,cycle,0.0,100.0,30.0,1,0,1,1,0,1,0,-134.66937332134734,493.41889758550064,-134.66937332134734,440.0000000000001
random-s0-0006,voronoi,cycle,50.0,20.0,30.0,1,0,1,1,0,1,0,-40.89805683272149,568.7376927299741,-40.89805683272149,279.99999999999994
random-s0-0006,voronoi,cycle,50.0,100.0,30.0,1,0,0,0,0,0,0,58.85235612604615,636.970272899806,58.85235612604615,0.0
random-s0-0006,voronoi,cycle,150.0,20.0,30.0,1,0,0,0,0,0,0,24.67687597425774,456.2909889468047,24.67687597425774,0.0
random-s0-0006,voronoi,cycle,150.0,100.0,30.0,1,0,0,0,0,0,0,4.028480835471669,704.4648327131094,4.028480835471669,0.0
random-s0-0006,voronoi,event,0.0,20.0,30.0,1,0,1,1,0,1,0,-72.7549915117124,483.31963532335146,-72.7549915117124,380.00000000000006
random-s0-0006,voronoi,event,0.0,100.0,30.0,1,0,1,1,0,1,0,-134.66937332134734,493.41889758550064,-134.66937332134734,440.0000000000001
random-s0-0006,voronoi,event,50.0,20.0,30.0,1,0,1,1,0,1,0,-17.522320820191,163.16551551024406,-17.522320820191,180.0
random-s0-0006,voronoi,event,50.0,100.0,30.0,1,0,0,0,0,0,0,52.537469677132805,656.9125364648327,52.537469677132805,0.0
random-s0-0006,voronoi,event,150.0,20.0,30.0,1,0,0,0,0,0,0,110.30031333381947,449.7689120242326,110.30031333381947,0.0
random-s0-0006,voronoi,event,150.0,100.0,30.0,1,0,0,0,0,0,0,21.13189314636529,752.9317935786878,21.13189314636529,0.0
random-s0-0006,prm,once,0.0,20.0,30.0,1,0,1,0,1,0,0,-112.2698670386217,-112.2698670386217,117.10566557865656,300.0
random-s0-0006,prm,cycle,0.0,20.0,30.0,1,0,1,1,0,1,0,-32.25232887103587,244.75587648840605,-32.25232887103587,140.0
random-s0-0006,prm,cycle,0.0,100.0,30.0,1,0,1,1,0,1,0,-67.72233557814812,221.37422093745064,-67.72233557814812,200.0
random-s0-0006,prm,cycle,50.0,20.0,30.0,1,0,0,0,0,0,0,35.16273057216807,387.0868272118212,35.16273057216807,0.0
random-s0-0006,prm,cycle,50.0,100.0,30.0,1,0,1,1,0,1,0,-63.37949389488972,235.9697026001101,-63.37949389488972,200.0
random-s0-0006,prm,cycle,150.0,20.0,30.0,1,0,1,1,0,1,0,-27.527027097881728,497.186141903424,-27.527027097881728,120.0
random-s0-0006,prm,cycle,150.0,100.0,30.0,1,0,2,1,1,1,0,-106.63910969383076,-68.58738843283338,-106.63910969383076,259.99999999999994
random-s0-0006,prm,event,0.0,20.0,30.0,1,0,1,1,0,1,0,-32.25232887103587,253.479931590989,-32.25232887103587,140.0
random-s0-0006,prm,event,0.0,100.0,30.0,1,0,1,1,0,1,0,-67.72233557814812,231.44071819222512,-67.72233557814812,200.0
random-s0-0006,prm,event,50.0,20.0,30.0,1,0,0,0,0,0,0,31.76283431257886,217.19964040228277,31.76283431257886,0.0
random-s0-0006,prm,event,50.0,100.0,30.0,1,0,1,1,0,1,0,-67.72233557814812,212.23941719225712,-67.72233557814812,200.0
random-s0-0006,prm,event,150.0,20.0,30.0,1,0,0,0,0,0,0,58.68912058979163,287.8647355050526,58.68912058979163,0.0
random-s0-0006,prm,event,150.0,100.0,30.0,1,0,0,0,0,0,0,84.04825743679851,84.04825743679851,386.59535945723246,0.0
random-s0-0006,visibility,once,0.0,20.0,30.0,1,0,0,0,0,0,0,237.1801240733068,237.1801240733068,335.68697956413007,0.0
random-s0-0006,visibility,cycle,0.0,20.0,30.0,1,0,0,0,0,0,0,6.620784314271987,304.2091128618802,6.620784314271987,0.0
random-s0-0006,visibility,cycle,0.0,100.0,30.0,1,0,0,0,0,0,0,5.459575573021823,300.65445861977537,5.459575573021823,0.0
random-s0-0006,visibility,cycle,50.0,20.0,30.0,1,0,0,0,0,0,0,5.172606473357689,297.1266492131106,5.172606473357689,0.0
random-s0-0006,visibility,cycle,50.0,100.0,30.0,1,0,0,0,0,0,0,5.3060090144822425,241.425787864452,5.3060090144822425,0.0
random-s0-0006,visibility,cycle,150.0,20.0,30.0,1,0,1,1,0,0,1,-111.96303692225725,313.9949906120598,-111.96303692225725,240.0
random-s0-0006,visibility,cycle,150.0,100.0,30.0,1,0,0,0,0,0,0,181.9964136477867,247.6914290510776,181.9964136477867,0.0
random-s0-0006,visibility,event,0.0,20.0,30.0,1,0,0,0,0,0,0,5.467819673214365,307.8673156609194,5.467819673214365,0.0
random-s0-0006,visibility,event,0.0,100.0,30.0,1,0,0,0,0,0,0,3.8732598223587047,304.38473223010044,3.8732598223587047,0.0
random-s0-0006,visibility,event,50.0,20.0,30.0,1,0,0,0,0,0,0,5.369282091626275,288.727021667095,5.369282091626275,0.0
random-s0-0006,visibility,event,50.0,100.0,30.0,1,0,0,0,0,0,0,3.722109945751498,241.425787864452,3.722109945751498,0.0
random-s0-0006,visibility,event,150.0,20.0,30.0,1,0,1,1,0,1,0,-55.95960415618978,316.61334358903,-55.95960415618978,240.0
random-s0-0006,visibility,event,150.0,100.0,30.0,1,0,0,0,0,0,0,174.23034940025377,247.6914290510776,174.23034940025377,0.0
random-s0-0007,voronoi,once,0.0,20.0,30.0,1,0,0,0,0,0,0,24.474440962737816,73.31543972272479,24.474440962737816,0.0
random-s0-0007,voronoi,cycle,0.0,20.0,30.0,1,0,2,2,0,2,0,-5.578460363798456,174.79775952055076,-5.578460363798456,60.0
random-s0-0007,voronoi,cycle,0.0,100.0,30.0,1,0,0,0,0,0,0,5.556101025307896,201.66005345639635,5.556101025307896,0.0
random-s0-0007,voronoi,cycle,50.0,20.0,30.0,1,0,0,0,0,0,0,24.66481351585702,217.1725337076172,24.66481351585702,0.0
random-s0-0007,voronoi,cycle,50.0,100.0,30.0,1,0,0,0,0,0,0,18.93743992401923,201.66005345639635,18.93743992401923,0.0
random-s0-0007,voronoi,cycle,150.0,20.0,30.0,1,0,0,0,0,0,0,47.56866066823662,224.55710350950451,47.56866066823662,0.0
random-s0-0007,voronoi,cycle,150.0,100.0,30.0,1,0,0,0,0,0,0,38.37936724642952,202.48891329150385,38.37936724642952,0.0
random-s0-0007,voronoi,event,0.0,20.0,30.0,1,0,0,0,0,0,0,25.651966674397528,223.14755105176016,25.651966674397528,0.0
random-s0-0007,voronoi,event,0.0,100.0,30.0,1,0,0,0,0,0,0,24.70791175802489,201.66005345639635,24.70791175802489,0.0
random-s0-0007,voronoi,event,50.0,20.0,30.0,1,0,0,0,0,0,0,19.25572404272012,115.86650833971066,19.25572404272012,0.0
random-s0-0007,voronoi,event,50.0,100.0,30.0,1,0,0,0,0,0,0,26.23805733792597,201.66005345639635,26.23805733792597,0.0
random-s0-0007,voronoi,event,150.0,20.0,30.0,1,0,0,0,0,0,0,44.10160783364137,224.55710350950451,44.10160783364137,0.0
random-s0-0007,voronoi,event,150.0,100.0,30.0,1,0,0,0,0,0,0,36.9378075529105,214.8435249261592,36.9378075529105,0.0
random-s0-0007,prm,once,0.0,20.0,30.0,1,0,1,0,1,0,0,-10.965531574141693,-10.965531574141693,24.474440962737816,40.0
random-s0-0007,prm,cycle,0.0,20.0,30.0,1,0,0,0,0,0,0,26.617781810048456,224.55710350950451,26.617781810048456,0.0
random-s0-0007,prm,cycle,0.0,100.0,30.0,1,0,0,0,0,0,0,25.749303981332616,224.55710350950451,25.749303981332616,0.0
random-s0-0007,prm,cycle,50.0,20.0,30.0,1,0,0,0,0,0,0,31.52627607048879,224.55710350950451,31.52627607048879,0.0
random-s0-0007,prm,cycle,50.0,100.0,30.0,1,0,0,0,0,0,0,57.3205038726968,224.55710350950451,57.3205038726968,0.0
random-s0-0007,prm,cycle,150.0,20.0,30.0,1,0,0,0,0,0,0,20.03050543243876,224.55710350950451,20.03050543243876,0.0
random-s0-0007,prm,cycle,150.0,100.0,30.0,1,0,0,0,0,0,0,17.928271437548972,118.0249900268342,17.928271437548972,0.0
random-s0-0007,prm,event,0.0,20.0,30.0,1,0,0,0,0,0,0,26.58829876373582,224.55710350950451,26.58829876373582,0.0
random-s0-0007,prm,event,0.0,100.0,30.0,1,0,0,0,0,0,0,25.749303981332616,224.55710350950451,25.749303981332616,0.0
random-s0-0007,prm,event,50.0,20.0,30.0,1,0,0,0,0,0,0,28.755149561184965,224.55710350950451,28.755149561184965,0.0
random-s0-0007,prm,event,50.0,100.0,30.0,1,0,0,0,0,0,0,27.3707228841358,224.55710350950451,27.3707228841358,0.0
random-s0-0007,prm,event,150.0,20.0,30.0,1,0,0,0,0,0,0,19.24908640969744,224.55710350950451,19.24908640969744,0.0
random-s0-0007,prm,event,150.0,100.0,30.0,1,0,0,0,0,0,0,17.928271437548972,224.55710350950451,17.928271437548972,0.0
random-s0-0007,visibility,once,0.0,20.0,30.0,1,0,1,0,1,0,0,-79.62690636243815,-79.62690636243815,12.512808827273318,40.0
random-s0-0007,visibility,cycle,0.0,20.0,30.0,1,0,0,0,0,0,0,24.099193523494197,130.2519650183944,24.099193523494197,0.0
random-s0-0007,visibility,cycle,0.0,100.0,30.0,1,0,0,0,0,0,0,24.11733220819764,104.85859479115844,24.11733220819764,0.0
random-s0-0007,visibility,cycle,50.0,20.0,30.0,1,0,0,0,0,0,0,24.099193523494197,152.35194690284402,24.099193523494197,0.0
random-s0-0007,visibility,cycle,50.0,100.0,30.0,1,0,0,0,0,0,0,24.11733220819764,198.9058670034878,24.11733220819764,0.0
random-s0-0007,visibility,cycle,150.0,20.0,30.0,1,0,0,0,0,0,0,21.757262398799668,209.35061885637504,21.757262398799668,0.0
random-s0-0007,visibility,cycle,150.0,100.0,30.0,1,0,0,0,0,0,0,24.11733220819764,97.3267937074682,24.11733220819764,0.0
random-s0-0007,visibility,event,0.0,20.0,30.0,1,0,0,0,0,0,0,24.474440962737816,121.56043897328516,24.474440962737816,0.0
random-s0-0007,visibility,event,0.0,100.0,30.0,1,0,1,1,0,0,1,-44.83916266778061,104.85859479115844,-44.83916266778061,40.0
random-s0-0007,visibility,event,50.0,20.0,30.0,1,0,0,0,0,0,0,24.474440962737816,179.55081688625273,24.474440962737816,0.0
random-s0-0007,visibility,event,50.0,100.0,30.0,1,0,1,1,0,0,1,-11.905633147992972,191.759269886171,-11.905633147992972,40.0
random-s0-0007,visibility,event,150.0,20.0,30.0,1,0,0,0,0,0,0,24.474440962737816,202.0311699262949,24.474440962737816,0.0
random-s0-0007,visibility,event,150.0,100.0,30.0,1,0,1,1,0,0,1,-26.88011002008264,147.8371201942232,-26.88011002008264,440.0000000000001
random-s0-0008,voronoi,once,0.0,20.0,30.0,1,0,3,2,1,1,1,-148.7107183671267,-67.18670427548902,-148.7107183671267,620.0000000000002
random-s0-0008,voronoi,cycle,0.0,20.0,30.0,1,0,0,0,0,0,0,20.659766466008904,119.40808175814708,20.659766466008904,0.0
random-s0-0008,voronoi,cycle,0.0,100.0,30.0,1,0,0,0,0,0,0,34.00961414596347,79.73437868604032,34.00961414596347,0.0
random-s0-0008,voronoi,cycle,50.0,20.0,30.0,1,0,0,0,0,0,0,34.009614145963525,48.43683060502855,34.009614145963525,0.0
random-s0-0008,voronoi,cycle,50.0,100.0,30.0,1,0,0,0,0,0,0,34.00961414596347,58.92546045271527,34.00961414596347,0.0
random-s0-0008,voronoi,cycle,150.0,20.0,30.0,1,0,0,0,0,0,0,59.80791424603146,349.38810160378773,59.80791424603146,0.0
random-s0-0008,voronoi,cycle,150.0,100.0,30.0,1,0,1,1,0,1,0,-129.34181846213346,44.48369699444572,-129.34181846213346,400.00000000000006
random-s0-0008,voronoi,event,0.0,20.0,30.0,1,0,0,0,0,0,0,34.009614145963525,93.66209711001642,34.009614145963525,0.0
random-s0-0008,voronoi,event,0.0,100.0,30.0,1,0,0,0,0,0,0,34.00961414596347,79.73437868604032,34.00961414596347,0.0
random-s0-0008,voronoi,event,50.0,20.0,30.0,1,0,1,1,0,1,0,-144.88924189718173,74.49671887823447,-144.88924189718173,359.9999999999923
random-s0-0008,voronoi,event,50.0,100.0,30.0,1,0,1,1,0,1,0,-143.3119648511178,46.57051274709937,-143.3119648511178,400.00000000000006
random-s0-0008,voronoi,event,150.0,20.0,30.0,1,0,0,0,0,0,0,59.80791424603146,213.2004614676473,59.80791424603146,0.0
random-s0-0008,voronoi,event,150.0,100.0,30.0,1,0,1,1,0,1,0,-109.77863930437218,35.27486663236917,-109.77863930437218,380.00000000000006
random-s0-0008,prm,once,0.0,20.0,30.0,1,0,0,0,0,0,0,27.61335892074064,27.61335892074064,34.00961414596347,0.0
random-s0-0008,prm,cycle,0.0,20.0,30.0,1,0,0,0,0,0,0,34.009614145963525,65.29055130331747,34.009614145963525,0.0
random-s0-0008,prm,cycle,0.0,100.0,30.0,1,0,1,0,1,0,0,-123.3365320911238,-123.3365320911238,34.00961414596347,79.99999999999991
random-s0-0008,prm,cycle,50.0,20.0,30.0,1,0,0,0,0,0,0,34.009614145963525,64.46552987686462,34.009614145963525,0.0
random-s0-0008,prm,cycle,50.0,100.0,30.0,1,0,0,0,0,0,0,34.00961414596347,48.1647864139712,34.00961414596347,0.0
random-s0-0008,prm,cycle,150.0,20.0,30.0,1,0,0,0,0,0,0,59.80791424603146,72.35802554797675,59.80791424603146,0.0
random-s0-0008,prm,cycle,150.0,100.0,30.0,1,0,1,1,0,1,0,-148.71071836712656,131.0445567197931,-148.71071836712656,420.0000000000001
random-s0-0008,prm,event,0.0,20.0,30.0,1,0,1,0,1,0,0,-60.32832071292627,-60.32832071292627,34.009614145963525,60.0
random-s0-0008,prm,event,0.0,100.0,30.0,1,0,1,0,1,0,0,-68.0979349142243,-68.0979349142243,34.00961414596347,60.0
random-s0-0008,prm,event,50.0,20.0,30.0,1,0,1,1,0,1,0,-145.9826491053458,38.93196734231816,-145.9826491053458,339.9999999999927
random-s0-0008,prm,event,50.0,100.0,30.0,1,0,0,0,0,0,0,34.00961414596347,67.88046720174054,34.00961414596347,0.0
random-s0-0008,prm,event,150.0,20.0,30.0,1,0,1,1,0,1,0,-49.98117072538059,44.70924310429984,-49.98117072538059,39.99999999999915
random-s0-0008,prm,event,150.0,100.0,30.0,1,0,0,0,0,0,0,34.00961414596347,165.5727014611537,34.00961414596347,0.0
random-s0-0008,visibility,once,0.0,20.0,30.0,1,0,0,0,0,0,0,27.61335892074064,27.61335892074064,34.00961414596347,0.0
random-s0-0008,visibility,cycle,0.0,20.0,30.0,1,0,0,0,0,0,0,34.009614145963525,48.8537288876052,34.009614145963525,0.0
random-s0-0008,visibility,cycle,0.0,100.0,30.0,1,0,0,0,0,0,0,34.00961414596347,37.39837826569499,34.00961414596347,0.0
random-s0-0008,visibility,cycle,50.0,20.0,30.0,1,0,0,0,0,0,0,34.009614145963525,130.41050300501445,34.009614145963525,0.0
random-s0-0008,visibility,cycle,50.0,100.0,30.0,1,0,0,0,0,0,0,34.00961414596347,143.72469526407735,34.00961414596347,0.0
random-s0-0008,visibility,cycle,150.0,20.0,30.0,1,0,0,0,0,0,0,46.99311277918159,49.82159808325983,46.99311277918159,0.0
random-s0-0008,visibility,cycle,150.0,100.0,30.0,1,0,1,1,0,0,1,-176.7471483017277,79.3983185579217,-176.7471483017277,380.00000000000006
random-s0-0008,visibility,event,0.0,20.0,30.0,1,0,1,0,1,0,0,-134.5180813186923,-134.5180813186923,34.009614145963525,80.0
random-s0-0008,visibility,event,0.0,100.0,30.0,1,0,1,0,1,0,0,-120.21547151194876,-120.21547151194876,34.00961414596347,60.0
random-s0-0008,visibility,event,50.0,20.0,30.0,1,0,0,0,0,0,0,34.009614145963525,35.773793968695884,34.009614145963525,0.0
random-s0-0008,visibility,event,50.0,100.0,30.0,1,0,0,0,0,0,0,34.00961414596347,131.35805092938944,34.00961414596347,0.0
random-s0-0008,visibility,event,150.0,20.0,30.0,1,0,1,1,0,1,0,-148.05573319652632,3.7937460532074567,-148.05573319652632,419.999999999991
random-s0-0008,visibility,event,150.0,100.0,30.0,1,0,0,0,0,0,0,12.71702463638195,219.933968818003,12.71702463638195,0.0
random-s0-0009,voronoi,once,0.0,20.0,30.0,1,0,3,3,0,2,1,-48.1967708033155,36.718009698811215,-48.1967708033155,440.0000000000001
random-s0-0009,voronoi,cycle,0.0,20.0,30.0,1,0,1,1,0,0,1,-0.148015408676315,207.7137786933204,-0.148015408676315,20.0
random-s0-0009,voronoi,cycle,0.0,100.0,30.0,1,0,1,1,0,0,1,-0.1480154086764855,220.98291734187384,-0.1480154086764855,20.0
random-s0-0009,voronoi,cycle,50.0,20.0,30.0,1,0,0,0,0,0,0,34.911438224160264,185.7958710178824,34.911438224160264,0.0
random-s0-0009,voronoi,cycle,50.0,100.0,30.0,1,0,0,0,0,0,0,6.077016643536638,220.98291734187384,6.077016643536638,0.0
random-s0-0009,voronoi,cycle,150.0,20.0,30.0,1,0,0,0,0,0,0,109.1360945211892,169.53733044437195,109.1360945211892,0.0
random-s0-0009,voronoi,cycle,150.0,100.0,30.0,1,0,0,0,0,0,0,79.31921165650607,220.98291734187384,79.31921165650607,0.0
random-s0-0009,voronoi,event,0.0,20.0,30.0,1,0,1,1,0,0,1,-0.148015408676315,220.98291734187384,-0.148015408676315,20.0
random-s0-0009,voronoi,event,0.0,100.0,30.0,1,0,1,1,0,0,1,-0.1480154086764855,220.98291734187384,-0.1480154086764855,20.0
random-s0-0009,voronoi,event,50.0,20.0,30.0,1,0,0,0,0,0,0,34.911438224160264,155.89754778981444,34.911438224160264,0.0
random-s0-0009,voronoi,event,50.0,100.0,30.0,1,0,0,0,0,0,0,6.077016643536638,105.99880733885136,6.077016643536638,0.0
random-s0-0009,voronoi,event,150.0,20.0,30.0,1,0,0,0,0,0,0,110.416302636853,210.25963283033437,110.416302636853,0.0
random-s0-0009,voronoi,event,150.0,100.0,30.0,1,0,0,0,0,0,0,79.31921165650607,134.20048535142627,79.31921165650607,0.0
random-s0-0009,prm,once,0.0,20.0,30.0,1,0,3,1,2,0,1,-164.0401842137004,-164.0401842137004,-0.148015408676315,140.0
random-s0-0009,prm,cycle,0.0,20.0,30.0,1,0,1,1,0,0,1,-0.148015408676315,127.05649251894698,-0.148015408676315,20.0
random-s0-0009,prm,cycle,0.0,100.0,30.0,1,0,1,1,0,0,1,-0.1480154086764855,104.44312894114309,-0.1480154086764855,20.0
random-s0-0009,prm,cycle,50.0,20.0,30.0,1,0,1,1,0,0,1,-0.148015408676315,137.4801989781456,-0.148015408676315,20.0
random-s0-0009,prm,cycle,50.0,100.0,30.0,1,0,1,1,0,0,1,-0.1480154086764855,88.35662720023453,-0.1480154086764855,20.0
random-s0-0009,prm,cycle,150.0,20.0,30.0,1,0,1,1,0,0,1,-0.148015408676315,220.98291734187384,-0.148015408676315,20.0
random-s0-0009,prm,cycle,150.0,100.0,30.0,1,0,1,1,0,0,1,-0.1480154086764855,220.98291734187384,-0.1480154086764855,20.0
random-s0-0009,prm,event,0.0,20.0,30.0,1,0,1,1,0,0,1,-0.148015408676315,127.05649251894698,-0.148015408676315,20.0
random-s0-0009,prm,event,0.0,100.0,30.0,1,0,1,1,0,0,1,-0.1480154086764855,104.44312894114309,-0.1480154086764855,20.0
random-s0-0009,prm,event,50.0,20.0,30.0,1,0,1,1,0,0,1,-0.148015408676315,220.98291734187384,-0.148015408676315,20.0
random-s0-0009,prm,event,50.0,100.0,30.0,1,0,1,1,0,0,1,-0.1480154086764855,112.08296815999051,-0.1480154086764855,20.0
random-s0-0009,prm,event,150.0,20.0,30.0,1,0,1,1,0,0,1,-0.148015408676315,220.98291734187384,-0.148015408676315,20.0
random-s0-0009,prm,event,150.0,100.0,30.0,1,0,2,1,1,0,1,-8.325066398224322,-8.325066398224322,-0.1480154086764855,40.0
random-s0-0009,visibility,once,0.0,20.0,30.0,1,0,1,1,0,0,1,-0.148015408676315,36.718009698811215,-0.148015408676315,20.0
random-s0-0009,visibility,cycle,0.0,20.0,30.0,1,0,1,1,0,0,1,-0.148015408676315,155.21802889458326,-0.148015408676315,20.0
random-s0-0009,visibility,cycle,0.0,100.0,30.0,1,0,1,1,0,0,1,-0.1480154086764855,146.66227460335733,-0.1480154086764855,20.0
random-s0-0009,visibility,cycle,50.0,20.0,30.0,1,0,1,1,0,0,1,-0.148015408676315,220.98291734187384,-0.148015408676315,20.0
random-s0-0009,visibility,cycle,50.0,100.0,30.0,1,0,1,1,0,0,1,-0.1480154086764855,220.98291734187384,-0.1480154086764855,20.0
random-s0-0009,visibility,cycle,150.0,20.0,30.0,1,0,0,0,0,0,0,7.1037783601451565,47.22633517970837,7.1037783601451565,0.0
random-s0-0009,visibility,cycle,150.0,100.0,30.0,1,0,1,1,0,0,1,-0.1480154086764855,59.94116873940979,-0.1480154086764855,20.0
random-s0-0009,visibility,event,0.0,20.0,30.0,1,0,1,1,0,0,1,-0.148015408676315,158.22472848107418,-0.148015408676315,20.0
random-s0-0009,visibility,event,0.0,100.0,30.0,1,0,1,1,0,0,1,-0.1480154086764855,146.66227460335733,-0.1480154086764855,20.0
random-s0-0009,visibility,event,50.0,20.0,30.0,1,0,1,1,0,0,1,-0.148015408676315,220.98291734187384,-0.148015408676315,20.0
random-s0-0009,visibility,event,50.0,100.0,30.0,1,0,1,1,0,0,1,-0.1480154086764855,220.98291734187384,-0.1480154086764855,20.0
random-s0-0009,visibility,event,150.0,20.0,30.0,1,0,0,0,0,0,0,6.911296294478831,128.48063692351718,6.911296294478831,0.0
random-s0-0009,visibility,event,150.0,100.0,30.0,1,0,0,0,0,0,0,16.183541823086472,138.45498326435654,16.183541823086472,0.0
random-s0-0010,voronoi,once,0.0,20.0,30.0,1,0,0,0,0,0,0,103.03313904828455,416.4668110607165,103.03313904828455,0.0
random-s0-0010,voronoi,cycle,0.0,20.0,30.0,1,0,0,0,0,0,0,28.969303353451156,28.969303353451156,314.8456727624304,0.0
random-s0-0010,voronoi,cycle,0.0,100.0,30.0,1,0,0,0,0,0,0,123.35176998516005,123.35176998516005,304.1694199108723,0.0
random-s0-0010,voronoi,cycle,50.0,20.0,30.0,1,0,0,0,0,0,0,156.4129233397718,156.4129233397718,158.6840747577413,0.0
random-s0-0010,voronoi,cycle,50.0,100.0,30.0,1,0,0,0,0,0,0,116.3160313445598,241.54047345632264,116.3160313445598,0.0
random-s0-0010,voronoi,cycle,150.0,20.0,30.0,1,0,0,0,0,0,0,116.31603134455952,397.4687664266238,116.31603134455952,0.0
random-s0-0010,voronoi,cycle,150.0,100.0,30.0,1,0,0,0,0,0,0,103.03313904828455,613.9353345950698,103.03313904828455,0.0
random-s0-0010,voronoi,event,0.0,20.0,30.0,1,0,0,0,0,0,0,204.77495654885772,204.77495654885772,301.1986437138315,0.0
random-s0-0010,voronoi,event,0.0,100.0,30.0,1,0,0,0,0,0,0,119.92517633180996,119.92517633180996,304.0835648241543,0.0
random-s0-0010,voronoi,event,50.0,20.0,30.0,1,0,0,0,0,0,0,195.25638640353628,195.25638640353628,209.68062559841445,0.0
random-s0-0010,voronoi,event,50.0,100.0,30.0,1,0,0,0,0,0,0,130.6696117379808,130.6696117379808,221.10609285477688,0.0
random-s0-0010,voronoi,event,150.0,20.0,30.0,1,0,0,0,0,0,0,134.39721860593596,430.9326625003205,134.39721860593596,0.0
random-s0-0010,voronoi,event,150.0,100.0,30.0,1,0,0,0,0,0,0,134.39721860593608,279.7650414366784,134.39721860593608,0.0
random-s0-0010,prm,once,0.0,20.0,30.0,1,0,0,0,0,0,0,103.03313904828455,416.4668110607165,103.03313904828455,0.0
random-s0-0010,prm,cycle,0.0,20.0,30.0,1,0,1,0,1,0,0,-45.23290953028285,-45.23290953028285,302.4347309194658,60.0
random-s0-0010,prm,cycle,0.0,100.0,30.0,1,0,1,0,1,0,0,-131.2943242721263,-131.2943242721263,282.70194276390254,99.99999999999991
random-s0-0010,prm,cycle,50.0,20.0,30.0,1,0,0,0,0,0,0,312.3275509261536,416.4668110607166,312.3275509261536,0.0
random-s0-0010,prm,cycle,50.0,100.0,30.0,1,0,0,0,0,0,0,269.475299249323,274.1806473133727,269.475299249323,0.0
random-s0-0010,prm,cycle,150.0,20.0,30.0,1,0,0,0,0,0,0,297.1575759534405,416.4668110607166,297.1575759534405,0.0
random-s0-0010,prm,cycle,150.0,100.0,30.0,1,0,0,0,0,0,0,269.475299249323,416.4668110607165,269.475299249323,0.0
random-s0-0010,prm,event,0.0,20.0,30.0,1,0,0,0,0,0,0,241.3952486335075,241.3952486335075,312.4810468819909,0.0
random-s0-0010,prm,event,0.0,100.0,30.0,1,0,0,0,0,0,0,192.6684154960996,192.6684154960996,307.1521856405748,0.0
random-s0-0010,prm,event,50.0,20.0,30.0,1,0,0,0,0,0,0,305.383027369272,416.4668110607166,305.383027369272,0.0
random-s0-0010,prm,event,50.0,100.0,30.0,1,0,0,0,0,0,0,269.475299249323,416.4668110607165,269.475299249323,0.0
random-s0-0010,prm,event,150.0,20.0,30.0,1,0,0,0,0,0,0,75.67109224673624,416.4668110607166,75.67109224673624,0.0
random-s0-0010,prm,event,150.0,100.0,30.0,1,0,0,0,0,0,0,269.475299249323,416.4668110607165,269.475299249323,0.0
random-s0-0010,visibility,once,0.0,20.0,30.0,1,0,0,0,0,0,0,93.51754898030202,93.51754898030202,187.9498127650916,0.0
random-s0-0010,visibility,cycle,0.0,20.0,30.0,1,0,0,0,0,0,0,281.7377836132461,281.7377836132461,294.4094098471703,0.0
random-s0-0010,visibility,cycle,0.0,100.0,30.0,1,0,0,0,0,0,0,294.3796922927844,378.25314234628536,294.3796922927844,0.0
random-s0-0010,visibility,cycle,50.0,20.0,30.0,1,0,0,0,0,0,0,296.52804236398384,378.88539033846064,296.52804236398384,0.0
random-s0-0010,visibility,cycle,50.0,100.0,30.0,1,0,0,0,0,0,0,293.66427354819984,388.9759576242934,293.66427354819984,0.0
random-s0-0010,visibility,cycle,150.0,20.0,30.0,1,0,0,0,0,0,0,288.5930548156938,416.4668110607166,288.5930548156938,0.0
random-s0-0010,visibility,cycle,150.0,100.0,30.0,1,0,0,0,0,0,0,235.87976958471185,235.87976958471185,285.0995352615326,0.0
random-s0-0010,visibility,event,0.0,20.0,30.0,1,0,0,0,0,0,0,214.85873762394172,214.85873762394172,294.8996360353192,0.0
random-s0-0010,visibility,event,0.0,100.0,30.0,1,0,0,0,0,0,0,5.928682321720515,5.928682321720515,297.34918912090257,0.0
random-s0-0010,visibility,event,50.0,20.0,30.0,1,0,0,0,0,0,0,299.41840971459266,395.6037175001426,299.41840971459266,0.0
random-s0-0010,visibility,event,50.0,100.0,30.0,1,0,0,0,0,0,0,293.4230861243394,383.75201939719113,293.4230861243394,0.0
random-s0-0010,visibility,event,150.0,20.0,30.0,1,0,0,0,0,0,0,177.71252035595955,180.53939895185204,177.71252035595955,0.0
random-s0-0010,visibility,event,150.0,100.0,30.0,1,0,0,0,0,0,0,292.96907840542247,416.4668110607165,292.96907840542247,0.0
random-s0-0011,voronoi,once,0.0,20.0,30.0,1,0,2,0,2,0,0,-131.7944336956884,-131.7944336956884,315.45809697960505,340.0
random-s0-0011,voronoi,cycle,0.0,20.0,30.0,1,0,0,0,0,0,0,12.85982777732292,12.85982777732292,309.59284705110275,0.0
random-s0-0011,voronoi,cycle,0.0,100.0,30.0,1,0,0,0,0,0,0,58.205189910287686,58.205189910287686,304.7027681565574,0.0
random-s0-0011,voronoi,cycle,50.0,20.0,30.0,1,0,0,0,0,0,0,99.00806439791768,99.00806439791768,205.8838724311973,0.0
random-s0-0011,voronoi,cycle,50.0,100.0,30.0,1,0,0,0,0,0,0,80.26271392842301,80.26271392842301,278.1981319429409,0.0
random-s0-0011,voronoi,cycle,150.0,20.0,30.0,1,0,0,0,0,0,0,111.50399413653356,183.1195613751666,111.50399413653356,0.0
random-s0-0011,voronoi,cycle,150.0,100.0,30.0,1,0,0,0,0,0,0,36.195890519284944,36.195890519284944,206.46875360991288,0.0
random-s0-0011,voronoi,event,0.0,20.0,30.0,1,0,0,0,0,0,0,28.93037270172292,28.93037270172292,299.40049534734646,0.0
random-s0-0011,voronoi,event,0.0,100.0,30.0,1,0,0,0,0,0,0,1.4719633621838568,1.4719633621838568,307.17655934422294,0.0
random-s0-0011,voronoi,event,50.0,20.0,30.0,1,0,0,0,0,0,0,31.22569879326465,31.22569879326465,300.8084239459624,0.0
random-s0-0011,voronoi,event,50.0,100.0,30.0,1,0,0,0,0,0,0,75.09866133817238,75.09866133817238,200.5638670240205,0.0
random-s0-0011,voronoi,event,150.0,20.0,30.0,1,0,0,0,0,0,0,64.55212158988851,64.55212158988851,292.95593740092227,0.0
random-s0-0011,voronoi,event,150.0,100.0,30.0,1,0,0,0,0,0,0,36.195890519284944,36.195890519284944,283.101716916566,0.0
random-s0-0011,prm,once,0.0,20.0,30.0,1,0,2,0,2,0,0,-131.7944336956884,-131.7944336956884,315.45809697960505,340.0
random-s0-0011,prm,cycle,0.0,20.0,30.0,1,0,0,0,0,0,0,35.379455185964645,35.379455185964645,212.78189094858325,0.0
random-s0-0011,prm,cycle,0.0,100.0,30.0,1,0,1,0,1,0,0,-121.03831342437394,-121.03831342437394,293.56112070165983,99.99999999999991
random-s0-0011,prm,cycle,50.0,20.0,30.0,1,0,0,0,0,0,0,40.96449938545214,40.96449938545214,319.29503306828025,0.0
random-s0-0011,prm,cycle,50.0,100.0,30.0,1,0,0,0,0,0,0,65.12726266181025,65.12726266181025,254.66819385184243,0.0
random-s0-0011,prm,cycle,150.0,20.0,30.0,1,0,0,0,0,0,0,95.16665394168048,95.16665394168048,304.3202647101053,0.0
random-s0-0011,prm,cycle,150.0,100.0,30.0,1,0,0,0,0,0,0,108.22141087658758,108.22141087658758,303.68312942566786,0.0
random-s0-0011,prm,event,0.0,20.0,30.0,1,0,0,0,0,0,0,63.46537110660887,63.46537110660887,318.8685367115378,0.0
random-s0-0011,prm,event,0.0,100.0,30.0,1,0,1,0,1,0,0,-121.03831342437394,-121.03831342437394,293.56112070165983,99.99999999999991
random-s0-0011,prm,event,50.0,20.0,30.0,1,0,0,0,0,0,0,73.44502147419905,73.44502147419905,308.2131626744319,0.0
random-s0-0011,prm,event,50.0,100.0,30.0,1,0,0,0,0,0,0,50.111345263934965,50.111345263934965,319.0816019098684,0.0
random-s0-0011,prm,event,150.0,20.0,30.0,1,0,0,0,0,0,0,83.13131581908533,83.13131581908533,305.09852286144303,0.0
random-s0-0011,prm,event,150.0,100.0,30.0,1,0,0,0,0,0,0,91.25999567089735,91.25999567089735,304.88798665679,0.0
random-s0-0011,visibility,once,0.0,20.0,30.0,1,0,2,0,2,0,0,-131.7944336956884,-131.7944336956884,315.45809697960505,340.0
random-s0-0011,visibility,cycle,0.0,20.0,30.0,1,0,2,0,2,0,0,-36.6895224634078,-36.6895224634078,309.0574435808087,420.0000000000001
random-s0-0011,visibility,cycle,0.0,100.0,30.0,1,0,2,0,2,0,0,-48.10177184587266,-48.10177184587266,308.7636378451134,480.00000000000017
random-s0-0011,visibility,cycle,50.0,20.0,30.0,1,0,0,0,0,0,0,1.2868353191856272,1.2868353191856272,308.6083343156229,0.0
random-s0-0011,visibility,cycle,50.0,100.0,30.0,1,0,1,0,1,0,0,-7.076470307199855,-7.076470307199855,308.75077304888174,220.0
random-s0-0011,visibility,cycle,150.0,20.0,30.0,1,0,0,0,0,0,0,19.67688153317374,19.67688153317374,307.94439588963525,0.0
random-s0-0011,visibility,cycle,150.0,100.0,30.0,1,0,0,0,0,0,0,20.54101553309883,20.54101553309883,306.7487657091136,0.0
random-s0-0011,visibility,event,0.0,20.0,30.0,1,0,1,0,1,0,0,-10.868283507640854,-10.868283507640854,315.8970303593961,100.0
random-s0-0011,visibility,event,0.0,100.0,30.0,1,0,2,0,2,0,0,-15.51378531769788,-15.51378531769788,315.0537439885659,160.0
random-s0-0011,visibility,event,50.0,20.0,30.0,1,0,0,0,0,0,0,30.46483023744329,30.46483023744329,307.3839668566447,0.0
random-s0-0011,visibility,event,50.0,100.0,30.0,1,0,0,0,0,0,0,0.961437204305156,0.961437204305156,318.2820255357738,0.0
random-s0-0011,visibility,event,150.0,20.0,30.0,1,0,0,0,0,0,0,31.474859367737537,31.474859367737537,307.35463084091526,0.0
random-s0-0011,visibility,event,150.0,100.0,30.0,1,0,0,0,0,0,0,35.09865967956134,35.09865967956134,307.00366555077915,0.0
random-s0-0012,voronoi,once,0.0,20.0,30.0,1,0,3,0,3,0,0,-53.64008526260778,-53.64008526260778,26.2727197500688,620.0000000000002
random-s0-0012,voronoi,cycle,0.0,20.0,30.0,1,0,0,0,0,0,0,0.4925061314663708,0.4925061314663708,31.04369510336892,0.0
random-s0-0012,voronoi,cycle,0.0,100.0,30.0,1,0,2,0,2,0,0,-5.667331976513253,-5.667331976513253,31.04369510336892,119.99999999999991
random-s0-0012,voronoi,cycle,50.0,20.0,30.0,1,0,0,0,0,0,0,31.04369510336892,183.3351573402545,31.04369510336892,0.0
random-s0-0012,voronoi,cycle,50.0,100.0,30.0,1,0,0,0,0,0,0,19.84935179674082,83.05693178229029,19.84935179674082,0.0
random-s0-0012,voronoi,cycle,150.0,20.0,30.0,1,0,0,0,0,0,0,30.72040703556405,277.2749922024031,30.72040703556405,0.0
random-s0-0012,voronoi,cycle,150.0,100.0,30.0,1,0,0,0,0,0,0,31.04369510336892,144.34244894229403,31.04369510336892,0.0
random-s0-0012,voronoi,event,0.0,20.0,30.0,1,0,0,0,0,0,0,31.04369510336892,93.84985690768195,31.04369510336892,0.0
random-s0-0012,voronoi,event,0.0,100.0,30.0,1,0,0,0,0,0,0,31.04369510336892,87.81152099746737,31.04369510336892,0.0
random-s0-0012,voronoi,event,50.0,20.0,30.0,1,0,0,0,0,0,0,31.04369510336892,189.1531509811657,31.04369510336892,0.0
random-s0-0012,voronoi,event,50.0,100.0,30.0,1,0,0,0,0,0,0,31.04369510336892,222.45032532524868,31.04369510336892,0.0
random-s0-0012,voronoi,event,150.0,20.0,30.0,1,0,0,0,0,0,0,69.82240450305326,359.37559330666227,69.82240450305326,0.0
random-s0-0012,voronoi,event,150.0,100.0,30.0,1,0,0,0,0,0,0,25.79258169308801,367.2060874851945,25.79258169308801,0.0
random-s0-0012,prm,once,0.0,20.0,30.0,1,0,1,0,1,0,0,-141.37611323867944,-141.37611323867944,26.2727197500688,220.0
random-s0-0012,prm,cycle,0.0,20.0,30.0,1,0,0,0,0,0,0,31.04369510336892,158.09100794851247,31.04369510336892,0.0
random-s0-0012,prm,cycle,0.0,100.0,30.0,1,0,0,0,0,0,0,31.04369510336892,148.12853887056002,31.04369510336892,0.0
random-s0-0012,prm,cycle,50.0,20.0,30.0,1,0,0,0,0,0,0,31.04369510336892,179.71912888474037,31.04369510336892,0.0
random-s0-0012,prm,cycle,50.0,100.0,30.0,1,0,0,0,0,0,0,31.04369510336892,104.70930998250071,31.04369510336892,0.0
random-s0-0012,prm,cycle,150.0,20.0,30.0,1,0,1,1,0,1,0,-122.82570759679228,461.4419075517844,-122.82570759679228,420.0000000000001
random-s0-0012,prm,cycle,150.0,100.0,30.0,1,0,1,1,0,1,0,-122.82570759679228,112.219674511652,-122.82570759679228,419.9999999999999
random-s0-0012,prm,event,0.0,20.0,30.0,1,0,0,0,0,0,0,31.04369510336892,185.80384239093627,31.04369510336892,0.0
random-s0-0012,prm,event,0.0,100.0,30.0,1,0,1,0,1,0,0,-3.898077667097283,-3.898077667097283,31.04369510336892,40.0
random-s0-0012,prm,event,50.0,20.0,30.0,1,0,0,0,0,0,0,31.04369510336892,73.57537961916074,31.04369510336892,0.0
random-s0-0012,prm,event,50.0,100.0,30.0,1,0,0,0,0,0,0,31.04369510336892,125.77663181038936,31.04369510336892,0.0
random-s0-0012,prm,event,150.0,20.0,30.0,1,0,1,1,0,1,0,-122.82570759679228,217.68385578428357,-122.82570759679228,420.0000000000001
random-s0-0012,prm,event,150.0,100.0,30.0,1,0,2,2,0,2,0,-122.82570759679228,47.85100910552024,-122.82570759679228,620.0
random-s0-0012,visibility,once,0.0,20.0,30.0,1,0,0,0,0,0,0,26.2727197500688,86.37702824409922,26.2727197500688,0.0
random-s0-0012,visibility,cycle,0.0,20.0,30.0,1,0,0,0,0,0,0,31.04369510336892,164.13903596210548,31.04369510336892,0.0
random-s0-0012,visibility,cycle,0.0,100.0,30.0,1,0,0,0,0,0,0,31.04369510336892,63.02394756325734,31.04369510336892,0.0
random-s0-0012,visibility,cycle,50.0,20.0,30.0,1,0,0,0,0,0,0,13.19585535432944,154.89681297153976,13.19585535432944,0.0
random-s0-0012,visibility,cycle,50.0,100.0,30.0,1,0,0,0,0,0,0,24.01783458474472,160.50916561590248,24.01783458474472,0.0
random-s0-0012,visibility,cycle,150.0,20.0,30.0,1,0,1,1,0,1,0,-122.82570759679228,18.914392801725626,-122.82570759679228,420.0000000000001
random-s0-0012,visibility,cycle,150.0,100.0,30.0,1,0,1,1,0,1,0,-122.82570759679228,127.72510326822834,-122.82570759679228,419.9999999999999
random-s0-0012,visibility,event,0.0,20.0,30.0,1,0,0,0,0,0,0,30.382508109457007,155.9871441727588,30.382508109457007,0.0
random-s0-0012,visibility,event,0.0,100.0,30.0,1,0,0,0,0,0,0,30.382508109457007,151.4505591696025,30.382508109457007,0.0
random-s0-0012,visibility,event,50.0,20.0,30.0,1,0,0,0,0,0,0,27.05448787277604,140.25262535409894,27.05448787277604,0.0
random-s0-0012,visibility,event,50.0,100.0,30.0,1,0,0,0,0,0,0,31.04369510336892,139.84700217059452,31.04369510336892,0.0
random-s0-0012,visibility,event,150.0,20.0,30.0,1,0,1,1,0,1,0,-122.82570759679228,33.887637106311075,-122.82570759679228,420.0000000000001
random-s0-0012,visibility,event,150.0,100.0,30.0,1,0,1,1,0,1,0,-122.82570759679228,32.43290872167816,-122.82570759679228,419.9999999999999
random-s0-0013,voronoi,once,0.0,20.0,30.0,1,0,0,0,0,0,0,73.55110613674131,219.1947143988654,73.55110613674131,0.0
random-s0-0013,voronoi,cycle,0.0,20.0,30.0,1,0,0,0,0,0,0,41.00229441289653,285.86975082317883,41.00229441289653,0.0
random-s0-0013,voronoi,cycle,0.0,100.0,30.0,1,0,0,0,0,0,0,58.67308194674303,285.8697508231788,58.67308194674303,0.0
random-s0-0013,voronoi,cycle,50.0,20.0,30.0,1,0,0,0,0,0,0,32.9199048010307,67.0234919882254,32.9199048010307,0.0
random-s0-0013,voronoi,cycle,50.0,100.0,30.0,1,0,0,0,0,0,0,51.65782738000237,285.8697508231788,51.65782738000237,0.0
random-s0-0013,voronoi,cycle,150.0,20.0,30.0,1,0,1,1,0,0,1,-3.066611120659985,367.6043291944644,-3.066611120659985,20.0
random-s0-0013,voronoi,cycle,150.0,100.0,30.0,1,0,0,0,0,0,0,56.26953711979465,187.20643634409063,56.26953711979465,0.0
random-s0-0013,voronoi,event,0.0,20.0,30.0,1,0,0,0,0,0,0,32.13190892917558,53.73852890634368,32.13190892917558,0.0
random-s0-0013,voronoi,event,0.0,100.0,30.0,1,0,2,2,0,0,2,-63.79825486399763,86.25801738920518,-63.79825486399763,180.0
random-s0-0013,voronoi,event,50.0,20.0,30.0,1,0,0,0,0,0,0,33.85971759816488,38.421313243296254,33.85971759816488,0.0
random-s0-0013,voronoi,event,50.0,100.0,30.0,1,0,0,0,0,0,0,41.74530645504166,41.74530645504166,55.980306064975565,0.0
random-s0-0013,voronoi,event,150.0,20.0,30.0,1,0,0,0,0,0,0,31.03542114014945,359.3336238000179,31.03542114014945,0.0
random-s0-0013,voronoi,event,150.0,100.0,30.0,1,0,0,0,0,0,0,63.26384921240694,350.1356144988339,63.26384921240694,0.0
random-s0-0013,prm,once,0.0,20.0,30.0,1,0,1,0,1,0,0,-13.632000355281662,-13.632000355281662,89.18887237514883,40.0
random-s0-0013,prm,cycle,0.0,20.0,30.0,1,0,0,0,0,0,0,30.029482138975624,285.86975082317883,30.029482138975624,0.0
random-s0-0013,prm,cycle,0.0,100.0,30.0,1,0,0,0,0,0,0,43.18091172663756,285.8697508231788,43.18091172663756,0.0
random-s0-0013,prm,cycle,50.0,20.0,30.0,1,0,0,0,0,0,0,31.76482187410696,285.86975082317883,31.76482187410696,0.0
random-s0-0013,prm,cycle,50.0,100.0,30.0,1,0,0,0,0,0,0,43.03842199398795,285.8697508231788,43.03842199398795,0.0
random-s0-0013,prm,cycle,150.0,20.0,30.0,1,0,0,0,0,0,0,133.37742117631296,133.37742117631296,191.5325984960242,0.0
random-s0-0013,prm,cycle,150.0,100.0,30.0,1,0,0,0,0,0,0,109.537181009706,304.9464285709744,109.537181009706,0.0
random-s0-0013,prm,event,0.0,20.0,30.0,1,0,0,0,0,0,0,32.52678766457569,285.86975082317883,32.52678766457569,0.0
random-s0-0013,prm,event,0.0,100.0,30.0,1,0,0,0,0,0,0,43.96871331420337,285.8697508231788,43.96871331420337,0.0
random-s0-0013,prm,event,50.0,20.0,30.0,1,0,0,0,0,0,0,32.98050120079586,76.40807614037732,32.98050120079586,0.0
random-s0-0013,prm,event,50.0,100.0,30.0,1,0,0,0,0,0,0,76.43876518203535,76.43876518203535,86.86935073383444,0.0
random-s0-0013,prm,event,150.0,20.0,30.0,1,0,0,0,0,0,0,69.43793599993569,255.993376275764,69.43793599993569,0.0
random-s0-0013,prm,event,150.0,100.0,30.0,1,0,0,0,0,0,0,45.92988319181677,66.87903973100984,45.92988319181677,0.0
random-s0-0013,visibility,once,0.0,20.0,30.0,1,0,1,1,0,0,1,-134.34698752812557,219.54360745544864,-134.34698752812557,80.0
random-s0-0013,visibility,cycle,0.0,20.0,30.0,1,0,0,0,0,0,0,30.65168470994209,285.86975082317883,30.65168470994209,0.0
random-s0-0013,visibility,cycle,0.0,100.0,30.0,1,0,0,0,0,0,0,33.33362029347899,285.8697508231788,33.33362029347899,0.0
random-s0-0013,visibility,cycle,50.0,20.0,30.0,1,0,0,0,0,0,0,29.57517852957696,102.82715857686696,29.57517852957696,0.0
random-s0-0013,visibility,cycle,50.0,100.0,30.0,1,0,0,0,0,0,0,35.68009081331601,285.8697508231788,35.68009081331601,0.0
random-s0-0013,visibility,cycle,150.0,20.0,30.0,1,0,0,0,0,0,0,30.444393434097464,250.12717072601748,30.444393434097464,0.0
random-s0-0013,visibility,cycle,150.0,100.0,30.0,1,0,0,0,0,0,0,34.85093688811091,331.85861383237165,34.85093688811091,0.0
random-s0-0013,visibility,event,0.0,20.0,30.0,1,0,0,0,0,0,0,32.21307111650998,285.86975082317883,32.21307111650998,0.0
random-s0-0013,visibility,event,0.0,100.0,30.0,1,0,0,0,0,0,0,33.00162899188251,285.8697508231788,33.00162899188251,0.0
random-s0-0013,visibility,event,50.0,20.0,30.0,1,0,0,0,0,0,0,22.23168168688474,61.04105700240072,22.23168168688474,0.0
random-s0-0013,visibility,event,50.0,100.0,30.0,1,0,0,0,0,0,0,33.36081656730403,285.8697508231788,33.36081656730403,0.0
random-s0-0013,visibility,event,150.0,20.0,30.0,1,0,0,0,0,0,0,31.101890712226638,208.81384114270892,31.101890712226638,0.0
random-s0-0013,visibility,event,150.0,100.0,30.0,1,0,1,1,0,0,1,-128.69903880079494,358.8553851765462,-128.69903880079494,80.0
random-s0-0014,voronoi,once,0.0,20.0,30.0,1,0,2,2,0,2,0,-98.01592918777273,99.48874405804344,-98.01592918777273,620.0000000000002
random-s0-0014,voronoi,cycle,0.0,20.0,30.0,1,0,2,2,0,2,0,-108.90416083177452,351.26091224979587,-108.90416083177452,820.0000000000002
random-s0-0014,voronoi,cycle,0.0,100.0,30.0,1,0,2,2,0,2,0,-132.10019965601705,351.260912249796,-132.10019965601705,899.9999999999999
random-s0-0014,voronoi,cycle,50.0,20.0,30.0,1,0,1,1,0,1,0,-43.697427393147,220.04070903678772,-43.697427393147,279.99999999999994
random-s0-0014,voronoi,cycle,50.0,100.0,30.0,1,0,1,1,0,1,0,-74.15003143959073,351.260912249796,-74.15003143959073,359.9999999999999
random-s0-0014,voronoi,cycle,150.0,20.0,30.0,1,0,0,0,0,0,0,123.54130534043276,447.1721012766476,123.54130534043276,0.0
random-s0-0014,voronoi,cycle,150.0,100.0,30.0,1,0,0,0,0,0,0,94.12100213079624,543.000948295995,94.12100213079624,0.0
random-s0-0014,voronoi,event,0.0,20.0,30.0,1,0,2,2,0,2,0,-93.0704984050957,258.9422323401058,-93.0704984050957,800.0000000000002
random-s0-0014,voronoi,event,0.0,100.0,30.0,1,0,2,2,0,2,0,-132.10019965601705,268.99359873926977,-132.10019965601705,899.9999999999999
random-s0-0014,voronoi,event,50.0,20.0,30.0,1,0,0,0,0,0,0,48.16727182818215,392.7807636661754,48.16727182818215,0.0
random-s0-0014,voronoi,event,50.0,100.0,30.0,1,0,0,0,0,0,0,13.28948620043704,351.260912249796,13.28948620043704,0.0
random-s0-0014,voronoi,event,150.0,20.0,30.0,1,0,0,0,0,0,0,90.930252629653,280.6551734622064,90.930252629653,0.0
random-s0-0014,voronoi,event,150.0,100.0,30.0,1,0,0,0,0,0,0,77.48561373606395,445.7681217974741,77.48561373606395,0.0
random-s0-0014,prm,once,0.0,20.0,30.0,1,0,3,3,0,2,1,-161.3396132161015,207.9820290503,-161.3396132161015,740.0000000000003
random-s0-0014,prm,cycle,0.0,20.0,30.0,1,0,2,2,0,2,0,-98.01592918777318,322.3771816080803,-98.01592918777318,620.0000000000002
random-s0-0014,prm,cycle,0.0,100.0,30.0,1,0,2,2,0,2,0,-98.01592918777284,351.260912249796,-98.01592918777284,619.9999999999998
random-s0-0014,prm,cycle,50.0,20.0,30.0,1,0,0,0,0,0,0,50.34342122676546,348.9570295242827,50.34342122676546,0.0
random-s0-0014,prm,cycle,50.0,100.0,30.0,1,0,2,2,0,2,0,-98.01592918777284,346.6153646982806,-98.01592918777284,619.9999999999998
random-s0-0014,prm,cycle,150.0,20.0,30.0,1,0,1,1,0,1,0,-5.280425140296899,128.60631955942557,-5.280425140296899,100.0
random-s0-0014,prm,cycle,150.0,100.0,30.0,1,0,0,0,0,0,0,5.07460139366188,192.4723419215078,5.07460139366188,0.0
random-s0-0014,prm,event,0.0,20.0,30.0,1,0,2,2,0,2,0,-98.01592918777318,351.26091224979587,-98.01592918777318,620.0000000000002
random-s0-0014,prm,event,0.0,100.0,30.0,1,0,2,2,0,2,0,-98.01592918777284,275.96190602864976,-98.01592918777284,619.9999999999998
random-s0-0014,prm,event,50.0,20.0,30.0,1,0,1,0,1,0,0,-158.05152871732986,-158.05152871732986,60.254884659531655,660.0000000000002
random-s0-0014,prm,event,50.0,100.0,30.0,1,0,2,2,0,2,0,-98.01592918777284,284.2594388493806,-98.01592918777284,619.9999999999998
random-s0-0014,prm,event,150.0,20.0,30.0,1,0,1,0,1,0,0,-148.67225693317968,-148.67225693317968,106.2696544006236,400.00000000000006
random-s0-0014,prm,event,150.0,100.0,30.0,1,0,1,0,1,0,0,-131.04203337607652,-131.04203337607652,55.78164334361864,380.00000000000006
random-s0-0014,visibility,once,0.0,20.0,30.0,1,0,2,2,0,2,0,-98.01592918777273,207.9820290503,-98.01592918777273,620.0000000000002
random-s0-0014,visibility,cycle,0.0,20.0,30.0,1,0,2,2,0,2,0,-98.01592918777318,351.26091224979587,-98.01592918777318,620.0000000000002
random-s0-0014,visibility,cycle,0.0,100.0,30.0,1,0,2,2,0,2,0,-98.01592918777284,351.260912249796,-98.01592918777284,619.9999999999998
random-s0-0014,visibility,cycle,50.0,20.0,30.0,1,0,2,2,0,2,0,-98.01592918777318,359.64317406153896,-98.01592918777318,620.0000000000002
random-s0-0014,visibility,cycle,50.0,100.0,30.0,1,0,2,2,0,2,0,-98.01592918777284,351.260912249796,-98.01592918777284,619.9999999999998
random-s0-0014,visibility,cycle,150.0,20.0,30.0,1,0,1,1,0,1,0,-139.0932321036245,459.1082419718291,-139.0932321036245,420.0000000000001
random-s0-0014,visibility,cycle,150.0,100.0,30.0,1,0,2,2,0,1,1,-135.4917870973604,448.41615742496526,-135.4917870973604,619.9999999999998
random-s0-0014,visibility,event,0.0,20.0,30.0,1,0,2,2,0,2,0,-98.01592918777318,351.26091224979587,-98.01592918777318,620.0000000000002
random-s0-0014,visibility,event,0.0,100.0,30.0,1,0,2,2,0,2,0,-98.01592918777284,351.260912249796,-98.01592918777284,619.9999999999998
random-s0-0014,visibility,event,50.0,20.0,30.0,1,0,2,2,0,2,0,-98.01592918777318,361.8818404095597,-98.01592918777318,620.0000000000002
random-s0-0014,visibility,event,50.0,100.0,30.0,1,0,2,2,0,2,0,-98.01592918777284,347.4000239214839,-98.01592918777284,619.9999999999998
random-s0-0014,visibility,event,150.0,20.0,30.0,1,0,1,1,0,1,0,-138.29677447612278,23.5186361036275,-138.29677447612278,420.0000000000001
random-s0-0014,visibility,event,150.0,100.0,30.0,1,0,2,2,0,1,1,-135.4917870973604,392.01679950697473,-135.4917870973604,619.9999999999998
random-s0-0015,voronoi,once,0.0,20.0,30.0,1,0,1,1,0,1,0,-151.43096232864886,13.92189991977446,-151.43096232864886,440.0000000000001
random-s0-0015,voronoi,cycle,0.0,20.0,30.0,1,0,1,0,1,0,0,-28.90317014634826,-28.90317014634826,33.95521440837027,40.0
random-s0-0015,voronoi,cycle,0.0,100.0,30.0,1,0,0,0,0,0,0,4.248650512148743,4.248650512148743,39.29039998475179,0.0
random-s0-0015,voronoi,cycle,50.0,20.0,30.0,1,0,0,0,0,0,0,41.87681302082308,60.66418626166279,41.87681302082308,0.0
random-s0-0015,voronoi,cycle,50.0,100.0,30.0,1,0,0,0,0,0,0,45.528037801402434,134.1289544120375,45.528037801402434,0.0
random-s0-0015,voronoi,cycle,150.0,20.0,30.0,1,0,0,0,0,0,0,35.56996439752871,134.1289544120375,35.56996439752871,0.0
random-s0-0015,voronoi,cycle,150.0,100.0,30.0,1,0,0,0,0,0,0,54.01615972855507,134.1289544120375,54.01615972855507,0.0
random-s0-0015,voronoi,event,0.0,20.0,30.0,1,0,0,0,0,0,0,36.71348948300766,36.76790616200745,36.71348948300766,0.0
random-s0-0015,voronoi,event,0.0,100.0,30.0,1,0,1,0,1,0,0,-169.93728941433767,-169.93728941433767,50.95838289505775,239.99999999999977
random-s0-0015,voronoi,event,50.0,20.0,30.0,1,0,0,0,0,0,0,34.979506575165686,64.2905590743193,34.979506575165686,0.0
random-s0-0015,voronoi,event,50.0,100.0,30.0,1,0,0,0,0,0,0,52.15103559903324,56.460294606514566,52.15103559903324,0.0
random-s0-0015,voronoi,event,150.0,20.0,30.0,1,0,0,0,0,0,0,35.657908891814515,134.1289544120375,35.657908891814515,0.0
random-s0-0015,voronoi,event,150.0,100.0,30.0,1,0,0,0,0,0,0,37.35353054131403,134.1289544120375,37.35353054131403,0.0
random-s0-0015,prm,once,0.0,20.0,30.0,1,0,1,0,1,0,0,-154.95049222236167,-154.95049222236167,193.8003387509459,140.0
random-s0-0015,prm,cycle,0.0,20.0,30.0,1,0,0,0,0,0,0,29.45338260914553,29.45338260914553,31.86521458587228,0.0
random-s0-0015,prm,cycle,0.0,100.0,30.0,1,0,1,0,1,0,0,-24.27943811521413,-24.27943811521413,78.55918274131022,59.99999999999991
random-s0-0015,prm,cycle,50.0,20.0,30.0,1,0,1,0,1,0,0,-5.661184794340215,-5.661184794340215,31.143862672702937,39.99999999999998
random-s0-0015,prm,cycle,50.0,100.0,30.0,1,0,0,0,0,0,0,13.92189991977446,13.92189991977446,36.13202804084898,0.0
random-s0-0015,prm,cycle,150.0,20.0,30.0,1,0,0,0,0,0,0,13.921899919774232,13.921899919774232,37.61269612455453,0.0
random-s0-0015,prm,cycle,150.0,100.0,30.0,1,0,0,0,0,0,0,13.92189991977446,13.92189991977446,76.90752787175177,0.0
random-s0-0015,prm,event,0.0,20.0,30.0,1,0,0,0,0,0,0,29.45338260914553,29.45338260914553,32.89747046732498,0.0
random-s0-0015,prm,event,0.0,100.0,30.0,1,0,0,0,0,0,0,29.453382609145763,29.453382609145763,58.96126615880877,0.0
random-s0-0015,prm,event,50.0,20.0,30.0,1,0,1,0,1,0,0,-5.661184794340215,-5.661184794340215,39.40797167129156,39.99999999999998
random-s0-0015,prm,event,50.0,100.0,30.0,1,0,0,0,0,0,0,13.92189991977446,13.92189991977446,124.32122577463412,0.0
random-s0-0015,prm,event,150.0,20.0,30.0,1,0,0,0,0,0,0,13.921899919774232,13.921899919774232,44.238135005087,0.0
random-s0-0015,prm,event,150.0,100.0,30.0,1,0,0,0,0,0,0,13.92189991977446,13.92189991977446,76.90752787175177,0.0
random-s0-0015,visibility,once,0.0,20.0,30.0,1,0,0,0,0,0,0,13.92189991977446,13.92189991977446,16.014261883897433,0.0
random-s0-0015,visibility,cycle,0.0,20.0,30.0,1,0,0,0,0,0,0,8.436552567012598,81.65170598290621,8.436552567012598,0.0
random-s0-0015,visibility,cycle,0.0,100.0,30.0,1,0,0,0,0,0,0,9.285510134987987,63.11428631378314,9.285510134987987,0.0
random-s0-0015,visibility,cycle,50.0,20.0,30.0,1,0,0,0,0,0,0,9.371441808110262,134.1289544120375,9.371441808110262,0.0
random-s0-0015,visibility,cycle,50.0,100.0,30.0,1,0,0,0,0,0,0,10.609891080567849,13.92189991977446,10.609891080567849,0.0
random-s0-0015,visibility,cycle,150.0,20.0,30.0,1,0,0,0,0,0,0,9.010676542719892,13.921899919774232,9.010676542719892,0.0
random-s0-0015,visibility,cycle,150.0,100.0,30.0,1,0,0,0,0,0,0,10.609891080567849,13.92189991977446,10.609891080567849,0.0
random-s0-0015,visibility,event,0.0,20.0,30.0,1,0,0,0,0,0,0,16.014261883897433,134.1289544120375,16.014261883897433,0.0
random-s0-0015,visibility,event,0.0,100.0,30.0,1,0,0,0,0,0,0,16.014261883897433,33.937957681773895,16.014261883897433,0.0
random-s0-0015,visibility,event,50.0,20.0,30.0,1,0,1,1,0,0,1,-4.557683854151975,130.61723717426912,-4.557683854151975,259.99999999999994
random-s0-0015,visibility,event,50.0,100.0,30.0,1,0,0,0,0,0,0,10.609891080567849,13.92189991977446,10.609891080567849,0.0
random-s0-0015,visibility,event,150.0,20.0,30.0,1,0,0,0,0,0,0,10.048012833239028,13.921899919774232,10.048012833239028,0.0
random-s0-0015,visibility,event,150.0,100.0,30.0,1,0,0,0,0,0,0,10.609891080567849,13.92189991977446,10.609891080567849,0.0
random-s0-0016,voronoi,once,0.0,20.0,30.0,1,0,0,0,0,0,0,93.98376583536664,255.25183209874197,93.98376583536664,0.0
random-s0-0016,voronoi,cycle,0.0,20.0,30.0,1,0,0,0,0,0,0,32.994685255376055,255.25183209874103,32.994685255376055,0.0
random-s0-0016,voronoi,cycle,0.0,100.0,30.0,1,0,0,0,0,0,0,50.26632591950417,255.2518320987417,50.26632591950417,0.0
random-s0-0016,voronoi,cycle,50.0,20.0,30.0,1,0,0,0,0,0,0,34.95702607015187,398.3304646413691,34.95702607015187,0.0
random-s0-0016,voronoi,cycle,50.0,100.0,30.0,1,0,0,0,0,0,0,68.44016482909444,113.48072062145178,68.44016482909444,0.0
random-s0-0016,voronoi,cycle,150.0,20.0,30.0,1,0,0,0,0,0,0,33.050751167897204,260.76981382211915,33.050751167897204,0.0
random-s0-0016,voronoi,cycle,150.0,100.0,30.0,1,0,0,0,0,0,0,42.21341970718851,182.16986895326733,42.21341970718851,0.0
random-s0-0016,voronoi,event,0.0,20.0,30.0,1,0,0,0,0,0,0,35.936153862859044,127.77360290070273,35.936153862859044,0.0
random-s0-0016,voronoi,event,0.0,100.0,30.0,1,0,0,0,0,0,0,54.54872355781416,184.831654740522,54.54872355781416,0.0
random-s0-0016,voronoi,event,50.0,20.0,30.0,1,0,0,0,0,0,0,30.45921478172264,116.7369042015041,30.45921478172264,0.0
random-s0-0016,voronoi,event,50.0,100.0,30.0,1,0,0,0,0,0,0,56.394549825245946,190.3058985251176,56.394549825245946,0.0
random-s0-0016,voronoi,event,150.0,20.0,30.0,1,0,0,0,0,0,0,31.45838361057673,85.34626638099536,31.45838361057673,0.0
random-s0-0016,voronoi,event,150.0,100.0,30.0,1,0,0,0,0,0,0,46.767655809936514,156.00272283406855,46.767655809936514,0.0
random-s0-0016,prm,once,0.0,20.0,30.0,1,0,1,0,1,0,0,-34.33435547559486,-34.33435547559486,12.952152969295868,60.0
random-s0-0016,prm,cycle,0.0,20.0,30.0,1,0,0,0,0,0,0,30.756729887066,255.25183209874103,30.756729887066,0.0
random-s0-0016,prm,cycle,0.0,100.0,30.0,1,0,0,0,0,0,0,32.15335381537923,235.8949267242516,32.15335381537923,0.0
random-s0-0016,prm,cycle,50.0,20.0,30.0,1,0,0,0,0,0,0,30.628264110835005,304.37806160269946,30.628264110835005,0.0
random-s0-0016,prm,cycle,50.0,100.0,30.0,1,0,0,0,0,0,0,36.624555482924535,271.1357830277086,36.624555482924535,0.0
random-s0-0016,prm,cycle,150.0,20.0,30.0,1,0,1,0,1,0,0,-34.334355475594975,-34.334355475594975,31.20669569291064,59.99999999999999
random-s0-0016,prm,cycle,150.0,100.0,30.0,1,0,1,0,1,0,0,-34.33435547559486,-34.33435547559486,35.93000989369659,60.0
random-s0-0016,prm,event,0.0,20.0,30.0,1,0,0,0,0,0,0,30.884418091719084,255.25183209874103,30.884418091719084,0.0
random-s0-0016,prm,event,0.0,100.0,30.0,1,0,0,0,0,0,0,32.15335381537923,235.8949267242516,32.15335381537923,0.0
random-s0-0016,prm,event,50.0,20.0,30.0,1,0,0,0,0,0,0,30.551860184487,313.2952015777699,30.551860184487,0.0
random-s0-0016,prm,event,50.0,100.0,30.0,1,0,0,0,0,0,0,36.624555482924535,271.1357830277086,36.624555482924535,0.0
random-s0-0016,prm,event,150.0,20.0,30.0,1,0,2,0,2,0,0,-152.47588127970167,-152.47588127970167,31.20669569291064,239.99999999999997
random-s0-0016,prm,event,150.0,100.0,30.0,1,0,1,0,1,0,0,-34.33435547559486,-34.33435547559486,35.93000989369659,60.0
random-s0-0016,visibility,once,0.0,20.0,30.0,1,0,1,0,1,0,0,-48.62136070352656,-48.62136070352656,16.047322183567985,60.0
random-s0-0016,visibility,cycle,0.0,20.0,30.0,1,0,0,0,0,0,0,15.76574854112937,158.41400011048472,15.76574854112937,0.0
random-s0-0016,visibility,cycle,0.0,100.0,30.0,1,0,1,0,1,0,0,-129.82992370931353,-129.82992370931353,16.047322183567985,60.0
random-s0-0016,visibility,cycle,50.0,20.0,30.0,1,0,0,0,0,0,0,1.058208120229466,1.058208120229466,14.68570174336051,0.0
random-s0-0016,visibility,cycle,50.0,100.0,30.0,1,0,0,0,0,0,0,16.903455342877265,83.33541750681678,16.903455342877265,0.0
random-s0-0016,visibility,cycle,150.0,20.0,30.0,1,0,1,0,1,0,0,-99.24236978868132,-99.24236978868132,9.322248702676744,540.0000000000001
random-s0-0016,visibility,cycle,150.0,100.0,30.0,1,0,1,0,1,0,0,-55.93718641567463,-55.93718641567463,16.047322183567985,60.0
random-s0-0016,visibility,event,0.0,20.0,30.0,1,0,2,0,2,0,0,-25.445988835877785,-25.445988835877785,22.993986974045782,720.0000000000003
random-s0-0016,visibility,event,0.0,100.0,30.0,1,0,1,0,1,0,0,-129.82992370931353,-129.82992370931353,16.047322183567985,60.0
random-s0-0016,visibility,event,50.0,20.0,30.0,1,0,0,0,0,0,0,30.66958482125452,51.64559022862591,30.66958482125452,0.0
random-s0-0016,visibility,event,50.0,100.0,30.0,1,0,0,0,0,0,0,16.903455342877265,83.33541750681678,16.903455342877265,0.0
random-s0-0016,visibility,event,150.0,20.0,30.0,1,0,1,1,0,0,1,-19.36422752753927,166.86482554466778,-19.36422752753927,319.99999999999363
random-s0-0016,visibility,event,150.0,100.0,30.0,1,0,1,0,1,0,0,-55.93718641567463,-55.93718641567463,16.047322183567985,60.0
random-s0-0017,voronoi,once,0.0,20.0,30.0,1,0,0,0,0,0,0,4.691658144110363,4.691658144110363,249.1165949936783,0.0
random-s0-0017,voronoi,cycle,0.0,20.0,30.0,1,0,0,0,0,0,0,49.71891709499337,246.4530959526736,49.71891709499337,0.0
random-s0-0017,voronoi,cycle,0.0,100.0,30.0,1,0,0,0,0,0,0,54.45104624049839,297.72026785223915,54.45104624049839,0.0
random-s0-0017,voronoi,cycle,50.0,20.0,30.0,1,0,0,0,0,0,0,49.71891709499337,288.95076158623755,49.71891709499337,0.0
random-s0-0017,voronoi,cycle,50.0,100.0,30.0,1,0,0,0,0,0,0,211.62364286422903,233.33477055586627,211.62364286422903,0.0
random-s0-0017,voronoi,cycle,150.0,20.0,30.0,1,0,0,0,0,0,0,49.71891709499337,253.28620628324165,49.71891709499337,0.0
random-s0-0017,voronoi,cycle,150.0,100.0,30.0,1,0,0,0,0,0,0,121.4164466009304,167.7339511086331,121.4164466009304,0.0
random-s0-0017,voronoi,event,0.0,20.0,30.0,1,0,0,0,0,0,0,50.20227129512003,242.0170236966227,50.20227129512003,0.0
random-s0-0017,voronoi,event,0.0,100.0,30.0,1,0,0,0,0,0,0,54.45104624049839,297.72026785223915,54.45104624049839,0.0
random-s0-0017,voronoi,event,50.0,20.0,30.0,1,0,0,0,0,0,0,49.71891709499337,296.8245845395146,49.71891709499337,0.0
random-s0-0017,voronoi,event,50.0,100.0,30.0,1,0,0,0,0,0,0,178.01251693598675,178.01251693598675,211.62364286422903,0.0
random-s0-0017,voronoi,event,150.0,20.0,30.0,1,0,0,0,0,0,0,49.71891709499337,92.98597140523913,49.71891709499337,0.0
random-s0-0017,voronoi,event,150.0,100.0,30.0,1,0,0,0,0,0,0,108.76673629370408,392.976983308474,108.76673629370408,0.0
random-s0-0017,prm,once,0.0,20.0,30.0,1,0,0,0,0,0,0,141.8564546088512,162.65612797894187,141.8564546088512,0.0
random-s0-0017,prm,cycle,0.0,20.0,30.0,1,0,0,0,0,0,0,48.29940078877354,282.2459763200455,48.29940078877354,0.0
random-s0-0017,prm,cycle,0.0,100.0,30.0,1,0,0,0,0,0,0,79.39440110174701,294.93339400834907,79.39440110174701,0.0
random-s0-0017,prm,cycle,50.0,20.0,30.0,1,0,0,0,0,0,0,36.45763747034778,384.9225234143953,36.45763747034778,0.0
random-s0-0017,prm,cycle,50.0,100.0,30.0,1,0,0,0,0,0,0,74.92254917966585,376.9758545674579,74.92254917966585,0.0
random-s0-0017,prm,cycle,150.0,20.0,30.0,1,0,0,0,0,0,0,36.45763747034778,210.8573296605948,36.45763747034778,0.0
random-s0-0017,prm,cycle,150.0,100.0,30.0,1,0,0,0,0,0,0,41.2686533980926,41.2686533980926,74.92254917966585,0.0
random-s0-0017,prm,event,0.0,20.0,30.0,1,0,0,0,0,0,0,48.29940078877354,282.2459763200455,48.29940078877354,0.0
random-s0-0017,prm,event,0.0,100.0,30.0,1,0,0,0,0,0,0,79.39440110174701,294.93339400834907,79.39440110174701,0.0
random-s0-0017,prm,event,50.0,20.0,30.0,1,0,0,0,0,0,0,36.45763747034778,397.99498665558247,36.45763747034778,0.0
random-s0-0017,prm,event,50.0,100.0,30.0,1,0,0,0,0,0,0,74.92254917966585,376.9758545674579,74.92254917966585,0.0
random-s0-0017,prm,event,150.0,20.0,30.0,1,0,0,0,0,0,0,36.45763747034778,375.4842844642308,36.45763747034778,0.0
random-s0-0017,prm,event,150.0,100.0,30.0,1,0,0,0,0,0,0,32.481689155231464,129.79357070978523,32.481689155231464,0.0
random-s0-0017,visibility,once,0.0,20.0,30.0,1,0,0,0,0,0,0,32.63403687285745,162.65612797894187,32.63403687285745,0.0
random-s0-0017,visibility,cycle,0.0,20.0,30.0,1,0,0,0,0,0,0,32.63403687285745,119.95714056180368,32.63403687285745,0.0
random-s0-0017,visibility,cycle,0.0,100.0,30.0,1,0,0,0,0,0,0,32.634036872857536,153.3693952766444,32.634036872857536,0.0
random-s0-0017,visibility,cycle,50.0,20.0,30.0,1,0,0,0,0,0,0,32.63403687285745,60.25801744244896,32.63403687285745,0.0
random-s0-0017,visibility,cycle,50.0,100.0,30.0,1,0,0,0,0,0,0,32.634036872857536,93.7999121314778,32.634036872857536,0.0
random-s0-0017,visibility,cycle,150.0,20.0,30.0,1,0,0,0,0,0,0,31.26664110040298,61.840082560859656,31.26664110040298,0.0
random-s0-0017,visibility,cycle,150.0,100.0,30.0,1,0,0,0,0,0,0,31.748768455535185,58.89047621035928,31.748768455535185,0.0
random-s0-0017,visibility,event,0.0,20.0,30.0,1,0,0,0,0,0,0,32.63403687285745,119.68672072490938,32.63403687285745,0.0
random-s0-0017,visibility,event,0.0,100.0,30.0,1,0,0,0,0,0,0,32.634036872857536,153.3693952766444,32.634036872857536,0.0
random-s0-0017,visibility,event,50.0,20.0,30.0,1,0,0,0,0,0,0,32.63403687285745,345.8063077144187,32.63403687285745,0.0
random-s0-0017,visibility,event,50.0,100.0,30.0,1,0,0,0,0,0,0,32.634036872857536,64.82427831375298,32.634036872857536,0.0
random-s0-0017,visibility,event,150.0,20.0,30.0,1,0,0,0,0,0,0,37.39086983987508,406.5340314082381,37.39086983987508,0.0
random-s0-0017,visibility,event,150.0,100.0,30.0,1,0,0,0,0,0,0,32.634036872857536,239.9515989737885,32.634036872857536,0.0
random-s0-0018,voronoi,once,0.0,20.0,30.0,1,0,1,0,1,0,0,-147.69799245488764,-147.69799245488764,96.23960989467685,180.0
random-s0-0018,voronoi,cycle,0.0,20.0,30.0,1,0,1,0,1,0,0,-0.6480916772167973,-0.6480916772167973,40.34185348001719,20.0
random-s0-0018,voronoi,cycle,0.0,100.0,30.0,1,0,3,1,2,1,0,-27.76253034437505,-9.8189127390593,-27.76253034437505,119.99999999999984
random-s0-0018,voronoi,cycle,50.0,20.0,30.0,1,0,1,1,0,1,0,-136.84169735134742,133.37559772546763,-136.84169735134742,579.9999999999876
random-s0-0018,voronoi,cycle,50.0,100.0,30.0,1,0,1,1,0,1,0,-133.24815029625756,248.2273183566504,-133.24815029625756,560.0000000000001
random-s0-0018,voronoi,cycle,150.0,20.0,30.0,1,0,1,1,0,1,0,-134.08692935444532,125.39377766172844,-134.08692935444532,559.9999999999881
random-s0-0018,voronoi,cycle,150.0,100.0,30.0,1,0,0,0,0,0,0,71.8408102036897,130.21734974407934,71.8408102036897,0.0
random-s0-0018,voronoi,event,0.0,20.0,30.0,1,0,1,1,0,1,0,-138.3934901399953,102.1229202866702,-138.3934901399953,579.9999999999876
random-s0-0018,voronoi,event,0.0,100.0,30.0,1,0,1,1,0,1,0,-138.45278029169785,98.1657326113472,-138.45278029169785,580.0000000000002
random-s0-0018,voronoi,event,50.0,20.0,30.0,1,0,0,0,0,0,0,15.90533182118554,127.4772160970054,15.90533182118554,0.0
random-s0-0018,voronoi,event,50.0,100.0,30.0,1,0,1,1,0,1,0,-133.01663352620582,81.13769810356251,-133.01663352620582,560.0000000000001
random-s0-0018,voronoi,event,150.0,20.0,30.0,1,0,1,1,0,1,0,-132.16876965074374,234.8777130528045,-132.16876965074374,559.9999999999881
random-s0-0018,voronoi,event,150.0,100.0,30.0,1,0,1,1,0,1,0,-132.75055877199395,227.4297084847496,-132.75055877199395,560.0000000000001
random-s0-0018,prm,once,0.0,20.0,30.0,1,0,2,1,1,1,0,-158.48866197139228,-158.48866197139228,-140.1214644061505,760.0000000000003
random-s0-0018,prm,cycle,0.0,20.0,30.0,1,0,1,1,0,1,0,-84.05440191696503,84.40054998996305,-84.05440191696503,139.99999999999702
random-s0-0018,prm,cycle,0.0,100.0,30.0,1,0,1,0,1,0,0,-158.48866197139228,-158.48866197139228,33.51227377041175,140.0
random-s0-0018,prm,cycle,50.0,20.0,30.0,1,0,0,0,0,0,0,33.51227377041164,134.5133912347933,33.51227377041164,0.0
random-s0-0018,prm,cycle,50.0,100.0,30.0,1,0,1,0,1,0,0,-158.48866197139228,-158.48866197139228,33.51227377041175,140.0
random-s0-0018,prm,cycle,150.0,20.0,30.0,1,0,0,0,0,0,0,33.51227377041164,174.15383157220532,33.51227377041164,0.0
random-s0-0018,prm,cycle,150.0,100.0,30.0,1,0,0,0,0,0,0,33.51227377041175,39.93465392350183,33.51227377041175,0.0
random-s0-0018,prm,event,0.0,20.0,30.0,1,0,1,1,0,1,0,-27.127758139238324,84.40054998996305,-27.127758139238324,39.99999999999915
random-s0-0018,prm,event,0.0,100.0,30.0,1,0,1,0,1,0,0,-158.48866197139228,-158.48866197139228,33.51227377041175,140.0
random-s0-0018,prm,event,50.0,20.0,30.0,1,0,1,1,0,1,0,-131.17308491329902,163.22027167066472,-131.17308491329902,559.9999999999881
random-s0-0018,prm,event,50.0,100.0,30.0,1,0,1,0,1,0,0,-158.48866197139228,-158.48866197139228,33.51227377041175,140.0
random-s0-0018,prm,event,150.0,20.0,30.0,1,0,0,0,0,0,0,33.51227377041164,174.15383157220532,33.51227377041164,0.0
random-s0-0018,prm,event,150.0,100.0,30.0,1,0,0,0,0,0,0,33.51227377041175,39.93465392350183,33.51227377041175,0.0
random-s0-0018,visibility,once,0.0,20.0,30.0,1,0,5,2,3,2,0,-147.2359992040345,-147.2359992040345,-133.06180027956566,1640.000000000001
random-s0-0018,visibility,cycle,0.0,20.0,30.0,1,0,0,0,0,0,0,30.41098688807142,91.98145871670005,30.41098688807142,0.0
random-s0-0018,visibility,cycle,0.0,100.0,30.0,1,0,1,1,0,1,0,-9.446699479526131,60.29773330967652,-9.446699479526131,0.0
random-s0-0018,visibility,cycle,50.0,20.0,30.0,1,0,1,1,0,1,0,-133.4228777036312,39.19585131296151,-133.4228777036312,559.9999999999881
random-s0-0018,visibility,cycle,50.0,100.0,30.0,1,0,0,0,0,0,0,30.41098688807145,79.02151186319321,30.41098688807145,0.0
random-s0-0018,visibility,cycle,150.0,20.0,30.0,1,0,0,0,0,0,0,9.651165392673931,192.5391488742098,9.651165392673931,0.0
random-s0-0018,visibility,cycle,150.0,100.0,30.0,1,0,0,0,0,0,0,16.368033183866032,95.77013679881378,16.368033183866032,0.0
random-s0-0018,visibility,event,0.0,20.0,30.0,1,0,1,1,0,1,0,-133.06180027956566,57.21906011510407,-133.06180027956566,559.9999999999881
random-s0-0018,visibility,event,0.0,100.0,30.0,1,0,1,1,0,1,0,-21.800999914445043,37.94964806067833,-21.800999914445043,20.0
random-s0-0018,visibility,event,50.0,20.0,30.0,1,0,2,2,0,1,1,-131.97522075320498,79.21914153595708,-131.97522075320498,599.9999999999881
random-s0-0018,visibility,event,50.0,100.0,30.0,1,0,2,2,0,1,1,-133.06180027956532,77.90417356803778,-133.06180027956532,600.0000000000002
random-s0-0018,visibility,event,150.0,20.0,30.0,1,0,1,1,0,1,0,-83.84989538672477,192.31501855608457,-83.84989538672477,159.9999999999966
random-s0-0018,visibility,event,150.0,100.0,30.0,1,0,1,1,0,0,1,-172.91933591478664,95.77013679881378,-172.91933591478664,100.0
random-s0-0019,voronoi,once,0.0,20.0,30.0,1,0,1,0,1,0,0,-92.58714115691272,-92.58714115691272,2.5386086262329,160.0
random-s0-0019,voronoi,cycle,0.0,20.0,30.0,1,0,0,0,0,0,0,2.5386086262329,93.08634121795028,2.5386086262329,0.0
random-s0-0019,voronoi,cycle,0.0,100.0,30.0,1,0,1,0,1,0,0,-135.3656801329333,-135.3656801329333,2.5386086262329,179.9999999999998
random-s0-0019,voronoi,cycle,50.0,20.0,30.0,1,0,0,0,0,0,0,2.5386086262329,279.7289171252764,2.5386086262329,0.0
random-s0-0019,voronoi,cycle,50.0,100.0,30.0,1,0,0,0,0,0,0,2.5386086262329,189.41657563463303,2.5386086262329,0.0
random-s0-0019,voronoi,cycle,150.0,20.0,30.0,1,0,0,0,0,0,0,2.5386086262329,293.26199997129737,2.5386086262329,0.0
random-s0-0019,voronoi,cycle,150.0,100.0,30.0,1,0,0,0,0,0,0,2.5386086262329,276.2912764246002,2.5386086262329,0.0
random-s0-0019,voronoi,event,0.0,20.0,30.0,1,0,0,0,0,0,0,2.5386086262329,27.125589945152512,2.5386086262329,0.0
random-s0-0019,voronoi,event,0.0,100.0,30.0,1,0,1,0,1,0,0,-135.3656801329333,-135.3656801329333,2.5386086262329,179.9999999999998
random-s0-0019,voronoi,event,50.0,20.0,30.0,1,0,0,0,0,0,0,2.5386086262329,191.25269693504333,2.5386086262329,0.0
random-s0-0019,voronoi,event,50.0,100.0,30.0,1,0,0,0,0,0,0,2.5386086262329,232.5583527028482,2.5386086262329,0.0
random-s0-0019,voronoi,event,150.0,20.0,30.0,1,0,0,0,0,0,0,2.5386086262329,295.72193053159714,2.5386086262329,0.0
random-s0-0019,voronoi,event,150.0,100.0,30.0,1,0,0,0,0,0,0,2.5386086262329,264.5617422481879,2.5386086262329,0.0
random-s0-0019,prm,once,0.0,20.0,30.0,1,0,0,0,0,0,0,36.75659053097144,36.75659053097144,96.54867160377194,0.0
random-s0-0019,prm,cycle,0.0,20.0,30.0,1,0,0,0,0,0,0,32.62444988390328,42.51520589596208,32.62444988390328,0.0
random-s0-0019,prm,cycle,0.0,100.0,30.0,1,0,1,0,1,0,0,-144.72172573299517,-144.72172573299517,32.62444988390328,640.0
random-s0-0019,prm,cycle,50.0,20.0,30.0,1,0,0,0,0,0,0,32.62444988390328,228.13689480680048,32.62444988390328,0.0
random-s0-0019,prm,cycle,50.0,100.0,30.0,1,0,0,0,0,0,0,32.62444988390328,190.4040669137404,32.62444988390328,0.0
random-s0-0019,prm,cycle,150.0,20.0,30.0,1,0,0,0,0,0,0,32.62444988390328,406.0037289138808,32.62444988390328,0.0
random-s0-0019,prm,cycle,150.0,100.0,30.0,1,0,0,0,0,0,0,32.62444988390328,455.5506482203524,32.62444988390328,0.0
random-s0-0019,prm,event,0.0,20.0,30.0,1,0,0,0,0,0,0,32.62444988390328,42.51520589596208,32.62444988390328,0.0
random-s0-0019,prm,event,0.0,100.0,30.0,1,0,1,0,1,0,0,-144.72172573299517,-144.72172573299517,32.62444988390328,640.0
random-s0-0019,prm,event,50.0,20.0,30.0,1,0,0,0,0,0,0,32.62444988390328,112.76452708907787,32.62444988390328,0.0
random-s0-0019,prm,event,50.0,100.0,30.0,1,0,0,0,0,0,0,32.62444988390328,170.45861952564724,32.62444988390328,0.0
random-s0-0019,prm,event,150.0,20.0,30.0,1,0,0,0,0,0,0,32.62444988390328,228.65753406376652,32.62444988390328,0.0
random-s0-0019,prm,event,150.0,100.0,30.0,1,0,0,0,0,0,0,32.62444988390328,398.2905804708223,32.62444988390328,0.0
random-s0-0019,visibility,once,0.0,20.0,30.0,1,0,1,0,1,0,0,-79.95972649852072,-79.95972649852072,19.35739285969214,60.0
random-s0-0019,visibility,cycle,0.0,20.0,30.0,1,0,1,0,1,0,0,-134.37479725318735,-134.37479725318735,19.35739285969214,180.0
random-s0-0019,visibility,cycle,0.0,100.0,30.0,1,0,1,0,1,0,0,-90.18946847197464,-90.18946847197464,19.357392859692283,40.0
random-s0-0019,visibility,cycle,50.0,20.0,30.0,1,0,1,0,1,0,0,-153.99257123354968,-153.99257123354968,19.35739285969214,380.00000000000006
random-s0-0019,visibility,cycle,50.0,100.0,30.0,1,0,1,0,1,0,0,-161.84544009986547,-161.84544009986547,19.357392859692283,360.00000000000006
random-s0-0019,visibility,cycle,150.0,20.0,30.0,1,0,0,0,0,0,0,19.35739285969214,433.7724093599292,19.35739285969214,0.0
random-s0-0019,visibility,cycle,150.0,100.0,30.0,1,0,0,0,0,0,0,19.357392859692283,400.3044120969365,19.357392859692283,0.0
random-s0-0019,visibility,event,0.0,20.0,30.0,1,0,1,0,1,0,0,-134.9702640185211,-134.9702640185211,19.35739285969214,200.0
random-s0-0019,visibility,event,0.0,100.0,30.0,1,0,1,0,1,0,0,-90.18946847197464,-90.18946847197464,19.357392859692283,40.0
random-s0-0019,visibility,event,50.0,20.0,30.0,1,0,1,0,1,0,0,-169.2527960625034,-169.2527960625034,19.35739285969214,560.0000000000001
random-s0-0019,visibility,event,50.0,100.0,30.0,1,0,1,0,1,0,0,-149.5078377630509,-149.5078377630509,19.357392859692283,360.00000000000006
random-s0-0019,visibility,event,150.0,20.0,30.0,1,0,0,0,0,0,0,19.35739285969214,497.0298688727844,19.35739285969214,0.0
random-s0-0019,visibility,event,150.0,100.0,30.0,1,0,0,0,0,0,0,19.357392859692283,443.6652578291252,19.357392859692283,0.0
random-s0-0020,voronoi,once,0.0,20.0,30.0,1,0,5,3,2,1,2,-168.4090460208795,-148.62649039767473,-168.4090460208795,460.0000000000001
random-s0-0020,voronoi,cycle,0.0,20.0,30.0,1,0,0,0,0,0,0,0.8230942547483835,259.6689652012185,0.8230942547483835,0.0
random-s0-0020,voronoi,cycle,0.0,100.0,30.0,1,0,2,1,1,0,1,-114.5987450845414,-97.37314519222632,-114.5987450845414,619.9999999999999
random-s0-0020,voronoi,cycle,50.0,20.0,30.0,1,0,0,0,0,0,0,5.239439803211411,149.09844116893055,5.239439803211411,0.0
random-s0-0020,voronoi,cycle,50.0,100.0,30.0,1,0,1,1,0,1,0,-11.096743452045333,120.05726033040604,-11.096743452045333,179.99999999999994
random-s0-0020,voronoi,cycle,150.0,20.0,30.0,1,0,0,0,0,0,0,29.2380828481422,168.69260323580227,29.2380828481422,0.0
random-s0-0020,voronoi,cycle,150.0,100.0,30.0,1,0,0,0,0,0,0,22.255640524178887,133.54020504625407,22.255640524178887,0.0
random-s0-0020,voronoi,event,0.0,20.0,30.0,1,0,1,1,0,1,0,-21.7290915811339,25.781179930837823,-21.7290915811339,279.99999999999994
random-s0-0020,voronoi,event,0.0,100.0,30.0,1,0,2,1,1,0,1,-114.5987450845414,-27.43626249442576,-114.5987450845414,519.9999999999997
random-s0-0020,voronoi,event,50.0,20.0,30.0,1,0,0,0,0,0,0,5.239439803211411,129.7948335050787,5.239439803211411,0.0
random-s0-0020,voronoi,event,50.0,100.0,30.0,1,0,2,2,0,2,0,-19.00218335516408,213.0876680751349,-19.00218335516408,420.00000000000006
random-s0-0020,voronoi,event,150.0,20.0,30.0,1,0,0,0,0,0,0,1.2473925609384366,350.56150482905764,1.2473925609384366,0.0
random-s0-0020,voronoi,event,150.0,100.0,30.0,1,0,0,0,0,0,0,22.255640524178887,317.84980657193444,22.255640524178887,0.0
random-s0-0020,prm,once,0.0,20.0,30.0,1,0,3,2,1,0,2,-88.22639951935919,-88.22639951935919,-83.01397889045215,440.0000000000001
random-s0-0020,prm,cycle,0.0,20.0,30.0,1,0,1,0,1,0,0,-77.47033987790128,-77.47033987790128,5.700867423399615,79.99999999999997
random-s0-0020,prm,cycle,0.0,100.0,30.0,1,0,0,0,0,0,0,20.538082338037896,39.46812721988104,20.538082338037896,0.0
random-s0-0020,prm,cycle,50.0,20.0,30.0,1,0,1,1,0,1,0,-121.67498397294848,69.35440293029973,-121.67498397294848,420.0
random-s0-0020,prm,cycle,50.0,100.0,30.0,1,0,1,1,0,1,0,-121.67498397294848,57.56257820469759,-121.67498397294848,420.0
random-s0-0020,prm,cycle,150.0,20.0,30.0,1,0,1,1,0,1,0,-121.67498397294848,69.35440293029973,-121.67498397294848,420.0
random-s0-0020,prm,cycle,150.0,100.0,30.0,1,0,1,1,0,1,0,-121.67498397294848,70.26289952256127,-121.67498397294848,420.0
random-s0-0020,prm,event,0.0,20.0,30.0,1,0,0,0,0,0,0,38.5651160241635,39.46812721988147,38.5651160241635,0.0
random-s0-0020,prm,event,0.0,100.0,30.0,1,0,2,1,1,0,1,-79.37727912966245,-25.96883260426739,-79.37727912966245,219.99999999999977
random-s0-0020,prm,event,50.0,20.0,30.0,1,0,1,1,0,1,0,-121.67498397294848,93.0935367985076,-121.67498397294848,420.0
random-s0-0020,prm,event,50.0,100.0,30.0,1,0,2,2,0,2,0,-121.67498397294848,36.646285044883854,-121.67498397294848,440.0
random-s0-0020,prm,event,150.0,20.0,30.0,1,0,1,1,0,1,0,-121.67498397294848,47.26727385070046,-121.67498397294848,420.0
random-s0-0020,prm,event,150.0,100.0,30.0,1,0,1,1,0,1,0,-121.67498397294848,70.26289952256127,-121.67498397294848,420.0
random-s0-0020,visibility,once,0.0,20.0,30.0,1,0,3,2,1,1,1,-79.37727912966264,-78.84793990161968,-79.37727912966264,440.0000000000001
random-s0-0020,visibility,cycle,0.0,20.0,30.0,1,0,2,2,0,2,0,-151.04875857356464,149.5033804246222,-151.04875857356464,420.0
random-s0-0020,visibility,cycle,0.0,100.0,30.0,1,0,2,2,0,2,0,-82.55403961623365,155.27195261993478,-82.55403961623365,379.9999999999999
random-s0-0020,visibility,cycle,50.0,20.0,30.0,1,0,2,2,0,1,1,-121.67498397294848,17.772718749121395,-121.67498397294848,780.0000000000001
random-s0-0020,visibility,cycle,50.0,100.0,30.0,1,0,2,2,0,1,1,-121.67498397294848,15.09418142438301,-121.67498397294848,579.9999999999999
random-s0-0020,visibility,cycle,150.0,20.0,30.0,1,0,2,2,0,1,1,-121.67498397294848,31.116238145560946,-121.67498397294848,580.0000000000001
random-s0-0020,visibility,cycle,150.0,100.0,30.0,1,0,2,2,0,1,1,-121.67498397294848,30.232003053781145,-121.67498397294848,579.9999999999999
random-s0-0020,visibility,event,0.0,20.0,30.0,1,0,2,2,0,2,0,-60.08507763735217,149.5033804246222,-60.08507763735217,299.99999999999994
random-s0-0020,visibility,event,0.0,100.0,30.0,1,0,2,2,0,2,0,-85.05999822180642,155.27195261993478,-85.05999822180642,379.9999999999999
random-s0-0020,visibility,event,50.0,20.0,30.0,1,0,2,2,0,1,1,-121.67498397294848,15.993439230394074,-121.67498397294848,800.0000000000001
random-s0-0020,visibility,event,50.0,100.0,30.0,1,0,2,2,0,1,1,-121.67498397294848,15.09418142438301,-121.67498397294848,579.9999999999999
random-s0-0020,visibility,event,150.0,20.0,30.0,1,0,2,2,0,1,1,-121.67498397294848,31.915762136778824,-121.67498397294848,580.0000000000001
random-s0-0020,visibility,event,150.0,100.0,30.0,1,0,2,2,0,1,1,-121.67498397294848,33.05954191208306,-121.67498397294848,579.9999999999999
random-s0-0021,voronoi,once,0.0,20.0,30.0,1,0,0,0,0,0,0,143.8301296519321,143.8301296519321,277.69500453132224,0.0
random-s0-0021,voronoi,cycle,0.0,20.0,30.0,1,0,0,0,0,0,0,56.50283175117266,61.28294236855732,56.50283175117266,0.0
random-s0-0021,voronoi,cycle,0.0,100.0,30.0,1,0,1,0,1,0,0,-110.37956777988953,-110.37956777988953,127.11874525839288,139.9999999999999
random-s0-0021,voronoi,cycle,50.0,20.0,30.0,1,0,0,0,0,0,0,36.24625615692614,141.69290638899656,36.24625615692614,0.0
random-s0-0021,voronoi,cycle,50.0,100.0,30.0,1,0,0,0,0,0,0,36.24625615692614,135.05184100056988,36.24625615692614,0.0
random-s0-0021,voronoi,cycle,150.0,20.0,30.0,1,0,0,0,0,0,0,36.24625615692614,139.083541464056,36.24625615692614,0.0
random-s0-0021,voronoi,cycle,150.0,100.0,30.0,1,0,0,0,0,0,0,36.24625615692614,135.22302527982345,36.24625615692614,0.0
random-s0-0021,voronoi,event,0.0,20.0,30.0,1,0,0,0,0,0,0,56.50283175117266,63.77033702854413,56.50283175117266,0.0
random-s0-0021,voronoi,event,0.0,100.0,30.0,1,0,1,0,1,0,0,-110.37956777988953,-110.37956777988953,127.11874525839288,139.9999999999999
random-s0-0021,voronoi,event,50.0,20.0,30.0,1,0,0,0,0,0,0,36.24625615692614,118.2616633125885,36.24625615692614,0.0
random-s0-0021,voronoi,event,50.0,100.0,30.0,1,0,0,0,0,0,0,36.24625615692614,130.80472697103556,36.24625615692614,0.0
random-s0-0021,voronoi,event,150.0,20.0,30.0,1,0,0,0,0,0,0,36.24625615692614,144.29728924004985,36.24625615692614,0.0
random-s0-0021,voronoi,event,150.0,100.0,30.0,1,0,0,0,0,0,0,36.24625615692614,151.57705214974425,36.24625615692614,0.0
random-s0-0021,prm,once,0.0,20.0,30.0,1,0,0,0,0,0,0,143.8301296519321,143.8301296519321,277.69500453132224,0.0
random-s0-0021,prm,cycle,0.0,20.0,30.0,1,0,0,0,0,0,0,31.17103119754435,58.0563739996812,31.17103119754435,0.0
random-s0-0021,prm,cycle,0.0,100.0,30.0,1,0,0,0,0,0,0,31.357916444772,64.23486705534867,31.357916444772,0.0
random-s0-0021,prm,cycle,50.0,20.0,30.0,1,0,0,0,0,0,0,30.984184100838803,57.70886364160606,30.984184100838803,0.0
random-s0-0021,prm,cycle,50.0,100.0,30.0,1,0,0,0,0,0,0,32.39643733435295,63.902030786715045,32.39643733435295,0.0
random-s0-0021,prm,cycle,150.0,20.0,30.0,1,0,0,0,0,0,0,76.81242198003395,168.55393514554322,76.81242198003395,0.0
random-s0-0021,prm,cycle,150.0,100.0,30.0,1,0,0,0,0,0,0,31.45437538059789,38.5597892403637,31.45437538059789,0.0
random-s0-0021,prm,event,0.0,20.0,30.0,1,0,0,0,0,0,0,40.25723699075024,40.25723699075024,76.81242198003395,0.0
random-s0-0021,prm,event,0.0,100.0,30.0,1,0,0,0,0,0,0,36.8858532699166,36.8858532699166,165.76369777986815,0.0
random-s0-0021,prm,event,50.0,20.0,30.0,1,0,0,0,0,0,0,38.83656863993767,38.83656863993767,76.81242198003395,0.0
random-s0-0021,prm,event,50.0,100.0,30.0,1,0,0,0,0,0,0,36.60769367813106,36.60769367813106,165.76369777986815,0.0
random-s0-0021,prm,event,150.0,20.0,30.0,1,0,0,0,0,0,0,76.81242198003395,133.9193834221902,76.81242198003395,0.0
random-s0-0021,prm,event,150.0,100.0,30.0,1,0,0,0,0,0,0,149.91427667215078,149.91427667215078,165.76369777986815,0.0
random-s0-0021,visibility,once,0.0,20.0,30.0,1,0,0,0,0,0,0,22.3642394382004,143.8301296519321,22.3642394382004,0.0
random-s0-0021,visibility,cycle,0.0,20.0,30.0,1,0,0,0,0,0,0,25.749599142522868,133.8824903614277,25.749599142522868,0.0
random-s0-0021,visibility,cycle,0.0,100.0,30.0,1,0,0,0,0,0,0,25.749599142522868,135.09289630036096,25.749599142522868,0.0
random-s0-0021,visibility,cycle,50.0,20.0,30.0,1,0,0,0,0,0,0,25.749599142522868,133.964138236706,25.749599142522868,0.0
random-s0-0021,visibility,cycle,50.0,100.0,30.0,1,0,0,0,0,0,0,25.749599142522868,133.35075189203712,25.749599142522868,0.0
random-s0-0021,visibility,cycle,150.0,20.0,30.0,1,0,0,0,0,0,0,25.749599142522868,131.66276026171062,25.749599142522868,0.0
random-s0-0021,visibility,cycle,150.0,100.0,30.0,1,0,0,0,0,0,0,25.749599142522868,131.91196397536118,25.749599142522868,0.0
random-s0-0021,visibility,event,0.0,20.0,30.0,1,0,0,0,0,0,0,25.749599142522868,142.3171797241672,25.749599142522868,0.0
random-s0-0021,visibility,event,0.0,100.0,30.0,1,0,0,0,0,0,0,22.3642394382004,140.43427933827525,22.3642394382004,0.0
random-s0-0021,visibility,event,50.0,20.0,30.0,1,0,0,0,0,0,0,25.749599142522868,141.6553217332774,25.749599142522868,0.0
random-s0-0021,visibility,event,50.0,100.0,30.0,1,0,0,0,0,0,0,22.3642394382004,138.5613603172853,22.3642394382004,0.0
random-s0-0021,visibility,event,150.0,20.0,30.0,1,0,0,0,0,0,0,25.749599142522868,138.25521985056662,25.749599142522868,0.0
random-s0-0021,visibility,event,150.0,100.0,30.0,1,0,0,0,0,0,0,22.3642394382004,135.26624893602605,22.3642394382004,0.0
random-s0-0022,voronoi,once,0.0,20.0,30.0,1,0,2,0,2,0,0,-5.38436272713659,-5.38436272713659,138.49095748545216,60.0
random-s0-0022,voronoi,cycle,0.0,20.0,30.0,1,0,0,0,0,0,0,11.90550649766297,11.90550649766297,138.49095748545216,0.0
random-s0-0022,voronoi,cycle,0.0,100.0,30.0,1,0,0,0,0,0,0,41.7176775955526,41.7176775955526,138.49095748545216,0.0
random-s0-0022,voronoi,cycle,50.0,20.0,30.0,1,0,0,0,0,0,0,39.69038482159121,39.69038482159121,138.49095748545216,0.0
random-s0-0022,voronoi,cycle,50.0,100.0,30.0,1,0,0,0,0,0,0,46.1563964413408,46.1563964413408,138.49095748545216,0.0
random-s0-0022,voronoi,cycle,150.0,20.0,30.0,1,0,0,0,0,0,0,138.49095748545216,163.53931652541814,138.49095748545216,0.0
random-s0-0022,voronoi,cycle,150.0,100.0,30.0,1,0,0,0,0,0,0,138.49095748545216,142.75207858804015,138.49095748545216,0.0
random-s0-0022,voronoi,event,0.0,20.0,30.0,1,0,0,0,0,0,0,33.347051027147614,33.347051027147614,138.49095748545216,0.0
random-s0-0022,voronoi,event,0.0,100.0,30.0,1,0,1,0,1,0,0,-12.953394667823916,-12.953394667823916,138.49095748545216,39.99999999999991
random-s0-0022,voronoi,event,50.0,20.0,30.0,1,0,0,0,0,0,0,31.54329583205626,31.54329583205626,138.49095748545216,0.0
random-s0-0022,voronoi,event,50.0,100.0,30.0,1,0,0,0,0,0,0,39.37567759044583,39.37567759044583,138.49095748545216,0.0
random-s0-0022,voronoi,event,150.0,20.0,30.0,1,0,0,0,0,0,0,114.41479457117435,114.41479457117435,138.49095748545216,0.0
random-s0-0022,voronoi,event,150.0,100.0,30.0,1,0,0,0,0,0,0,138.49095748545216,166.02453842941603,138.49095748545216,0.0
random-s0-0022,prm,once,0.0,20.0,30.0,1,0,2,0,2,0,0,-5.38436272713659,-5.38436272713659,138.49095748545216,60.0
random-s0-0022,prm,cycle,0.0,20.0,30.0,1,0,0,0,0,0,0,105.26368835005265,105.26368835005265,138.49095748545216,0.0
random-s0-0022,prm,cycle,0.0,100.0,30.0,1,0,1,0,1,0,0,-154.17340191603023,-154.17340191603023,138.49095748545216,820.0000000000003
random-s0-0022,prm,cycle,50.0,20.0,30.0,1,0,0,0,0,0,0,138.49095748545216,188.02875532375265,138.49095748545216,0.0
random-s0-0022,prm,cycle,50.0,100.0,30.0,1,0,0,0,0,0,0,138.49095748545216,226.08180627507744,138.49095748545216,0.0
random-s0-0022,prm,cycle,150.0,20.0,30.0,1,0,0,0,0,0,0,76.61189518128953,76.61189518128953,107.37107838697796,0.0
random-s0-0022,prm,cycle,150.0,100.0,30.0,1,0,0,0,0,0,0,118.00585212783034,118.00585212783034,133.27824147559903,0.0
random-s0-0022,prm,event,0.0,20.0,30.0,1,0,0,0,0,0,0,61.21223330202534,61.21223330202534,138.49095748545216,0.0
random-s0-0022,prm,event,0.0,100.0,30.0,1,0,0,0,0,0,0,79.475077595975,79.475077595975,138.49095748545216,0.0
random-s0-0022,prm,event,50.0,20.0,30.0,1,0,0,0,0,0,0,138.49095748545216,183.66385240702533,138.49095748545216,0.0
random-s0-0022,prm,event,50.0,100.0,30.0,1,0,0,0,0,0,0,138.49095748545216,189.39407689621663,138.49095748545216,0.0
random-s0-0022,prm,event,150.0,20.0,30.0,1,0,0,0,0,0,0,35.99197464703593,35.99197464703593,138.49095748545216,0.0
random-s0-0022,prm,event,150.0,100.0,30.0,1,0,0,0,0,0,0,74.33159509992308,74.33159509992308,133.27824147559903,0.0
random-s0-0022,visibility,once,0.0,20.0,30.0,1,0,2,0,2,0,0,-5.38436272713659,-5.38436272713659,138.49095748545216,60.0
random-s0-0022,visibility,cycle,0.0,20.0,30.0,1,0,0,0,0,0,0,79.07621656021968,79.07621656021968,138.49095748545216,0.0
random-s0-0022,visibility,cycle,0.0,100.0,30.0,1,0,0,0,0,0,0,84.55380149562211,84.55380149562211,138.49095748545216,0.0
random-s0-0022,visibility,cycle,50.0,20.0,30.0,1,0,0,0,0,0,0,113.90303250180898,113.90303250180898,138.49095748545216,0.0
random-s0-0022,visibility,cycle,50.0,100.0,30.0,1,0,0,0,0,0,0,94.55431811760332,94.55431811760332,138.49095748545216,0.0
random-s0-0022,visibility,cycle,150.0,20.0,30.0,1,0,0,0,0,0,0,138.49095748545216,175.355674594712,138.49095748545216,0.0
random-s0-0022,visibility,cycle,150.0,100.0,30.0,1,0,0,0,0,0,0,138.49095748545216,180.08286703734046,138.49095748545216,0.0
random-s0-0022,visibility,event,0.0,20.0,30.0,1,0,0,0,0,0,0,47.65880408083726,47.65880408083726,138.49095748545216,0.0
random-s0-0022,visibility,event,0.0,100.0,30.0,1,0,0,0,0,0,0,124.19783311292468,124.19783311292468,138.49095748545216,0.0
random-s0-0022,visibility,event,50.0,20.0,30.0,1,0,0,0,0,0,0,74.30316666880896,74.30316666880896,138.49095748545216,0.0
random-s0-0022,visibility,event,50.0,100.0,30.0,1,0,0,0,0,0,0,88.69310002450715,88.69310002450715,138.49095748545216,0.0
random-s0-0022,visibility,event,150.0,20.0,30.0,1,0,0,0,0,0,0,138.49095748545216,150.9641652712594,138.49095748545216,0.0
random-s0-0022,visibility,event,150.0,100.0,30.0,1,0,0,0,0,0,0,30.366976381283138,30.366976381283138,138.49095748545216,0.0
random-s0-0023,voronoi,once,0.0,20.0,30.0,1,0,0,0,0,0,0,24.828122037483865,95.5157839860463,24.828122037483865,0.0
random-s0-0023,voronoi,cycle,0.0,20.0,30.0,1,0,0,0,0,0,0,0.2055156764041896,307.417310348128,0.2055156764041896,0.0
random-s0-0023,voronoi,cycle,0.0,100.0,30.0,1,0,1,1,0,1,0,-2.439465199243301,305.6276542357325,-2.439465199243301,40.0
random-s0-0023,voronoi,cycle,50.0,20.0,30.0,1,0,0,0,0,0,0,59.47126940013433,557.9962361562862,59.47126940013433,0.0
random-s0-0023,voronoi,cycle,50.0,100.0,30.0,1,0,0,0,0,0,0,62.9776242826041,524.1490463890649,62.9776242826041,0.0
random-s0-0023,voronoi,cycle,150.0,20.0,30.0,1,0,0,0,0,0,0,42.73035109369283,354.85325397948145,42.73035109369283,0.0
random-s0-0023,voronoi,cycle,150.0,100.0,30.0,1,0,0,0,0,0,0,36.162046762092274,271.2266755224233,36.162046762092274,0.0
random-s0-0023,voronoi,event,0.0,20.0,30.0,1,0,0,0,0,0,0,4.466646083641507,305.6276542357327,4.466646083641507,0.0
random-s0-0023,voronoi,event,0.0,100.0,30.0,1,0,1,1,0,1,0,-2.439465199243301,305.6276542357325,-2.439465199243301,40.0
random-s0-0023,voronoi,event,50.0,20.0,30.0,1,0,0,0,0,0,0,41.47388494378262,204.77028157655508,41.47388494378262,0.0
random-s0-0023,voronoi,event,50.0,100.0,30.0,1,0,0,0,0,0,0,73.321488802298,286.73215610753164,73.321488802298,0.0
random-s0-0023,voronoi,event,150.0,20.0,30.0,1,0,1,1,0,1,0,-17.84716009252756,340.42226900011394,-17.84716009252756,180.0
random-s0-0023,voronoi,event,150.0,100.0,30.0,1,0,1,1,0,1,0,-36.70497561528308,132.20283846257468,-36.70497561528308,240.0
random-s0-0023,prm,once,0.0,20.0,30.0,1,0,1,1,0,1,0,-170.56541921551707,95.5157839860463,-170.56541921551707,480.00000000000017
random-s0-0023,prm,cycle,0.0,20.0,30.0,1,0,0,0,0,0,0,10.555267365046603,152.44140019542476,10.555267365046603,0.0
random-s0-0023,prm,cycle,0.0,100.0,30.0,1,0,0,0,0,0,0,4.725394354402567,4.725394354402567,45.39977719037523,0.0
random-s0-0023,prm,cycle,50.0,20.0,30.0,1,0,0,0,0,0,0,62.5542309249966,355.3501282546928,62.5542309249966,0.0
random-s0-0023,prm,cycle,50.0,100.0,30.0,1,0,0,0,0,0,0,45.39977719037523,282.00400025896147,45.39977719037523,0.0
random-s0-0023,prm,cycle,150.0,20.0,30.0,1,0,0,0,0,0,0,36.339033797243815,459.1661902548825,36.339033797243815,0.0
random-s0-0023,prm,cycle,150.0,100.0,30.0,1,0,0,0,0,0,0,58.586868422384015,425.61788170384807,58.586868422384015,0.0
random-s0-0023,prm,event,0.0,20.0,30.0,1,0,0,0,0,0,0,0.2662538785993433,152.44140019542476,0.2662538785993433,0.0
random-s0-0023,prm,event,0.0,100.0,30.0,1,0,0,0,0,0,0,4.725394354402567,4.725394354402567,37.1472882986065,0.0
random-s0-0023,prm,event,50.0,20.0,30.0,1,0,0,0,0,0,0,62.5542309249966,295.3229272781638,62.5542309249966,0.0
random-s0-0023,prm,event,50.0,100.0,30.0,1,0,0,0,0,0,0,37.1472882986065,282.00400025896147,37.1472882986065,0.0
random-s0-0023,prm,event,150.0,20.0,30.0,1,0,0,0,0,0,0,65.85592585817861,234.93776328815613,65.85592585817861,0.0
random-s0-0023,prm,event,150.0,100.0,30.0,1,0,0,0,0,0,0,37.1472882986065,425.61788170384807,37.1472882986065,0.0
random-s0-0023,visibility,once,0.0,20.0,30.0,1,0,0,0,0,0,0,24.828122037483865,95.5157839860463,24.828122037483865,0.0
random-s0-0023,visibility,cycle,0.0,20.0,30.0,1,0,1,1,0,0,1,-163.285673827452,335.945504111324,-163.285673827452,220.0
random-s0-0023,visibility,cycle,0.0,100.0,30.0,1,0,1,1,0,1,0,-30.81297013364059,278.64001385369795,-30.81297013364059,119.99999999999984
random-s0-0023,visibility,cycle,50.0,20.0,30.0,1,0,0,0,0,0,0,48.872116792475765,405.63612674676506,48.872116792475765,0.0
random-s0-0023,visibility,cycle,50.0,100.0,30.0,1,0,0,0,0,0,0,55.12772210573533,394.4588632888415,55.12772210573533,0.0
random-s0-0023,visibility,cycle,150.0,20.0,30.0,1,0,0,0,0,0,0,76.50275049788974,400.65100070201936,76.50275049788974,0.0
random-s0-0023,visibility,cycle,150.0,100.0,30.0,1,0,0,0,0,0,0,70.82264388960246,463.3791303738994,70.82264388960246,0.0
random-s0-0023,visibility,event,0.0,20.0,30.0,1,0,1,1,0,0,1,-162.6157261846897,338.25680258412035,-162.6157261846897,220.0
random-s0-0023,visibility,event,0.0,100.0,30.0,1,0,1,1,0,1,0,-30.81297013364059,278.64001385369795,-30.81297013364059,119.99999999999984
random-s0-0023,visibility,event,50.0,20.0,30.0,1,0,0,0,0,0,0,59.78601769601056,407.47185137641327,59.78601769601056,0.0
random-s0-0023,visibility,event,50.0,100.0,30.0,1,0,0,0,0,0,0,44.82948862481993,402.4038012272874,44.82948862481993,0.0
random-s0-0023,visibility,event,150.0,20.0,30.0,1,0,0,0,0,0,0,76.57679276119956,383.3562446694679,76.57679276119956,0.0
random-s0-0023,visibility,event,150.0,100.0,30.0,1,0,0,0,0,0,0,67.72335408366291,252.7076163155142,67.72335408366291,0.0
random-s0-0024,voronoi,once,0.0,20.0,30.0,1,0,2,1,1,0,1,-167.49179066308466,-167.49179066308466,-35.19146355446881,640.0000000000002
random-s0-0024,voronoi,cycle,0.0,20.0,30.0,1,0,4,0,4,0,0,-7.495043778145799,-7.495043778145799,9.108665566748954,80.0
random-s0-0024,voronoi,cycle,0.0,100.0,30.0,1,0,3,0,3,0,0,-39.916603301155504,-39.916603301155504,82.35305407399267,179.9999999999999
random-s0-0024,voronoi,cycle,50.0,20.0,30.0,1,0,0,0,0,0,0,52.27919140813182,52.27919140813182,113.38795558900928,0.0
random-s0-0024,voronoi,cycle,50.0,100.0,30.0,1,0,0,0,0,0,0,49.737588740782655,49.737588740782655,69.72368829386113,0.0
random-s0-0024,voronoi,cycle,150.0,20.0,30.0,1,0,0,0,0,0,0,34.89907101430586,121.32403140778912,34.89907101430586,0.0
random-s0-0024,voronoi,cycle,150.0,100.0,30.0,1,0,0,0,0,0,0,47.65933791311065,47.65933791311065,97.2595208630438,0.0
random-s0-0024,voronoi,event,0.0,20.0,30.0,1,0,4,0,4,0,0,-7.495043778145799,-7.495043778145799,9.108665566748954,80.0
random-s0-0024,voronoi,event,0.0,100.0,30.0,1,0,3,0,3,0,0,-39.916603301155504,-39.916603301155504,82.35305407399267,179.9999999999999
random-s0-0024,voronoi,event,50.0,20.0,30.0,1,0,0,0,0,0,0,37.80926488125408,78.45097283582828,37.80926488125408,0.0
random-s0-0024,voronoi,event,50.0,100.0,30.0,1,0,0,0,0,0,0,35.37816523812373,49.737588740782655,35.37816523812373,0.0
random-s0-0024,voronoi,event,150.0,20.0,30.0,1,0,0,0,0,0,0,41.44491580703448,121.32403140778912,41.44491580703448,0.0
random-s0-0024,voronoi,event,150.0,100.0,30.0,1,0,0,0,0,0,0,38.39894929460869,47.65933791311065,38.39894929460869,0.0
random-s0-0024,prm,once,0.0,20.0,30.0,1,0,2,1,1,0,1,-167.49179066308466,-167.49179066308466,-35.19146355446881,640.0000000000002
random-s0-0024,prm,cycle,0.0,20.0,30.0,1,0,1,0,1,0,0,-167.49179066308466,-167.49179066308466,82.23145777102155,580.0000000000002
random-s0-0024,prm,cycle,0.0,100.0,30.0,1,0,1,0,1,0,0,-167.49179066308514,-167.49179066308514,41.85383782202416,579.9999999999998
random-s0-0024,prm,cycle,50.0,20.0,30.0,1,0,1,0,1,0,0,-167.49179066308466,-167.49179066308466,83.34331084065042,580.0000000000002
random-s0-0024,prm,cycle,50.0,100.0,30.0,1,0,1,0,1,0,0,-167.49179066308514,-167.49179066308514,41.85383782202416,579.9999999999998
random-s0-0024,prm,cycle,150.0,20.0,30.0,1,0,1,0,1,0,0,-167.49179066308466,-167.49179066308466,33.18455217526417,580.0000000000002
random-s0-0024,prm,cycle,150.0,100.0,30.0,1,0,1,0,1,0,0,-167.49179066308514,-167.49179066308514,79.64027539878276,579.9999999999998
random-s0-0024,prm,event,0.0,20.0,30.0,1,0,1,0,1,0,0,-167.49179066308466,-167.49179066308466,82.23145777102155,580.0000000000002
random-s0-0024,prm,event,0.0,100.0,30.0,1,0,1,0,1,0,0,-167.49179066308514,-167.49179066308514,41.85383782202416,579.9999999999998
random-s0-0024,prm,event,50.0,20.0,30.0,1,0,1,0,1,0,0,-167.49179066308466,-167.49179066308466,83.34331084065042,580.0000000000002
random-s0-0024,prm,event,50.0,100.0,30.0,1,0,1,0,1,0,0,-167.49179066308514,-167.49179066308514,41.85383782202416,579.9999999999998
random-s0-0024,prm,event,150.0,20.0,30.0,1,0,1,0,1,0,0,-167.49179066308466,-167.49179066308466,51.39982235894084,580.0000000000002
random-s0-0024,prm,event,150.0,100.0,30.0,1,0,1,0,1,0,0,-167.49179066308514,-167.49179066308514,163.56424250897243,579.9999999999998
random-s0-0024,visibility,once,0.0,20.0,30.0,1,0,2,1,1,0,1,-167.49179066308466,-167.49179066308466,-35.19146355446881,640.0000000000002
random-s0-0024,visibility,cycle,0.0,20.0,30.0,1,0,2,1,1,1,0,-167.49179066308466,-167.49179066308466,-16.451031017297367,700.0000000000003
random-s0-0024,visibility,cycle,0.0,100.0,30.0,1,0,2,1,1,1,0,-167.49179066308514,-167.49179066308514,-21.58522736945531,699.9999999999999
random-s0-0024,visibility,cycle,50.0,20.0,30.0,1,0,2,1,1,1,0,-167.49179066308466,-167.49179066308466,-46.94650990439402,780.0000000000003
random-s0-0024,visibility,cycle,50.0,100.0,30.0,1,0,2,1,1,1,0,-167.49179066308514,-167.49179066308514,-58.9221119055793,779.9999999999999
random-s0-0024,visibility,cycle,150.0,20.0,30.0,1,0,1,0,1,0,0,-167.49179066308466,-167.49179066308466,0.4586504825390705,580.0000000000002
random-s0-0024,visibility,cycle,150.0,100.0,30.0,1,0,1,0,1,0,0,-167.49179066308514,-167.49179066308514,0.458650482539241,579.9999999999998
random-s0-0024,visibility,event,0.0,20.0,30.0,1,0,2,1,1,1,0,-167.49179066308466,-167.49179066308466,-50.91850604729558,780.0000000000003
random-s0-0024,visibility,event,0.0,100.0,30.0,1,0,2,1,1,1,0,-167.49179066308514,-167.49179066308514,-23.123246024537053,719.9999999999999
random-s0-0024,visibility,event,50.0,20.0,30.0,1,0,2,1,1,0,1,-167.49179066308466,-167.49179066308466,-44.380496064475125,660.0000000000002
random-s0-0024,visibility,event,50.0,100.0,30.0,1,0,2,1,1,0,1,-167.49179066308514,-167.49179066308514,-51.78295092556914,659.9999999999998
random-s0-0024,visibility,event,150.0,20.0,30.0,1,0,1,0,1,0,0,-167.49179066308466,-167.49179066308466,0.4586504825390705,580.0000000000002
random-s0-0024,visibility,event,150.0,100.0,30.0,1,0,1,0,1,0,0,-167.49179066308514,-167.49179066308514,0.458650482539241,579.9999999999998
random-s0-0025,voronoi,once,0.0,20.0,30.0,1,0,0,0,0,0,0,129.1871782732956,150.97079827913225,129.1871782732956,0.0
random-s0-0025,voronoi,cycle,0.0,20.0,30.0,1,0,0,0,0,0,0,33.51715693834723,88.85886420547695,33.51715693834723,0.0
random-s0-0025,voronoi,cycle,0.0,100.0,30.0,1,0,2,0,2,0,0,-101.06726079370932,-101.06726079370932,21.921319893826933,279.99999999999994
random-s0-0025,voronoi,cycle,50.0,20.0,30.0,1,0,0,0,0,0,0,17.645378756766632,115.68157409145084,17.645378756766632,0.0
random-s0-0025,voronoi,cycle,50.0,100.0,30.0,1,0,0,0,0,0,0,41.55381319410287,284.88180292775814,41.55381319410287,0.0
random-s0-0025,voronoi,cycle,150.0,20.0,30.0,1,0,0,0,0,0,0,17.645378756766632,344.2656865779546,17.645378756766632,0.0
random-s0-0025,voronoi,cycle,150.0,100.0,30.0,1,0,0,0,0,0,0,41.55381319410287,284.88180292775814,41.55381319410287,0.0
random-s0-0025,voronoi,event,0.0,20.0,30.0,1,0,0,0,0,0,0,32.52649585869099,261.85894094817405,32.52649585869099,0.0
random-s0-0025,voronoi,event,0.0,100.0,30.0,1,0,0,0,0,0,0,45.663142091047405,261.85894094817405,45.663142091047405,0.0
random-s0-0025,voronoi,event,50.0,20.0,30.0,1,0,0,0,0,0,0,32.52649585869099,261.85894094817405,32.52649585869099,0.0
random-s0-0025,voronoi,event,50.0,100.0,30.0,1,0,0,0,0,0,0,69.1723393649354,261.85894094817405,69.1723393649354,0.0
random-s0-0025,voronoi,event,150.0,20.0,30.0,1,0,0,0,0,0,0,17.645378756766632,344.2656865779546,17.645378756766632,0.0
random-s0-0025,voronoi,event,150.0,100.0,30.0,1,0,0,0,0,0,0,62.73266618555567,284.88180292775814,62.73266618555567,0.0
random-s0-0025,prm,once,0.0,20.0,30.0,1,0,1,0,1,0,0,-71.99215864176962,-71.99215864176962,88.76536588703863,80.0
random-s0-0025,prm,cycle,0.0,20.0,30.0,1,0,0,0,0,0,0,30.708409946463803,65.78254449850456,30.708409946463803,0.0
random-s0-0025,prm,cycle,0.0,100.0,30.0,1,0,2,0,2,0,0,-73.87150151787435,-73.87150151787435,39.77172285210062,119.99999999999991
random-s0-0025,prm,cycle,50.0,20.0,30.0,1,0,0,0,0,0,0,35.02628570826502,118.62753281477252,35.02628570826502,0.0
random-s0-0025,prm,cycle,50.0,100.0,30.0,1,0,0,0,0,0,0,39.77172285210062,123.9792392173025,39.77172285210062,0.0
random-s0-0025,prm,cycle,150.0,20.0,30.0,1,0,0,0,0,0,0,31.710984317199035,276.9817704252792,31.710984317199035,0.0
random-s0-0025,prm,cycle,150.0,100.0,30.0,1,0,0,0,0,0,0,46.63910788645188,365.7035550553064,46.63910788645188,0.0
random-s0-0025,prm,event,0.0,20.0,30.0,1,0,0,0,0,0,0,30.38542091437759,40.46213660577362,30.38542091437759,0.0
random-s0-0025,prm,event,0.0,100.0,30.0,1,0,2,0,2,0,0,-128.0446539095515,-128.0446539095515,39.77172285210062,159.9999999999999
random-s0-0025,prm,event,50.0,20.0,30.0,1,0,0,0,0,0,0,35.02628570826502,365.7035550553064,35.02628570826502,0.0
random-s0-0025,prm,event,50.0,100.0,30.0,1,0,0,0,0,0,0,39.77172285210062,123.9792392173025,39.77172285210062,0.0
random-s0-0025,prm,event,150.0,20.0,30.0,1,0,0,0,0,0,0,35.02628570826502,365.7035550553064,35.02628570826502,0.0
random-s0-0025,prm,event,150.0,100.0,30.0,1,0,0,0,0,0,0,39.82356639784294,365.7035550553064,39.82356639784294,0.0
random-s0-0025,visibility,once,0.0,20.0,30.0,1,0,2,1,1,0,1,-107.98897425162214,-107.98897425162214,-12.45921901653577,60.0
random-s0-0025,visibility,cycle,0.0,20.0,30.0,1,0,2,1,1,0,1,-147.68250956132997,-147.68250956132997,-12.45921901653577,340.0
random-s0-0025,visibility,cycle,0.0,100.0,30.0,1,0,2,1,1,0,1,-13.010783319686425,-13.010783319686425,-12.459219016535656,60.0
random-s0-0025,visibility,cycle,50.0,20.0,30.0,1,0,1,1,0,0,1,-12.45921901653577,95.9115218555769,-12.45921901653577,20.0
random-s0-0025,visibility,cycle,50.0,100.0,30.0,1,0,1,1,0,0,1,-12.459219016535656,61.008053321463365,-12.459219016535656,20.0
random-s0-0025,visibility,cycle,150.0,20.0,30.0,1,0,2,2,0,0,2,-8.518764666293407,30.323430225311284,-8.518764666293407,259.99999999999994
random-s0-0025,visibility,cycle,150.0,100.0,30.0,1,0,3,3,0,1,2,-12.459219016535656,34.32711127340028,-12.459219016535656,359.9999999999999
random-s0-0025,visibility,event,0.0,20.0,30.0,1,0,1,1,0,0,1,-12.45921901653577,102.6991563042186,-12.45921901653577,20.0
random-s0-0025,visibility,event,0.0,100.0,30.0,1,0,1,1,0,0,1,-12.459219016535656,34.718132000923475,-12.459219016535656,20.0
random-s0-0025,visibility,event,50.0,20.0,30.0,1,0,2,2,0,0,2,-12.45921901653577,228.77257063256343,-12.45921901653577,400.00000000000006
random-s0-0025,visibility,event,50.0,100.0,30.0,1,0,1,1,0,0,1,-12.459219016535656,57.261447285984985,-12.459219016535656,20.0
random-s0-0025,visibility,event,150.0,20.0,30.0,1,0,2,2,0,0,2,-15.485468627924917,88.0664969696025,-15.485468627924917,80.0
random-s0-0025,visibility,event,150.0,100.0,30.0,1,0,3,3,0,0,3,-51.123043367585694,208.020742797126,-51.123043367585694,299.9999999999998
random-s0-0026,voronoi,once,0.0,20.0,30.0,1,0,0,0,0,0,0,13.583946087688446,13.583946087688446,30.624749794889567,0.0
random-s0-0026,voronoi,cycle,0.0,20.0,30.0,1,0,3,3,0,2,1,-95.09631920139432,50.8960408225488,-95.09631920139432,600.0000000000002
random-s0-0026,voronoi,cycle,0.0,100.0,30.0,1,0,1,1,0,0,1,-15.632931057009046,20.342419059042385,-15.632931057009046,60.0
random-s0-0026,voronoi,cycle,50.0,20.0,30.0,1,0,1,1,0,1,0,-25.690337685582502,132.78211265991547,-25.690337685582502,240.0
random-s0-0026,voronoi,cycle,50.0,100.0,30.0,1,0,0,0,0,0,0,68.64391772834995,132.78211265991547,68.64391772834995,0.0
random-s0-0026,voronoi,cycle,150.0,20.0,30.0,1,0,0,0,0,0,0,57.55363400669401,132.78211265991547,57.55363400669401,0.0
random-s0-0026,voronoi,cycle,150.0,100.0,30.0,1,0,0,0,0,0,0,83.69387251035346,132.78211265991547,83.69387251035346,0.0
random-s0-0026,voronoi,event,0.0,20.0,30.0,1,0,0,0,0,0,0,32.99949224374495,50.8960408225488,32.99949224374495,0.0
random-s0-0026,voronoi,event,0.0,100.0,30.0,1,0,0,0,0,0,0,20.342419059042385,20.342419059042385,32.999492243744925,0.0
random-s0-0026,voronoi,event,50.0,20.0,30.0,1,0,0,0,0,0,0,41.36153620127806,132.78211265991547,41.36153620127806,0.0
random-s0-0026,voronoi,event,50.0,100.0,30.0,1,0,0,0,0,0,0,41.3615362012776,132.78211265991547,41.3615362012776,0.0
random-s0-0026,voronoi,event,150.0,20.0,30.0,1,0,0,0,0,0,0,58.31138326179169,111.48130081256768,58.31138326179169,0.0
random-s0-0026,voronoi,event,150.0,100.0,30.0,1,0,0,0,0,0,0,81.48088370733211,132.78211265991547,81.48088370733211,0.0
random-s0-0026,prm,once,0.0,20.0,30.0,1,0,0,0,0,0,0,13.583946087688446,13.583946087688446,30.624749794889567,0.0
random-s0-0026,prm,cycle,0.0,20.0,30.0,1,0,0,0,0,0,0,20.593458126282684,60.02682300113349,20.593458126282684,0.0
random-s0-0026,prm,cycle,0.0,100.0,30.0,1,0,0,0,0,0,0,11.74917700811227,13.58394608768819,11.74917700811227,0.0
random-s0-0026,prm,cycle,50.0,20.0,30.0,1,0,0,0,0,0,0,30.239228239085435,132.78211265991547,30.239228239085435,0.0
random-s0-0026,prm,cycle,50.0,100.0,30.0,1,0,0,0,0,0,0,32.87716596332928,132.78211265991547,32.87716596332928,0.0
random-s0-0026,prm,cycle,150.0,20.0,30.0,1,0,0,0,0,0,0,30.22331446727429,132.78211265991547,30.22331446727429,0.0
random-s0-0026,prm,cycle,150.0,100.0,30.0,1,0,0,0,0,0,0,76.1981302807742,132.78211265991547,76.1981302807742,0.0
random-s0-0026,prm,event,0.0,20.0,30.0,1,0,0,0,0,0,0,20.593458126282684,60.02682300113349,20.593458126282684,0.0
random-s0-0026,prm,event,0.0,100.0,30.0,1,0,0,0,0,0,0,11.74917700811227,13.58394608768819,11.74917700811227,0.0
random-s0-0026,prm,event,50.0,20.0,30.0,1,0,0,0,0,0,0,30.239228239085435,132.78211265991547,30.239228239085435,0.0
random-s0-0026,prm,event,50.0,100.0,30.0,1,0,0,0,0,0,0,34.314630831244244,34.314630831244244,76.1981302807742,0.0
random-s0-0026,prm,event,150.0,20.0,30.0,1,0,0,0,0,0,0,30.239228239085435,65.75661787996108,30.239228239085435,0.0
random-s0-0026,prm,event,150.0,100.0,30.0,1,0,0,0,0,0,0,76.1981302807742,132.78211265991547,76.1981302807742,0.0
random-s0-0026,visibility,once,0.0,20.0,30.0,1,0,1,0,1,0,0,-52.89204811095392,-52.89204811095392,30.624749794889567,40.0
random-s0-0026,visibility,cycle,0.0,20.0,30.0,1,0,0,0,0,0,0,13.583946087688702,13.583946087688702,30.41167286047872,0.0
random-s0-0026,visibility,cycle,0.0,100.0,30.0,1,0,0,0,0,0,0,12.60145203555939,12.60145203555939,34.61624550108871,0.0
random-s0-0026,visibility,cycle,50.0,20.0,30.0,1,0,1,0,1,0,0,-112.03444153087068,-112.03444153087068,31.541458918776183,40.0
random-s0-0026,visibility,cycle,50.0,100.0,30.0,1,0,1,0,1,0,0,-52.89204811095392,-52.89204811095392,37.34325115050754,40.0
random-s0-0026,visibility,cycle,150.0,20.0,30.0,1,0,0,0,0,0,0,18.899964101217336,105.78001436518169,18.899964101217336,0.0
random-s0-0026,visibility,cycle,150.0,100.0,30.0,1,0,2,1,1,0,1,-82.52383592454947,-52.89204811095392,-82.52383592454947,120.0
random-s0-0026,visibility,event,0.0,20.0,30.0,1,0,0,0,0,0,0,13.583946087688702,13.583946087688702,30.44013102832289,0.0
random-s0-0026,visibility,event,0.0,100.0,30.0,1,0,0,0,0,0,0,12.60145203555939,12.60145203555939,34.61624550108871,0.0
random-s0-0026,visibility,event,50.0,20.0,30.0,1,0,1,1,0,1,0,-47.66277219664738,132.78211265991547,-47.66277219664738,80.0
random-s0-0026,visibility,event,50.0,100.0,30.0,1,0,1,0,1,0,0,-52.89204811095392,-52.89204811095392,37.34325115050754,40.0
random-s0-0026,visibility,event,150.0,20.0,30.0,1,0,1,0,1,0,0,-88.44539320760668,-88.44539320760668,24.257228588259125,140.0
random-s0-0026,visibility,event,150.0,100.0,30.0,1,0,2,1,1,0,1,-82.52383592454947,-52.89204811095392,-82.52383592454947,120.0
random-s0-0027,voronoi,once,0.0,20.0,30.0,1,0,1,1,0,0,1,-49.552176670388974,8.753018493351021,-49.552176670388974,240.0
random-s0-0027,voronoi,cycle,0.0,20.0,30.0,1,0,0,0,0,0,0,66.13324333701709,151.43674146454384,66.13324333701709,0.0
random-s0-0027,voronoi,cycle,0.0,100.0,30.0,1,0,1,0,1,0,0,-46.74725547167546,-46.74725547167546,55.7826784265109,79.99999999999991
random-s0-0027,voronoi,cycle,50.0,20.0,30.0,1,0,0,0,0,0,0,48.66069948675582,341.15412416689867,48.66069948675582,0.0
random-s0-0027,voronoi,cycle,50.0,100.0,30.0,1,0,0,0,0,0,0,54.88663122595278,251.549717558394,54.88663122595278,0.0
random-s0-0027,voronoi,cycle,150.0,20.0,30.0,1,0,0,0,0,0,0,55.49218851366237,216.58856510407296,55.49218851366237,0.0
random-s0-0027,voronoi,cycle,150.0,100.0,30.0,1,0,0,0,0,0,0,67.03096100238093,142.20093698369783,67.03096100238093,0.0
random-s0-0027,voronoi,event,0.0,20.0,30.0,1,0,0,0,0,0,0,57.682228230927166,268.6837946447793,57.682228230927166,0.0
random-s0-0027,voronoi,event,0.0,100.0,30.0,1,0,1,0,1,0,0,-46.74725547167546,-46.74725547167546,55.7826784265109,79.99999999999991
random-s0-0027,voronoi,event,50.0,20.0,30.0,1,0,0,0,0,0,0,54.87666836784268,325.2935051775752,54.87666836784268,0.0
random-s0-0027,voronoi,event,50.0,100.0,30.0,1,0,0,0,0,0,0,59.60939375736365,279.5587338882338,59.60939375736365,0.0
random-s0-0027,voronoi,event,150.0,20.0,30.0,1,0,0,0,0,0,0,23.545899390712947,238.6501090515394,23.545899390712947,0.0
random-s0-0027,voronoi,event,150.0,100.0,30.0,1,0,0,0,0,0,0,35.448018166315734,499.5090139210813,35.448018166315734,0.0
random-s0-0027,prm,once,0.0,20.0,30.0,1,0,1,0,1,0,0,-147.71223172154328,-147.71223172154328,55.78267842651079,60.0
random-s0-0027,prm,cycle,0.0,20.0,30.0,1,0,0,0,0,0,0,39.614639524720445,73.36081024301376,39.614639524720445,0.0
random-s0-0027,prm,cycle,0.0,100.0,30.0,1,0,0,0,0,0,0,55.7826784265109,119.29587586756162,55.7826784265109,0.0
random-s0-0027,prm,cycle,50.0,20.0,30.0,1,0,0,0,0,0,0,34.121817873121046,147.20690676834835,34.121817873121046,0.0
random-s0-0027,prm,cycle,50.0,100.0,30.0,1,0,0,0,0,0,0,55.7826784265109,152.52792364566898,55.7826784265109,0.0
random-s0-0027,prm,cycle,150.0,20.0,30.0,1,0,1,1,0,1,0,-166.85562911239452,347.6331778335121,-166.85562911239452,500.0000000000001
random-s0-0027,prm,cycle,150.0,100.0,30.0,1,0,1,1,0,1,0,-166.8556291123945,70.4843816009323,-166.8556291123945,500.0000000000001
random-s0-0027,prm,event,0.0,20.0,30.0,1,0,0,0,0,0,0,49.10699062206615,73.36081024301376,49.10699062206615,0.0
random-s0-0027,prm,event,0.0,100.0,30.0,1,0,0,0,0,0,0,55.7826784265109,119.29587586756162,55.7826784265109,0.0
random-s0-0027,prm,event,50.0,20.0,30.0,1,0,0,0,0,0,0,36.46409118996931,72.76142583549316,36.46409118996931,0.0
random-s0-0027,prm,event,50.0,100.0,30.0,1,0,0,0,0,0,0,55.7826784265109,152.93328586157946,55.7826784265109,0.0
random-s0-0027,prm,event,150.0,20.0,30.0,1,0,1,1,0,1,0,-166.85562911239452,130.4378917944673,-166.85562911239452,500.0000000000001
random-s0-0027,prm,event,150.0,100.0,30.0,1,0,1,1,0,1,0,-166.8556291123945,70.4843816009323,-166.8556291123945,500.0000000000001
random-s0-0027,visibility,once,0.0,20.0,30.0,1,0,1,0,1,0,0,-125.88537906926337,-125.88537906926337,50.534531886937486,80.0
random-s0-0027,visibility,cycle,0.0,20.0,30.0,1,0,1,0,1,0,0,-8.359476762868866,-8.359476762868866,30.66248838965689,40.0
random-s0-0027,visibility,cycle,0.0,100.0,30.0,1,0,1,0,1,0,0,-15.261038679277789,-15.261038679277789,45.62238362367438,39.99999999999991
random-s0-0027,visibility,cycle,50.0,20.0,30.0,1,0,0,0,0,0,0,20.679608088187397,20.679608088187397,55.7826784265109,0.0
random-s0-0027,visibility,cycle,50.0,100.0,30.0,1,0,0,0,0,0,0,16.19768962774748,16.19768962774748,43.09241961051342,0.0
random-s0-0027,visibility,cycle,150.0,20.0,30.0,1,0,1,1,0,1,0,-166.85562911239452,31.57775296794432,-166.85562911239452,500.0000000000001
random-s0-0027,visibility,cycle,150.0,100.0,30.0,1,0,1,1,0,1,0,-166.8556291123945,23.414317146657,-166.8556291123945,500.0000000000001
random-s0-0027,visibility,event,0.0,20.0,30.0,1,0,1,0,1,0,0,-5.1132282416796215,-5.1132282416796215,33.91820570821457,40.0
random-s0-0027,visibility,event,0.0,100.0,30.0,1,0,1,0,1,0,0,-15.261038679277789,-15.261038679277789,43.045572378394496,39.99999999999991
random-s0-0027,visibility,event,50.0,20.0,30.0,1,0,0,0,0,0,0,31.79884201246665,31.79884201246665,55.7826784265109,0.0
random-s0-0027,visibility,event,50.0,100.0,30.0,1,0,0,0,0,0,0,55.7826784265109,83.67939486098635,55.7826784265109,0.0
random-s0-0027,visibility,event,150.0,20.0,30.0,1,0,2,1,1,1,0,-166.85562911239452,-125.8853790692634,-166.85562911239452,580.0000000000002
random-s0-0027,visibility,event,150.0,100.0,30.0,1,0,1,1,0,1,0,-166.8556291123945,14.192618341662552,-166.8556291123945,500.0000000000001
random-s0-0028,voronoi,once,0.0,20.0,30.0,1,0,4,2,2,1,1,-174.5199343736658,-113.82202095406306,-174.5199343736658,800.0000000000003
random-s0-0028,voronoi,cycle,0.0,20.0,30.0,1,0,1,1,0,1,0,-175.6756207271649,35.889631091730735,-175.6756207271649,459.9999999999988
random-s0-0028,voronoi,cycle,0.0,100.0,30.0,1,0,1,1,0,1,0,-172.9040719943733,147.855887199917,-172.9040719943733,459.99999999999966
random-s0-0028,voronoi,cycle,50.0,20.0,30.0,1,0,1,1,0,1,0,-176.0493060655649,252.497262849509,-176.0493060655649,459.9999999999984
random-s0-0028,voronoi,cycle,50.0,100.0,30.0,1,0,1,1,0,1,0,-175.30965673244845,113.06419745299485,-175.30965673244845,240.0
random-s0-0028,voronoi,cycle,150.0,20.0,30.0,1,0,1,1,0,1,0,-174.49449295848967,252.23534771548677,-174.49449295848967,380.00000000000006
random-s0-0028,voronoi,cycle,150.0,100.0,30.0,1,0,1,1,0,1,0,-172.54264021670912,264.31731579209713,-172.54264021670912,419.99999999999966
random-s0-0028,voronoi,event,0.0,20.0,30.0,1,0,2,1,1,1,0,-142.69335293377105,-0.4023384322358936,-142.69335293377105,200.0
random-s0-0028,voronoi,event,0.0,100.0,30.0,1,0,1,1,0,1,0,-139.85671792280266,147.4730096767958,-139.85671792280266,160.0
random-s0-0028,voronoi,event,50.0,20.0,30.0,1,0,1,1,0,1,0,-67.01705682205774,82.95141150333114,-67.01705682205774,80.0
random-s0-0028,voronoi,event,50.0,100.0,30.0,1,0,1,1,0,1,0,-175.28600705851142,172.33843983464374,-175.28600705851142,320.0
random-s0-0028,voronoi,event,150.0,20.0,30.0,1,0,1,1,0,1,0,-171.10580684381395,321.38974762407366,-171.10580684381395,459.9999999999988
random-s0-0028,voronoi,event,150.0,100.0,30.0,1,0,0,0,0,0,0,80.56311142092034,264.31731579209713,80.56311142092034,0.0
random-s0-0028,prm,once,0.0,20.0,30.0,1,0,3,1,2,1,0,-174.5199343736658,-113.82202095406306,-174.5199343736658,580.0000000000002
random-s0-0028,prm,cycle,0.0,20.0,30.0,1,0,0,0,0,0,0,57.52617582445762,57.52617582445762,155.7237614065623,0.0
random-s0-0028,prm,cycle,0.0,100.0,30.0,1,0,3,0,3,0,0,-112.17690039063469,-112.17690039063469,119.9975595004376,139.99999999999994
random-s0-0028,prm,cycle,50.0,20.0,30.0,1,0,0,0,0,0,0,31.18934754007566,196.71449166603827,31.18934754007566,0.0
random-s0-0028,prm,cycle,50.0,100.0,30.0,1,0,0,0,0,0,0,13.749573991905493,13.749573991905493,60.36281819401569,0.0
random-s0-0028,prm,cycle,150.0,20.0,30.0,1,0,0,0,0,0,0,102.51537573517425,161.15721098145076,102.51537573517425,0.0
random-s0-0028,prm,cycle,150.0,100.0,30.0,1,0,1,1,0,1,0,-65.98316613617084,252.65296045668555,-65.98316613617084,80.0
random-s0-0028,prm,event,0.0,20.0,30.0,1,0,0,0,0,0,0,34.559426155834814,34.559426155834814,117.06453977462644,0.0
random-s0-0028,prm,event,0.0,100.0,30.0,1,0,3,0,3,0,0,-112.17690039063469,-112.17690039063469,151.68211091224913,139.99999999999994
random-s0-0028,prm,event,50.0,20.0,30.0,1,0,0,0,0,0,0,32.594166134068416,183.8028895369972,32.594166134068416,0.0
random-s0-0028,prm,event,50.0,100.0,30.0,1,0,1,1,0,1,0,-170.0420319866903,66.47350126646532,-170.0420319866903,459.99999999999966
random-s0-0028,prm,event,150.0,20.0,30.0,1,0,1,1,0,1,0,-173.10281565646784,225.2805222459352,-173.10281565646784,459.9999999999984
random-s0-0028,prm,event,150.0,100.0,30.0,1,0,1,1,0,1,0,-171.2949683543021,96.47571368776624,-171.2949683543021,459.99999999999966
random-s0-0028,visibility,once,0.0,20.0,30.0,1,0,3,1,2,1,0,-174.5199343736658,-113.82202095406306,-174.5199343736658,580.0000000000002
random-s0-0028,visibility,cycle,0.0,20.0,30.0,1,0,0,0,0,0,0,45.153743122939744,45.153743122939744,71.389946835248,0.0
random-s0-0028,visibility,cycle,0.0,100.0,30.0,1,0,3,0,3,0,0,-94.9624490106565,-94.9624490106565,81.95371184704999,159.99999999999983
random-s0-0028,visibility,cycle,50.0,20.0,30.0,1,0,0,0,0,0,0,81.95371184704999,299.97794962949183,81.95371184704999,0.0
random-s0-0028,visibility,cycle,50.0,100.0,30.0,1,0,1,0,1,0,0,-147.56135044932765,-147.56135044932765,64.97618719599822,39.99999999999991
random-s0-0028,visibility,cycle,150.0,20.0,30.0,1,0,1,1,0,1,0,-172.55161745594154,53.53616605063874,-172.55161745594154,459.9999999999988
random-s0-0028,visibility,cycle,150.0,100.0,30.0,1,0,1,1,0,1,0,-139.14337784219657,126.20589252647648,-139.14337784219657,160.0
random-s0-0028,visibility,event,0.0,20.0,30.0,1,0,1,0,1,0,0,-118.56716848585648,-118.56716848585648,72.2924390310393,299.99999999999994
random-s0-0028,visibility,event,0.0,100.0,30.0,1,0,3,0,3,0,0,-75.29735522737823,-75.29735522737823,81.95371184704999,139.99999999999983
random-s0-0028,visibility,event,50.0,20.0,30.0,1,0,0,0,0,0,0,81.95371184704999,336.58980238417564,81.95371184704999,0.0
random-s0-0028,visibility,event,50.0,100.0,30.0,1,0,1,0,1,0,0,-147.56135044932765,-147.56135044932765,56.88916510320385,39.99999999999991
random-s0-0028,visibility,event,150.0,20.0,30.0,1,0,1,1,0,1,0,-174.69840263050813,131.12390497405096,-174.69840263050813,459.9999999999984
random-s0-0028,visibility,event,150.0,100.0,30.0,1,0,2,1,1,1,0,-169.7244920123902,-12.089544959873564,-169.7244920123902,499.9999999999997
random-s0-0029,voronoi,once,0.0,20.0,30.0,1,0,3,0,3,0,0,-152.9977472205304,-152.9977472205304,40.93611109113209,2220.0000000000014
random-s0-0029,voronoi,cycle,0.0,20.0,30.0,1,0,0,0,0,0,0,30.097697325966607,562.2394390707768,30.097697325966607,0.0
random-s0-0029,voronoi,cycle,0.0,100.0,30.0,1,0,0,0,0,0,0,35.99094410683844,367.7397241400428,35.99094410683844,0.0
random-s0-0029,voronoi,cycle,50.0,20.0,30.0,1,0,0,0,0,0,0,33.294847409027625,723.1070763967651,33.294847409027625,0.0
random-s0-0029,voronoi,cycle,50.0,100.0,30.0,1,0,0,0,0,0,0,36.80101312452172,541.4558417579626,36.80101312452172,0.0
random-s0-0029,voronoi,cycle,150.0,20.0,30.0,1,0,0,0,0,0,0,31.425660659045235,348.52908763951007,31.425660659045235,0.0
random-s0-0029,voronoi,cycle,150.0,100.0,30.0,1,0,0,0,0,0,0,32.43747394991064,401.08807596810834,32.43747394991064,0.0
random-s0-0029,voronoi,event,0.0,20.0,30.0,1,0,0,0,0,0,0,30.35524445219903,243.0886674597653,30.35524445219903,0.0
random-s0-0029,voronoi,event,0.0,100.0,30.0,1,0,0,0,0,0,0,40.9361110911324,243.0886674597648,40.9361110911324,0.0
random-s0-0029,voronoi,event,50.0,20.0,30.0,1,0,0,0,0,0,0,30.7543868553455,223.36459532903197,30.7543868553455,0.0
random-s0-0029,voronoi,event,50.0,100.0,30.0,1,0,0,0,0,0,0,37.22422887803526,178.66286574564884,37.22422887803526,0.0
random-s0-0029,voronoi,event,150.0,20.0,30.0,1,0,0,0,0,0,0,32.163675758162185,231.20551637371943,32.163675758162185,0.0
random-s0-0029,voronoi,event,150.0,100.0,30.0,1,0,0,0,0,0,0,32.43761545835497,318.1494576825331,32.43761545835497,0.0
random-s0-0029,prm,once,0.0,20.0,30.0,1,0,0,0,0,0,0,29.625396080256422,1029.6939588216678,29.625396080256422,0.0
random-s0-0029,prm,cycle,0.0,20.0,30.0,1,0,0,0,0,0,0,30.17335763152224,869.3547616576102,30.17335763152224,0.0
random-s0-0029,prm,cycle,0.0,100.0,30.0,1,0,0,0,0,0,0,34.8172728324663,864.3847274300927,34.8172728324663,0.0
random-s0-0029,prm,cycle,50.0,20.0,30.0,1,0,0,0,0,0,0,30.16833875213547,350.9912179813135,30.16833875213547,0.0
random-s0-0029,prm,cycle,50.0,100.0,30.0,1,0,0,0,0,0,0,38.63124581332971,404.594849306066,38.63124581332971,0.0
random-s0-0029,prm,cycle,150.0,20.0,30.0,1,0,0,0,0,0,0,30.54561201624813,644.9772822502407,30.54561201624813,0.0
random-s0-0029,prm,cycle,150.0,100.0,30.0,1,0,0,0,0,0,0,31.951306046627565,617.750579731447,31.951306046627565,0.0
random-s0-0029,prm,event,0.0,20.0,30.0,1,0,0,0,0,0,0,31.3829060111035,144.3498005407008,31.3829060111035,0.0
random-s0-0029,prm,event,0.0,100.0,30.0,1,0,0,0,0,0,0,31.96030053106469,172.42992446084833,31.96030053106469,0.0
random-s0-0029,prm,event,50.0,20.0,30.0,1,0,0,0,0,0,0,30.49584975575081,653.4241550718689,30.49584975575081,0.0
random-s0-0029,prm,event,50.0,100.0,30.0,1,0,1,1,0,1,0,-1.509723685484289,107.3103477200097,-1.509723685484289,80.0
random-s0-0029,prm,event,150.0,20.0,30.0,1,0,0,0,0,0,0,30.511602313720203,509.7939970736294,30.511602313720203,0.0
random-s0-0029,prm,event,150.0,100.0,30.0,1,0,0,0,0,0,0,30.519808702460864,464.7325506472554,30.519808702460864,0.0
random-s0-0029,visibility,once,0.0,20.0,30.0,1,0,0,0,0,0,0,25.265733957025983,669.3333855404398,25.265733957025983,0.0
random-s0-0029,visibility,cycle,0.0,20.0,30.0,1,0,0,0,0,0,0,21.879559959577197,572.3082861807654,21.879559959577197,0.0
random-s0-0029,visibility,cycle,0.0,100.0,30.0,1,0,0,0,0,0,0,22.04754006026502,579.2162233605305,22.04754006026502,0.0
random-s0-0029,visibility,cycle,50.0,20.0,30.0,1,0,0,0,0,0,0,22.100189959855527,586.253838021792,22.100189959855527,0.0
random-s0-0029,visibility,cycle,50.0,100.0,30.0,1,0,0,0,0,0,0,22.04754006026502,579.2162233605305,22.04754006026502,0.0
random-s0-0029,visibility,cycle,150.0,20.0,30.0,1,0,0,0,0,0,0,5.707676150568915,313.7938353178667,5.707676150568915,0.0
random-s0-0029,visibility,cycle,150.0,100.0,30.0,1,0,0,0,0,0,0,15.797580391253774,481.3610131975439,15.797580391253774,0.0
random-s0-0029,visibility,event,0.0,20.0,30.0,1,0,0,0,0,0,0,25.265733957025983,669.3333855404397,25.265733957025983,0.0
random-s0-0029,visibility,event,0.0,100.0,30.0,1,0,0,0,0,0,0,25.265733957025983,669.3333855404397,25.265733957025983,0.0
random-s0-0029,visibility,event,50.0,20.0,30.0,1,0,0,0,0,0,0,28.63816042212801,779.0943869447062,28.63816042212801,0.0
random-s0-0029,visibility,event,50.0,100.0,30.0,1,0,0,0,0,0,0,25.265733957025983,669.3333855404397,25.265733957025983,0.0
random-s0-0029,visibility,event,150.0,20.0,30.0,1,0,0,0,0,0,0,6.007827861676958,621.5724725681442,6.007827861676958,0.0
random-s0-0029,visibility,event,150.0,100.0,30.0,1,0,1,1,0,0,1,-9.542120046712997,484.9068272217992,-9.542120046712997,340.0
random-s0-0030,voronoi,once,0.0,20.0,30.0,1,0,0,0,0,0,0,120.65948384191633,482.71112491975794,120.65948384191633,0.0
random-s0-0030,voronoi,cycle,0.0,20.0,30.0,1,0,0,0,0,0,0,126.81866846764,482.71112491975794,126.81866846764,0.0
random-s0-0030,voronoi,cycle,0.0,100.0,30.0,1,0,0,0,0,0,0,138.89340190868342,482.71112491975794,138.89340190868342,0.0
random-s0-0030,voronoi,cycle,50.0,20.0,30.0,1,0,0,0,0,0,0,130.79236277294547,482.71112491975794,130.79236277294547,0.0
random-s0-0030,voronoi,cycle,50.0,100.0,30.0,1,0,0,0,0,0,0,120.65948384191609,482.71112491975794,120.65948384191609,0.0
random-s0-0030,voronoi,cycle,150.0,20.0,30.0,1,0,0,0,0,0,0,131.2882178572968,482.351598836716,131.2882178572968,0.0
random-s0-0030,voronoi,cycle,150.0,100.0,30.0,1,0,0,0,0,0,0,127.7612437549924,482.71112491975794,127.7612437549924,0.0
random-s0-0030,voronoi,event,0.0,20.0,30.0,1,0,0,0,0,0,0,132.70772064900626,482.71112491975794,132.70772064900626,0.0
random-s0-0030,voronoi,event,0.0,100.0,30.0,1,0,0,0,0,0,0,138.89340190868342,482.71112491975794,138.89340190868342,0.0
random-s0-0030,voronoi,event,50.0,20.0,30.0,1,0,0,0,0,0,0,130.79236277294547,482.71112491975794,130.79236277294547,0.0
random-s0-0030,voronoi,event,50.0,100.0,30.0,1,0,0,0,0,0,0,120.65948384191609,482.71112491975794,120.65948384191609,0.0
random-s0-0030,voronoi,event,150.0,20.0,30.0,1,0,0,0,0,0,0,103.63169149284408,482.351598836716,103.63169149284408,0.0
random-s0-0030,voronoi,event,150.0,100.0,30.0,1,0,0,0,0,0,0,103.63169149284408,482.71112491975794,103.63169149284408,0.0
random-s0-0030,prm,once,0.0,20.0,30.0,1,0,0,0,0,0,0,120.65948384191633,482.71112491975794,120.65948384191633,0.0
random-s0-0030,prm,cycle,0.0,20.0,30.0,1,0,0,0,0,0,0,142.26102045410613,482.71112491975794,142.26102045410613,0.0
random-s0-0030,prm,cycle,0.0,100.0,30.0,1,0,0,0,0,0,0,120.65948384191609,482.71112491975794,120.65948384191609,0.0
random-s0-0030,prm,cycle,50.0,20.0,30.0,1,0,0,0,0,0,0,120.65948384191633,482.71112491975794,120.65948384191633,0.0
random-s0-0030,prm,cycle,50.0,100.0,30.0,1,0,0,0,0,0,0,120.65948384191609,482.71112491975794,120.65948384191609,0.0
random-s0-0030,prm,cycle,150.0,20.0,30.0,1,0,0,0,0,0,0,51.2379019808605,482.71112491975794,51.2379019808605,0.0
random-s0-0030,prm,cycle,150.0,100.0,30.0,1,0,0,0,0,0,0,52.03607409430231,482.71112491975794,52.03607409430231,0.0
random-s0-0030,prm,event,0.0,20.0,30.0,1,0,0,0,0,0,0,142.26102045410613,482.71112491975794,142.26102045410613,0.0
random-s0-0030,prm,event,0.0,100.0,30.0,1,0,0,0,0,0,0,120.65948384191609,482.71112491975794,120.65948384191609,0.0
random-s0-0030,prm,event,50.0,20.0,30.0,1,0,0,0,0,0,0,120.65948384191633,482.71112491975794,120.65948384191633,0.0
random-s0-0030,prm,event,50.0,100.0,30.0,1,0,0,0,0,0,0,120.65948384191609,482.71112491975794,120.65948384191609,0.0
random-s0-0030,prm,event,150.0,20.0,30.0,1,0,0,0,0,0,0,97.51447076327788,482.71112491975794,97.51447076327788,0.0
random-s0-0030,prm,event,150.0,100.0,30.0,1,0,0,0,0,0,0,69.54770650257606,482.71112491975794,69.54770650257606,0.0
random-s0-0030,visibility,once,0.0,20.0,30.0,1,0,0,0,0,0,0,120.65948384191633,482.71112491975794,120.65948384191633,0.0
random-s0-0030,visibility,cycle,0.0,20.0,30.0,1,0,0,0,0,0,0,120.2418700853035,482.71112491975794,120.2418700853035,0.0
random-s0-0030,visibility,cycle,0.0,100.0,30.0,1,0,0,0,0,0,0,120.65948384191609,482.71112491975794,120.65948384191609,0.0
random-s0-0030,visibility,cycle,50.0,20.0,30.0,1,0,0,0,0,0,0,120.65948384191633,482.71112491975794,120.65948384191633,0.0
random-s0-0030,visibility,cycle,50.0,100.0,30.0,1,0,0,0,0,0,0,120.65948384191609,482.71112491975794,120.65948384191609,0.0
random-s0-0030,visibility,cycle,150.0,20.0,30.0,1,0,0,0,0,0,0,120.65948384191633,482.71112491975794,120.65948384191633,0.0
random-s0-0030,visibility,cycle,150.0,100.0,30.0,1,0,0,0,0,0,0,120.65948384191609,482.71112491975794,120.65948384191609,0.0
random-s0-0030,visibility,event,0.0,20.0,30.0,1,0,0,0,0,0,0,120.2418700853035,482.71112491975794,120.2418700853035,0.0
random-s0-0030,visibility,event,0.0,100.0,30.0,1,0,0,0,0,0,0,120.65948384191609,482.71112491975794,120.65948384191609,0.0
random-s0-0030,visibility,event,50.0,20.0,30.0,1,0,0,0,0,0,0,120.65948384191633,482.71112491975794,120.65948384191633,0.0
random-s0-0030,visibility,event,50.0,100.0,30.0,1,0,0,0,0,0,0,120.65948384191609,482.71112491975794,120.65948384191609,0.0
random-s0-0030,visibility,event,150.0,20.0,30.0,1,0,0,0,0,0,0,120.65948384191633,482.71112491975794,120.65948384191633,0.0
random-s0-0030,visibility,event,150.0,100.0,30.0,1,0,0,0,0,0,0,120.65948384191609,482.71112491975794,120.65948384191609,0.0
random-s0-0031,voronoi,once,0.0,20.0,30.0,1,0,1,1,0,0,1,-30.52035487824372,120.26251868246815,-30.52035487824372,160.0
random-s0-0031,voronoi,cycle,0.0,20.0,30.0,1,0,1,0,1,0,0,-2.499057740088574,-2.499057740088574,28.224381758602192,20.0
random-s0-0031,voronoi,cycle,0.0,100.0,30.0,1,0,1,0,1,0,0,-8.369386478603445,-8.369386478603445,36.25402690567327,40.0
random-s0-0031,voronoi,cycle,50.0,20.0,30.0,1,0,0,0,0,0,0,14.61155793643556,35.266778710364804,14.61155793643556,0.0
random-s0-0031,voronoi,cycle,50.0,100.0,30.0,1,0,1,1,0,1,0,-87.40278669025707,63.85857522339049,-87.40278669025707,459.9999999999999
random-s0-0031,voronoi,cycle,150.0,20.0,30.0,1,0,0,0,0,0,0,35.44420732225024,35.44420732225024,35.76709478531768,0.0
random-s0-0031,voronoi,cycle,150.0,100.0,30.0,1,0,0,0,0,0,0,39.85247025339049,258.92547963108706,39.85247025339049,0.0
random-s0-0031,voronoi,event,0.0,20.0,30.0,1,0,0,0,0,0,0,7.055958241527264,7.055958241527264,42.05124119752034,0.0
random-s0-0031,voronoi,event,0.0,100.0,30.0,1,0,0,0,0,0,0,27.01971805424111,27.01971805424111,37.90035479738023,0.0
random-s0-0031,voronoi,event,50.0,20.0,30.0,1,0,0,0,0,0,0,39.61104390112666,39.61104390112666,40.556251600536825,0.0
random-s0-0031,voronoi,event,50.0,100.0,30.0,1,0,1,1,0,1,0,-87.40278669025707,100.1810934328073,-87.40278669025707,459.9999999999999
random-s0-0031,voronoi,event,150.0,20.0,30.0,1,0,0,0,0,0,0,36.63231457735378,189.2763702391384,36.63231457735378,0.0
random-s0-0031,voronoi,event,150.0,100.0,30.0,1,0,0,0,0,0,0,31.83606877151908,248.50906280822332,31.83606877151908,0.0
random-s0-0031,prm,once,0.0,20.0,30.0,1,0,6,2,4,0,2,-102.3615858728277,-102.3615858728277,-30.52035487824372,1300.000000000001
random-s0-0031,prm,cycle,0.0,20.0,30.0,1,0,1,1,0,0,1,-4.10514877634651,27.578207483591516,-4.10514877634651,60.0
random-s0-0031,prm,cycle,0.0,100.0,30.0,1,0,1,1,0,0,1,-9.822701288049302,38.29327789535074,-9.822701288049302,80.0
random-s0-0031,prm,cycle,50.0,20.0,30.0,1,0,0,0,0,0,0,15.119775926099097,31.58583715564029,15.119775926099097,0.0
random-s0-0031,prm,cycle,50.0,100.0,30.0,1,0,0,0,0,0,0,7.291870517004355,43.62714281907557,7.291870517004355,0.0
random-s0-0031,prm,cycle,150.0,20.0,30.0,1,0,1,1,0,0,1,-37.227497395481805,33.66537235969818,-37.227497395481805,160.0
random-s0-0031,prm,cycle,150.0,100.0,30.0,1,0,1,1,0,0,1,-5.524979913264701,45.24823100688087,-5.524979913264701,60.0
random-s0-0031,prm,event,0.0,20.0,30.0,1,0,1,1,0,0,1,-4.10514877634651,73.8941593340111,-4.10514877634651,60.0
random-s0-0031,prm,event,0.0,100.0,30.0,1,0,1,1,0,0,1,-9.822701288049302,46.767850278929785,-9.822701288049302,80.0
random-s0-0031,prm,event,50.0,20.0,30.0,1,0,0,0,0,0,0,16.390540202046623,40.29899372150524,16.390540202046623,0.0
random-s0-0031,prm,event,50.0,100.0,30.0,1,0,0,0,0,0,0,36.007089091934546,66.10653257428027,36.007089091934546,0.0
random-s0-0031,prm,event,150.0,20.0,30.0,1,0,1,1,0,0,1,-26.74312077587703,325.9367634405579,-26.74312077587703,120.0
random-s0-0031,prm,event,150.0,100.0,30.0,1,0,1,1,0,0,1,-5.524979913264701,106.49838352667255,-5.524979913264701,60.0
random-s0-0031,visibility,once,0.0,20.0,30.0,1,0,3,1,2,0,1,-146.05852861045878,-146.05852861045878,-30.52035487824372,660.0000000000002
random-s0-0031,visibility,cycle,0.0,20.0,30.0,1,0,1,1,0,0,1,-30.52035487824372,82.83456517702729,-30.52035487824372,160.0
random-s0-0031,visibility,cycle,0.0,100.0,30.0,1,0,1,1,0,0,1,-30.52035487824412,55.55034532635926,-30.52035487824412,160.0
random-s0-0031,visibility,cycle,50.0,20.0,30.0,1,0,1,1,0,0,1,-30.52035487824372,119.87216535273916,-30.52035487824372,160.0
random-s0-0031,visibility,cycle,50.0,100.0,30.0,1,0,1,0,1,0,0,-7.918016000736543,-7.918016000736543,36.33408948815165,100.0
random-s0-0031,visibility,cycle,150.0,20.0,30.0,1,0,2,1,1,0,1,-39.47116593948076,-39.47116593948076,-22.743521607725995,780.0000000000003
random-s0-0031,visibility,cycle,150.0,100.0,30.0,1,0,2,1,1,0,1,-41.75406454542664,-41.75406454542664,-22.40906042013916,720.0000000000003
random-s0-0031,visibility,event,0.0,20.0,30.0,1,0,1,1,0,0,1,-30.52035487824372,82.83456517702729,-30.52035487824372,160.0
random-s0-0031,visibility,event,0.0,100.0,30.0,1,0,1,1,0,0,1,-30.52035487824412,55.55034532635926,-30.52035487824412,160.0
random-s0-0031,visibility,event,50.0,20.0,30.0,1,0,1,1,0,0,1,-30.52035487824372,124.44208033712334,-30.52035487824372,160.0
random-s0-0031,visibility,event,50.0,100.0,30.0,1,0,2,0,2,0,0,-15.388143352057623,-15.388143352057623,36.33408948815165,360.00000000000006
random-s0-0031,visibility,event,150.0,20.0,30.0,1,0,2,0,2,0,0,-10.269094965351968,-10.269094965351968,30.603056194595524,139.99999999999702
random-s0-0031,visibility,event,150.0,100.0,30.0,1,0,0,0,0,0,0,22.23671819183329,38.250031143159504,22.23671819183329,0.0
random-s0-0032,voronoi,once,0.0,20.0,30.0,1,0,1,0,1,0,0,-35.71535670354936,-35.71535670354936,38.37386034518909,60.0
random-s0-0032,voronoi,cycle,0.0,20.0,30.0,1,0,0,0,0,0,0,17.351111836196793,17.351111836196793,38.37386034518889,0.0
random-s0-0032,voronoi,cycle,0.0,100.0,30.0,1,0,0,0,0,0,0,38.37386034518892,74.7354312649077,38.37386034518892,0.0
random-s0-0032,voronoi,cycle,50.0,20.0,30.0,1,0,0,0,0,0,0,32.56117275894107,32.56117275894107,38.37386034518889,0.0
random-s0-0032,voronoi,cycle,50.0,100.0,30.0,1,0,0,0,0,0,0,38.37386034518892,68.74402189644746,38.37386034518892,0.0
random-s0-0032,voronoi,cycle,150.0,20.0,30.0,1,0,0,0,0,0,0,33.94219465785059,35.115951511910055,33.94219465785059,0.0
random-s0-0032,voronoi,cycle,150.0,100.0,30.0,1,0,0,0,0,0,0,111.47678582811324,142.97552975715342,111.47678582811324,0.0
random-s0-0032,voronoi,event,0.0,20.0,30.0,1,0,0,0,0,0,0,29.778930433116106,29.778930433116106,38.37386034518889,0.0
random-s0-0032,voronoi,event,0.0,100.0,30.0,1,0,0,0,0,0,0,38.37386034518892,48.00878059231118,38.37386034518892,0.0
random-s0-0032,voronoi,event,50.0,20.0,30.0,1,0,0,0,0,0,0,38.37386034518889,83.60807407440973,38.37386034518889,0.0
random-s0-0032,voronoi,event,50.0,100.0,30.0,1,0,0,0,0,0,0,34.59246550226064,34.59246550226064,38.37386034518892,0.0
random-s0-0032,voronoi,event,150.0,20.0,30.0,1,0,0,0,0,0,0,35.153603859733266,104.11699805114944,35.153603859733266,0.0
random-s0-0032,voronoi,event,150.0,100.0,30.0,1,0,0,0,0,0,0,51.87010998076804,51.87010998076804,78.66752499901497,0.0
random-s0-0032,prm,once,0.0,20.0,30.0,1,0,2,0,2,0,0,-63.14424302924222,-63.14424302924222,38.37386034518909,160.0
random-s0-0032,prm,cycle,0.0,20.0,30.0,1,0,0,0,0,0,0,38.37386034518889,162.7897820406398,38.37386034518889,0.0
random-s0-0032,prm,cycle,0.0,100.0,30.0,1,0,0,0,0,0,0,38.37386034518892,139.8364602855794,38.37386034518892,0.0
random-s0-0032,prm,cycle,50.0,20.0,30.0,1,0,0,0,0,0,0,31.75461516606589,70.30295474366358,31.75461516606589,0.0
random-s0-0032,prm,cycle,50.0,100.0,30.0,1,0,0,0,0,0,0,44.36894493741161,276.02842285611325,44.36894493741161,0.0
random-s0-0032,prm,cycle,150.0,20.0,30.0,1,0,0,0,0,0,0,33.19881736278825,91.5610997604236,33.19881736278825,0.0
random-s0-0032,prm,cycle,150.0,100.0,30.0,1,0,0,0,0,0,0,47.52382511224755,115.00349332509415,47.52382511224755,0.0
random-s0-0032,prm,event,0.0,20.0,30.0,1,0,0,0,0,0,0,38.55924326178712,97.08848823049932,38.55924326178712,0.0
random-s0-0032,prm,event,0.0,100.0,30.0,1,0,0,0,0,0,0,21.00892652330228,21.00892652330228,37.013663556143655,0.0
random-s0-0032,prm,event,50.0,20.0,30.0,1,0,0,0,0,0,0,34.24547089798244,147.90066539288324,34.24547089798244,0.0
random-s0-0032,prm,event,50.0,100.0,30.0,1,0,0,0,0,0,0,44.36894493741161,151.6897831352453,44.36894493741161,0.0
random-s0-0032,prm,event,150.0,20.0,30.0,1,0,0,0,0,0,0,30.77809777459092,228.7195450968822,30.77809777459092,0.0
random-s0-0032,prm,event,150.0,100.0,30.0,1,0,0,0,0,0,0,107.98760281880756,107.98760281880756,120.21511138076676,0.0
random-s0-0032,visibility,once,0.0,20.0,30.0,1,0,1,0,1,0,0,-35.71535670354936,-35.71535670354936,38.37386034518909,60.0
random-s0-0032,visibility,cycle,0.0,20.0,30.0,1,0,0,0,0,0,0,38.37386034518889,74.38912879114005,38.37386034518889,0.0
random-s0-0032,visibility,cycle,0.0,100.0,30.0,1,0,0,0,0,0,0,35.47368611980204,116.15461745684672,35.47368611980204,0.0
random-s0-0032,visibility,cycle,50.0,20.0,30.0,1,0,0,0,0,0,0,38.37386034518889,201.27694934706767,38.37386034518889,0.0
random-s0-0032,visibility,cycle,50.0,100.0,30.0,1,0,0,0,0,0,0,38.37386034518892,173.08300428107094,38.37386034518892,0.0
random-s0-0032,visibility,cycle,150.0,20.0,30.0,1,0,0,0,0,0,0,30.053339611124613,30.053339611124613,38.37386034518889,0.0
random-s0-0032,visibility,cycle,150.0,100.0,30.0,1,0,0,0,0,0,0,30.766876055952903,30.766876055952903,38.37386034518892,0.0
random-s0-0032,visibility,event,0.0,20.0,30.0,1,0,0,0,0,0,0,38.37386034518889,75.61216015019582,38.37386034518889,0.0
random-s0-0032,visibility,event,0.0,100.0,30.0,1,0,0,0,0,0,0,35.47368611980204,103.1014515915137,35.47368611980204,0.0
random-s0-0032,visibility,event,50.0,20.0,30.0,1,0,1,0,1,0,0,-46.172362865976254,-46.172362865976254,31.84745398152134,240.0
random-s0-0032,visibility,event,50.0,100.0,30.0,1,0,0,0,0,0,0,0.2045975444154635,0.2045975444154635,38.37386034518892,0.0
random-s0-0032,visibility,event,150.0,20.0,30.0,1,0,0,0,0,0,0,30.597834906527112,30.597834906527112,38.37386034518889,0.0
random-s0-0032,visibility,event,150.0,100.0,30.0,1,0,1,0,1,0,0,-21.295332491003336,-21.295332491003336,38.37386034518892,40.0
random-s0-0033,voronoi,once,0.0,20.0,30.0,1,0,1,0,1,0,0,-155.86592875995558,-155.86592875995558,286.89356233198265,600.0000000000002
random-s0-0033,voronoi,cycle,0.0,20.0,30.0,1,0,0,0,0,0,0,30.385237553705,30.385237553705,286.89356233198265,0.0
random-s0-0033,voronoi,cycle,0.0,100.0,30.0,1,0,1,0,1,0,0,-11.539535520551652,-11.539535520551652,286.89356233198265,20.0
random-s0-0033,voronoi,cycle,50.0,20.0,30.0,1,0,0,0,0,0,0,132.1161667309973,132.1161667309973,286.89356233198265,0.0
random-s0-0033,voronoi,cycle,50.0,100.0,30.0,1,0,0,0,0,0,0,101.12208803877974,101.12208803877974,286.89356233198265,0.0
random-s0-0033,voronoi,cycle,150.0,20.0,30.0,1,0,0,0,0,0,0,108.21269447477522,108.21269447477522,286.89356233198265,0.0
random-s0-0033,voronoi,cycle,150.0,100.0,30.0,1,0,0,0,0,0,0,115.73983155984688,115.73983155984688,286.89356233198265,0.0
random-s0-0033,voronoi,event,0.0,20.0,30.0,1,0,0,0,0,0,0,30.385237553705,30.385237553705,286.89356233198265,0.0
random-s0-0033,voronoi,event,0.0,100.0,30.0,1,0,1,0,1,0,0,-11.539535520551652,-11.539535520551652,286.89356233198265,20.0
random-s0-0033,voronoi,event,50.0,20.0,30.0,1,0,0,0,0,0,0,72.11968456055945,72.11968456055945,286.89356233198265,0.0
random-s0-0033,voronoi,event,50.0,100.0,30.0,1,0,0,0,0,0,0,101.12208803877974,101.12208803877974,286.89356233198265,0.0
random-s0-0033,voronoi,event,150.0,20.0,30.0,1,0,0,0,0,0,0,72.39389266592852,72.39389266592852,102.71477301878826,0.0
random-s0-0033,voronoi,event,150.0,100.0,30.0,1,0,0,0,0,0,0,79.43892570454,79.43892570454,80.43449321355956,0.0
random-s0-0033,prm,once,0.0,20.0,30.0,1,0,1,0,1,0,0,-155.86592875995558,-155.86592875995558,286.89356233198265,600.0000000000002
random-s0-0033,prm,cycle,0.0,20.0,30.0,1,0,0,0,0,0,0,30.617329421807,31.0004607974671,30.617329421807,0.0
random-s0-0033,prm,cycle,0.0,100.0,30.0,1,0,1,0,1,0,0,-155.8659287599556,-155.8659287599556,286.89356233198265,599.9999999999997
random-s0-0033,prm,cycle,50.0,20.0,30.0,1,0,0,0,0,0,0,30.92889878536039,30.92889878536039,33.050614811302125,0.0
random-s0-0033,prm,cycle,50.0,100.0,30.0,1,0,0,0,0,0,0,31.56714203463852,31.56714203463852,35.54152765221781,0.0
random-s0-0033,prm,cycle,150.0,20.0,30.0,1,0,0,0,0,0,0,30.348336030775695,31.072586500817096,30.348336030775695,0.0
random-s0-0033,prm,cycle,150.0,100.0,30.0,1,0,0,0,0,0,0,164.2531901179599,164.2531901179599,230.39350546956587,0.0
random-s0-0033,prm,event,0.0,20.0,30.0,1,0,0,0,0,0,0,33.78452377467747,33.78452377467747,157.95345672916417,0.0
random-s0-0033,prm,event,0.0,100.0,30.0,1,0,1,0,1,0,0,-155.8659287599556,-155.8659287599556,286.89356233198265,599.9999999999997
random-s0-0033,prm,event,50.0,20.0,30.0,1,0,0,0,0,0,0,33.771902248546496,33.771902248546496,180.80555221916205,0.0
random-s0-0033,prm,event,50.0,100.0,30.0,1,0,0,0,0,0,0,57.59920121558196,57.59920121558196,150.21118117631386,0.0
random-s0-0033,prm,event,150.0,20.0,30.0,1,0,0,0,0,0,0,73.61446014604354,73.61446014604354,174.4055315816969,0.0
random-s0-0033,prm,event,150.0,100.0,30.0,1,0,0,0,0,0,0,180.33302410127112,180.33302410127112,230.39350546956587,0.0
random-s0-0033,visibility,once,0.0,20.0,30.0,1,0,1,0,1,0,0,-155.86592875995558,-155.86592875995558,286.89356233198265,600.0000000000002
random-s0-0033,visibility,cycle,0.0,20.0,30.0,1,0,0,0,0,0,0,52.71805742100011,52.71805742100011,286.89356233198265,0.0
random-s0-0033,visibility,cycle,0.0,100.0,30.0,1,0,1,0,1,0,0,-155.8659287599556,-155.8659287599556,286.89356233198265,599.9999999999997
random-s0-0033,visibility,cycle,50.0,20.0,30.0,1,0,0,0,0,0,0,93.22434710437216,93.22434710437216,286.89356233198265,0.0
random-s0-0033,visibility,cycle,50.0,100.0,30.0,1,0,0,0,0,0,0,101.33381710192862,101.33381710192862,286.89356233198265,0.0
random-s0-0033,visibility,cycle,150.0,20.0,30.0,1,0,0,0,0,0,0,109.17432205140544,109.17432205140544,283.3448268783692,0.0
random-s0-0033,visibility,cycle,150.0,100.0,30.0,1,0,0,0,0,0,0,97.98599572071583,97.98599572071583,286.89356233198265,0.0
random-s0-0033,visibility,event,0.0,20.0,30.0,1,0,0,0,0,0,0,52.71805742100011,52.71805742100011,286.89356233198265,0.0
random-s0-0033,visibility,event,0.0,100.0,30.0,1,0,1,0,1,0,0,-155.8659287599556,-155.8659287599556,286.89356233198265,599.9999999999997
random-s0-0033,visibility,event,50.0,20.0,30.0,1,0,0,0,0,0,0,95.9605222525567,95.9605222525567,286.89356233198265,0.0
random-s0-0033,visibility,event,50.0,100.0,30.0,1,0,0,0,0,0,0,100.95460925065488,100.95460925065488,286.89356233198265,0.0
random-s0-0033,visibility,event,150.0,20.0,30.0,1,0,0,0,0,0,0,29.598768252852693,29.598768252852693,283.3448268783692,0.0
random-s0-0033,visibility,event,150.0,100.0,30.0,1,0,0,0,0,0,0,34.48329345181918,34.48329345181918,286.89356233198265,0.0
random-s0-0034,voronoi,once,0.0,20.0,30.0,1,0,0,0,0,0,0,243.81147066177695,455.85004906405857,243.81147066177695,0.0
random-s0-0034,voronoi,cycle,0.0,20.0,30.0,1,0,1,1,0,1,0,-3.777709372387904,230.80106335139152,-3.777709372387904,279.99999999999403
random-s0-0034,voronoi,cycle,0.0,100.0,30.0,1,0,1,1,0,1,0,-30.37193093635028,361.6996861328562,-30.37193093635028,400.00000000000006
random-s0-0034,voronoi,cycle,50.0,20.0,30.0,1,0,0,0,0,0,0,31.98066213420356,343.828877970917,31.98066213420356,0.0
random-s0-0034,voronoi,cycle,50.0,100.0,30.0,1,0,1,1,0,1,0,-3.7201222131621137,365.2814873904196,-3.7201222131621137,200.0
random-s0-0034,voronoi,cycle,150.0,20.0,30.0,1,0,0,0,0,0,0,33.93744249915915,343.4590890443641,33.93744249915915,0.0
random-s0-0034,voronoi,cycle,150.0,100.0,30.0,1,0,0,0,0,0,0,32.46498615840207,495.2338531030455,32.46498615840207,0.0
random-s0-0034,voronoi,event,0.0,20.0,30.0,1,0,0,0,0,0,0,42.09447973063829,491.2158884830594,42.09447973063829,0.0
random-s0-0034,voronoi,event,0.0,100.0,30.0,1,0,0,0,0,0,0,42.09447973063979,524.3658114893132,42.09447973063979,0.0
random-s0-0034,voronoi,event,50.0,20.0,30.0,1,0,0,0,0,0,0,66.89121912391664,534.0149021982874,66.89121912391664,0.0
random-s0-0034,voronoi,event,50.0,100.0,30.0,1,0,0,0,0,0,0,32.3135557565995,537.6862240168044,32.3135557565995,0.0
random-s0-0034,voronoi,event,150.0,20.0,30.0,1,0,0,0,0,0,0,32.30321840029649,299.52414757917643,32.30321840029649,0.0
random-s0-0034,voronoi,event,150.0,100.0,30.0,1,0,0,0,0,0,0,51.10840066710992,550.576527633097,51.10840066710992,0.0
random-s0-0034,prm,once,0.0,20.0,30.0,1,0,1,1,0,0,1,-42.248080168005,643.0293538123003,-42.248080168005,259.99999999999994
random-s0-0034,prm,cycle,0.0,20.0,30.0,1,0,0,0,0,0,0,32.70428299844724,646.7115571309675,32.70428299844724,0.0
random-s0-0034,prm,cycle,0.0,100.0,30.0,1,0,0,0,0,0,0,43.01028400989264,646.7992868159758,43.01028400989264,0.0
random-s0-0034,prm,cycle,50.0,20.0,30.0,1,0,0,0,0,0,0,37.641506252645854,648.5049881070133,37.641506252645854,0.0
random-s0-0034,prm,cycle,50.0,100.0,30.0,1,0,0,0,0,0,0,52.643140134905536,648.7613529156249,52.643140134905536,0.0
random-s0-0034,prm,cycle,150.0,20.0,30.0,1,0,0,0,0,0,0,40.976050485501645,648.5300936451922,40.976050485501645,0.0
random-s0-0034,prm,cycle,150.0,100.0,30.0,1,0,0,0,0,0,0,36.89068973592282,645.5433384946074,36.89068973592282,0.0
random-s0-0034,prm,event,0.0,20.0,30.0,1,0,1,1,0,1,0,-163.1912076339416,574.2052046572661,-163.1912076339416,499.9999999999893
random-s0-0034,prm,event,0.0,100.0,30.0,1,0,0,0,0,0,0,30.77422810413472,648.2371542002688,30.77422810413472,0.0
random-s0-0034,prm,event,50.0,20.0,30.0,1,0,1,1,0,1,0,-163.1912076339416,648.5049881070133,-163.1912076339416,499.9999999999893
random-s0-0034,prm,event,50.0,100.0,30.0,1,0,0,0,0,0,0,59.12300000543206,648.7613529156249,59.12300000543206,0.0
random-s0-0034,prm,event,150.0,20.0,30.0,1,0,0,0,0,0,0,30.982987571078127,647.5115331854284,30.982987571078127,0.0
random-s0-0034,prm,event,150.0,100.0,30.0,1,0,0,0,0,0,0,30.928098286606115,625.1459419626457,30.928098286606115,0.0
random-s0-0034,visibility,once,0.0,20.0,30.0,1,0,0,0,0,0,0,37.926539346447385,647.2064408388912,37.926539346447385,0.0
random-s0-0034,visibility,cycle,0.0,20.0,30.0,1,0,0,0,0,0,0,30.645475697484382,647.2083758725737,30.645475697484382,0.0
random-s0-0034,visibility,cycle,0.0,100.0,30.0,1,0,0,0,0,0,0,32.2958632469454,647.242741110493,32.2958632469454,0.0
random-s0-0034,visibility,cycle,50.0,20.0,30.0,1,0,0,0,0,0,0,30.238746073098497,647.458840377885,30.238746073098497,0.0
random-s0-0034,visibility,cycle,50.0,100.0,30.0,1,0,0,0,0,0,0,31.76419705985012,647.4188720783394,31.76419705985012,0.0
random-s0-0034,visibility,cycle,150.0,20.0,30.0,1,0,0,0,0,0,0,31.206741193996976,645.4005444325114,31.206741193996976,0.0
random-s0-0034,visibility,cycle,150.0,100.0,30.0,1,0,0,0,0,0,0,32.65092119885588,647.2064408388912,32.65092119885588,0.0
random-s0-0034,visibility,event,0.0,20.0,30.0,1,0,1,1,0,1,0,-9.217525358282243,647.200907882024,-9.217525358282243,19.999999999999574
random-s0-0034,visibility,event,0.0,100.0,30.0,1,0,0,0,0,0,0,34.6367937994095,646.6448640475352,34.6367937994095,0.0
random-s0-0034,visibility,event,50.0,20.0,30.0,1,0,0,0,0,0,0,31.04622277540213,647.4430493777976,31.04622277540213,0.0
random-s0-0034,visibility,event,50.0,100.0,30.0,1,0,0,0,0,0,0,32.44349716991451,647.4188720783394,32.44349716991451,0.0
random-s0-0034,visibility,event,150.0,20.0,30.0,1,0,0,0,0,0,0,33.8742199858589,512.9935718123317,33.8742199858589,0.0
random-s0-0034,visibility,event,150.0,100.0,30.0,1,0,0,0,0,0,0,51.90527680410082,504.5726651795393,51.90527680410082,0.0
random-s0-0035,voronoi,once,0.0,20.0,30.0,1,0,3,1,2,1,0,-153.3097890137235,-153.3097890137235,-117.7807365448024,420.0000000000001
random-s0-0035,voronoi,cycle,0.0,20.0,30.0,1,0,1,1,0,1,0,-117.7807365448024,113.42865859918628,-117.7807365448024,420.0000000000001
random-s0-0035,voronoi,cycle,0.0,100.0,30.0,1,0,1,1,0,1,0,-117.7807365448024,84.24090548074611,-117.7807365448024,419.9999999999998
random-s0-0035,voronoi,cycle,50.0,20.0,30.0,1,0,1,1,0,1,0,-117.7807365448024,224.17922362350885,-117.7807365448024,420.0000000000001
random-s0-0035,voronoi,cycle,50.0,100.0,30.0,1,0,1,1,0,1,0,-117.7807365448024,378.2081403358868,-117.7807365448024,419.9999999999998
random-s0-0035,voronoi,cycle,150.0,20.0,30.0,1,0,0,0,0,0,0,32.430460244980026,433.0325321489672,32.430460244980026,0.0
random-s0-0035,voronoi,cycle,150.0,100.0,30.0,1,0,0,0,0,0,0,58.49782456477314,393.9035118273352,58.49782456477314,0.0
random-s0-0035,voronoi,event,0.0,20.0,30.0,1,0,1,1,0,1,0,-117.7807365448024,122.22244085603484,-117.7807365448024,420.0000000000001
random-s0-0035,voronoi,event,0.0,100.0,30.0,1,0,2,2,0,2,0,-117.7807365448024,216.6813428180633,-117.7807365448024,479.99999999999983
random-s0-0035,voronoi,event,50.0,20.0,30.0,1,0,1,1,0,1,0,-117.7807365448024,95.37091729937782,-117.7807365448024,420.0000000000001
random-s0-0035,voronoi,event,50.0,100.0,30.0,1,0,1,1,0,1,0,-117.7807365448024,96.9197070180241,-117.7807365448024,419.9999999999998
random-s0-0035,voronoi,event,150.0,20.0,30.0,1,0,0,0,0,0,0,31.77469907730196,425.4273683606842,31.77469907730196,0.0
random-s0-0035,voronoi,event,150.0,100.0,30.0,1,0,0,0,0,0,0,58.49782456477314,214.72422501735144,58.49782456477314,0.0
random-s0-0035,prm,once,0.0,20.0,30.0,1,0,3,1,2,1,0,-153.3097890137235,-153.3097890137235,-6.065044214823246,160.0
random-s0-0035,prm,cycle,0.0,20.0,30.0,1,0,0,0,0,0,0,30.219759599282384,62.89514694107331,30.219759599282384,0.0
random-s0-0035,prm,cycle,0.0,100.0,30.0,1,0,0,0,0,0,0,71.155467322524,71.155467322524,85.4450815277923,0.0
random-s0-0035,prm,cycle,50.0,20.0,30.0,1,0,0,0,0,0,0,43.71652157031491,43.71652157031491,55.15160509446318,0.0
random-s0-0035,prm,cycle,50.0,100.0,30.0,1,0,1,1,0,1,0,-6.065044214823246,243.58207671942324,-6.065044214823246,60.0
random-s0-0035,prm,cycle,150.0,20.0,30.0,1,0,1,1,0,1,0,-117.7807365448024,100.0251168843705,-117.7807365448024,420.0000000000001
random-s0-0035,prm,cycle,150.0,100.0,30.0,1,0,1,1,0,1,0,-117.7807365448024,128.29927548311895,-117.7807365448024,419.9999999999998
random-s0-0035,prm,event,0.0,20.0,30.0,1,0,1,1,0,0,1,-52.46720267946246,34.15163541459745,-52.46720267946246,99.99999999999788
random-s0-0035,prm,event,0.0,100.0,30.0,1,0,0,0,0,0,0,17.43166376414473,53.958330701341566,17.43166376414473,0.0
random-s0-0035,prm,event,50.0,20.0,30.0,1,0,0,0,0,0,0,71.28306448595046,71.28306448595046,135.79534856687775,0.0
random-s0-0035,prm,event,50.0,100.0,30.0,1,0,1,1,0,1,0,-6.065044214823246,114.33867140373872,-6.065044214823246,60.0
random-s0-0035,prm,event,150.0,20.0,30.0,1,0,1,1,0,1,0,-117.7807365448024,388.9458201055994,-117.7807365448024,420.0000000000001
random-s0-0035,prm,event,150.0,100.0,30.0,1,0,2,1,1,1,0,-178.5683810713291,-178.5683810713291,-117.7807365448024,479.99999999999983
random-s0-0035,visibility,once,0.0,20.0,30.0,1,0,2,0,2,0,0,-153.3097890137235,-153.3097890137235,27.51653240856018,100.0
random-s0-0035,visibility,cycle,0.0,20.0,30.0,1,0,0,0,0,0,0,26.82084915147536,35.107959759618495,26.82084915147536,0.0
random-s0-0035,visibility,cycle,0.0,100.0,30.0,1,0,0,0,0,0,0,17.037613388754068,46.91486702789928,17.037613388754068,0.0
random-s0-0035,visibility,cycle,50.0,20.0,30.0,1,0,1,1,0,1,0,-49.73010086128113,73.32832059465804,-49.73010086128113,140.0
random-s0-0035,visibility,cycle,50.0,100.0,30.0,1,0,1,1,0,1,0,-70.36644363723057,53.08353097495862,-70.36644363723057,219.99999999999972
random-s0-0035,visibility,cycle,150.0,20.0,30.0,1,0,1,1,0,1,0,-117.7807365448024,261.3460707088708,-117.7807365448024,420.0000000000001
random-s0-0035,visibility,cycle,150.0,100.0,30.0,1,0,2,2,0,2,0,-117.7807365448024,272.48156462036263,-117.7807365448024,539.9999999999998
random-s0-0035,visibility,event,0.0,20.0,30.0,1,0,0,0,0,0,0,10.321657753569156,35.107959759618495,10.321657753569156,0.0
random-s0-0035,visibility,event,0.0,100.0,30.0,1,0,1,1,0,1,0,-18.971122508607863,46.91486702789928,-18.971122508607863,60.0
random-s0-0035,visibility,event,50.0,20.0,30.0,1,0,1,1,0,1,0,-71.58327917240388,117.13811335067555,-71.58327917240388,220.0
random-s0-0035,visibility,event,50.0,100.0,30.0,1,0,1,1,0,1,0,-66.30977675978819,0.3250720115565571,-66.30977675978819,240.0
random-s0-0035,visibility,event,150.0,20.0,30.0,1,0,2,2,0,2,0,-117.7807365448024,213.531675213284,-117.7807365448024,480.00000000000017
random-s0-0035,visibility,event,150.0,100.0,30.0,1,0,2,2,0,2,0,-117.7807365448024,235.86193027343688,-117.7807365448024,559.9999999999999
random-s0-0036,voronoi,once,0.0,20.0,30.0,1,0,1,0,1,0,0,-110.29260788219236,-110.29260788219236,429.1111734970875,60.0
random-s0-0036,voronoi,cycle,0.0,20.0,30.0,1,0,0,0,0,0,0,45.143626346861225,45.143626346861225,112.31085286401328,0.0
random-s0-0036,voronoi,cycle,0.0,100.0,30.0,1,0,1,0,1,0,0,-110.29260788219234,-110.29260788219234,113.45865778922403,139.99999999999983
random-s0-0036,voronoi,cycle,50.0,20.0,30.0,1,0,0,0,0,0,0,110.8791645235533,112.0344426498496,110.8791645235533,0.0
random-s0-0036,voronoi,cycle,50.0,100.0,30.0,1,0,0,0,0,0,0,111.9996322235645,112.02360036873272,111.9996322235645,0.0
random-s0-0036,voronoi,cycle,150.0,20.0,30.0,1,0,0,0,0,0,0,108.09170677498042,115.85078345129835,108.09170677498042,0.0
random-s0-0036,voronoi,cycle,150.0,100.0,30.0,1,0,0,0,0,0,0,45.95930602761197,113.33132344875033,45.95930602761197,0.0
random-s0-0036,voronoi,event,0.0,20.0,30.0,1,0,0,0,0,0,0,5.0656109130814,5.0656109130814,115.10018138482816,0.0
random-s0-0036,voronoi,event,0.0,100.0,30.0,1,0,1,0,1,0,0,-110.29260788219234,-110.29260788219234,115.10018138482826,139.99999999999983
random-s0-0036,voronoi,event,50.0,20.0,30.0,1,0,0,0,0,0,0,96.52361799798166,96.52361799798166,113.6103960615514,0.0
random-s0-0036,voronoi,event,50.0,100.0,30.0,1,0,0,0,0,0,0,112.52798643272644,112.52798643272644,113.61039606155124,0.0
random-s0-0036,voronoi,event,150.0,20.0,30.0,1,0,0,0,0,0,0,110.71526638925138,111.58085762510382,110.71526638925138,0.0
random-s0-0036,voronoi,event,150.0,100.0,30.0,1,0,0,0,0,0,0,110.71526638925091,111.33372690706284,110.71526638925091,0.0
random-s0-0036,prm,once,0.0,20.0,30.0,1,0,2,0,2,0,0,-110.29260788219236,-110.29260788219236,120.15228567517944,180.0
random-s0-0036,prm,cycle,0.0,20.0,30.0,1,0,0,0,0,0,0,35.76905122319195,35.76905122319195,54.92733032657651,0.0
random-s0-0036,prm,cycle,0.0,100.0,30.0,1,0,0,0,0,0,0,35.769051223191866,35.769051223191866,129.72115951089495,0.0
random-s0-0036,prm,cycle,50.0,20.0,30.0,1,0,0,0,0,0,0,53.60880857902984,105.67157297649618,53.60880857902984,0.0
random-s0-0036,prm,cycle,50.0,100.0,30.0,1,0,0,0,0,0,0,108.33673747931785,108.33673747931785,129.86466387260873,0.0
random-s0-0036,prm,cycle,150.0,20.0,30.0,1,0,0,0,0,0,0,34.7226792807991,34.7226792807991,57.94113632154381,0.0
random-s0-0036,prm,cycle,150.0,100.0,30.0,1,0,0,0,0,0,0,87.504877659133,116.9865577166263,87.504877659133,0.0
random-s0-0036,prm,event,0.0,20.0,30.0,1,0,0,0,0,0,0,35.69321947283123,35.76905122319195,35.69321947283123,0.0
random-s0-0036,prm,event,0.0,100.0,30.0,1,0,0,0,0,0,0,35.769051223191866,35.769051223191866,129.86466387260873,0.0
random-s0-0036,prm,event,50.0,20.0,30.0,1,0,0,0,0,0,0,53.60880857902984,110.34924877341314,53.60880857902984,0.0
random-s0-0036,prm,event,50.0,100.0,30.0,1,0,0,0,0,0,0,108.33673747931785,108.33673747931785,129.86466387260873,0.0
random-s0-0036,prm,event,150.0,20.0,30.0,1,0,0,0,0,0,0,59.96850986408961,98.71490434169266,59.96850986408961,0.0
random-s0-0036,prm,event,150.0,100.0,30.0,1,0,0,0,0,0,0,54.8519876839512,100.3265788947828,54.8519876839512,0.0
random-s0-0036,visibility,once,0.0,20.0,30.0,1,0,2,1,1,0,1,-110.29260788219236,-110.29260788219236,-81.75205861985464,380.00000000000006
random-s0-0036,visibility,cycle,0.0,20.0,30.0,1,0,1,1,0,1,0,-40.278222975824406,46.57210423331179,-40.278222975824406,140.0
random-s0-0036,visibility,cycle,0.0,100.0,30.0,1,0,1,1,0,1,0,-41.67184863666827,56.252542207000346,-41.67184863666827,199.99999999999983
random-s0-0036,visibility,cycle,50.0,20.0,30.0,1,0,1,1,0,0,1,-18.117068552608657,70.93913900629678,-18.117068552608657,40.0
random-s0-0036,visibility,cycle,50.0,100.0,30.0,1,0,1,1,0,1,0,-22.14067359299028,87.76974026170666,-22.14067359299028,99.99999999999991
random-s0-0036,visibility,cycle,150.0,20.0,30.0,1,0,1,0,1,0,0,-143.66919914789509,-143.66919914789509,19.13366609612132,320.0
random-s0-0036,visibility,cycle,150.0,100.0,30.0,1,0,1,0,1,0,0,-152.61601497210168,-152.61601497210168,18.038542299459664,320.0
random-s0-0036,visibility,event,0.0,20.0,30.0,1,0,1,1,0,1,0,-44.75432669326409,54.487317431330126,-44.75432669326409,180.0
random-s0-0036,visibility,event,0.0,100.0,30.0,1,0,1,1,0,1,0,-45.110729370875816,62.727636893142574,-45.110729370875816,199.9999999999998
random-s0-0036,visibility,event,50.0,20.0,30.0,1,0,1,1,0,1,0,-22.36165222343149,86.66693026568942,-22.36165222343149,80.0
random-s0-0036,visibility,event,50.0,100.0,30.0,1,0,1,1,0,1,0,-25.28138450984005,112.43579193124634,-25.28138450984005,119.99999999999991
random-s0-0036,visibility,event,150.0,20.0,30.0,1,0,0,0,0,0,0,17.898552320256897,111.20345185007324,17.898552320256897,0.0
random-s0-0036,visibility,event,150.0,100.0,30.0,1,0,1,0,1,0,0,-151.45125593399328,-151.45125593399328,18.47750648517868,320.0
random-s0-0037,voronoi,once,0.0,20.0,30.0,1,0,1,0,1,0,0,-28.920411615807467,-28.920411615807467,190.1634103462888,20.0
random-s0-0037,voronoi,cycle,0.0,20.0,30.0,1,0,0,0,0,0,0,190.16341034628869,212.56983622457864,190.16341034628869,0.0
random-s0-0037,voronoi,cycle,0.0,100.0,30.0,1,0,0,0,0,0,0,101.22647710871628,101.22647710871628,190.16341034628863,0.0
random-s0-0037,voronoi,cycle,50.0,20.0,30.0,1,0,0,0,0,0,0,190.16341034628869,322.0428969321262,190.16341034628869,0.0
random-s0-0037,voronoi,cycle,50.0,100.0,30.0,1,0,0,0,0,0,0,139.7658258683299,139.7658258683299,190.16341034628863,0.0
random-s0-0037,voronoi,cycle,150.0,20.0,30.0,1,0,0,0,0,0,0,190.16341034628869,286.7318543262818,190.16341034628869,0.0
random-s0-0037,voronoi,cycle,150.0,100.0,30.0,1,0,0,0,0,0,0,39.37293525571107,39.37293525571107,190.16341034628863,0.0
random-s0-0037,voronoi,event,0.0,20.0,30.0,1,0,0,0,0,0,0,176.0568414686163,176.0568414686163,190.16341034628869,0.0
random-s0-0037,voronoi,event,0.0,100.0,30.0,1,0,0,0,0,0,0,103.15264719906612,103.15264719906612,190.16341034628863,0.0
random-s0-0037,voronoi,event,50.0,20.0,30.0,1,0,0,0,0,0,0,190.16341034628869,358.7629511133614,190.16341034628869,0.0
random-s0-0037,voronoi,event,50.0,100.0,30.0,1,0,0,0,0,0,0,86.19988997807951,86.19988997807951,190.16341034628863,0.0
random-s0-0037,voronoi,event,150.0,20.0,30.0,1,0,0,0,0,0,0,190.16341034628869,465.59128342496695,190.16341034628869,0.0
random-s0-0037,voronoi,event,150.0,100.0,30.0,1,0,0,0,0,0,0,39.37293525571107,39.37293525571107,190.16341034628863,0.0
random-s0-0037,prm,once,0.0,20.0,30.0,1,0,1,0,1,0,0,-95.49998135658306,-95.49998135658306,190.1634103462888,40.0
random-s0-0037,prm,cycle,0.0,20.0,30.0,1,0,0,0,0,0,0,37.886495449720144,37.886495449720144,131.9868226192196,0.0
random-s0-0037,prm,cycle,0.0,100.0,30.0,1,0,0,0,0,0,0,68.62616844035426,68.62616844035426,83.43099559185538,0.0
random-s0-0037,prm,cycle,50.0,20.0,30.0,1,0,0,0,0,0,0,33.320486422613584,90.4258041515414,33.320486422613584,0.0
random-s0-0037,prm,cycle,50.0,100.0,30.0,1,0,1,0,1,0,0,-95.49998135658306,-95.49998135658306,190.16341034628863,40.0
random-s0-0037,prm,cycle,150.0,20.0,30.0,1,0,1,0,1,0,0,-95.49998135658304,-95.49998135658304,184.28442616268265,39.99999999999999
random-s0-0037,prm,cycle,150.0,100.0,30.0,1,0,1,0,1,0,0,-95.49998135658306,-95.49998135658306,178.06372835714262,40.0
random-s0-0037,prm,event,0.0,20.0,30.0,1,0,0,0,0,0,0,43.38700148207607,44.87618982449695,43.38700148207607,0.0
random-s0-0037,prm,event,0.0,100.0,30.0,1,0,0,0,0,0,0,68.62616844035426,68.62616844035426,83.43099559185538,0.0
random-s0-0037,prm,event,50.0,20.0,30.0,1,0,0,0,0,0,0,110.33885405748111,325.4560912346314,110.33885405748111,0.0
random-s0-0037,prm,event,50.0,100.0,30.0,1,0,1,0,1,0,0,-95.49998135658306,-95.49998135658306,190.16341034628863,40.0
random-s0-0037,prm,event,150.0,20.0,30.0,1,0,1,0,1,0,0,-95.49998135658304,-95.49998135658304,184.28442616268265,39.99999999999999
random-s0-0037,prm,event,150.0,100.0,30.0,1,0,1,0,1,0,0,-95.49998135658306,-95.49998135658306,178.06372835714262,40.0
random-s0-0037,visibility,once,0.0,20.0,30.0,1,0,1,0,1,0,0,-37.189679483065134,-37.189679483065134,190.1634103462888,40.0
random-s0-0037,visibility,cycle,0.0,20.0,30.0,1,0,0,0,0,0,0,26.238375013489417,26.238375013489417,180.55022757611647,0.0
random-s0-0037,visibility,cycle,0.0,100.0,30.0,1,0,0,0,0,0,0,39.95030752943535,39.95030752943535,190.16341034628863,0.0
random-s0-0037,visibility,cycle,50.0,20.0,30.0,1,0,0,0,0,0,0,110.82537301294737,110.82537301294737,179.06788142067813,0.0
random-s0-0037,visibility,cycle,50.0,100.0,30.0,1,0,1,0,1,0,0,-37.189679483065134,-37.189679483065134,187.63966649712484,40.0
random-s0-0037,visibility,cycle,150.0,20.0,30.0,1,0,0,0,0,0,0,126.87515970689373,126.87515970689373,150.5048684304527,0.0
random-s0-0037,visibility,cycle,150.0,100.0,30.0,1,0,1,0,1,0,0,-37.189679483065134,-37.189679483065134,171.61198037214626,40.0
random-s0-0037,visibility,event,0.0,20.0,30.0,1,0,0,0,0,0,0,37.93599905156404,37.93599905156404,177.9878907756198,0.0
random-s0-0037,visibility,event,0.0,100.0,30.0,1,0,0,0,0,0,0,37.87042082409329,37.87042082409329,190.16341034628863,0.0
random-s0-0037,visibility,event,50.0,20.0,30.0,1,0,0,0,0,0,0,181.32761988040744,225.41844306803037,181.32761988040744,0.0
random-s0-0037,visibility,event,50.0,100.0,30.0,1,0,1,0,1,0,0,-37.189679483065134,-37.189679483065134,187.63966649712484,40.0
random-s0-0037,visibility,event,150.0,20.0,30.0,1,0,0,0,0,0,0,118.461711898597,184.6527984451759,118.461711898597,0.0
random-s0-0037,visibility,event,150.0,100.0,30.0,1,0,1,0,1,0,0,-37.189679483065134,-37.189679483065134,171.61198037214626,40.0
random-s0-0038,voronoi,once,0.0,20.0,30.0,1,0,2,1,1,1,0,-117.14297158458363,-117.14297158458363,-57.50794255953933,520.0000000000001
random-s0-0038,voronoi,cycle,0.0,20.0,30.0,1,0,1,1,0,1,0,-57.07691814036589,79.927841696045,-57.07691814036589,200.0
random-s0-0038,voronoi,cycle,0.0,100.0,30.0,1,0,1,1,0,1,0,-57.50794255953926,125.3563542532816,-57.50794255953926,220.0
random-s0-0038,voronoi,cycle,50.0,20.0,30.0,1,0,1,1,0,1,0,-56.65609098268166,94.4665044838041,-56.65609098268166,180.0
random-s0-0038,voronoi,cycle,50.0,100.0,30.0,1,0,1,1,0,1,0,-57.50794255953926,193.4271955738904,-57.50794255953926,360.00000000000006
random-s0-0038,voronoi,cycle,150.0,20.0,30.0,1,0,0,0,0,0,0,88.40109054512936,302.9282974537852,88.40109054512936,0.0
random-s0-0038,voronoi,cycle,150.0,100.0,30.0,1,0,1,1,0,1,0,-28.999212027976483,355.919479321763,-28.999212027976483,60.0
random-s0-0038,voronoi,event,0.0,20.0,30.0,1,0,1,1,0,1,0,-57.50794255953937,39.888463448487954,-57.50794255953937,460.0000000000001
random-s0-0038,voronoi,event,0.0,100.0,30.0,1,0,1,1,0,1,0,-57.50794255953926,54.30379744308874,-57.50794255953926,460.0000000000001
random-s0-0038,voronoi,event,50.0,20.0,30.0,1,0,1,1,0,1,0,-59.43660293170797,87.27189668519043,-59.43660293170797,460.0000000000001
random-s0-0038,voronoi,event,50.0,100.0,30.0,1,0,1,1,0,1,0,-56.55285193931722,48.45526760668844,-56.55285193931722,440.0000000000001
random-s0-0038,voronoi,event,150.0,20.0,30.0,1,0,1,1,0,1,0,-46.69455382586472,316.85992673960243,-46.69455382586472,420.0000000000001
random-s0-0038,voronoi,event,150.0,100.0,30.0,1,0,1,1,0,1,0,-57.50794255953926,690.5979075658928,-57.50794255953926,460.0000000000001
random-s0-0038,prm,once,0.0,20.0,30.0,1,0,2,1,1,1,0,-117.14297158458363,-117.14297158458363,-57.50794255953933,400.00000000000006
random-s0-0038,prm,cycle,0.0,20.0,30.0,1,0,0,0,0,0,0,28.83253864678349,31.95843979522252,28.83253864678349,0.0
random-s0-0038,prm,cycle,0.0,100.0,30.0,1,0,2,2,0,2,0,-55.91561262267308,107.69067022394876,-55.91561262267308,700.0000000000003
random-s0-0038,prm,cycle,50.0,20.0,30.0,1,0,1,1,0,1,0,-57.50794255953937,71.42616268153574,-57.50794255953937,460.0000000000001
random-s0-0038,prm,cycle,50.0,100.0,30.0,1,0,1,1,0,1,0,-57.50794255953926,95.55354120963877,-57.50794255953926,460.0000000000001
random-s0-0038,prm,cycle,150.0,20.0,30.0,1,0,1,1,0,1,0,-57.50794255953937,78.30700666283275,-57.50794255953937,220.0
random-s0-0038,prm,cycle,150.0,100.0,30.0,1,0,1,1,0,1,0,-57.50794255953926,95.77476949223978,-57.50794255953926,240.0
random-s0-0038,prm,event,0.0,20.0,30.0,1,0,0,0,0,0,0,32.04976860632155,70.95704621810467,32.04976860632155,0.0
random-s0-0038,prm,event,0.0,100.0,30.0,1,0,1,1,0,1,0,-35.39862756187091,98.88418475654156,-35.39862756187091,360.00000000000006
random-s0-0038,prm,event,50.0,20.0,30.0,1,0,1,1,0,1,0,-55.5130792261954,72.34084638487613,-55.5130792261954,180.0
random-s0-0038,prm,event,50.0,100.0,30.0,1,0,1,1,0,1,0,-57.50794255953926,109.72369677375389,-57.50794255953926,440.0000000000001
random-s0-0038,prm,event,150.0,20.0,30.0,1,0,1,1,0,1,0,-57.50794255953937,80.82146560609618,-57.50794255953937,460.0000000000001
random-s0-0038,prm,event,150.0,100.0,30.0,1,0,1,1,0,1,0,-57.50794255953926,395.0186071962115,-57.50794255953926,220.0
random-s0-0038,visibility,once,0.0,20.0,30.0,1,0,3,2,1,1,1,-168.68327300505712,-117.14297158458363,-168.68327300505712,660.0000000000002
random-s0-0038,visibility,cycle,0.0,20.0,30.0,1,0,1,1,0,1,0,-57.50794255953937,27.957055090363557,-57.50794255953937,460.0000000000001
random-s0-0038,visibility,cycle,0.0,100.0,30.0,1,0,3,2,1,1,1,-122.86428888356208,-75.52325568302867,-122.86428888356208,1240.0000000000005
random-s0-0038,visibility,cycle,50.0,20.0,30.0,1,0,1,1,0,1,0,-57.50794255953937,58.88910252037752,-57.50794255953937,460.0000000000001
random-s0-0038,visibility,cycle,50.0,100.0,30.0,1,0,1,1,0,1,0,-57.50794255953926,60.56150382959609,-57.50794255953926,460.0000000000001
random-s0-0038,visibility,cycle,150.0,20.0,30.0,1,0,2,2,0,1,1,-57.50794255953937,148.44438386488105,-57.50794255953937,540.0000000000001
random-s0-0038,visibility,cycle,150.0,100.0,30.0,1,0,3,3,0,2,1,-57.50794255953926,185.30810076630863,-57.50794255953926,660.0000000000001
random-s0-0038,visibility,event,0.0,20.0,30.0,1,0,2,2,0,2,0,-125.33055766514104,70.79848187421928,-125.33055766514104,720.0000000000003
random-s0-0038,visibility,event,0.0,100.0,30.0,1,0,2,2,0,2,0,-104.7644524512788,25.23646327594173,-104.7644524512788,680.0000000000002
random-s0-0038,visibility,event,50.0,20.0,30.0,1,0,2,2,0,2,0,-120.24767899570628,93.13740108231644,-120.24767899570628,740.0000000000003
random-s0-0038,visibility,event,50.0,100.0,30.0,1,0,2,2,0,2,0,-101.6733777489136,78.21862297497842,-101.6733777489136,680.0000000000002
random-s0-0038,visibility,event,150.0,20.0,30.0,1,0,2,2,0,1,1,-57.50794255953937,220.14393588530464,-57.50794255953937,500.0000000000001
random-s0-0038,visibility,event,150.0,100.0,30.0,1,0,1,1,0,1,0,-57.50794255953926,318.4516668964865,-57.50794255953926,460.0000000000001
random-s0-0039,voronoi,once,0.0,20.0,30.0,1,0,2,0,2,0,0,-122.67716751454458,-122.67716751454458,116.7148546306496,660.0000000000002
random-s0-0039,voronoi,cycle,0.0,20.0,30.0,1,0,0,0,0,0,0,81.94000272899495,145.35873201273284,81.94000272899495,0.0
random-s0-0039,voronoi,cycle,0.0,100.0,30.0,1,0,1,0,1,0,0,-41.0842267961425,-41.0842267961425,52.69705881618739,80.0
random-s0-0039,voronoi,cycle,50.0,20.0,30.0,1,0,0,0,0,0,0,32.49493760728575,120.82338041943608,32.49493760728575,0.0
random-s0-0039,voronoi,cycle,50.0,100.0,30.0,1,0,0,0,0,0,0,40.21980454577667,231.7192117757176,40.21980454577667,0.0
random-s0-0039,voronoi,cycle,150.0,20.0,30.0,1,0,0,0,0,0,0,44.51261603580653,568.3905180686785,44.51261603580653,0.0
random-s0-0039,voronoi,cycle,150.0,100.0,30.0,1,0,0,0,0,0,0,56.71264109036585,666.6862888878742,56.71264109036585,0.0
random-s0-0039,voronoi,event,0.0,20.0,30.0,1,0,0,0,0,0,0,32.81423351748887,497.2840845120379,32.81423351748887,0.0
random-s0-0039,voronoi,event,0.0,100.0,30.0,1,0,0,0,0,0,0,56.98108728365031,445.278398267304,56.98108728365031,0.0
random-s0-0039,voronoi,event,50.0,20.0,30.0,1,0,0,0,0,0,0,129.06835816014149,198.8712553693736,129.06835816014149,0.0
random-s0-0039,voronoi,event,50.0,100.0,30.0,1,0,0,0,0,0,0,56.98108728365031,470.5792061691509,56.98108728365031,0.0
random-s0-0039,voronoi,event,150.0,20.0,30.0,1,0,0,0,0,0,0,37.07179704563967,735.4247343096742,37.07179704563967,0.0
random-s0-0039,voronoi,event,150.0,100.0,30.0,1,0,0,0,0,0,0,114.23527985284534,483.45908170552593,114.23527985284534,0.0
random-s0-0039,prm,once,0.0,20.0,30.0,1,0,1,0,1,0,0,-66.58267155880625,-66.58267155880625,88.4255921939295,140.0
random-s0-0039,prm,cycle,0.0,20.0,30.0,1,0,0,0,0,0,0,37.60035562826485,72.4905802791267,37.60035562826485,0.0
random-s0-0039,prm,cycle,0.0,100.0,30.0,1,0,0,0,0,0,0,51.58120302655047,119.1009796487757,51.58120302655047,0.0
random-s0-0039,prm,cycle,50.0,20.0,30.0,1,0,0,0,0,0,0,32.93702109740093,202.91307173005328,32.93702109740093,0.0
random-s0-0039,prm,cycle,50.0,100.0,30.0,1,0,0,0,0,0,0,50.27908100503296,159.81852962597816,50.27908100503296,0.0
random-s0-0039,prm,cycle,150.0,20.0,30.0,1,0,0,0,0,0,0,209.4759086543321,505.2211536375642,209.4759086543321,0.0
random-s0-0039,prm,cycle,150.0,100.0,30.0,1,0,0,0,0,0,0,31.82821454387755,334.4474288731078,31.82821454387755,0.0
random-s0-0039,prm,event,0.0,20.0,30.0,1,0,0,0,0,0,0,31.59247789124018,102.70477780779038,31.59247789124018,0.0
random-s0-0039,prm,event,0.0,100.0,30.0,1,0,0,0,0,0,0,60.36134106361516,138.25576454406098,60.36134106361516,0.0
random-s0-0039,prm,event,50.0,20.0,30.0,1,0,0,0,0,0,0,45.05543660223714,109.20983753648215,45.05543660223714,0.0
random-s0-0039,prm,event,50.0,100.0,30.0,1,0,0,0,0,0,0,90.65131367226928,141.62117334051487,90.65131367226928,0.0
random-s0-0039,prm,event,150.0,20.0,30.0,1,0,0,0,0,0,0,58.86706389766789,116.3462263231225,58.86706389766789,0.0
random-s0-0039,prm,event,150.0,100.0,30.0,1,0,0,0,0,0,0,100.12702961651712,156.35068193727187,100.12702961651712,0.0
random-s0-0039,visibility,once,0.0,20.0,30.0,1,0,0,0,0,0,0,46.600663990878985,151.40457280847,46.600663990878985,0.0
random-s0-0039,visibility,cycle,0.0,20.0,30.0,1,0,0,0,0,0,0,60.96121867904043,60.96121867904043,86.6265066984065,0.0
random-s0-0039,visibility,cycle,0.0,100.0,30.0,1,0,0,0,0,0,0,44.010727330886425,44.010727330886425,74.3265937167645,0.0
random-s0-0039,visibility,cycle,50.0,20.0,30.0,1,0,0,0,0,0,0,51.63873298762061,51.63873298762061,159.15876112248986,0.0
random-s0-0039,visibility,cycle,50.0,100.0,30.0,1,0,0,0,0,0,0,60.20796253499705,60.20796253499705,156.78661928103477,0.0
random-s0-0039,visibility,cycle,150.0,20.0,30.0,1,0,1,1,0,0,1,-10.241846351294411,200.18622830189668,-10.241846351294411,40.0
random-s0-0039,visibility,cycle,150.0,100.0,30.0,1,0,1,0,1,0,0,-60.701332611326976,-60.701332611326976,34.13692335762971,120.0
random-s0-0039,visibility,event,0.0,20.0,30.0,1,0,0,0,0,0,0,68.63772646674511,68.63772646674511,78.322684771887,0.0
random-s0-0039,visibility,event,0.0,100.0,30.0,1,0,0,0,0,0,0,48.599274470522346,48.599274470522346,71.09640822116,0.0
random-s0-0039,visibility,event,50.0,20.0,30.0,1,0,0,0,0,0,0,66.477669647961,66.477669647961,167.04678853123016,0.0
random-s0-0039,visibility,event,50.0,100.0,30.0,1,0,0,0,0,0,0,39.38778513195842,332.397807553612,39.38778513195842,0.0
random-s0-0039,visibility,event,150.0,20.0,30.0,1,0,0,0,0,0,0,49.53830129263531,310.4091224407057,49.53830129263531,0.0
random-s0-0039,visibility,event,150.0,100.0,30.0,1,0,1,0,1,0,0,-60.701332611326976,-60.701332611326976,92.35054018407106,120.0
random-s0-0040,voronoi,once,0.0,20.0,30.0,1,0,2,0,2,0,0,-146.51119150641696,-146.51119150641696,102.0430086726385,240.0
random-s0-0040,voronoi,cycle,0.0,20.0,30.0,1,0,0,0,0,0,0,14.23557262085322,33.37344456884577,14.23557262085322,0.0
random-s0-0040,voronoi,cycle,0.0,100.0,30.0,1,0,1,0,1,0,0,-9.81905376420582,-9.81905376420582,49.83568505145732,40.0
random-s0-0040,voronoi,cycle,50.0,20.0,30.0,1,0,0,0,0,0,0,70.06841970352676,91.22252936601689,70.06841970352676,0.0
random-s0-0040,voronoi,cycle,50.0,100.0,30.0,1,0,0,0,0,0,0,9.739551284194846,137.0672823875497,9.739551284194846,0.0
random-s0-0040,voronoi,cycle,150.0,20.0,30.0,1,0,1,1,0,1,0,-72.50046454393576,146.16905126023238,-72.50046454393576,359.99999999999613
random-s0-0040,voronoi,cycle,150.0,100.0,30.0,1,0,1,1,0,1,0,-69.6923637721571,146.16905126023238,-69.6923637721571,140.0
random-s0-0040,voronoi,event,0.0,20.0,30.0,1,0,3,1,2,1,0,-115.97604041505323,-1.549704038554296,-115.97604041505323,459.9999999999953
random-s0-0040,voronoi,event,0.0,100.0,30.0,1,0,4,1,3,1,0,-115.9760404150531,-39.03766045576268,-115.9760404150531,539.9999999999997
random-s0-0040,voronoi,event,50.0,20.0,30.0,1,0,1,1,0,1,0,-115.97604041505323,50.575972746869326,-115.97604041505323,419.9999999999953
random-s0-0040,voronoi,event,50.0,100.0,30.0,1,0,1,1,0,1,0,-107.72801734856154,88.58225807564838,-107.72801734856154,160.0
random-s0-0040,voronoi,event,150.0,20.0,30.0,1,0,1,1,0,0,1,-13.191397585005916,146.16905126023238,-13.191397585005916,120.0
random-s0-0040,voronoi,event,150.0,100.0,30.0,1,0,1,1,0,0,1,-8.749344315264182,135.51197998463994,-8.749344315264182,100.0
random-s0-0040,prm,once,0.0,20.0,30.0,1,0,3,1,2,0,1,-147.13592088111344,-147.13592088111344,-138.49131782331318,360.00000000000006
random-s0-0040,prm,cycle,0.0,20.0,30.0,1,0,0,0,0,0,0,30.505934061260348,103.88363175153565,30.505934061260348,0.0
random-s0-0040,prm,cycle,0.0,100.0,30.0,1,0,1,1,0,1,0,-27.619427661499174,73.27761480201363,-27.619427661499174,40.0
random-s0-0040,prm,cycle,50.0,20.0,30.0,1,0,1,1,0,1,0,-74.02656005085217,116.45062169237964,-74.02656005085217,359.99999999999613
random-s0-0040,prm,cycle,50.0,100.0,30.0,1,0,0,0,0,0,0,50.66876495904805,116.45062169237964,50.66876495904805,0.0
random-s0-0040,prm,cycle,150.0,20.0,30.0,1,0,1,1,0,1,0,-57.94298949665688,116.45062169237964,-57.94298949665688,100.0
random-s0-0040,prm,cycle,150.0,100.0,30.0,1,0,1,1,0,1,0,-116.85416376595516,54.66913235527503,-116.85416376595516,319.9999999999996
random-s0-0040,prm,event,0.0,20.0,30.0,1,0,0,0,0,0,0,12.350105052174314,34.907463129489315,12.350105052174314,0.0
random-s0-0040,prm,event,0.0,100.0,30.0,1,0,1,1,0,1,0,-96.63165223021068,6.267834898748617,-96.63165223021068,399.9999999999997
random-s0-0040,prm,event,50.0,20.0,30.0,1,0,0,0,0,0,0,30.52006332460084,116.45062169237964,30.52006332460084,0.0
random-s0-0040,prm,event,50.0,100.0,30.0,1,0,0,0,0,0,0,47.31280809416941,116.45062169237964,47.31280809416941,0.0
random-s0-0040,prm,event,150.0,20.0,30.0,1,0,1,1,0,1,0,-69.73635774313883,116.45062169237964,-69.73635774313883,379.9999999999961
random-s0-0040,prm,event,150.0,100.0,30.0,1,0,1,1,0,1,0,-58.69156408257781,116.45062169237964,-58.69156408257781,339.99999999999966
random-s0-0040,visibility,once,0.0,20.0,30.0,1,0,4,2,2,1,1,-112.05065124632009,-112.05065124632009,-94.36523105974148,1060.0000000000005
random-s0-0040,visibility,cycle,0.0,20.0,30.0,1,0,3,2,1,1,1,-132.96534552442833,-90.24742161772836,-132.96534552442833,860.0000000000005
random-s0-0040,visibility,cycle,0.0,100.0,30.0,1,0,3,1,2,0,1,-94.85849064305424,-94.85849064305424,-13.762736848323186,620.0
random-s0-0040,visibility,cycle,50.0,20.0,30.0,1,0,3,2,1,1,1,-77.36853973483463,-64.95087663689307,-77.36853973483463,720.0000000000003
random-s0-0040,visibility,cycle,50.0,100.0,30.0,1,0,3,1,2,1,0,-117.59265025936986,-83.98004258806421,-117.59265025936986,780.0000000000001
random-s0-0040,visibility,cycle,150.0,20.0,30.0,1,0,1,1,0,1,0,-76.91670830335947,28.971025230615624,-76.91670830335947,359.99999999999613
random-s0-0040,visibility,cycle,150.0,100.0,30.0,1,0,1,1,0,1,0,-76.3698958457548,30.203771758603157,-76.3698958457548,359.99999999999966
random-s0-0040,visibility,event,0.0,20.0,30.0,1,0,2,1,1,1,0,-90.24742161772836,-90.24742161772836,-10.045312382849175,580.0000000000002
random-s0-0040,visibility,event,0.0,100.0,30.0,1,0,3,1,2,0,1,-101.06932264915253,-101.06932264915253,-11.031135238189762,620.0
random-s0-0040,visibility,event,50.0,20.0,30.0,1,0,3,1,2,1,0,-158.98788564459505,-158.98788564459505,-99.42245312279184,979.999999999996
random-s0-0040,visibility,event,50.0,100.0,30.0,1,0,2,2,0,2,0,-101.89233627159116,31.177008275163644,-101.89233627159116,499.9999999999997
random-s0-0040,visibility,event,150.0,20.0,30.0,1,0,0,0,0,0,0,30.441200580030824,31.115407082567657,30.441200580030824,0.0
random-s0-0040,visibility,event,150.0,100.0,30.0,1,0,1,1,0,1,0,-114.580440743422,32.396623440148915,-114.580440743422,419.9999999999997
random-s0-0041,voronoi,once,0.0,20.0,30.0,1,0,1,0,1,0,0,-134.73606905580164,-134.73606905580164,131.70391399531718,80.0
random-s0-0041,voronoi,cycle,0.0,20.0,30.0,1,0,0,0,0,0,0,2.681447672615008,36.56239630867569,2.681447672615008,0.0
random-s0-0041,voronoi,cycle,0.0,100.0,30.0,1,0,0,0,0,0,0,87.17872478172296,87.17872478172296,131.70391399531718,0.0
random-s0-0041,voronoi,cycle,50.0,20.0,30.0,1,0,0,0,0,0,0,131.70391399531718,160.2909580635465,131.70391399531718,0.0
random-s0-0041,voronoi,cycle,50.0,100.0,30.0,1,0,0,0,0,0,0,131.70391399531718,235.2598671513861,131.70391399531718,0.0
random-s0-0041,voronoi,cycle,150.0,20.0,30.0,1,0,0,0,0,0,0,80.43829915586878,295.53549384468283,80.43829915586878,0.0
random-s0-0041,voronoi,cycle,150.0,100.0,30.0,1,0,0,0,0,0,0,107.124077470008,107.124077470008,131.70391399531718,0.0
random-s0-0041,voronoi,event,0.0,20.0,30.0,1,0,0,0,0,0,0,92.8721883333858,92.8721883333858,131.70391399531718,0.0
random-s0-0041,voronoi,event,0.0,100.0,30.0,1,0,0,0,0,0,0,7.59002026699963,7.59002026699963,131.70391399531718,0.0
random-s0-0041,voronoi,event,50.0,20.0,30.0,1,0,0,0,0,0,0,131.70391399531718,255.27874787631583,131.70391399531718,0.0
random-s0-0041,voronoi,event,50.0,100.0,30.0,1,0,0,0,0,0,0,131.70391399531718,262.9340668217729,131.70391399531718,0.0
random-s0-0041,voronoi,event,150.0,20.0,30.0,1,0,0,0,0,0,0,131.70391399531718,171.6122526079376,131.70391399531718,0.0
random-s0-0041,voronoi,event,150.0,100.0,30.0,1,0,0,0,0,0,0,131.70391399531718,294.4783041525334,131.70391399531718,0.0
random-s0-0041,prm,once,0.0,20.0,30.0,1,0,3,1,2,1,0,-149.77936097670056,-135.2218211758152,-149.77936097670056,680.0000000000002
random-s0-0041,prm,cycle,0.0,20.0,30.0,1,0,0,0,0,0,0,35.352456120686014,48.102414804456345,35.352456120686014,0.0
random-s0-0041,prm,cycle,0.0,100.0,30.0,1,0,0,0,0,0,0,44.69137039497079,154.11703757037526,44.69137039497079,0.0
random-s0-0041,prm,cycle,50.0,20.0,30.0,1,0,1,0,1,0,0,-157.36173347091432,-157.36173347091432,50.390516900288816,1000.0000000000005
random-s0-0041,prm,cycle,50.0,100.0,30.0,1,0,0,0,0,0,0,44.69137039497079,141.3988526602912,44.69137039497079,0.0
random-s0-0041,prm,cycle,150.0,20.0,30.0,1,0,1,0,1,0,0,-134.73606905580144,-134.73606905580144,91.0422930607138,79.99999999999996
random-s0-0041,prm,cycle,150.0,100.0,30.0,1,0,1,0,1,0,0,-134.73606905580164,-134.73606905580164,44.69137039497079,80.0
random-s0-0041,prm,event,0.0,20.0,30.0,1,0,0,0,0,0,0,44.69137039497079,51.53507559882675,44.69137039497079,0.0
random-s0-0041,prm,event,0.0,100.0,30.0,1,0,0,0,0,0,0,44.69137039497079,45.4951146005865,44.69137039497079,0.0
random-s0-0041,prm,event,50.0,20.0,30.0,1,0,0,0,0,0,0,91.0422930607138,110.20973332718177,91.0422930607138,0.0
random-s0-0041,prm,event,50.0,100.0,30.0,1,0,0,0,0,0,0,44.69137039497079,174.51848901260234,44.69137039497079,0.0
random-s0-0041,prm,event,150.0,20.0,30.0,1,0,1,0,1,0,0,-134.73606905580144,-134.73606905580144,91.0422930607138,79.99999999999996
random-s0-0041,prm,event,150.0,100.0,30.0,1,0,1,0,1,0,0,-134.73606905580164,-134.73606905580164,44.69137039497079,80.0
random-s0-0041,visibility,once,0.0,20.0,30.0,1,0,1,0,1,0,0,-134.73606905580164,-134.73606905580164,42.702838091111005,80.0
random-s0-0041,visibility,cycle,0.0,20.0,30.0,1,0,0,0,0,0,0,10.00962570859906,10.00962570859906,43.0808533625239,0.0
random-s0-0041,visibility,cycle,0.0,100.0,30.0,1,0,2,0,2,0,0,-174.6178767936373,-174.6178767936373,42.702838091111005,499.9999999999998
random-s0-0041,visibility,cycle,50.0,20.0,30.0,1,0,0,0,0,0,0,23.382355929827185,23.382355929827185,29.024884673331343,0.0
random-s0-0041,visibility,cycle,50.0,100.0,30.0,1,0,1,0,1,0,0,-161.1734336686896,-161.1734336686896,42.702838091111005,179.99999999999994
random-s0-0041,visibility,cycle,150.0,20.0,30.0,1,0,1,0,1,0,0,-134.73606905580144,-134.73606905580144,10.337949888046497,79.99999999999996
random-s0-0041,visibility,cycle,150.0,100.0,30.0,1,0,1,0,1,0,0,-134.73606905580164,-134.73606905580164,42.702838091111005,80.0
random-s0-0041,visibility,event,0.0,20.0,30.0,1,0,0,0,0,0,0,13.13651689847893,13.13651689847893,42.702838091111005,0.0
random-s0-0041,visibility,event,0.0,100.0,30.0,1,0,1,0,1,0,0,-8.537751901876561,-8.537751901876561,42.702838091111005,99.99999999999991
random-s0-0041,visibility,event,50.0,20.0,30.0,1,0,0,0,0,0,0,30.23528555958842,60.2822865948784,30.23528555958842,0.0
random-s0-0041,visibility,event,50.0,100.0,30.0,1,0,2,0,2,0,0,-161.1734336686896,-161.1734336686896,42.702838091111005,419.99999999999983
random-s0-0041,visibility,event,150.0,20.0,30.0,1,0,2,0,2,0,0,-134.73606905580144,-134.73606905580144,10.337949888046497,99.99999999999996
random-s0-0041,visibility,event,150.0,100.0,30.0,1,0,1,0,1,0,0,-134.73606905580164,-134.73606905580164,42.702838091111005,80.0
random-s0-0042,voronoi,once,0.0,20.0,30.0,1,0,4,3,1,1,2,-150.9569348919228,-102.66694506585934,-150.9569348919228,540.0000000000001
random-s0-0042,voronoi,cycle,0.0,20.0,30.0,1,0,3,3,0,3,0,-68.77948796007188,126.6748122419067,-68.77948796007188,540.0
random-s0-0042,voronoi,cycle,0.0,100.0,30.0,1,0,2,1,1,1,0,-90.24253581837986,-15.911071218698396,-90.24253581837986,420.0
random-s0-0042,voronoi,cycle,50.0,20.0,30.0,1,0,0,0,0,0,0,23.795123935495724,250.9655752900628,23.795123935495724,0.0
random-s0-0042,voronoi,cycle,50.0,100.0,30.0,1,0,0,0,0,0,0,87.59051943565618,137.99888994294798,87.59051943565618,0.0
random-s0-0042,voronoi,cycle,150.0,20.0,30.0,1,0,0,0,0,0,0,2.2236852841334667,90.95526850612345,2.2236852841334667,0.0
random-s0-0042,voronoi,cycle,150.0,100.0,30.0,1,0,0,0,0,0,0,115.59415768301744,283.96764575130607,115.59415768301744,0.0
random-s0-0042,voronoi,event,0.0,20.0,30.0,1,0,2,2,0,2,0,-60.12856154405351,227.40597188528145,-60.12856154405351,360.0
random-s0-0042,voronoi,event,0.0,100.0,30.0,1,0,2,1,1,1,0,-98.77182379305012,-72.79637210527368,-98.77182379305012,500.0
random-s0-0042,voronoi,event,50.0,20.0,30.0,1,0,1,1,0,1,0,-0.29448162511693,202.96171485284776,-0.29448162511693,40.0
random-s0-0042,voronoi,event,50.0,100.0,30.0,1,0,0,0,0,0,0,87.59051943565618,262.9879768987182,87.59051943565618,0.0
random-s0-0042,voronoi,event,150.0,20.0,30.0,1,0,0,0,0,0,0,34.649114652745055,271.09172573456885,34.649114652745055,0.0
random-s0-0042,voronoi,event,150.0,100.0,30.0,1,0,1,1,0,1,0,-21.65961135848372,121.1431766568652,-21.65961135848372,180.0
random-s0-0042,prm,once,0.0,20.0,30.0,1,0,2,2,0,0,2,-150.9569348919228,122.48503921002832,-150.9569348919228,480.00000000000017
random-s0-0042,prm,cycle,0.0,20.0,30.0,1,0,0,0,0,0,0,32.00745156208652,73.57797178407085,32.00745156208652,0.0
random-s0-0042,prm,cycle,0.0,100.0,30.0,1,0,1,1,0,1,0,-66.1618643227214,31.547484875072517,-66.1618643227214,399.9999999999997
random-s0-0042,prm,cycle,50.0,20.0,30.0,1,0,0,0,0,0,0,33.636059231974315,33.636059231974315,36.15645473558271,0.0
random-s0-0042,prm,cycle,50.0,100.0,30.0,1,0,2,1,1,0,1,-153.48467641594493,-153.48467641594493,-43.670204468890745,399.9999999999997
random-s0-0042,prm,cycle,150.0,20.0,30.0,1,0,0,0,0,0,0,33.740613371991856,43.469979546292365,33.740613371991856,0.0
random-s0-0042,prm,cycle,150.0,100.0,30.0,1,0,0,0,0,0,0,78.69615169403494,78.69615169403494,111.79761484358136,0.0
random-s0-0042,prm,event,0.0,20.0,30.0,1,0,1,1,0,1,0,-44.114735113682144,73.57797178407085,-44.114735113682144,179.9999999999999
random-s0-0042,prm,event,0.0,100.0,30.0,1,0,1,1,0,1,0,-66.1618643227214,31.547484875072517,-66.1618643227214,399.9999999999997
random-s0-0042,prm,event,50.0,20.0,30.0,1,0,0,0,0,0,0,36.15645473558271,143.58804004748055,36.15645473558271,0.0
random-s0-0042,prm,event,50.0,100.0,30.0,1,0,1,1,0,0,1,-43.670204468890745,83.5863248106811,-43.670204468890745,299.9999999999997
random-s0-0042,prm,event,150.0,20.0,30.0,1,0,0,0,0,0,0,37.34485265311898,90.66365688239205,37.34485265311898,0.0
random-s0-0042,prm,event,150.0,100.0,30.0,1,0,0,0,0,0,0,42.37563510129391,78.711094615783,42.37563510129391,0.0
random-s0-0042,visibility,once,0.0,20.0,30.0,1,0,2,2,0,0,2,-150.9569348919228,481.770259136406,-150.9569348919228,320.0
random-s0-0042,visibility,cycle,0.0,20.0,30.0,1,0,0,0,0,0,0,114.56539250062605,231.72796819278145,114.56539250062605,0.0
random-s0-0042,visibility,cycle,0.0,100.0,30.0,1,0,0,0,0,0,0,109.59798245944842,139.89685955497828,109.59798245944842,0.0
random-s0-0042,visibility,cycle,50.0,20.0,30.0,1,0,0,0,0,0,0,139.08376306117373,139.08376306117373,190.6412849530757,0.0
random-s0-0042,visibility,cycle,50.0,100.0,30.0,1,0,0,0,0,0,0,87.03346140507989,87.03346140507989,134.72920571349204,0.0
random-s0-0042,visibility,cycle,150.0,20.0,30.0,1,0,0,0,0,0,0,133.8551564237128,304.12542769068034,133.8551564237128,0.0
random-s0-0042,visibility,cycle,150.0,100.0,30.0,1,0,0,0,0,0,0,168.1499669234571,342.4588698519202,168.1499669234571,0.0
random-s0-0042,visibility,event,0.0,20.0,30.0,1,0,0,0,0,0,0,111.76638704179476,288.8064473498693,111.76638704179476,0.0
random-s0-0042,visibility,event,0.0,100.0,30.0,1,0,0,0,0,0,0,66.1462879262599,244.9923445406754,66.1462879262599,0.0
random-s0-0042,visibility,event,50.0,20.0,30.0,1,0,0,0,0,0,0,139.28274425738874,491.0575407722007,139.28274425738874,0.0
random-s0-0042,visibility,event,50.0,100.0,30.0,1,0,0,0,0,0,0,120.71914659424732,484.2938700310159,120.71914659424732,0.0
random-s0-0042,visibility,event,150.0,20.0,30.0,1,0,2,2,0,0,2,-4.339536192315109,91.0382424052803,-4.339536192315109,100.0
random-s0-0042,visibility,event,150.0,100.0,30.0,1,0,1,1,0,0,1,-5.17334472313118,88.78738594387187,-5.17334472313118,259.99999999999994
random-s0-0043,voronoi,once,0.0,20.0,30.0,1,0,1,1,0,0,1,-33.277871078336744,127.31042584568814,-33.277871078336744,120.0
random-s0-0043,voronoi,cycle,0.0,20.0,30.0,1,0,1,1,0,1,0,-2.629074513875395,117.38840341556045,-2.629074513875395,40.0
random-s0-0043,voronoi,cycle,0.0,100.0,30.0,1,0,1,1,0,1,0,-11.938174156806411,118.82886649067213,-11.938174156806411,99.99999999999991
random-s0-0043,voronoi,cycle,50.0,20.0,30.0,1,0,0,0,0,0,0,35.844328356906914,111.54711624676251,35.844328356906914,0.0
random-s0-0043,voronoi,cycle,50.0,100.0,30.0,1,0,0,0,0,0,0,35.844328356906914,114.69053382317897,35.844328356906914,0.0
random-s0-0043,voronoi,cycle,150.0,20.0,30.0,1,0,0,0,0,0,0,35.844328356906914,111.17768796754255,35.844328356906914,0.0
random-s0-0043,voronoi,cycle,150.0,100.0,30.0,1,0,0,0,0,0,0,35.844328356906914,113.1999708411522,35.844328356906914,0.0
random-s0-0043,voronoi,event,0.0,20.0,30.0,1,0,1,1,0,1,0,-2.515496794635368,115.01836156540112,-2.515496794635368,40.0
random-s0-0043,voronoi,event,0.0,100.0,30.0,1,0,1,1,0,1,0,-11.938174156806411,118.82886649067213,-11.938174156806411,99.99999999999991
random-s0-0043,voronoi,event,50.0,20.0,30.0,1,0,0,0,0,0,0,33.784795825536094,111.01870313435626,33.784795825536094,0.0
random-s0-0043,voronoi,event,50.0,100.0,30.0,1,0,0,0,0,0,0,33.315078653264806,62.40341471019247,33.315078653264806,0.0
random-s0-0043,voronoi,event,150.0,20.0,30.0,1,0,0,0,0,0,0,30.61536923415656,101.0833750284612,30.61536923415656,0.0
random-s0-0043,voronoi,event,150.0,100.0,30.0,1,0,0,0,0,0,0,35.844328356906914,123.91289867611334,35.844328356906914,0.0
random-s0-0043,prm,once,0.0,20.0,30.0,1,0,1,1,0,0,1,-33.277871078336744,127.31042584568814,-33.277871078336744,120.0
random-s0-0043,prm,cycle,0.0,20.0,30.0,1,0,0,0,0,0,0,30.108227553555764,67.77545467077292,30.108227553555764,0.0
random-s0-0043,prm,cycle,0.0,100.0,30.0,1,0,0,0,0,0,0,35.844328356906914,115.90219468483144,35.844328356906914,0.0
random-s0-0043,prm,cycle,50.0,20.0,30.0,1,0,0,0,0,0,0,30.879220842927538,111.60470496791834,30.879220842927538,0.0
random-s0-0043,prm,cycle,50.0,100.0,30.0,1,0,0,0,0,0,0,35.844328356906914,109.55975227285438,35.844328356906914,0.0
random-s0-0043,prm,cycle,150.0,20.0,30.0,1,0,0,0,0,0,0,35.844328356906914,114.5631406695926,35.844328356906914,0.0
random-s0-0043,prm,cycle,150.0,100.0,30.0,1,0,0,0,0,0,0,35.844328356906914,109.79531820209048,35.844328356906914,0.0
random-s0-0043,prm,event,0.0,20.0,30.0,1,0,0,0,0,0,0,31.119492560888204,67.67005962559108,31.119492560888204,0.0
random-s0-0043,prm,event,0.0,100.0,30.0,1,0,0,0,0,0,0,35.844328356906914,115.90219468483144,35.844328356906914,0.0
random-s0-0043,prm,event,50.0,20.0,30.0,1,0,0,0,0,0,0,35.844328356906914,114.64475939402666,35.844328356906914,0.0
random-s0-0043,prm,event,50.0,100.0,30.0,1,0,0,0,0,0,0,32.58660708116804,57.83093644717155,32.58660708116804,0.0
random-s0-0043,prm,event,150.0,20.0,30.0,1,0,0,0,0,0,0,30.644991750562184,56.646448772435406,30.644991750562184,0.0
random-s0-0043,prm,event,150.0,100.0,30.0,1,0,0,0,0,0,0,35.844328356906914,113.2124587585082,35.844328356906914,0.0
random-s0-0043,visibility,once,0.0,20.0,30.0,1,0,1,1,0,0,1,-33.277871078336744,127.31042584568814,-33.277871078336744,120.0
random-s0-0043,visibility,cycle,0.0,20.0,30.0,1,0,1,1,0,1,0,-83.95464018215313,124.71281806736658,-83.95464018215313,359.99999999999994
random-s0-0043,visibility,cycle,0.0,100.0,30.0,1,0,1,1,0,0,1,-33.27787107833706,127.6097501426894,-33.27787107833706,119.99999999999991
random-s0-0043,visibility,cycle,50.0,20.0,30.0,1,0,1,1,0,1,0,-84.58599813243478,121.4680177969945,-84.58599813243478,340.0
random-s0-0043,visibility,cycle,50.0,100.0,30.0,1,0,1,1,0,1,0,-89.98218002671045,121.14925601675752,-89.98218002671045,340.0
random-s0-0043,visibility,cycle,150.0,20.0,30.0,1,0,1,1,0,1,0,-35.941763906150925,116.09770754882356,-35.941763906150925,220.0
random-s0-0043,visibility,cycle,150.0,100.0,30.0,1,0,1,1,0,1,0,-43.24091494672399,117.20425547811766,-43.24091494672399,259.99999999999994
random-s0-0043,visibility,event,0.0,20.0,30.0,1,0,1,1,0,1,0,-84.8576526462447,124.6524780097563,-84.8576526462447,380.0
random-s0-0043,visibility,event,0.0,100.0,30.0,1,0,1,1,0,0,1,-33.27787107833706,127.6097501426894,-33.27787107833706,119.99999999999991
random-s0-0043,visibility,event,50.0,20.0,30.0,1,0,1,1,0,1,0,-86.51255450332735,122.0343887987962,-86.51255450332735,360.00000000000006
random-s0-0043,visibility,event,50.0,100.0,30.0,1,0,1,1,0,1,0,-89.98218002671045,121.14925601675752,-89.98218002671045,340.0
random-s0-0043,visibility,event,150.0,20.0,30.0,1,0,1,1,0,1,0,-44.11359966776385,115.35650648149236,-44.11359966776385,240.0
random-s0-0043,visibility,event,150.0,100.0,30.0,1,0,1,1,0,1,0,-43.24091494672399,116.98009685210413,-43.24091494672399,259.99999999999994
random-s0-0044,voronoi,once,0.0,20.0,30.0,1,0,0,0,0,0,0,27.393999345948544,72.41996372820367,27.393999345948544,0.0
random-s0-0044,voronoi,cycle,0.0,20.0,30.0,1,0,2,1,1,1,0,-10.034208535184746,-10.034208535184746,-1.194821065452885,40.0
random-s0-0044,voronoi,cycle,0.0,100.0,30.0,1,0,2,1,1,1,0,-43.16497719238578,-43.16497719238578,-19.47460743646201,439.99999999999983
random-s0-0044,voronoi,cycle,50.0,20.0,30.0,1,0,0,0,0,0,0,36.38523468482365,58.02021912316374,36.38523468482365,0.0
random-s0-0044,voronoi,cycle,50.0,100.0,30.0,1,0,0,0,0,0,0,16.966669919142902,62.55196301979621,16.966669919142902,0.0
random-s0-0044,voronoi,cycle,150.0,20.0,30.0,1,0,0,0,0,0,0,44.64831435245458,79.65622355030195,44.64831435245458,0.0
random-s0-0044,voronoi,cycle,150.0,100.0,30.0,1,0,0,0,0,0,0,58.384420434118624,58.384420434118624,79.70971826478376,0.0
random-s0-0044,voronoi,event,0.0,20.0,30.0,1,0,0,0,0,0,0,23.96327351945692,72.41996372820367,23.96327351945692,0.0
random-s0-0044,voronoi,event,0.0,100.0,30.0,1,0,1,1,0,0,1,-18.37297854539179,72.41996372820367,-18.37297854539179,80.0
random-s0-0044,voronoi,event,50.0,20.0,30.0,1,0,0,0,0,0,0,33.8628496323943,80.67359484412765,33.8628496323943,0.0
random-s0-0044,voronoi,event,50.0,100.0,30.0,1,0,0,0,0,0,0,62.55196301979621,62.55196301979621,134.14773205522658,0.0
random-s0-0044,voronoi,event,150.0,20.0,30.0,1,0,0,0,0,0,0,41.39285935853462,80.67359484412765,41.39285935853462,0.0
random-s0-0044,voronoi,event,150.0,100.0,30.0,1,0,1,1,0,1,0,-3.474347248319674,67.15199996148368,-3.474347248319674,60.0
random-s0-0044,prm,once,0.0,20.0,30.0,1,0,3,1,2,0,1,-147.1623373596204,-61.58717185791871,-147.1623373596204,720.0000000000003
random-s0-0044,prm,cycle,0.0,20.0,30.0,1,0,1,1,0,1,0,-153.7172432018418,31.652638585820142,-153.7172432018418,680.0000000000002
random-s0-0044,prm,cycle,0.0,100.0,30.0,1,0,2,1,1,1,0,-152.70753548431597,-61.58717185791871,-152.70753548431597,700.0000000000003
random-s0-0044,prm,cycle,50.0,20.0,30.0,1,0,2,1,1,1,0,-169.80798430636747,-61.58717185791871,-169.80798430636747,780.0000000000003
random-s0-0044,prm,cycle,50.0,100.0,30.0,1,0,2,1,1,1,0,-172.6124450910582,-61.58717185791871,-172.6124450910582,820.0000000000002
random-s0-0044,prm,cycle,150.0,20.0,30.0,1,0,2,1,1,1,0,-173.83723582790955,-61.58717185791871,-173.83723582790955,780.0000000000003
random-s0-0044,prm,cycle,150.0,100.0,30.0,1,0,2,1,1,1,0,-177.48337358955632,-61.58717185791871,-177.48337358955632,800.0000000000002
random-s0-0044,prm,event,0.0,20.0,30.0,1,0,1,1,0,1,0,-170.19196339460004,31.652638585820142,-170.19196339460004,760.0000000000003
random-s0-0044,prm,event,0.0,100.0,30.0,1,0,3,1,2,1,0,-160.34114429081893,-126.71139808910128,-160.34114429081893,880.0000000000002
random-s0-0044,prm,event,50.0,20.0,30.0,1,0,2,1,1,0,1,-162.24434720528123,-61.58717185791871,-162.24434720528123,460.0000000000001
random-s0-0044,prm,event,50.0,100.0,30.0,1,0,2,1,1,1,0,-172.7891057851324,-61.58717185791871,-172.7891057851324,820.0000000000002
random-s0-0044,prm,event,150.0,20.0,30.0,1,0,2,1,1,1,0,-173.83723582790955,-61.58717185791871,-173.83723582790955,780.0000000000003
random-s0-0044,prm,event,150.0,100.0,30.0,1,0,2,1,1,1,0,-177.48337358955632,-61.58717185791871,-177.48337358955632,800.0000000000002
random-s0-0044,visibility,once,0.0,20.0,30.0,1,0,2,1,1,0,1,-161.47898358323877,-56.80508427790271,-161.47898358323877,580.0000000000002
random-s0-0044,visibility,cycle,0.0,20.0,30.0,1,0,1,1,0,1,0,-171.50351152737522,90.96020612504418,-171.50351152737522,560.0000000000001
random-s0-0044,visibility,cycle,0.0,100.0,30.0,1,0,1,1,0,1,0,-171.28878815460502,90.96020612504418,-171.28878815460502,540.0000000000001
random-s0-0044,visibility,cycle,50.0,20.0,30.0,1,0,1,1,0,0,1,-163.77198505564434,90.96020612504418,-163.77198505564434,500.0000000000001
random-s0-0044,visibility,cycle,50.0,100.0,30.0,1,0,1,1,0,1,0,-169.97374850275153,90.96020612504418,-169.97374850275153,560.0000000000001
random-s0-0044,visibility,cycle,150.0,20.0,30.0,1,0,1,1,0,1,0,-175.62263308031444,90.96020612504418,-175.62263308031444,720.0000000000003
random-s0-0044,visibility,cycle,150.0,100.0,30.0,1,0,1,1,0,1,0,-173.621446404837,90.96020612504418,-173.621446404837,720.0000000000001
random-s0-0044,visibility,event,0.0,20.0,30.0,1,0,1,1,0,0,1,-163.77198505564434,90.96020612504418,-163.77198505564434,500.0000000000001
random-s0-0044,visibility,event,0.0,100.0,30.0,1,0,1,1,0,0,1,-161.47898358323886,90.96020612504418,-161.47898358323886,500.0000000000001
random-s0-0044,visibility,event,50.0,20.0,30.0,1,0,1,1,0,0,1,-163.77198505564434,90.96020612504418,-163.77198505564434,500.0000000000001
random-s0-0044,visibility,event,50.0,100.0,30.0,1,0,1,1,0,0,1,-161.47898358323886,90.96020612504418,-161.47898358323886,500.0000000000001
random-s0-0044,visibility,event,150.0,20.0,30.0,1,0,1,1,0,1,0,-173.95789753768298,90.96020612504418,-173.95789753768298,700.0000000000003
random-s0-0044,visibility,event,150.0,100.0,30.0,1,0,1,1,0,1,0,-173.621446404837,90.96020612504418,-173.621446404837,720.0000000000001
random-s0-0045,voronoi,once,0.0,20.0,30.0,1,0,5,2,3,0,2,-148.77879914146231,-148.77879914146231,-122.89180502150305,2320.000000000002
random-s0-0045,voronoi,cycle,0.0,20.0,30.0,1,0,0,0,0,0,0,32.54893168421543,32.54893168421543,40.30489083707525,0.0
random-s0-0045,voronoi,cycle,0.0,100.0,30.0,1,0,0,0,0,0,0,23.71113321585884,23.71113321585884,67.76496317334602,0.0
random-s0-0045,voronoi,cycle,50.0,20.0,30.0,1,0,0,0,0,0,0,62.64465888483855,194.6301708740388,62.64465888483855,0.0
random-s0-0045,voronoi,cycle,50.0,100.0,30.0,1,0,0,0,0,0,0,92.50966773962044,151.75187158643223,92.50966773962044,0.0
random-s0-0045,voronoi,cycle,150.0,20.0,30.0,1,0,0,0,0,0,0,105.06461910116305,105.06461910116305,159.17634570377095,0.0
random-s0-0045,voronoi,cycle,150.0,100.0,30.0,1,0,0,0,0,0,0,46.80685711145503,151.3585779400815,46.80685711145503,0.0
random-s0-0045,voronoi,event,0.0,20.0,30.0,1,0,0,0,0,0,0,82.85463154853386,82.85463154853386,99.13227519621518,0.0
random-s0-0045,voronoi,event,0.0,100.0,30.0,1,0,0,0,0,0,0,79.73049575401978,130.6798535453422,79.73049575401978,0.0
random-s0-0045,voronoi,event,50.0,20.0,30.0,1,0,0,0,0,0,0,47.54320783210599,209.87148034527277,47.54320783210599,0.0
random-s0-0045,voronoi,event,50.0,100.0,30.0,1,0,0,0,0,0,0,119.24108409389412,137.1024952110214,119.24108409389412,0.0
random-s0-0045,voronoi,event,150.0,20.0,30.0,1,0,0,0,0,0,0,37.058052514723215,37.058052514723215,129.92284958183916,0.0
random-s0-0045,voronoi,event,150.0,100.0,30.0,1,0,0,0,0,0,0,70.49374570574909,151.3585779400815,70.49374570574909,0.0
random-s0-0045,prm,once,0.0,20.0,30.0,1,0,3,2,1,0,2,-150.0259390138625,-150.0259390138625,-104.24889214591728,1380.000000000001
random-s0-0045,prm,cycle,0.0,20.0,30.0,1,0,0,0,0,0,0,63.17663191616188,63.17663191616188,63.621821423652506,0.0
random-s0-0045,prm,cycle,0.0,100.0,30.0,1,0,1,1,0,1,0,-33.06089264880154,26.92427183038293,-33.06089264880154,159.9999999999999
random-s0-0045,prm,cycle,50.0,20.0,30.0,1,0,0,0,0,0,0,84.00343162370439,117.7734296869317,84.00343162370439,0.0
random-s0-0045,prm,cycle,50.0,100.0,30.0,1,0,2,0,2,0,0,-126.96350392792256,-126.96350392792256,73.98186217392214,79.9999999999999
random-s0-0045,prm,cycle,150.0,20.0,30.0,1,0,0,0,0,0,0,66.56289819266783,66.56289819266783,78.06178702409773,0.0
random-s0-0045,prm,cycle,150.0,100.0,30.0,1,0,0,0,0,0,0,80.64253411348346,87.06746392472593,80.64253411348346,0.0
random-s0-0045,prm,event,0.0,20.0,30.0,1,0,0,0,0,0,0,26.55746306641575,131.79644127483817,26.55746306641575,0.0
random-s0-0045,prm,event,0.0,100.0,30.0,1,0,1,1,0,1,0,-33.06089264880154,139.67059444897552,-33.06089264880154,159.9999999999999
random-s0-0045,prm,event,50.0,20.0,30.0,1,0,0,0,0,0,0,79.42845651972021,209.636554985612,79.42845651972021,0.0
random-s0-0045,prm,event,50.0,100.0,30.0,1,0,1,1,0,0,1,-30.399547906048383,75.70007605561298,-30.399547906048383,40.0
random-s0-0045,prm,event,150.0,20.0,30.0,1,0,0,0,0,0,0,67.48221316311111,87.06746392472593,67.48221316311111,0.0
random-s0-0045,prm,event,150.0,100.0,30.0,1,0,1,0,1,0,0,-69.27575469328919,-69.27575469328919,156.46819354822014,40.0
random-s0-0045,visibility,once,0.0,20.0,30.0,1,0,1,1,0,0,1,-73.93640155078717,109.7203140701667,-73.93640155078717,80.0
random-s0-0045,visibility,cycle,0.0,20.0,30.0,1,0,0,0,0,0,0,59.019276926399584,172.43840768516088,59.019276926399584,0.0
random-s0-0045,visibility,cycle,0.0,100.0,30.0,1,0,0,0,0,0,0,62.69880979856475,155.473032369708,62.69880979856475,0.0
random-s0-0045,visibility,cycle,50.0,20.0,30.0,1,0,0,0,0,0,0,48.24532060914922,248.1418747295761,48.24532060914922,0.0
random-s0-0045,visibility,cycle,50.0,100.0,30.0,1,0,0,0,0,0,0,52.88673273133105,75.6198765372699,52.88673273133105,0.0
random-s0-0045,visibility,cycle,150.0,20.0,30.0,1,0,1,1,0,1,0,-10.23923590539411,69.74562285885139,-10.23923590539411,180.0
random-s0-0045,visibility,cycle,150.0,100.0,30.0,1,0,1,1,0,0,1,-164.28576094323608,29.30672345120701,-164.28576094323608,279.99999999999994
random-s0-0045,visibility,event,0.0,20.0,30.0,1,0,0,0,0,0,0,45.91712582420328,45.91712582420328,67.86075472032073,0.0
random-s0-0045,visibility,event,0.0,100.0,30.0,1,0,0,0,0,0,0,73.45958063607142,80.0430868376626,73.45958063607142,0.0
random-s0-0045,visibility,event,50.0,20.0,30.0,1,0,0,0,0,0,0,50.8924595806599,73.35156244505731,50.8924595806599,0.0
random-s0-0045,visibility,event,50.0,100.0,30.0,1,0,0,0,0,0,0,9.677545348588978,214.1766985553641,9.677545348588978,0.0
random-s0-0045,visibility,event,150.0,20.0,30.0,1,0,1,0,1,0,0,-112.78608299317771,-112.78608299317771,39.27610475837241,60.0
random-s0-0045,visibility,event,150.0,100.0,30.0,1,0,1,0,1,0,0,-8.142998041109792,-8.142998041109792,54.1867388914846,20.0
random-s0-0046,voronoi,once,0.0,20.0,30.0,1,0,1,0,1,0,0,-75.02228105751495,-75.02228105751495,371.7776423246801,360.00000000000006
random-s0-0046,voronoi,cycle,0.0,20.0,30.0,1,0,0,0,0,0,0,19.77233449665121,19.77233449665121,34.03404645641007,0.0
random-s0-0046,voronoi,cycle,0.0,100.0,30.0,1,0,0,0,0,0,0,19.77233449665169,19.77233449665169,443.1158482585248,0.0
random-s0-0046,voronoi,cycle,50.0,20.0,30.0,1,0,0,0,0,0,0,38.571821628479455,239.3655768818267,38.571821628479455,0.0
random-s0-0046,voronoi,cycle,50.0,100.0,30.0,1,0,0,0,0,0,0,212.04626285857975,212.04626285857975,526.1056391851894,0.0
random-s0-0046,voronoi,cycle,150.0,20.0,30.0,1,0,0,0,0,0,0,66.04860931830461,110.03397887063296,66.04860931830461,0.0
random-s0-0046,voronoi,cycle,150.0,100.0,30.0,1,0,0,0,0,0,0,67.03720549389331,67.03720549389331,244.92051129005523,0.0
random-s0-0046,voronoi,event,0.0,20.0,30.0,1,0,0,0,0,0,0,19.77233449665121,19.77233449665121,36.49999693479279,0.0
random-s0-0046,voronoi,event,0.0,100.0,30.0,1,0,0,0,0,0,0,19.77233449665169,19.77233449665169,36.49999693479262,0.0
random-s0-0046,voronoi,event,50.0,20.0,30.0,1,0,0,0,0,0,0,36.52848740952845,218.25068904862235,36.52848740952845,0.0
random-s0-0046,voronoi,event,50.0,100.0,30.0,1,0,0,0,0,0,0,212.04626285857975,212.04626285857975,371.7885932583812,0.0
random-s0-0046,voronoi,event,150.0,20.0,30.0,1,0,0,0,0,0,0,138.1948274428281,141.139344806863,138.1948274428281,0.0
random-s0-0046,voronoi,event,150.0,100.0,30.0,1,0,2,0,2,0,0,-34.307149973557586,-34.307149973557586,51.14678645155092,279.9999999999999
random-s0-0046,prm,once,0.0,20.0,30.0,1,0,2,1,1,0,1,-75.02228105751495,-75.02228105751495,-44.21223682275868,480.00000000000017
random-s0-0046,prm,cycle,0.0,20.0,30.0,1,0,1,0,1,0,0,-154.36698143230683,-154.36698143230683,31.35429265017908,460.00000000000006
random-s0-0046,prm,cycle,0.0,100.0,30.0,1,0,1,0,1,0,0,-75.02228105751516,-75.02228105751516,30.97446295566519,359.9999999999997
random-s0-0046,prm,cycle,50.0,20.0,30.0,1,0,0,0,0,0,0,42.434831126980015,233.472441489952,42.434831126980015,0.0
random-s0-0046,prm,cycle,50.0,100.0,30.0,1,0,1,0,1,0,0,-146.867928767867,-146.867928767867,67.80746283623819,80.0
random-s0-0046,prm,cycle,150.0,20.0,30.0,1,0,1,0,1,0,0,-75.02228105751584,-75.02228105751584,30.61532202849628,360.00000000000006
random-s0-0046,prm,cycle,150.0,100.0,30.0,1,0,1,0,1,0,0,-75.02228105751516,-75.02228105751516,91.7292982019689,359.9999999999997
random-s0-0046,prm,event,0.0,20.0,30.0,1,0,1,0,1,0,0,-154.36698143230683,-154.36698143230683,36.32812156697807,460.00000000000006
random-s0-0046,prm,event,0.0,100.0,30.0,1,0,1,0,1,0,0,-75.02228105751516,-75.02228105751516,68.11010067045626,359.9999999999997
random-s0-0046,prm,event,50.0,20.0,30.0,1,0,0,0,0,0,0,33.78710344342625,183.06230697111147,33.78710344342625,0.0
random-s0-0046,prm,event,50.0,100.0,30.0,1,0,0,0,0,0,0,68.11010067045626,194.02945702122503,68.11010067045626,0.0
random-s0-0046,prm,event,150.0,20.0,30.0,1,0,1,0,1,0,0,-75.02228105751584,-75.02228105751584,193.65691625810285,360.00000000000006
random-s0-0046,prm,event,150.0,100.0,30.0,1,0,1,0,1,0,0,-75.02228105751516,-75.02228105751516,116.7960076322812,359.9999999999997
random-s0-0046,visibility,once,0.0,20.0,30.0,1,0,2,0,2,0,0,-120.67549872491124,-120.67549872491124,156.3848947126907,360.00000000000006
random-s0-0046,visibility,cycle,0.0,20.0,30.0,1,0,0,0,0,0,0,56.27932253743924,56.27932253743924,166.61124213696166,0.0
random-s0-0046,visibility,cycle,0.0,100.0,30.0,1,0,1,0,1,0,0,-75.02228105751516,-75.02228105751516,162.1358573675435,359.9999999999997
random-s0-0046,visibility,cycle,50.0,20.0,30.0,1,0,0,0,0,0,0,163.06762698538745,214.1610504664897,163.06762698538745,0.0
random-s0-0046,visibility,cycle,50.0,100.0,30.0,1,0,0,0,0,0,0,158.579324242491,212.04626285857975,158.579324242491,0.0
random-s0-0046,visibility,cycle,150.0,20.0,30.0,1,0,1,0,1,0,0,-75.02228105751584,-75.02228105751584,145.50925747633363,360.00000000000006
random-s0-0046,visibility,cycle,150.0,100.0,30.0,1,0,1,0,1,0,0,-75.02228105751516,-75.02228105751516,145.50925747633357,359.9999999999997
random-s0-0046,visibility,event,0.0,20.0,30.0,1,0,0,0,0,0,0,56.27932253743924,56.27932253743924,156.3848947126907,0.0
random-s0-0046,visibility,event,0.0,100.0,30.0,1,0,1,0,1,0,0,-75.02228105751516,-75.02228105751516,156.3848947126907,359.9999999999997
random-s0-0046,visibility,event,50.0,20.0,30.0,1,0,0,0,0,0,0,152.807224840329,229.5679619037801,152.807224840329,0.0
random-s0-0046,visibility,event,50.0,100.0,30.0,1,0,0,0,0,0,0,152.807224840329,212.04626285857975,152.807224840329,0.0
random-s0-0046,visibility,event,150.0,20.0,30.0,1,0,1,0,1,0,0,-75.02228105751584,-75.02228105751584,145.50925747633363,360.00000000000006
random-s0-0046,visibility,event,150.0,100.0,30.0,1,0,1,0,1,0,0,-75.02228105751516,-75.02228105751516,145.50925747633357,359.9999999999997
random-s0-0047,voronoi,once,0.0,20.0,30.0,1,0,1,0,1,0,0,-28.30023583611853,-28.30023583611853,60.40207985789138,40.0
random-s0-0047,voronoi,cycle,0.0,20.0,30.0,1,0,0,0,0,0,0,43.63571594506746,191.59681887911336,43.63571594506746,0.0
random-s0-0047,voronoi,cycle,0.0,100.0,30.0,1,0,0,0,0,0,0,60.40207985789138,282.50244369099363,60.40207985789138,0.0
random-s0-0047,voronoi,cycle,50.0,20.0,30.0,1,0,0,0,0,0,0,49.62115707157207,182.57155252341715,49.62115707157207,0.0
random-s0-0047,voronoi,cycle,50.0,100.0,30.0,1,0,0,0,0,0,0,60.40207985789138,142.38131886193082,60.40207985789138,0.0
random-s0-0047,voronoi,cycle,150.0,20.0,30.0,1,0,0,0,0,0,0,52.95947203545498,278.41571247309,52.95947203545498,0.0
random-s0-0047,voronoi,cycle,150.0,100.0,30.0,1,0,0,0,0,0,0,60.40207985789138,200.719453286519,60.40207985789138,0.0
random-s0-0047,voronoi,event,0.0,20.0,30.0,1,0,0,0,0,0,0,36.68002295874257,144.2775612592087,36.68002295874257,0.0
random-s0-0047,voronoi,event,0.0,100.0,30.0,1,0,0,0,0,0,0,50.22751151019099,141.55997860071318,50.22751151019099,0.0
random-s0-0047,voronoi,event,50.0,20.0,30.0,1,0,0,0,0,0,0,35.445612454628304,114.55605017174486,35.445612454628304,0.0
random-s0-0047,voronoi,event,50.0,100.0,30.0,1,0,0,0,0,0,0,35.10757392350351,264.515043085633,35.10757392350351,0.0
random-s0-0047,voronoi,event,150.0,20.0,30.0,1,0,0,0,0,0,0,3.759461462618305,500.20059211800526,3.759461462618305,0.0
random-s0-0047,voronoi,event,150.0,100.0,30.0,1,0,0,0,0,0,0,20.204073133408,270.9221472648968,20.204073133408,0.0
random-s0-0047,prm,once,0.0,20.0,30.0,1,0,1,0,1,0,0,-27.98458298515644,-27.98458298515644,60.40207985789138,40.0
random-s0-0047,prm,cycle,0.0,20.0,30.0,1,0,0,0,0,0,0,35.9033519775538,231.4628685159621,35.9033519775538,0.0
random-s0-0047,prm,cycle,0.0,100.0,30.0,1,0,1,0,1,0,0,-27.98458298515644,-27.98458298515644,36.53348910642717,40.0
random-s0-0047,prm,cycle,50.0,20.0,30.0,1,0,0,0,0,0,0,37.10640725018382,382.2017105790532,37.10640725018382,0.0
random-s0-0047,prm,cycle,50.0,100.0,30.0,1,0,1,0,1,0,0,-27.98458298515644,-27.98458298515644,52.76825787275345,40.0
random-s0-0047,prm,cycle,150.0,20.0,30.0,1,0,1,0,1,0,0,-27.98458298515644,-27.98458298515644,31.5005727916556,40.0
random-s0-0047,prm,cycle,150.0,100.0,30.0,1,0,1,0,1,0,0,-27.98458298515644,-27.98458298515644,60.40207985789138,40.0
random-s0-0047,prm,event,0.0,20.0,30.0,1,0,0,0,0,0,0,35.9033519775538,76.78410530005436,35.9033519775538,0.0
random-s0-0047,prm,event,0.0,100.0,30.0,1,0,1,0,1,0,0,-27.98458298515644,-27.98458298515644,33.977538194937495,40.0
random-s0-0047,prm,event,50.0,20.0,30.0,1,0,0,0,0,0,0,60.40207985789138,320.68792954580806,60.40207985789138,0.0
random-s0-0047,prm,event,50.0,100.0,30.0,1,0,1,0,1,0,0,-27.98458298515644,-27.98458298515644,44.721902073281086,40.0
random-s0-0047,prm,event,150.0,20.0,30.0,1,0,1,0,1,0,0,-27.98458298515644,-27.98458298515644,60.40207985789138,40.0
random-s0-0047,prm,event,150.0,100.0,30.0,1,0,1,0,1,0,0,-27.98458298515644,-27.98458298515644,60.40207985789138,40.0
random-s0-0047,visibility,once,0.0,20.0,30.0,1,0,1,0,1,0,0,-31.986342547329254,-31.986342547329254,29.376033635656853,120.0
random-s0-0047,visibility,cycle,0.0,20.0,30.0,1,0,0,0,0,0,0,30.12614782647853,53.84323928804733,30.12614782647853,0.0
random-s0-0047,visibility,cycle,0.0,100.0,30.0,1,0,0,0,0,0,0,31.24210803694484,63.12191986557645,31.24210803694484,0.0
random-s0-0047,visibility,cycle,50.0,20.0,30.0,1,0,0,0,0,0,0,30.12614782647853,128.05122620201138,30.12614782647853,0.0
random-s0-0047,visibility,cycle,50.0,100.0,30.0,1,0,0,0,0,0,0,30.603045368004477,95.28434068168303,30.603045368004477,0.0
random-s0-0047,visibility,cycle,150.0,20.0,30.0,1,0,0,0,0,0,0,23.720570170417147,102.26530603221232,23.720570170417147,0.0
random-s0-0047,visibility,cycle,150.0,100.0,30.0,1,0,0,0,0,0,0,29.79566523257259,122.76302001068416,29.79566523257259,0.0
random-s0-0047,visibility,event,0.0,20.0,30.0,1,0,0,0,0,0,0,30.12614782647853,101.13262770636226,30.12614782647853,0.0
random-s0-0047,visibility,event,0.0,100.0,30.0,1,0,0,0,0,0,0,31.88797190166821,73.23047541442466,31.88797190166821,0.0
random-s0-0047,visibility,event,50.0,20.0,30.0,1,0,0,0,0,0,0,30.12614782647853,55.44633929579007,30.12614782647853,0.0
random-s0-0047,visibility,event,50.0,100.0,30.0,1,0,0,0,0,0,0,31.64429001642779,64.05471457376771,31.64429001642779,0.0
random-s0-0047,visibility,event,150.0,20.0,30.0,1,0,0,0,0,0,0,12.970560785686445,134.94684564714487,12.970560785686445,0.0
random-s0-0047,visibility,event,150.0,100.0,30.0,1,0,0,0,0,0,0,26.960471316715115,126.69998731818448,26.960471316715115,0.0
random-s0-0048,voronoi,once,0.0,20.0,30.0,1,0,1,0,1,0,0,-95.75331485930704,-95.75331485930704,89.04213313568192,220.0
random-s0-0048,voronoi,cycle,0.0,20.0,30.0,1,0,0,0,0,0,0,42.50834983170989,93.2726255549016,42.50834983170989,0.0
random-s0-0048,voronoi,cycle,0.0,100.0,30.0,1,0,0,0,0,0,0,32.386905834015465,32.386905834015465,89.04213313568192,0.0
random-s0-0048,voronoi,cycle,50.0,20.0,30.0,1,0,0,0,0,0,0,89.04213313568079,117.37369697075286,89.04213313568079,0.0
random-s0-0048,voronoi,cycle,50.0,100.0,30.0,1,0,0,0,0,0,0,89.04213313568192,92.68994161337974,89.04213313568192,0.0
random-s0-0048,voronoi,cycle,150.0,20.0,30.0,1,0,0,0,0,0,0,3.2484427054146465,270.01066190161896,3.2484427054146465,0.0
random-s0-0048,voronoi,cycle,150.0,100.0,30.0,1,0,0,0,0,0,0,49.48278292306236,163.10572663262246,49.48278292306236,0.0
random-s0-0048,voronoi,event,0.0,20.0,30.0,1,0,0,0,0,0,0,42.925410654142325,91.1847171253542,42.925410654142325,0.0
random-s0-0048,voronoi,event,0.0,100.0,30.0,1,0,0,0,0,0,0,89.04213313568192,167.41463001358426,89.04213313568192,0.0
random-s0-0048,voronoi,event,50.0,20.0,30.0,1,0,0,0,0,0,0,89.04213313568079,124.66565560331657,89.04213313568079,0.0
random-s0-0048,voronoi,event,50.0,100.0,30.0,1,0,0,0,0,0,0,89.04213313568192,114.5750960239892,89.04213313568192,0.0
random-s0-0048,voronoi,event,150.0,20.0,30.0,1,0,0,0,0,0,0,233.38931659102892,233.38931659102892,344.6096167627886,0.0
random-s0-0048,voronoi,event,150.0,100.0,30.0,1,0,0,0,0,0,0,174.43085182812632,174.43085182812632,344.6096167627886,0.0
random-s0-0048,prm,once,0.0,20.0,30.0,1,0,0,0,0,0,0,6.115511236856264,6.115511236856264,89.04213313568192,0.0
random-s0-0048,prm,cycle,0.0,20.0,30.0,1,0,0,0,0,0,0,32.11507136197554,90.6225072527604,32.11507136197554,0.0
random-s0-0048,prm,cycle,0.0,100.0,30.0,1,0,0,0,0,0,0,52.85663247408243,79.58549068764762,52.85663247408243,0.0
random-s0-0048,prm,cycle,50.0,20.0,30.0,1,0,0,0,0,0,0,32.11507136197554,87.31285232539972,32.11507136197554,0.0
random-s0-0048,prm,cycle,50.0,100.0,30.0,1,0,0,0,0,0,0,69.88147136222756,164.6447871726141,69.88147136222756,0.0
random-s0-0048,prm,cycle,150.0,20.0,30.0,1,0,0,0,0,0,0,69.88147136222756,138.4529469472091,69.88147136222756,0.0
random-s0-0048,prm,cycle,150.0,100.0,30.0,1,0,0,0,0,0,0,69.88147136222756,252.69465225072804,69.88147136222756,0.0
random-s0-0048,prm,event,0.0,20.0,30.0,1,0,0,0,0,0,0,32.11507136197554,90.6225072527604,32.11507136197554,0.0
random-s0-0048,prm,event,0.0,100.0,30.0,1,0,0,0,0,0,0,52.85663247408243,79.58549068764762,52.85663247408243,0.0
random-s0-0048,prm,event,50.0,20.0,30.0,1,0,0,0,0,0,0,32.11507136197554,90.6225072527604,32.11507136197554,0.0
random-s0-0048,prm,event,50.0,100.0,30.0,1,0,0,0,0,0,0,69.88147136222756,214.80911986177625,69.88147136222756,0.0
random-s0-0048,prm,event,150.0,20.0,30.0,1,0,0,0,0,0,0,64.15313619968151,221.85067025453844,64.15313619968151,0.0
random-s0-0048,prm,event,150.0,100.0,30.0,1,0,0,0,0,0,0,69.88147136222756,296.9865990899159,69.88147136222756,0.0
random-s0-0048,visibility,once,0.0,20.0,30.0,1,0,0,0,0,0,0,46.16993363642462,348.5861478046461,46.16993363642462,0.0
random-s0-0048,visibility,cycle,0.0,20.0,30.0,1,0,0,0,0,0,0,32.340361917672425,348.58614780464575,32.340361917672425,0.0
random-s0-0048,visibility,cycle,0.0,100.0,30.0,1,0,0,0,0,0,0,33.15382862292648,348.5861478046461,33.15382862292648,0.0
random-s0-0048,visibility,cycle,50.0,20.0,30.0,1,0,0,0,0,0,0,32.340361917672425,348.58614780464575,32.340361917672425,0.0
random-s0-0048,visibility,cycle,50.0,100.0,30.0,1,0,0,0,0,0,0,33.15382862292648,348.5861478046461,33.15382862292648,0.0
random-s0-0048,visibility,cycle,150.0,20.0,30.0,1,0,0,0,0,0,0,30.190738734804317,361.8858183564988,30.190738734804317,0.0
random-s0-0048,visibility,cycle,150.0,100.0,30.0,1,0,0,0,0,0,0,33.15382862292648,381.8773148862096,33.15382862292648,0.0
random-s0-0048,visibility,event,0.0,20.0,30.0,1,0,0,0,0,0,0,32.340361917672425,348.58614780464575,32.340361917672425,0.0
random-s0-0048,visibility,event,0.0,100.0,30.0,1,0,0,0,0,0,0,33.15382862292648,348.5861478046461,33.15382862292648,0.0
random-s0-0048,visibility,event,50.0,20.0,30.0,1,0,0,0,0,0,0,32.340361917672425,348.58614780464575,32.340361917672425,0.0
random-s0-0048,visibility,event,50.0,100.0,30.0,1,0,0,0,0,0,0,33.15382862292648,348.5861478046461,33.15382862292648,0.0
random-s0-0048,visibility,event,150.0,20.0,30.0,1,0,0,0,0,0,0,32.340361917672425,337.67088951079575,32.340361917672425,0.0
random-s0-0048,visibility,event,150.0,100.0,30.0,1,0,0,0,0,0,0,33.15382862292648,381.8773148862096,33.15382862292648,0.0
random-s0-0049,voronoi,once,0.0,20.0,30.0,1,0,2,1,1,0,1,-176.74322005615355,-176.74322005615355,-86.51668799336097,580.0000000000002
random-s0-0049,voronoi,cycle,0.0,20.0,30.0,1,0,0,0,0,0,0,20.572817828011665,65.24905486845242,20.572817828011665,0.0
random-s0-0049,voronoi,cycle,0.0,100.0,30.0,1,0,0,0,0,0,0,14.353053275374606,26.88493579488369,14.353053275374606,0.0
random-s0-0049,voronoi,cycle,50.0,20.0,30.0,1,0,0,0,0,0,0,70.4379383808672,105.80940168620532,70.4379383808672,0.0
random-s0-0049,voronoi,cycle,50.0,100.0,30.0,1,0,0,0,0,0,0,26.88493579488369,26.88493579488369,76.58070048564849,0.0
random-s0-0049,voronoi,cycle,150.0,20.0,30.0,1,0,0,0,0,0,0,102.47680223375642,102.47680223375642,164.8597486924997,0.0
random-s0-0049,voronoi,cycle,150.0,100.0,30.0,1,0,1,0,1,0,0,-117.4350332649017,-117.4350332649017,161.41974167372342,80.0
random-s0-0049,voronoi,event,0.0,20.0,30.0,1,0,0,0,0,0,0,3.104746415927849,65.24905486845242,3.104746415927849,0.0
random-s0-0049,voronoi,event,0.0,100.0,30.0,1,0,0,0,0,0,0,4.231451679170391,26.88493579488369,4.231451679170391,0.0
random-s0-0049,voronoi,event,50.0,20.0,30.0,1,0,0,0,0,0,0,68.51039880539122,105.80940168620532,68.51039880539122,0.0
random-s0-0049,voronoi,event,50.0,100.0,30.0,1,0,0,0,0,0,0,26.88493579488369,26.88493579488369,72.39895781380605,0.0
random-s0-0049,voronoi,event,150.0,20.0,30.0,1,0,0,0,0,0,0,102.47680223375642,102.47680223375642,163.2248946278463,0.0
random-s0-0049,voronoi,event,150.0,100.0,30.0,1,0,1,0,1,0,0,-117.4350332649017,-117.4350332649017,227.87227168806797,80.0
random-s0-0049,prm,once,0.0,20.0,30.0,1,0,1,1,0,1,0,-57.23856319798148,26.88493579488369,-57.23856319798148,220.0
random-s0-0049,prm,cycle,0.0,20.0,30.0,1,0,0,0,0,0,0,66.36168336905763,85.33714662899064,66.36168336905763,0.0
random-s0-0049,prm,cycle,0.0,100.0,30.0,1,0,0,0,0,0,0,26.88493579488369,26.88493579488369,117.6504571468385,0.0
random-s0-0049,prm,cycle,50.0,20.0,30.0,1,0,0,0,0,0,0,26.88493579488369,26.88493579488369,84.93182213771962,0.0
random-s0-0049,prm,cycle,50.0,100.0,30.0,1,0,0,0,0,0,0,26.88493579488369,26.88493579488369,75.32518623638899,0.0
random-s0-0049,prm,cycle,150.0,20.0,30.0,1,0,0,0,0,0,0,26.88493579488369,26.88493579488369,233.62840364857112,0.0
random-s0-0049,prm,cycle,150.0,100.0,30.0,1,0,0,0,0,0,0,26.88493579488369,26.88493579488369,317.7783942990725,0.0
random-s0-0049,prm,event,0.0,20.0,30.0,1,0,0,0,0,0,0,44.27484690086544,85.33714662899064,44.27484690086544,0.0
random-s0-0049,prm,event,0.0,100.0,30.0,1,0,0,0,0,0,0,26.88493579488369,26.88493579488369,186.4950643916318,0.0
random-s0-0049,prm,event,50.0,20.0,30.0,1,0,0,0,0,0,0,26.88493579488369,26.88493579488369,98.88570813320268,0.0
random-s0-0049,prm,event,50.0,100.0,30.0,1,0,0,0,0,0,0,26.88493579488369,26.88493579488369,98.88570813320274,0.0
random-s0-0049,prm,event,150.0,20.0,30.0,1,0,0,0,0,0,0,26.88493579488369,26.88493579488369,157.41123696995567,0.0
random-s0-0049,prm,event,150.0,100.0,30.0,1,0,0,0,0,0,0,26.88493579488369,26.88493579488369,336.2979341994743,0.0
random-s0-0049,visibility,once,0.0,20.0,30.0,1,0,1,1,0,0,1,-147.37226216494992,26.88493579488369,-147.37226216494992,160.0
random-s0-0049,visibility,cycle,0.0,20.0,30.0,1,0,1,1,0,1,0,-80.71211594569252,105.80940168620532,-80.71211594569252,240.0
random-s0-0049,visibility,cycle,0.0,100.0,30.0,1,0,1,1,0,1,0,-91.3081727509738,26.88493579488369,-91.3081727509738,240.0
random-s0-0049,visibility,cycle,50.0,20.0,30.0,1,0,1,1,0,1,0,-35.51414555787093,26.88493579488369,-35.51414555787093,160.0
random-s0-0049,visibility,cycle,50.0,100.0,30.0,1,0,1,1,0,1,0,-44.76948811239646,26.88493579488369,-44.76948811239646,180.0
random-s0-0049,visibility,cycle,150.0,20.0,30.0,1,0,0,0,0,0,0,26.88493579488369,26.88493579488369,60.15588973635059,0.0
random-s0-0049,visibility,cycle,150.0,100.0,30.0,1,0,0,0,0,0,0,26.88493579488369,26.88493579488369,46.210862361980304,0.0
random-s0-0049,visibility,event,0.0,20.0,30.0,1,0,1,1,0,1,0,-85.01407106822239,105.80940168620532,-85.01407106822239,240.0
random-s0-0049,visibility,event,0.0,100.0,30.0,1,0,1,1,0,1,0,-91.3081727509738,26.88493579488369,-91.3081727509738,240.0
random-s0-0049,visibility,event,50.0,20.0,30.0,1,0,1,1,0,1,0,-39.99739038830333,26.88493579488369,-39.99739038830333,180.0
random-s0-0049,visibility,event,50.0,100.0,30.0,1,0,1,1,0,1,0,-44.76948811239646,26.88493579488369,-44.76948811239646,180.0
random-s0-0049,visibility,event,150.0,20.0,30.0,1,0,0,0,0,0,0,26.88493579488369,26.88493579488369,51.44667337218769,0.0
random-s0-0049,visibility,event,150.0,100.0,30.0,1,0,0,0,0,0,0,26.88493579488369,26.88493579488369,156.18995080110227,0.0
random-s0-0050,voronoi,once,0.0,20.0,30.0,1,0,1,1,0,1,0,-16.869635717916765,318.588196064615,-16.869635717916765,259.99999999999994
random-s0-0050,voronoi,cycle,0.0,20.0,30.0,1,0,0,0,0,0,0,37.657721884595816,312.08595191787515,37.657721884595816,0.0
random-s0-0050,voronoi,cycle,0.0,100.0,30.0,1,0,0,0,0,0,0,77.12109828145265,311.57086249061683,77.12109828145265,0.0
random-s0-0050,voronoi,cycle,50.0,20.0,30.0,1,0,0,0,0,0,0,41.20269950885512,312.08595191787515,41.20269950885512,0.0
random-s0-0050,voronoi,cycle,50.0,100.0,30.0,1,0,0,0,0,0,0,77.12109828145265,311.57086249061683,77.12109828145265,0.0
random-s0-0050,voronoi,cycle,150.0,20.0,30.0,1,0,0,0,0,0,0,189.5265800240853,309.7006395579933,189.5265800240853,0.0
random-s0-0050,voronoi,cycle,150.0,100.0,30.0,1,0,0,0,0,0,0,39.91551721372275,318.8673364563574,39.91551721372275,0.0
random-s0-0050,voronoi,event,0.0,20.0,30.0,1,0,1,1,0,1,0,-9.418252025787751,312.08595191787515,-9.418252025787751,420.0000000000001
random-s0-0050,voronoi,event,0.0,100.0,30.0,1,0,2,2,0,1,1,-30.22487964184924,311.57086249061683,-30.22487964184924,99.9999999999998
random-s0-0050,voronoi,event,50.0,20.0,30.0,1,0,0,0,0,0,0,41.83677255335894,312.08595191787515,41.83677255335894,0.0
random-s0-0050,voronoi,event,50.0,100.0,30.0,1,0,0,0,0,0,0,68.10510693943635,311.57086249061683,68.10510693943635,0.0
random-s0-0050,voronoi,event,150.0,20.0,30.0,1,0,0,0,0,0,0,210.0786884708632,308.9799017904327,210.0786884708632,0.0
random-s0-0050,voronoi,event,150.0,100.0,30.0,1,0,0,0,0,0,0,232.00754868326607,308.9737588873066,232.00754868326607,0.0
random-s0-0050,prm,once,0.0,20.0,30.0,1,0,1,0,1,0,0,-87.226728108265,-87.226728108265,148.49428736896618,60.0
random-s0-0050,prm,cycle,0.0,20.0,30.0,1,0,0,0,0,0,0,33.29003805682089,317.9523831354882,33.29003805682089,0.0
random-s0-0050,prm,cycle,0.0,100.0,30.0,1,0,0,0,0,0,0,41.10784874528477,317.78325565992355,41.10784874528477,0.0
random-s0-0050,prm,cycle,50.0,20.0,30.0,1,0,0,0,0,0,0,31.442538504650656,312.0074245981885,31.442538504650656,0.0
random-s0-0050,prm,cycle,50.0,100.0,30.0,1,0,0,0,0,0,0,36.55231469973799,317.4005148822177,36.55231469973799,0.0
random-s0-0050,prm,cycle,150.0,20.0,30.0,1,0,0,0,0,0,0,49.85073572048404,308.4232683678481,49.85073572048404,0.0
random-s0-0050,prm,cycle,150.0,100.0,30.0,1,0,0,0,0,0,0,72.56062927928309,315.7840836610462,72.56062927928309,0.0
random-s0-0050,prm,event,0.0,20.0,30.0,1,0,0,0,0,0,0,33.29003805682089,317.9523831354882,33.29003805682089,0.0
random-s0-0050,prm,event,0.0,100.0,30.0,1,0,0,0,0,0,0,41.10784874528477,317.78325565992355,41.10784874528477,0.0
random-s0-0050,prm,event,50.0,20.0,30.0,1,0,0,0,0,0,0,42.68187941882721,312.09834745002894,42.68187941882721,0.0
random-s0-0050,prm,event,50.0,100.0,30.0,1,0,0,0,0,0,0,69.65190522689224,316.1901507719929,69.65190522689224,0.0
random-s0-0050,prm,event,150.0,20.0,30.0,1,0,0,0,0,0,0,49.85073572048404,222.49329337116683,49.85073572048404,0.0
random-s0-0050,prm,event,150.0,100.0,30.0,1,0,0,0,0,0,0,179.9289468325581,320.8759769894355,179.9289468325581,0.0
random-s0-0050,visibility,once,0.0,20.0,30.0,1,0,1,1,0,0,1,-99.52747215306192,318.588196064615,-99.52747215306192,60.0
random-s0-0050,visibility,cycle,0.0,20.0,30.0,1,0,1,1,0,1,0,-127.53980751716948,318.588196064615,-127.53980751716948,320.0
random-s0-0050,visibility,cycle,0.0,100.0,30.0,1,0,1,1,0,1,0,-137.27808801508854,318.588196064615,-137.27808801508854,339.9999999999999
random-s0-0050,visibility,cycle,50.0,20.0,30.0,1,0,1,1,0,1,0,-95.74468677860187,318.5402589077181,-95.74468677860187,279.99999999999994
random-s0-0050,visibility,cycle,50.0,100.0,30.0,1,0,1,1,0,1,0,-107.35323072329734,318.588196064615,-107.35323072329734,319.9999999999998
random-s0-0050,visibility,cycle,150.0,20.0,30.0,1,0,1,1,0,1,0,-22.64121177628266,318.3613163681454,-22.64121177628266,100.0
random-s0-0050,visibility,cycle,150.0,100.0,30.0,1,0,1,1,0,1,0,-34.19287812119728,318.3837736456833,-34.19287812119728,139.99999999999983
random-s0-0050,visibility,event,0.0,20.0,30.0,1,0,1,1,0,1,0,-129.55399958970716,318.588196064615,-129.55399958970716,320.0
random-s0-0050,visibility,event,0.0,100.0,30.0,1,0,1,1,0,1,0,-137.27808801508854,318.588196064615,-137.27808801508854,339.9999999999999
random-s0-0050,visibility,event,50.0,20.0,30.0,1,0,1,1,0,1,0,-107.63937468148546,318.52138742659315,-107.63937468148546,320.0
random-s0-0050,visibility,event,50.0,100.0,30.0,1,0,1,1,0,1,0,-114.47196576970236,318.588196064615,-114.47196576970236,339.99999999999983
random-s0-0050,visibility,event,150.0,20.0,30.0,1,0,1,1,0,1,0,-33.60411081131775,318.39486287314065,-33.60411081131775,140.0
random-s0-0050,visibility,event,150.0,100.0,30.0,1,0,1,1,0,1,0,-35.11785461239745,318.3837736456833,-35.11785461239745,139.99999999999983
random-s0-0051,voronoi,once,0.0,20.0,30.0,1,0,0,0,0,0,0,67.35940831446047,517.1521762475669,67.35940831446047,0.0
random-s0-0051,voronoi,cycle,0.0,20.0,30.0,1,0,0,0,0,0,0,67.3594083144605,557.4978797226104,67.3594083144605,0.0
random-s0-0051,voronoi,cycle,0.0,100.0,30.0,1,0,0,0,0,0,0,67.359408314461,557.4978797226105,67.359408314461,0.0
random-s0-0051,voronoi,cycle,50.0,20.0,30.0,1,0,0,0,0,0,0,58.92061575838778,391.78417133114624,58.92061575838778,0.0
random-s0-0051,voronoi,cycle,50.0,100.0,30.0,1,0,0,0,0,0,0,56.57009074859639,465.5967048027335,56.57009074859639,0.0
random-s0-0051,voronoi,cycle,150.0,20.0,30.0,1,0,0,0,0,0,0,66.28716923734754,557.4978797226104,66.28716923734754,0.0
random-s0-0051,voronoi,cycle,150.0,100.0,30.0,1,0,0,0,0,0,0,62.97573755446601,557.4978797226105,62.97573755446601,0.0
random-s0-0051,voronoi,event,0.0,20.0,30.0,1,0,0,0,0,0,0,67.3594083144605,282.02189423073514,67.3594083144605,0.0
random-s0-0051,voronoi,event,0.0,100.0,30.0,1,0,0,0,0,0,0,67.359408314461,557.4978797226105,67.359408314461,0.0
random-s0-0051,voronoi,event,50.0,20.0,30.0,1,0,0,0,0,0,0,49.17712299879102,375.1007512763042,49.17712299879102,0.0
random-s0-0051,voronoi,event,50.0,100.0,30.0,1,0,0,0,0,0,0,56.57009074859639,465.5967048027335,56.57009074859639,0.0
random-s0-0051,voronoi,event,150.0,20.0,30.0,1,0,1,1,0,1,0,-18.689916697011256,301.2010630379626,-18.689916697011256,40.0
random-s0-0051,voronoi,event,150.0,100.0,30.0,1,0,0,0,0,0,0,62.97573755446601,557.4978797226105,62.97573755446601,0.0
random-s0-0051,prm,once,0.0,20.0,30.0,1,0,0,0,0,0,0,67.35940831446047,303.61110677765487,67.35940831446047,0.0
random-s0-0051,prm,cycle,0.0,20.0,30.0,1,0,0,0,0,0,0,67.3594083144605,303.61110677765504,67.3594083144605,0.0
random-s0-0051,prm,cycle,0.0,100.0,30.0,1,0,0,0,0,0,0,67.359408314461,303.61110677765504,67.359408314461,0.0
random-s0-0051,prm,cycle,50.0,20.0,30.0,1,0,0,0,0,0,0,67.3594083144605,303.61110677765504,67.3594083144605,0.0
random-s0-0051,prm,cycle,50.0,100.0,30.0,1,0,0,0,0,0,0,67.359408314461,303.61110677765504,67.359408314461,0.0
random-s0-0051,prm,cycle,150.0,20.0,30.0,1,0,0,0,0,0,0,65.90924464757794,347.5271833042348,65.90924464757794,0.0
random-s0-0051,prm,cycle,150.0,100.0,30.0,1,0,0,0,0,0,0,64.98729970193261,303.61110677765504,64.98729970193261,0.0
random-s0-0051,prm,event,0.0,20.0,30.0,1,0,0,0,0,0,0,67.3594083144605,303.61110677765504,67.3594083144605,0.0
random-s0-0051,prm,event,0.0,100.0,30.0,1,0,0,0,0,0,0,67.359408314461,303.61110677765504,67.359408314461,0.0
random-s0-0051,prm,event,50.0,20.0,30.0,1,0,0,0,0,0,0,67.3594083144605,303.61110677765504,67.3594083144605,0.0
random-s0-0051,prm,event,50.0,100.0,30.0,1,0,0,0,0,0,0,67.359408314461,303.61110677765504,67.359408314461,0.0
random-s0-0051,prm,event,150.0,20.0,30.0,1,0,0,0,0,0,0,65.90924464757794,347.5271833042348,65.90924464757794,0.0
random-s0-0051,prm,event,150.0,100.0,30.0,1,0,0,0,0,0,0,64.98729970193261,303.61110677765504,64.98729970193261,0.0
random-s0-0051,visibility,once,0.0,20.0,30.0,1,0,0,0,0,0,0,67.35940831446047,303.61110677765487,67.35940831446047,0.0
random-s0-0051,visibility,cycle,0.0,20.0,30.0,1,0,0,0,0,0,0,67.3594083144605,303.61110677765504,67.3594083144605,0.0
random-s0-0051,visibility,cycle,0.0,100.0,30.0,1,0,0,0,0,0,0,67.359408314461,303.61110677765504,67.359408314461,0.0
random-s0-0051,visibility,cycle,50.0,20.0,30.0,1,0,0,0,0,0,0,67.3594083144605,303.61110677765504,67.3594083144605,0.0
random-s0-0051,visibility,cycle,50.0,100.0,30.0,1,0,0,0,0,0,0,67.359408314461,303.61110677765504,67.359408314461,0.0
random-s0-0051,visibility,cycle,150.0,20.0,30.0,1,0,0,0,0,0,0,67.07195918550153,288.8926894612256,67.07195918550153,0.0
random-s0-0051,visibility,cycle,150.0,100.0,30.0,1,0,0,0,0,0,0,67.01215197268078,289.74093145909137,67.01215197268078,0.0
random-s0-0051,visibility,event,0.0,20.0,30.0,1,0,0,0,0,0,0,67.3594083144605,303.61110677765504,67.3594083144605,0.0
random-s0-0051,visibility,event,0.0,100.0,30.0,1,0,0,0,0,0,0,67.359408314461,303.61110677765504,67.359408314461,0.0
random-s0-0051,visibility,event,50.0,20.0,30.0,1,0,0,0,0,0,0,67.3594083144605,303.61110677765504,67.3594083144605,0.0
random-s0-0051,visibility,event,50.0,100.0,30.0,1,0,0,0,0,0,0,67.359408314461,303.61110677765504,67.359408314461,0.0
random-s0-0051,visibility,event,150.0,20.0,30.0,1,0,0,0,0,0,0,66.98017646373972,278.4852925342035,66.98017646373972,0.0
random-s0-0051,visibility,event,150.0,100.0,30.0,1,0,0,0,0,0,0,67.01215197268078,289.74093145909137,67.01215197268078,0.0
random-s0-0052,voronoi,once,0.0,20.0,30.0,1,0,2,0,2,0,0,-26.72510102703697,-26.72510102703697,43.641486947860585,140.0
random-s0-0052,voronoi,cycle,0.0,20.0,30.0,1,0,0,0,0,0,0,46.21797843854864,162.2782843280134,46.21797843854864,0.0
random-s0-0052,voronoi,cycle,0.0,100.0,30.0,1,0,0,0,0,0,0,44.93078550934786,308.38219949252726,44.93078550934786,0.0
random-s0-0052,voronoi,cycle,50.0,20.0,30.0,1,0,0,0,0,0,0,48.31107694244085,352.9366019467998,48.31107694244085,0.0
random-s0-0052,voronoi,cycle,50.0,100.0,30.0,1,0,0,0,0,0,0,46.98284588318219,342.87650575873295,46.98284588318219,0.0
random-s0-0052,voronoi,cycle,150.0,20.0,30.0,1,0,0,0,0,0,0,48.39551361824533,306.1947417003238,48.39551361824533,0.0
random-s0-0052,voronoi,cycle,150.0,100.0,30.0,1,0,0,0,0,0,0,5.509372326217147,18.30197384668574,5.509372326217147,0.0
random-s0-0052,voronoi,event,0.0,20.0,30.0,1,0,0,0,0,0,0,43.641486947860585,298.9074145102301,43.641486947860585,0.0
random-s0-0052,voronoi,event,0.0,100.0,30.0,1,0,0,0,0,0,0,43.641486947860585,253.0728517152274,43.641486947860585,0.0
random-s0-0052,voronoi,event,50.0,20.0,30.0,1,0,0,0,0,0,0,45.65300635992321,342.2259014120707,45.65300635992321,0.0
random-s0-0052,voronoi,event,50.0,100.0,30.0,1,0,0,0,0,0,0,45.65300635992321,339.06708932625827,45.65300635992321,0.0
random-s0-0052,voronoi,event,150.0,20.0,30.0,1,0,0,0,0,0,0,47.04909852390483,226.1643137384061,47.04909852390483,0.0
random-s0-0052,voronoi,event,150.0,100.0,30.0,1,0,0,0,0,0,0,8.916275962107534,252.889282701965,8.916275962107534,0.0
random-s0-0052,prm,once,0.0,20.0,30.0,1,0,2,0,2,0,0,-111.01846562631758,-111.01846562631758,75.05857212627441,240.0
random-s0-0052,prm,cycle,0.0,20.0,30.0,1,0,0,0,0,0,0,2.0635619163949457,2.0635619163949457,46.655251746361614,0.0
random-s0-0052,prm,cycle,0.0,100.0,30.0,1,0,0,0,0,0,0,46.655251746361614,70.14279378814743,46.655251746361614,0.0
random-s0-0052,prm,cycle,50.0,20.0,30.0,1,0,0,0,0,0,0,46.655251746361614,217.2529636659267,46.655251746361614,0.0
random-s0-0052,prm,cycle,50.0,100.0,30.0,1,0,0,0,0,0,0,46.655251746361614,170.8831542676142,46.655251746361614,0.0
random-s0-0052,prm,cycle,150.0,20.0,30.0,1,0,0,0,0,0,0,75.05857212627441,121.1387754753544,75.05857212627441,0.0
random-s0-0052,prm,cycle,150.0,100.0,30.0,1,0,0,0,0,0,0,75.05857212627441,132.30847433638968,75.05857212627441,0.0
random-s0-0052,prm,event,0.0,20.0,30.0,1,0,0,0,0,0,0,46.655251746361614,73.80140906527012,46.655251746361614,0.0
random-s0-0052,prm,event,0.0,100.0,30.0,1,0,1,0,1,0,0,-116.72713805118124,-116.72713805118124,46.655251746361614,80.0
random-s0-0052,prm,event,50.0,20.0,30.0,1,0,0,0,0,0,0,46.655251746361614,227.5457275861496,46.655251746361614,0.0
random-s0-0052,prm,event,50.0,100.0,30.0,1,0,0,0,0,0,0,46.655251746361614,170.8831542676142,46.655251746361614,0.0
random-s0-0052,prm,event,150.0,20.0,30.0,1,0,0,0,0,0,0,75.05857212627441,121.1387754753544,75.05857212627441,0.0
random-s0-0052,prm,event,150.0,100.0,30.0,1,0,0,0,0,0,0,75.05857212627441,132.30847433638968,75.05857212627441,0.0
random-s0-0052,visibility,once,0.0,20.0,30.0,1,0,1,0,1,0,0,-26.72510102703697,-26.72510102703697,22.00429654986894,40.0
random-s0-0052,visibility,cycle,0.0,20.0,30.0,1,0,0,0,0,0,0,22.00429654986894,73.21363341904092,22.00429654986894,0.0
random-s0-0052,visibility,cycle,0.0,100.0,30.0,1,0,0,0,0,0,0,22.00429654986894,74.90818709868887,22.00429654986894,0.0
random-s0-0052,visibility,cycle,50.0,20.0,30.0,1,0,0,0,0,0,0,22.00429654986894,83.04398759493063,22.00429654986894,0.0
random-s0-0052,visibility,cycle,50.0,100.0,30.0,1,0,0,0,0,0,0,22.00429654986894,88.49698801969043,22.00429654986894,0.0
random-s0-0052,visibility,cycle,150.0,20.0,30.0,1,0,0,0,0,0,0,22.00429654986894,101.5013271689126,22.00429654986894,0.0
random-s0-0052,visibility,cycle,150.0,100.0,30.0,1,0,0,0,0,0,0,22.00429654986894,104.82179621204732,22.00429654986894,0.0
random-s0-0052,visibility,event,0.0,20.0,30.0,1,0,0,0,0,0,0,22.00429654986894,83.11382198511535,22.00429654986894,0.0
random-s0-0052,visibility,event,0.0,100.0,30.0,1,0,0,0,0,0,0,22.00429654986894,77.76753712607729,22.00429654986894,0.0
random-s0-0052,visibility,event,50.0,20.0,30.0,1,0,0,0,0,0,0,22.00429654986894,96.33631222075768,22.00429654986894,0.0
random-s0-0052,visibility,event,50.0,100.0,30.0,1,0,0,0,0,0,0,22.00429654986894,99.00208088594792,22.00429654986894,0.0
random-s0-0052,visibility,event,150.0,20.0,30.0,1,0,0,0,0,0,0,22.00429654986894,124.19688416218725,22.00429654986894,0.0
random-s0-0052,visibility,event,150.0,100.0,30.0,1,0,0,0,0,0,0,22.00429654986894,119.01899276114904,22.00429654986894,0.0
random-s0-0053,voronoi,once,0.0,20.0,30.0,1,0,0,0,0,0,0,309.1030306633463,309.1030306633463,634.8965081403412,0.0
random-s0-0053,voronoi,cycle,0.0,20.0,30.0,1,0,0,0,0,0,0,260.2933282028308,260.2933282028308,634.8965081403412,0.0
random-s0-0053,voronoi,cycle,0.0,100.0,30.0,1,0,0,0,0,0,0,184.08311151855375,184.08311151855375,634.8965081403412,0.0
random-s0-0053,voronoi,cycle,50.0,20.0,30.0,1,0,0,0,0,0,0,204.3564492658169,204.3564492658169,634.8965081403412,0.0
random-s0-0053,voronoi,cycle,50.0,100.0,30.0,1,0,0,0,0,0,0,169.80527151443488,169.80527151443488,634.8965081403412,0.0
random-s0-0053,voronoi,cycle,150.0,20.0,30.0,1,0,0,0,0,0,0,295.1976185098468,295.1976185098468,634.8965081403412,0.0
random-s0-0053,voronoi,cycle,150.0,100.0,30.0,1,0,0,0,0,0,0,371.3390844529521,371.3390844529521,634.8965081403412,0.0
random-s0-0053,voronoi,event,0.0,20.0,30.0,1,0,0,0,0,0,0,247.32214369665095,247.32214369665095,634.8965081403412,0.0
random-s0-0053,voronoi,event,0.0,100.0,30.0,1,0,0,0,0,0,0,184.08311151855375,184.08311151855375,634.8965081403412,0.0
random-s0-0053,voronoi,event,50.0,20.0,30.0,1,0,0,0,0,0,0,293.1348630661225,293.1348630661225,634.8965081403412,0.0
random-s0-0053,voronoi,event,50.0,100.0,30.0,1,0,0,0,0,0,0,99.98281184617372,99.98281184617372,634.8965081403412,0.0
random-s0-0053,voronoi,event,150.0,20.0,30.0,1,0,0,0,0,0,0,229.82035649651544,229.82035649651544,634.8965081403412,0.0
random-s0-0053,voronoi,event,150.0,100.0,30.0,1,0,0,0,0,0,0,371.3390844529521,371.3390844529521,634.8965081403412,0.0
random-s0-0053,prm,once,0.0,20.0,30.0,1,0,0,0,0,0,0,309.1030306633463,309.1030306633463,634.8965081403412,0.0
random-s0-0053,prm,cycle,0.0,20.0,30.0,1,0,0,0,0,0,0,311.6985687476934,311.6985687476934,634.8965081403412,0.0
random-s0-0053,prm,cycle,0.0,100.0,30.0,1,0,0,0,0,0,0,309.10303066334626,309.10303066334626,634.8965081403412,0.0
random-s0-0053,prm,cycle,50.0,20.0,30.0,1,0,0,0,0,0,0,330.4262605097084,330.4262605097084,634.8965081403412,0.0
random-s0-0053,prm,cycle,50.0,100.0,30.0,1,0,0,0,0,0,0,332.324005246644,332.324005246644,634.8965081403412,0.0
random-s0-0053,prm,cycle,150.0,20.0,30.0,1,0,0,0,0,0,0,58.519405722436886,58.519405722436886,634.8965081403412,0.0
random-s0-0053,prm,cycle,150.0,100.0,30.0,1,0,0,0,0,0,0,126.59204084292816,126.59204084292816,634.8965081403412,0.0
random-s0-0053,prm,event,0.0,20.0,30.0,1,0,0,0,0,0,0,311.6985687476934,311.6985687476934,634.8965081403412,0.0
random-s0-0053,prm,event,0.0,100.0,30.0,1,0,0,0,0,0,0,299.4939065347302,299.4939065347302,634.8965081403412,0.0
random-s0-0053,prm,event,50.0,20.0,30.0,1,0,0,0,0,0,0,304.8104170946628,304.8104170946628,634.8965081403412,0.0
random-s0-0053,prm,event,50.0,100.0,30.0,1,0,0,0,0,0,0,289.5131025448161,289.5131025448161,634.8965081403412,0.0
random-s0-0053,prm,event,150.0,20.0,30.0,1,0,0,0,0,0,0,137.08225137568422,137.08225137568422,634.8965081403412,0.0
random-s0-0053,prm,event,150.0,100.0,30.0,1,0,0,0,0,0,0,126.59204084292816,126.59204084292816,634.8965081403412,0.0
random-s0-0053,visibility,once,0.0,20.0,30.0,1,0,0,0,0,0,0,309.1030306633463,309.1030306633463,634.8965081403412,0.0
random-s0-0053,visibility,cycle,0.0,20.0,30.0,1,0,0,0,0,0,0,310.81109390214255,310.81109390214255,634.8965081403412,0.0
random-s0-0053,visibility,cycle,0.0,100.0,30.0,1,0,0,0,0,0,0,309.10303066334626,309.10303066334626,634.8965081403412,0.0
random-s0-0053,visibility,cycle,50.0,20.0,30.0,1,0,0,0,0,0,0,305.9402634701179,305.9402634701179,634.8965081403412,0.0
random-s0-0053,visibility,cycle,50.0,100.0,30.0,1,0,0,0,0,0,0,303.2082002352583,303.2082002352583,634.8965081403412,0.0
random-s0-0053,visibility,cycle,150.0,20.0,30.0,1,0,0,0,0,0,0,230.3037291232449,230.3037291232449,634.8965081403412,0.0
random-s0-0053,visibility,cycle,150.0,100.0,30.0,1,0,0,0,0,0,0,213.4642888721253,213.4642888721253,634.8965081403412,0.0
random-s0-0053,visibility,event,0.0,20.0,30.0,1,0,0,0,0,0,0,310.81109390214255,310.81109390214255,634.8965081403412,0.0
random-s0-0053,visibility,event,0.0,100.0,30.0,1,0,0,0,0,0,0,309.10303066334626,309.10303066334626,634.8965081403412,0.0
random-s0-0053,visibility,event,50.0,20.0,30.0,1,0,0,0,0,0,0,283.02923955494674,283.02923955494674,634.8965081403412,0.0
random-s0-0053,visibility,event,50.0,100.0,30.0,1,0,0,0,0,0,0,293.40114314367,293.40114314367,634.8965081403412,0.0
random-s0-0053,visibility,event,150.0,20.0,30.0,1,0,0,0,0,0,0,203.24414840102787,203.24414840102787,634.8965081403412,0.0
random-s0-0053,visibility,event,150.0,100.0,30.0,1,0,0,0,0,0,0,204.02429059640824,204.02429059640824,634.8965081403412,0.0
random-s0-0054,voronoi,once,0.0,20.0,30.0,1,0,2,1,1,1,0,-34.82031879369006,-34.82031879369006,-15.978415328489715,160.0
random-s0-0054,voronoi,cycle,0.0,20.0,30.0,1,0,1,1,0,1,0,-5.091467063538602,53.656301206683935,-5.091467063538602,80.0
random-s0-0054,voronoi,cycle,0.0,100.0,30.0,1,0,1,1,0,1,0,-16.56234897219099,151.7032852890584,-16.56234897219099,160.0
random-s0-0054,voronoi,cycle,50.0,20.0,30.0,1,0,0,0,0,0,0,42.321167974849175,318.7787078094668,42.321167974849175,0.0
random-s0-0054,voronoi,cycle,50.0,100.0,30.0,1,0,0,0,0,0,0,19.604418777603115,247.9648495123253,19.604418777603115,0.0
random-s0-0054,voronoi,cycle,150.0,20.0,30.0,1,0,0,0,0,0,0,36.11154593835053,163.5699794588976,36.11154593835053,0.0
random-s0-0054,voronoi,cycle,150.0,100.0,30.0,1,0,0,0,0,0,0,137.59457000990085,419.1547483264219,137.59457000990085,0.0
random-s0-0054,voronoi,event,0.0,20.0,30.0,1,0,1,1,0,1,0,-6.99696615046534,183.0776980799372,-6.99696615046534,100.0
random-s0-0054,voronoi,event,0.0,100.0,30.0,1,0,1,1,0,1,0,-4.74582122037782,149.924580715017,-4.74582122037782,80.0
random-s0-0054,voronoi,event,50.0,20.0,30.0,1,0,1,1,0,1,0,-13.27343988511234,242.91188946766425,-13.27343988511234,140.0
random-s0-0054,voronoi,event,50.0,100.0,30.0,1,0,0,0,0,0,0,51.940797375953,251.85229140489943,51.940797375953,0.0
random-s0-0054,voronoi,event,150.0,20.0,30.0,1,0,0,0,0,0,0,23.51307727638317,432.1968172851309,23.51307727638317,0.0
random-s0-0054,voronoi,event,150.0,100.0,30.0,1,0,0,0,0,0,0,97.84083007603414,97.84083007603414,100.93672642074633,0.0
random-s0-0054,prm,once,0.0,20.0,30.0,1,0,2,1,1,1,0,-34.82031879369006,-34.82031879369006,-15.216075537311468,60.0
random-s0-0054,prm,cycle,0.0,20.0,30.0,1,0,1,1,0,1,0,-17.512466039786062,99.2520259526404,-17.512466039786062,160.0
random-s0-0054,prm,cycle,0.0,100.0,30.0,1,0,1,1,0,1,0,-18.6455921918255,51.950352017678085,-18.6455921918255,160.0
random-s0-0054,prm,cycle,50.0,20.0,30.0,1,0,1,1,0,1,0,-11.12025648905376,69.47658747626079,-11.12025648905376,140.0
random-s0-0054,prm,cycle,50.0,100.0,30.0,1,0,1,1,0,1,0,-15.04325140820808,49.933064590042335,-15.04325140820808,140.0
random-s0-0054,prm,cycle,150.0,20.0,30.0,1,0,1,1,0,1,0,-94.601964560063,34.5525909747266,-94.601964560063,259.99999999999994
random-s0-0054,prm,cycle,150.0,100.0,30.0,1,0,1,1,0,1,0,-15.978415328489888,44.18972789537369,-15.978415328489888,140.0
random-s0-0054,prm,event,0.0,20.0,30.0,1,0,1,1,0,1,0,-0.2180884550234054,163.648625311765,-0.2180884550234054,20.0
random-s0-0054,prm,event,0.0,100.0,30.0,1,0,1,1,0,1,0,-6.995288074349702,92.97830913611296,-6.995288074349702,120.0
random-s0-0054,prm,event,50.0,20.0,30.0,1,0,1,1,0,1,0,-10.044246548899054,84.59235934455853,-10.044246548899054,120.0
random-s0-0054,prm,event,50.0,100.0,30.0,1,0,1,1,0,1,0,-16.73169117596865,109.1624072621936,-16.73169117596865,160.0
random-s0-0054,prm,event,150.0,20.0,30.0,1,0,1,1,0,1,0,-18.05012605005075,168.70940474482518,-18.05012605005075,160.0
random-s0-0054,prm,event,150.0,100.0,30.0,1,0,2,2,0,2,0,-23.64783404164089,54.814232545114606,-23.64783404164089,320.0
random-s0-0054,visibility,once,0.0,20.0,30.0,1,0,2,1,1,1,0,-34.82031879369006,-34.82031879369006,-15.978415328489715,120.0
random-s0-0054,visibility,cycle,0.0,20.0,30.0,1,0,1,1,0,1,0,-14.4903367556212,145.87925801601318,-14.4903367556212,40.0
random-s0-0054,visibility,cycle,0.0,100.0,30.0,1,0,1,1,0,1,0,-17.497266460914915,131.32006044812147,-17.497266460914915,80.0
random-s0-0054,visibility,cycle,50.0,20.0,30.0,1,0,1,1,0,1,0,-16.729834354188114,180.50976812575783,-16.729834354188114,140.0
random-s0-0054,visibility,cycle,50.0,100.0,30.0,1,0,1,1,0,1,0,-17.53403185163819,176.96157597361696,-17.53403185163819,160.0
random-s0-0054,visibility,cycle,150.0,20.0,30.0,1,0,2,2,0,1,1,-15.053418210547504,39.39903554796521,-15.053418210547504,200.0
random-s0-0054,visibility,cycle,150.0,100.0,30.0,1,0,2,1,1,1,0,-24.9685385834986,-24.9685385834986,-14.81335873482675,180.0
random-s0-0054,visibility,event,0.0,20.0,30.0,1,0,1,1,0,1,0,-15.039009187118635,180.50976812575783,-15.039009187118635,140.0
random-s0-0054,visibility,event,0.0,100.0,30.0,1,0,1,1,0,1,0,-13.762207409953646,131.32006044812147,-13.762207409953646,140.0
random-s0-0054,visibility,event,50.0,20.0,30.0,1,0,1,1,0,1,0,-18.496676535787657,180.50976812575783,-18.496676535787657,180.0
random-s0-0054,visibility,event,50.0,100.0,30.0,1,0,1,1,0,1,0,-25.30835076232907,185.639181567411,-25.30835076232907,200.0
random-s0-0054,visibility,event,150.0,20.0,30.0,1,0,2,1,1,1,0,-25.88143725693476,-25.88143725693476,-18.121427215217096,200.0
random-s0-0054,visibility,event,150.0,100.0,30.0,1,0,2,2,0,1,1,-39.98101392548085,138.2158680873655,-39.98101392548085,580.0000000000002
random-s0-0055,voronoi,once,0.0,20.0,30.0,1,0,1,1,0,0,1,-126.09474556542128,211.51668374421612,-126.09474556542128,100.0
random-s0-0055,voronoi,cycle,0.0,20.0,30.0,1,0,0,0,0,0,0,204.5047024451166,517.8124723282323,204.5047024451166,0.0
random-s0-0055,voronoi,cycle,0.0,100.0,30.0,1,0,0,0,0,0,0,123.72896474543312,517.8124723282322,123.72896474543312,0.0
random-s0-0055,voronoi,cycle,50.0,20.0,30.0,1,0,0,0,0,0,0,204.2251397276077,517.8124723282323,204.2251397276077,0.0
random-s0-0055,voronoi,cycle,50.0,100.0,30.0,1,0,0,0,0,0,0,243.34831711009764,517.8124723282322,243.34831711009764,0.0
random-s0-0055,voronoi,cycle,150.0,20.0,30.0,1,0,0,0,0,0,0,178.81366148921234,576.9524628988357,178.81366148921234,0.0
random-s0-0055,voronoi,cycle,150.0,100.0,30.0,1,0,0,0,0,0,0,227.33453167756863,547.7094212850001,227.33453167756863,0.0
random-s0-0055,voronoi,event,0.0,20.0,30.0,1,0,0,0,0,0,0,207.41081625768504,517.8124723282323,207.41081625768504,0.0
random-s0-0055,voronoi,event,0.0,100.0,30.0,1,0,0,0,0,0,0,112.4271746626211,517.8124723282322,112.4271746626211,0.0
random-s0-0055,voronoi,event,50.0,20.0,30.0,1,0,0,0,0,0,0,205.15883697000837,517.8124723282323,205.15883697000837,0.0
random-s0-0055,voronoi,event,50.0,100.0,30.0,1,0,0,0,0,0,0,222.9479976607509,517.8124723282322,222.9479976607509,0.0
random-s0-0055,voronoi,event,150.0,20.0,30.0,1,0,0,0,0,0,0,196.3688095305393,570.9593472175334,196.3688095305393,0.0
random-s0-0055,voronoi,event,150.0,100.0,30.0,1,0,0,0,0,0,0,245.2361244039556,547.7094212850001,245.2361244039556,0.0
random-s0-0055,prm,once,0.0,20.0,30.0,1,0,1,1,0,0,1,-126.09474556542128,199.5472552150932,-126.09474556542128,100.0
random-s0-0055,prm,cycle,0.0,20.0,30.0,1,0,0,0,0,0,0,31.680038981960195,517.8124723282323,31.680038981960195,0.0
random-s0-0055,prm,cycle,0.0,100.0,30.0,1,0,0,0,0,0,0,40.7271556641293,517.8124723282322,40.7271556641293,0.0
random-s0-0055,prm,cycle,50.0,20.0,30.0,1,0,0,0,0,0,0,96.4408105195642,517.8124723282323,96.4408105195642,0.0
random-s0-0055,prm,cycle,50.0,100.0,30.0,1,0,0,0,0,0,0,137.69228769461614,517.8124723282322,137.69228769461614,0.0
random-s0-0055,prm,cycle,150.0,20.0,30.0,1,0,0,0,0,0,0,143.2364505587783,517.8124723282323,143.2364505587783,0.0
random-s0-0055,prm,cycle,150.0,100.0,30.0,1,0,0,0,0,0,0,218.54851048898743,391.6239415394732,218.54851048898743,0.0
random-s0-0055,prm,event,0.0,20.0,30.0,1,0,0,0,0,0,0,51.63620804135587,517.8124723282323,51.63620804135587,0.0
random-s0-0055,prm,event,0.0,100.0,30.0,1,0,0,0,0,0,0,40.7271556641293,517.8124723282322,40.7271556641293,0.0
random-s0-0055,prm,event,50.0,20.0,30.0,1,0,0,0,0,0,0,190.2063930743052,517.8124723282323,190.2063930743052,0.0
random-s0-0055,prm,event,50.0,100.0,30.0,1,0,0,0,0,0,0,169.2934405265226,517.8124723282322,169.2934405265226,0.0
random-s0-0055,prm,event,150.0,20.0,30.0,1,0,0,0,0,0,0,161.19442740393765,163.7239897444768,161.19442740393765,0.0
random-s0-0055,prm,event,150.0,100.0,30.0,1,0,0,0,0,0,0,221.0112131865188,423.3775272128413,221.0112131865188,0.0
random-s0-0055,visibility,once,0.0,20.0,30.0,1,0,1,1,0,0,1,-126.09474556542128,445.0963910069148,-126.09474556542128,100.0
random-s0-0055,visibility,cycle,0.0,20.0,30.0,1,0,1,1,0,1,0,-5.493730846880055,517.8124723282323,-5.493730846880055,80.0
random-s0-0055,visibility,cycle,0.0,100.0,30.0,1,0,1,1,0,1,0,-41.161590673384126,517.8124723282322,-41.161590673384126,220.0
random-s0-0055,visibility,cycle,50.0,20.0,30.0,1,0,0,0,0,0,0,65.22056597167247,517.8124723282323,65.22056597167247,0.0
random-s0-0055,visibility,cycle,50.0,100.0,30.0,1,0,0,0,0,0,0,67.60309393254991,517.8124723282322,67.60309393254991,0.0
random-s0-0055,visibility,cycle,150.0,20.0,30.0,1,0,0,0,0,0,0,119.56750993418297,517.8124723282323,119.56750993418297,0.0
random-s0-0055,visibility,cycle,150.0,100.0,30.0,1,0,0,0,0,0,0,138.30780097441,517.8124723282322,138.30780097441,0.0
random-s0-0055,visibility,event,0.0,20.0,30.0,1,0,1,1,0,1,0,-17.695253967668094,517.8124723282323,-17.695253967668094,120.0
random-s0-0055,visibility,event,0.0,100.0,30.0,1,0,1,1,0,1,0,-41.161590673384126,517.8124723282322,-41.161590673384126,220.0
random-s0-0055,visibility,event,50.0,20.0,30.0,1,0,0,0,0,0,0,68.01022844754749,517.8124723282323,68.01022844754749,0.0
random-s0-0055,visibility,event,50.0,100.0,30.0,1,0,0,0,0,0,0,75.02243571474398,517.8124723282322,75.02243571474398,0.0
random-s0-0055,visibility,event,150.0,20.0,30.0,1,0,0,0,0,0,0,235.3771575493874,517.8124723282323,235.3771575493874,0.0
random-s0-0055,visibility,event,150.0,100.0,30.0,1,0,0,0,0,0,0,112.47862076965272,517.8124723282322,112.47862076965272,0.0
random-s0-0056,voronoi,once,0.0,20.0,30.0,1,0,2,1,1,1,0,-128.66823658116226,-31.134818711879944,-128.66823658116226,460.0000000000001
random-s0-0056,voronoi,cycle,0.0,20.0,30.0,1,0,1,0,1,0,0,-3.0050820352873586,-3.0050820352873586,42.4506551236762,20.0
random-s0-0056,voronoi,cycle,0.0,100.0,30.0,1,0,0,0,0,0,0,55.96147029464237,55.96147029464237,61.76142399427184,0.0
random-s0-0056,voronoi,cycle,50.0,20.0,30.0,1,0,0,0,0,0,0,35.619513939156064,35.619513939156064,86.57490579374911,0.0
random-s0-0056,voronoi,cycle,50.0,100.0,30.0,1,0,0,0,0,0,0,51.20280022466338,51.20280022466338,86.57490579374911,0.0
random-s0-0056,voronoi,cycle,150.0,20.0,30.0,1,0,0,0,0,0,0,34.72216906265274,386.5381449374686,34.72216906265274,0.0
random-s0-0056,voronoi,cycle,150.0,100.0,30.0,1,0,0,0,0,0,0,42.99446439554845,429.1465839319269,42.99446439554845,0.0
random-s0-0056,voronoi,event,0.0,20.0,30.0,1,0,0,0,0,0,0,30.12913468563224,30.12913468563224,47.9487219367102,0.0
random-s0-0056,voronoi,event,0.0,100.0,30.0,1,0,0,0,0,0,0,55.96147029464237,55.96147029464237,57.88895893548391,0.0
random-s0-0056,voronoi,event,50.0,20.0,30.0,1,0,0,0,0,0,0,86.57490579374911,110.7639970046115,86.57490579374911,0.0
random-s0-0056,voronoi,event,50.0,100.0,30.0,1,0,0,0,0,0,0,86.57490579374911,129.10576276714863,86.57490579374911,0.0
random-s0-0056,voronoi,event,150.0,20.0,30.0,1,0,0,0,0,0,0,86.57490579374911,352.30482310762306,86.57490579374911,0.0
random-s0-0056,voronoi,event,150.0,100.0,30.0,1,0,0,0,0,0,0,77.79908099673293,222.7572738346879,77.79908099673293,0.0
random-s0-0056,prm,once,0.0,20.0,30.0,1,0,4,0,4,0,0,-135.40088784784243,-135.40088784784243,86.57490579374911,300.0
random-s0-0056,prm,cycle,0.0,20.0,30.0,1,0,1,1,0,1,0,-113.8874931773004,61.65560479217859,-113.8874931773004,259.99999999999994
random-s0-0056,prm,cycle,0.0,100.0,30.0,1,0,1,1,0,1,0,-111.84488774795464,81.77033499882606,-111.84488774795464,240.0
random-s0-0056,prm,cycle,50.0,20.0,30.0,1,0,2,1,1,1,0,-99.86033657195178,-99.86033657195178,-93.95225787922024,339.99999999999994
random-s0-0056,prm,cycle,50.0,100.0,30.0,1,0,2,1,1,1,0,-99.86033657195216,-99.86033657195216,-89.49898493673442,340.0
random-s0-0056,prm,cycle,150.0,20.0,30.0,1,0,3,1,2,1,0,-135.40088784784265,-135.40088784784265,-79.69605287224041,400.0
random-s0-0056,prm,cycle,150.0,100.0,30.0,1,0,3,1,2,1,0,-135.40088784784274,-135.40088784784274,-90.30567676784462,400.0
random-s0-0056,prm,event,0.0,20.0,30.0,1,0,1,1,0,1,0,-112.97102765650078,54.51003873565284,-112.97102765650078,259.99999999999994
random-s0-0056,prm,event,0.0,100.0,30.0,1,0,1,1,0,1,0,-111.84488774795464,81.77033499882606,-111.84488774795464,240.0
random-s0-0056,prm,event,50.0,20.0,30.0,1,0,2,1,1,1,0,-99.86033657195178,-99.86033657195178,-98.92745670385054,339.99999999999994
random-s0-0056,prm,event,50.0,100.0,30.0,1,0,1,0,1,0,0,-99.86033657195216,-99.86033657195216,70.68377646443204,100.0
random-s0-0056,prm,event,150.0,20.0,30.0,1,0,3,1,2,1,0,-135.40088784784265,-135.40088784784265,-84.88184540556145,400.0
random-s0-0056,prm,event,150.0,100.0,30.0,1,0,3,1,2,1,0,-135.40088784784274,-135.40088784784274,-94.2632798291556,400.0
random-s0-0056,visibility,once,0.0,20.0,30.0,1,0,2,0,2,0,0,-31.134818711879944,-31.134818711879944,50.72846219892827,180.0
random-s0-0056,visibility,cycle,0.0,20.0,30.0,1,0,1,1,0,0,1,-79.11945120887651,29.213735145377257,-79.11945120887651,200.0
random-s0-0056,visibility,cycle,0.0,100.0,30.0,1,0,2,1,1,0,1,-81.37329129475033,-45.51291268374516,-81.37329129475033,420.0
random-s0-0056,visibility,cycle,50.0,20.0,30.0,1,0,0,0,0,0,0,17.801139346967005,17.801139346967005,86.57490579374911,0.0
random-s0-0056,visibility,cycle,50.0,100.0,30.0,1,0,0,0,0,0,0,18.56700675436622,18.56700675436622,86.57490579374911,0.0
random-s0-0056,visibility,cycle,150.0,20.0,30.0,1,0,2,1,1,0,1,-53.08153504024793,-7.514291788796498,-53.08153504024793,259.9999999999999
random-s0-0056,visibility,cycle,150.0,100.0,30.0,1,0,2,1,1,0,1,-44.87927980364074,-7.514291788796839,-44.87927980364074,239.99999999999983
random-s0-0056,visibility,event,0.0,20.0,30.0,1,0,1,1,0,1,0,-109.86193698710731,47.019734569416414,-109.86193698710731,240.0
random-s0-0056,visibility,event,0.0,100.0,30.0,1,0,1,0,1,0,0,-4.109426786605866,-4.109426786605866,86.57490579374911,20.0
random-s0-0056,visibility,event,50.0,20.0,30.0,1,0,0,0,0,0,0,16.292844892907198,16.292844892907198,86.57490579374911,0.0
random-s0-0056,visibility,event,50.0,100.0,30.0,1,0,1,0,1,0,0,-123.8904198316128,-123.8904198316128,86.57490579374911,340.0
random-s0-0056,visibility,event,150.0,20.0,30.0,1,0,2,1,1,0,1,-53.08153504024793,-7.514291788796498,-53.08153504024793,259.9999999999999
random-s0-0056,visibility,event,150.0,100.0,30.0,1,0,2,1,1,0,1,-44.87927980364074,-7.514291788796839,-44.87927980364074,239.99999999999983
random-s0-0057,voronoi,once,0.0,20.0,30.0,1,0,2,2,0,1,1,-90.92239068290849,300.1925348296011,-90.92239068290849,420.0000000000001
random-s0-0057,voronoi,cycle,0.0,20.0,30.0,1,0,2,2,0,2,0,-59.22373963234647,225.05361726509275,-59.22373963234647,600.0000000000002
random-s0-0057,voronoi,cycle,0.0,100.0,30.0,1,0,2,2,0,2,0,-81.52668158347697,139.6984712616815,-81.52668158347697,600.0000000000002
random-s0-0057,voronoi,cycle,50.0,20.0,30.0,1,0,2,2,0,2,0,-62.07253712517647,104.26553007856324,-62.07253712517647,600.0000000000002
random-s0-0057,voronoi,cycle,50.0,100.0,30.0,1,0,2,2,0,2,0,-151.38275303656758,298.4856196504932,-151.38275303656758,520.0000000000001
random-s0-0057,voronoi,cycle,150.0,20.0,30.0,1,0,2,1,1,1,0,-24.144016245872933,-8.804409465100292,-24.144016245872933,320.0
random-s0-0057,voronoi,cycle,150.0,100.0,30.0,1,0,1,1,0,1,0,-26.23913398993656,277.344277172848,-26.23913398993656,220.0
random-s0-0057,voronoi,event,0.0,20.0,30.0,1,0,2,2,0,2,0,-57.91551826318232,142.6149518979006,-57.91551826318232,520.0000000000001
random-s0-0057,voronoi,event,0.0,100.0,30.0,1,0,2,2,0,1,1,-97.50024820175484,294.7855848287945,-97.50024820175484,540.0
random-s0-0057,voronoi,event,50.0,20.0,30.0,1,0,2,2,0,2,0,-25.534410815846968,42.103904104333054,-25.534410815846968,420.0000000000001
random-s0-0057,voronoi,event,50.0,100.0,30.0,1,0,2,2,0,2,0,-28.731305848476268,46.21638938684424,-28.731305848476268,240.0
random-s0-0057,voronoi,event,150.0,20.0,30.0,1,0,2,1,1,1,0,-22.362928217450477,-8.96111233032812,-22.362928217450477,320.0
random-s0-0057,voronoi,event,150.0,100.0,30.0,1,0,1,1,0,1,0,-26.23913398993656,301.90571476001145,-26.23913398993656,220.0
random-s0-0057,prm,once,0.0,20.0,30.0,1,0,2,2,0,2,0,-167.00579948983437,141.20475460156553,-167.00579948983437,600.0000000000002
random-s0-0057,prm,cycle,0.0,20.0,30.0,1,0,1,1,0,1,0,-147.74311089284228,239.49066428905525,-147.74311089284228,300.0
random-s0-0057,prm,cycle,0.0,100.0,30.0,1,0,1,1,0,1,0,-149.42912208178265,69.96904729710357,-149.42912208178265,400.00000000000006
random-s0-0057,prm,cycle,50.0,20.0,30.0,1,0,1,1,0,1,0,-149.58832685992917,41.8167177581586,-149.58832685992917,320.0
random-s0-0057,prm,cycle,50.0,100.0,30.0,1,0,1,1,0,1,0,-154.32638743105366,30.907468705429324,-154.32638743105366,400.00000000000006
random-s0-0057,prm,cycle,150.0,20.0,30.0,1,0,1,1,0,1,0,-152.64003389748228,225.20024281689388,-152.64003389748228,259.99999999999994
random-s0-0057,prm,cycle,150.0,100.0,30.0,1,0,1,1,0,1,0,-154.32638743105366,57.88968369295145,-154.32638743105366,400.00000000000006
random-s0-0057,prm,event,0.0,20.0,30.0,1,0,1,1,0,1,0,-147.74311089284228,223.6391986093858,-147.74311089284228,259.99999999999994
random-s0-0057,prm,event,0.0,100.0,30.0,1,0,2,2,0,1,1,-149.42912208178265,182.4140786781313,-149.42912208178265,400.00000000000006
random-s0-0057,prm,event,50.0,20.0,30.0,1,0,1,1,0,1,0,-24.345863750083826,32.721665659666144,-24.345863750083826,200.0
random-s0-0057,prm,event,50.0,100.0,30.0,1,0,1,1,0,1,0,-154.32638743105366,80.47634308998067,-154.32638743105366,400.00000000000006
random-s0-0057,prm,event,150.0,20.0,30.0,1,0,1,1,0,1,0,-152.64003389748228,225.20024281689388,-152.64003389748228,240.0
random-s0-0057,prm,event,150.0,100.0,30.0,1,0,1,1,0,1,0,-154.32638743105366,57.88968369295145,-154.32638743105366,400.00000000000006
random-s0-0057,visibility,once,0.0,20.0,30.0,1,0,3,2,1,2,0,-168.67962071207364,-47.45984754006409,-168.67962071207364,720.0000000000003
random-s0-0057,visibility,cycle,0.0,20.0,30.0,1,0,1,1,0,1,0,-149.11567046040005,304.1007813083215,-149.11567046040005,320.0
random-s0-0057,visibility,cycle,0.0,100.0,30.0,1,0,1,1,0,1,0,-148.35139287079684,302.8476968339405,-148.35139287079684,400.00000000000006
random-s0-0057,visibility,cycle,50.0,20.0,30.0,1,0,2,2,0,2,0,-149.11567046040005,24.50373584997845,-149.11567046040005,620.0000000000002
random-s0-0057,visibility,cycle,50.0,100.0,30.0,1,0,2,2,0,2,0,-148.35139287079684,24.272357718472307,-148.35139287079684,620.0000000000002
random-s0-0057,visibility,cycle,150.0,20.0,30.0,1,0,2,2,0,2,0,-148.1268033211925,24.511507596468675,-148.1268033211925,640.0000000000002
random-s0-0057,visibility,cycle,150.0,100.0,30.0,1,0,2,2,0,2,0,-148.44094745476875,24.183991466908623,-148.44094745476875,640.0000000000002
random-s0-0057,visibility,event,0.0,20.0,30.0,1,0,1,1,0,1,0,-149.11567046040005,304.00058674501736,-149.11567046040005,360.00000000000006
random-s0-0057,visibility,event,0.0,100.0,30.0,1,0,1,1,0,1,0,-148.35139287079684,302.8476968339405,-148.35139287079684,420.0000000000001
random-s0-0057,visibility,event,50.0,20.0,30.0,1,0,2,2,0,2,0,-149.11567046040005,34.511007714246404,-149.11567046040005,620.0000000000002
random-s0-0057,visibility,event,50.0,100.0,30.0,1,0,2,2,0,2,0,-148.35139287079684,34.522648650389584,-148.35139287079684,620.0000000000002
random-s0-0057,visibility,event,150.0,20.0,30.0,1,0,2,2,0,2,0,-148.1268033211925,24.59510673355004,-148.1268033211925,640.0000000000002
random-s0-0057,visibility,event,150.0,100.0,30.0,1,0,2,2,0,2,0,-148.44094745476875,24.746727729686995,-148.44094745476875,640.0000000000002
random-s0-0058,voronoi,once,0.0,20.0,30.0,1,0,0,0,0,0,0,9.879117951016298,9.879117951016298,66.88567389195049,0.0
random-s0-0058,voronoi,cycle,0.0,20.0,30.0,1,0,0,0,0,0,0,66.88567389195029,296.3405483561908,66.88567389195029,0.0
random-s0-0058,voronoi,cycle,0.0,100.0,30.0,1,0,0,0,0,0,0,66.88567389195049,212.5671683432774,66.88567389195049,0.0
random-s0-0058,voronoi,cycle,50.0,20.0,30.0,1,0,0,0,0,0,0,66.88567389195029,308.8005191434887,66.88567389195029,0.0
random-s0-0058,voronoi,cycle,50.0,100.0,30.0,1,0,0,0,0,0,0,66.88567389195049,340.86191020186743,66.88567389195049,0.0
random-s0-0058,voronoi,cycle,150.0,20.0,30.0,1,0,0,0,0,0,0,79.2402573120686,336.1659691812169,79.2402573120686,0.0
random-s0-0058,voronoi,cycle,150.0,100.0,30.0,1,0,0,0,0,0,0,55.41187141022653,419.32546230175546,55.41187141022653,0.0
random-s0-0058,voronoi,event,0.0,20.0,30.0,1,0,0,0,0,0,0,43.68971257855259,43.68971257855259,66.88567389195029,0.0
random-s0-0058,voronoi,event,0.0,100.0,30.0,1,0,0,0,0,0,0,66.88567389195049,168.8259787588329,66.88567389195049,0.0
random-s0-0058,voronoi,event,50.0,20.0,30.0,1,0,0,0,0,0,0,66.88567389195029,291.27642488862784,66.88567389195029,0.0
random-s0-0058,voronoi,event,50.0,100.0,30.0,1,0,0,0,0,0,0,33.8398900424578,33.8398900424578,91.92185464881214,0.0
random-s0-0058,voronoi,event,150.0,20.0,30.0,1,0,0,0,0,0,0,93.05209247398552,412.6041430595934,93.05209247398552,0.0
random-s0-0058,voronoi,event,150.0,100.0,30.0,1,0,0,0,0,0,0,55.41187141022653,446.9085464125809,55.41187141022653,0.0
random-s0-0058,prm,once,0.0,20.0,30.0,1,0,0,0,0,0,0,9.879117951016298,9.879117951016298,66.88567389195049,0.0
random-s0-0058,prm,cycle,0.0,20.0,30.0,1,0,0,0,0,0,0,66.88567389195029,78.6269870871468,66.88567389195029,0.0
random-s0-0058,prm,cycle,0.0,100.0,30.0,1,0,0,0,0,0,0,66.88567389195049,73.11838885946722,66.88567389195049,0.0
random-s0-0058,prm,cycle,50.0,20.0,30.0,1,0,0,0,0,0,0,66.88567389195029,238.42140395410496,66.88567389195029,0.0
random-s0-0058,prm,cycle,50.0,100.0,30.0,1,0,0,0,0,0,0,66.88567389195049,241.09035800764457,66.88567389195049,0.0
random-s0-0058,prm,cycle,150.0,20.0,30.0,1,0,0,0,0,0,0,67.03199345405147,466.9246313064696,67.03199345405147,0.0
random-s0-0058,prm,cycle,150.0,100.0,30.0,1,0,0,0,0,0,0,76.43577457548218,231.6853599770304,76.43577457548218,0.0
random-s0-0058,prm,event,0.0,20.0,30.0,1,0,0,0,0,0,0,41.1467101834165,41.1467101834165,66.88567389195029,0.0
random-s0-0058,prm,event,0.0,100.0,30.0,1,0,0,0,0,0,0,66.88567389195049,133.57976855523162,66.88567389195049,0.0
random-s0-0058,prm,event,50.0,20.0,30.0,1,0,0,0,0,0,0,66.88567389195029,138.4801604292195,66.88567389195029,0.0
random-s0-0058,prm,event,50.0,100.0,30.0,1,0,0,0,0,0,0,66.88567389195049,483.76136483876905,66.88567389195049,0.0
random-s0-0058,prm,event,150.0,20.0,30.0,1,0,0,0,0,0,0,101.9858450789858,444.8639588840582,101.9858450789858,0.0
random-s0-0058,prm,event,150.0,100.0,30.0,1,0,0,0,0,0,0,76.43577457548218,247.63421100222968,76.43577457548218,0.0
random-s0-0058,visibility,once,0.0,20.0,30.0,1,0,0,0,0,0,0,9.879117951016298,9.879117951016298,66.88567389195049,0.0
random-s0-0058,visibility,cycle,0.0,20.0,30.0,1,0,0,0,0,0,0,66.88567389195029,142.62131232102325,66.88567389195029,0.0
random-s0-0058,visibility,cycle,0.0,100.0,30.0,1,0,0,0,0,0,0,66.88567389195049,143.46264508191558,66.88567389195049,0.0
random-s0-0058,visibility,cycle,50.0,20.0,30.0,1,0,1,0,1,0,0,-150.431504417231,-150.431504417231,66.88567389195029,279.99999999999994
random-s0-0058,visibility,cycle,50.0,100.0,30.0,1,0,0,0,0,0,0,66.88567389195049,211.9657855921219,66.88567389195049,0.0
random-s0-0058,visibility,cycle,150.0,20.0,30.0,1,0,0,0,0,0,0,62.77623330211736,366.5609985161525,62.77623330211736,0.0
random-s0-0058,visibility,cycle,150.0,100.0,30.0,1,0,0,0,0,0,0,63.20977448721993,110.6595071456797,63.20977448721993,0.0
random-s0-0058,visibility,event,0.0,20.0,30.0,1,0,0,0,0,0,0,66.88567389195029,151.48936040450906,66.88567389195029,0.0
random-s0-0058,visibility,event,0.0,100.0,30.0,1,0,0,0,0,0,0,66.88567389195049,143.46264508191558,66.88567389195049,0.0
random-s0-0058,visibility,event,50.0,20.0,30.0,1,0,0,0,0,0,0,66.88567389195029,120.20006974948996,66.88567389195029,0.0
random-s0-0058,visibility,event,50.0,100.0,30.0,1,0,0,0,0,0,0,66.88567389195049,243.4898407834168,66.88567389195049,0.0
random-s0-0058,visibility,event,150.0,20.0,30.0,1,0,0,0,0,0,0,60.8664550033983,255.16968158474964,60.8664550033983,0.0
random-s0-0058,visibility,event,150.0,100.0,30.0,1,0,0,0,0,0,0,63.20977448721993,193.6647913601255,63.20977448721993,0.0
random-s0-0059,voronoi,once,0.0,20.0,30.0,1,0,2,2,0,1,1,-70.61132737080207,48.16490723138409,-70.61132737080207,180.0
random-s0-0059,voronoi,cycle,0.0,20.0,30.0,1,0,1,1,0,1,0,-67.47170000509986,48.16490723138409,-67.47170000509986,160.0
random-s0-0059,voronoi,cycle,0.0,100.0,30.0,1,0,2,2,0,2,0,-71.08174909560076,48.16490723138409,-71.08174909560076,179.99999999999991
random-s0-0059,voronoi,cycle,50.0,20.0,30.0,1,0,1,1,0,1,0,-69.35138947457477,39.54394637852246,-69.35138947457477,380.00000000000006
random-s0-0059,voronoi,cycle,50.0,100.0,30.0,1,0,1,1,0,1,0,-73.01401052881057,48.16490723138409,-73.01401052881057,240.0
random-s0-0059,voronoi,cycle,150.0,20.0,30.0,1,0,0,0,0,0,0,40.2579212175078,60.5585122534238,40.2579212175078,0.0
random-s0-0059,voronoi,cycle,150.0,100.0,30.0,1,0,0,0,0,0,0,45.63159751824051,48.16490723138409,45.63159751824051,0.0
random-s0-0059,voronoi,event,0.0,20.0,30.0,1,0,1,1,0,1,0,-67.61512805999008,48.16490723138409,-67.61512805999008,160.0
random-s0-0059,voronoi,event,0.0,100.0,30.0,1,0,2,2,0,2,0,-71.08174909560076,48.16490723138409,-71.08174909560076,179.99999999999991
random-s0-0059,voronoi,event,50.0,20.0,30.0,1,0,1,1,0,1,0,-69.37395307482045,39.38820929561433,-69.37395307482045,380.00000000000006
random-s0-0059,voronoi,event,50.0,100.0,30.0,1,0,1,1,0,1,0,-73.01401052881057,48.16490723138409,-73.01401052881057,240.0
random-s0-0059,voronoi,event,150.0,20.0,30.0,1,0,0,0,0,0,0,2.5283269496264325,2.5283269496264325,45.226535113408005,0.0
random-s0-0059,voronoi,event,150.0,100.0,30.0,1,0,0,0,0,0,0,45.63159751824051,48.16490723138409,45.63159751824051,0.0
random-s0-0059,prm,once,0.0,20.0,30.0,1,0,4,4,0,4,0,-159.9507373602986,40.00329411372067,-159.9507373602986,580.0000000000002
random-s0-0059,prm,cycle,0.0,20.0,30.0,1,0,1,1,0,1,0,-52.51334577955582,360.7164275484844,-52.51334577955582,220.0
random-s0-0059,prm,cycle,0.0,100.0,30.0,1,0,2,1,1,1,0,-154.39097316389316,-154.39097316389316,-151.5721195088475,1320.0000000000005
random-s0-0059,prm,cycle,50.0,20.0,30.0,1,0,1,1,0,1,0,-105.92827562818928,118.74198000975456,-105.92827562818928,380.00000000000006
random-s0-0059,prm,cycle,50.0,100.0,30.0,1,0,1,1,0,1,0,-104.0461957269006,89.2434293554511,-104.0461957269006,420.0000000000001
random-s0-0059,prm,cycle,150.0,20.0,30.0,1,0,1,1,0,1,0,-70.08233573977303,73.95470829499556,-70.08233573977303,360.00000000000006
random-s0-0059,prm,cycle,150.0,100.0,30.0,1,0,1,1,0,1,0,-68.67432038958441,116.4002150330012,-68.67432038958441,360.00000000000006
random-s0-0059,prm,event,0.0,20.0,30.0,1,0,1,1,0,1,0,-84.72639949856675,31.499447071876038,-84.72639949856675,400.00000000000006
random-s0-0059,prm,event,0.0,100.0,30.0,1,0,2,1,1,1,0,-154.39097316389316,-154.39097316389316,-151.5721195088475,1320.0000000000005
random-s0-0059,prm,event,50.0,20.0,30.0,1,0,1,1,0,1,0,-105.57478267228656,143.60947074716,-105.57478267228656,420.0000000000001
random-s0-0059,prm,event,50.0,100.0,30.0,1,0,1,1,0,1,0,-104.0461957269006,89.2434293554511,-104.0461957269006,420.0000000000001
random-s0-0059,prm,event,150.0,20.0,30.0,1,0,1,1,0,1,0,-68.87730032426032,30.553837646981776,-68.87730032426032,380.00000000000006
random-s0-0059,prm,event,150.0,100.0,30.0,1,0,1,1,0,1,0,-68.67432038958441,42.82152813824212,-68.67432038958441,360.00000000000006
random-s0-0059,visibility,once,0.0,20.0,30.0,1,0,3,2,1,2,0,-148.95440963648394,-148.95440963648394,-50.58245863781747,320.0
random-s0-0059,visibility,cycle,0.0,20.0,30.0,1,0,2,2,0,2,0,-111.3038557225653,122.52882186644786,-111.3038557225653,600.0000000000001
random-s0-0059,visibility,cycle,0.0,100.0,30.0,1,0,2,2,0,2,0,-111.4737883597904,261.26080141065626,-111.4737883597904,620.0000000000001
random-s0-0059,visibility,cycle,50.0,20.0,30.0,1,0,2,2,0,2,0,-161.67668509610195,149.00422844365164,-161.67668509610195,580.0000000000002
random-s0-0059,visibility,cycle,50.0,100.0,30.0,1,0,2,2,0,2,0,-167.03772239582923,155.43854569969676,-167.03772239582923,560.0000000000001
random-s0-0059,visibility,cycle,150.0,20.0,30.0,1,0,0,0,0,0,0,17.569667810578835,126.16396908425436,17.569667810578835,0.0
random-s0-0059,visibility,cycle,150.0,100.0,30.0,1,0,2,2,0,2,0,-148.77881332283496,117.88469004377276,-148.77881332283496,540.0
random-s0-0059,visibility,event,0.0,20.0,30.0,1,0,2,2,0,2,0,-114.4867257109406,136.56688416492858,-114.4867257109406,560.0
random-s0-0059,visibility,event,0.0,100.0,30.0,1,0,2,2,0,2,0,-111.4737883597904,138.4682113577868,-111.4737883597904,560.0
random-s0-0059,visibility,event,50.0,20.0,30.0,1,0,3,3,0,2,1,-164.19451885359152,77.14646902953814,-164.19451885359152,640.0000000000002
random-s0-0059,visibility,event,50.0,100.0,30.0,1,0,2,2,0,1,1,-167.03772239582923,61.74183107680889,-167.03772239582923,680.0
random-s0-0059,visibility,event,150.0,20.0,30.0,1,0,2,2,0,1,1,-35.08444138500448,83.85757421647122,-35.08444138500448,240.0
random-s0-0059,visibility,event,150.0,100.0,30.0,1,0,2,2,0,2,0,-134.5157657662148,336.8952623858363,-134.5157657662148,600.0000000000001
random-s0-0060,voronoi,once,0.0,20.0,30.0,1,0,1,1,0,1,0,-40.552734923515146,112.4702580313911,-40.552734923515146,200.0
random-s0-0060,voronoi,cycle,0.0,20.0,30.0,1,0,0,0,0,0,0,17.41316612694868,323.06532505306416,17.41316612694868,0.0
random-s0-0060,voronoi,cycle,0.0,100.0,30.0,1,0,0,0,0,0,0,11.194762277595204,323.06532505306427,11.194762277595204,0.0
random-s0-0060,voronoi,cycle,50.0,20.0,30.0,1,0,0,0,0,0,0,22.92553817630892,303.18750144100204,22.92553817630892,0.0
random-s0-0060,voronoi,cycle,50.0,100.0,30.0,1,0,0,0,0,0,0,26.507717315900635,285.0151915371582,26.507717315900635,0.0
random-s0-0060,voronoi,cycle,150.0,20.0,30.0,1,0,0,0,0,0,0,83.69444438592177,246.2830742291407,83.69444438592177,0.0
random-s0-0060,voronoi,cycle,150.0,100.0,30.0,1,0,0,0,0,0,0,44.05604054910276,310.266614311547,44.05604054910276,0.0
random-s0-0060,voronoi,event,0.0,20.0,30.0,1,0,0,0,0,0,0,19.60150927262697,93.71433124295096,19.60150927262697,0.0
random-s0-0060,voronoi,event,0.0,100.0,30.0,1,0,0,0,0,0,0,17.53621940595329,93.48043744942794,17.53621940595329,0.0
random-s0-0060,voronoi,event,50.0,20.0,30.0,1,0,0,0,0,0,0,29.787854639546023,100.36732938747316,29.787854639546023,0.0
random-s0-0060,voronoi,event,50.0,100.0,30.0,1,0,0,0,0,0,0,14.339585240783949,134.2449625755404,14.339585240783949,0.0
random-s0-0060,voronoi,event,150.0,20.0,30.0,1,0,0,0,0,0,0,33.63479797274272,137.92866577194803,33.63479797274272,0.0
random-s0-0060,voronoi,event,150.0,100.0,30.0,1,0,0,0,0,0,0,39.14598632800602,107.792856283631,39.14598632800602,0.0
random-s0-0060,prm,once,0.0,20.0,30.0,1,0,0,0,0,0,0,53.94260821470294,193.86285811178303,53.94260821470294,0.0
random-s0-0060,prm,cycle,0.0,20.0,30.0,1,0,1,1,0,0,1,-43.181712575480645,158.5927980468034,-43.181712575480645,80.0
random-s0-0060,prm,cycle,0.0,100.0,30.0,1,0,1,1,0,0,1,-43.33110346108012,171.5813524234984,-43.33110346108012,80.0
random-s0-0060,prm,cycle,50.0,20.0,30.0,1,0,1,1,0,0,1,-40.45338211695312,148.80852573624526,-40.45338211695312,80.0
random-s0-0060,prm,cycle,50.0,100.0,30.0,1,0,1,1,0,0,1,-38.101902698437584,141.61807006478682,-38.101902698437584,60.0
random-s0-0060,prm,cycle,150.0,20.0,30.0,1,0,1,1,0,0,1,-42.38859407169375,174.03190069692624,-42.38859407169375,80.0
random-s0-0060,prm,cycle,150.0,100.0,30.0,1,0,0,0,0,0,0,54.53947048394775,140.7993526240777,54.53947048394775,0.0
random-s0-0060,prm,event,0.0,20.0,30.0,1,0,0,0,0,0,0,32.94580361615755,197.9232561785049,32.94580361615755,0.0
random-s0-0060,prm,event,0.0,100.0,30.0,1,0,0,0,0,0,0,35.09987194278486,196.8086249409893,35.09987194278486,0.0
random-s0-0060,prm,event,50.0,20.0,30.0,1,0,0,0,0,0,0,32.94580361615755,197.9232561785049,32.94580361615755,0.0
random-s0-0060,prm,event,50.0,100.0,30.0,1,0,0,0,0,0,0,35.09987194278486,196.8086249409893,35.09987194278486,0.0
random-s0-0060,prm,event,150.0,20.0,30.0,1,0,0,0,0,0,0,32.94580361615755,197.9232561785049,32.94580361615755,0.0
random-s0-0060,prm,event,150.0,100.0,30.0,1,0,0,0,0,0,0,35.09987194278486,196.8086249409893,35.09987194278486,0.0
random-s0-0060,visibility,once,0.0,20.0,30.0,1,0,1,1,0,0,1,-40.60023645471836,73.46283435936556,-40.60023645471836,180.0
random-s0-0060,visibility,cycle,0.0,20.0,30.0,1,0,0,0,0,0,0,24.465468379103072,164.2320201895203,24.465468379103072,0.0
random-s0-0060,visibility,cycle,0.0,100.0,30.0,1,0,0,0,0,0,0,24.465468379102987,73.92898863147107,24.465468379102987,0.0
random-s0-0060,visibility,cycle,50.0,20.0,30.0,1,0,0,0,0,0,0,24.465468379103072,323.06532505306416,24.465468379103072,0.0
random-s0-0060,visibility,cycle,50.0,100.0,30.0,1,0,0,0,0,0,0,24.465468379102987,323.06532505306427,24.465468379102987,0.0
random-s0-0060,visibility,cycle,150.0,20.0,30.0,1,0,1,1,0,0,1,-5.431971054765626,30.427890323045037,-5.431971054765626,60.0
random-s0-0060,visibility,cycle,150.0,100.0,30.0,1,0,1,1,0,0,1,-12.13462769754176,34.26731397895648,-12.13462769754176,80.0
random-s0-0060,visibility,event,0.0,20.0,30.0,1,0,0,0,0,0,0,24.465468379103072,161.90334027156274,24.465468379103072,0.0
random-s0-0060,visibility,event,0.0,100.0,30.0,1,0,0,0,0,0,0,24.465468379102987,73.92898863147107,24.465468379102987,0.0
random-s0-0060,visibility,event,50.0,20.0,30.0,1,0,0,0,0,0,0,21.965747485343314,323.06532505306416,21.965747485343314,0.0
random-s0-0060,visibility,event,50.0,100.0,30.0,1,0,0,0,0,0,0,24.465468379102987,323.06532505306427,24.465468379102987,0.0
random-s0-0060,visibility,event,150.0,20.0,30.0,1,0,0,0,0,0,0,24.465468379103072,202.072772544361,24.465468379103072,0.0
random-s0-0060,visibility,event,150.0,100.0,30.0,1,0,0,0,0,0,0,24.465468379102987,210.90859383032267,24.465468379102987,0.0
random-s0-0061,voronoi,once,0.0,20.0,30.0,1,0,3,2,1,1,1,-104.55406117835672,-63.21076094952743,-104.55406117835672,560.0000000000001
random-s0-0061,voronoi,cycle,0.0,20.0,30.0,1,0,1,1,0,1,0,-89.59552362163716,9.966509116652446,-89.59552362163716,540.0000000000001
random-s0-0061,voronoi,cycle,0.0,100.0,30.0,1,0,2,0,2,0,0,-12.6846687635516,-12.6846687635516,120.120825845688,79.99999999999991
random-s0-0061,voronoi,cycle,50.0,20.0,30.0,1,0,1,1,0,1,0,-10.27342356289958,13.239714016522385,-10.27342356289958,180.0
random-s0-0061,voronoi,cycle,50.0,100.0,30.0,1,0,1,1,0,1,0,-1.179782361006943,84.11420255962673,-1.179782361006943,80.0
random-s0-0061,voronoi,cycle,150.0,20.0,30.0,1,0,0,0,0,0,0,6.821804016170688,30.66435466858246,6.821804016170688,0.0
random-s0-0061,voronoi,cycle,150.0,100.0,30.0,1,0,0,0,0,0,0,111.84243917038162,353.83234884052774,111.84243917038162,0.0
random-s0-0061,voronoi,event,0.0,20.0,30.0,1,0,0,0,0,0,0,6.537986325866058,6.537986325866058,228.70596331035532,0.0
random-s0-0061,voronoi,event,0.0,100.0,30.0,1,0,1,0,1,0,0,-34.9480840574455,-34.9480840574455,24.76608045672981,59.99999999999992
random-s0-0061,voronoi,event,50.0,20.0,30.0,1,0,0,0,0,0,0,40.742307688815,189.0710644199803,40.742307688815,0.0
random-s0-0061,voronoi,event,50.0,100.0,30.0,1,0,0,0,0,0,0,12.488540611066329,164.5919572170642,12.488540611066329,0.0
random-s0-0061,voronoi,event,150.0,20.0,30.0,1,0,0,0,0,0,0,31.508507330646975,197.86515776022932,31.508507330646975,0.0
random-s0-0061,voronoi,event,150.0,100.0,30.0,1,0,0,0,0,0,0,254.136898498775,322.56969819481884,254.136898498775,0.0
random-s0-0061,prm,once,0.0,20.0,30.0,1,0,3,1,2,1,0,-104.55406117835672,-63.21076094952743,-104.55406117835672,560.0000000000001
random-s0-0061,prm,cycle,0.0,20.0,30.0,1,0,2,1,1,1,0,-98.50367816110372,-34.89460008862142,-98.50367816110372,500.0000000000001
random-s0-0061,prm,cycle,0.0,100.0,30.0,1,0,2,1,1,1,0,-169.73504035232827,-169.73504035232827,-104.55406117835668,820.0000000000002
random-s0-0061,prm,cycle,50.0,20.0,30.0,1,0,1,0,1,0,0,-18.780190496417102,-18.780190496417102,97.02982838488693,40.0
random-s0-0061,prm,cycle,50.0,100.0,30.0,1,0,2,1,1,1,0,-158.02726454044404,-26.49165902747623,-158.02726454044404,500.0
random-s0-0061,prm,cycle,150.0,20.0,30.0,1,0,0,0,0,0,0,83.5373244523974,213.3412954889415,83.5373244523974,0.0
random-s0-0061,prm,cycle,150.0,100.0,30.0,1,0,1,1,0,0,1,-42.5735357438447,130.99627196980197,-42.5735357438447,240.0
random-s0-0061,prm,event,0.0,20.0,30.0,1,0,2,1,1,1,0,-98.50367816110372,-95.00037421092598,-98.50367816110372,500.0000000000001
random-s0-0061,prm,event,0.0,100.0,30.0,1,0,2,1,1,1,0,-149.57597435249332,-149.57597435249332,-104.55406117835668,700.0000000000001
random-s0-0061,prm,event,50.0,20.0,30.0,1,0,0,0,0,0,0,33.81498536879408,33.81498536879408,88.88403150263917,0.0
random-s0-0061,prm,event,50.0,100.0,30.0,1,0,2,1,1,1,0,-144.73327195493175,-131.02488585094113,-144.73327195493175,700.0000000000003
random-s0-0061,prm,event,150.0,20.0,30.0,1,0,0,0,0,0,0,127.4624944722192,242.67448430308517,127.4624944722192,0.0
random-s0-0061,prm,event,150.0,100.0,30.0,1,0,1,1,0,0,1,-80.77989205036509,73.18299131613105,-80.77989205036509,320.0
random-s0-0061,visibility,once,0.0,20.0,30.0,1,0,2,1,1,1,0,-104.55406117835672,-63.21076094952743,-104.55406117835672,500.0000000000001
random-s0-0061,visibility,cycle,0.0,20.0,30.0,1,0,2,1,1,1,0,-128.75702449859676,-128.75702449859676,-111.90482459035232,940.0000000000005
random-s0-0061,visibility,cycle,0.0,100.0,30.0,1,0,3,1,2,1,0,-163.98647173957485,-163.98647173957485,-104.55406117835668,1000.0000000000002
random-s0-0061,visibility,cycle,50.0,20.0,30.0,1,0,2,1,1,1,0,-126.33762935013416,-65.2821460534553,-126.33762935013416,640.0000000000002
random-s0-0061,visibility,cycle,50.0,100.0,30.0,1,0,2,1,1,1,0,-123.19720589310828,-105.52376584879578,-123.19720589310828,900.0000000000002
random-s0-0061,visibility,cycle,150.0,20.0,30.0,1,0,2,1,1,1,0,-141.5705223695446,-15.455632985544554,-141.5705223695446,580.0000000000002
random-s0-0061,visibility,cycle,150.0,100.0,30.0,1,0,2,1,1,1,0,-128.45301898171834,-18.460806509652087,-128.45301898171834,440.0
random-s0-0061,visibility,event,0.0,20.0,30.0,1,0,2,1,1,1,0,-129.5918835774991,-129.5918835774991,-111.91295807240364,940.0000000000005
random-s0-0061,visibility,event,0.0,100.0,30.0,1,0,3,1,2,1,0,-163.98647173957485,-163.98647173957485,-104.55406117835668,1000.0000000000002
random-s0-0061,visibility,event,50.0,20.0,30.0,1,0,2,1,1,1,0,-112.90091254838865,-92.0633913628954,-112.90091254838865,740.0000000000003
random-s0-0061,visibility,event,50.0,100.0,30.0,1,0,2,1,1,1,0,-123.19720589310828,-105.59826011899246,-123.19720589310828,900.0000000000002
random-s0-0061,visibility,event,150.0,20.0,30.0,1,0,2,1,1,0,1,-24.233179252631857,-15.398412879020585,-24.233179252631857,259.99999999999994
random-s0-0061,visibility,event,150.0,100.0,30.0,1,0,1,1,0,1,0,-152.7472662008679,0.0872766920149956,-152.7472662008679,440.0
random-s0-0062,voronoi,once,0.0,20.0,30.0,1,0,1,0,1,0,0,-155.5573572267068,-155.5573572267068,82.7400600876008,580.0000000000002
random-s0-0062,voronoi,cycle,0.0,20.0,30.0,1,0,0,0,0,0,0,23.67892192774724,23.67892192774724,36.000999957813434,0.0
random-s0-0062,voronoi,cycle,0.0,100.0,30.0,1,0,0,0,0,0,0,56.75064876181921,148.88805052963943,56.75064876181921,0.0
random-s0-0062,voronoi,cycle,50.0,20.0,30.0,1,0,0,0,0,0,0,37.7401969283068,286.5434153652614,37.7401969283068,0.0
random-s0-0062,voronoi,cycle,50.0,100.0,30.0,1,0,0,0,0,0,0,33.204670588089016,244.8227878996192,33.204670588089016,0.0
random-s0-0062,voronoi,cycle,150.0,20.0,30.0,1,0,0,0,0,0,0,56.055434816093424,483.96191445913655,56.055434816093424,0.0
random-s0-0062,voronoi,cycle,150.0,100.0,30.0,1,0,0,0,0,0,0,82.7400600876008,523.8413203830595,82.7400600876008,0.0
random-s0-0062,voronoi,event,0.0,20.0,30.0,1,0,0,0,0,0,0,40.82914302739562,40.82914302739562,82.7400600876008,0.0
random-s0-0062,voronoi,event,0.0,100.0,30.0,1,0,0,0,0,0,0,35.14009225906909,35.14009225906909,82.7400600876008,0.0
random-s0-0062,voronoi,event,50.0,20.0,30.0,1,0,0,0,0,0,0,44.71573064406826,44.71573064406826,82.7400600876008,0.0
random-s0-0062,voronoi,event,50.0,100.0,30.0,1,0,0,0,0,0,0,69.31753688399647,118.70123637027064,69.31753688399647,0.0
random-s0-0062,voronoi,event,150.0,20.0,30.0,1,0,0,0,0,0,0,77.7923798459397,332.1620438500016,77.7923798459397,0.0
random-s0-0062,voronoi,event,150.0,100.0,30.0,1,0,0,0,0,0,0,75.73895699084261,112.40511634763556,75.73895699084261,0.0
random-s0-0062,prm,once,0.0,20.0,30.0,1,0,2,1,1,0,1,-52.087503319108365,-9.835978903942788,-52.087503319108365,100.0
random-s0-0062,prm,cycle,0.0,20.0,30.0,1,0,0,0,0,0,0,31.4492748609232,66.11742209796478,31.4492748609232,0.0
random-s0-0062,prm,cycle,0.0,100.0,30.0,1,0,1,1,0,1,0,-2.860751021936778,64.34793430061845,-2.860751021936778,19.999999999999908
random-s0-0062,prm,cycle,50.0,20.0,30.0,1,0,0,0,0,0,0,30.77603285138304,444.040004041193,30.77603285138304,0.0
random-s0-0062,prm,cycle,50.0,100.0,30.0,1,0,0,0,0,0,0,65.15397248042066,437.70777098531937,65.15397248042066,0.0
random-s0-0062,prm,cycle,150.0,20.0,30.0,1,0,0,0,0,0,0,60.24456151075205,462.584839250491,60.24456151075205,0.0
random-s0-0062,prm,cycle,150.0,100.0,30.0,1,0,0,0,0,0,0,36.915330430079166,407.6669374274177,36.915330430079166,0.0
random-s0-0062,prm,event,0.0,20.0,30.0,1,0,0,0,0,0,0,22.082874304946444,449.9890582388269,22.082874304946444,0.0
random-s0-0062,prm,event,0.0,100.0,30.0,1,0,1,1,0,1,0,-2.860751021936778,312.7470373485667,-2.860751021936778,19.999999999999908
random-s0-0062,prm,event,50.0,20.0,30.0,1,0,0,0,0,0,0,38.55854507100227,452.5782435536736,38.55854507100227,0.0
random-s0-0062,prm,event,50.0,100.0,30.0,1,0,0,0,0,0,0,49.076988619135335,462.8028640563622,49.076988619135335,0.0
random-s0-0062,prm,event,150.0,20.0,30.0,1,0,0,0,0,0,0,44.90506788406165,413.3343472693968,44.90506788406165,0.0
random-s0-0062,prm,event,150.0,100.0,30.0,1,0,0,0,0,0,0,72.36933797334794,150.68343638447735,72.36933797334794,0.0
random-s0-0062,visibility,once,0.0,20.0,30.0,1,0,0,0,0,0,0,58.80534122263112,105.70001822719672,58.80534122263112,0.0
random-s0-0062,visibility,cycle,0.0,20.0,30.0,1,0,0,0,0,0,0,30.497185702398525,98.8358854953188,30.497185702398525,0.0
random-s0-0062,visibility,cycle,0.0,100.0,30.0,1,0,0,0,0,0,0,38.347020002830334,129.08252437731687,38.347020002830334,0.0
random-s0-0062,visibility,cycle,50.0,20.0,30.0,1,0,1,0,1,0,0,-2.216585728597039,-2.216585728597039,33.95617515776036,20.0
random-s0-0062,visibility,cycle,50.0,100.0,30.0,1,0,0,0,0,0,0,37.02142629885356,162.6127103083258,37.02142629885356,0.0
random-s0-0062,visibility,cycle,150.0,20.0,30.0,1,0,0,0,0,0,0,21.22412762469338,31.114731490327813,21.22412762469338,0.0
random-s0-0062,visibility,cycle,150.0,100.0,30.0,1,0,0,0,0,0,0,23.65228625197705,33.87013800109568,23.65228625197705,0.0
random-s0-0062,visibility,event,0.0,20.0,30.0,1,0,0,0,0,0,0,36.26297880165768,86.86277925553492,36.26297880165768,0.0
random-s0-0062,visibility,event,0.0,100.0,30.0,1,0,0,0,0,0,0,35.49666430073725,175.63795085224928,35.49666430073725,0.0
random-s0-0062,visibility,event,50.0,20.0,30.0,1,0,0,0,0,0,0,31.8829398308267,44.35968812954235,31.8829398308267,0.0
random-s0-0062,visibility,event,50.0,100.0,30.0,1,0,0,0,0,0,0,42.979796904610055,162.8981282385621,42.979796904610055,0.0
random-s0-0062,visibility,event,150.0,20.0,30.0,1,0,0,0,0,0,0,34.52856049680247,68.70379594784535,34.52856049680247,0.0
random-s0-0062,visibility,event,150.0,100.0,30.0,1,0,0,0,0,0,0,34.70806077764598,161.8114298736254,34.70806077764598,0.0
random-s0-0063,voronoi,once,0.0,20.0,30.0,1,0,1,0,1,0,0,-127.98245439072753,-127.98245439072753,202.638718378948,380.00000000000006
random-s0-0063,voronoi,cycle,0.0,20.0,30.0,1,0,1,0,1,0,0,-2.616259465581152,-2.616259465581152,170.7548831639162,20.0
random-s0-0063,voronoi,cycle,0.0,100.0,30.0,1,0,3,0,3,0,0,-42.751920774091246,-42.751920774091246,136.20946012323668,179.9999999999998
random-s0-0063,voronoi,cycle,50.0,20.0,30.0,1,0,0,0,0,0,0,51.33740903441264,51.33740903441264,55.37737823049122,0.0
random-s0-0063,voronoi,cycle,50.0,100.0,30.0,1,0,1,0,1,0,0,-4.575250009110903,-4.575250009110903,236.8487489263469,20.0
random-s0-0063,voronoi,cycle,150.0,20.0,30.0,1,0,0,0,0,0,0,72.61068860996352,72.61068860996352,273.3954031521451,0.0
random-s0-0063,voronoi,cycle,150.0,100.0,30.0,1,0,0,0,0,0,0,72.61068860996352,72.61068860996352,273.3954031521452,0.0
random-s0-0063,voronoi,event,0.0,20.0,30.0,1,0,1,0,1,0,0,-0.2858758239652843,-0.2858758239652843,151.56020325491727,20.0
random-s0-0063,voronoi,event,0.0,100.0,30.0,1,0,1,0,1,0,0,-33.338242224389944,-33.338242224389944,278.7807108537285,59.99999999999992
random-s0-0063,voronoi,event,50.0,20.0,30.0,1,0,0,0,0,0,0,35.97805659337055,35.97805659337055,75.79979004303581,0.0
random-s0-0063,voronoi,event,50.0,100.0,30.0,1,0,1,0,1,0,0,-4.575250009110903,-4.575250009110903,297.4323096491285,20.0
random-s0-0063,voronoi,event,150.0,20.0,30.0,1,0,0,0,0,0,0,72.61068860996352,72.61068860996352,96.03705596107574,0.0
random-s0-0063,voronoi,event,150.0,100.0,30.0,1,0,0,0,0,0,0,72.61068860996352,72.61068860996352,175.7578472235411,0.0
random-s0-0063,prm,once,0.0,20.0,30.0,1,0,1,0,1,0,0,-127.98245439072753,-127.98245439072753,202.638718378948,380.00000000000006
random-s0-0063,prm,cycle,0.0,20.0,30.0,1,0,1,0,1,0,0,-19.010802814575698,-19.010802814575698,249.6827207504645,60.0
random-s0-0063,prm,cycle,0.0,100.0,30.0,1,0,1,0,1,0,0,-54.70856054565051,-54.70856054565051,171.09848743889415,79.99999999999991
random-s0-0063,prm,cycle,50.0,20.0,30.0,1,0,0,0,0,0,0,72.61068860996352,72.61068860996352,230.0961839922553,0.0
random-s0-0063,prm,cycle,50.0,100.0,30.0,1,0,0,0,0,0,0,72.61068860996352,72.61068860996352,147.64811006623034,0.0
random-s0-0063,prm,cycle,150.0,20.0,30.0,1,0,0,0,0,0,0,72.61068860996352,72.61068860996352,146.22489822221917,0.0
random-s0-0063,prm,cycle,150.0,100.0,30.0,1,0,0,0,0,0,0,72.61068860996352,72.61068860996352,154.10250693445676,0.0
random-s0-0063,prm,event,0.0,20.0,30.0,1,0,0,0,0,0,0,31.605277392342344,31.605277392342344,183.45432315091935,0.0
random-s0-0063,prm,event,0.0,100.0,30.0,1,0,1,0,1,0,0,-54.70856054565051,-54.70856054565051,171.09848743889415,79.99999999999991
random-s0-0063,prm,event,50.0,20.0,30.0,1,0,0,0,0,0,0,32.4052677788014,32.4052677788014,192.929114806038,0.0
random-s0-0063,prm,event,50.0,100.0,30.0,1,0,0,0,0,0,0,54.39167700486351,54.39167700486351,176.76201492318586,0.0
random-s0-0063,prm,event,150.0,20.0,30.0,1,0,0,0,0,0,0,72.61068860996352,72.61068860996352,95.42414006571556,0.0
random-s0-0063,prm,event,150.0,100.0,30.0,1,0,0,0,0,0,0,72.61068860996352,72.61068860996352,154.0265650956082,0.0
random-s0-0063,visibility,once,0.0,20.0,30.0,1,0,1,0,1,0,0,-127.98245439072753,-127.98245439072753,202.638718378948,380.00000000000006
random-s0-0063,visibility,cycle,0.0,20.0,30.0,1,0,0,0,0,0,0,72.61068860996352,72.61068860996352,273.3954031521451,0.0
random-s0-0063,visibility,cycle,0.0,100.0,30.0,1,0,0,0,0,0,0,72.61068860996352,72.61068860996352,273.3954031521452,0.0
random-s0-0063,visibility,cycle,50.0,20.0,30.0,1,0,0,0,0,0,0,72.61068860996352,72.61068860996352,273.3954031521451,0.0
random-s0-0063,visibility,cycle,50.0,100.0,30.0,1,0,0,0,0,0,0,72.61068860996352,72.61068860996352,273.3954031521452,0.0
random-s0-0063,visibility,cycle,150.0,20.0,30.0,1,0,0,0,0,0,0,30.318389299437086,30.318389299437086,273.3954031521451,0.0
random-s0-0063,visibility,cycle,150.0,100.0,30.0,1,0,0,0,0,0,0,72.61068860996352,72.61068860996352,273.3954031521452,0.0
random-s0-0063,visibility,event,0.0,20.0,30.0,1,0,0,0,0,0,0,72.61068860996352,72.61068860996352,273.3954031521451,0.0
random-s0-0063,visibility,event,0.0,100.0,30.0,1,0,0,0,0,0,0,72.61068860996352,72.61068860996352,273.3954031521452,0.0
random-s0-0063,visibility,event,50.0,20.0,30.0,1,0,0,0,0,0,0,72.61068860996352,72.61068860996352,273.3954031521451,0.0
random-s0-0063,visibility,event,50.0,100.0,30.0,1,0,0,0,0,0,0,72.61068860996352,72.61068860996352,273.3954031521452,0.0
random-s0-0063,visibility,event,150.0,20.0,30.0,1,0,0,0,0,0,0,32.41328073187631,32.41328073187631,273.3954031521451,0.0
random-s0-0063,visibility,event,150.0,100.0,30.0,1,0,0,0,0,0,0,72.61068860996352,72.61068860996352,273.3954031521452,0.0
random-s0-0064,voronoi,once,0.0,20.0,30.0,1,0,0,0,0,0,0,82.47338961073575,150.3396896528585,82.47338961073575,0.0
random-s0-0064,voronoi,cycle,0.0,20.0,30.0,1,0,0,0,0,0,0,82.47338961073581,322.5157511038043,82.47338961073581,0.0
random-s0-0064,voronoi,cycle,0.0,100.0,30.0,1,0,0,0,0,0,0,82.47338961073575,432.5192876305475,82.47338961073575,0.0
random-s0-0064,voronoi,cycle,50.0,20.0,30.0,1,0,0,0,0,0,0,36.715974073071976,448.44941560458096,36.715974073071976,0.0
random-s0-0064,voronoi,cycle,50.0,100.0,30.0,1,0,0,0,0,0,0,82.47338961073575,467.3616005365551,82.47338961073575,0.0
random-s0-0064,voronoi,cycle,150.0,20.0,30.0,1,0,0,0,0,0,0,82.47338961073581,489.2621698285384,82.47338961073581,0.0
random-s0-0064,voronoi,cycle,150.0,100.0,30.0,1,0,0,0,0,0,0,31.622779074487,488.9738424686848,31.622779074487,0.0
random-s0-0064,voronoi,event,0.0,20.0,30.0,1,0,0,0,0,0,0,82.47338961073581,411.34191558045336,82.47338961073581,0.0
random-s0-0064,voronoi,event,0.0,100.0,30.0,1,0,0,0,0,0,0,82.47338961073575,361.88081146350055,82.47338961073575,0.0
random-s0-0064,voronoi,event,50.0,20.0,30.0,1,0,0,0,0,0,0,149.71417536721287,218.26473848616973,149.71417536721287,0.0
random-s0-0064,voronoi,event,50.0,100.0,30.0,1,0,0,0,0,0,0,82.47338961073575,379.69808167169367,82.47338961073575,0.0
random-s0-0064,voronoi,event,150.0,20.0,30.0,1,0,0,0,0,0,0,82.47338961073581,489.2621698285384,82.47338961073581,0.0
random-s0-0064,voronoi,event,150.0,100.0,30.0,1,0,0,0,0,0,0,31.82278152463479,489.0179802634475,31.82278152463479,0.0
random-s0-0064,prm,once,0.0,20.0,30.0,1,0,0,0,0,0,0,168.27375726574644,438.4726188515384,168.27375726574644,0.0
random-s0-0064,prm,cycle,0.0,20.0,30.0,1,0,0,0,0,0,0,168.27375726574644,486.0958922670728,168.27375726574644,0.0
random-s0-0064,prm,cycle,0.0,100.0,30.0,1,0,0,0,0,0,0,168.27375726574644,586.4319731207207,168.27375726574644,0.0
random-s0-0064,prm,cycle,50.0,20.0,30.0,1,0,0,0,0,0,0,168.27375726574644,428.7923458175686,168.27375726574644,0.0
random-s0-0064,prm,cycle,50.0,100.0,30.0,1,0,0,0,0,0,0,168.27375726574644,495.4995123063667,168.27375726574644,0.0
random-s0-0064,prm,cycle,150.0,20.0,30.0,1,0,0,0,0,0,0,168.27375726574644,597.2631833224136,168.27375726574644,0.0
random-s0-0064,prm,cycle,150.0,100.0,30.0,1,0,0,0,0,0,0,168.27375726574644,673.998479164072,168.27375726574644,0.0
random-s0-0064,prm,event,0.0,20.0,30.0,1,0,0,0,0,0,0,36.7457018873757,36.7457018873757,168.27375726574644,0.0
random-s0-0064,prm,event,0.0,100.0,30.0,1,0,0,0,0,0,0,168.27375726574644,586.4319731207207,168.27375726574644,0.0
random-s0-0064,prm,event,50.0,20.0,30.0,1,0,0,0,0,0,0,58.20307777554095,58.20307777554095,168.27375726574644,0.0
random-s0-0064,prm,event,50.0,100.0,30.0,1,0,1,0,1,0,0,-102.148168285961,-102.148168285961,168.27375726574644,80.0
random-s0-0064,prm,event,150.0,20.0,30.0,1,0,0,0,0,0,0,58.58337614871297,359.62870049347725,58.58337614871297,0.0
random-s0-0064,prm,event,150.0,100.0,30.0,1,0,0,0,0,0,0,168.27375726574644,662.2073188650357,168.27375726574644,0.0
random-s0-0064,visibility,once,0.0,20.0,30.0,1,0,0,0,0,0,0,168.27375726574644,438.4726188515384,168.27375726574644,0.0
random-s0-0064,visibility,cycle,0.0,20.0,30.0,1,0,0,0,0,0,0,168.27375726574644,481.78565479818417,168.27375726574644,0.0
random-s0-0064,visibility,cycle,0.0,100.0,30.0,1,0,0,0,0,0,0,168.27375726574644,491.093648893344,168.27375726574644,0.0
random-s0-0064,visibility,cycle,50.0,20.0,30.0,1,0,0,0,0,0,0,168.27375726574644,509.88337375330457,168.27375726574644,0.0
random-s0-0064,visibility,cycle,50.0,100.0,30.0,1,0,0,0,0,0,0,168.27375726574644,489.3575497446975,168.27375726574644,0.0
random-s0-0064,visibility,cycle,150.0,20.0,30.0,1,0,0,0,0,0,0,168.27375726574644,602.1120602304816,168.27375726574644,0.0
random-s0-0064,visibility,cycle,150.0,100.0,30.0,1,0,0,0,0,0,0,168.27375726574644,625.212168907902,168.27375726574644,0.0
random-s0-0064,visibility,event,0.0,20.0,30.0,1,0,0,0,0,0,0,168.27375726574644,490.5916498824246,168.27375726574644,0.0
random-s0-0064,visibility,event,0.0,100.0,30.0,1,0,0,0,0,0,0,168.27375726574644,491.093648893344,168.27375726574644,0.0
random-s0-0064,visibility,event,50.0,20.0,30.0,1,0,0,0,0,0,0,168.27375726574644,516.6799152613145,168.27375726574644,0.0
random-s0-0064,visibility,event,50.0,100.0,30.0,1,0,0,0,0,0,0,168.27375726574644,489.3575497446975,168.27375726574644,0.0
random-s0-0064,visibility,event,150.0,20.0,30.0,1,0,0,0,0,0,0,168.27375726574644,633.2965089484451,168.27375726574644,0.0
random-s0-0064,visibility,event,150.0,100.0,30.0,1,0,0,0,0,0,0,168.27375726574644,658.4644755744255,168.27375726574644,0.0
random-s0-0065,voronoi,once,0.0,20.0,30.0,1,0,2,0,2,0,0,-62.07313560651792,-62.07313560651792,112.73976497906808,160.0
random-s0-0065,voronoi,cycle,0.0,20.0,30.0,1,0,0,0,0,0,0,33.40828641355469,63.26567450405756,33.40828641355469,0.0
random-s0-0065,voronoi,cycle,0.0,100.0,30.0,1,0,0,0,0,0,0,46.61646593278729,279.1741237484418,46.61646593278729,0.0
random-s0-0065,voronoi,cycle,50.0,20.0,30.0,1,0,0,0,0,0,0,66.74822887388066,136.4432242957693,66.74822887388066,0.0
random-s0-0065,voronoi,cycle,50.0,100.0,30.0,1,0,0,0,0,0,0,77.20166570296931,77.20166570296931,112.73976497906808,0.0
random-s0-0065,voronoi,cycle,150.0,20.0,30.0,1,0,0,0,0,0,0,112.73976497906808,225.9628201546949,112.73976497906808,0.0
random-s0-0065,voronoi,cycle,150.0,100.0,30.0,1,0,0,0,0,0,0,112.73976497906808,199.90285471260157,112.73976497906808,0.0
random-s0-0065,voronoi,event,0.0,20.0,30.0,1,0,0,0,0,0,0,24.07027014003691,24.07027014003691,112.73976497906808,0.0
random-s0-0065,voronoi,event,0.0,100.0,30.0,1,0,1,0,1,0,0,-106.26378706335996,-106.26378706335996,33.84836707035123,159.99999999999983
random-s0-0065,voronoi,event,50.0,20.0,30.0,1,0,0,0,0,0,0,48.0493520057436,112.479949900419,48.0493520057436,0.0
random-s0-0065,voronoi,event,50.0,100.0,30.0,1,0,0,0,0,0,0,54.85472169515021,77.20166570296931,54.85472169515021,0.0
random-s0-0065,voronoi,event,150.0,20.0,30.0,1,0,0,0,0,0,0,35.051283702392766,262.8540039916735,35.051283702392766,0.0
random-s0-0065,voronoi,event,150.0,100.0,30.0,1,0,0,0,0,0,0,74.7555510781194,168.28228796827585,74.7555510781194,0.0
random-s0-0065,prm,once,0.0,20.0,30.0,1,0,2,0,2,0,0,-113.32848320240372,-113.32848320240372,112.73976497906808,140.0
random-s0-0065,prm,cycle,0.0,20.0,30.0,1,0,0,0,0,0,0,49.28277335695813,49.28277335695813,73.87763775869087,0.0
random-s0-0065,prm,cycle,0.0,100.0,30.0,1,0,0,0,0,0,0,82.670248929585,82.670248929585,112.73976497906808,0.0
random-s0-0065,prm,cycle,50.0,20.0,30.0,1,0,0,0,0,0,0,98.534569136306,98.534569136306,112.73976497906808,0.0
random-s0-0065,prm,cycle,50.0,100.0,30.0,1,0,1,0,1,0,0,-94.97191588098411,-94.97191588098411,112.73976497906808,60.0
random-s0-0065,prm,cycle,150.0,20.0,30.0,1,0,1,0,1,0,0,-94.97191588098411,-94.97191588098411,112.73976497906808,59.99999999999997
random-s0-0065,prm,cycle,150.0,100.0,30.0,1,0,1,0,1,0,0,-94.97191588098411,-94.97191588098411,112.73976497906808,60.0
random-s0-0065,prm,event,0.0,20.0,30.0,1,0,0,0,0,0,0,112.73976497906808,116.51049526430882,112.73976497906808,0.0
random-s0-0065,prm,event,0.0,100.0,30.0,1,0,1,0,1,0,0,-37.67685172473486,-37.67685172473486,112.73976497906808,139.99999999999997
random-s0-0065,prm,event,50.0,20.0,30.0,1,0,0,0,0,0,0,41.92417746348454,41.92417746348454,90.39251378505656,0.0
random-s0-0065,prm,event,50.0,100.0,30.0,1,0,1,0,1,0,0,-94.97191588098411,-94.97191588098411,102.3694571682512,60.0
random-s0-0065,prm,event,150.0,20.0,30.0,1,0,1,0,1,0,0,-94.97191588098411,-94.97191588098411,112.73976497906808,59.99999999999997
random-s0-0065,prm,event,150.0,100.0,30.0,1,0,1,0,1,0,0,-94.97191588098411,-94.97191588098411,112.73976497906808,60.0
random-s0-0065,visibility,once,0.0,20.0,30.0,1,0,1,0,1,0,0,-126.8441497353793,-126.8441497353793,57.70347467738543,60.0
random-s0-0065,visibility,cycle,0.0,20.0,30.0,1,0,0,0,0,0,0,33.96555956138107,47.53445898335042,33.96555956138107,0.0
random-s0-0065,visibility,cycle,0.0,100.0,30.0,1,0,1,0,1,0,0,-116.39962367380778,-116.39962367380778,38.39938982301521,219.99999999999977
random-s0-0065,visibility,cycle,50.0,20.0,30.0,1,0,0,0,0,0,0,33.96555956138107,111.29965815649518,33.96555956138107,0.0
random-s0-0065,visibility,cycle,50.0,100.0,30.0,1,0,0,0,0,0,0,33.965559561380815,93.76553884814656,33.965559561380815,0.0
random-s0-0065,visibility,cycle,150.0,20.0,30.0,1,0,0,0,0,0,0,33.96555956138107,132.31370492249368,33.96555956138107,0.0
random-s0-0065,visibility,cycle,150.0,100.0,30.0,1,0,0,0,0,0,0,33.965559561380815,157.06590889321944,33.965559561380815,0.0
random-s0-0065,visibility,event,0.0,20.0,30.0,1,0,0,0,0,0,0,33.96555956138107,51.89107698833308,33.96555956138107,0.0
random-s0-0065,visibility,event,0.0,100.0,30.0,1,0,1,0,1,0,0,-116.39962367380778,-116.39962367380778,38.39938982301521,219.99999999999977
random-s0-0065,visibility,event,50.0,20.0,30.0,1,0,0,0,0,0,0,33.96555956138107,119.29724345946504,33.96555956138107,0.0
random-s0-0065,visibility,event,50.0,100.0,30.0,1,0,0,0,0,0,0,33.965559561380815,93.76553884814656,33.965559561380815,0.0
random-s0-0065,visibility,event,150.0,20.0,30.0,1,0,0,0,0,0,0,33.394654302467984,33.394654302467984,33.96555956138107,0.0
random-s0-0065,visibility,event,150.0,100.0,30.0,1,0,0,0,0,0,0,13.592516653885896,13.592516653885896,33.965559561380815,0.0
random-s0-0066,voronoi,once,0.0,20.0,30.0,1,0,0,0,0,0,0,184.62833324524905,184.62833324524905,273.7113840317433,0.0
random-s0-0066,voronoi,cycle,0.0,20.0,30.0,1,0,0,0,0,0,0,184.62833324524905,184.62833324524905,273.7113840317433,0.0
random-s0-0066,voronoi,cycle,0.0,100.0,30.0,1,0,0,0,0,0,0,184.62833324524905,184.62833324524905,273.7113840317433,0.0
random-s0-0066,voronoi,cycle,50.0,20.0,30.0,1,0,0,0,0,0,0,184.62833324524905,184.62833324524905,273.7113840317433,0.0
random-s0-0066,voronoi,cycle,50.0,100.0,30.0,1,0,0,0,0,0,0,184.62833324524905,184.62833324524905,273.7113840317433,0.0
random-s0-0066,voronoi,cycle,150.0,20.0,30.0,1,0,0,0,0,0,0,184.62833324524905,184.62833324524905,273.7113840317433,0.0
random-s0-0066,voronoi,cycle,150.0,100.0,30.0,1,0,0,0,0,0,0,184.62833324524905,184.62833324524905,273.7113840317433,0.0
random-s0-0066,voronoi,event,0.0,20.0,30.0,1,0,0,0,0,0,0,184.62833324524905,184.62833324524905,273.7113840317433,0.0
random-s0-0066,voronoi,event,0.0,100.0,30.0,1,0,0,0,0,0,0,184.62833324524905,184.62833324524905,273.7113840317433,0.0
random-s0-0066,voronoi,event,50.0,20.0,30.0,1,0,0,0,0,0,0,184.62833324524905,184.62833324524905,273.7113840317433,0.0
random-s0-0066,voronoi,event,50.0,100.0,30.0,1,0,0,0,0,0,0,133.2410339290161,133.2410339290161,273.7113840317433,0.0
random-s0-0066,voronoi,event,150.0,20.0,30.0,1,0,0,0,0,0,0,184.62833324524905,184.62833324524905,273.7113840317433,0.0
random-s0-0066,voronoi,event,150.0,100.0,30.0,1,0,0,0,0,0,0,184.62833324524905,184.62833324524905,273.7113840317433,0.0
random-s0-0066,prm,once,0.0,20.0,30.0,1,0,0,0,0,0,0,184.62833324524905,184.62833324524905,273.7113840317433,0.0
random-s0-0066,prm,cycle,0.0,20.0,30.0,1,0,0,0,0,0,0,184.62833324524905,184.62833324524905,273.7113840317433,0.0
random-s0-0066,prm,cycle,0.0,100.0,30.0,1,0,0,0,0,0,0,184.62833324524905,184.62833324524905,273.7113840317433,0.0
random-s0-0066,prm,cycle,50.0,20.0,30.0,1,0,0,0,0,0,0,184.62833324524905,184.62833324524905,273.7113840317433,0.0
random-s0-0066,prm,cycle,50.0,100.0,30.0,1,0,0,0,0,0,0,184.62833324524905,184.62833324524905,273.7113840317433,0.0
random-s0-0066,prm,cycle,150.0,20.0,30.0,1,0,0,0,0,0,0,54.66611097990406,184.62833324524905,54.66611097990406,0.0
random-s0-0066,prm,cycle,150.0,100.0,30.0,1,0,0,0,0,0,0,98.68663829346912,181.73912366547216,98.68663829346912,0.0
random-s0-0066,prm,event,0.0,20.0,30.0,1,0,0,0,0,0,0,184.62833324524905,184.62833324524905,273.7113840317433,0.0
random-s0-0066,prm,event,0.0,100.0,30.0,1,0,0,0,0,0,0,184.62833324524905,184.62833324524905,273.7113840317433,0.0
random-s0-0066,prm,event,50.0,20.0,30.0,1,0,0,0,0,0,0,184.62833324524905,184.62833324524905,273.7113840317433,0.0
random-s0-0066,prm,event,50.0,100.0,30.0,1,0,0,0,0,0,0,184.62833324524905,184.62833324524905,273.7113840317433,0.0
random-s0-0066,prm,event,150.0,20.0,30.0,1,0,0,0,0,0,0,184.62833324524905,184.62833324524905,273.7113840317433,0.0
random-s0-0066,prm,event,150.0,100.0,30.0,1,0,0,0,0,0,0,184.62833324524905,184.62833324524905,273.7113840317433,0.0
random-s0-0066,visibility,once,0.0,20.0,30.0,1,0,0,0,0,0,0,184.62833324524905,184.62833324524905,273.7113840317433,0.0
random-s0-0066,visibility,cycle,0.0,20.0,30.0,1,0,0,0,0,0,0,184.62833324524905,184.62833324524905,273.7113840317433,0.0
random-s0-0066,visibility,cycle,0.0,100.0,30.0,1,0,0,0,0,0,0,184.62833324524905,184.62833324524905,273.7113840317433,0.0
random-s0-0066,visibility,cycle,50.0,20.0,30.0,1,0,0,0,0,0,0,184.62833324524905,184.62833324524905,273.7113840317433,0.0
random-s0-0066,visibility,cycle,50.0,100.0,30.0,1,0,0,0,0,0,0,184.62833324524905,184.62833324524905,273.7113840317433,0.0
random-s0-0066,visibility,cycle,150.0,20.0,30.0,1,0,0,0,0,0,0,184.62833324524905,184.62833324524905,273.7113840317433,0.0
random-s0-0066,visibility,cycle,150.0,100.0,30.0,1,0,0,0,0,0,0,184.62833324524905,184.62833324524905,273.7113840317433,0.0
random-s0-0066,visibility,event,0.0,20.0,30.0,1,0,0,0,0,0,0,184.62833324524905,184.62833324524905,273.7113840317433,0.0
random-s0-0066,visibility,event,0.0,100.0,30.0,1,0,0,0,0,0,0,184.62833324524905,184.62833324524905,273.7113840317433,0.0
random-s0-0066,visibility,event,50.0,20.0,30.0,1,0,0,0,0,0,0,184.62833324524905,184.62833324524905,273.7113840317433,0.0
random-s0-0066,visibility,event,50.0,100.0,30.0,1,0,0,0,0,0,0,184.62833324524905,184.62833324524905,273.7113840317433,0.0
random-s0-0066,visibility,event,150.0,20.0,30.0,1,0,0,0,0,0,0,184.62833324524905,184.62833324524905,273.7113840317433,0.0
random-s0-0066,visibility,event,150.0,100.0,30.0,1,0,0,0,0,0,0,184.62833324524905,184.62833324524905,273.7113840317433,0.0
random-s0-0067,voronoi,once,0.0,20.0,30.0,1,0,0,0,0,0,0,46.36061268280434,46.36061268280434,51.418917000737935,0.0
random-s0-0067,voronoi,cycle,0.0,20.0,30.0,1,0,0,0,0,0,0,78.80531933685091,84.91334373044037,78.80531933685091,0.0
random-s0-0067,voronoi,cycle,0.0,100.0,30.0,1,0,1,0,1,0,0,-15.301164395373178,-15.301164395373178,78.80531933685091,20.0
random-s0-0067,voronoi,cycle,50.0,20.0,30.0,1,0,0,0,0,0,0,152.22970968894396,152.22970968894396,210.2005149069161,0.0
random-s0-0067,voronoi,cycle,50.0,100.0,30.0,1,0,1,0,1,0,0,-159.0792128727755,-159.0792128727755,68.41959049647394,380.0
random-s0-0067,voronoi,cycle,150.0,20.0,30.0,1,0,0,0,0,0,0,62.38623858638295,152.22970968894396,62.38623858638295,0.0
random-s0-0067,voronoi,cycle,150.0,100.0,30.0,1,0,0,0,0,0,0,39.71089539506988,152.22970968894396,39.71089539506988,0.0
random-s0-0067,voronoi,event,0.0,20.0,30.0,1,0,0,0,0,0,0,5.74797090525189,5.74797090525189,78.80531933685091,0.0
random-s0-0067,voronoi,event,0.0,100.0,30.0,1,0,1,0,1,0,0,-15.301164395373178,-15.301164395373178,78.80531933685091,20.0
random-s0-0067,voronoi,event,50.0,20.0,30.0,1,0,0,0,0,0,0,53.18484814858448,53.18484814858448,306.93506102968706,0.0
random-s0-0067,voronoi,event,50.0,100.0,30.0,1,0,0,0,0,0,0,78.80531933685091,105.00492967583624,78.80531933685091,0.0
random-s0-0067,voronoi,event,150.0,20.0,30.0,1,0,0,0,0,0,0,74.17422681013824,152.22970968894396,74.17422681013824,0.0
random-s0-0067,voronoi,event,150.0,100.0,30.0,1,0,0,0,0,0,0,26.474244073232484,152.22970968894396,26.474244073232484,0.0
random-s0-0067,prm,once,0.0,20.0,30.0,1,0,0,0,0,0,0,51.418917000737935,109.31438244909292,51.418917000737935,0.0
random-s0-0067,prm,cycle,0.0,20.0,30.0,1,0,0,0,0,0,0,30.261370348830127,30.261370348830127,42.09974101726459,0.0
random-s0-0067,prm,cycle,0.0,100.0,30.0,1,0,1,0,1,0,0,-126.00154760292858,-126.00154760292858,51.418917000737935,79.99999999999997
random-s0-0067,prm,cycle,50.0,20.0,30.0,1,0,0,0,0,0,0,36.28562961336021,152.22970968894396,36.28562961336021,0.0
random-s0-0067,prm,cycle,50.0,100.0,30.0,1,0,0,0,0,0,0,51.418917000737935,152.22970968894396,51.418917000737935,0.0
random-s0-0067,prm,cycle,150.0,20.0,30.0,1,0,0,0,0,0,0,34.72632658076802,152.22970968894396,34.72632658076802,0.0
random-s0-0067,prm,cycle,150.0,100.0,30.0,1,0,0,0,0,0,0,51.418917000737935,152.22970968894396,51.418917000737935,0.0
random-s0-0067,prm,event,0.0,20.0,30.0,1,0,0,0,0,0,0,50.47742097408712,76.16287369670715,50.47742097408712,0.0
random-s0-0067,prm,event,0.0,100.0,30.0,1,0,1,0,1,0,0,-126.00154760292858,-126.00154760292858,51.418917000737935,79.99999999999997
random-s0-0067,prm,event,50.0,20.0,30.0,1,0,0,0,0,0,0,50.47742097408712,152.22970968894396,50.47742097408712,0.0
random-s0-0067,prm,event,50.0,100.0,30.0,1,0,0,0,0,0,0,51.418917000737935,152.22970968894396,51.418917000737935,0.0
random-s0-0067,prm,event,150.0,20.0,30.0,1,0,0,0,0,0,0,50.47742097408712,152.22970968894396,50.47742097408712,0.0
random-s0-0067,prm,event,150.0,100.0,30.0,1,0,0,0,0,0,0,51.418917000737935,152.22970968894396,51.418917000737935,0.0
random-s0-0067,visibility,once,0.0,20.0,30.0,1,0,1,1,0,0,1,-8.105685558741413,152.22970968894396,-8.105685558741413,20.0
random-s0-0067,visibility,cycle,0.0,20.0,30.0,1,0,2,1,1,0,1,-129.46878328498124,-129.46878328498124,-8.105685558741442,259.99999999999994
random-s0-0067,visibility,cycle,0.0,100.0,30.0,1,0,2,1,1,0,1,-94.42730579741117,-94.42730579741117,-8.10568555874147,100.0
random-s0-0067,visibility,cycle,50.0,20.0,30.0,1,0,1,1,0,0,1,-8.105685558741442,152.22970968894396,-8.105685558741442,20.0
random-s0-0067,visibility,cycle,50.0,100.0,30.0,1,0,1,1,0,0,1,-8.10568555874147,146.1605602292909,-8.10568555874147,20.0
random-s0-0067,visibility,cycle,150.0,20.0,30.0,1,0,0,0,0,0,0,30.786914907028432,152.22970968894396,30.786914907028432,0.0
random-s0-0067,visibility,cycle,150.0,100.0,30.0,1,0,0,0,0,0,0,25.056990155652528,152.22970968894396,25.056990155652528,0.0
random-s0-0067,visibility,event,0.0,20.0,30.0,1,0,2,1,1,0,1,-129.52208384190934,-129.52208384190934,-8.105685558741442,279.99999999999994
random-s0-0067,visibility,event,0.0,100.0,30.0,1,0,2,1,1,0,1,-94.42730579741117,-94.42730579741117,-8.10568555874147,100.0
random-s0-0067,visibility,event,50.0,20.0,30.0,1,0,1,1,0,0,1,-8.105685558741442,152.22970968894396,-8.105685558741442,20.0
random-s0-0067,visibility,event,50.0,100.0,30.0,1,0,1,1,0,0,1,-8.10568555874147,145.50275502419976,-8.10568555874147,20.0
random-s0-0067,visibility,event,150.0,20.0,30.0,1,0,1,1,0,0,1,-8.105685558741442,152.22970968894396,-8.105685558741442,20.0
random-s0-0067,visibility,event,150.0,100.0,30.0,1,0,1,1,0,0,1,-8.10568555874147,152.22970968894396,-8.10568555874147,20.0
random-s0-0068,voronoi,once,0.0,20.0,30.0,1,0,2,1,1,1,0,-86.04990088658835,-86.04990088658835,-10.478783220527705,100.0
random-s0-0068,voronoi,cycle,0.0,20.0,30.0,1,0,1,0,1,0,0,-33.58514159882304,-33.58514159882304,59.48938323455917,40.0
random-s0-0068,voronoi,cycle,0.0,100.0,30.0,1,0,1,0,1,0,0,-86.04990088658835,-86.04990088658835,26.434025833297824,120.0
random-s0-0068,voronoi,cycle,50.0,20.0,30.0,1,0,1,1,0,1,0,-46.5480956508957,58.62783527014824,-46.5480956508957,239.99999999999991
random-s0-0068,voronoi,cycle,50.0,100.0,30.0,1,0,2,1,1,1,0,-86.04990088658835,-86.04990088658835,-46.5480956508957,379.99999999999983
random-s0-0068,voronoi,cycle,150.0,20.0,30.0,1,0,0,0,0,0,0,57.06761958035909,57.06761958035909,124.949558435979,0.0
random-s0-0068,voronoi,cycle,150.0,100.0,30.0,1,0,1,0,1,0,0,-86.04990088658835,-86.04990088658835,124.949558435979,180.0
random-s0-0068,voronoi,event,0.0,20.0,30.0,1,0,1,0,1,0,0,-33.58514159882304,-33.58514159882304,8.810298361764893,40.0
random-s0-0068,voronoi,event,0.0,100.0,30.0,1,0,1,0,1,0,0,-86.04990088658835,-86.04990088658835,26.434025833297824,120.0
random-s0-0068,voronoi,event,50.0,20.0,30.0,1,0,1,1,0,1,0,-46.5480956508957,58.62783527014824,-46.5480956508957,239.99999999999991
random-s0-0068,voronoi,event,50.0,100.0,30.0,1,0,2,1,1,1,0,-86.04990088658835,-86.04990088658835,-46.5480956508957,379.99999999999983
random-s0-0068,voronoi,event,150.0,20.0,30.0,1,0,0,0,0,0,0,107.78784245460464,107.78784245460464,124.949558435979,0.0
random-s0-0068,voronoi,event,150.0,100.0,30.0,1,0,1,0,1,0,0,-86.04990088658835,-86.04990088658835,69.40755360837619,180.0
random-s0-0068,prm,once,0.0,20.0,30.0,1,0,2,1,1,1,0,-86.04990088658835,-86.04990088658835,-10.478783220527705,100.0
random-s0-0068,prm,cycle,0.0,20.0,30.0,1,0,1,0,1,0,0,-83.8608680932285,-83.8608680932285,21.17158020381936,199.99999999999991
random-s0-0068,prm,cycle,0.0,100.0,30.0,1,0,2,1,1,1,0,-86.04990088658835,-86.04990088658835,-43.68424907555152,339.9999999999998
random-s0-0068,prm,cycle,50.0,20.0,30.0,1,0,1,0,1,0,0,-86.04990088658835,-86.04990088658835,40.26481506907234,60.0
random-s0-0068,prm,cycle,50.0,100.0,30.0,1,0,1,0,1,0,0,-86.04990088658835,-86.04990088658835,41.017844985734456,60.0
random-s0-0068,prm,cycle,150.0,20.0,30.0,1,0,2,1,1,0,1,-169.27034430585144,-86.04990088658835,-169.27034430585144,240.0
random-s0-0068,prm,cycle,150.0,100.0,30.0,1,0,2,1,1,0,1,-169.27034430585138,-86.04990088658835,-169.27034430585138,239.99999999999977
random-s0-0068,prm,event,0.0,20.0,30.0,1,0,1,0,1,0,0,-83.8608680932285,-83.8608680932285,23.93708499026718,199.99999999999991
random-s0-0068,prm,event,0.0,100.0,30.0,1,0,2,1,1,1,0,-86.04990088658835,-86.04990088658835,-43.68424907555152,339.9999999999998
random-s0-0068,prm,event,50.0,20.0,30.0,1,0,1,0,1,0,0,-86.04990088658835,-86.04990088658835,56.37744762151027,60.0
random-s0-0068,prm,event,50.0,100.0,30.0,1,0,1,0,1,0,0,-86.04990088658835,-86.04990088658835,56.37744762151027,60.0
random-s0-0068,prm,event,150.0,20.0,30.0,1,0,2,1,1,0,1,-169.27034430585144,-86.04990088658835,-169.27034430585144,240.0
random-s0-0068,prm,event,150.0,100.0,30.0,1,0,2,1,1,0,1,-169.27034430585138,-86.04990088658835,-169.27034430585138,239.99999999999977
random-s0-0068,visibility,once,0.0,20.0,30.0,1,0,2,1,1,1,0,-86.04990088658835,-86.04990088658835,-10.478783220527705,100.0
random-s0-0068,visibility,cycle,0.0,20.0,30.0,1,0,1,0,1,0,0,-14.438060231338511,-14.438060231338511,59.48938323455917,60.0
random-s0-0068,visibility,cycle,0.0,100.0,30.0,1,0,2,1,1,1,0,-86.04990088658835,-86.04990088658835,-10.478783220527646,99.99999999999991
random-s0-0068,visibility,cycle,50.0,20.0,30.0,1,0,1,0,1,0,0,-86.04990088658835,-86.04990088658835,51.90468657407274,60.0
random-s0-0068,visibility,cycle,50.0,100.0,30.0,1,0,1,0,1,0,0,-86.04990088658835,-86.04990088658835,34.828770672762545,60.0
random-s0-0068,visibility,cycle,150.0,20.0,30.0,1,0,1,0,1,0,0,-86.04990088658835,-86.04990088658835,70.42076831255417,60.0
random-s0-0068,visibility,cycle,150.0,100.0,30.0,1,0,1,0,1,0,0,-86.04990088658835,-86.04990088658835,70.42076831255417,60.0
random-s0-0068,visibility,event,0.0,20.0,30.0,1,0,1,0,1,0,0,-14.438060231338511,-14.438060231338511,59.48938323455917,60.0
random-s0-0068,visibility,event,0.0,100.0,30.0,1,0,2,1,1,1,0,-86.04990088658835,-86.04990088658835,-10.478783220527646,99.99999999999991
random-s0-0068,visibility,event,50.0,20.0,30.0,1,0,1,0,1,0,0,-86.04990088658835,-86.04990088658835,34.8287706727626,60.0
random-s0-0068,visibility,event,50.0,100.0,30.0,1,0,1,0,1,0,0,-86.04990088658835,-86.04990088658835,34.828770672762545,60.0
random-s0-0068,visibility,event,150.0,20.0,30.0,1,0,1,0,1,0,0,-86.04990088658835,-86.04990088658835,70.42076831255417,60.0
random-s0-0068,visibility,event,150.0,100.0,30.0,1,0,1,0,1,0,0,-86.04990088658835,-86.04990088658835,70.42076831255417,60.0
random-s0-0069,voronoi,once,0.0,20.0,30.0,1,0,6,2,4,2,0,-147.69692155242444,-143.9245984411781,-147.69692155242444,1840.000000000001
random-s0-0069,voronoi,cycle,0.0,20.0,30.0,1,0,2,1,1,1,0,-155.698853932801,-0.5421433133727191,-155.698853932801,300.0
random-s0-0069,voronoi,cycle,0.0,100.0,30.0,1,0,3,1,2,1,0,-132.87792615666666,-38.390325888988485,-132.87792615666666,299.9999999999999
random-s0-0069,voronoi,cycle,50.0,20.0,30.0,1,0,2,2,0,2,0,-142.9286619316848,108.64547066838736,-142.9286619316848,579.9999999999998
random-s0-0069,voronoi,cycle,50.0,100.0,30.0,1,0,1,1,0,1,0,-154.57226478254125,161.02974214702238,-154.57226478254125,560.0000000000001
random-s0-0069,voronoi,cycle,150.0,20.0,30.0,1,0,2,2,0,2,0,-126.76217705974304,340.76931589243736,-126.76217705974304,1439.999999999981
random-s0-0069,voronoi,cycle,150.0,100.0,30.0,1,0,0,0,0,0,0,34.12335015527992,312.9971288645561,34.12335015527992,0.0
random-s0-0069,voronoi,event,0.0,20.0,30.0,1,0,2,2,0,2,0,-147.69692155242444,56.14335631630044,-147.69692155242444,1179.9999999999868
random-s0-0069,voronoi,event,0.0,100.0,30.0,1,0,2,1,1,1,0,-143.80212856248775,-38.390325888988485,-143.80212856248775,600.0000000000002
random-s0-0069,voronoi,event,50.0,20.0,30.0,1,0,1,1,0,1,0,-130.34743412249145,161.83781641702666,-130.34743412249145,540.0000000000001
random-s0-0069,voronoi,event,50.0,100.0,30.0,1,0,2,2,0,2,0,-147.69692155242436,148.49999230727536,-147.69692155242436,1480.000000000001
random-s0-0069,voronoi,event,150.0,20.0,30.0,1,0,2,2,0,2,0,-150.39454349397894,316.2462906216338,-150.39454349397894,1339.9999999999834
random-s0-0069,voronoi,event,150.0,100.0,30.0,1,0,2,2,0,2,0,-157.8509954125848,95.07397925096484,-157.8509954125848,1480.000000000001
random-s0-0069,prm,once,0.0,20.0,30.0,1,0,6,2,4,2,0,-174.3046193219846,-174.3046193219846,-147.69692155242444,1740.0000000000011
random-s0-0069,prm,cycle,0.0,20.0,30.0,1,0,1,1,0,1,0,-142.6096783270918,34.272182024637914,-142.6096783270918,520.0000000000001
random-s0-0069,prm,cycle,0.0,100.0,30.0,1,0,2,1,1,1,0,-159.02940257239615,-159.02940257239615,-142.92866193168487,620.0000000000002
random-s0-0069,prm,cycle,50.0,20.0,30.0,1,0,1,1,0,1,0,-150.22686049004838,83.44960101497469,-150.22686049004838,460.0000000000001
random-s0-0069,prm,cycle,50.0,100.0,30.0,1,0,1,1,0,1,0,-160.80155306730336,7.389529745467939,-160.80155306730336,320.0
random-s0-0069,prm,cycle,150.0,20.0,30.0,1,0,1,1,0,1,0,-147.08713115530458,200.81346926785272,-147.08713115530458,560.0000000000001
random-s0-0069,prm,cycle,150.0,100.0,30.0,1,0,1,1,0,1,0,-142.92866193168487,109.44972249868886,-142.92866193168487,560.0000000000001
random-s0-0069,prm,event,0.0,20.0,30.0,1,0,3,2,1,2,0,-153.88349351830703,-152.02175656900624,-153.88349351830703,2079.999999999993
random-s0-0069,prm,event,0.0,100.0,30.0,1,0,3,2,1,2,0,-159.02940257239615,-159.02940257239615,-142.92866193168487,680.0000000000002
random-s0-0069,prm,event,50.0,20.0,30.0,1,0,1,1,0,1,0,-146.70300622862243,144.2403009899004,-146.70300622862243,560.0000000000001
random-s0-0069,prm,event,50.0,100.0,30.0,1,0,1,1,0,1,0,-145.74763603268946,106.923124308362,-145.74763603268946,560.0000000000001
random-s0-0069,prm,event,150.0,20.0,30.0,1,0,2,2,0,2,0,-143.38342845901946,42.09757202738223,-143.38342845901946,560.0000000000001
random-s0-0069,prm,event,150.0,100.0,30.0,1,0,2,2,0,2,0,-147.69692155242436,192.43605980248665,-147.69692155242436,1080.0000000000005
random-s0-0069,visibility,once,0.0,20.0,30.0,1,0,4,2,2,2,0,-147.69692155242444,-109.3957126979276,-147.69692155242444,1100.0000000000005
random-s0-0069,visibility,cycle,0.0,20.0,30.0,1,0,3,3,0,3,0,-147.69692155242444,8.936125394250922,-147.69692155242444,1139.9999999999875
random-s0-0069,visibility,cycle,0.0,100.0,30.0,1,0,3,3,0,3,0,-147.69692155242436,9.126072859339672,-147.69692155242436,1180.000000000001
random-s0-0069,visibility,cycle,50.0,20.0,30.0,1,0,2,2,0,2,0,-148.16101852927844,17.949985316300086,-148.16101852927844,1119.9999999999882
random-s0-0069,visibility,cycle,50.0,100.0,30.0,1,0,3,3,0,3,0,-148.58882228665723,17.514391365234758,-148.58882228665723,1200.000000000001
random-s0-0069,visibility,cycle,150.0,20.0,30.0,1,0,3,3,0,2,1,-145.22167520701856,34.72950444994865,-145.22167520701856,859.999999999996
random-s0-0069,visibility,cycle,150.0,100.0,30.0,1,0,2,2,0,2,0,-138.57033413787218,38.50403427154163,-138.57033413787218,880.0000000000005
random-s0-0069,visibility,event,0.0,20.0,30.0,1,0,2,2,0,2,0,-147.69692155242444,32.0088812187104,-147.69692155242444,1039.9999999999898
random-s0-0069,visibility,event,0.0,100.0,30.0,1,0,2,2,0,2,0,-142.92866193168487,53.22765023645147,-142.92866193168487,720.0000000000003
random-s0-0069,visibility,event,50.0,20.0,30.0,1,0,3,3,0,2,1,-147.78903390383792,52.35362476091032,-147.78903390383792,1559.9999999999804
random-s0-0069,visibility,event,50.0,100.0,30.0,1,0,1,1,0,1,0,-143.66621248032976,46.544018880728174,-143.66621248032976,560.0000000000001
random-s0-0069,visibility,event,150.0,20.0,30.0,1,0,2,2,0,2,0,-148.96247243855174,116.9903217369926,-148.96247243855174,1479.9999999999804
random-s0-0069,visibility,event,150.0,100.0,30.0,1,0,2,2,0,2,0,-149.2985306033715,59.06177709685687,-149.2985306033715,1380.000000000001
random-s0-0070,voronoi,once,0.0,20.0,30.0,1,0,0,0,0,0,0,80.85883155454025,80.85883155454025,219.8333250125012,0.0
random-s0-0070,voronoi,cycle,0.0,20.0,30.0,1,0,0,0,0,0,0,39.10823507257905,80.80926937052726,39.10823507257905,0.0
random-s0-0070,voronoi,cycle,0.0,100.0,30.0,1,0,0,0,0,0,0,53.01446198870772,78.27343679703455,53.01446198870772,0.0
random-s0-0070,voronoi,cycle,50.0,20.0,30.0,1,0,0,0,0,0,0,39.10823507257905,80.85883155454025,39.10823507257905,0.0
random-s0-0070,voronoi,cycle,50.0,100.0,30.0,1,0,0,0,0,0,0,53.01446198870772,80.85883155454025,53.01446198870772,0.0
random-s0-0070,voronoi,cycle,150.0,20.0,30.0,1,0,0,0,0,0,0,36.06074502311952,80.85883155454025,36.06074502311952,0.0
random-s0-0070,voronoi,cycle,150.0,100.0,30.0,1,0,0,0,0,0,0,40.42028203718005,80.85883155454025,40.42028203718005,0.0
random-s0-0070,voronoi,event,0.0,20.0,30.0,1,0,0,0,0,0,0,39.10823507257905,80.85883155454025,39.10823507257905,0.0
random-s0-0070,voronoi,event,0.0,100.0,30.0,1,0,0,0,0,0,0,53.01446198870772,80.85883155454025,53.01446198870772,0.0
random-s0-0070,voronoi,event,50.0,20.0,30.0,1,0,0,0,0,0,0,39.10823507257905,80.85883155454025,39.10823507257905,0.0
random-s0-0070,voronoi,event,50.0,100.0,30.0,1,0,0,0,0,0,0,53.01446198870772,80.85883155454025,53.01446198870772,0.0
random-s0-0070,voronoi,event,150.0,20.0,30.0,1,0,0,0,0,0,0,65.92735532380158,80.85883155454025,65.92735532380158,0.0
random-s0-0070,voronoi,event,150.0,100.0,30.0,1,0,0,0,0,0,0,47.01866425091683,80.85883155454025,47.01866425091683,0.0
random-s0-0070,prm,once,0.0,20.0,30.0,1,0,3,0,3,0,0,-139.75899950131233,-139.75899950131233,208.17679132958256,860.0000000000005
random-s0-0070,prm,cycle,0.0,20.0,30.0,1,0,1,0,1,0,0,-7.082307767341689,-7.082307767341689,58.96102280897273,60.0
random-s0-0070,prm,cycle,0.0,100.0,30.0,1,0,0,0,0,0,0,57.33065355573211,80.85883155454025,57.33065355573211,0.0
random-s0-0070,prm,cycle,50.0,20.0,30.0,1,0,0,0,0,0,0,32.228446554770414,80.85883155454025,32.228446554770414,0.0
random-s0-0070,prm,cycle,50.0,100.0,30.0,1,0,0,0,0,0,0,31.074791191049485,80.85883155454025,31.074791191049485,0.0
random-s0-0070,prm,cycle,150.0,20.0,30.0,1,0,0,0,0,0,0,30.429927283598172,80.85883155454025,30.429927283598172,0.0
random-s0-0070,prm,cycle,150.0,100.0,30.0,1,0,0,0,0,0,0,60.8294397634713,80.85883155454025,60.8294397634713,0.0
random-s0-0070,prm,event,0.0,20.0,30.0,1,0,0,0,0,0,0,34.692559036137084,34.692559036137084,58.96102280897273,0.0
random-s0-0070,prm,event,0.0,100.0,30.0,1,0,0,0,0,0,0,33.253972545583,80.85883155454025,33.253972545583,0.0
random-s0-0070,prm,event,50.0,20.0,30.0,1,0,0,0,0,0,0,34.67336972894239,34.67336972894239,58.96102280897273,0.0
random-s0-0070,prm,event,50.0,100.0,30.0,1,0,0,0,0,0,0,32.46599463892616,80.85883155454025,32.46599463892616,0.0
random-s0-0070,prm,event,150.0,20.0,30.0,1,0,0,0,0,0,0,34.3201180724877,40.80904446158601,34.3201180724877,0.0
random-s0-0070,prm,event,150.0,100.0,30.0,1,0,0,0,0,0,0,32.763510393600995,80.85883155454025,32.763510393600995,0.0
random-s0-0070,visibility,once,0.0,20.0,30.0,1,0,1,0,1,0,0,-84.345341410767,-84.345341410767,19.895469782553302,320.0
random-s0-0070,visibility,cycle,0.0,20.0,30.0,1,0,0,0,0,0,0,17.346344570363783,59.94617379199934,17.346344570363783,0.0
random-s0-0070,visibility,cycle,0.0,100.0,30.0,1,0,0,0,0,0,0,19.89546978255333,55.842220994281234,19.89546978255333,0.0
random-s0-0070,visibility,cycle,50.0,20.0,30.0,1,0,0,0,0,0,0,3.860156601119769,80.85883155454025,3.860156601119769,0.0
random-s0-0070,visibility,cycle,50.0,100.0,30.0,1,0,0,0,0,0,0,8.717669936987392,80.85883155454025,8.717669936987392,0.0
random-s0-0070,visibility,cycle,150.0,20.0,30.0,1,0,0,0,0,0,0,58.834681953271854,80.85883155454025,58.834681953271854,0.0
random-s0-0070,visibility,cycle,150.0,100.0,30.0,1,0,0,0,0,0,0,7.842477145373692,80.85883155454025,7.842477145373692,0.0
random-s0-0070,visibility,event,0.0,20.0,30.0,1,0,0,0,0,0,0,30.68692810551906,46.81684349352989,30.68692810551906,0.0
random-s0-0070,visibility,event,0.0,100.0,30.0,1,0,0,0,0,0,0,19.89546978255333,52.64189651503142,19.89546978255333,0.0
random-s0-0070,visibility,event,50.0,20.0,30.0,1,0,0,0,0,0,0,19.34215340164303,80.85883155454025,19.34215340164303,0.0
random-s0-0070,visibility,event,50.0,100.0,30.0,1,0,0,0,0,0,0,19.89546978255333,76.14903991403344,19.89546978255333,0.0
random-s0-0070,visibility,event,150.0,20.0,30.0,1,0,0,0,0,0,0,7.8424771453736355,80.85883155454025,7.8424771453736355,0.0
random-s0-0070,visibility,event,150.0,100.0,30.0,1,0,0,0,0,0,0,34.04455489051716,80.85883155454025,34.04455489051716,0.0
random-s0-0071,voronoi,once,0.0,20.0,30.0,1,0,0,0,0,0,0,85.54120207606206,85.54120207606206,529.6522837025497,0.0
random-s0-0071,voronoi,cycle,0.0,20.0,30.0,1,0,0,0,0,0,0,56.66878384555355,56.66878384555355,529.6522837025497,0.0
random-s0-0071,voronoi,cycle,0.0,100.0,30.0,1,0,0,0,0,0,0,85.54120207606206,85.54120207606206,529.6522837025497,0.0
random-s0-0071,voronoi,cycle,50.0,20.0,30.0,1,0,0,0,0,0,0,85.54120207606206,85.54120207606206,521.4829529701911,0.0
random-s0-0071,voronoi,cycle,50.0,100.0,30.0,1,0,0,0,0,0,0,85.54120207606206,85.54120207606206,529.6522837025497,0.0
random-s0-0071,voronoi,cycle,150.0,20.0,30.0,1,0,0,0,0,0,0,83.0018943503282,83.0018943503282,467.98295145235966,0.0
random-s0-0071,voronoi,cycle,150.0,100.0,30.0,1,0,0,0,0,0,0,85.54120207606206,85.54120207606206,529.6522837025497,0.0
random-s0-0071,voronoi,event,0.0,20.0,30.0,1,0,0,0,0,0,0,85.54120207606206,85.54120207606206,529.6522837025497,0.0
random-s0-0071,voronoi,event,0.0,100.0,30.0,1,0,0,0,0,0,0,85.54120207606206,85.54120207606206,529.6522837025497,0.0
random-s0-0071,voronoi,event,50.0,20.0,30.0,1,0,0,0,0,0,0,85.54120207606206,85.54120207606206,529.6522837025497,0.0
random-s0-0071,voronoi,event,50.0,100.0,30.0,1,0,0,0,0,0,0,85.54120207606206,85.54120207606206,529.6522837025497,0.0
random-s0-0071,voronoi,event,150.0,20.0,30.0,1,0,0,0,0,0,0,32.6920818275006,32.6920818275006,510.5229720355635,0.0
random-s0-0071,voronoi,event,150.0,100.0,30.0,1,0,0,0,0,0,0,85.54120207606206,85.54120207606206,529.6522837025497,0.0
random-s0-0071,prm,once,0.0,20.0,30.0,1,0,0,0,0,0,0,27.30096223137244,60.36848048168813,27.30096223137244,0.0
random-s0-0071,prm,cycle,0.0,20.0,30.0,1,0,0,0,0,0,0,85.54120207606206,85.54120207606206,529.6522837025497,0.0
random-s0-0071,prm,cycle,0.0,100.0,30.0,1,0,0,0,0,0,0,85.54120207606206,85.54120207606206,529.6522837025497,0.0
random-s0-0071,prm,cycle,50.0,20.0,30.0,1,0,0,0,0,0,0,85.54120207606206,85.54120207606206,529.6522837025497,0.0
random-s0-0071,prm,cycle,50.0,100.0,30.0,1,0,0,0,0,0,0,85.54120207606206,85.54120207606206,526.2325015989251,0.0
random-s0-0071,prm,cycle,150.0,20.0,30.0,1,0,0,0,0,0,0,85.54120207606206,85.54120207606206,529.6522837025497,0.0
random-s0-0071,prm,cycle,150.0,100.0,30.0,1,0,0,0,0,0,0,85.54120207606206,85.54120207606206,529.6522837025497,0.0
random-s0-0071,prm,event,0.0,20.0,30.0,1,0,0,0,0,0,0,85.54120207606206,85.54120207606206,529.6522837025497,0.0
random-s0-0071,prm,event,0.0,100.0,30.0,1,0,0,0,0,0,0,85.54120207606206,85.54120207606206,529.6522837025497,0.0
random-s0-0071,prm,event,50.0,20.0,30.0,1,0,0,0,0,0,0,85.54120207606206,85.54120207606206,493.9826793074064,0.0
random-s0-0071,prm,event,50.0,100.0,30.0,1,0,0,0,0,0,0,85.54120207606206,85.54120207606206,414.8972305329143,0.0
random-s0-0071,prm,event,150.0,20.0,30.0,1,0,0,0,0,0,0,85.54120207606206,85.54120207606206,529.6522837025497,0.0
random-s0-0071,prm,event,150.0,100.0,30.0,1,0,0,0,0,0,0,85.54120207606206,85.54120207606206,414.8972305329143,0.0
random-s0-0071,visibility,once,0.0,20.0,30.0,1,0,0,0,0,0,0,85.54120207606206,85.54120207606206,529.6522837025497,0.0
random-s0-0071,visibility,cycle,0.0,20.0,30.0,1,0,0,0,0,0,0,85.54120207606206,85.54120207606206,529.6522837025497,0.0
random-s0-0071,visibility,cycle,0.0,100.0,30.0,1,0,0,0,0,0,0,85.54120207606206,85.54120207606206,529.6522837025497,0.0
random-s0-0071,visibility,cycle,50.0,20.0,30.0,1,0,0,0,0,0,0,85.54120207606206,85.54120207606206,529.6522837025497,0.0
random-s0-0071,visibility,cycle,50.0,100.0,30.0,1,0,0,0,0,0,0,85.54120207606206,85.54120207606206,529.6522837025497,0.0
random-s0-0071,visibility,cycle,150.0,20.0,30.0,1,0,0,0,0,0,0,85.54120207606206,85.54120207606206,529.6522837025497,0.0
random-s0-0071,visibility,cycle,150.0,100.0,30.0,1,0,0,0,0,0,0,85.54120207606206,85.54120207606206,529.6522837025497,0.0
random-s0-0071,visibility,event,0.0,20.0,30.0,1,0,0,0,0,0,0,85.54120207606206,85.54120207606206,529.6522837025497,0.0
random-s0-0071,visibility,event,0.0,100.0,30.0,1,0,0,0,0,0,0,85.54120207606206,85.54120207606206,529.6522837025497,0.0
random-s0-0071,visibility,event,50.0,20.0,30.0,1,0,0,0,0,0,0,85.54120207606206,85.54120207606206,529.6522837025497,0.0
random-s0-0071,visibility,event,50.0,100.0,30.0,1,0,0,0,0,0,0,85.54120207606206,85.54120207606206,529.6522837025497,0.0
random-s0-0071,visibility,event,150.0,20.0,30.0,1,0,0,0,0,0,0,85.54120207606206,85.54120207606206,529.6522837025497,0.0
random-s0-0071,visibility,event,150.0,100.0,30.0,1,0,0,0,0,0,0,85.54120207606206,85.54120207606206,529.6522837025497,0.0
random-s0-0072,voronoi,once,0.0,20.0,30.0,1,0,2,0,2,0,0,-40.97375371243928,-40.97375371243928,13.371283092907362,160.0
random-s0-0072,voronoi,cycle,0.0,20.0,30.0,1,0,0,0,0,0,0,13.618241904221575,26.646809738107265,13.618241904221575,0.0
random-s0-0072,voronoi,cycle,0.0,100.0,30.0,1,0,2,1,1,1,0,-2.8210574074945782,-2.8210574074945782,-0.4944977052194588,40.0
random-s0-0072,voronoi,cycle,50.0,20.0,30.0,1,0,1,1,0,1,0,-27.17309233032788,138.3655743246573,-27.17309233032788,199.99999999999997
random-s0-0072,voronoi,cycle,50.0,100.0,30.0,1,0,0,0,0,0,0,121.77231151327676,146.2128059930414,121.77231151327676,0.0
random-s0-0072,voronoi,cycle,150.0,20.0,30.0,1,0,0,0,0,0,0,40.40248240831335,40.40248240831335,234.64814603079668,0.0
random-s0-0072,voronoi,cycle,150.0,100.0,30.0,1,0,0,0,0,0,0,119.6226466762833,255.20036369726063,119.6226466762833,0.0
random-s0-0072,voronoi,event,0.0,20.0,30.0,1,0,0,0,0,0,0,1.4126638979687982,1.4126638979687982,9.233877559772935,0.0
random-s0-0072,voronoi,event,0.0,100.0,30.0,1,0,1,1,0,1,0,-4.368400612561686,3.403229952067249,-4.368400612561686,40.0
random-s0-0072,voronoi,event,50.0,20.0,30.0,1,0,0,0,0,0,0,34.43053075686581,106.19480294435245,34.43053075686581,0.0
random-s0-0072,voronoi,event,50.0,100.0,30.0,1,0,0,0,0,0,0,36.01361583348208,82.33603659509748,36.01361583348208,0.0
random-s0-0072,voronoi,event,150.0,20.0,30.0,1,0,0,0,0,0,0,31.37343652746401,31.37343652746401,240.25282485889304,0.0
random-s0-0072,voronoi,event,150.0,100.0,30.0,1,0,0,0,0,0,0,38.844273208897874,38.844273208897874,142.2562786621757,0.0
random-s0-0072,prm,once,0.0,20.0,30.0,1,0,2,1,1,0,1,-80.50082844213982,-56.840507616512525,-80.50082844213982,100.0
random-s0-0072,prm,cycle,0.0,20.0,30.0,1,0,0,0,0,0,0,13.529111896219549,53.21704444480565,13.529111896219549,0.0
random-s0-0072,prm,cycle,0.0,100.0,30.0,1,0,1,1,0,1,0,-1.4383200839711776,76.64992001341295,-1.4383200839711776,20.0
random-s0-0072,prm,cycle,50.0,20.0,30.0,1,0,0,0,0,0,0,30.350445222418895,66.21152234455099,30.350445222418895,0.0
random-s0-0072,prm,cycle,50.0,100.0,30.0,1,0,0,0,0,0,0,41.23755583196041,152.52200748235236,41.23755583196041,0.0
random-s0-0072,prm,cycle,150.0,20.0,30.0,1,0,0,0,0,0,0,30.350445222418895,451.3078899731872,30.350445222418895,0.0
random-s0-0072,prm,cycle,150.0,100.0,30.0,1,0,0,0,0,0,0,41.23755583196041,471.55064985424,41.23755583196041,0.0
random-s0-0072,prm,event,0.0,20.0,30.0,1,0,0,0,0,0,0,30.350445222418895,38.10123790564265,30.350445222418895,0.0
random-s0-0072,prm,event,0.0,100.0,30.0,1,0,0,0,0,0,0,34.21254949879449,86.53204777698204,34.21254949879449,0.0
random-s0-0072,prm,event,50.0,20.0,30.0,1,0,0,0,0,0,0,30.350445222418895,141.84692211777258,30.350445222418895,0.0
random-s0-0072,prm,event,50.0,100.0,30.0,1,0,0,0,0,0,0,41.23755583196041,83.5262722370839,41.23755583196041,0.0
random-s0-0072,prm,event,150.0,20.0,30.0,1,0,0,0,0,0,0,30.350445222418895,451.3078899731872,30.350445222418895,0.0
random-s0-0072,prm,event,150.0,100.0,30.0,1,0,0,0,0,0,0,41.23755583196041,471.55064985424,41.23755583196041,0.0
random-s0-0072,visibility,once,0.0,20.0,30.0,1,0,2,1,1,0,1,-174.85187622624284,-174.85187622624284,-36.45645381901241,140.0
random-s0-0072,visibility,cycle,0.0,20.0,30.0,1,0,2,1,1,1,0,-94.84328830532527,-17.75355660894644,-94.84328830532527,360.00000000000006
random-s0-0072,visibility,cycle,0.0,100.0,30.0,1,0,2,1,1,1,0,-100.92044513504771,-21.08227846957314,-100.92044513504771,420.0000000000001
random-s0-0072,visibility,cycle,50.0,20.0,30.0,1,0,2,1,1,1,0,-62.89577966562408,-4.918270627728589,-62.89577966562408,279.99999999999994
random-s0-0072,visibility,cycle,50.0,100.0,30.0,1,0,2,1,1,1,0,-81.27183040576693,-8.892151416817967,-81.27183040576693,380.00000000000006
random-s0-0072,visibility,cycle,150.0,20.0,30.0,1,0,1,1,0,1,0,-10.00155118660851,12.929412155096486,-10.00155118660851,100.0
random-s0-0072,visibility,cycle,150.0,100.0,30.0,1,0,0,0,0,0,0,15.229921895854346,15.229921895854346,35.00343448635445,0.0
random-s0-0072,visibility,event,0.0,20.0,30.0,1,0,2,1,1,1,0,-96.80195453841628,-26.45888293681142,-96.80195453841628,400.00000000000006
random-s0-0072,visibility,event,0.0,100.0,30.0,1,0,2,1,1,1,0,-100.92044513504771,-29.49937523144609,-100.92044513504771,420.0000000000001
random-s0-0072,visibility,event,50.0,20.0,30.0,1,0,2,1,1,1,0,-70.79711890282304,-27.781219530771097,-70.79711890282304,360.00000000000006
random-s0-0072,visibility,event,50.0,100.0,30.0,1,0,2,1,1,1,0,-82.46442121878786,-34.00817838254886,-82.46442121878786,420.0000000000001
random-s0-0072,visibility,event,150.0,20.0,30.0,1,0,1,0,1,0,0,-122.80488312261872,-122.80488312261872,31.622744559421506,60.0
random-s0-0072,visibility,event,150.0,100.0,30.0,1,0,1,0,1,0,0,-128.7308414667321,-128.7308414667321,35.757965533467825,60.0
random-s0-0073,voronoi,once,0.0,20.0,30.0,1,0,0,0,0,0,0,58.31142456455805,58.31142456455805,127.81883305363374,0.0
random-s0-0073,voronoi,cycle,0.0,20.0,30.0,1,0,0,0,0,0,0,3.1017396994723185,3.1017396994723185,127.81883305363374,0.0
random-s0-0073,voronoi,cycle,0.0,100.0,30.0,1,0,0,0,0,0,0,9.462292609524354,9.462292609524354,127.81883305363368,0.0
random-s0-0073,voronoi,cycle,50.0,20.0,30.0,1,0,0,0,0,0,0,3.8549044844376112,3.8549044844376112,127.81883305363374,0.0
random-s0-0073,voronoi,cycle,50.0,100.0,30.0,1,0,0,0,0,0,0,13.005527403437554,13.005527403437554,127.81883305363368,0.0
random-s0-0073,voronoi,cycle,150.0,20.0,30.0,1,0,0,0,0,0,0,0.9325198130316324,0.9325198130316324,188.7223304527948,0.0
random-s0-0073,voronoi,cycle,150.0,100.0,30.0,1,0,0,0,0,0,0,0.914597820928094,0.914597820928094,321.68547625822106,0.0
random-s0-0073,voronoi,event,0.0,20.0,30.0,1,0,0,0,0,0,0,2.4649617985546683,2.4649617985546683,127.81883305363374,0.0
random-s0-0073,voronoi,event,0.0,100.0,30.0,1,0,0,0,0,0,0,14.422162986376634,14.422162986376634,127.81883305363368,0.0
random-s0-0073,voronoi,event,50.0,20.0,30.0,1,0,0,0,0,0,0,1.7154807501231917,1.7154807501231917,127.81883305363374,0.0
random-s0-0073,voronoi,event,50.0,100.0,30.0,1,0,0,0,0,0,0,4.57799913122858,4.57799913122858,127.81883305363368,0.0
random-s0-0073,voronoi,event,150.0,20.0,30.0,1,0,0,0,0,0,0,4.388235049774977,4.388235049774977,188.7223304527948,0.0
random-s0-0073,voronoi,event,150.0,100.0,30.0,1,0,0,0,0,0,0,5.252166499363483,5.252166499363483,321.68547625822106,0.0
random-s0-0073,prm,once,0.0,20.0,30.0,1,0,1,0,1,0,0,-36.16718848639559,-36.16718848639559,127.81883305363374,20.0
random-s0-0073,prm,cycle,0.0,20.0,30.0,1,0,0,0,0,0,0,127.81883305363374,150.77731693705482,127.81883305363374,0.0
random-s0-0073,prm,cycle,0.0,100.0,30.0,1,0,0,0,0,0,0,63.65268961331117,63.65268961331117,127.81883305363368,0.0
random-s0-0073,prm,cycle,50.0,20.0,30.0,1,0,0,0,0,0,0,127.81883305363374,141.4377915663003,127.81883305363374,0.0
random-s0-0073,prm,cycle,50.0,100.0,30.0,1,0,0,0,0,0,0,127.81883305363368,153.2541009897655,127.81883305363368,0.0
random-s0-0073,prm,cycle,150.0,20.0,30.0,1,0,0,0,0,0,0,153.28032874262078,153.28032874262078,233.40378602888356,0.0
random-s0-0073,prm,cycle,150.0,100.0,30.0,1,0,0,0,0,0,0,158.69702274793588,158.69702274793588,173.14493139568663,0.0
random-s0-0073,prm,event,0.0,20.0,30.0,1,0,0,0,0,0,0,127.81883305363374,148.84747352762463,127.81883305363374,0.0
random-s0-0073,prm,event,0.0,100.0,30.0,1,0,0,0,0,0,0,63.65268961331117,63.65268961331117,127.81883305363368,0.0
random-s0-0073,prm,event,50.0,20.0,30.0,1,0,0,0,0,0,0,127.81883305363374,150.16373191116293,127.81883305363374,0.0
random-s0-0073,prm,event,50.0,100.0,30.0,1,0,0,0,0,0,0,127.81883305363368,150.17814812399945,127.81883305363368,0.0
random-s0-0073,prm,event,150.0,20.0,30.0,1,0,0,0,0,0,0,109.09016709969823,109.09016709969823,112.86601338371946,0.0
random-s0-0073,prm,event,150.0,100.0,30.0,1,0,0,0,0,0,0,158.85741748958054,158.85741748958054,173.14493139568663,0.0
random-s0-0073,visibility,once,0.0,20.0,30.0,1,0,0,0,0,0,0,70.34976345747333,70.34976345747333,127.81883305363374,0.0
random-s0-0073,visibility,cycle,0.0,20.0,30.0,1,0,0,0,0,0,0,127.81883305363374,150.45224427762855,127.81883305363374,0.0
random-s0-0073,visibility,cycle,0.0,100.0,30.0,1,0,0,0,0,0,0,127.81883305363368,150.39330623698066,127.81883305363368,0.0
random-s0-0073,visibility,cycle,50.0,20.0,30.0,1,0,0,0,0,0,0,127.81883305363374,150.5068965314307,127.81883305363374,0.0
random-s0-0073,visibility,cycle,50.0,100.0,30.0,1,0,0,0,0,0,0,127.81883305363368,150.1671853730432,127.81883305363368,0.0
random-s0-0073,visibility,cycle,150.0,20.0,30.0,1,0,1,1,0,1,0,-84.70725277714816,126.91479785576996,-84.70725277714816,220.0
random-s0-0073,visibility,cycle,150.0,100.0,30.0,1,0,1,1,0,1,0,-97.06069827105097,151.49154893542237,-97.06069827105097,240.0
random-s0-0073,visibility,event,0.0,20.0,30.0,1,0,0,0,0,0,0,127.81883305363374,150.45352972682343,127.81883305363374,0.0
random-s0-0073,visibility,event,0.0,100.0,30.0,1,0,0,0,0,0,0,127.81883305363368,150.39330623698066,127.81883305363368,0.0
random-s0-0073,visibility,event,50.0,20.0,30.0,1,0,0,0,0,0,0,127.81883305363374,151.3255124857019,127.81883305363374,0.0
random-s0-0073,visibility,event,50.0,100.0,30.0,1,0,0,0,0,0,0,127.81883305363368,150.1671853730432,127.81883305363368,0.0
random-s0-0073,visibility,event,150.0,20.0,30.0,1,0,1,1,0,1,0,-91.05545521450256,151.42648020203876,-91.05545521450256,240.0
random-s0-0073,visibility,event,150.0,100.0,30.0,1,0,1,1,0,1,0,-97.06069827105097,152.20184740865216,-97.06069827105097,240.0
random-s0-0074,voronoi,once,0.0,20.0,30.0,1,0,1,1,0,1,0,-45.47766411482402,164.96989130392546,-45.47766411482402,600.0000000000002
random-s0-0074,voronoi,cycle,0.0,20.0,30.0,1,0,0,0,0,0,0,32.31246282036807,281.0712436347457,32.31246282036807,0.0
random-s0-0074,voronoi,cycle,0.0,100.0,30.0,1,0,0,0,0,0,0,42.79210628777753,267.7103456066989,42.79210628777753,0.0
random-s0-0074,voronoi,cycle,50.0,20.0,30.0,1,0,0,0,0,0,0,30.33782716036524,366.4763442895541,30.33782716036524,0.0
random-s0-0074,voronoi,cycle,50.0,100.0,30.0,1,0,0,0,0,0,0,32.87053989949467,414.81446805852113,32.87053989949467,0.0
random-s0-0074,voronoi,cycle,150.0,20.0,30.0,1,0,0,0,0,0,0,33.83628337680315,421.757682600006,33.83628337680315,0.0
random-s0-0074,voronoi,cycle,150.0,100.0,30.0,1,0,0,0,0,0,0,19.62406413268744,397.1705077728608,19.62406413268744,0.0
random-s0-0074,voronoi,event,0.0,20.0,30.0,1,0,0,0,0,0,0,30.6034591393348,282.45285505774734,30.6034591393348,0.0
random-s0-0074,voronoi,event,0.0,100.0,30.0,1,0,0,0,0,0,0,33.0658171679398,267.7103456066989,33.0658171679398,0.0
random-s0-0074,voronoi,event,50.0,20.0,30.0,1,0,0,0,0,0,0,30.6034591393348,351.214875001951,30.6034591393348,0.0
random-s0-0074,voronoi,event,50.0,100.0,30.0,1,0,0,0,0,0,0,33.0658171679398,414.81446805852113,33.0658171679398,0.0
random-s0-0074,voronoi,event,150.0,20.0,30.0,1,0,0,0,0,0,0,30.6034591393348,235.05961599901545,30.6034591393348,0.0
random-s0-0074,voronoi,event,150.0,100.0,30.0,1,0,0,0,0,0,0,1.785964143084641,440.2082015757173,1.785964143084641,0.0
random-s0-0074,prm,once,0.0,20.0,30.0,1,0,0,0,0,0,0,109.19261746248436,164.96989130392546,109.19261746248436,0.0
random-s0-0074,prm,cycle,0.0,20.0,30.0,1,0,0,0,0,0,0,30.203565950089768,200.37816119454132,30.203565950089768,0.0
random-s0-0074,prm,cycle,0.0,100.0,30.0,1,0,0,0,0,0,0,35.43554190176508,217.1878033614973,35.43554190176508,0.0
random-s0-0074,prm,cycle,50.0,20.0,30.0,1,0,0,0,0,0,0,30.203565950089768,236.4229037216295,30.203565950089768,0.0
random-s0-0074,prm,cycle,50.0,100.0,30.0,1,0,0,0,0,0,0,35.43554190176508,217.1878033614973,35.43554190176508,0.0
random-s0-0074,prm,cycle,150.0,20.0,30.0,1,0,0,0,0,0,0,33.075798018243404,207.7036430785721,33.075798018243404,0.0
random-s0-0074,prm,cycle,150.0,100.0,30.0,1,0,0,0,0,0,0,33.24698579516246,164.96989130392603,33.24698579516246,0.0
random-s0-0074,prm,event,0.0,20.0,30.0,1,0,0,0,0,0,0,30.203565950089768,200.37816119454132,30.203565950089768,0.0
random-s0-0074,prm,event,0.0,100.0,30.0,1,0,0,0,0,0,0,35.43554190176508,217.1878033614973,35.43554190176508,0.0
random-s0-0074,prm,event,50.0,20.0,30.0,1,0,0,0,0,0,0,30.203565950089768,266.5899614707055,30.203565950089768,0.0
random-s0-0074,prm,event,50.0,100.0,30.0,1,0,0,0,0,0,0,35.43554190176508,217.1878033614973,35.43554190176508,0.0
random-s0-0074,prm,event,150.0,20.0,30.0,1,0,0,0,0,0,0,35.74879156959565,417.6520762630356,35.74879156959565,0.0
random-s0-0074,prm,event,150.0,100.0,30.0,1,0,0,0,0,0,0,33.24698579516246,164.96989130392603,33.24698579516246,0.0
random-s0-0074,visibility,once,0.0,20.0,30.0,1,0,1,1,0,0,1,-6.322838142966702,164.96989130392546,-6.322838142966702,180.0
random-s0-0074,visibility,cycle,0.0,20.0,30.0,1,0,1,1,0,0,1,-6.322838142966702,182.4935430464953,-6.322838142966702,180.0
random-s0-0074,visibility,cycle,0.0,100.0,30.0,1,0,1,1,0,0,1,-6.322838142966702,181.82559608049388,-6.322838142966702,180.0
random-s0-0074,visibility,cycle,50.0,20.0,30.0,1,0,1,1,0,0,1,-6.322838142966702,222.51368995173144,-6.322838142966702,180.0
random-s0-0074,visibility,cycle,50.0,100.0,30.0,1,0,1,1,0,0,1,-6.322838142966702,204.76703107195797,-6.322838142966702,180.0
random-s0-0074,visibility,cycle,150.0,20.0,30.0,1,0,1,1,0,0,1,-6.322838142966702,218.90064187982156,-6.322838142966702,180.0
random-s0-0074,visibility,cycle,150.0,100.0,30.0,1,0,1,1,0,0,1,-6.322838142966702,221.36194015701184,-6.322838142966702,180.0
random-s0-0074,visibility,event,0.0,20.0,30.0,1,0,1,1,0,0,1,-6.322838142966702,187.3936256223852,-6.322838142966702,180.0
random-s0-0074,visibility,event,0.0,100.0,30.0,1,0,1,1,0,0,1,-6.322838142966702,181.82559608049388,-6.322838142966702,180.0
random-s0-0074,visibility,event,50.0,20.0,30.0,1,0,1,1,0,0,1,-6.322838142966702,238.86189834491995,-6.322838142966702,180.0
random-s0-0074,visibility,event,50.0,100.0,30.0,1,0,1,1,0,0,1,-6.322838142966702,204.76703107195797,-6.322838142966702,180.0
random-s0-0074,visibility,event,150.0,20.0,30.0,1,0,1,1,0,0,1,-6.322838142966702,320.10520331970326,-6.322838142966702,180.0
random-s0-0074,visibility,event,150.0,100.0,30.0,1,0,1,1,0,0,1,-6.322838142966702,320.6395235391294,-6.322838142966702,180.0
random-s0-0075,voronoi,once,0.0,20.0,30.0,1,0,4,1,3,0,1,-172.84022737385007,-140.76187919211085,-172.84022737385007,380.00000000000006
random-s0-0075,voronoi,cycle,0.0,20.0,30.0,1,0,0,0,0,0,0,11.796764384237974,11.796764384237974,150.38780034220105,0.0
random-s0-0075,voronoi,cycle,0.0,100.0,30.0,1,0,8,1,7,1,0,-136.45257600285066,-136.45257600285066,-24.54706567045639,760.0
random-s0-0075,voronoi,cycle,50.0,20.0,30.0,1,0,0,0,0,0,0,178.34165359116415,281.7148503745979,178.34165359116415,0.0
random-s0-0075,voronoi,cycle,50.0,100.0,30.0,1,0,1,0,1,0,0,-136.99230083385223,-136.99230083385223,170.04839835118753,60.0
random-s0-0075,voronoi,cycle,150.0,20.0,30.0,1,0,0,0,0,0,0,87.152014983877,87.152014983877,174.2487568773435,0.0
random-s0-0075,voronoi,cycle,150.0,100.0,30.0,1,0,1,0,1,0,0,-24.1461637961128,-24.1461637961128,141.8772523352485,39.99999999999991
random-s0-0075,voronoi,event,0.0,20.0,30.0,1,0,0,0,0,0,0,6.666455042846309,6.666455042846309,149.86438579795498,0.0
random-s0-0075,voronoi,event,0.0,100.0,30.0,1,0,2,0,2,0,0,-42.76417868101987,-42.76417868101987,150.31179630143475,79.9999999999999
random-s0-0075,voronoi,event,50.0,20.0,30.0,1,0,0,0,0,0,0,156.70198808881537,156.70198808881537,192.47963170029325,0.0
random-s0-0075,voronoi,event,50.0,100.0,30.0,1,0,1,0,1,0,0,-136.99230083385223,-136.99230083385223,167.79637848147502,60.0
random-s0-0075,voronoi,event,150.0,20.0,30.0,1,0,0,0,0,0,0,126.47404462045614,191.78303895147025,126.47404462045614,0.0
random-s0-0075,voronoi,event,150.0,100.0,30.0,1,0,0,0,0,0,0,147.64210121109124,168.11663342020438,147.64210121109124,0.0
random-s0-0075,prm,once,0.0,20.0,30.0,1,0,3,2,1,0,2,-140.76187919211085,-140.76187919211085,-99.09439393429672,160.0
random-s0-0075,prm,cycle,0.0,20.0,30.0,1,0,1,0,1,0,0,-163.35003981959403,-163.35003981959403,128.07096683793327,60.0
random-s0-0075,prm,cycle,0.0,100.0,30.0,1,0,0,0,0,0,0,75.42934638997215,75.42934638997215,117.70001240498044,0.0
random-s0-0075,prm,cycle,50.0,20.0,30.0,1,0,0,0,0,0,0,104.20718138818997,191.5307543105804,104.20718138818997,0.0
random-s0-0075,prm,cycle,50.0,100.0,30.0,1,0,0,0,0,0,0,55.23021364165496,55.23021364165496,117.18730283447984,0.0
random-s0-0075,prm,cycle,150.0,20.0,30.0,1,0,0,0,0,0,0,76.46136081200274,355.74680937555445,76.46136081200274,0.0
random-s0-0075,prm,cycle,150.0,100.0,30.0,1,0,0,0,0,0,0,24.478141404101702,24.478141404101702,173.7530238512059,0.0
random-s0-0075,prm,event,0.0,20.0,30.0,1,0,0,0,0,0,0,30.596706527017403,30.596706527017403,132.9471086762312,0.0
random-s0-0075,prm,event,0.0,100.0,30.0,1,0,1,0,1,0,0,-136.11843395061402,-136.11843395061402,104.16490659796408,59.99999999999992
random-s0-0075,prm,event,50.0,20.0,30.0,1,0,0,0,0,0,0,32.06046369676432,99.58819870326109,32.06046369676432,0.0
random-s0-0075,prm,event,50.0,100.0,30.0,1,0,0,0,0,0,0,164.59667200850583,195.1604770536372,164.59667200850583,0.0
random-s0-0075,prm,event,150.0,20.0,30.0,1,0,0,0,0,0,0,180.9952081203316,319.31488593074334,180.9952081203316,0.0
random-s0-0075,prm,event,150.0,100.0,30.0,1,0,0,0,0,0,0,39.89535925382364,250.14013808514403,39.89535925382364,0.0
random-s0-0075,visibility,once,0.0,20.0,30.0,1,0,5,0,5,0,0,-140.76187919211085,-140.76187919211085,124.91384842316096,320.0
random-s0-0075,visibility,cycle,0.0,20.0,30.0,1,0,0,0,0,0,0,126.86153629752516,190.18668287093487,126.86153629752516,0.0
random-s0-0075,visibility,cycle,0.0,100.0,30.0,1,0,0,0,0,0,0,15.176909076105687,15.176909076105687,119.08909683164802,0.0
random-s0-0075,visibility,cycle,50.0,20.0,30.0,1,0,0,0,0,0,0,133.6763296220488,247.4911305587999,133.6763296220488,0.0
random-s0-0075,visibility,cycle,50.0,100.0,30.0,1,0,0,0,0,0,0,121.9279836788278,287.5106061384971,121.9279836788278,0.0
random-s0-0075,visibility,cycle,150.0,20.0,30.0,1,0,0,0,0,0,0,210.53814143268065,285.776225045657,210.53814143268065,0.0
random-s0-0075,visibility,cycle,150.0,100.0,30.0,1,0,0,0,0,0,0,172.03654152486058,172.03654152486058,174.97475203384897,0.0
random-s0-0075,visibility,event,0.0,20.0,30.0,1,0,0,0,0,0,0,106.61526821199988,106.61526821199988,124.95313537321027,0.0
random-s0-0075,visibility,event,0.0,100.0,30.0,1,0,0,0,0,0,0,15.176909076105687,15.176909076105687,119.08909683164802,0.0
random-s0-0075,visibility,event,50.0,20.0,30.0,1,0,0,0,0,0,0,125.6328266787096,296.80887821916,125.6328266787096,0.0
random-s0-0075,visibility,event,50.0,100.0,30.0,1,0,1,0,1,0,0,-175.97252247553232,-175.97252247553232,126.71265555961388,480.00000000000017
random-s0-0075,visibility,event,150.0,20.0,30.0,1,0,0,0,0,0,0,148.36151212683507,148.36151212683507,151.88344916518747,0.0
random-s0-0075,visibility,event,150.0,100.0,30.0,1,0,0,0,0,0,0,42.67989030581333,136.15875638532037,42.67989030581333,0.0
random-s0-0076,voronoi,once,0.0,20.0,30.0,1,0,1,1,0,0,1,-7.746764448972186,4.141392084138204,-7.746764448972186,60.0
random-s0-0076,voronoi,cycle,0.0,20.0,30.0,1,0,0,0,0,0,0,23.839969743492617,23.839969743492617,30.13021286372557,0.0
random-s0-0076,voronoi,cycle,0.0,100.0,30.0,1,0,1,0,1,0,0,-72.78147223869782,-72.78147223869782,14.3543781865433,99.99999999999991
random-s0-0076,voronoi,cycle,50.0,20.0,30.0,1,0,0,0,0,0,0,31.335676767779404,291.4774059873739,31.335676767779404,0.0
random-s0-0076,voronoi,cycle,50.0,100.0,30.0,1,0,0,0,0,0,0,30.38943703650349,406.793028602989,30.38943703650349,0.0
random-s0-0076,voronoi,cycle,150.0,20.0,30.0,1,0,0,0,0,0,0,31.314224956346465,344.75921109100693,31.314224956346465,0.0
random-s0-0076,voronoi,cycle,150.0,100.0,30.0,1,0,0,0,0,0,0,31.999747820348404,351.10041893539176,31.999747820348404,0.0
random-s0-0076,voronoi,event,0.0,20.0,30.0,1,0,0,0,0,0,0,33.87356223769743,55.67413542435284,33.87356223769743,0.0
random-s0-0076,voronoi,event,0.0,100.0,30.0,1,0,0,0,0,0,0,16.16262269794288,56.657633406472485,16.16262269794288,0.0
random-s0-0076,voronoi,event,50.0,20.0,30.0,1,0,0,0,0,0,0,35.64306130023945,221.3996824420808,35.64306130023945,0.0
random-s0-0076,voronoi,event,50.0,100.0,30.0,1,0,0,0,0,0,0,52.5320409317722,260.3855531822003,52.5320409317722,0.0
random-s0-0076,voronoi,event,150.0,20.0,30.0,1,0,0,0,0,0,0,32.14947274715831,368.6601322278359,32.14947274715831,0.0
random-s0-0076,voronoi,event,150.0,100.0,30.0,1,0,0,0,0,0,0,34.74559143526477,212.1111169510041,34.74559143526477,0.0
random-s0-0076,prm,once,0.0,20.0,30.0,1,0,1,1,0,0,1,-7.746764448972186,56.143763025114936,-7.746764448972186,60.0
random-s0-0076,prm,cycle,0.0,20.0,30.0,1,0,0,0,0,0,0,33.32241884934578,112.62555633696326,33.32241884934578,0.0
random-s0-0076,prm,cycle,0.0,100.0,30.0,1,0,0,0,0,0,0,22.96572166913896,22.96572166913896,44.641960832480805,0.0
random-s0-0076,prm,cycle,50.0,20.0,30.0,1,0,0,0,0,0,0,35.14781873017327,507.03461542077,35.14781873017327,0.0
random-s0-0076,prm,cycle,50.0,100.0,30.0,1,0,0,0,0,0,0,37.02629059176039,349.9886498742045,37.02629059176039,0.0
random-s0-0076,prm,cycle,150.0,20.0,30.0,1,0,0,0,0,0,0,37.33611539485364,52.89754115024499,37.33611539485364,0.0
random-s0-0076,prm,cycle,150.0,100.0,30.0,1,0,0,0,0,0,0,44.70773272878421,151.68248491284993,44.70773272878421,0.0
random-s0-0076,prm,event,0.0,20.0,30.0,1,0,0,0,0,0,0,36.58791094739328,55.51560878531521,36.58791094739328,0.0
random-s0-0076,prm,event,0.0,100.0,30.0,1,0,1,0,1,0,0,-131.96947070976745,-131.96947070976745,44.16601766171911,380.00000000000006
random-s0-0076,prm,event,50.0,20.0,30.0,1,0,0,0,0,0,0,36.99295890182435,127.20292427164958,36.99295890182435,0.0
random-s0-0076,prm,event,50.0,100.0,30.0,1,0,0,0,0,0,0,50.88061121726153,103.11821500875232,50.88061121726153,0.0
random-s0-0076,prm,event,150.0,20.0,30.0,1,0,0,0,0,0,0,35.539049354253706,312.4485035470883,35.539049354253706,0.0
random-s0-0076,prm,event,150.0,100.0,30.0,1,0,0,0,0,0,0,52.67053422505538,441.88070303354175,52.67053422505538,0.0
random-s0-0076,visibility,once,0.0,20.0,30.0,1,0,1,1,0,0,1,-7.746764448972186,158.02395107723316,-7.746764448972186,60.0
random-s0-0076,visibility,cycle,0.0,20.0,30.0,1,0,0,0,0,0,0,15.822982706377983,358.1322592563978,15.822982706377983,0.0
random-s0-0076,visibility,cycle,0.0,100.0,30.0,1,0,0,0,0,0,0,16.15493739508534,339.1062076249294,16.15493739508534,0.0
random-s0-0076,visibility,cycle,50.0,20.0,30.0,1,0,0,0,0,0,0,15.222228535378918,86.23918726593229,15.222228535378918,0.0
random-s0-0076,visibility,cycle,50.0,100.0,30.0,1,0,0,0,0,0,0,15.91261545114881,335.20042437309803,15.91261545114881,0.0
random-s0-0076,visibility,cycle,150.0,20.0,30.0,1,0,1,1,0,1,0,-156.05980208340043,296.3429314869943,-156.05980208340043,500.0000000000001
random-s0-0076,visibility,cycle,150.0,100.0,30.0,1,0,1,1,0,0,1,-109.31584956239536,224.7083055015252,-109.31584956239536,460.0000000000001
random-s0-0076,visibility,event,0.0,20.0,30.0,1,0,0,0,0,0,0,19.60390400232544,365.6678262761692,19.60390400232544,0.0
random-s0-0076,visibility,event,0.0,100.0,30.0,1,0,0,0,0,0,0,18.61176914224211,367.4741396124903,18.61176914224211,0.0
random-s0-0076,visibility,event,50.0,20.0,30.0,1,0,1,1,0,1,0,-169.63462227315824,186.405333959854,-169.63462227315824,840.0000000000005
random-s0-0076,visibility,event,50.0,100.0,30.0,1,0,0,0,0,0,0,19.94457700588231,225.7327448666596,19.94457700588231,0.0
random-s0-0076,visibility,event,150.0,20.0,30.0,1,0,0,0,0,0,0,14.057931284409392,193.5560950324728,14.057931284409392,0.0
random-s0-0076,visibility,event,150.0,100.0,30.0,1,0,0,0,0,0,0,7.725473891645237,99.02511402451006,7.725473891645237,0.0
random-s0-0077,voronoi,once,0.0,20.0,30.0,1,0,1,1,0,1,0,-22.816325477181863,153.19357266924766,-22.816325477181863,220.0
random-s0-0077,voronoi,cycle,0.0,20.0,30.0,1,0,0,0,0,0,0,36.97355274290484,181.9551505741153,36.97355274290484,0.0
random-s0-0077,voronoi,cycle,0.0,100.0,30.0,1,0,0,0,0,0,0,35.105600885773924,241.92730639943755,35.105600885773924,0.0
random-s0-0077,voronoi,cycle,50.0,20.0,30.0,1,0,0,0,0,0,0,115.83144757467772,288.5586819244713,115.83144757467772,0.0
random-s0-0077,voronoi,cycle,50.0,100.0,30.0,1,0,0,0,0,0,0,109.7335732636068,310.09869463795184,109.7335732636068,0.0
random-s0-0077,voronoi,cycle,150.0,20.0,30.0,1,0,0,0,0,0,0,135.20509069187523,295.0426329467046,135.20509069187523,0.0
random-s0-0077,voronoi,cycle,150.0,100.0,30.0,1,0,0,0,0,0,0,203.1237957435314,429.9085379909819,203.1237957435314,0.0
random-s0-0077,voronoi,event,0.0,20.0,30.0,1,0,0,0,0,0,0,48.17282468121675,235.8778005238617,48.17282468121675,0.0
random-s0-0077,voronoi,event,0.0,100.0,30.0,1,0,0,0,0,0,0,35.705617790374106,228.75837954902332,35.705617790374106,0.0
random-s0-0077,voronoi,event,50.0,20.0,30.0,1,0,0,0,0,0,0,110.92092116220276,227.22936675552808,110.92092116220276,0.0
random-s0-0077,voronoi,event,50.0,100.0,30.0,1,0,0,0,0,0,0,107.42290842134736,309.03806817531694,107.42290842134736,0.0
random-s0-0077,voronoi,event,150.0,20.0,30.0,1,0,0,0,0,0,0,57.244767654015504,57.244767654015504,429.90916119094265,0.0
random-s0-0077,voronoi,event,150.0,100.0,30.0,1,0,0,0,0,0,0,60.08659323653228,60.08659323653228,431.52957404878464,0.0
random-s0-0077,prm,once,0.0,20.0,30.0,1,0,1,1,0,1,0,-22.816325477181863,153.19357266924766,-22.816325477181863,220.0
random-s0-0077,prm,cycle,0.0,20.0,30.0,1,0,1,1,0,1,0,-55.424652990868736,63.6428235086598,-55.424652990868736,300.0
random-s0-0077,prm,cycle,0.0,100.0,30.0,1,0,1,1,0,1,0,-44.83695816366614,61.10510293697203,-44.83695816366614,259.9999999999997
random-s0-0077,prm,cycle,50.0,20.0,30.0,1,0,1,1,0,1,0,-11.133814651985745,493.1241594072143,-11.133814651985745,160.0
random-s0-0077,prm,cycle,50.0,100.0,30.0,1,0,1,1,0,0,1,-0.1138653407318202,487.62069142599125,-0.1138653407318202,20.0
random-s0-0077,prm,cycle,150.0,20.0,30.0,1,0,1,1,0,1,0,-23.89136264608044,82.78634606138309,-23.89136264608044,220.0
random-s0-0077,prm,cycle,150.0,100.0,30.0,1,0,0,0,0,0,0,123.50148305854265,145.17593991957813,123.50148305854265,0.0
random-s0-0077,prm,event,0.0,20.0,30.0,1,0,1,1,0,1,0,-53.95492860299736,43.55016870573516,-53.95492860299736,279.99999999999994
random-s0-0077,prm,event,0.0,100.0,30.0,1,0,2,1,1,1,0,-91.11382272744385,-91.11382272744385,-55.84146553589463,420.0
random-s0-0077,prm,event,50.0,20.0,30.0,1,0,1,1,0,0,1,-1.150693441611594,493.1241594072143,-1.150693441611594,60.0
random-s0-0077,prm,event,50.0,100.0,30.0,1,0,0,0,0,0,0,5.609800993804328,492.6704639836846,5.609800993804328,0.0
random-s0-0077,prm,event,150.0,20.0,30.0,1,0,0,0,0,0,0,33.52678083868557,143.38346933473184,33.52678083868557,0.0
random-s0-0077,prm,event,150.0,100.0,30.0,1,0,0,0,0,0,0,48.33873486047213,210.7601520951121,48.33873486047213,0.0
random-s0-0077,visibility,once,0.0,20.0,30.0,1,0,1,1,0,1,0,-22.816325477181863,153.19357266924766,-22.816325477181863,220.0
random-s0-0077,visibility,cycle,0.0,20.0,30.0,1,0,1,1,0,1,0,-22.640209408869367,169.64470827319587,-22.640209408869367,220.0
random-s0-0077,visibility,cycle,0.0,100.0,30.0,1,0,1,1,0,1,0,-24.39566100353747,147.82236735478494,-24.39566100353747,219.99999999999972
random-s0-0077,visibility,cycle,50.0,20.0,30.0,1,0,0,0,0,0,0,9.833094882796615,102.16358379847554,9.833094882796615,0.0
random-s0-0077,visibility,cycle,50.0,100.0,30.0,1,0,1,1,0,0,1,-17.944842847853266,122.25764492588024,-17.944842847853266,180.0
random-s0-0077,visibility,cycle,150.0,20.0,30.0,1,0,1,0,1,0,0,-151.96649738910486,-151.96649738910486,11.14143107911329,500.0000000000001
random-s0-0077,visibility,cycle,150.0,100.0,30.0,1,0,0,0,0,0,0,134.1842346505038,489.4822540871588,134.1842346505038,0.0
random-s0-0077,visibility,event,0.0,20.0,30.0,1,0,1,1,0,1,0,-21.496720253734622,173.3126328097971,-21.496720253734622,220.0
random-s0-0077,visibility,event,0.0,100.0,30.0,1,0,1,1,0,1,0,-24.39566100353747,147.82236735478494,-24.39566100353747,219.99999999999972
random-s0-0077,visibility,event,50.0,20.0,30.0,1,0,0,0,0,0,0,17.634395505660564,32.57839489282884,17.634395505660564,0.0
random-s0-0077,visibility,event,50.0,100.0,30.0,1,0,1,1,0,1,0,-16.717313122921155,137.58838633717335,-16.717313122921155,179.9999999999998
random-s0-0077,visibility,event,150.0,20.0,30.0,1,0,2,1,1,1,0,-140.72245190871735,-140.72245190871735,-26.86785618244346,640.0000000000002
random-s0-0077,visibility,event,150.0,100.0,30.0,1,0,2,2,0,1,1,-29.71933808105743,329.5839726306457,-29.71933808105743,239.99999999999977
random-s0-0078,voronoi,once,0.0,20.0,30.0,1,0,0,0,0,0,0,68.89406547026505,68.89406547026505,242.61340453648512,0.0
random-s0-0078,voronoi,cycle,0.0,20.0,30.0,1,0,0,0,0,0,0,0.2461772713189702,30.753857335198944,0.2461772713189702,0.0
random-s0-0078,voronoi,cycle,0.0,100.0,30.0,1,0,1,1,0,0,1,-48.915928767499054,40.81354498269724,-48.915928767499054,339.9999999999999
random-s0-0078,voronoi,cycle,50.0,20.0,30.0,1,0,0,0,0,0,0,31.673225697705817,31.673225697705817,63.77853978060193,0.0
random-s0-0078,voronoi,cycle,50.0,100.0,30.0,1,0,0,0,0,0,0,32.30470001522954,32.30470001522954,104.967531950394,0.0
random-s0-0078,voronoi,cycle,150.0,20.0,30.0,1,0,0,0,0,0,0,35.34880576613119,35.34880576613119,124.30431783879207,0.0
random-s0-0078,voronoi,cycle,150.0,100.0,30.0,1,0,0,0,0,0,0,32.610169938841494,32.610169938841494,170.53273632591038,0.0
random-s0-0078,voronoi,event,0.0,20.0,30.0,1,0,1,1,0,1,0,-1.1275603230795357,452.2199179167248,-1.1275603230795357,120.0
random-s0-0078,voronoi,event,0.0,100.0,30.0,1,0,1,1,0,0,1,-48.915928767499054,433.1120588827888,-48.915928767499054,339.9999999999999
random-s0-0078,voronoi,event,50.0,20.0,30.0,1,0,0,0,0,0,0,31.9811051605744,452.3748050438526,31.9811051605744,0.0
random-s0-0078,voronoi,event,50.0,100.0,30.0,1,0,0,0,0,0,0,19.46552177005597,455.5794951368306,19.46552177005597,0.0
random-s0-0078,voronoi,event,150.0,20.0,30.0,1,0,0,0,0,0,0,31.034565103990644,31.034565103990644,167.69822020259625,0.0
random-s0-0078,voronoi,event,150.0,100.0,30.0,1,0,0,0,0,0,0,32.560065314079026,32.560065314079026,188.13061622458707,0.0
random-s0-0078,prm,once,0.0,20.0,30.0,1,0,0,0,0,0,0,8.981505320703235,8.981505320703235,35.768100110659304,0.0
random-s0-0078,prm,cycle,0.0,20.0,30.0,1,0,0,0,0,0,0,30.94821018615204,347.3602973526778,30.94821018615204,0.0
random-s0-0078,prm,cycle,0.0,100.0,30.0,1,0,2,1,1,1,0,-131.35021129457553,-131.35021129457553,-20.89946009407436,780.0000000000002
random-s0-0078,prm,cycle,50.0,20.0,30.0,1,0,0,0,0,0,0,30.66102524100873,354.9001572704359,30.66102524100873,0.0
random-s0-0078,prm,cycle,50.0,100.0,30.0,1,0,1,1,0,0,1,-12.306641131212984,168.48787131597544,-12.306641131212984,60.0
random-s0-0078,prm,cycle,150.0,20.0,30.0,1,0,0,0,0,0,0,31.162208993690115,366.2283167524138,31.162208993690115,0.0
random-s0-0078,prm,cycle,150.0,100.0,30.0,1,0,0,0,0,0,0,43.30359428917663,534.1185375203792,43.30359428917663,0.0
random-s0-0078,prm,event,0.0,20.0,30.0,1,0,0,0,0,0,0,31.25983053175193,61.683797438866975,31.25983053175193,0.0
random-s0-0078,prm,event,0.0,100.0,30.0,1,0,1,1,0,1,0,-20.89946009407436,77.75414726885879,-20.89946009407436,79.9999999999999
random-s0-0078,prm,event,50.0,20.0,30.0,1,0,0,0,0,0,0,30.66102524100873,489.5635431058082,30.66102524100873,0.0
random-s0-0078,prm,event,50.0,100.0,30.0,1,0,0,0,0,0,0,33.788942266779856,231.3218274964148,33.788942266779856,0.0
random-s0-0078,prm,event,150.0,20.0,30.0,1,0,0,0,0,0,0,30.84954859243993,422.9879499045122,30.84954859243993,0.0
random-s0-0078,prm,event,150.0,100.0,30.0,1,0,0,0,0,0,0,33.788942266779856,539.5556075280059,33.788942266779856,0.0
random-s0-0078,visibility,once,0.0,20.0,30.0,1,0,1,0,1,0,0,-126.6220303181062,-126.6220303181062,22.067615036113978,100.0
random-s0-0078,visibility,cycle,0.0,20.0,30.0,1,0,0,0,0,0,0,30.29003436684405,220.69426756568515,30.29003436684405,0.0
random-s0-0078,visibility,cycle,0.0,100.0,30.0,1,0,0,0,0,0,0,30.878136963038173,254.0882764741587,30.878136963038173,0.0
random-s0-0078,visibility,cycle,50.0,20.0,30.0,1,0,0,0,0,0,0,30.29003436684405,308.18003825232574,30.29003436684405,0.0
random-s0-0078,visibility,cycle,50.0,100.0,30.0,1,0,0,0,0,0,0,30.878136963038173,340.4158813986131,30.878136963038173,0.0
random-s0-0078,visibility,cycle,150.0,20.0,30.0,1,0,0,0,0,0,0,44.775454678098896,107.34337393628488,44.775454678098896,0.0
random-s0-0078,visibility,cycle,150.0,100.0,30.0,1,0,0,0,0,0,0,30.529781323555227,117.2909189570401,30.529781323555227,0.0
random-s0-0078,visibility,event,0.0,20.0,30.0,1,0,0,0,0,0,0,30.29003436684405,201.7329938011044,30.29003436684405,0.0
random-s0-0078,visibility,event,0.0,100.0,30.0,1,0,0,0,0,0,0,30.878136963038173,254.0882764741587,30.878136963038173,0.0
random-s0-0078,visibility,event,50.0,20.0,30.0,1,0,0,0,0,0,0,30.29003436684405,298.3210853649672,30.29003436684405,0.0
random-s0-0078,visibility,event,50.0,100.0,30.0,1,0,0,0,0,0,0,30.878136963038173,361.6140605141933,30.878136963038173,0.0
random-s0-0078,visibility,event,150.0,20.0,30.0,1,0,0,0,0,0,0,47.5678064645908,403.0905957021384,47.5678064645908,0.0
random-s0-0078,visibility,event,150.0,100.0,30.0,1,0,0,0,0,0,0,1.300684349941605,262.70602641597213,1.300684349941605,0.0
random-s0-0079,voronoi,once,0.0,20.0,30.0,1,0,1,0,1,0,0,-124.92043588834936,-124.92043588834936,114.22877042157457,80.0
random-s0-0079,voronoi,cycle,0.0,20.0,30.0,1,0,0,0,0,0,0,21.47526780508545,21.47526780508545,115.80670119914056,0.0
random-s0-0079,voronoi,cycle,0.0,100.0,30.0,1,0,1,0,1,0,0,-124.92043588834936,-124.92043588834936,109.89186118650603,80.0
random-s0-0079,voronoi,cycle,50.0,20.0,30.0,1,0,0,0,0,0,0,57.36240863071259,57.36240863071259,122.875912953311,0.0
random-s0-0079,voronoi,cycle,50.0,100.0,30.0,1,0,1,0,1,0,0,-128.8044584648629,-128.8044584648629,134.09363479177864,179.99999999999997
random-s0-0079,voronoi,cycle,150.0,20.0,30.0,1,0,0,0,0,0,0,37.06776840689179,37.06776840689179,123.7726168633436,0.0
random-s0-0079,voronoi,cycle,150.0,100.0,30.0,1,0,0,0,0,0,0,45.506041207824126,45.506041207824126,127.50662629734352,0.0
random-s0-0079,voronoi,event,0.0,20.0,30.0,1,0,0,0,0,0,0,21.47526780508545,21.47526780508545,112.00802890732632,0.0
random-s0-0079,voronoi,event,0.0,100.0,30.0,1,0,1,0,1,0,0,-124.92043588834936,-124.92043588834936,109.89186118650603,80.0
random-s0-0079,voronoi,event,50.0,20.0,30.0,1,0,0,0,0,0,0,57.36240863071259,57.36240863071259,116.71428446368476,0.0
random-s0-0079,voronoi,event,50.0,100.0,30.0,1,0,1,0,1,0,0,-128.8044584648629,-128.8044584648629,135.4295240564541,179.99999999999997
random-s0-0079,voronoi,event,150.0,20.0,30.0,1,0,0,0,0,0,0,37.06776840689179,37.06776840689179,124.06608978101492,0.0
random-s0-0079,voronoi,event,150.0,100.0,30.0,1,0,0,0,0,0,0,44.874025563092175,44.874025563092175,124.55825092563066,0.0
random-s0-0079,prm,once,0.0,20.0,30.0,1,0,1,0,1,0,0,-124.92043588834936,-124.92043588834936,130.29473552541612,80.0
random-s0-0079,prm,cycle,0.0,20.0,30.0,1,0,1,0,1,0,0,-124.92043588834954,-124.92043588834954,128.63163521022074,79.99999999999996
random-s0-0079,prm,cycle,0.0,100.0,30.0,1,0,1,0,1,0,0,-124.92043588834936,-124.92043588834936,129.76614765945135,80.0
random-s0-0079,prm,cycle,50.0,20.0,30.0,1,0,0,0,0,0,0,46.8256577086689,46.8256577086689,116.77145694637312,0.0
random-s0-0079,prm,cycle,50.0,100.0,30.0,1,0,1,0,1,0,0,-124.92043588834936,-124.92043588834936,129.76614765945135,80.0
random-s0-0079,prm,cycle,150.0,20.0,30.0,1,0,1,0,1,0,0,-124.92043588834954,-124.92043588834954,132.63175876279757,79.99999999999996
random-s0-0079,prm,cycle,150.0,100.0,30.0,1,0,1,0,1,0,0,-124.92043588834936,-124.92043588834936,129.76614765945135,80.0
random-s0-0079,prm,event,0.0,20.0,30.0,1,0,1,0,1,0,0,-124.92043588834954,-124.92043588834954,128.63163521022074,79.99999999999996
random-s0-0079,prm,event,0.0,100.0,30.0,1,0,1,0,1,0,0,-124.92043588834936,-124.92043588834936,129.76614765945135,80.0
random-s0-0079,prm,event,50.0,20.0,30.0,1,0,0,0,0,0,0,45.52322874559047,45.52322874559047,83.86959055045145,0.0
random-s0-0079,prm,event,50.0,100.0,30.0,1,0,1,0,1,0,0,-124.92043588834936,-124.92043588834936,129.76614765945135,80.0
random-s0-0079,prm,event,150.0,20.0,30.0,1,0,1,0,1,0,0,-124.92043588834954,-124.92043588834954,134.2227720118172,79.99999999999996
random-s0-0079,prm,event,150.0,100.0,30.0,1,0,1,0,1,0,0,-124.92043588834936,-124.92043588834936,129.76614765945135,80.0
random-s0-0079,visibility,once,0.0,20.0,30.0,1,0,1,0,1,0,0,-124.92043588834936,-124.92043588834936,121.18691511273228,80.0
random-s0-0079,visibility,cycle,0.0,20.0,30.0,1,0,1,0,1,0,0,-124.92043588834954,-124.92043588834954,123.51021840195888,79.99999999999996
random-s0-0079,visibility,cycle,0.0,100.0,30.0,1,0,1,0,1,0,0,-124.92043588834936,-124.92043588834936,123.91884749591708,80.0
random-s0-0079,visibility,cycle,50.0,20.0,30.0,1,0,1,0,1,0,0,-27.63746366435069,-27.63746366435069,123.24788684225392,100.0
random-s0-0079,visibility,cycle,50.0,100.0,30.0,1,0,1,0,1,0,0,-124.92043588834936,-124.92043588834936,124.45219192674222,80.0
random-s0-0079,visibility,cycle,150.0,20.0,30.0,1,0,1,0,1,0,0,-124.92043588834954,-124.92043588834954,122.57538003543556,79.99999999999996
random-s0-0079,visibility,cycle,150.0,100.0,30.0,1,0,1,0,1,0,0,-124.92043588834936,-124.92043588834936,122.7841601956377,80.0
random-s0-0079,visibility,event,0.0,20.0,30.0,1,0,1,0,1,0,0,-124.92043588834954,-124.92043588834954,123.76402765428082,79.99999999999996
random-s0-0079,visibility,event,0.0,100.0,30.0,1,0,1,0,1,0,0,-124.92043588834936,-124.92043588834936,123.91884749591708,80.0
random-s0-0079,visibility,event,50.0,20.0,30.0,1,0,1,0,1,0,0,-18.87055090882197,-18.87055090882197,123.57878443940592,100.0
random-s0-0079,visibility,event,50.0,100.0,30.0,1,0,1,0,1,0,0,-124.92043588834936,-124.92043588834936,124.45219192674222,80.0
random-s0-0079,visibility,event,150.0,20.0,30.0,1,0,1,0,1,0,0,-124.92043588834954,-124.92043588834954,124.99607628680076,79.99999999999996
random-s0-0079,visibility,event,150.0,100.0,30.0,1,0,1,0,1,0,0,-124.92043588834936,-124.92043588834936,125.52071573106434,80.0
random-s0-0080,voronoi,once,0.0,20.0,30.0,1,0,1,0,1,0,0,-72.4032488252352,-72.4032488252352,180.03169377513206,40.0
random-s0-0080,voronoi,cycle,0.0,20.0,30.0,1,0,0,0,0,0,0,45.18262612567696,172.82362777007506,45.18262612567696,0.0
random-s0-0080,voronoi,cycle,0.0,100.0,30.0,1,0,0,0,0,0,0,80.72876370145622,80.72876370145622,94.71171794576674,0.0
random-s0-0080,voronoi,cycle,50.0,20.0,30.0,1,0,0,0,0,0,0,35.49429544129967,270.8754881235768,35.49429544129967,0.0
random-s0-0080,voronoi,cycle,50.0,100.0,30.0,1,0,0,0,0,0,0,108.88602815099335,285.35352310479647,108.88602815099335,0.0
random-s0-0080,voronoi,cycle,150.0,20.0,30.0,1,0,0,0,0,0,0,33.43607577269884,502.743468345883,33.43607577269884,0.0
random-s0-0080,voronoi,cycle,150.0,100.0,30.0,1,0,0,0,0,0,0,62.70378999487895,342.4336724106083,62.70378999487895,0.0
random-s0-0080,voronoi,event,0.0,20.0,30.0,1,0,0,0,0,0,0,27.80006110067129,27.80006110067129,40.25398058386625,0.0
random-s0-0080,voronoi,event,0.0,100.0,30.0,1,0,1,0,1,0,0,-7.892607977414343,-7.892607977414343,64.80565031534215,39.9999999999998
random-s0-0080,voronoi,event,50.0,20.0,30.0,1,0,0,0,0,0,0,33.09712137448793,96.42626435290192,33.09712137448793,0.0
random-s0-0080,voronoi,event,50.0,100.0,30.0,1,0,0,0,0,0,0,57.92696151738414,131.62485525104694,57.92696151738414,0.0
random-s0-0080,voronoi,event,150.0,20.0,30.0,1,0,0,0,0,0,0,138.55765111275275,211.9968584614768,138.55765111275275,0.0
random-s0-0080,voronoi,event,150.0,100.0,30.0,1,0,0,0,0,0,0,49.45882039421432,192.54700626300257,49.45882039421432,0.0
random-s0-0080,prm,once,0.0,20.0,30.0,1,0,1,0,1,0,0,-72.4032488252352,-72.4032488252352,159.62311308905407,40.0
random-s0-0080,prm,cycle,0.0,20.0,30.0,1,0,0,0,0,0,0,33.91137221614892,111.36225188946548,33.91137221614892,0.0
random-s0-0080,prm,cycle,0.0,100.0,30.0,1,0,0,0,0,0,0,40.80287676275748,118.16525045196624,40.80287676275748,0.0
random-s0-0080,prm,cycle,50.0,20.0,30.0,1,0,0,0,0,0,0,33.91137221614892,167.2676800793992,33.91137221614892,0.0
random-s0-0080,prm,cycle,50.0,100.0,30.0,1,0,0,0,0,0,0,40.80287676275748,194.7978495387003,40.80287676275748,0.0
random-s0-0080,prm,cycle,150.0,20.0,30.0,1,0,0,0,0,0,0,33.508941912503104,58.63312572509645,33.508941912503104,0.0
random-s0-0080,prm,cycle,150.0,100.0,30.0,1,0,0,0,0,0,0,40.80287676275748,249.74326135442453,40.80287676275748,0.0
random-s0-0080,prm,event,0.0,20.0,30.0,1,0,0,0,0,0,0,33.91137221614892,174.3576478476483,33.91137221614892,0.0
random-s0-0080,prm,event,0.0,100.0,30.0,1,0,0,0,0,0,0,40.80287676275748,234.78269402577803,40.80287676275748,0.0
random-s0-0080,prm,event,50.0,20.0,30.0,1,0,0,0,0,0,0,33.91137221614892,221.28688373488325,33.91137221614892,0.0
random-s0-0080,prm,event,50.0,100.0,30.0,1,0,0,0,0,0,0,40.80287676275748,217.28252435153416,40.80287676275748,0.0
random-s0-0080,prm,event,150.0,20.0,30.0,1,0,0,0,0,0,0,30.218002576766565,30.218002576766565,33.91137221614892,0.0
random-s0-0080,prm,event,150.0,100.0,30.0,1,0,0,0,0,0,0,40.80287676275748,249.74326135442453,40.80287676275748,0.0
random-s0-0080,visibility,once,0.0,20.0,30.0,1,0,2,0,2,0,0,-108.26502964455192,-108.26502964455192,52.4485428549271,279.99999999999994
random-s0-0080,visibility,cycle,0.0,20.0,30.0,1,0,0,0,0,0,0,26.36060024742372,26.36060024742372,30.34558816606824,0.0
random-s0-0080,visibility,cycle,0.0,100.0,30.0,1,0,0,0,0,0,0,27.14471364272012,27.14471364272012,31.70947441697834,0.0
random-s0-0080,visibility,cycle,50.0,20.0,30.0,1,0,0,0,0,0,0,30.34558816606824,39.40037601904592,30.34558816606824,0.0
random-s0-0080,visibility,cycle,50.0,100.0,30.0,1,0,0,0,0,0,0,31.70947441697834,38.30942926158383,31.70947441697834,0.0
random-s0-0080,visibility,cycle,150.0,20.0,30.0,1,0,0,0,0,0,0,9.735006392658477,21.25266107242584,9.735006392658477,0.0
random-s0-0080,visibility,cycle,150.0,100.0,30.0,1,0,0,0,0,0,0,8.154606318345003,21.41172590423889,8.154606318345003,0.0
random-s0-0080,visibility,event,0.0,20.0,30.0,1,0,0,0,0,0,0,30.34558816606824,33.10240385266263,30.34558816606824,0.0
random-s0-0080,visibility,event,0.0,100.0,30.0,1,0,0,0,0,0,0,31.70947441697834,39.461128904246976,31.70947441697834,0.0
random-s0-0080,visibility,event,50.0,20.0,30.0,1,0,0,0,0,0,0,30.34558816606824,50.8913883327705,30.34558816606824,0.0
random-s0-0080,visibility,event,50.0,100.0,30.0,1,0,0,0,0,0,0,31.70947441697834,64.07771531319486,31.70947441697834,0.0
random-s0-0080,visibility,event,150.0,20.0,30.0,1,0,0,0,0,0,0,13.572218667379929,30.879863049215544,13.572218667379929,0.0
random-s0-0080,visibility,event,150.0,100.0,30.0,1,0,1,1,0,0,1,-26.41274733791573,15.130135679766624,-26.41274733791573,80.0
random-s0-0081,voronoi,once,0.0,20.0,30.0,1,0,1,0,1,0,0,-152.3255997951835,-152.3255997951835,36.78932075961424,100.0
random-s0-0081,voronoi,cycle,0.0,20.0,30.0,1,0,0,0,0,0,0,36.78932075961404,176.32458630752564,36.78932075961404,0.0
random-s0-0081,voronoi,cycle,0.0,100.0,30.0,1,0,0,0,0,0,0,36.78932075961424,160.96549315019297,36.78932075961424,0.0
random-s0-0081,voronoi,cycle,50.0,20.0,30.0,1,0,0,0,0,0,0,36.78932075961404,355.56150249529423,36.78932075961404,0.0
random-s0-0081,voronoi,cycle,50.0,100.0,30.0,1,0,0,0,0,0,0,36.78932075961424,201.1109866339324,36.78932075961424,0.0
random-s0-0081,voronoi,cycle,150.0,20.0,30.0,1,0,0,0,0,0,0,36.78932075961404,441.7307918563978,36.78932075961404,0.0
random-s0-0081,voronoi,cycle,150.0,100.0,30.0,1,0,0,0,0,0,0,36.78932075961424,201.1109866339324,36.78932075961424,0.0
random-s0-0081,voronoi,event,0.0,20.0,30.0,1,0,0,0,0,0,0,36.78932075961404,260.5714723038347,36.78932075961404,0.0
random-s0-0081,voronoi,event,0.0,100.0,30.0,1,0,0,0,0,0,0,36.78932075961424,160.96549315019297,36.78932075961424,0.0
random-s0-0081,voronoi,event,50.0,20.0,30.0,1,0,0,0,0,0,0,36.78932075961404,398.4786073144779,36.78932075961404,0.0
random-s0-0081,voronoi,event,50.0,100.0,30.0,1,0,0,0,0,0,0,36.78932075961424,201.1109866339324,36.78932075961424,0.0
random-s0-0081,voronoi,event,150.0,20.0,30.0,1,0,0,0,0,0,0,36.78932075961404,446.920710852641,36.78932075961404,0.0
random-s0-0081,voronoi,event,150.0,100.0,30.0,1,0,0,0,0,0,0,36.78932075961424,201.1109866339324,36.78932075961424,0.0
random-s0-0081,prm,once,0.0,20.0,30.0,1,0,1,0,1,0,0,-40.274067587321525,-40.274067587321525,36.78932075961424,60.0
random-s0-0081,prm,cycle,0.0,20.0,30.0,1,0,0,0,0,0,0,36.78932075961404,242.30084618483653,36.78932075961404,0.0
random-s0-0081,prm,cycle,0.0,100.0,30.0,1,0,0,0,0,0,0,36.78932075961424,311.1332143175828,36.78932075961424,0.0
random-s0-0081,prm,cycle,50.0,20.0,30.0,1,0,0,0,0,0,0,36.78932075961404,459.9534017170446,36.78932075961404,0.0
random-s0-0081,prm,cycle,50.0,100.0,30.0,1,0,0,0,0,0,0,36.78932075961424,494.5296694975133,36.78932075961424,0.0
random-s0-0081,prm,cycle,150.0,20.0,30.0,1,0,0,0,0,0,0,30.987332485692008,301.0363577047375,30.987332485692008,0.0
random-s0-0081,prm,cycle,150.0,100.0,30.0,1,0,1,0,1,0,0,-40.274067587321525,-40.274067587321525,36.78932075961424,60.0
random-s0-0081,prm,event,0.0,20.0,30.0,1,0,0,0,0,0,0,36.78932075961404,213.29304483113577,36.78932075961404,0.0
random-s0-0081,prm,event,0.0,100.0,30.0,1,0,0,0,0,0,0,36.78932075961424,203.93166548157404,36.78932075961424,0.0
random-s0-0081,prm,event,50.0,20.0,30.0,1,0,0,0,0,0,0,36.78932075961404,469.4960874633185,36.78932075961404,0.0
random-s0-0081,prm,event,50.0,100.0,30.0,1,0,0,0,0,0,0,36.78932075961424,476.2575027013561,36.78932075961424,0.0
random-s0-0081,prm,event,150.0,20.0,30.0,1,0,0,0,0,0,0,36.78932075961404,301.0363577047375,36.78932075961404,0.0
random-s0-0081,prm,event,150.0,100.0,30.0,1,0,1,0,1,0,0,-40.274067587321525,-40.274067587321525,36.78932075961424,60.0
random-s0-0081,visibility,once,0.0,20.0,30.0,1,0,0,0,0,0,0,36.78932075961424,81.8303850797459,36.78932075961424,0.0
random-s0-0081,visibility,cycle,0.0,20.0,30.0,1,0,0,0,0,0,0,36.78932075961404,380.3973541597469,36.78932075961404,0.0
random-s0-0081,visibility,cycle,0.0,100.0,30.0,1,0,0,0,0,0,0,36.78932075961424,380.2639301964656,36.78932075961424,0.0
random-s0-0081,visibility,cycle,50.0,20.0,30.0,1,0,0,0,0,0,0,36.78932075961404,420.9840446144402,36.78932075961404,0.0
random-s0-0081,visibility,cycle,50.0,100.0,30.0,1,0,0,0,0,0,0,36.78932075961424,345.3982386021604,36.78932075961424,0.0
random-s0-0081,visibility,cycle,150.0,20.0,30.0,1,0,0,0,0,0,0,13.46267344185634,81.8303850797459,13.46267344185634,0.0
random-s0-0081,visibility,cycle,150.0,100.0,30.0,1,0,0,0,0,0,0,6.391700726632905,109.3098170680039,6.391700726632905,0.0
random-s0-0081,visibility,event,0.0,20.0,30.0,1,0,0,0,0,0,0,36.78932075961404,387.8120605467202,36.78932075961404,0.0
random-s0-0081,visibility,event,0.0,100.0,30.0,1,0,0,0,0,0,0,36.78932075961424,380.2639301964656,36.78932075961424,0.0
random-s0-0081,visibility,event,50.0,20.0,30.0,1,0,0,0,0,0,0,36.78932075961404,444.2428893796264,36.78932075961404,0.0
random-s0-0081,visibility,event,50.0,100.0,30.0,1,0,0,0,0,0,0,36.78932075961424,345.3982386021604,36.78932075961424,0.0
random-s0-0081,visibility,event,150.0,20.0,30.0,1,0,1,0,1,0,0,-15.707009055803011,-15.707009055803011,13.46267344185634,40.0
random-s0-0081,visibility,event,150.0,100.0,30.0,1,0,0,0,0,0,0,6.391700726632905,109.3098170680039,6.391700726632905,0.0
random-s0-0082,voronoi,once,0.0,20.0,30.0,1,0,1,1,0,1,0,-38.01011470365936,21.93115832213263,-38.01011470365936,259.99999999999994
random-s0-0082,voronoi,cycle,0.0,20.0,30.0,1,0,1,1,0,1,0,-38.01011470365936,266.35110886739096,-38.01011470365936,259.99999999999994
random-s0-0082,voronoi,cycle,0.0,100.0,30.0,1,0,1,1,0,1,0,-38.01011470365978,266.3511088673909,-38.01011470365978,259.9999999999997
random-s0-0082,voronoi,cycle,50.0,20.0,30.0,1,0,1,1,0,1,0,-38.01011470365936,311.4058753477499,-38.01011470365936,259.99999999999994
random-s0-0082,voronoi,cycle,50.0,100.0,30.0,1,0,1,1,0,1,0,-38.01011470365978,266.3511088673909,-38.01011470365978,259.9999999999997
random-s0-0082,voronoi,cycle,150.0,20.0,30.0,1,0,0,0,0,0,0,35.94721574544849,365.80374803623727,35.94721574544849,0.0
random-s0-0082,voronoi,cycle,150.0,100.0,30.0,1,0,0,0,0,0,0,46.9037388999013,331.77412743203195,46.9037388999013,0.0
random-s0-0082,voronoi,event,0.0,20.0,30.0,1,0,1,1,0,1,0,-38.01011470365936,266.35110886739096,-38.01011470365936,259.99999999999994
random-s0-0082,voronoi,event,0.0,100.0,30.0,1,0,1,1,0,1,0,-38.01011470365978,266.3511088673909,-38.01011470365978,259.9999999999997
random-s0-0082,voronoi,event,50.0,20.0,30.0,1,0,1,1,0,1,0,-38.01011470365936,311.4058753477499,-38.01011470365936,259.99999999999994
random-s0-0082,voronoi,event,50.0,100.0,30.0,1,0,1,1,0,1,0,-38.01011470365978,258.8939680441289,-38.01011470365978,259.9999999999997
random-s0-0082,voronoi,event,150.0,20.0,30.0,1,0,0,0,0,0,0,42.11435002449488,300.9835681575286,42.11435002449488,0.0
random-s0-0082,voronoi,event,150.0,100.0,30.0,1,0,0,0,0,0,0,49.54656184552391,331.77412743203195,49.54656184552391,0.0
random-s0-0082,prm,once,0.0,20.0,30.0,1,0,2,1,1,1,0,-135.19211259142284,-135.19211259142284,-38.01011470365936,500.0000000000001
random-s0-0082,prm,cycle,0.0,20.0,30.0,1,0,2,2,0,2,0,-38.01011470365936,266.35110886739096,-38.01011470365936,359.99999999999994
random-s0-0082,prm,cycle,0.0,100.0,30.0,1,0,2,2,0,1,1,-65.6185896945008,266.3511088673909,-65.6185896945008,419.9999999999997
random-s0-0082,prm,cycle,50.0,20.0,30.0,1,0,1,1,0,1,0,-38.01011470365936,279.5457375714804,-38.01011470365936,259.99999999999994
random-s0-0082,prm,cycle,50.0,100.0,30.0,1,0,1,1,0,1,0,-38.01011470365978,266.3511088673909,-38.01011470365978,259.9999999999997
random-s0-0082,prm,cycle,150.0,20.0,30.0,1,0,1,1,0,1,0,-38.01011470365936,423.0769375073162,-38.01011470365936,259.99999999999994
random-s0-0082,prm,cycle,150.0,100.0,30.0,1,0,1,1,0,1,0,-38.01011470365978,331.77412743203195,-38.01011470365978,259.9999999999997
random-s0-0082,prm,event,0.0,20.0,30.0,1,0,1,1,0,1,0,-38.01011470365936,266.35110886739096,-38.01011470365936,259.99999999999994
random-s0-0082,prm,event,0.0,100.0,30.0,1,0,2,2,0,2,0,-38.01011470365978,266.3511088673909,-38.01011470365978,319.9999999999997
random-s0-0082,prm,event,50.0,20.0,30.0,1,0,1,1,0,1,0,-38.01011470365936,279.5457375714804,-38.01011470365936,259.99999999999994
random-s0-0082,prm,event,50.0,100.0,30.0,1,0,1,1,0,1,0,-38.01011470365978,266.3511088673909,-38.01011470365978,259.9999999999997
random-s0-0082,prm,event,150.0,20.0,30.0,1,0,1,1,0,1,0,-38.01011470365936,423.0769375073162,-38.01011470365936,259.99999999999994
random-s0-0082,prm,event,150.0,100.0,30.0,1,0,1,1,0,1,0,-38.01011470365978,240.3555515838285,-38.01011470365978,259.9999999999997
random-s0-0082,visibility,once,0.0,20.0,30.0,1,0,1,1,0,1,0,-38.01011470365936,266.3511088673909,-38.01011470365936,259.99999999999994
random-s0-0082,visibility,cycle,0.0,20.0,30.0,1,0,1,1,0,1,0,-38.01011470365936,266.35110886739096,-38.01011470365936,259.99999999999994
random-s0-0082,visibility,cycle,0.0,100.0,30.0,1,0,1,1,0,1,0,-38.01011470365978,266.3511088673909,-38.01011470365978,259.9999999999997
random-s0-0082,visibility,cycle,50.0,20.0,30.0,1,0,1,1,0,1,0,-38.01011470365936,266.35110886739096,-38.01011470365936,259.99999999999994
random-s0-0082,visibility,cycle,50.0,100.0,30.0,1,0,1,1,0,1,0,-38.01011470365978,266.3511088673909,-38.01011470365978,259.9999999999997
random-s0-0082,visibility,cycle,150.0,20.0,30.0,1,0,1,1,0,1,0,-38.01011470365936,131.43663286255685,-38.01011470365936,259.99999999999994
random-s0-0082,visibility,cycle,150.0,100.0,30.0,1,0,1,1,0,1,0,-38.01011470365978,226.70531509005716,-38.01011470365978,259.9999999999997
random-s0-0082,visibility,event,0.0,20.0,30.0,1,0,1,1,0,1,0,-38.01011470365936,266.35110886739096,-38.01011470365936,259.99999999999994
random-s0-0082,visibility,event,0.0,100.0,30.0,1,0,1,1,0,1,0,-38.01011470365978,266.3511088673909,-38.01011470365978,259.9999999999997
random-s0-0082,visibility,event,50.0,20.0,30.0,1,0,1,1,0,1,0,-38.01011470365936,266.35110886739096,-38.01011470365936,259.99999999999994
random-s0-0082,visibility,event,50.0,100.0,30.0,1,0,1,1,0,1,0,-38.01011470365978,266.3511088673909,-38.01011470365978,259.9999999999997
random-s0-0082,visibility,event,150.0,20.0,30.0,1,0,1,1,0,1,0,-38.01011470365936,34.35916078847049,-38.01011470365936,259.99999999999994
random-s0-0082,visibility,event,150.0,100.0,30.0,1,0,1,1,0,1,0,-38.01011470365978,47.22074855043744,-38.01011470365978,259.9999999999997
random-s0-0083,voronoi,once,0.0,20.0,30.0,1,0,2,0,2,0,0,-140.00585343417623,-140.00585343417623,16.392747305282427,279.99999999999994
random-s0-0083,voronoi,cycle,0.0,20.0,30.0,1,0,0,0,0,0,0,29.710504570330897,29.710504570330897,62.77532966355673,0.0
random-s0-0083,voronoi,cycle,0.0,100.0,30.0,1,0,0,0,0,0,0,35.351215460262665,35.351215460262665,88.01335875455499,0.0
random-s0-0083,voronoi,cycle,50.0,20.0,30.0,1,0,0,0,0,0,0,41.17050156758111,41.17050156758111,75.57000419507943,0.0
random-s0-0083,voronoi,cycle,50.0,100.0,30.0,1,0,0,0,0,0,0,46.12409777800943,46.12409777800943,92.2942416654828,0.0
random-s0-0083,voronoi,cycle,150.0,20.0,30.0,1,0,0,0,0,0,0,47.367128676039385,47.367128676039385,107.1063317024288,0.0
random-s0-0083,voronoi,cycle,150.0,100.0,30.0,1,0,0,0,0,0,0,59.82711945654793,59.82711945654793,73.81628312399187,0.0
random-s0-0083,voronoi,event,0.0,20.0,30.0,1,0,0,0,0,0,0,30.484537871190724,30.484537871190724,42.25121030737719,0.0
random-s0-0083,voronoi,event,0.0,100.0,30.0,1,0,0,0,0,0,0,43.25978138874484,43.25978138874484,48.007409774725886,0.0
random-s0-0083,voronoi,event,50.0,20.0,30.0,1,0,0,0,0,0,0,37.30946390103165,37.30946390103165,44.24046960145978,0.0
random-s0-0083,voronoi,event,50.0,100.0,30.0,1,0,0,0,0,0,0,36.400658213942535,36.400658213942535,48.007409774725886,0.0
random-s0-0083,voronoi,event,150.0,20.0,30.0,1,0,0,0,0,0,0,10.149606865738347,36.66613598338657,10.149606865738347,0.0
random-s0-0083,voronoi,event,150.0,100.0,30.0,1,0,0,0,0,0,0,47.20793669698216,47.20793669698216,63.65534016014991,0.0
random-s0-0083,prm,once,0.0,20.0,30.0,1,0,1,0,1,0,0,-81.47111136128869,-81.47111136128869,168.45264141028883,60.0
random-s0-0083,prm,cycle,0.0,20.0,30.0,1,0,1,0,1,0,0,-65.78563171832805,-65.78563171832805,53.47913131180337,759.9999999999851
random-s0-0083,prm,cycle,0.0,100.0,30.0,1,0,1,0,1,0,0,-63.07377413636458,-63.07377413636458,49.9697463219907,760.0000000000003
random-s0-0083,prm,cycle,50.0,20.0,30.0,1,0,1,0,1,0,0,-64.17029563337523,-64.17029563337523,34.39478890530805,760.0000000000003
random-s0-0083,prm,cycle,50.0,100.0,30.0,1,0,0,0,0,0,0,37.2671621665634,51.70357197104266,37.2671621665634,0.0
random-s0-0083,prm,cycle,150.0,20.0,30.0,1,0,1,0,1,0,0,-69.44365165519915,-69.44365165519915,43.31101513441223,1599.999999999997
random-s0-0083,prm,cycle,150.0,100.0,30.0,1,0,0,0,0,0,0,36.95175683785212,36.95175683785212,59.98673133078327,0.0
random-s0-0083,prm,event,0.0,20.0,30.0,1,0,1,0,1,0,0,-69.83421433941913,-69.83421433941913,48.53488056809098,780.0000000000003
random-s0-0083,prm,event,0.0,100.0,30.0,1,0,1,0,1,0,0,-62.71384024011496,-62.71384024011496,86.9199692414528,760.0000000000003
random-s0-0083,prm,event,50.0,20.0,30.0,1,0,0,0,0,0,0,32.41502749269074,32.41502749269074,37.62191015961497,0.0
random-s0-0083,prm,event,50.0,100.0,30.0,1,0,0,0,0,0,0,50.75833061553243,83.55689498027704,50.75833061553243,0.0
random-s0-0083,prm,event,150.0,20.0,30.0,1,0,0,0,0,0,0,34.13332205921819,34.13332205921819,37.62191015961497,0.0
random-s0-0083,prm,event,150.0,100.0,30.0,1,0,0,0,0,0,0,87.86137511302235,87.86137511302235,130.70744500816107,0.0
random-s0-0083,visibility,once,0.0,20.0,30.0,1,0,1,0,1,0,0,-81.47111136128869,-81.47111136128869,23.426342102531976,60.0
random-s0-0083,visibility,cycle,0.0,20.0,30.0,1,0,0,0,0,0,0,22.541928008460047,35.278021815968884,22.541928008460047,0.0
random-s0-0083,visibility,cycle,0.0,100.0,30.0,1,0,0,0,0,0,0,25.676829118672345,27.2446736685676,25.676829118672345,0.0
random-s0-0083,visibility,cycle,50.0,20.0,30.0,1,0,0,0,0,0,0,6.524736028580179,6.524736028580179,21.393512658221425,0.0
random-s0-0083,visibility,cycle,50.0,100.0,30.0,1,0,1,0,1,0,0,-107.59608534005326,-107.59608534005326,23.426342102532004,419.9999999999997
random-s0-0083,visibility,cycle,150.0,20.0,30.0,1,0,0,0,0,0,0,13.437515359737064,29.6019903911878,13.437515359737064,0.0
random-s0-0083,visibility,cycle,150.0,100.0,30.0,1,0,0,0,0,0,0,4.014536818883926,4.014536818883926,23.67053400774074,0.0
random-s0-0083,visibility,event,0.0,20.0,30.0,1,0,0,0,0,0,0,1.1613690187093368,33.02880751740571,1.1613690187093368,0.0
random-s0-0083,visibility,event,0.0,100.0,30.0,1,0,1,0,1,0,0,-128.89829775345495,-128.89829775345495,23.426342102532004,279.9999999999998
random-s0-0083,visibility,event,50.0,20.0,30.0,1,0,0,0,0,0,0,23.426342102531976,35.115098825708515,23.426342102531976,0.0
random-s0-0083,visibility,event,50.0,100.0,30.0,1,0,0,0,0,0,0,23.426342102532004,34.23158488738548,23.426342102532004,0.0
random-s0-0083,visibility,event,150.0,20.0,30.0,1,0,0,0,0,0,0,10.60959558533952,10.60959558533952,17.69928158347605,0.0
random-s0-0083,visibility,event,150.0,100.0,30.0,1,0,1,0,1,0,0,-72.01480351263444,-72.01480351263444,23.639666152373024,200.0
random-s0-0084,voronoi,once,0.0,20.0,30.0,1,0,1,1,0,0,1,-163.41253226707116,42.59410636790227,-163.41253226707116,300.0
random-s0-0084,voronoi,cycle,0.0,20.0,30.0,1,0,0,0,0,0,0,37.71576057444642,37.71576057444642,41.21551338573437,0.0
random-s0-0084,voronoi,cycle,0.0,100.0,30.0,1,0,0,0,0,0,0,70.09339168201632,70.09339168201632,92.62664419494467,0.0
random-s0-0084,voronoi,cycle,50.0,20.0,30.0,1,0,0,0,0,0,0,36.81511980198852,420.1046010893416,36.81511980198852,0.0
random-s0-0084,voronoi,cycle,50.0,100.0,30.0,1,0,0,0,0,0,0,39.553444527467406,124.4788795668062,39.553444527467406,0.0
random-s0-0084,voronoi,cycle,150.0,20.0,30.0,1,0,0,0,0,0,0,47.52030301397917,227.85389267576733,47.52030301397917,0.0
random-s0-0084,voronoi,cycle,150.0,100.0,30.0,1,0,0,0,0,0,0,57.874776125360654,451.470276471858,57.874776125360654,0.0
random-s0-0084,voronoi,event,0.0,20.0,30.0,1,0,0,0,0,0,0,23.3780104260496,23.3780104260496,42.90085973439725,0.0
random-s0-0084,voronoi,event,0.0,100.0,30.0,1,0,0,0,0,0,0,70.09339168201632,70.09339168201632,83.75924155996205,0.0
random-s0-0084,voronoi,event,50.0,20.0,30.0,1,0,0,0,0,0,0,42.34499815658927,460.4576172418582,42.34499815658927,0.0
random-s0-0084,voronoi,event,50.0,100.0,30.0,1,0,0,0,0,0,0,76.37994132423353,411.69699569613874,76.37994132423353,0.0
random-s0-0084,voronoi,event,150.0,20.0,30.0,1,0,0,0,0,0,0,38.95008783821126,192.07972338163813,38.95008783821126,0.0
random-s0-0084,voronoi,event,150.0,100.0,30.0,1,0,0,0,0,0,0,41.94669062964505,575.411969898478,41.94669062964505,0.0
random-s0-0084,prm,once,0.0,20.0,30.0,1,0,0,0,0,0,0,96.70819791029264,96.70819791029264,134.36383322577117,0.0
random-s0-0084,prm,cycle,0.0,20.0,30.0,1,0,0,0,0,0,0,32.85605401776499,110.3113843429017,32.85605401776499,0.0
random-s0-0084,prm,cycle,0.0,100.0,30.0,1,0,0,0,0,0,0,42.03421261509277,152.49605595824505,42.03421261509277,0.0
random-s0-0084,prm,cycle,50.0,20.0,30.0,1,0,0,0,0,0,0,32.85605401776499,246.86255063777745,32.85605401776499,0.0
random-s0-0084,prm,cycle,50.0,100.0,30.0,1,0,1,1,0,1,0,-78.17091295977893,469.7899095030248,-78.17091295977893,639.9999999999999
random-s0-0084,prm,cycle,150.0,20.0,30.0,1,0,0,0,0,0,0,34.72468727855079,558.655808250882,34.72468727855079,0.0
random-s0-0084,prm,cycle,150.0,100.0,30.0,1,0,0,0,0,0,0,50.50252641065492,653.6830440880082,50.50252641065492,0.0
random-s0-0084,prm,event,0.0,20.0,30.0,1,0,0,0,0,0,0,32.69889344487572,215.42546740548775,32.69889344487572,0.0
random-s0-0084,prm,event,0.0,100.0,30.0,1,0,0,0,0,0,0,36.98975499651735,251.6998112433829,36.98975499651735,0.0
random-s0-0084,prm,event,50.0,20.0,30.0,1,0,0,0,0,0,0,32.69889344487572,319.30725124908525,32.69889344487572,0.0
random-s0-0084,prm,event,50.0,100.0,30.0,1,0,0,0,0,0,0,36.98975499651735,345.5474200849369,36.98975499651735,0.0
random-s0-0084,prm,event,150.0,20.0,30.0,1,0,0,0,0,0,0,32.69889344487572,608.9371612048218,32.69889344487572,0.0
random-s0-0084,prm,event,150.0,100.0,30.0,1,0,0,0,0,0,0,36.98975499651735,558.2782064944901,36.98975499651735,0.0
random-s0-0084,visibility,once,0.0,20.0,30.0,1,0,0,0,0,0,0,37.83789899589155,96.70819791029264,37.83789899589155,0.0
random-s0-0084,visibility,cycle,0.0,20.0,30.0,1,0,0,0,0,0,0,31.27275517498981,45.84988810959672,31.27275517498981,0.0
random-s0-0084,visibility,cycle,0.0,100.0,30.0,1,0,1,0,1,0,0,-11.699541535097753,-11.699541535097753,31.94631008466007,20.0
random-s0-0084,visibility,cycle,50.0,20.0,30.0,1,0,0,0,0,0,0,31.27275517498981,148.749774679886,31.27275517498981,0.0
random-s0-0084,visibility,cycle,50.0,100.0,30.0,1,0,1,0,1,0,0,-90.13539973951268,-90.13539973951268,31.94631008466007,240.0
random-s0-0084,visibility,cycle,150.0,20.0,30.0,1,0,1,0,1,0,0,-1.0061811353641303,-1.0061811353641303,30.272662070814505,20.0
random-s0-0084,visibility,cycle,150.0,100.0,30.0,1,0,0,0,0,0,0,34.587610236841044,96.7081979102926,34.587610236841044,0.0
random-s0-0084,visibility,event,0.0,20.0,30.0,1,0,0,0,0,0,0,31.27275517498981,51.92570371125754,31.27275517498981,0.0
random-s0-0084,visibility,event,0.0,100.0,30.0,1,0,1,0,1,0,0,-11.699541535097753,-11.699541535097753,31.94631008466007,20.0
random-s0-0084,visibility,event,50.0,20.0,30.0,1,0,0,0,0,0,0,31.27275517498981,108.05561870377107,31.27275517498981,0.0
random-s0-0084,visibility,event,50.0,100.0,30.0,1,0,1,0,1,0,0,-34.75937624827532,-34.75937624827532,31.94631008466007,440.00000000000006
random-s0-0084,visibility,event,150.0,20.0,30.0,1,0,1,0,1,0,0,-4.319652810944291,-4.319652810944291,30.620458663418106,20.0
random-s0-0084,visibility,event,150.0,100.0,30.0,1,0,0,0,0,0,0,48.37669913956353,96.7081979102926,48.37669913956353,0.0
random-s0-0085,voronoi,once,0.0,20.0,30.0,1,0,3,1,2,0,1,-150.90094507541414,-150.90094507541414,-88.80718505772636,380.00000000000006
random-s0-0085,voronoi,cycle,0.0,20.0,30.0,1,0,0,0,0,0,0,34.38576433542991,238.5723799957016,34.38576433542991,0.0
random-s0-0085,voronoi,cycle,0.0,100.0,30.0,1,0,0,0,0,0,0,58.0654347399194,208.64238156569417,58.0654347399194,0.0
random-s0-0085,voronoi,cycle,50.0,20.0,30.0,1,0,0,0,0,0,0,48.19425674538442,259.0568410257966,48.19425674538442,0.0
random-s0-0085,voronoi,cycle,50.0,100.0,30.0,1,0,0,0,0,0,0,65.47942127562777,299.07456658666536,65.47942127562777,0.0
random-s0-0085,voronoi,cycle,150.0,20.0,30.0,1,0,0,0,0,0,0,34.86236350994622,251.0551278837073,34.86236350994622,0.0
random-s0-0085,voronoi,cycle,150.0,100.0,30.0,1,0,0,0,0,0,0,146.07716006839695,199.38266282700025,146.07716006839695,0.0
random-s0-0085,voronoi,event,0.0,20.0,30.0,1,0,0,0,0,0,0,49.83252439253985,125.05613193215156,49.83252439253985,0.0
random-s0-0085,voronoi,event,0.0,100.0,30.0,1,0,0,0,0,0,0,49.83252439253994,207.9658248610837,49.83252439253994,0.0
random-s0-0085,voronoi,event,50.0,20.0,30.0,1,0,0,0,0,0,0,49.83252439253985,104.80820683963094,49.83252439253985,0.0
random-s0-0085,voronoi,event,50.0,100.0,30.0,1,0,0,0,0,0,0,49.83252439253994,286.747144699468,49.83252439253994,0.0
random-s0-0085,voronoi,event,150.0,20.0,30.0,1,0,0,0,0,0,0,31.35636545022217,252.3775542812624,31.35636545022217,0.0
random-s0-0085,voronoi,event,150.0,100.0,30.0,1,0,0,0,0,0,0,26.30728193622033,263.2450838998231,26.30728193622033,0.0
random-s0-0085,prm,once,0.0,20.0,30.0,1,0,2,0,2,0,0,-35.35240934296033,-35.35240934296033,70.67683796020955,160.0
random-s0-0085,prm,cycle,0.0,20.0,30.0,1,0,0,0,0,0,0,37.37544074366991,209.5945903838675,37.37544074366991,0.0
random-s0-0085,prm,cycle,0.0,100.0,30.0,1,0,0,0,0,0,0,69.1092499740264,341.34202698949605,69.1092499740264,0.0
random-s0-0085,prm,cycle,50.0,20.0,30.0,1,0,0,0,0,0,0,35.65938338396657,349.15236596377906,35.65938338396657,0.0
random-s0-0085,prm,cycle,50.0,100.0,30.0,1,0,0,0,0,0,0,69.69211217477311,354.8635423235386,69.69211217477311,0.0
random-s0-0085,prm,cycle,150.0,20.0,30.0,1,0,0,0,0,0,0,54.837767702913766,351.6766938103656,54.837767702913766,0.0
random-s0-0085,prm,cycle,150.0,100.0,30.0,1,0,0,0,0,0,0,45.148967803784586,351.7364299000884,45.148967803784586,0.0
random-s0-0085,prm,event,0.0,20.0,30.0,1,0,0,0,0,0,0,35.15852621398736,226.9978923985988,35.15852621398736,0.0
random-s0-0085,prm,event,0.0,100.0,30.0,1,0,0,0,0,0,0,54.33599104468104,261.1537795636581,54.33599104468104,0.0
random-s0-0085,prm,event,50.0,20.0,30.0,1,0,0,0,0,0,0,63.108313253613886,349.99975947704274,63.108313253613886,0.0
random-s0-0085,prm,event,50.0,100.0,30.0,1,0,0,0,0,0,0,69.11422471158536,355.43013351236243,69.11422471158536,0.0
random-s0-0085,prm,event,150.0,20.0,30.0,1,0,0,0,0,0,0,54.837767702913766,220.42826514496937,54.837767702913766,0.0
random-s0-0085,prm,event,150.0,100.0,30.0,1,0,0,0,0,0,0,68.91474634088607,351.1041869117328,68.91474634088607,0.0
random-s0-0085,visibility,once,0.0,20.0,30.0,1,0,1,0,1,0,0,-71.92040008572745,-71.92040008572745,42.62931236749984,100.0
random-s0-0085,visibility,cycle,0.0,20.0,30.0,1,0,1,0,1,0,0,-4.864664150996759,-4.864664150996759,31.21799262680483,20.0
random-s0-0085,visibility,cycle,0.0,100.0,30.0,1,0,0,0,0,0,0,1.876874359120137,1.876874359120137,31.217992626804914,0.0
random-s0-0085,visibility,cycle,50.0,20.0,30.0,1,0,1,0,1,0,0,-52.00416244768712,-52.00416244768712,34.557136574595205,259.99999999999994
random-s0-0085,visibility,cycle,50.0,100.0,30.0,1,0,1,0,1,0,0,-63.095074936186535,-63.095074936186535,31.217992626804914,240.0
random-s0-0085,visibility,cycle,150.0,20.0,30.0,1,0,0,0,0,0,0,2.615180171939386,42.08026868506164,2.615180171939386,0.0
random-s0-0085,visibility,cycle,150.0,100.0,30.0,1,0,1,1,0,0,1,-6.1878904134385095,33.17016788305685,-6.1878904134385095,20.0
random-s0-0085,visibility,event,0.0,20.0,30.0,1,0,1,0,1,0,0,-4.864664150996759,-4.864664150996759,31.21799262680483,20.0
random-s0-0085,visibility,event,0.0,100.0,30.0,1,0,0,0,0,0,0,1.876874359120137,1.876874359120137,31.217992626804914,0.0
random-s0-0085,visibility,event,50.0,20.0,30.0,1,0,1,0,1,0,0,-56.754512539678686,-56.754512539678686,31.21799262680483,259.99999999999994
random-s0-0085,visibility,event,50.0,100.0,30.0,1,0,1,0,1,0,0,-63.095074936186535,-63.095074936186535,31.217992626804914,240.0
random-s0-0085,visibility,event,150.0,20.0,30.0,1,0,0,0,0,0,0,1.3637826649567444,1.3637826649567444,61.80750185541911,0.0
random-s0-0085,visibility,event,150.0,100.0,30.0,1,0,1,0,1,0,0,-71.92040008572735,-71.92040008572735,42.62931236749995,100.0
random-s0-0086,voronoi,once,0.0,20.0,30.0,1,0,1,1,0,1,0,-24.179748136285557,80.62917705194394,-24.179748136285557,400.00000000000006
random-s0-0086,voronoi,cycle,0.0,20.0,30.0,1,0,0,0,0,0,0,6.623822072998848,116.05646329243172,6.623822072998848,0.0
random-s0-0086,voronoi,cycle,0.0,100.0,30.0,1,0,0,0,0,0,0,52.49863092829986,52.49863092829986,80.14100725562662,0.0
random-s0-0086,voronoi,cycle,50.0,20.0,30.0,1,0,0,0,0,0,0,37.12008525038263,129.13493196241524,37.12008525038263,0.0
random-s0-0086,voronoi,cycle,50.0,100.0,30.0,1,0,0,0,0,0,0,96.92126814493702,96.92126814493702,117.5386033072873,0.0
random-s0-0086,voronoi,cycle,150.0,20.0,30.0,1,0,0,0,0,0,0,88.66312970294427,153.3963180534755,88.66312970294427,0.0
random-s0-0086,voronoi,cycle,150.0,100.0,30.0,1,0,1,0,1,0,0,-55.64181762207426,-55.64181762207426,369.39551556139736,199.99999999999983
random-s0-0086,voronoi,event,0.0,20.0,30.0,1,0,0,0,0,0,0,22.867438913754626,22.867438913754626,211.53971788038515,0.0
random-s0-0086,voronoi,event,0.0,100.0,30.0,1,0,0,0,0,0,0,10.815975882933143,149.1839731316972,10.815975882933143,0.0
random-s0-0086,voronoi,event,50.0,20.0,30.0,1,0,0,0,0,0,0,51.61578359442254,143.26615192034978,51.61578359442254,0.0
random-s0-0086,voronoi,event,50.0,100.0,30.0,1,0,0,0,0,0,0,9.467713383613784,115.43033758173766,9.467713383613784,0.0
random-s0-0086,voronoi,event,150.0,20.0,30.0,1,0,0,0,0,0,0,45.74934408721762,45.74934408721762,211.90798150161515,0.0
random-s0-0086,voronoi,event,150.0,100.0,30.0,1,0,0,0,0,0,0,37.22531905541388,265.137787656811,37.22531905541388,0.0
random-s0-0086,prm,once,0.0,20.0,30.0,1,0,2,1,1,0,1,-120.16041995237538,-120.16041995237538,-46.51086430979757,500.0000000000001
random-s0-0086,prm,cycle,0.0,20.0,30.0,1,0,0,0,0,0,0,78.61158611435911,78.61158611435911,247.79066184017336,0.0
random-s0-0086,prm,cycle,0.0,100.0,30.0,1,0,1,0,1,0,0,-13.18159248050472,-13.18159248050472,202.84979933822683,40.0
random-s0-0086,prm,cycle,50.0,20.0,30.0,1,0,0,0,0,0,0,59.57534069131128,59.57534069131128,300.2422303605825,0.0
random-s0-0086,prm,cycle,50.0,100.0,30.0,1,0,0,0,0,0,0,59.26852982037252,74.40216401078936,59.26852982037252,0.0
random-s0-0086,prm,cycle,150.0,20.0,30.0,1,0,0,0,0,0,0,173.08708248458566,208.2786841657475,173.08708248458566,0.0
random-s0-0086,prm,cycle,150.0,100.0,30.0,1,0,0,0,0,0,0,128.22447554852596,128.22447554852596,206.3936143466429,0.0
random-s0-0086,prm,event,0.0,20.0,30.0,1,0,0,0,0,0,0,53.528582090447685,127.18295935546314,53.528582090447685,0.0
random-s0-0086,prm,event,0.0,100.0,30.0,1,0,1,0,1,0,0,-13.18159248050472,-13.18159248050472,202.84979933822683,40.0
random-s0-0086,prm,event,50.0,20.0,30.0,1,0,0,0,0,0,0,43.54616368403754,147.21971194513935,43.54616368403754,0.0
random-s0-0086,prm,event,50.0,100.0,30.0,1,0,0,0,0,0,0,47.95254978913184,47.95254978913184,49.55074330452607,0.0
random-s0-0086,prm,event,150.0,20.0,30.0,1,0,0,0,0,0,0,66.50386681196758,66.50386681196758,312.6191388883572,0.0
random-s0-0086,prm,event,150.0,100.0,30.0,1,0,0,0,0,0,0,94.44951400118896,94.44951400118896,309.47819730318406,0.0
random-s0-0086,visibility,once,0.0,20.0,30.0,1,0,0,0,0,0,0,13.66597377085938,13.66597377085938,102.03853826436593,0.0
random-s0-0086,visibility,cycle,0.0,20.0,30.0,1,0,0,0,0,0,0,5.117283569350889,5.117283569350889,156.7550544416937,0.0
random-s0-0086,visibility,cycle,0.0,100.0,30.0,1,0,0,0,0,0,0,23.22447963452652,23.22447963452652,117.65739845321002,0.0
random-s0-0086,visibility,cycle,50.0,20.0,30.0,1,0,0,0,0,0,0,108.1685418020532,108.1685418020532,176.94315252992237,0.0
random-s0-0086,visibility,cycle,50.0,100.0,30.0,1,0,1,0,1,0,0,-147.67515438615715,-147.67515438615715,167.1401350816044,239.99999999999977
random-s0-0086,visibility,cycle,150.0,20.0,30.0,1,0,0,0,0,0,0,138.65583976493764,138.65583976493764,185.1439769785796,0.0
random-s0-0086,visibility,cycle,150.0,100.0,30.0,1,0,0,0,0,0,0,47.47321371309059,47.47321371309059,224.0823432815385,0.0
random-s0-0086,visibility,event,0.0,20.0,30.0,1,0,1,0,1,0,0,-93.22105697205316,-93.22105697205316,116.2189136404213,99.99999999999994
random-s0-0086,visibility,event,0.0,100.0,30.0,1,0,0,0,0,0,0,23.22447963452652,23.22447963452652,117.65739845321002,0.0
random-s0-0086,visibility,event,50.0,20.0,30.0,1,0,0,0,0,0,0,90.23302583399698,90.23302583399698,334.847748342568,0.0
random-s0-0086,visibility,event,50.0,100.0,30.0,1,0,0,0,0,0,0,177.69386869245477,177.69386869245477,240.23943956405637,0.0
random-s0-0086,visibility,event,150.0,20.0,30.0,1,0,0,0,0,0,0,32.26790568083135,32.26790568083135,294.03669610732106,0.0
random-s0-0086,visibility,event,150.0,100.0,30.0,1,0,0,0,0,0,0,79.65446999193648,79.65446999193648,262.8085723117254,0.0
random-s0-0087,voronoi,once,0.0,20.0,30.0,1,0,2,1,1,0,1,-67.0527041240604,-46.4765891066798,-67.0527041240604,640.0000000000002
random-s0-0087,voronoi,cycle,0.0,20.0,30.0,1,0,0,0,0,0,0,0.8677683855947578,242.19697157078656,0.8677683855947578,0.0
random-s0-0087,voronoi,cycle,0.0,100.0,30.0,1,0,0,0,0,0,0,84.62550243449101,240.6714485601053,84.62550243449101,0.0
random-s0-0087,voronoi,cycle,50.0,20.0,30.0,1,0,0,0,0,0,0,32.11225193022551,193.95518065677263,32.11225193022551,0.0
random-s0-0087,voronoi,cycle,50.0,100.0,30.0,1,0,0,0,0,0,0,59.12552492358202,247.0605603767877,59.12552492358202,0.0
random-s0-0087,voronoi,cycle,150.0,20.0,30.0,1,0,0,0,0,0,0,40.99746081758983,301.04695909951954,40.99746081758983,0.0
random-s0-0087,voronoi,cycle,150.0,100.0,30.0,1,0,0,0,0,0,0,63.48089869130749,309.3985081458707,63.48089869130749,0.0
random-s0-0087,voronoi,event,0.0,20.0,30.0,1,0,0,0,0,0,0,7.666409356584467,244.05713823962168,7.666409356584467,0.0
random-s0-0087,voronoi,event,0.0,100.0,30.0,1,0,1,1,0,1,0,-2.8729704117876054,243.04031108301865,-2.8729704117876054,20.0
random-s0-0087,voronoi,event,50.0,20.0,30.0,1,0,0,0,0,0,0,31.426952467195264,175.17644859368693,31.426952467195264,0.0
random-s0-0087,voronoi,event,50.0,100.0,30.0,1,0,0,0,0,0,0,46.200206050093584,249.7368008665449,46.200206050093584,0.0
random-s0-0087,voronoi,event,150.0,20.0,30.0,1,0,0,0,0,0,0,37.52635743792365,288.12887758184854,37.52635743792365,0.0
random-s0-0087,voronoi,event,150.0,100.0,30.0,1,0,0,0,0,0,0,58.86570476720416,70.9523777498008,58.86570476720416,0.0
random-s0-0087,prm,once,0.0,20.0,30.0,1,0,2,1,1,0,1,-67.0527041240604,-15.785920566204991,-67.0527041240604,160.0
random-s0-0087,prm,cycle,0.0,20.0,30.0,1,0,0,0,0,0,0,31.376044611383804,257.80647399300153,31.376044611383804,0.0
random-s0-0087,prm,cycle,0.0,100.0,30.0,1,0,0,0,0,0,0,31.376044611383804,253.32999517610116,31.376044611383804,0.0
random-s0-0087,prm,cycle,50.0,20.0,30.0,1,0,0,0,0,0,0,31.376044611383804,287.2241615118465,31.376044611383804,0.0
random-s0-0087,prm,cycle,50.0,100.0,30.0,1,0,0,0,0,0,0,31.376044611383804,272.802926185006,31.376044611383804,0.0
random-s0-0087,prm,cycle,150.0,20.0,30.0,1,0,0,0,0,0,0,30.082801246868826,30.082801246868826,36.85786208888638,0.0
random-s0-0087,prm,cycle,150.0,100.0,30.0,1,0,0,0,0,0,0,31.376044611383804,294.5196284935281,31.376044611383804,0.0
random-s0-0087,prm,event,0.0,20.0,30.0,1,0,0,0,0,0,0,31.376044611383804,257.80647399300153,31.376044611383804,0.0
random-s0-0087,prm,event,0.0,100.0,30.0,1,0,0,0,0,0,0,31.376044611383804,253.32999517610116,31.376044611383804,0.0
random-s0-0087,prm,event,50.0,20.0,30.0,1,0,0,0,0,0,0,31.376044611383804,169.39497642009485,31.376044611383804,0.0
random-s0-0087,prm,event,50.0,100.0,30.0,1,0,0,0,0,0,0,31.376044611383804,272.802926185006,31.376044611383804,0.0
random-s0-0087,prm,event,150.0,20.0,30.0,1,0,0,0,0,0,0,32.53546105298628,205.55767917978895,32.53546105298628,0.0
random-s0-0087,prm,event,150.0,100.0,30.0,1,0,0,0,0,0,0,31.376044611383804,294.5196284935281,31.376044611383804,0.0
random-s0-0087,visibility,once,0.0,20.0,30.0,1,0,2,2,0,0,2,-67.0527041240604,75.76809086482228,-67.0527041240604,180.0
random-s0-0087,visibility,cycle,0.0,20.0,30.0,1,0,1,1,0,1,0,-115.31346183553852,150.2771005145898,-115.31346183553852,339.9999999999999
random-s0-0087,visibility,cycle,0.0,100.0,30.0,1,0,1,1,0,0,1,-67.05270412406045,126.67738297776918,-67.05270412406045,99.99999999999991
random-s0-0087,visibility,cycle,50.0,20.0,30.0,1,0,1,1,0,1,0,-93.76577564257605,205.1974587390145,-93.76577564257605,319.9999999999999
random-s0-0087,visibility,cycle,50.0,100.0,30.0,1,0,1,1,0,0,1,-67.05270412406045,131.04428210763433,-67.05270412406045,99.99999999999991
random-s0-0087,visibility,cycle,150.0,20.0,30.0,1,0,1,1,0,0,1,-67.0527041240605,213.88715106530745,-67.0527041240605,100.0
random-s0-0087,visibility,cycle,150.0,100.0,30.0,1,0,1,1,0,0,1,-67.05270412406045,147.14217179464572,-67.05270412406045,99.99999999999991
random-s0-0087,visibility,event,0.0,20.0,30.0,1,0,1,1,0,1,0,-115.31346183553852,134.6259672110612,-115.31346183553852,339.9999999999999
random-s0-0087,visibility,event,0.0,100.0,30.0,1,0,1,1,0,0,1,-67.05270412406045,132.22602071911996,-67.05270412406045,99.99999999999991
random-s0-0087,visibility,event,50.0,20.0,30.0,1,0,1,1,0,1,0,-93.76577564257605,191.4512518142629,-93.76577564257605,319.9999999999999
random-s0-0087,visibility,event,50.0,100.0,30.0,1,0,1,1,0,0,1,-67.05270412406045,137.76739753521878,-67.05270412406045,99.99999999999991
random-s0-0087,visibility,event,150.0,20.0,30.0,1,0,1,1,0,0,1,-67.0527041240605,44.865103995406,-67.0527041240605,100.0
random-s0-0087,visibility,event,150.0,100.0,30.0,1,0,2,2,0,0,2,-67.05270412406045,20.96119244544542,-67.05270412406045,480.0000000000001
random-s0-0088,voronoi,once,0.0,20.0,30.0,1,0,4,2,2,1,1,-170.30958668501032,-170.30958668501032,-130.9106140333586,3360.0000000000027
random-s0-0088,voronoi,cycle,0.0,20.0,30.0,1,0,3,2,1,2,0,-133.44230668437876,-10.256988317984224,-133.44230668437876,840.0000000000003
random-s0-0088,voronoi,cycle,0.0,100.0,30.0,1,0,2,2,0,2,0,-160.7956189515724,41.994956933547286,-160.7956189515724,920.0000000000005
random-s0-0088,voronoi,cycle,50.0,20.0,30.0,1,0,1,1,0,1,0,-115.30391431024368,101.19294983912869,-115.30391431024368,420.0000000000001
random-s0-0088,voronoi,cycle,50.0,100.0,30.0,1,0,0,0,0,0,0,106.2985870494686,148.11661375759792,106.2985870494686,0.0
random-s0-0088,voronoi,cycle,150.0,20.0,30.0,1,0,0,0,0,0,0,38.32636387556309,163.18863969396944,38.32636387556309,0.0
random-s0-0088,voronoi,cycle,150.0,100.0,30.0,1,0,0,0,0,0,0,106.2985870494686,162.92435669420718,106.2985870494686,0.0
random-s0-0088,voronoi,event,0.0,20.0,30.0,1,0,3,2,1,2,0,-41.58231430092516,-9.31759608973843,-41.58231430092516,700.0000000000003
random-s0-0088,voronoi,event,0.0,100.0,30.0,1,0,1,1,0,1,0,-89.5934034840057,23.140040291049672,-89.5934034840057,520.0000000000001
random-s0-0088,voronoi,event,50.0,20.0,30.0,1,0,0,0,0,0,0,42.41434806741413,165.75733847141186,42.41434806741413,0.0
random-s0-0088,voronoi,event,50.0,100.0,30.0,1,0,0,0,0,0,0,54.71350482450256,164.06431481120393,54.71350482450256,0.0
random-s0-0088,voronoi,event,150.0,20.0,30.0,1,0,0,0,0,0,0,42.41434806741413,142.70413023403972,42.41434806741413,0.0
random-s0-0088,voronoi,event,150.0,100.0,30.0,1,0,0,0,0,0,0,56.05289333447212,142.83799885490288,56.05289333447212,0.0
random-s0-0088,prm,once,0.0,20.0,30.0,1,0,4,3,1,2,1,-130.9106140333586,-9.33190031314794,-130.9106140333586,620.0000000000002
random-s0-0088,prm,cycle,0.0,20.0,30.0,1,0,0,0,0,0,0,41.11978424975297,49.06185751522804,41.11978424975297,0.0
random-s0-0088,prm,cycle,0.0,100.0,30.0,1,0,1,1,0,0,1,-96.61714873099515,81.03948188342031,-96.61714873099515,300.0
random-s0-0088,prm,cycle,50.0,20.0,30.0,1,0,1,1,0,1,0,-135.36062954686102,151.71143678916383,-135.36062954686102,460.0000000000001
random-s0-0088,prm,cycle,50.0,100.0,30.0,1,0,1,1,0,1,0,-116.70526278964309,152.62901959517524,-116.70526278964309,460.0000000000001
random-s0-0088,prm,cycle,150.0,20.0,30.0,1,0,1,1,0,1,0,-110.6333103066101,151.0237829255484,-110.6333103066101,440.0000000000001
random-s0-0088,prm,cycle,150.0,100.0,30.0,1,0,1,1,0,1,0,-104.81905235043077,150.2992869878936,-104.81905235043077,420.0000000000001
random-s0-0088,prm,event,0.0,20.0,30.0,1,0,0,0,0,0,0,37.36204799197628,116.15954605768512,37.36204799197628,0.0
random-s0-0088,prm,event,0.0,100.0,30.0,1,0,3,3,0,3,0,-112.87319473657152,104.4376177908643,-112.87319473657152,580.0000000000001
random-s0-0088,prm,event,50.0,20.0,30.0,1,0,1,1,0,1,0,-136.88361961220852,43.35880003634796,-136.88361961220852,500.0000000000001
random-s0-0088,prm,event,50.0,100.0,30.0,1,0,2,1,1,1,0,-122.15721393434151,-65.5214651552419,-122.15721393434151,480.00000000000017
random-s0-0088,prm,event,150.0,20.0,30.0,1,0,1,1,0,1,0,-117.860453476772,170.0922371202962,-117.860453476772,480.00000000000017
random-s0-0088,prm,event,150.0,100.0,30.0,1,0,1,1,0,1,0,-108.50414449315694,164.02458280238395,-108.50414449315694,420.0000000000001
random-s0-0088,visibility,once,0.0,20.0,30.0,1,0,5,3,2,1,2,-159.19586698664136,-159.19586698664136,-158.1491171860314,740.0000000000003
random-s0-0088,visibility,cycle,0.0,20.0,30.0,1,0,2,2,0,2,0,-110.94505084387688,61.059289132252246,-110.94505084387688,540.0000000000001
random-s0-0088,visibility,cycle,0.0,100.0,30.0,1,0,2,2,0,2,0,-113.11948057765076,4.65643157602841,-113.11948057765076,600.0000000000002
random-s0-0088,visibility,cycle,50.0,20.0,30.0,1,0,1,1,0,1,0,-143.38826524661573,149.23084560875992,-143.38826524661573,480.00000000000017
random-s0-0088,visibility,cycle,50.0,100.0,30.0,1,0,1,1,0,1,0,-136.07124975964933,122.65436963524968,-136.07124975964933,480.00000000000017
random-s0-0088,visibility,cycle,150.0,20.0,30.0,1,0,1,1,0,1,0,-125.8559698466467,146.19511639336406,-125.8559698466467,460.0000000000001
random-s0-0088,visibility,cycle,150.0,100.0,30.0,1,0,2,2,0,1,1,-162.7345811540725,171.14810959506235,-162.7345811540725,720.0000000000003
random-s0-0088,visibility,event,0.0,20.0,30.0,1,0,1,1,0,1,0,-143.2113047925449,73.21202192865971,-143.2113047925449,540.0000000000001
random-s0-0088,visibility,event,0.0,100.0,30.0,1,0,1,1,0,1,0,-141.60026779257572,19.264493018380307,-141.60026779257572,580.0000000000002
random-s0-0088,visibility,event,50.0,20.0,30.0,1,0,1,1,0,1,0,-130.22236929928025,38.09253229028511,-130.22236929928025,480.00000000000017
random-s0-0088,visibility,event,50.0,100.0,30.0,1,0,2,2,0,1,1,-119.66419583980306,125.78766760603986,-119.66419583980306,520.0000000000001
random-s0-0088,visibility,event,150.0,20.0,30.0,1,0,1,1,0,1,0,-113.4183572188977,112.68716329630246,-113.4183572188977,440.0000000000001
random-s0-0088,visibility,event,150.0,100.0,30.0,1,0,1,1,0,1,0,-130.39665771530034,116.6274060811504,-130.39665771530034,460.0000000000001
random-s0-0089,voronoi,once,0.0,20.0,30.0,1,0,4,0,4,0,0,-105.87970826930524,-105.87970826930524,193.35978182009217,320.0
random-s0-0089,voronoi,cycle,0.0,20.0,30.0,1,0,0,0,0,0,0,12.256365623271051,12.256365623271051,38.25723376528873,0.0
random-s0-0089,voronoi,cycle,0.0,100.0,30.0,1,0,2,0,2,0,0,-5.059703271094151,-5.059703271094151,50.08204472654637,39.99999999999991
random-s0-0089,voronoi,cycle,50.0,20.0,30.0,1,0,0,0,0,0,0,42.25239313657107,164.2102134000261,42.25239313657107,0.0
random-s0-0089,voronoi,cycle,50.0,100.0,30.0,1,0,0,0,0,0,0,42.38513156482301,42.38513156482301,51.63635828273328,0.0
random-s0-0089,voronoi,cycle,150.0,20.0,30.0,1,0,0,0,0,0,0,80.10231286302383,316.3569953360217,80.10231286302383,0.0
random-s0-0089,voronoi,cycle,150.0,100.0,30.0,1,0,0,0,0,0,0,40.17398671615916,40.17398671615916,225.6130298696036,0.0
random-s0-0089,voronoi,event,0.0,20.0,30.0,1,0,2,0,2,0,0,-12.058529475557435,-12.058529475557435,58.75407806054841,40.0
random-s0-0089,voronoi,event,0.0,100.0,30.0,1,0,1,0,1,0,0,-24.9431052320366,-24.9431052320366,31.24887344868088,39.99999999999991
random-s0-0089,voronoi,event,50.0,20.0,30.0,1,0,0,0,0,0,0,43.19691956836832,43.19691956836832,59.316990353406766,0.0
random-s0-0089,voronoi,event,50.0,100.0,30.0,1,0,0,0,0,0,0,64.52256214423122,67.11070003310638,64.52256214423122,0.0
random-s0-0089,voronoi,event,150.0,20.0,30.0,1,0,0,0,0,0,0,225.6130298696036,355.3709461818436,225.6130298696036,0.0
random-s0-0089,voronoi,event,150.0,100.0,30.0,1,0,0,0,0,0,0,37.40863551323631,37.40863551323631,225.6130298696036,0.0
random-s0-0089,prm,once,0.0,20.0,30.0,1,0,2,0,2,0,0,-105.87970826930524,-105.87970826930524,193.35978182009217,220.0
random-s0-0089,prm,cycle,0.0,20.0,30.0,1,0,0,0,0,0,0,26.369614988058657,26.369614988058657,31.067371167404133,0.0
random-s0-0089,prm,cycle,0.0,100.0,30.0,1,0,0,0,0,0,0,22.510961611959036,22.510961611959036,36.6953496417741,0.0
random-s0-0089,prm,cycle,50.0,20.0,30.0,1,0,0,0,0,0,0,30.465367099556403,43.0634924891707,30.465367099556403,0.0
random-s0-0089,prm,cycle,50.0,100.0,30.0,1,0,1,0,1,0,0,-178.47493918396668,-178.47493918396668,89.84797608420928,360.00000000000006
random-s0-0089,prm,cycle,150.0,20.0,30.0,1,0,0,0,0,0,0,74.41525015406137,74.41525015406137,129.4538982651498,0.0
random-s0-0089,prm,cycle,150.0,100.0,30.0,1,0,0,0,0,0,0,20.721708641646643,20.721708641646643,142.43098225875866,0.0
random-s0-0089,prm,event,0.0,20.0,30.0,1,0,1,0,1,0,0,-37.5839157431576,-37.5839157431576,33.60152178035605,239.99999999999991
random-s0-0089,prm,event,0.0,100.0,30.0,1,0,0,0,0,0,0,20.721708641646643,20.721708641646643,63.9380706796064,0.0
random-s0-0089,prm,event,50.0,20.0,30.0,1,0,0,0,0,0,0,61.318454548787145,61.318454548787145,83.52049116129643,0.0
random-s0-0089,prm,event,50.0,100.0,30.0,1,0,0,0,0,0,0,35.53466123066394,35.53466123066394,161.8723679148839,0.0
random-s0-0089,prm,event,150.0,20.0,30.0,1,0,0,0,0,0,0,168.34547427789482,179.71678370683026,168.34547427789482,0.0
random-s0-0089,prm,event,150.0,100.0,30.0,1,0,0,0,0,0,0,20.721708641646643,20.721708641646643,158.74702359727615,0.0
random-s0-0089,visibility,once,0.0,20.0,30.0,1,0,2,0,2,0,0,-105.87970826930524,-105.87970826930524,29.34440016092401,220.0
random-s0-0089,visibility,cycle,0.0,20.0,30.0,1,0,0,0,0,0,0,3.3663417853494764,3.3663417853494764,29.602156041883543,0.0
random-s0-0089,visibility,cycle,0.0,100.0,30.0,1,0,2,0,2,0,0,-175.3015486877422,-175.3015486877422,29.82939329112688,320.0
random-s0-0089,visibility,cycle,50.0,20.0,30.0,1,0,0,0,0,0,0,7.004581919582705,7.004581919582705,29.58145459833497,0.0
random-s0-0089,visibility,cycle,50.0,100.0,30.0,1,0,0,0,0,0,0,4.717278255090747,4.717278255090747,29.59086267743245,0.0
random-s0-0089,visibility,cycle,150.0,20.0,30.0,1,0,1,1,0,1,0,-32.927965390117635,22.448112265036684,-32.927965390117635,180.0
random-s0-0089,visibility,cycle,150.0,100.0,30.0,1,0,0,0,0,0,0,31.6233922750678,31.6233922750678,55.74396908787065,0.0
random-s0-0089,visibility,event,0.0,20.0,30.0,1,0,1,1,0,1,0,-80.99788742054525,26.38800837067626,-80.99788742054525,220.0
random-s0-0089,visibility,event,0.0,100.0,30.0,1,0,1,0,1,0,0,-150.77671901921278,-150.77671901921278,38.48014057238595,40.0
random-s0-0089,visibility,event,50.0,20.0,30.0,1,0,1,0,1,0,0,-161.3874014884568,-161.3874014884568,31.802766648032105,279.99999999999994
random-s0-0089,visibility,event,50.0,100.0,30.0,1,0,0,0,0,0,0,13.3736002004826,13.3736002004826,32.74188919982652,0.0
random-s0-0089,visibility,event,150.0,20.0,30.0,1,0,0,0,0,0,0,21.735391135843827,21.735391135843827,62.92643550459584,0.0
random-s0-0089,visibility,event,150.0,100.0,30.0,1,0,0,0,0,0,0,31.854756817875227,31.854756817875227,73.50229856451634,0.0
random-s0-0090,voronoi,once,0.0,20.0,30.0,1,0,1,1,0,1,0,-34.45331389461563,360.29869482812194,-34.45331389461563,240.0
random-s0-0090,voronoi,cycle,0.0,20.0,30.0,1,0,1,1,0,1,0,-22.592857199735164,300.0331046922016,-22.592857199735164,440.00000000000006
random-s0-0090,voronoi,cycle,0.0,100.0,30.0,1,0,1,1,0,1,0,-53.205310268376365,312.7683752551238,-53.205310268376365,660.0000000000001
random-s0-0090,voronoi,cycle,50.0,20.0,30.0,1,0,0,0,0,0,0,53.27383182991926,390.1624426464596,53.27383182991926,0.0
random-s0-0090,voronoi,cycle,50.0,100.0,30.0,1,0,0,0,0,0,0,41.94009475316759,380.4422027649552,41.94009475316759,0.0
random-s0-0090,voronoi,cycle,150.0,20.0,30.0,1,0,0,0,0,0,0,118.36057432578843,398.0184294093968,118.36057432578843,0.0
random-s0-0090,voronoi,cycle,150.0,100.0,30.0,1,0,0,0,0,0,0,123.0898978253532,387.1820404803118,123.0898978253532,0.0
random-s0-0090,voronoi,event,0.0,20.0,30.0,1,0,0,0,0,0,0,42.97732438924618,43.780875975788575,42.97732438924618,0.0
random-s0-0090,voronoi,event,0.0,100.0,30.0,1,0,1,1,0,1,0,-53.205310268376365,298.21268324478734,-53.205310268376365,660.0000000000001
random-s0-0090,voronoi,event,50.0,20.0,30.0,1,0,0,0,0,0,0,45.8749421646111,399.10661780886585,45.8749421646111,0.0
random-s0-0090,voronoi,event,50.0,100.0,30.0,1,0,0,0,0,0,0,41.94009475316759,392.1718652843746,41.94009475316759,0.0
random-s0-0090,voronoi,event,150.0,20.0,30.0,1,0,0,0,0,0,0,266.136435079168,402.4819080207634,266.136435079168,0.0
random-s0-0090,voronoi,event,150.0,100.0,30.0,1,0,0,0,0,0,0,270.24089862726964,394.3813428598428,270.24089862726964,0.0
random-s0-0090,prm,once,0.0,20.0,30.0,1,0,1,1,0,1,0,-34.45331389461563,360.29869482812194,-34.45331389461563,240.0
random-s0-0090,prm,cycle,0.0,20.0,30.0,1,0,1,1,0,1,0,-34.45331389461563,398.10485374709685,-34.45331389461563,239.99999999999983
random-s0-0090,prm,cycle,0.0,100.0,30.0,1,0,1,1,0,1,0,-34.45331389461549,394.0702935563369,-34.45331389461549,239.99999999999977
random-s0-0090,prm,cycle,50.0,20.0,30.0,1,0,0,0,0,0,0,72.4414736800637,402.7733763174873,72.4414736800637,0.0
random-s0-0090,prm,cycle,50.0,100.0,30.0,1,0,1,1,0,1,0,-34.45331389461549,394.0702935563369,-34.45331389461549,239.99999999999977
random-s0-0090,prm,cycle,150.0,20.0,30.0,1,0,0,0,0,0,0,107.68587780872603,377.3336398625446,107.68587780872603,0.0
random-s0-0090,prm,cycle,150.0,100.0,30.0,1,0,0,0,0,0,0,122.11015676437978,395.4706697788679,122.11015676437978,0.0
random-s0-0090,prm,event,0.0,20.0,30.0,1,0,0,0,0,0,0,38.52378558177031,161.30718254830225,38.52378558177031,0.0
random-s0-0090,prm,event,0.0,100.0,30.0,1,0,0,0,0,0,0,89.95519496507842,209.054662186576,89.95519496507842,0.0
random-s0-0090,prm,event,50.0,20.0,30.0,1,0,0,0,0,0,0,36.473255360599154,174.70490848954051,36.473255360599154,0.0
random-s0-0090,prm,event,50.0,100.0,30.0,1,0,0,0,0,0,0,89.95519496507842,209.054662186576,89.95519496507842,0.0
random-s0-0090,prm,event,150.0,20.0,30.0,1,0,0,0,0,0,0,117.34156099821332,377.3336398625446,117.34156099821332,0.0
random-s0-0090,prm,event,150.0,100.0,30.0,1,0,0,0,0,0,0,190.31146216094083,395.4706697788679,190.31146216094083,0.0
random-s0-0090,visibility,once,0.0,20.0,30.0,1,0,1,1,0,1,0,-34.45331389461563,360.29869482812194,-34.45331389461563,240.0
random-s0-0090,visibility,cycle,0.0,20.0,30.0,1,0,1,1,0,1,0,-34.45331389461563,363.6097516121959,-34.45331389461563,239.99999999999983
random-s0-0090,visibility,cycle,0.0,100.0,30.0,1,0,1,1,0,1,0,-34.45331389461549,361.2917678662101,-34.45331389461549,239.99999999999977
random-s0-0090,visibility,cycle,50.0,20.0,30.0,1,0,1,1,0,1,0,-92.2507888439854,370.1236413929876,-92.2507888439854,299.99999999999994
random-s0-0090,visibility,cycle,50.0,100.0,30.0,1,0,1,1,0,1,0,-34.45331389461549,378.1384712086032,-34.45331389461549,239.99999999999977
random-s0-0090,visibility,cycle,150.0,20.0,30.0,1,0,1,1,0,1,0,-157.97401249416868,362.98203660368097,-157.97401249416868,360.00000000000006
random-s0-0090,visibility,cycle,150.0,100.0,30.0,1,0,1,1,0,1,0,-156.90520676798047,367.8769198243285,-156.90520676798047,380.00000000000006
random-s0-0090,visibility,event,0.0,20.0,30.0,1,0,1,1,0,1,0,-34.45331389461563,371.1755778637592,-34.45331389461563,239.99999999999983
random-s0-0090,visibility,event,0.0,100.0,30.0,1,0,1,1,0,1,0,-34.45331389461549,367.07637970213136,-34.45331389461549,239.99999999999977
random-s0-0090,visibility,event,50.0,20.0,30.0,1,0,1,1,0,1,0,-92.46080793777006,381.3727622165554,-92.46080793777006,299.99999999999994
random-s0-0090,visibility,event,50.0,100.0,30.0,1,0,1,1,0,1,0,-34.45331389461549,393.6424923473384,-34.45331389461549,239.99999999999977
random-s0-0090,visibility,event,150.0,20.0,30.0,1,0,1,1,0,1,0,-158.53594585177132,363.2999554906068,-158.53594585177132,360.00000000000006
random-s0-0090,visibility,event,150.0,100.0,30.0,1,0,1,1,0,1,0,-156.90520676798047,367.8769198243285,-156.90520676798047,380.00000000000006
random-s0-0091,voronoi,once,0.0,20.0,30.0,1,0,1,0,1,0,0,-149.128199104415,-149.128199104415,75.3031286939038,60.0
random-s0-0091,voronoi,cycle,0.0,20.0,30.0,1,0,7,0,7,0,0,-21.78580928130816,-21.78580928130816,75.3031286939038,159.99999999999997
random-s0-0091,voronoi,cycle,0.0,100.0,30.0,1,0,3,0,3,0,0,-149.128199104415,-149.128199104415,75.3031286939038,200.0
random-s0-0091,voronoi,cycle,50.0,20.0,30.0,1,0,0,0,0,0,0,58.98404476563894,58.98404476563894,75.3031286939038,0.0
random-s0-0091,voronoi,cycle,50.0,100.0,30.0,1,0,1,0,1,0,0,-149.128199104415,-149.128199104415,75.3031286939038,60.0
random-s0-0091,voronoi,cycle,150.0,20.0,30.0,1,0,0,0,0,0,0,49.03023914028898,49.03023914028898,75.3031286939038,0.0
random-s0-0091,voronoi,cycle,150.0,100.0,30.0,1,0,1,0,1,0,0,-149.128199104415,-149.128199104415,75.3031286939038,60.0
random-s0-0091,voronoi,event,0.0,20.0,30.0,1,0,1,0,1,0,0,-21.78580928130816,-21.78580928130816,75.3031286939038,39.99999999999999
random-s0-0091,voronoi,event,0.0,100.0,30.0,1,0,1,0,1,0,0,-149.128199104415,-149.128199104415,75.3031286939038,60.0
random-s0-0091,voronoi,event,50.0,20.0,30.0,1,0,0,0,0,0,0,30.528750770358783,30.528750770358783,75.3031286939038,0.0
random-s0-0091,voronoi,event,50.0,100.0,30.0,1,0,1,0,1,0,0,-149.128199104415,-149.128199104415,75.3031286939038,60.0
random-s0-0091,voronoi,event,150.0,20.0,30.0,1,0,0,0,0,0,0,49.03023914028898,49.03023914028898,75.3031286939038,0.0
random-s0-0091,voronoi,event,150.0,100.0,30.0,1,0,1,0,1,0,0,-149.128199104415,-149.128199104415,75.3031286939038,60.0
random-s0-0091,prm,once,0.0,20.0,30.0,1,0,1,0,1,0,0,-149.128199104415,-149.128199104415,75.3031286939038,60.0
random-s0-0091,prm,cycle,0.0,20.0,30.0,1,0,1,0,1,0,0,-150.98092251387817,-150.98092251387817,75.3031286939038,920.0000000000002
random-s0-0091,prm,cycle,0.0,100.0,30.0,1,0,1,0,1,0,0,-149.128199104415,-149.128199104415,75.3031286939038,60.0
random-s0-0091,prm,cycle,50.0,20.0,30.0,1,0,1,0,1,0,0,-149.128199104415,-149.128199104415,75.3031286939038,60.0
random-s0-0091,prm,cycle,50.0,100.0,30.0,1,0,1,0,1,0,0,-149.128199104415,-149.128199104415,75.3031286939038,60.0
random-s0-0091,prm,cycle,150.0,20.0,30.0,1,0,1,0,1,0,0,-149.128199104415,-149.128199104415,75.3031286939038,60.0
random-s0-0091,prm,cycle,150.0,100.0,30.0,1,0,1,0,1,0,0,-149.128199104415,-149.128199104415,75.3031286939038,60.0
random-s0-0091,prm,event,0.0,20.0,30.0,1,0,1,0,1,0,0,-150.98092251387817,-150.98092251387817,75.3031286939038,920.0000000000002
random-s0-0091,prm,event,0.0,100.0,30.0,1,0,1,0,1,0,0,-149.128199104415,-149.128199104415,75.3031286939038,60.0
random-s0-0091,prm,event,50.0,20.0,30.0,1,0,1,0,1,0,0,-149.128199104415,-149.128199104415,75.3031286939038,60.0
random-s0-0091,prm,event,50.0,100.0,30.0,1,0,1,0,1,0,0,-149.128199104415,-149.128199104415,75.3031286939038,60.0
random-s0-0091,prm,event,150.0,20.0,30.0,1,0,1,0,1,0,0,-149.128199104415,-149.128199104415,75.3031286939038,60.0
random-s0-0091,prm,event,150.0,100.0,30.0,1,0,1,0,1,0,0,-149.128199104415,-149.128199104415,75.3031286939038,60.0
random-s0-0091,visibility,once,0.0,20.0,30.0,1,0,1,0,1,0,0,-149.128199104415,-149.128199104415,75.3031286939038,60.0
random-s0-0091,visibility,cycle,0.0,20.0,30.0,1,0,1,0,1,0,0,-81.44120571683888,-81.44120571683888,75.3031286939038,179.99999999999994
random-s0-0091,visibility,cycle,0.0,100.0,30.0,1,0,1,0,1,0,0,-149.128199104415,-149.128199104415,75.3031286939038,60.0
random-s0-0091,visibility,cycle,50.0,20.0,30.0,1,0,1,0,1,0,0,-149.128199104415,-149.128199104415,75.3031286939038,60.0
random-s0-0091,visibility,cycle,50.0,100.0,30.0,1,0,1,0,1,0,0,-149.128199104415,-149.128199104415,75.3031286939038,60.0
random-s0-0091,visibility,cycle,150.0,20.0,30.0,1,0,1,0,1,0,0,-149.128199104415,-149.128199104415,75.3031286939038,60.0
random-s0-0091,visibility,cycle,150.0,100.0,30.0,1,0,1,0,1,0,0,-149.128199104415,-149.128199104415,75.3031286939038,60.0
random-s0-0091,visibility,event,0.0,20.0,30.0,1,0,1,0,1,0,0,-81.53735775913061,-81.53735775913061,75.3031286939038,179.99999999999994
random-s0-0091,visibility,event,0.0,100.0,30.0,1,0,1,0,1,0,0,-149.128199104415,-149.128199104415,75.3031286939038,60.0
random-s0-0091,visibility,event,50.0,20.0,30.0,1,0,1,0,1,0,0,-149.128199104415,-149.128199104415,75.3031286939038,60.0
random-s0-0091,visibility,event,50.0,100.0,30.0,1,0,1,0,1,0,0,-149.128199104415,-149.128199104415,75.3031286939038,60.0
random-s0-0091,visibility,event,150.0,20.0,30.0,1,0,1,0,1,0,0,-149.128199104415,-149.128199104415,75.3031286939038,60.0
random-s0-0091,visibility,event,150.0,100.0,30.0,1,0,1,0,1,0,0,-149.128199104415,-149.128199104415,75.3031286939038,60.0
random-s0-0092,voronoi,once,0.0,20.0,30.0,1,0,0,0,0,0,0,10.44127279486608,176.74204261958084,10.44127279486608,0.0
random-s0-0092,voronoi,cycle,0.0,20.0,30.0,1,0,0,0,0,0,0,19.7225152510388,19.7225152510388,27.411625925496736,0.0
random-s0-0092,voronoi,cycle,0.0,100.0,30.0,1,0,0,0,0,0,0,11.698389356102725,30.063152035267223,11.698389356102725,0.0
random-s0-0092,voronoi,cycle,50.0,20.0,30.0,1,0,0,0,0,0,0,24.813639497305275,96.60725536167786,24.813639497305275,0.0
random-s0-0092,voronoi,cycle,50.0,100.0,30.0,1,0,0,0,0,0,0,12.06427110046272,96.84381897838408,12.06427110046272,0.0
random-s0-0092,voronoi,cycle,150.0,20.0,30.0,1,0,0,0,0,0,0,11.03798629293172,73.20777627109288,11.03798629293172,0.0
random-s0-0092,voronoi,cycle,150.0,100.0,30.0,1,0,0,0,0,0,0,11.03349393704579,79.19355748994116,11.03349393704579,0.0
random-s0-0092,voronoi,event,0.0,20.0,30.0,1,0,0,0,0,0,0,10.242047701287504,58.57163408609068,10.242047701287504,0.0
random-s0-0092,voronoi,event,0.0,100.0,30.0,1,0,1,0,1,0,0,-77.97519035879832,-77.97519035879832,10.974651236296069,99.99999999999991
random-s0-0092,voronoi,event,50.0,20.0,30.0,1,0,0,0,0,0,0,11.21702130884134,84.53548449632626,11.21702130884134,0.0
random-s0-0092,voronoi,event,50.0,100.0,30.0,1,0,0,0,0,0,0,11.825434849821107,39.77065382214607,11.825434849821107,0.0
random-s0-0092,voronoi,event,150.0,20.0,30.0,1,0,0,0,0,0,0,11.6475331606311,30.3210152920054,11.6475331606311,0.0
random-s0-0092,voronoi,event,150.0,100.0,30.0,1,0,0,0,0,0,0,10.718650051057722,33.92663562363612,10.718650051057722,0.0
random-s0-0092,prm,once,0.0,20.0,30.0,1,0,2,0,2,0,0,-166.55140784225225,-166.55140784225225,10.44127279486608,1260.000000000001
random-s0-0092,prm,cycle,0.0,20.0,30.0,1,0,0,0,0,0,0,10.597602424965372,84.35792707894103,10.597602424965372,0.0
random-s0-0092,prm,cycle,0.0,100.0,30.0,1,0,0,0,0,0,0,0.7252889393731721,0.7252889393731721,23.029809225569267,0.0
random-s0-0092,prm,cycle,50.0,20.0,30.0,1,0,0,0,0,0,0,23.07004524925944,89.73053337267658,23.07004524925944,0.0
random-s0-0092,prm,cycle,50.0,100.0,30.0,1,0,0,0,0,0,0,23.029809225569267,95.77012787881688,23.029809225569267,0.0
random-s0-0092,prm,cycle,150.0,20.0,30.0,1,0,0,0,0,0,0,12.091571304208514,101.55896313189504,12.091571304208514,0.0
random-s0-0092,prm,cycle,150.0,100.0,30.0,1,0,0,0,0,0,0,12.59098250913965,99.36701306401466,12.59098250913965,0.0
random-s0-0092,prm,event,0.0,20.0,30.0,1,0,0,0,0,0,0,24.70777640630277,97.12734658023312,24.70777640630277,0.0
random-s0-0092,prm,event,0.0,100.0,30.0,1,0,1,0,1,0,0,-40.60118627183226,-40.60118627183226,49.66686604274514,79.9999999999999
random-s0-0092,prm,event,50.0,20.0,30.0,1,0,0,0,0,0,0,22.44450624133887,87.14596548295526,22.44450624133887,0.0
random-s0-0092,prm,event,50.0,100.0,30.0,1,0,0,0,0,0,0,11.859289245369723,53.16854588464798,11.859289245369723,0.0
random-s0-0092,prm,event,150.0,20.0,30.0,1,0,0,0,0,0,0,10.43298873629675,32.44222721801793,10.43298873629675,0.0
random-s0-0092,prm,event,150.0,100.0,30.0,1,0,0,0,0,0,0,12.59098250913965,50.06336551241458,12.59098250913965,0.0
random-s0-0092,visibility,once,0.0,20.0,30.0,1,0,2,0,2,0,0,-30.005542572572693,-30.005542572572693,24.019746439311437,500.0000000000001
random-s0-0092,visibility,cycle,0.0,20.0,30.0,1,0,0,0,0,0,0,25.969370857198243,47.5577283208203,25.969370857198243,0.0
random-s0-0092,visibility,cycle,0.0,100.0,30.0,1,0,2,0,2,0,0,-149.13606658461904,-149.13606658461904,24.013816205563412,159.9999999999998
random-s0-0092,visibility,cycle,50.0,20.0,30.0,1,0,0,0,0,0,0,22.34904773577057,37.00701008698269,22.34904773577057,0.0
random-s0-0092,visibility,cycle,50.0,100.0,30.0,1,0,0,0,0,0,0,26.14066412716596,61.96329142624504,26.14066412716596,0.0
random-s0-0092,visibility,cycle,150.0,20.0,30.0,1,0,0,0,0,0,0,22.52943186815301,75.81865450871285,22.52943186815301,0.0
random-s0-0092,visibility,cycle,150.0,100.0,30.0,1,0,1,0,1,0,0,-15.651817722556416,-15.651817722556416,24.027735519132847,40.0
random-s0-0092,visibility,event,0.0,20.0,30.0,1,0,0,0,0,0,0,24.5949037636006,54.58505035776662,24.5949037636006,0.0
random-s0-0092,visibility,event,0.0,100.0,30.0,1,0,0,0,0,0,0,21.342722884914707,50.78184703845238,21.342722884914707,0.0
random-s0-0092,visibility,event,50.0,20.0,30.0,1,0,0,0,0,0,0,10.28852777622174,30.11758535870697,10.28852777622174,0.0
random-s0-0092,visibility,event,50.0,100.0,30.0,1,0,0,0,0,0,0,11.618333091729651,52.67801117227796,11.618333091729651,0.0
random-s0-0092,visibility,event,150.0,20.0,30.0,1,0,1,1,0,0,1,-52.77424221938769,30.924109255404147,-52.77424221938769,160.0
random-s0-0092,visibility,event,150.0,100.0,30.0,1,0,0,0,0,0,0,11.989639151434003,31.677031931210426,11.989639151434003,0.0
random-s0-0093,voronoi,once,0.0,20.0,30.0,1,0,1,0,1,0,0,-24.0057414936272,-24.0057414936272,82.80782614681362,20.0
random-s0-0093,voronoi,cycle,0.0,20.0,30.0,1,0,1,1,0,1,0,-0.3152174483063845,195.7163896861166,-0.3152174483063845,20.0
random-s0-0093,voronoi,cycle,0.0,100.0,30.0,1,0,0,0,0,0,0,15.216885938870805,110.05997187175916,15.216885938870805,0.0
random-s0-0093,voronoi,cycle,50.0,20.0,30.0,1,0,0,0,0,0,0,35.92902925434612,196.4118974132656,35.92902925434612,0.0
random-s0-0093,voronoi,cycle,50.0,100.0,30.0,1,0,0,0,0,0,0,58.03387045769404,196.4118974132656,58.03387045769404,0.0
random-s0-0093,voronoi,cycle,150.0,20.0,30.0,1,0,0,0,0,0,0,42.19174323601257,324.0268832484208,42.19174323601257,0.0
random-s0-0093,voronoi,cycle,150.0,100.0,30.0,1,0,0,0,0,0,0,37.74003324356568,196.4118974132656,37.74003324356568,0.0
random-s0-0093,voronoi,event,0.0,20.0,30.0,1,0,0,0,0,0,0,0.8926415592317483,159.07379758418773,0.8926415592317483,0.0
random-s0-0093,voronoi,event,0.0,100.0,30.0,1,0,1,1,0,1,0,-10.568545327360937,4.427256432712113,-10.568545327360937,80.0
random-s0-0093,voronoi,event,50.0,20.0,30.0,1,0,0,0,0,0,0,50.71153840535166,67.62853732790086,50.71153840535166,0.0
random-s0-0093,voronoi,event,50.0,100.0,30.0,1,0,0,0,0,0,0,38.5166986303916,157.54505306744755,38.5166986303916,0.0
random-s0-0093,voronoi,event,150.0,20.0,30.0,1,0,0,0,0,0,0,35.72021639416954,324.0268832484208,35.72021639416954,0.0
random-s0-0093,voronoi,event,150.0,100.0,30.0,1,0,0,0,0,0,0,31.28025429369768,196.4118974132656,31.28025429369768,0.0
random-s0-0093,prm,once,0.0,20.0,30.0,1,0,1,0,1,0,0,-92.04188313607628,-92.04188313607628,159.93496436818623,40.0
random-s0-0093,prm,cycle,0.0,20.0,30.0,1,0,0,0,0,0,0,37.69611769999065,79.54098784070788,37.69611769999065,0.0
random-s0-0093,prm,cycle,0.0,100.0,30.0,1,0,1,0,1,0,0,-141.02745839855666,-141.02745839855666,44.08631294085146,539.9999999999995
random-s0-0093,prm,cycle,50.0,20.0,30.0,1,0,0,0,0,0,0,44.28390991058839,80.21683162837218,44.28390991058839,0.0
random-s0-0093,prm,cycle,50.0,100.0,30.0,1,0,0,0,0,0,0,35.03303269532896,35.03303269532896,50.268736501717,0.0
random-s0-0093,prm,cycle,150.0,20.0,30.0,1,0,1,0,1,0,0,-92.04188313607654,-92.04188313607654,50.20344404952604,39.99999999999998
random-s0-0093,prm,cycle,150.0,100.0,30.0,1,0,1,0,1,0,0,-92.04188313607628,-92.04188313607628,123.7207492749817,40.0
random-s0-0093,prm,event,0.0,20.0,30.0,1,0,1,0,1,0,0,-157.98186586677983,-157.98186586677983,30.947713407679288,1080.0000000000005
random-s0-0093,prm,event,0.0,100.0,30.0,1,0,1,0,1,0,0,-141.02745839855666,-141.02745839855666,90.60851230734876,539.9999999999995
random-s0-0093,prm,event,50.0,20.0,30.0,1,0,0,0,0,0,0,30.973634087412933,36.09523258125745,30.973634087412933,0.0
random-s0-0093,prm,event,50.0,100.0,30.0,1,0,0,0,0,0,0,37.53668278896652,53.79917015622894,37.53668278896652,0.0
random-s0-0093,prm,event,150.0,20.0,30.0,1,0,1,0,1,0,0,-92.04188313607654,-92.04188313607654,51.78471715883575,39.99999999999998
random-s0-0093,prm,event,150.0,100.0,30.0,1,0,1,0,1,0,0,-92.04188313607628,-92.04188313607628,39.6452236777549,40.0
random-s0-0093,visibility,once,0.0,20.0,30.0,1,0,2,0,2,0,0,-38.95526846529012,-38.95526846529012,33.061667464081296,60.0
random-s0-0093,visibility,cycle,0.0,20.0,30.0,1,0,3,0,3,0,0,-149.20977415916718,-149.20977415916718,26.814601083672017,560.0000000000001
random-s0-0093,visibility,cycle,0.0,100.0,30.0,1,0,1,0,1,0,0,-43.69057834051222,-43.69057834051222,34.8436733571246,40.0
random-s0-0093,visibility,cycle,50.0,20.0,30.0,1,0,0,0,0,0,0,23.167080067556185,23.167080067556185,24.19627396691692,0.0
random-s0-0093,visibility,cycle,50.0,100.0,30.0,1,0,0,0,0,0,0,32.57114055213751,37.43479565399588,32.57114055213751,0.0
random-s0-0093,visibility,cycle,150.0,20.0,30.0,1,0,0,0,0,0,0,23.71831283057611,68.62590146026585,23.71831283057611,0.0
random-s0-0093,visibility,cycle,150.0,100.0,30.0,1,0,1,0,1,0,0,-38.95526846529012,-38.95526846529012,35.76453927766792,20.0
random-s0-0093,visibility,event,0.0,20.0,30.0,1,0,2,0,2,0,0,-148.95419905783422,-148.95419905783422,26.10130317191852,640.0000000000002
random-s0-0093,visibility,event,0.0,100.0,30.0,1,0,1,0,1,0,0,-43.69057834051222,-43.69057834051222,28.992204429897527,40.0
random-s0-0093,visibility,event,50.0,20.0,30.0,1,0,0,0,0,0,0,30.918279763480516,31.82798414514033,30.918279763480516,0.0
random-s0-0093,visibility,event,50.0,100.0,30.0,1,0,0,0,0,0,0,34.305244045162055,58.998907274314206,34.305244045162055,0.0
random-s0-0093,visibility,event,150.0,20.0,30.0,1,0,0,0,0,0,0,32.66409534795022,34.67284524289818,32.66409534795022,0.0
random-s0-0093,visibility,event,150.0,100.0,30.0,1,0,1,0,1,0,0,-38.95526846529012,-38.95526846529012,8.176941469924543,20.0
random-s0-0094,voronoi,once,0.0,20.0,30.0,1,0,2,0,2,0,0,-62.619035878198176,-62.619035878198176,26.532198690299765,100.0
random-s0-0094,voronoi,cycle,0.0,20.0,30.0,1,0,0,0,0,0,0,17.957353817391777,17.957353817391777,26.532198690299765,0.0
random-s0-0094,voronoi,cycle,0.0,100.0,30.0,1,0,1,0,1,0,0,-20.1441059749034,-20.1441059749034,26.53219869029968,40.0
random-s0-0094,voronoi,cycle,50.0,20.0,30.0,1,0,0,0,0,0,0,45.66811471618149,98.94602232736536,45.66811471618149,0.0
random-s0-0094,voronoi,cycle,50.0,100.0,30.0,1,0,1,0,1,0,0,-18.686930526038907,-18.686930526038907,26.53219869029968,40.0
random-s0-0094,voronoi,cycle,150.0,20.0,30.0,1,0,0,0,0,0,0,38.32316705649427,73.55012853578819,38.32316705649427,0.0
random-s0-0094,voronoi,cycle,150.0,100.0,30.0,1,0,1,0,1,0,0,-47.23455483003343,-47.23455483003343,65.22078130801683,160.0
random-s0-0094,voronoi,event,0.0,20.0,30.0,1,0,1,0,1,0,0,-20.1441059749034,-20.1441059749034,26.532198690299765,40.0
random-s0-0094,voronoi,event,0.0,100.0,30.0,1,0,1,0,1,0,0,-20.1441059749034,-20.1441059749034,26.53219869029968,40.0
random-s0-0094,voronoi,event,50.0,20.0,30.0,1,0,0,0,0,0,0,45.66811471618149,186.1985714728464,45.66811471618149,0.0
random-s0-0094,voronoi,event,50.0,100.0,30.0,1,0,1,0,1,0,0,-18.686930526038907,-18.686930526038907,26.53219869029968,40.0
random-s0-0094,voronoi,event,150.0,20.0,30.0,1,0,0,0,0,0,0,51.16471848543597,183.44588631732063,51.16471848543597,0.0
random-s0-0094,voronoi,event,150.0,100.0,30.0,1,0,1,0,1,0,0,-47.23455483003343,-47.23455483003343,65.22078130801683,160.0
random-s0-0094,prm,once,0.0,20.0,30.0,1,0,0,0,0,0,0,26.532198690299765,169.36219692497974,26.532198690299765,0.0
random-s0-0094,prm,cycle,0.0,20.0,30.0,1,0,0,0,0,0,0,26.532198690299765,106.58411240286762,26.532198690299765,0.0
random-s0-0094,prm,cycle,0.0,100.0,30.0,1,0,0,0,0,0,0,26.53219869029968,119.72371008665232,26.53219869029968,0.0
random-s0-0094,prm,cycle,50.0,20.0,30.0,1,0,0,0,0,0,0,30.68130386131168,119.41224625231304,30.68130386131168,0.0
random-s0-0094,prm,cycle,50.0,100.0,30.0,1,0,1,0,1,0,0,-81.8128839322265,-81.8128839322265,35.80244139895444,60.0
random-s0-0094,prm,cycle,150.0,20.0,30.0,1,0,0,0,0,0,0,30.50743922905218,119.74082407585117,30.50743922905218,0.0
random-s0-0094,prm,cycle,150.0,100.0,30.0,1,0,0,0,0,0,0,34.55532749721945,125.32848059134112,34.55532749721945,0.0
random-s0-0094,prm,event,0.0,20.0,30.0,1,0,0,0,0,0,0,26.532198690299765,169.36219692497974,26.532198690299765,0.0
random-s0-0094,prm,event,0.0,100.0,30.0,1,0,0,0,0,0,0,26.53219869029968,169.36219692497974,26.53219869029968,0.0
random-s0-0094,prm,event,50.0,20.0,30.0,1,0,0,0,0,0,0,33.384289212933936,122.42036481934934,33.384289212933936,0.0
random-s0-0094,prm,event,50.0,100.0,30.0,1,0,0,0,0,0,0,86.23633834735006,169.36219692497974,86.23633834735006,0.0
random-s0-0094,prm,event,150.0,20.0,30.0,1,0,0,0,0,0,0,110.01651483263544,169.36219692497974,110.01651483263544,0.0
random-s0-0094,prm,event,150.0,100.0,30.0,1,0,0,0,0,0,0,54.02209160074037,139.36889093062274,54.02209160074037,0.0
random-s0-0094,visibility,once,0.0,20.0,30.0,1,0,0,0,0,0,0,26.532198690299765,79.78791259006107,26.532198690299765,0.0
random-s0-0094,visibility,cycle,0.0,20.0,30.0,1,0,0,0,0,0,0,26.532198690299765,97.8776645572268,26.532198690299765,0.0
random-s0-0094,visibility,cycle,0.0,100.0,30.0,1,0,0,0,0,0,0,26.53219869029968,79.78791259006107,26.53219869029968,0.0
random-s0-0094,visibility,cycle,50.0,20.0,30.0,1,0,2,1,1,1,0,-78.90364107952105,-78.90364107952105,-67.32649104921917,319.99999999999994
random-s0-0094,visibility,cycle,50.0,100.0,30.0,1,0,2,1,1,1,0,-78.90364107952105,-78.90364107952105,-69.72479019451403,319.9999999999997
random-s0-0094,visibility,cycle,150.0,20.0,30.0,1,0,2,1,1,1,0,-78.90364107952105,-78.90364107952105,-36.38615804841436,240.0
random-s0-0094,visibility,cycle,150.0,100.0,30.0,1,0,2,1,1,1,0,-78.90364107952105,-78.90364107952105,-34.39065739889719,240.0
random-s0-0094,visibility,event,0.0,20.0,30.0,1,0,0,0,0,0,0,26.532198690299765,103.27912340034452,26.532198690299765,0.0
random-s0-0094,visibility,event,0.0,100.0,30.0,1,0,0,0,0,0,0,26.53219869029968,79.78791259006107,26.53219869029968,0.0
random-s0-0094,visibility,event,50.0,20.0,30.0,1,0,2,1,1,1,0,-78.90364107952105,-78.90364107952105,-70.64331461729311,319.99999999999994
random-s0-0094,visibility,event,50.0,100.0,30.0,1,0,2,1,1,1,0,-78.90364107952105,-78.90364107952105,-69.72479019451403,319.9999999999997
random-s0-0094,visibility,event,150.0,20.0,30.0,1,0,2,1,1,1,0,-78.90364107952105,-78.90364107952105,-43.38101483351886,300.0
random-s0-0094,visibility,event,150.0,100.0,30.0,1,0,2,1,1,1,0,-78.90364107952105,-78.90364107952105,-34.39065739889719,240.0
random-s0-0095,voronoi,once,0.0,20.0,30.0,1,0,1,0,1,0,0,-138.72995826964967,-138.72995826964967,106.5398816290649,60.0
random-s0-0095,voronoi,cycle,0.0,20.0,30.0,1,0,0,0,0,0,0,33.123203164796564,33.123203164796564,106.5398816290649,0.0
random-s0-0095,voronoi,cycle,0.0,100.0,30.0,1,0,1,0,1,0,0,-138.72995826964933,-138.72995826964933,106.5398816290649,179.9999999999998
random-s0-0095,voronoi,cycle,50.0,20.0,30.0,1,0,0,0,0,0,0,106.5398816290649,199.70317953146048,106.5398816290649,0.0
random-s0-0095,voronoi,cycle,50.0,100.0,30.0,1,0,0,0,0,0,0,106.5398816290649,107.4409400156092,106.5398816290649,0.0
random-s0-0095,voronoi,cycle,150.0,20.0,30.0,1,0,0,0,0,0,0,106.5398816290649,271.6758378892065,106.5398816290649,0.0
random-s0-0095,voronoi,cycle,150.0,100.0,30.0,1,0,0,0,0,0,0,106.5398816290649,421.8310537197142,106.5398816290649,0.0
random-s0-0095,voronoi,event,0.0,20.0,30.0,1,0,0,0,0,0,0,4.497478370269505,4.497478370269505,106.5398816290649,0.0
random-s0-0095,voronoi,event,0.0,100.0,30.0,1,0,1,0,1,0,0,-138.72995826964933,-138.72995826964933,106.5398816290649,179.9999999999998
random-s0-0095,voronoi,event,50.0,20.0,30.0,1,0,0,0,0,0,0,106.5398816290649,200.2592356967707,106.5398816290649,0.0
random-s0-0095,voronoi,event,50.0,100.0,30.0,1,0,0,0,0,0,0,83.45083867297762,83.45083867297762,106.5398816290649,0.0
random-s0-0095,voronoi,event,150.0,20.0,30.0,1,0,0,0,0,0,0,102.11217876326242,139.7808194569696,102.11217876326242,0.0
random-s0-0095,voronoi,event,150.0,100.0,30.0,1,0,0,0,0,0,0,106.5398816290649,173.830654809509,106.5398816290649,0.0
random-s0-0095,prm,once,0.0,20.0,30.0,1,0,1,0,1,0,0,-138.72995826964967,-138.72995826964967,106.5398816290649,60.0
random-s0-0095,prm,cycle,0.0,20.0,30.0,1,0,0,0,0,0,0,49.57699036035734,49.57699036035734,106.5398816290649,0.0
random-s0-0095,prm,cycle,0.0,100.0,30.0,1,0,1,0,1,0,0,-138.72995826964933,-138.72995826964933,106.5398816290649,59.99999999999992
random-s0-0095,prm,cycle,50.0,20.0,30.0,1,0,0,0,0,0,0,106.5398816290649,462.9338409607427,106.5398816290649,0.0
random-s0-0095,prm,cycle,50.0,100.0,30.0,1,0,0,0,0,0,0,106.5398816290649,372.1633074954384,106.5398816290649,0.0
random-s0-0095,prm,cycle,150.0,20.0,30.0,1,0,0,0,0,0,0,106.5398816290649,303.5963376262016,106.5398816290649,0.0
random-s0-0095,prm,cycle,150.0,100.0,30.0,1,0,0,0,0,0,0,106.5398816290649,321.17772051779406,106.5398816290649,0.0
random-s0-0095,prm,event,0.0,20.0,30.0,1,0,0,0,0,0,0,49.57699036035734,49.57699036035734,106.5398816290649,0.0
random-s0-0095,prm,event,0.0,100.0,30.0,1,0,1,0,1,0,0,-138.72995826964933,-138.72995826964933,106.5398816290649,59.99999999999992
random-s0-0095,prm,event,50.0,20.0,30.0,1,0,0,0,0,0,0,106.5398816290649,417.9414452070961,106.5398816290649,0.0
random-s0-0095,prm,event,50.0,100.0,30.0,1,0,0,0,0,0,0,106.5398816290649,372.1633074954384,106.5398816290649,0.0
random-s0-0095,prm,event,150.0,20.0,30.0,1,0,0,0,0,0,0,106.5398816290649,448.786064779388,106.5398816290649,0.0
random-s0-0095,prm,event,150.0,100.0,30.0,1,0,0,0,0,0,0,106.5398816290649,660.2831925751053,106.5398816290649,0.0
random-s0-0095,visibility,once,0.0,20.0,30.0,1,0,1,0,1,0,0,-138.72995826964967,-138.72995826964967,106.5398816290649,60.0
random-s0-0095,visibility,cycle,0.0,20.0,30.0,1,0,1,0,1,0,0,-16.82192018741631,-16.82192018741631,106.5398816290649,59.99999999999997
random-s0-0095,visibility,cycle,0.0,100.0,30.0,1,0,1,0,1,0,0,-138.72995826964933,-138.72995826964933,106.5398816290649,59.99999999999992
random-s0-0095,visibility,cycle,50.0,20.0,30.0,1,0,0,0,0,0,0,106.5398816290649,317.07899567809176,106.5398816290649,0.0
random-s0-0095,visibility,cycle,50.0,100.0,30.0,1,0,0,0,0,0,0,106.5398816290649,238.20742870759227,106.5398816290649,0.0
random-s0-0095,visibility,cycle,150.0,20.0,30.0,1,0,0,0,0,0,0,106.5398816290649,390.5584010663122,106.5398816290649,0.0
random-s0-0095,visibility,cycle,150.0,100.0,30.0,1,0,1,0,1,0,0,-91.09732781587446,-91.09732781587446,106.5398816290649,59.99999999999992
random-s0-0095,visibility,event,0.0,20.0,30.0,1,0,1,0,1,0,0,-16.82192018741631,-16.82192018741631,106.5398816290649,59.99999999999997
random-s0-0095,visibility,event,0.0,100.0,30.0,1,0,1,0,1,0,0,-138.72995826964933,-138.72995826964933,106.5398816290649,59.99999999999992
random-s0-0095,visibility,event,50.0,20.0,30.0,1,0,0,0,0,0,0,106.5398816290649,361.9350710710463,106.5398816290649,0.0
random-s0-0095,visibility,event,50.0,100.0,30.0,1,0,0,0,0,0,0,106.5398816290649,238.20742870759227,106.5398816290649,0.0
random-s0-0095,visibility,event,150.0,20.0,30.0,1,0,0,0,0,0,0,106.5398816290649,460.63430010668606,106.5398816290649,0.0
random-s0-0095,visibility,event,150.0,100.0,30.0,1,0,1,0,1,0,0,-91.09732781587446,-91.09732781587446,106.5398816290649,59.99999999999992
random-s0-0096,voronoi,once,0.0,20.0,30.0,1,0,1,0,1,0,0,-15.769799158691823,-15.769799158691823,100.1855995590941,60.0
random-s0-0096,voronoi,cycle,0.0,20.0,30.0,1,0,0,0,0,0,0,39.310581964351854,39.310581964351854,100.18559955909478,0.0
random-s0-0096,voronoi,cycle,0.0,100.0,30.0,1,0,0,0,0,0,0,100.18559955909431,157.9932714213453,100.18559955909431,0.0
random-s0-0096,voronoi,cycle,50.0,20.0,30.0,1,0,0,0,0,0,0,80.55727002412681,80.55727002412681,100.18559955909478,0.0
random-s0-0096,voronoi,cycle,50.0,100.0,30.0,1,0,0,0,0,0,0,100.18559955909431,282.0107144113701,100.18559955909431,0.0
random-s0-0096,voronoi,cycle,150.0,20.0,30.0,1,0,0,0,0,0,0,68.23794233263519,68.23794233263519,100.18559955909478,0.0
random-s0-0096,voronoi,cycle,150.0,100.0,30.0,1,0,0,0,0,0,0,84.06442950785544,84.06442950785544,100.18559955909431,0.0
random-s0-0096,voronoi,event,0.0,20.0,30.0,1,0,0,0,0,0,0,100.18559955909478,123.49804816477688,100.18559955909478,0.0
random-s0-0096,voronoi,event,0.0,100.0,30.0,1,0,0,0,0,0,0,100.18559955909431,157.9932714213453,100.18559955909431,0.0
random-s0-0096,voronoi,event,50.0,20.0,30.0,1,0,0,0,0,0,0,100.18559955909478,282.0107144113701,100.18559955909478,0.0
random-s0-0096,voronoi,event,50.0,100.0,30.0,1,0,0,0,0,0,0,100.18559955909431,282.0107144113701,100.18559955909431,0.0
random-s0-0096,voronoi,event,150.0,20.0,30.0,1,0,0,0,0,0,0,100.18559955909478,391.35360451050224,100.18559955909478,0.0
random-s0-0096,voronoi,event,150.0,100.0,30.0,1,0,0,0,0,0,0,100.18559955909431,382.5700567479057,100.18559955909431,0.0
random-s0-0096,prm,once,0.0,20.0,30.0,1,0,1,0,1,0,0,-15.769799158691823,-15.769799158691823,100.1855995590941,60.0
random-s0-0096,prm,cycle,0.0,20.0,30.0,1,0,0,0,0,0,0,100.18559955909478,241.8201314204107,100.18559955909478,0.0
random-s0-0096,prm,cycle,0.0,100.0,30.0,1,0,0,0,0,0,0,100.18559955909431,217.25437085593603,100.18559955909431,0.0
random-s0-0096,prm,cycle,50.0,20.0,30.0,1,0,0,0,0,0,0,100.18559955909478,234.9958557235312,100.18559955909478,0.0
random-s0-0096,prm,cycle,50.0,100.0,30.0,1,0,0,0,0,0,0,100.18559955909431,204.53226189440096,100.18559955909431,0.0
random-s0-0096,prm,cycle,150.0,20.0,30.0,1,0,0,0,0,0,0,142.98004843960052,142.98004843960052,204.1573000818583,0.0
random-s0-0096,prm,cycle,150.0,100.0,30.0,1,0,0,0,0,0,0,100.18559955909431,250.5800080881248,100.18559955909431,0.0
random-s0-0096,prm,event,0.0,20.0,30.0,1,0,0,0,0,0,0,100.18559955909478,226.69235676197437,100.18559955909478,0.0
random-s0-0096,prm,event,0.0,100.0,30.0,1,0,0,0,0,0,0,100.18559955909431,217.25437085593603,100.18559955909431,0.0
random-s0-0096,prm,event,50.0,20.0,30.0,1,0,0,0,0,0,0,100.18559955909478,202.95905650754992,100.18559955909478,0.0
random-s0-0096,prm,event,50.0,100.0,30.0,1,0,0,0,0,0,0,100.18559955909431,204.53226189440096,100.18559955909431,0.0
random-s0-0096,prm,event,150.0,20.0,30.0,1,0,0,0,0,0,0,142.98004843960052,142.98004843960052,204.1573000818583,0.0
random-s0-0096,prm,event,150.0,100.0,30.0,1,0,0,0,0,0,0,100.18559955909431,330.04987949990664,100.18559955909431,0.0
random-s0-0096,visibility,once,0.0,20.0,30.0,1,0,1,0,1,0,0,-15.769799158691823,-15.769799158691823,100.1855995590941,60.0
random-s0-0096,visibility,cycle,0.0,20.0,30.0,1,0,0,0,0,0,0,32.20578710253454,32.20578710253454,100.18559955909478,0.0
random-s0-0096,visibility,cycle,0.0,100.0,30.0,1,0,1,0,1,0,0,-11.094313098122228,-11.094313098122228,100.18559955909431,40.0
random-s0-0096,visibility,cycle,50.0,20.0,30.0,1,0,0,0,0,0,0,6.136327960351622,6.136327960351622,100.18559955909478,0.0
random-s0-0096,visibility,cycle,50.0,100.0,30.0,1,0,1,0,1,0,0,-1.2660409241725858,-1.2660409241725858,100.18559955909431,20.0
random-s0-0096,visibility,cycle,150.0,20.0,30.0,1,0,0,0,0,0,0,8.309644757757894,8.309644757757894,70.57266020368266,0.0
random-s0-0096,visibility,cycle,150.0,100.0,30.0,1,0,0,0,0,0,0,100.18559955909431,253.96544308896603,100.18559955909431,0.0
random-s0-0096,visibility,event,0.0,20.0,30.0,1,0,0,0,0,0,0,31.89662895807641,31.89662895807641,100.18559955909478,0.0
random-s0-0096,visibility,event,0.0,100.0,30.0,1,0,1,0,1,0,0,-11.094313098122228,-11.094313098122228,100.18559955909431,40.0
random-s0-0096,visibility,event,50.0,20.0,30.0,1,0,0,0,0,0,0,100.18559955909478,214.63459656942865,100.18559955909478,0.0
random-s0-0096,visibility,event,50.0,100.0,30.0,1,0,1,0,1,0,0,-1.2660409241725858,-1.2660409241725858,100.18559955909431,20.0
random-s0-0096,visibility,event,150.0,20.0,30.0,1,0,0,0,0,0,0,9.417115447780958,9.417115447780958,104.36399069158858,0.0
random-s0-0096,visibility,event,150.0,100.0,30.0,1,0,0,0,0,0,0,100.18559955909431,256.980884492859,100.18559955909431,0.0
random-s0-0097,voronoi,once,0.0,20.0,30.0,1,0,0,0,0,0,0,24.21179738733824,24.21179738733824,171.22402049310557,0.0
random-s0-0097,voronoi,cycle,0.0,20.0,30.0,1,0,0,0,0,0,0,2.1638645594445904,143.79706500784704,2.1638645594445904,0.0
random-s0-0097,voronoi,cycle,0.0,100.0,30.0,1,0,0,0,0,0,0,46.32521429547751,57.90387216638371,46.32521429547751,0.0
random-s0-0097,voronoi,cycle,50.0,20.0,30.0,1,0,0,0,0,0,0,30.27728028546761,223.06718763451784,30.27728028546761,0.0
random-s0-0097,voronoi,cycle,50.0,100.0,30.0,1,0,0,0,0,0,0,50.27731673512881,52.32991083783264,50.27731673512881,0.0
random-s0-0097,voronoi,cycle,150.0,20.0,30.0,1,0,0,0,0,0,0,52.73834341333293,52.73834341333293,55.717703555224034,0.0
random-s0-0097,voronoi,cycle,150.0,100.0,30.0,1,0,0,0,0,0,0,43.90553860560192,57.90387216638371,43.90553860560192,0.0
random-s0-0097,voronoi,event,0.0,20.0,30.0,1,0,0,0,0,0,0,5.174682122393534,5.174682122393534,38.81766254138526,0.0
random-s0-0097,voronoi,event,0.0,100.0,30.0,1,0,0,0,0,0,0,24.21179738733824,24.21179738733824,59.588994159276666,0.0
random-s0-0097,voronoi,event,50.0,20.0,30.0,1,0,0,0,0,0,0,40.9654449873666,169.333186596041,40.9654449873666,0.0
random-s0-0097,voronoi,event,50.0,100.0,30.0,1,0,0,0,0,0,0,52.32991083783264,52.32991083783264,92.74813033595342,0.0
random-s0-0097,voronoi,event,150.0,20.0,30.0,1,0,0,0,0,0,0,80.40577014593731,204.24046960537328,80.40577014593731,0.0
random-s0-0097,voronoi,event,150.0,100.0,30.0,1,0,0,0,0,0,0,57.90387216638371,57.90387216638371,85.12485134136926,0.0
random-s0-0097,prm,once,0.0,20.0,30.0,1,0,0,0,0,0,0,48.22863074950811,57.90387216638371,48.22863074950811,0.0
random-s0-0097,prm,cycle,0.0,20.0,30.0,1,0,0,0,0,0,0,35.06371219584938,35.06371219584938,131.83436716014387,0.0
random-s0-0097,prm,cycle,0.0,100.0,30.0,1,0,0,0,0,0,0,57.90387216638371,57.90387216638371,63.25021891565072,0.0
random-s0-0097,prm,cycle,50.0,20.0,30.0,1,0,0,0,0,0,0,30.218512459423607,30.218512459423607,115.14371245899925,0.0
random-s0-0097,prm,cycle,50.0,100.0,30.0,1,0,0,0,0,0,0,57.90387216638371,57.90387216638371,68.88893885061412,0.0
random-s0-0097,prm,cycle,150.0,20.0,30.0,1,0,0,0,0,0,0,30.39568905590181,39.59935956344813,30.39568905590181,0.0
random-s0-0097,prm,cycle,150.0,100.0,30.0,1,0,0,0,0,0,0,52.71252737211776,57.90387216638371,52.71252737211776,0.0
random-s0-0097,prm,event,0.0,20.0,30.0,1,0,0,0,0,0,0,37.88705689690863,37.88705689690863,48.22863074950811,0.0
random-s0-0097,prm,event,0.0,100.0,30.0,1,0,0,0,0,0,0,48.228630749508085,57.90387216638371,48.228630749508085,0.0
random-s0-0097,prm,event,50.0,20.0,30.0,1,0,0,0,0,0,0,37.0952481761012,37.0952481761012,54.85988447059401,0.0
random-s0-0097,prm,event,50.0,100.0,30.0,1,0,0,0,0,0,0,48.228630749508085,57.90387216638371,48.228630749508085,0.0
random-s0-0097,prm,event,150.0,20.0,30.0,1,0,0,0,0,0,0,31.60572586063276,57.90387216638371,31.60572586063276,0.0
random-s0-0097,prm,event,150.0,100.0,30.0,1,0,0,0,0,0,0,39.47692446910381,57.90387216638371,39.47692446910381,0.0
random-s0-0097,visibility,once,0.0,20.0,30.0,1,0,0,0,0,0,0,41.01051733319778,57.90387216638371,41.01051733319778,0.0
random-s0-0097,visibility,cycle,0.0,20.0,30.0,1,0,0,0,0,0,0,30.001871313921725,223.06718763451784,30.001871313921725,0.0
random-s0-0097,visibility,cycle,0.0,100.0,30.0,1,0,0,0,0,0,0,31.14317708382237,57.90387216638371,31.14317708382237,0.0
random-s0-0097,visibility,cycle,50.0,20.0,30.0,1,0,0,0,0,0,0,30.605387867534034,223.06718763451784,30.605387867534034,0.0
random-s0-0097,visibility,cycle,50.0,100.0,30.0,1,0,0,0,0,0,0,31.14317708382237,57.90387216638371,31.14317708382237,0.0
random-s0-0097,visibility,cycle,150.0,20.0,30.0,1,0,1,0,1,0,0,-172.4318405193821,-172.4318405193821,23.979654733591477,620.0000000000002
random-s0-0097,visibility,cycle,150.0,100.0,30.0,1,0,0,0,0,0,0,31.14317708382237,57.90387216638371,31.14317708382237,0.0
random-s0-0097,visibility,event,0.0,20.0,30.0,1,0,0,0,0,0,0,30.09626538856631,223.06718763451784,30.09626538856631,0.0
random-s0-0097,visibility,event,0.0,100.0,30.0,1,0,0,0,0,0,0,33.26186894862812,57.90387216638371,33.26186894862812,0.0
random-s0-0097,visibility,event,50.0,20.0,30.0,1,0,0,0,0,0,0,30.59316699547861,223.06718763451784,30.59316699547861,0.0
random-s0-0097,visibility,event,50.0,100.0,30.0,1,0,0,0,0,0,0,31.0532028094884,57.90387216638371,31.0532028094884,0.0
random-s0-0097,visibility,event,150.0,20.0,30.0,1,0,0,0,0,0,0,7.759410288575054,51.505728902682,7.759410288575054,0.0
random-s0-0097,visibility,event,150.0,100.0,30.0,1,0,0,0,0,0,0,3.898965695035741,57.90387216638371,3.898965695035741,0.0
random-s0-0098,voronoi,once,0.0,20.0,30.0,1,0,1,0,1,0,0,-101.0768232474264,-101.0768232474264,91.59910407658651,40.0
random-s0-0098,voronoi,cycle,0.0,20.0,30.0,1,0,0,0,0,0,0,43.62689519647736,43.62689519647736,48.6785507176094,0.0
random-s0-0098,voronoi,cycle,0.0,100.0,30.0,1,0,0,0,0,0,0,91.59910407658634,158.89430708602202,91.59910407658634,0.0
random-s0-0098,voronoi,cycle,50.0,20.0,30.0,1,0,0,0,0,0,0,44.48933819532232,79.70376959675576,44.48933819532232,0.0
random-s0-0098,voronoi,cycle,50.0,100.0,30.0,1,0,0,0,0,0,0,71.6313310951777,71.6313310951777,91.59910407658634,0.0
random-s0-0098,voronoi,cycle,150.0,20.0,30.0,1,0,0,0,0,0,0,53.215209653643655,510.8974961996954,53.215209653643655,0.0
random-s0-0098,voronoi,cycle,150.0,100.0,30.0,1,0,0,0,0,0,0,91.59910407658634,564.3223774320091,91.59910407658634,0.0
random-s0-0098,voronoi,event,0.0,20.0,30.0,1,0,0,0,0,0,0,50.317810694227376,112.142485271922,50.317810694227376,0.0
random-s0-0098,voronoi,event,0.0,100.0,30.0,1,0,0,0,0,0,0,44.327531850114894,44.327531850114894,91.59910407658634,0.0
random-s0-0098,voronoi,event,50.0,20.0,30.0,1,0,0,0,0,0,0,50.317810694227376,206.95586583079853,50.317810694227376,0.0
random-s0-0098,voronoi,event,50.0,100.0,30.0,1,0,0,0,0,0,0,91.59910407658634,174.0265153886951,91.59910407658634,0.0
random-s0-0098,voronoi,event,150.0,20.0,30.0,1,0,0,0,0,0,0,35.60509689787193,540.3957395973538,35.60509689787193,0.0
random-s0-0098,voronoi,event,150.0,100.0,30.0,1,0,0,0,0,0,0,91.59910407658634,586.6385603784354,91.59910407658634,0.0
random-s0-0098,prm,once,0.0,20.0,30.0,1,0,1,0,1,0,0,-101.0768232474264,-101.0768232474264,79.75756238711739,40.0
random-s0-0098,prm,cycle,0.0,20.0,30.0,1,0,0,0,0,0,0,48.15300743729858,99.04946177286575,48.15300743729858,0.0
random-s0-0098,prm,cycle,0.0,100.0,30.0,1,0,0,0,0,0,0,71.29098045943488,122.3061455975656,71.29098045943488,0.0
random-s0-0098,prm,cycle,50.0,20.0,30.0,1,0,0,0,0,0,0,48.15300743729858,533.9175920442281,48.15300743729858,0.0
random-s0-0098,prm,cycle,50.0,100.0,30.0,1,0,0,0,0,0,0,71.29098045943488,359.1100766114255,71.29098045943488,0.0
random-s0-0098,prm,cycle,150.0,20.0,30.0,1,0,0,0,0,0,0,48.15300743729858,178.47461976625448,48.15300743729858,0.0
random-s0-0098,prm,cycle,150.0,100.0,30.0,1,0,0,0,0,0,0,71.29098045943488,304.36245012077296,71.29098045943488,0.0
random-s0-0098,prm,event,0.0,20.0,30.0,1,0,0,0,0,0,0,48.15300743729858,99.04946177286575,48.15300743729858,0.0
random-s0-0098,prm,event,0.0,100.0,30.0,1,0,0,0,0,0,0,71.29098045943488,122.3061455975656,71.29098045943488,0.0
random-s0-0098,prm,event,50.0,20.0,30.0,1,0,0,0,0,0,0,48.15300743729858,225.45047534058017,48.15300743729858,0.0
random-s0-0098,prm,event,50.0,100.0,30.0,1,0,0,0,0,0,0,71.29098045943488,483.9625463967377,71.29098045943488,0.0
random-s0-0098,prm,event,150.0,20.0,30.0,1,0,0,0,0,0,0,48.15300743729858,89.35784981001763,48.15300743729858,0.0
random-s0-0098,prm,event,150.0,100.0,30.0,1,0,0,0,0,0,0,71.29098045943488,304.36245012077296,71.29098045943488,0.0
random-s0-0098,visibility,once,0.0,20.0,30.0,1,0,2,1,1,0,1,-101.0768232474264,-101.0768232474264,-42.22498352413626,140.0
random-s0-0098,visibility,cycle,0.0,20.0,30.0,1,0,0,0,0,0,0,30.65552504466945,52.53635375575311,30.65552504466945,0.0
random-s0-0098,visibility,cycle,0.0,100.0,30.0,1,0,0,0,0,0,0,30.655525044669503,47.55371046766993,30.655525044669503,0.0
random-s0-0098,visibility,cycle,50.0,20.0,30.0,1,0,0,0,0,0,0,1.0560814890467611,1.0560814890467611,30.65552504466945,0.0
random-s0-0098,visibility,cycle,50.0,100.0,30.0,1,0,0,0,0,0,0,30.655525044669503,76.54665174125654,30.655525044669503,0.0
random-s0-0098,visibility,cycle,150.0,20.0,30.0,1,0,0,0,0,0,0,30.65552504466945,97.9414617191149,30.65552504466945,0.0
random-s0-0098,visibility,cycle,150.0,100.0,30.0,1,0,0,0,0,0,0,30.655525044669503,49.624727340314365,30.655525044669503,0.0
random-s0-0098,visibility,event,0.0,20.0,30.0,1,0,0,0,0,0,0,30.65552504466945,58.25500468262141,30.65552504466945,0.0
random-s0-0098,visibility,event,0.0,100.0,30.0,1,0,0,0,0,0,0,30.655525044669503,62.5973605945033,30.655525044669503,0.0
random-s0-0098,visibility,event,50.0,20.0,30.0,1,0,0,0,0,0,0,30.65552504466945,40.10697000403914,30.65552504466945,0.0
random-s0-0098,visibility,event,50.0,100.0,30.0,1,0,0,0,0,0,0,30.655525044669503,109.19234537977708,30.655525044669503,0.0
random-s0-0098,visibility,event,150.0,20.0,30.0,1,0,0,0,0,0,0,30.65552504466945,139.50694317283666,30.65552504466945,0.0
random-s0-0098,visibility,event,150.0,100.0,30.0,1,0,0,0,0,0,0,30.655525044669503,171.1839669579872,30.655525044669503,0.0
random-s0-0099,voronoi,once,0.0,20.0,30.0,1,0,0,0,0,0,0,31.160954918930344,345.70098604293025,31.160954918930344,0.0
random-s0-0099,voronoi,cycle,0.0,20.0,30.0,1,0,0,0,0,0,0,31.160954918930003,345.70098604293025,31.160954918930003,0.0
random-s0-0099,voronoi,cycle,0.0,100.0,30.0,1,0,0,0,0,0,0,31.160954918930344,345.70098604293025,31.160954918930344,0.0
random-s0-0099,voronoi,cycle,50.0,20.0,30.0,1,0,0,0,0,0,0,31.160954918930003,345.70098604293025,31.160954918930003,0.0
random-s0-0099,voronoi,cycle,50.0,100.0,30.0,1,0,0,0,0,0,0,31.160954918930344,345.70098604293025,31.160954918930344,0.0
random-s0-0099,voronoi,cycle,150.0,20.0,30.0,1,0,0,0,0,0,0,36.61237298389011,337.2997429073456,36.61237298389011,0.0
random-s0-0099,voronoi,cycle,150.0,100.0,30.0,1,0,0,0,0,0,0,31.160954918930344,342.71658048041854,31.160954918930344,0.0
random-s0-0099,voronoi,event,0.0,20.0,30.0,1,0,0,0,0,0,0,31.160954918930003,345.70098604293025,31.160954918930003,0.0
random-s0-0099,voronoi,event,0.0,100.0,30.0,1,0,0,0,0,0,0,31.160954918930344,345.70098604293025,31.160954918930344,0.0
random-s0-0099,voronoi,event,50.0,20.0,30.0,1,0,0,0,0,0,0,31.160954918930003,345.70098604293025,31.160954918930003,0.0
random-s0-0099,voronoi,event,50.0,100.0,30.0,1,0,0,0,0,0,0,31.160954918930344,345.70098604293025,31.160954918930344,0.0
random-s0-0099,voronoi,event,150.0,20.0,30.0,1,0,0,0,0,0,0,32.887269848132576,364.12041321987545,32.887269848132576,0.0
random-s0-0099,voronoi,event,150.0,100.0,30.0,1,0,0,0,0,0,0,31.160954918930344,342.0026455564117,31.160954918930344,0.0
random-s0-0099,prm,once,0.0,20.0,30.0,1,0,0,0,0,0,0,31.160954918930344,345.70098604293025,31.160954918930344,0.0
random-s0-0099,prm,cycle,0.0,20.0,30.0,1,0,0,0,0,0,0,31.160954918930003,345.70098604293025,31.160954918930003,0.0
random-s0-0099,prm,cycle,0.0,100.0,30.0,1,0,0,0,0,0,0,31.160954918930344,345.70098604293025,31.160954918930344,0.0
random-s0-0099,prm,cycle,50.0,20.0,30.0,1,0,0,0,0,0,0,31.160954918930003,290.4896710764809,31.160954918930003,0.0
random-s0-0099,prm,cycle,50.0,100.0,30.0,1,0,0,0,0,0,0,31.160954918930344,345.70098604293025,31.160954918930344,0.0
random-s0-0099,prm,cycle,150.0,20.0,30.0,1,0,0,0,0,0,0,31.160954918930003,248.644827203328,31.160954918930003,0.0
random-s0-0099,prm,cycle,150.0,100.0,30.0,1,0,0,0,0,0,0,31.160954918930344,261.1917686312986,31.160954918930344,0.0
random-s0-0099,prm,event,0.0,20.0,30.0,1,0,0,0,0,0,0,31.160954918930003,345.70098604293025,31.160954918930003,0.0
random-s0-0099,prm,event,0.0,100.0,30.0,1,0,0,0,0,0,0,31.160954918930344,345.70098604293025,31.160954918930344,0.0
random-s0-0099,prm,event,50.0,20.0,30.0,1,0,0,0,0,0,0,31.160954918930003,295.4034408069353,31.160954918930003,0.0
random-s0-0099,prm,event,50.0,100.0,30.0,1,0,0,0,0,0,0,31.160954918930344,345.70098604293025,31.160954918930344,0.0
random-s0-0099,prm,event,150.0,20.0,30.0,1,0,0,0,0,0,0,31.160954918930003,32.17009460930859,31.160954918930003,0.0
random-s0-0099,prm,event,150.0,100.0,30.0,1,0,0,0,0,0,0,31.160954918930344,261.1917686312986,31.160954918930344,0.0
random-s0-0099,visibility,once,0.0,20.0,30.0,1,0,0,0,0,0,0,31.160954918930344,345.70098604293025,31.160954918930344,0.0
random-s0-0099,visibility,cycle,0.0,20.0,30.0,1,0,0,0,0,0,0,31.160954918930003,345.70098604293025,31.160954918930003,0.0
random-s0-0099,visibility,cycle,0.0,100.0,30.0,1,0,0,0,0,0,0,31.160954918930344,345.70098604293025,31.160954918930344,0.0
random-s0-0099,visibility,cycle,50.0,20.0,30.0,1,0,0,0,0,0,0,31.160954918930003,345.70098604293025,31.160954918930003,0.0
random-s0-0099,visibility,cycle,50.0,100.0,30.0,1,0,0,0,0,0,0,31.160954918930344,345.70098604293025,31.160954918930344,0.0
random-s0-0099,visibility,cycle,150.0,20.0,30.0,1,0,0,0,0,0,0,31.160954918930003,284.7576298077007,31.160954918930003,0.0
random-s0-0099,visibility,cycle,150.0,100.0,30.0,1,0,0,0,0,0,0,31.160954918930344,337.5100873834448,31.160954918930344,0.0
random-s0-0099,visibility,event,0.0,20.0,30.0,1,0,0,0,0,0,0,31.160954918930003,345.70098604293025,31.160954918930003,0.0
random-s0-0099,visibility,event,0.0,100.0,30.0,1,0,0,0,0,0,0,31.160954918930344,345.70098604293025,31.160954918930344,0.0
random-s0-0099,visibility,event,50.0,20.0,30.0,1,0,0,0,0,0,0,31.160954918930003,345.70098604293025,31.160954918930003,0.0
random-s0-0099,visibility,event,50.0,100.0,30.0,1,0,0,0,0,0,0,31.160954918930344,345.70098604293025,31.160954918930344,0.0
random-s0-0099,visibility,event,150.0,20.0,30.0,1,0,0,0,0,0,0,31.160954918930003,66.09146513793408,31.160954918930003,0.0
random-s0-0099,visibility,event,150.0,100.0,30.0,1,0,0,0,0,0,0,31.160954918930344,337.5100873834448,31.160954918930344,0.0
random-s0-0100,voronoi,once,0.0,20.0,30.0,1,0,0,0,0,0,0,46.22082050117885,645.6681589280023,46.22082050117885,0.0
random-s0-0100,voronoi,cycle,0.0,20.0,30.0,1,0,0,0,0,0,0,46.22082050117885,416.6736086302128,46.22082050117885,0.0
random-s0-0100,voronoi,cycle,0.0,100.0,30.0,1,0,0,0,0,0,0,46.22082050117925,350.69796897306696,46.22082050117925,0.0
random-s0-0100,voronoi,cycle,50.0,20.0,30.0,1,0,0,0,0,0,0,46.22082050117885,451.31252485240566,46.22082050117885,0.0
random-s0-0100,voronoi,cycle,50.0,100.0,30.0,1,0,0,0,0,0,0,46.22082050117925,705.0541691571505,46.22082050117925,0.0
random-s0-0100,voronoi,cycle,150.0,20.0,30.0,1,0,0,0,0,0,0,38.46160386632653,213.77786853396543,38.46160386632653,0.0
random-s0-0100,voronoi,cycle,150.0,100.0,30.0,1,0,0,0,0,0,0,43.42398185917844,147.0537222321052,43.42398185917844,0.0
random-s0-0100,voronoi,event,0.0,20.0,30.0,1,0,0,0,0,0,0,46.22082050117885,392.86339324367657,46.22082050117885,0.0
random-s0-0100,voronoi,event,0.0,100.0,30.0,1,0,0,0,0,0,0,46.22082050117925,350.69796897306696,46.22082050117925,0.0
random-s0-0100,voronoi,event,50.0,20.0,30.0,1,0,0,0,0,0,0,46.22082050117885,449.45489865583806,46.22082050117885,0.0
random-s0-0100,voronoi,event,50.0,100.0,30.0,1,0,0,0,0,0,0,46.22082050117925,705.4578775012217,46.22082050117925,0.0
random-s0-0100,voronoi,event,150.0,20.0,30.0,1,0,0,0,0,0,0,37.63587359086935,325.0739999050265,37.63587359086935,0.0
random-s0-0100,voronoi,event,150.0,100.0,30.0,1,0,0,0,0,0,0,43.42398185917844,190.9707735376737,43.42398185917844,0.0
random-s0-0100,prm,once,0.0,20.0,30.0,1,0,0,0,0,0,0,46.22082050117885,645.6681589280023,46.22082050117885,0.0
random-s0-0100,prm,cycle,0.0,20.0,30.0,1,0,0,0,0,0,0,46.22082050117885,609.325938619391,46.22082050117885,0.0
random-s0-0100,prm,cycle,0.0,100.0,30.0,1,0,0,0,0,0,0,46.22082050117925,522.5462047081527,46.22082050117925,0.0
random-s0-0100,prm,cycle,50.0,20.0,30.0,1,0,0,0,0,0,0,46.22082050117885,795.866838989412,46.22082050117885,0.0
random-s0-0100,prm,cycle,50.0,100.0,30.0,1,0,0,0,0,0,0,46.22082050117925,892.9557505198388,46.22082050117925,0.0
random-s0-0100,prm,cycle,150.0,20.0,30.0,1,0,0,0,0,0,0,45.897105126721016,496.9085425352242,45.897105126721016,0.0
random-s0-0100,prm,cycle,150.0,100.0,30.0,1,0,0,0,0,0,0,46.22082050117925,645.6681589280023,46.22082050117925,0.0
random-s0-0100,prm,event,0.0,20.0,30.0,1,0,0,0,0,0,0,46.22082050117885,609.325938619391,46.22082050117885,0.0
random-s0-0100,prm,event,0.0,100.0,30.0,1,0,0,0,0,0,0,46.22082050117925,522.5462047081527,46.22082050117925,0.0
random-s0-0100,prm,event,50.0,20.0,30.0,1,0,0,0,0,0,0,46.22082050117885,744.0584886489273,46.22082050117885,0.0
random-s0-0100,prm,event,50.0,100.0,30.0,1,0,0,0,0,0,0,46.22082050117925,892.9557505198388,46.22082050117925,0.0
random-s0-0100,prm,event,150.0,20.0,30.0,1,0,0,0,0,0,0,45.897105126721016,760.5113286367199,45.897105126721016,0.0
random-s0-0100,prm,event,150.0,100.0,30.0,1,0,0,0,0,0,0,46.22082050117925,645.6681589280023,46.22082050117925,0.0
random-s0-0100,visibility,once,0.0,20.0,30.0,1,0,0,0,0,0,0,46.22082050117885,645.6681589280023,46.22082050117885,0.0
random-s0-0100,visibility,cycle,0.0,20.0,30.0,1,0,0,0,0,0,0,46.22082050117885,647.4201106534061,46.22082050117885,0.0
random-s0-0100,visibility,cycle,0.0,100.0,30.0,1,0,0,0,0,0,0,46.22082050117925,564.1752212373094,46.22082050117925,0.0
random-s0-0100,visibility,cycle,50.0,20.0,30.0,1,0,0,0,0,0,0,46.22082050117885,855.8328688464128,46.22082050117885,0.0
random-s0-0100,visibility,cycle,50.0,100.0,30.0,1,0,0,0,0,0,0,46.22082050117925,892.9557505198388,46.22082050117925,0.0
random-s0-0100,visibility,cycle,150.0,20.0,30.0,1,0,0,0,0,0,0,45.82204026615054,927.439458442398,45.82204026615054,0.0
random-s0-0100,visibility,cycle,150.0,100.0,30.0,1,0,0,0,0,0,0,46.22082050117925,645.6681589280023,46.22082050117925,0.0
random-s0-0100,visibility,event,0.0,20.0,30.0,1,0,0,0,0,0,0,46.22082050117885,650.6248885493569,46.22082050117885,0.0
random-s0-0100,visibility,event,0.0,100.0,30.0,1,0,0,0,0,0,0,46.22082050117925,564.1752212373094,46.22082050117925,0.0
random-s0-0100,visibility,event,50.0,20.0,30.0,1,0,0,0,0,0,0,46.22082050117885,780.2660514211809,46.22082050117885,0.0
random-s0-0100,visibility,event,50.0,100.0,30.0,1,0,0,0,0,0,0,46.22082050117925,892.9557505198388,46.22082050117925,0.0
random-s0-0100,visibility,event,150.0,20.0,30.0,1,0,0,0,0,0,0,45.68823650820596,923.9571518048252,45.68823650820596,0.0
random-s0-0100,visibility,event,150.0,100.0,30.0,1,0,0,0,0,0,0,46.22082050117925,645.6681589280023,46.22082050117925,0.0
random-s0-0101,voronoi,once,0.0,20.0,30.0,1,0,2,1,1,1,0,-169.65519973178016,-169.65519973178016,-46.7874335029556,320.0
random-s0-0101,voronoi,cycle,0.0,20.0,30.0,1,0,0,0,0,0,0,24.25948894589962,43.286666477334734,24.25948894589962,0.0
random-s0-0101,voronoi,cycle,0.0,100.0,30.0,1,0,0,0,0,0,0,28.340389765206,43.286666477334734,28.340389765206,0.0
random-s0-0101,voronoi,cycle,50.0,20.0,30.0,1,0,0,0,0,0,0,34.65222253621556,96.26739087374996,34.65222253621556,0.0
random-s0-0101,voronoi,cycle,50.0,100.0,30.0,1,0,0,0,0,0,0,52.60693808327838,252.03807932932975,52.60693808327838,0.0
random-s0-0101,voronoi,cycle,150.0,20.0,30.0,1,0,0,0,0,0,0,52.60693808327824,220.62645353737167,52.60693808327824,0.0
random-s0-0101,voronoi,cycle,150.0,100.0,30.0,1,0,0,0,0,0,0,3.7639071536129904,3.7639071536129904,52.60693808327838,0.0
random-s0-0101,voronoi,event,0.0,20.0,30.0,1,0,0,0,0,0,0,43.286666477334734,43.286666477334734,52.60693808327824,0.0
random-s0-0101,voronoi,event,0.0,100.0,30.0,1,0,0,0,0,0,0,43.286666477334734,43.286666477334734,52.60693808327838,0.0
random-s0-0101,voronoi,event,50.0,20.0,30.0,1,0,0,0,0,0,0,52.60693808327824,129.9857597351218,52.60693808327824,0.0
random-s0-0101,voronoi,event,50.0,100.0,30.0,1,0,0,0,0,0,0,52.60693808327838,148.10590080219572,52.60693808327838,0.0
random-s0-0101,voronoi,event,150.0,20.0,30.0,1,0,0,0,0,0,0,52.60693808327824,64.13037948132953,52.60693808327824,0.0
random-s0-0101,voronoi,event,150.0,100.0,30.0,1,0,2,0,2,0,0,-90.90979541587372,-90.90979541587372,52.60693808327838,520.0
random-s0-0101,prm,once,0.0,20.0,30.0,1,0,2,1,1,0,1,-169.65519973178016,-169.65519973178016,-74.59206313913116,320.0
random-s0-0101,prm,cycle,0.0,20.0,30.0,1,0,0,0,0,0,0,52.60693808327824,81.69062476090807,52.60693808327824,0.0
random-s0-0101,prm,cycle,0.0,100.0,30.0,1,0,0,0,0,0,0,43.286666477334734,43.286666477334734,52.60693808327838,0.0
random-s0-0101,prm,cycle,50.0,20.0,30.0,1,0,0,0,0,0,0,34.691871099456336,41.977365859237295,34.691871099456336,0.0
random-s0-0101,prm,cycle,50.0,100.0,30.0,1,0,0,0,0,0,0,52.60693808327838,95.97891272464848,52.60693808327838,0.0
random-s0-0101,prm,cycle,150.0,20.0,30.0,1,0,0,0,0,0,0,42.03823051727329,66.85146662411222,42.03823051727329,0.0
random-s0-0101,prm,cycle,150.0,100.0,30.0,1,0,0,0,0,0,0,52.60693808327838,356.7531888097608,52.60693808327838,0.0
random-s0-0101,prm,event,0.0,20.0,30.0,1,0,0,0,0,0,0,45.53370395454925,45.53370395454925,52.60693808327824,0.0
random-s0-0101,prm,event,0.0,100.0,30.0,1,0,0,0,0,0,0,40.50816325504829,40.50816325504829,52.60693808327838,0.0
random-s0-0101,prm,event,50.0,20.0,30.0,1,0,0,0,0,0,0,52.60693808327824,107.2930899254752,52.60693808327824,0.0
random-s0-0101,prm,event,50.0,100.0,30.0,1,0,0,0,0,0,0,52.60693808327838,113.0431731605642,52.60693808327838,0.0
random-s0-0101,prm,event,150.0,20.0,30.0,1,0,0,0,0,0,0,52.60693808327824,65.19347086132518,52.60693808327824,0.0
random-s0-0101,prm,event,150.0,100.0,30.0,1,0,0,0,0,0,0,52.60693808327838,68.75746828110832,52.60693808327838,0.0
random-s0-0101,visibility,once,0.0,20.0,30.0,1,0,1,0,1,0,0,-169.65519973178016,-169.65519973178016,28.393372302284437,259.99999999999994
random-s0-0101,visibility,cycle,0.0,20.0,30.0,1,0,0,0,0,0,0,30.47243541496914,67.32633295488142,30.47243541496914,0.0
random-s0-0101,visibility,cycle,0.0,100.0,30.0,1,0,0,0,0,0,0,32.14029174014175,34.80988802668739,32.14029174014175,0.0
random-s0-0101,visibility,cycle,50.0,20.0,30.0,1,0,0,0,0,0,0,30.212725213817663,177.97410547465086,30.212725213817663,0.0
random-s0-0101,visibility,cycle,50.0,100.0,30.0,1,0,0,0,0,0,0,31.742933467391737,169.60840283874575,31.742933467391737,0.0
random-s0-0101,visibility,cycle,150.0,20.0,30.0,1,0,0,0,0,0,0,24.944383431561903,159.66493499405857,24.944383431561903,0.0
random-s0-0101,visibility,cycle,150.0,100.0,30.0,1,0,0,0,0,0,0,25.7600204885874,173.60765765128565,25.7600204885874,0.0
random-s0-0101,visibility,event,0.0,20.0,30.0,1,0,0,0,0,0,0,22.06936470177428,67.32633295488142,22.06936470177428,0.0
random-s0-0101,visibility,event,0.0,100.0,30.0,1,0,0,0,0,0,0,20.99202372308716,34.80988802668739,20.99202372308716,0.0
random-s0-0101,visibility,event,50.0,20.0,30.0,1,0,0,0,0,0,0,17.761957548718414,177.83105131104674,17.761957548718414,0.0
random-s0-0101,visibility,event,50.0,100.0,30.0,1,0,0,0,0,0,0,20.391552806663757,184.83617295746348,20.391552806663757,0.0
random-s0-0101,visibility,event,150.0,20.0,30.0,1,0,0,0,0,0,0,9.61779109669274,9.61779109669274,21.996752174221054,0.0
random-s0-0101,visibility,event,150.0,100.0,30.0,1,0,0,0,0,0,0,4.046163360890319,4.046163360890319,21.253630206956014,0.0
random-s0-0102,voronoi,once,0.0,20.0,30.0,1,0,2,1,1,1,0,-71.39853446445338,-71.39853446445338,-53.81477581267234,480.00000000000017
random-s0-0102,voronoi,cycle,0.0,20.0,30.0,1,0,1,1,0,1,0,-53.81477581267234,61.71971057619572,-53.81477581267234,339.99999999999994
random-s0-0102,voronoi,cycle,0.0,100.0,30.0,1,0,1,1,0,1,0,-53.81477581267234,193.35457434666532,-53.81477581267234,339.9999999999998
random-s0-0102,voronoi,cycle,50.0,20.0,30.0,1,0,1,1,0,1,0,-53.81477581267234,260.2144551916137,-53.81477581267234,339.99999999999994
random-s0-0102,voronoi,cycle,50.0,100.0,30.0,1,0,1,1,0,1,0,-53.81477581267234,294.90852804895303,-53.81477581267234,339.9999999999998
random-s0-0102,voronoi,cycle,150.0,20.0,30.0,1,0,1,1,0,1,0,-53.81477581267234,311.81210605375145,-53.81477581267234,339.99999999999994
random-s0-0102,voronoi,cycle,150.0,100.0,30.0,1,0,1,1,0,1,0,-53.81477581267234,495.5953360168553,-53.81477581267234,339.9999999999998
random-s0-0102,voronoi,event,0.0,20.0,30.0,1,0,1,1,0,1,0,-53.81477581267234,49.51907780229442,-53.81477581267234,339.99999999999994
random-s0-0102,voronoi,event,0.0,100.0,30.0,1,0,1,1,0,1,0,-53.81477581267234,193.35457434666532,-53.81477581267234,339.9999999999998
random-s0-0102,voronoi,event,50.0,20.0,30.0,1,0,1,1,0,1,0,-53.81477581267234,242.91709462742307,-53.81477581267234,339.99999999999994
random-s0-0102,voronoi,event,50.0,100.0,30.0,1,0,1,1,0,1,0,-53.81477581267234,289.43793874679244,-53.81477581267234,339.9999999999998
random-s0-0102,voronoi,event,150.0,20.0,30.0,1,0,1,1,0,1,0,-53.81477581267234,344.2021347632981,-53.81477581267234,339.99999999999994
random-s0-0102,voronoi,event,150.0,100.0,30.0,1,0,1,1,0,1,0,-53.81477581267234,440.7038635082389,-53.81477581267234,339.9999999999998
random-s0-0102,prm,once,0.0,20.0,30.0,1,0,0,0,0,0,0,73.91881275256608,73.91881275256608,161.52096568146408,0.0
random-s0-0102,prm,cycle,0.0,20.0,30.0,1,0,0,0,0,0,0,34.130505572152884,34.130505572152884,161.52096568146408,0.0
random-s0-0102,prm,cycle,0.0,100.0,30.0,1,0,0,0,0,0,0,34.130505572153,34.130505572153,161.52096568146408,0.0
random-s0-0102,prm,cycle,50.0,20.0,30.0,1,0,0,0,0,0,0,34.130505572152884,34.130505572152884,161.52096568146408,0.0
random-s0-0102,prm,cycle,50.0,100.0,30.0,1,0,0,0,0,0,0,34.130505572153,34.130505572153,161.52096568146408,0.0
random-s0-0102,prm,cycle,150.0,20.0,30.0,1,0,0,0,0,0,0,34.130505572152884,34.130505572152884,161.52096568146408,0.0
random-s0-0102,prm,cycle,150.0,100.0,30.0,1,0,0,0,0,0,0,34.130505572153,34.130505572153,161.52096568146408,0.0
random-s0-0102,prm,event,0.0,20.0,30.0,1,0,0,0,0,0,0,34.130505572152884,34.130505572152884,161.52096568146408,0.0
random-s0-0102,prm,event,0.0,100.0,30.0,1,0,0,0,0,0,0,34.130505572153,34.130505572153,161.52096568146408,0.0
random-s0-0102,prm,event,50.0,20.0,30.0,1,0,0,0,0,0,0,34.130505572152884,34.130505572152884,161.52096568146408,0.0
random-s0-0102,prm,event,50.0,100.0,30.0,1,0,0,0,0,0,0,34.130505572153,34.130505572153,161.52096568146408,0.0
random-s0-0102,prm,event,150.0,20.0,30.0,1,0,0,0,0,0,0,34.130505572152884,34.130505572152884,161.52096568146408,0.0
random-s0-0102,prm,event,150.0,100.0,30.0,1,0,0,0,0,0,0,34.130505572153,34.130505572153,161.52096568146408,0.0
random-s0-0102,visibility,once,0.0,20.0,30.0,1,0,0,0,0,0,0,25.667918002623168,25.667918002623168,161.52096568146408,0.0
random-s0-0102,visibility,cycle,0.0,20.0,30.0,1,0,0,0,0,0,0,29.03705435142527,29.03705435142527,161.52096568146408,0.0
random-s0-0102,visibility,cycle,0.0,100.0,30.0,1,0,0,0,0,0,0,31.932684253362936,31.932684253362936,161.52096568146408,0.0
random-s0-0102,visibility,cycle,50.0,20.0,30.0,1,0,1,0,1,0,0,-1.6626821755827166,-1.6626821755827166,161.52096568146408,40.0
random-s0-0102,visibility,cycle,50.0,100.0,30.0,1,0,1,0,1,0,0,-13.3170181249956,-13.3170181249956,161.52096568146408,40.0
random-s0-0102,visibility,cycle,150.0,20.0,30.0,1,0,0,0,0,0,0,30.33703649699356,30.33703649699356,161.52096568146408,0.0
random-s0-0102,visibility,cycle,150.0,100.0,30.0,1,0,0,0,0,0,0,34.99103677486906,34.99103677486906,161.52096568146408,0.0
random-s0-0102,visibility,event,0.0,20.0,30.0,1,0,0,0,0,0,0,25.667918002623168,25.667918002623168,161.52096568146408,0.0
random-s0-0102,visibility,event,0.0,100.0,30.0,1,0,0,0,0,0,0,25.667918002623168,25.667918002623168,161.52096568146408,0.0
random-s0-0102,visibility,event,50.0,20.0,30.0,1,0,1,0,1,0,0,-1.7310015447232845,-1.7310015447232845,161.52096568146408,40.0
random-s0-0102,visibility,event,50.0,100.0,30.0,1,0,3,0,3,0,0,-10.481186361911,-10.481186361911,69.04909537054706,359.9999999999996
random-s0-0102,visibility,event,150.0,20.0,30.0,1,0,0,0,0,0,0,30.8598339016921,30.8598339016921,77.79634240729297,0.0
random-s0-0102,visibility,event,150.0,100.0,30.0,1,0,0,0,0,0,0,33.7220717897267,33.7220717897267,94.3351850140064,0.0
random-s0-0103,voronoi,once,0.0,20.0,30.0,1,0,2,0,2,0,0,-116.65078954302976,-116.65078954302976,78.16691968403518,500.0000000000001
random-s0-0103,voronoi,cycle,0.0,20.0,30.0,1,0,0,0,0,0,0,78.16691968403518,138.7005750411396,78.16691968403518,0.0
random-s0-0103,voronoi,cycle,0.0,100.0,30.0,1,0,0,0,0,0,0,49.93620777125966,74.35471838554707,49.93620777125966,0.0
random-s0-0103,voronoi,cycle,50.0,20.0,30.0,1,0,0,0,0,0,0,30.817734493999808,295.0616460898505,30.817734493999808,0.0
random-s0-0103,voronoi,cycle,50.0,100.0,30.0,1,0,0,0,0,0,0,57.83648769280751,295.0616460898507,57.83648769280751,0.0
random-s0-0103,voronoi,cycle,150.0,20.0,30.0,1,0,0,0,0,0,0,37.06386062084036,44.47009572350274,37.06386062084036,0.0
random-s0-0103,voronoi,cycle,150.0,100.0,30.0,1,0,0,0,0,0,0,44.470095723502766,44.470095723502766,63.78143507390928,0.0
random-s0-0103,voronoi,event,0.0,20.0,30.0,1,0,0,0,0,0,0,32.661155801522824,107.21347152216896,32.661155801522824,0.0
random-s0-0103,voronoi,event,0.0,100.0,30.0,1,0,0,0,0,0,0,36.06459346668044,118.58666005345884,36.06459346668044,0.0
random-s0-0103,voronoi,event,50.0,20.0,30.0,1,0,0,0,0,0,0,14.648684841333107,95.74468728090346,14.648684841333107,0.0
random-s0-0103,voronoi,event,50.0,100.0,30.0,1,0,0,0,0,0,0,46.88639499548023,225.0962335282425,46.88639499548023,0.0
random-s0-0103,voronoi,event,150.0,20.0,30.0,1,0,0,0,0,0,0,34.509181722209206,44.47009572350274,34.509181722209206,0.0
random-s0-0103,voronoi,event,150.0,100.0,30.0,1,0,0,0,0,0,0,44.470095723502766,44.470095723502766,44.52565725840705,0.0
random-s0-0103,prm,once,0.0,20.0,30.0,1,0,0,0,0,0,0,78.16691968403518,295.0616460898504,78.16691968403518,0.0
random-s0-0103,prm,cycle,0.0,20.0,30.0,1,0,0,0,0,0,0,36.14447923130282,295.0616460898505,36.14447923130282,0.0
random-s0-0103,prm,cycle,0.0,100.0,30.0,1,0,0,0,0,0,0,37.03839203930673,295.0616460898507,37.03839203930673,0.0
random-s0-0103,prm,cycle,50.0,20.0,30.0,1,0,0,0,0,0,0,33.66152161513605,295.0616460898505,33.66152161513605,0.0
random-s0-0103,prm,cycle,50.0,100.0,30.0,1,0,0,0,0,0,0,38.07592416745493,295.0616460898507,38.07592416745493,0.0
random-s0-0103,prm,cycle,150.0,20.0,30.0,1,0,0,0,0,0,0,33.66152161513605,295.0616460898505,33.66152161513605,0.0
random-s0-0103,prm,cycle,150.0,100.0,30.0,1,0,0,0,0,0,0,49.98836610517884,295.0616460898507,49.98836610517884,0.0
random-s0-0103,prm,event,0.0,20.0,30.0,1,0,0,0,0,0,0,30.68721348088837,295.0616460898505,30.68721348088837,0.0
random-s0-0103,prm,event,0.0,100.0,30.0,1,0,0,0,0,0,0,37.64338356395919,295.0616460898507,37.64338356395919,0.0
random-s0-0103,prm,event,50.0,20.0,30.0,1,0,0,0,0,0,0,30.68721348088837,295.0616460898505,30.68721348088837,0.0
random-s0-0103,prm,event,50.0,100.0,30.0,1,0,0,0,0,0,0,37.64338356395919,295.0616460898507,37.64338356395919,0.0
random-s0-0103,prm,event,150.0,20.0,30.0,1,0,0,0,0,0,0,30.733576567550585,295.0616460898505,30.733576567550585,0.0
random-s0-0103,prm,event,150.0,100.0,30.0,1,0,0,0,0,0,0,49.98836610517884,295.0616460898507,49.98836610517884,0.0
random-s0-0103,visibility,once,0.0,20.0,30.0,1,0,1,1,0,0,1,-1.2220585644203084,295.0616460898504,-1.2220585644203084,40.0
random-s0-0103,visibility,cycle,0.0,20.0,30.0,1,0,1,1,0,0,1,-1.2220585644203084,295.0616460898505,-1.2220585644203084,40.0
random-s0-0103,visibility,cycle,0.0,100.0,30.0,1,0,1,1,0,0,1,-1.2220585644203084,295.0616460898507,-1.2220585644203084,40.0
random-s0-0103,visibility,cycle,50.0,20.0,30.0,1,0,1,1,0,0,1,-1.2220585644203084,295.0616460898505,-1.2220585644203084,40.0
random-s0-0103,visibility,cycle,50.0,100.0,30.0,1,0,1,1,0,0,1,-1.2220585644203084,295.0616460898507,-1.2220585644203084,40.0
random-s0-0103,visibility,cycle,150.0,20.0,30.0,1,0,2,2,0,0,2,-153.3090774445144,295.0616460898505,-153.3090774445144,100.0
random-s0-0103,visibility,cycle,150.0,100.0,30.0,1,0,2,2,0,0,2,-163.18032193018766,295.0616460898507,-163.18032193018766,100.0
random-s0-0103,visibility,event,0.0,20.0,30.0,1,0,1,1,0,0,1,-1.2220585644203084,295.0616460898505,-1.2220585644203084,40.0
random-s0-0103,visibility,event,0.0,100.0,30.0,1,0,1,1,0,0,1,-1.2220585644203084,295.0616460898507,-1.2220585644203084,40.0
random-s0-0103,visibility,event,50.0,20.0,30.0,1,0,1,1,0,0,1,-1.2220585644203084,295.0616460898505,-1.2220585644203084,40.0
random-s0-0103,visibility,event,50.0,100.0,30.0,1,0,1,1,0,0,1,-1.2220585644203084,295.0616460898507,-1.2220585644203084,40.0
random-s0-0103,visibility,event,150.0,20.0,30.0,1,0,2,2,0,0,2,-153.6922929638735,295.0616460898505,-153.6922929638735,100.0
random-s0-0103,visibility,event,150.0,100.0,30.0,1,0,2,2,0,0,2,-144.7154736740764,295.0616460898507,-144.7154736740764,100.0
random-s0-0104,voronoi,once,0.0,20.0,30.0,1,0,1,1,0,0,1,-107.2999355772576,43.8040949816027,-107.2999355772576,180.0
random-s0-0104,voronoi,cycle,0.0,20.0,30.0,1,0,0,0,0,0,0,13.598254803373692,70.53327379817864,13.598254803373692,0.0
random-s0-0104,voronoi,cycle,0.0,100.0,30.0,1,0,0,0,0,0,0,7.530548365021445,57.545315415112015,7.530548365021445,0.0
random-s0-0104,voronoi,cycle,50.0,20.0,30.0,1,0,0,0,0,0,0,95.59981673869322,260.7400364436288,95.59981673869322,0.0
random-s0-0104,voronoi,cycle,50.0,100.0,30.0,1,0,0,0,0,0,0,95.59981673869294,260.7400364436288,95.59981673869294,0.0
random-s0-0104,voronoi,cycle,150.0,20.0,30.0,1,0,0,0,0,0,0,95.26899452415677,266.1654404033835,95.26899452415677,0.0
random-s0-0104,voronoi,cycle,150.0,100.0,30.0,1,0,0,0,0,0,0,18.2694353211954,18.2694353211954,86.67795108184629,0.0
random-s0-0104,voronoi,event,0.0,20.0,30.0,1,0,0,0,0,0,0,13.598254803373692,70.53327379817864,13.598254803373692,0.0
random-s0-0104,voronoi,event,0.0,100.0,30.0,1,0,0,0,0,0,0,7.530548365021445,57.545315415112015,7.530548365021445,0.0
random-s0-0104,voronoi,event,50.0,20.0,30.0,1,0,0,0,0,0,0,95.59981673869322,260.7400364436288,95.59981673869322,0.0
random-s0-0104,voronoi,event,50.0,100.0,30.0,1,0,0,0,0,0,0,95.59981673869294,260.7400364436288,95.59981673869294,0.0
random-s0-0104,voronoi,event,150.0,20.0,30.0,1,0,0,0,0,0,0,107.02776677514754,281.9163653152611,107.02776677514754,0.0
random-s0-0104,voronoi,event,150.0,100.0,30.0,1,0,1,1,0,0,1,-17.795477473632758,209.17627073650567,-17.795477473632758,200.0
random-s0-0104,prm,once,0.0,20.0,30.0,1,0,2,2,0,0,2,-107.2999355772576,43.8040949816027,-107.2999355772576,380.00000000000006
random-s0-0104,prm,cycle,0.0,20.0,30.0,1,0,0,0,0,0,0,29.99155366948591,29.99155366948591,30.25490283788389,0.0
random-s0-0104,prm,cycle,0.0,100.0,30.0,1,0,1,0,1,0,0,-16.19558940191098,-16.19558940191098,27.46466391649605,80.0
random-s0-0104,prm,cycle,50.0,20.0,30.0,1,0,0,0,0,0,0,66.45804170331024,68.47773090286964,66.45804170331024,0.0
random-s0-0104,prm,cycle,50.0,100.0,30.0,1,0,0,0,0,0,0,88.97448272547473,88.97448272547473,95.59981673869294,0.0
random-s0-0104,prm,cycle,150.0,20.0,30.0,1,0,0,0,0,0,0,72.72878517980485,72.72878517980485,131.0140464643464,0.0
random-s0-0104,prm,cycle,150.0,100.0,30.0,1,0,0,0,0,0,0,38.5795247063864,88.97448272547473,38.5795247063864,0.0
random-s0-0104,prm,event,0.0,20.0,30.0,1,0,0,0,0,0,0,30.25490283788389,36.58656413909205,30.25490283788389,0.0
random-s0-0104,prm,event,0.0,100.0,30.0,1,0,1,0,1,0,0,-16.19558940191098,-16.19558940191098,27.46466391649605,80.0
random-s0-0104,prm,event,50.0,20.0,30.0,1,0,0,0,0,0,0,66.45804170331024,231.57082746460708,66.45804170331024,0.0
random-s0-0104,prm,event,50.0,100.0,30.0,1,0,0,0,0,0,0,70.40148296284065,70.40148296284065,95.59981673869294,0.0
random-s0-0104,prm,event,150.0,20.0,30.0,1,0,0,0,0,0,0,33.77579108800688,33.77579108800688,42.04687712837253,0.0
random-s0-0104,prm,event,150.0,100.0,30.0,1,0,0,0,0,0,0,39.139539139135735,88.97448272547473,39.139539139135735,0.0
random-s0-0104,visibility,once,0.0,20.0,30.0,1,0,1,1,0,0,1,-107.2999355772576,43.8040949816027,-107.2999355772576,180.0
random-s0-0104,visibility,cycle,0.0,20.0,30.0,1,0,1,1,0,1,0,-72.96681979023187,119.2601851815449,-72.96681979023187,340.0
random-s0-0104,visibility,cycle,0.0,100.0,30.0,1,0,1,1,0,1,0,-81.94041224151412,66.8172791832385,-81.94041224151412,359.9999999999999
random-s0-0104,visibility,cycle,50.0,20.0,30.0,1,0,0,0,0,0,0,14.280965732736917,14.280965732736917,95.59981673869322,0.0
random-s0-0104,visibility,cycle,50.0,100.0,30.0,1,0,0,0,0,0,0,15.172168110257644,15.172168110257644,72.9240054330746,0.0
random-s0-0104,visibility,cycle,150.0,20.0,30.0,1,0,2,1,1,0,1,-121.59908880792156,-21.597865137318703,-121.59908880792156,459.999999999997
random-s0-0104,visibility,cycle,150.0,100.0,30.0,1,0,0,0,0,0,0,36.96472290184059,36.96472290184059,40.03007248652503,0.0
random-s0-0104,visibility,event,0.0,20.0,30.0,1,0,0,0,0,0,0,50.16387509031196,120.03904767198406,50.16387509031196,0.0
random-s0-0104,visibility,event,0.0,100.0,30.0,1,0,1,1,0,1,0,-74.77245111568676,66.8172791832385,-74.77245111568676,340.0
random-s0-0104,visibility,event,50.0,20.0,30.0,1,0,1,1,0,1,0,-2.9709342765695226,33.58525620001262,-2.9709342765695226,39.99999999999915
random-s0-0104,visibility,event,50.0,100.0,30.0,1,0,0,0,0,0,0,8.217169330069282,15.041581137034967,8.217169330069282,0.0
random-s0-0104,visibility,event,150.0,20.0,30.0,1,0,0,0,0,0,0,45.34672897925242,45.34672897925242,56.14236367220366,0.0
random-s0-0104,visibility,event,150.0,100.0,30.0,1,0,0,0,0,0,0,12.66518336264852,36.69774792176986,12.66518336264852,0.0
random-s0-0105,voronoi,once,0.0,20.0,30.0,1,0,2,0,2,0,0,-147.396489041017,-147.396489041017,185.74100125635343,100.0
random-s0-0105,voronoi,cycle,0.0,20.0,30.0,1,0,0,0,0,0,0,16.950488857716294,16.950488857716294,50.00496285591743,0.0
random-s0-0105,voronoi,cycle,0.0,100.0,30.0,1,0,3,0,3,0,0,-147.396489041017,-147.396489041017,76.39056533632856,239.9999999999999
random-s0-0105,voronoi,cycle,50.0,20.0,30.0,1,0,0,0,0,0,0,36.949605481967325,74.47364750224952,36.949605481967325,0.0
random-s0-0105,voronoi,cycle,50.0,100.0,30.0,1,0,1,0,1,0,0,-147.396489041017,-147.396489041017,76.39056533632856,60.0
random-s0-0105,voronoi,cycle,150.0,20.0,30.0,1,0,0,0,0,0,0,12.553492312300731,117.07133470636496,12.553492312300731,0.0
random-s0-0105,voronoi,cycle,150.0,100.0,30.0,1,0,2,0,2,0,0,-147.396489041017,-147.396489041017,76.39056533632856,100.0
random-s0-0105,voronoi,event,0.0,20.0,30.0,1,0,0,0,0,0,0,4.316140859050364,4.316140859050364,30.864927008686838,0.0
random-s0-0105,voronoi,event,0.0,100.0,30.0,1,0,3,0,3,0,0,-147.396489041017,-147.396489041017,76.39056533632856,239.9999999999999
random-s0-0105,voronoi,event,50.0,20.0,30.0,1,0,0,0,0,0,0,30.864927008686838,74.47364750224952,30.864927008686838,0.0
random-s0-0105,voronoi,event,50.0,100.0,30.0,1,0,1,0,1,0,0,-147.396489041017,-147.396489041017,76.39056533632856,60.0
random-s0-0105,voronoi,event,150.0,20.0,30.0,1,0,0,0,0,0,0,30.864927008686838,31.014246072834112,30.864927008686838,0.0
random-s0-0105,voronoi,event,150.0,100.0,30.0,1,0,2,0,2,0,0,-147.396489041017,-147.396489041017,76.39056533632856,100.0
random-s0-0105,prm,once,0.0,20.0,30.0,1,0,2,0,2,0,0,-147.396489041017,-147.396489041017,40.976993163574434,100.0
random-s0-0105,prm,cycle,0.0,20.0,30.0,1,0,0,0,0,0,0,32.20322290606936,32.20322290606936,36.51694577273136,0.0
random-s0-0105,prm,cycle,0.0,100.0,30.0,1,0,3,0,3,0,0,-147.396489041017,-147.396489041017,40.976993163574434,179.99999999999991
random-s0-0105,prm,cycle,50.0,20.0,30.0,1,0,1,0,1,0,0,-147.396489041017,-147.396489041017,36.51694577273136,60.0
random-s0-0105,prm,cycle,50.0,100.0,30.0,1,0,1,0,1,0,0,-147.396489041017,-147.396489041017,30.86960746594326,60.0
random-s0-0105,prm,cycle,150.0,20.0,30.0,1,0,2,0,2,0,0,-147.396489041017,-147.396489041017,36.51694577273136,99.99999999999996
random-s0-0105,prm,cycle,150.0,100.0,30.0,1,0,2,0,2,0,0,-147.396489041017,-147.396489041017,30.86960746594326,100.0
random-s0-0105,prm,event,0.0,20.0,30.0,1,0,0,0,0,0,0,32.20322290606936,32.20322290606936,40.976993163574434,0.0
random-s0-0105,prm,event,0.0,100.0,30.0,1,0,3,0,3,0,0,-147.396489041017,-147.396489041017,40.976993163574434,139.99999999999991
random-s0-0105,prm,event,50.0,20.0,30.0,1,0,1,0,1,0,0,-147.396489041017,-147.396489041017,40.976993163574434,60.0
random-s0-0105,prm,event,50.0,100.0,30.0,1,0,2,0,2,0,0,-147.396489041017,-147.396489041017,40.976993163574434,99.99999999999991
random-s0-0105,prm,event,150.0,20.0,30.0,1,0,2,0,2,0,0,-147.396489041017,-147.396489041017,40.976993163574434,99.99999999999996
random-s0-0105,prm,event,150.0,100.0,30.0,1,0,2,0,2,0,0,-147.396489041017,-147.396489041017,40.976993163574434,100.0
random-s0-0105,visibility,once,0.0,20.0,30.0,1,0,2,0,2,0,0,-147.396489041017,-147.396489041017,7.124231199816222,100.0
random-s0-0105,visibility,cycle,0.0,20.0,30.0,1,0,1,0,1,0,0,-17.551564088764252,-17.551564088764252,7.124231199816222,159.9999999999966
random-s0-0105,visibility,cycle,0.0,100.0,30.0,1,0,2,0,2,0,0,-147.396489041017,-147.396489041017,7.124231199816222,100.0
random-s0-0105,visibility,cycle,50.0,20.0,30.0,1,0,1,0,1,0,0,-147.396489041017,-147.396489041017,7.124231199816222,60.0
random-s0-0105,visibility,cycle,50.0,100.0,30.0,1,0,1,0,1,0,0,-147.396489041017,-147.396489041017,7.124231199816222,60.0
random-s0-0105,visibility,cycle,150.0,20.0,30.0,1,0,2,0,2,0,0,-147.396489041017,-147.396489041017,61.96783285731459,99.99999999999996
random-s0-0105,visibility,cycle,150.0,100.0,30.0,1,0,2,0,2,0,0,-147.396489041017,-147.396489041017,46.75959627981351,100.0
random-s0-0105,visibility,event,0.0,20.0,30.0,1,0,1,0,1,0,0,-17.551564088719772,-17.551564088719772,7.124231199816222,159.9999999999966
random-s0-0105,visibility,event,0.0,100.0,30.0,1,0,2,0,2,0,0,-147.396489041017,-147.396489041017,7.124231199816222,100.0
random-s0-0105,visibility,event,50.0,20.0,30.0,1,0,1,0,1,0,0,-147.396489041017,-147.396489041017,7.124231199816222,60.0
random-s0-0105,visibility,event,50.0,100.0,30.0,1,0,1,0,1,0,0,-147.396489041017,-147.396489041017,7.124231199816222,60.0
random-s0-0105,visibility,event,150.0,20.0,30.0,1,0,2,0,2,0,0,-147.396489041017,-147.396489041017,61.96783285731459,99.99999999999996
random-s0-0105,visibility,event,150.0,100.0,30.0,1,0,2,0,2,0,0,-147.396489041017,-147.396489041017,7.124231199816222,100.0
random-s0-0106,voronoi,once,0.0,20.0,30.0,1,0,2,0,2,0,0,-170.80655931626112,-170.80655931626112,256.69648738003895,200.0
random-s0-0106,voronoi,cycle,0.0,20.0,30.0,1,0,0,0,0,0,0,117.39681431186524,117.39681431186524,256.69648738003895,0.0
random-s0-0106,voronoi,cycle,0.0,100.0,30.0,1,0,0,0,0,0,0,47.97100301393286,47.97100301393286,256.6964873800389,0.0
random-s0-0106,voronoi,cycle,50.0,20.0,30.0,1,0,0,0,0,0,0,256.69648738003895,433.1233986485781,256.69648738003895,0.0
random-s0-0106,voronoi,cycle,50.0,100.0,30.0,1,0,0,0,0,0,0,256.6964873800389,512.6181471026371,256.6964873800389,0.0
random-s0-0106,voronoi,cycle,150.0,20.0,30.0,1,0,0,0,0,0,0,256.69648738003895,458.03846333153047,256.69648738003895,0.0
random-s0-0106,voronoi,cycle,150.0,100.0,30.0,1,0,0,0,0,0,0,256.6964873800389,500.6541111958843,256.6964873800389,0.0
random-s0-0106,voronoi,event,0.0,20.0,30.0,1,0,0,0,0,0,0,43.55227376049254,43.55227376049254,256.69648738003895,0.0
random-s0-0106,voronoi,event,0.0,100.0,30.0,1,0,2,0,2,0,0,-96.98999173014865,-96.98999173014865,256.6964873800389,140.0
random-s0-0106,voronoi,event,50.0,20.0,30.0,1,0,0,0,0,0,0,128.83950072702163,128.83950072702163,256.69648738003895,0.0
random-s0-0106,voronoi,event,50.0,100.0,30.0,1,0,0,0,0,0,0,133.2742411666245,133.2742411666245,256.6964873800389,0.0
random-s0-0106,voronoi,event,150.0,20.0,30.0,1,0,0,0,0,0,0,256.69648738003895,447.4965186551175,256.69648738003895,0.0
random-s0-0106,voronoi,event,150.0,100.0,30.0,1,0,0,0,0,0,0,256.6964873800389,439.2363640029913,256.6964873800389,0.0
random-s0-0106,prm,once,0.0,20.0,30.0,1,0,1,0,1,0,0,-58.363985154739225,-58.363985154739225,255.22227871009957,140.0
random-s0-0106,prm,cycle,0.0,20.0,30.0,1,0,1,0,1,0,0,-160.48798225952834,-160.48798225952834,95.55570075779195,1140.0000000000005
random-s0-0106,prm,cycle,0.0,100.0,30.0,1,0,1,0,1,0,0,-146.944647568191,-146.944647568191,317.6111169543549,279.99999999999994
random-s0-0106,prm,cycle,50.0,20.0,30.0,1,0,0,0,0,0,0,100.47598330764492,117.49854971963556,100.47598330764492,0.0
random-s0-0106,prm,cycle,50.0,100.0,30.0,1,0,1,0,1,0,0,-92.75326243301768,-92.75326243301768,321.5730910293913,79.99999999999991
random-s0-0106,prm,cycle,150.0,20.0,30.0,1,0,0,0,0,0,0,72.1243827939106,109.62944781802008,72.1243827939106,0.0
random-s0-0106,prm,cycle,150.0,100.0,30.0,1,0,0,0,0,0,0,105.95230378307888,105.95230378307888,229.30346723257537,0.0
random-s0-0106,prm,event,0.0,20.0,30.0,1,0,1,0,1,0,0,-160.48798225952834,-160.48798225952834,95.55570075779195,1140.0000000000005
random-s0-0106,prm,event,0.0,100.0,30.0,1,0,0,0,0,0,0,63.51068444162573,63.51068444162573,317.8468756909537,0.0
random-s0-0106,prm,event,50.0,20.0,30.0,1,0,0,0,0,0,0,51.00583535538564,136.27376151414,51.00583535538564,0.0
random-s0-0106,prm,event,50.0,100.0,30.0,1,0,0,0,0,0,0,317.8468756909537,364.3081579172026,317.8468756909537,0.0
random-s0-0106,prm,event,150.0,20.0,30.0,1,0,0,0,0,0,0,33.14911559824304,33.14911559824304,327.3913706943446,0.0
random-s0-0106,prm,event,150.0,100.0,30.0,1,0,0,0,0,0,0,30.40968318037079,30.40968318037079,98.00155607441997,0.0
random-s0-0106,visibility,once,0.0,20.0,30.0,1,0,3,0,3,0,0,-32.8147535232896,-32.8147535232896,339.26119064661,160.0
random-s0-0106,visibility,cycle,0.0,20.0,30.0,1,0,0,0,0,0,0,106.15543015656078,106.15543015656078,324.107147646815,0.0
random-s0-0106,visibility,cycle,0.0,100.0,30.0,1,0,0,0,0,0,0,63.51068444162573,63.51068444162573,323.84822706708474,0.0
random-s0-0106,visibility,cycle,50.0,20.0,30.0,1,0,0,0,0,0,0,207.0839372342773,207.0839372342773,323.5538097300264,0.0
random-s0-0106,visibility,cycle,50.0,100.0,30.0,1,0,0,0,0,0,0,116.181125884834,116.181125884834,323.50581672541875,0.0
random-s0-0106,visibility,cycle,150.0,20.0,30.0,1,0,1,0,1,0,0,-25.39563753206133,-25.39563753206133,332.7540316940688,20.0
random-s0-0106,visibility,cycle,150.0,100.0,30.0,1,0,0,0,0,0,0,188.2957093959972,188.2957093959972,327.0870335877269,0.0
random-s0-0106,visibility,event,0.0,20.0,30.0,1,0,0,0,0,0,0,107.46461736966673,107.46461736966673,323.9552097784348,0.0
random-s0-0106,visibility,event,0.0,100.0,30.0,1,0,0,0,0,0,0,63.51068444162573,63.51068444162573,323.73775390634626,0.0
random-s0-0106,visibility,event,50.0,20.0,30.0,1,0,0,0,0,0,0,192.58000433455925,192.58000433455925,321.46076302781256,0.0
random-s0-0106,visibility,event,50.0,100.0,30.0,1,0,0,0,0,0,0,46.13939044604763,46.13939044604763,319.4568002590813,0.0
random-s0-0106,visibility,event,150.0,20.0,30.0,1,0,0,0,0,0,0,57.97933109316455,77.44529571031535,57.97933109316455,0.0
random-s0-0106,visibility,event,150.0,100.0,30.0,1,0,0,0,0,0,0,132.75058653064485,132.75058653064485,326.2152989106997,0.0
random-s0-0107,voronoi,once,0.0,20.0,30.0,1,0,1,0,1,0,0,-116.08027729429392,-116.08027729429392,77.45370457618156,80.0
random-s0-0107,voronoi,cycle,0.0,20.0,30.0,1,0,0,0,0,0,0,77.45370457618156,125.53517155517189,77.45370457618156,0.0
random-s0-0107,voronoi,cycle,0.0,100.0,30.0,1,0,0,0,0,0,0,77.45370457618156,114.92027717486212,77.45370457618156,0.0
random-s0-0107,voronoi,cycle,50.0,20.0,30.0,1,0,0,0,0,0,0,33.16551369262615,192.27282063983688,33.16551369262615,0.0
random-s0-0107,voronoi,cycle,50.0,100.0,30.0,1,0,0,0,0,0,0,34.88577799142655,115.93788176479995,34.88577799142655,0.0
random-s0-0107,voronoi,cycle,150.0,20.0,30.0,1,0,0,0,0,0,0,37.11955812096011,268.0591238323043,37.11955812096011,0.0
random-s0-0107,voronoi,cycle,150.0,100.0,30.0,1,0,0,0,0,0,0,74.11419103111174,295.34381268917093,74.11419103111174,0.0
random-s0-0107,voronoi,event,0.0,20.0,30.0,1,0,0,0,0,0,0,0.7924745124035155,0.7924745124035155,77.45370457618156,0.0
random-s0-0107,voronoi,event,0.0,100.0,30.0,1,0,3,0,3,0,0,-29.540671268620883,-29.540671268620883,77.45370457618156,80.0
random-s0-0107,voronoi,event,50.0,20.0,30.0,1,0,0,0,0,0,0,38.94821779110774,97.98647398358764,38.94821779110774,0.0
random-s0-0107,voronoi,event,50.0,100.0,30.0,1,0,2,1,1,1,0,-18.299799454663717,-6.737895049834293,-18.299799454663717,60.0
random-s0-0107,voronoi,event,150.0,20.0,30.0,1,0,0,0,0,0,0,34.179465116508766,283.6483889606949,34.179465116508766,0.0
random-s0-0107,voronoi,event,150.0,100.0,30.0,1,0,0,0,0,0,0,69.65633163750209,155.702566456733,69.65633163750209,0.0
random-s0-0107,prm,once,0.0,20.0,30.0,1,0,0,0,0,0,0,50.12980532174117,288.17699927903345,50.12980532174117,0.0
random-s0-0107,prm,cycle,0.0,20.0,30.0,1,0,0,0,0,0,0,50.12980532174117,230.13197159598536,50.12980532174117,0.0
random-s0-0107,prm,cycle,0.0,100.0,30.0,1,0,0,0,0,0,0,50.12980532174117,201.49919322205483,50.12980532174117,0.0
random-s0-0107,prm,cycle,50.0,20.0,30.0,1,0,1,1,0,1,0,-146.30982094790943,203.30894602084544,-146.30982094790943,520.0000000000001
random-s0-0107,prm,cycle,50.0,100.0,30.0,1,0,1,1,0,1,0,-147.68820407527153,269.4961955270568,-147.68820407527153,519.9999999999997
random-s0-0107,prm,cycle,150.0,20.0,30.0,1,0,1,0,1,0,0,-136.650287664109,-136.650287664109,18.704551718040392,40.0
random-s0-0107,prm,cycle,150.0,100.0,30.0,1,0,0,0,0,0,0,18.704551718040392,279.30306708955465,18.704551718040392,0.0
random-s0-0107,prm,event,0.0,20.0,30.0,1,0,0,0,0,0,0,50.12980532174117,283.11437014269256,50.12980532174117,0.0
random-s0-0107,prm,event,0.0,100.0,30.0,1,0,0,0,0,0,0,50.12980532174117,291.63713255701106,50.12980532174117,0.0
random-s0-0107,prm,event,50.0,20.0,30.0,1,0,0,0,0,0,0,30.76283266413199,398.6286639539162,30.76283266413199,0.0
random-s0-0107,prm,event,50.0,100.0,30.0,1,0,0,0,0,0,0,39.07418932114774,425.8885372787962,39.07418932114774,0.0
random-s0-0107,prm,event,150.0,20.0,30.0,1,0,0,0,0,0,0,18.704551718040392,225.6031041644225,18.704551718040392,0.0
random-s0-0107,prm,event,150.0,100.0,30.0,1,0,0,0,0,0,0,18.704551718040392,391.1312747793692,18.704551718040392,0.0
random-s0-0107,visibility,once,0.0,20.0,30.0,1,0,1,0,1,0,0,-104.1672285270078,-104.1672285270078,6.758898975478957,40.0
random-s0-0107,visibility,cycle,0.0,20.0,30.0,1,0,0,0,0,0,0,6.758898975478957,35.65974004632946,6.758898975478957,0.0
random-s0-0107,visibility,cycle,0.0,100.0,30.0,1,0,0,0,0,0,0,6.758898975478957,45.43872865825222,6.758898975478957,0.0
random-s0-0107,visibility,cycle,50.0,20.0,30.0,1,0,0,0,0,0,0,77.45370457618156,105.142381110707,77.45370457618156,0.0
random-s0-0107,visibility,cycle,50.0,100.0,30.0,1,0,0,0,0,0,0,77.45370457618156,142.34488230954156,77.45370457618156,0.0
random-s0-0107,visibility,cycle,150.0,20.0,30.0,1,0,0,0,0,0,0,2.89757498000688,2.89757498000688,77.45370457618156,0.0
random-s0-0107,visibility,cycle,150.0,100.0,30.0,1,0,0,0,0,0,0,31.17992247477829,31.17992247477829,77.45370457618156,0.0
random-s0-0107,visibility,event,0.0,20.0,30.0,1,0,0,0,0,0,0,6.758898975478957,40.88041438409357,6.758898975478957,0.0
random-s0-0107,visibility,event,0.0,100.0,30.0,1,0,0,0,0,0,0,6.758898975478957,38.59499216563563,6.758898975478957,0.0
random-s0-0107,visibility,event,50.0,20.0,30.0,1,0,1,1,0,1,0,-173.19668706014505,130.39401170502646,-173.19668706014505,379.9999999999919
random-s0-0107,visibility,event,50.0,100.0,30.0,1,0,0,0,0,0,0,2.351286869911604,169.6042080755962,2.351286869911604,0.0
random-s0-0107,visibility,event,150.0,20.0,30.0,1,0,0,0,0,0,0,2.0795022120300075,8.720474660464816,2.0795022120300075,0.0
random-s0-0107,visibility,event,150.0,100.0,30.0,1,0,1,1,0,1,0,-23.36635773449194,193.23171139225207,-23.36635773449194,200.0
random-s0-0108,voronoi,once,0.0,20.0,30.0,1,0,2,1,1,0,1,-81.00955023715615,-81.00955023715615,-69.65194147001296,160.0
random-s0-0108,voronoi,cycle,0.0,20.0,30.0,1,0,0,0,0,0,0,37.51456083563633,291.9724198921978,37.51456083563633,0.0
random-s0-0108,voronoi,cycle,0.0,100.0,30.0,1,0,0,0,0,0,0,65.9216386958606,287.4679673391295,65.9216386958606,0.0
random-s0-0108,voronoi,cycle,50.0,20.0,30.0,1,0,0,0,0,0,0,37.764667467007,379.8772806765206,37.764667467007,0.0
random-s0-0108,voronoi,cycle,50.0,100.0,30.0,1,0,0,0,0,0,0,98.18522780415792,479.30872121435925,98.18522780415792,0.0
random-s0-0108,voronoi,cycle,150.0,20.0,30.0,1,0,0,0,0,0,0,96.2472359168566,185.48063717990493,96.2472359168566,0.0
random-s0-0108,voronoi,cycle,150.0,100.0,30.0,1,0,0,0,0,0,0,77.2487731551845,450.1815046208493,77.2487731551845,0.0
random-s0-0108,voronoi,event,0.0,20.0,30.0,1,0,1,1,0,1,0,-37.02780380798029,251.18095890402083,-37.02780380798029,460.00000000000006
random-s0-0108,voronoi,event,0.0,100.0,30.0,1,0,1,1,0,1,0,-81.19381602170024,305.5575117599828,-81.19381602170024,660.0
random-s0-0108,voronoi,event,50.0,20.0,30.0,1,0,0,0,0,0,0,36.934318114420506,134.9531772247155,36.934318114420506,0.0
random-s0-0108,voronoi,event,50.0,100.0,30.0,1,0,1,0,1,0,0,-42.88442005251847,-42.88442005251847,46.32138541715469,79.99999999999991
random-s0-0108,voronoi,event,150.0,20.0,30.0,1,0,0,0,0,0,0,102.87387619343792,492.6968502101631,102.87387619343792,0.0
random-s0-0108,voronoi,event,150.0,100.0,30.0,1,0,0,0,0,0,0,90.6259093410598,172.45071232881395,90.6259093410598,0.0
random-s0-0108,prm,once,0.0,20.0,30.0,1,0,2,1,1,1,0,-71.26047054347451,-58.778348234929055,-71.26047054347451,180.0
random-s0-0108,prm,cycle,0.0,20.0,30.0,1,0,1,1,0,1,0,-2.99064148556522,89.49044590732177,-2.99064148556522,20.0
random-s0-0108,prm,cycle,0.0,100.0,30.0,1,0,1,1,0,1,0,-71.26047054347451,64.02106041348264,-71.26047054347451,179.9999999999999
random-s0-0108,prm,cycle,50.0,20.0,30.0,1,0,0,0,0,0,0,49.99007901979434,157.51152887487473,49.99007901979434,0.0
random-s0-0108,prm,cycle,50.0,100.0,30.0,1,0,1,1,0,1,0,-71.26047054347451,64.02106041348264,-71.26047054347451,179.9999999999999
random-s0-0108,prm,cycle,150.0,20.0,30.0,1,0,0,0,0,0,0,36.72126945492715,262.3502210801465,36.72126945492715,0.0
random-s0-0108,prm,cycle,150.0,100.0,30.0,1,0,0,0,0,0,0,120.14816796173017,156.88775711552756,120.14816796173017,0.0
random-s0-0108,prm,event,0.0,20.0,30.0,1,0,0,0,0,0,0,13.417918160893947,133.9869503025755,13.417918160893947,0.0
random-s0-0108,prm,event,0.0,100.0,30.0,1,0,1,1,0,1,0,-71.26047054347451,34.67718101540578,-71.26047054347451,179.9999999999999
random-s0-0108,prm,event,50.0,20.0,30.0,1,0,0,0,0,0,0,43.36109018741257,125.99835403589884,43.36109018741257,0.0
random-s0-0108,prm,event,50.0,100.0,30.0,1,0,1,1,0,1,0,-71.26047054347451,64.02106041348264,-71.26047054347451,179.9999999999999
random-s0-0108,prm,event,150.0,20.0,30.0,1,0,1,0,1,0,0,-18.67141664614357,-18.67141664614357,31.2177808479521,20.0
random-s0-0108,prm,event,150.0,100.0,30.0,1,0,0,0,0,0,0,87.28578952012833,155.07773807078848,87.28578952012833,0.0
random-s0-0108,visibility,once,0.0,20.0,30.0,1,0,1,1,0,0,1,-147.8387718668089,38.37578006398493,-147.8387718668089,259.99999999999994
random-s0-0108,visibility,cycle,0.0,20.0,30.0,1,0,1,1,0,1,0,-52.14460574742593,36.371263372814326,-52.14460574742593,279.99999999999994
random-s0-0108,visibility,cycle,0.0,100.0,30.0,1,0,1,1,0,1,0,-50.93162662479483,54.53516767000562,-50.93162662479483,259.9999999999998
random-s0-0108,visibility,cycle,50.0,20.0,30.0,1,0,2,1,1,1,0,-49.65462065506571,-41.40003103378976,-49.65462065506571,320.0
random-s0-0108,visibility,cycle,50.0,100.0,30.0,1,0,2,1,1,0,1,-144.83580120655597,-144.83580120655597,-45.065330747569504,499.9999999999999
random-s0-0108,visibility,cycle,150.0,20.0,30.0,1,0,1,1,0,1,0,-68.8966598971779,56.35181722950688,-68.8966598971779,339.9999999999999
random-s0-0108,visibility,cycle,150.0,100.0,30.0,1,0,1,1,0,1,0,-75.29136438094751,205.68291982962623,-75.29136438094751,339.9999999999998
random-s0-0108,visibility,event,0.0,20.0,30.0,1,0,1,1,0,1,0,-49.89148564408188,35.4554017546084,-49.89148564408188,259.99999999999994
random-s0-0108,visibility,event,0.0,100.0,30.0,1,0,1,1,0,1,0,-50.93162662479483,54.53516767000562,-50.93162662479483,259.9999999999998
random-s0-0108,visibility,event,50.0,20.0,30.0,1,0,2,1,1,1,0,-170.0450522038054,-170.0450522038054,-48.94211799248456,560.0000000000001
random-s0-0108,visibility,event,50.0,100.0,30.0,1,0,2,1,1,0,1,-144.67726399189792,-144.67726399189792,-45.065330747569504,499.9999999999999
random-s0-0108,visibility,event,150.0,20.0,30.0,1,0,1,1,0,1,0,-67.39583847055049,194.4414193049114,-67.39583847055049,319.9999999999999
random-s0-0108,visibility,event,150.0,100.0,30.0,1,0,1,1,0,1,0,-75.29136438094751,92.8518069194115,-75.29136438094751,339.9999999999998
random-s0-0109,voronoi,once,0.0,20.0,30.0,1,0,1,0,1,0,0,-97.49123790834834,-97.49123790834834,157.98295815025938,140.0
random-s0-0109,voronoi,cycle,0.0,20.0,30.0,1,0,3,0,3,0,0,-15.909195795341104,-15.909195795341104,37.84854252346395,59.99999999999999
random-s0-0109,voronoi,cycle,0.0,100.0,30.0,1,0,1,0,1,0,0,-15.909195795341104,-15.909195795341104,157.98295815025938,20.0
random-s0-0109,voronoi,cycle,50.0,20.0,30.0,1,0,0,0,0,0,0,32.20476856272043,209.64165495587355,32.20476856272043,0.0
random-s0-0109,voronoi,cycle,50.0,100.0,30.0,1,0,2,0,2,0,0,-52.20286196142078,-52.20286196142078,59.27842518073925,159.99999999999994
random-s0-0109,voronoi,cycle,150.0,20.0,30.0,1,0,0,0,0,0,0,32.20476856272043,70.39387745774496,32.20476856272043,0.0
random-s0-0109,voronoi,cycle,150.0,100.0,30.0,1,0,1,0,1,0,0,-26.120683801073312,-26.120683801073312,36.01061822299414,140.0
random-s0-0109,voronoi,event,0.0,20.0,30.0,1,0,1,0,1,0,0,-15.909195795341104,-15.909195795341104,34.27655637654797,20.0
random-s0-0109,voronoi,event,0.0,100.0,30.0,1,0,1,0,1,0,0,-15.909195795341104,-15.909195795341104,87.8763742409746,20.0
random-s0-0109,voronoi,event,50.0,20.0,30.0,1,0,0,0,0,0,0,34.27655637654797,209.64165495587355,34.27655637654797,0.0
random-s0-0109,voronoi,event,50.0,100.0,30.0,1,0,2,0,2,0,0,-52.20286196142078,-52.20286196142078,87.8763742409746,159.99999999999994
random-s0-0109,voronoi,event,150.0,20.0,30.0,1,0,0,0,0,0,0,34.27655637654797,210.78585389369715,34.27655637654797,0.0
random-s0-0109,voronoi,event,150.0,100.0,30.0,1,0,2,0,2,0,0,-82.67440563991659,-82.67440563991659,87.8763742409746,399.9999999999998
random-s0-0109,prm,once,0.0,20.0,30.0,1,0,1,0,1,0,0,-97.49123790834834,-97.49123790834834,157.98295815025938,140.0
random-s0-0109,prm,cycle,0.0,20.0,30.0,1,0,0,0,0,0,0,33.044722952466685,35.864925461219485,33.044722952466685,0.0
random-s0-0109,prm,cycle,0.0,100.0,30.0,1,0,1,0,1,0,0,-97.49123790834834,-97.49123790834834,44.59306373863348,140.0
random-s0-0109,prm,cycle,50.0,20.0,30.0,1,0,0,0,0,0,0,33.044722952466685,202.88564716005223,33.044722952466685,0.0
random-s0-0109,prm,cycle,50.0,100.0,30.0,1,0,1,0,1,0,0,-97.49123790834834,-97.49123790834834,44.59306373863348,140.0
random-s0-0109,prm,cycle,150.0,20.0,30.0,1,0,1,0,1,0,0,-97.49123790834832,-97.49123790834832,32.746924985850654,139.99999999999997
random-s0-0109,prm,cycle,150.0,100.0,30.0,1,0,1,0,1,0,0,-97.49123790834834,-97.49123790834834,44.59306373863348,140.0
random-s0-0109,prm,event,0.0,20.0,30.0,1,0,0,0,0,0,0,35.864925461219485,35.864925461219485,38.29073686934856,0.0
random-s0-0109,prm,event,0.0,100.0,30.0,1,0,1,0,1,0,0,-97.49123790834834,-97.49123790834834,53.97965136338368,140.0
random-s0-0109,prm,event,50.0,20.0,30.0,1,0,0,0,0,0,0,38.29073686934856,215.36786623093167,38.29073686934856,0.0
random-s0-0109,prm,event,50.0,100.0,30.0,1,0,1,0,1,0,0,-97.49123790834834,-97.49123790834834,53.97965136338368,140.0
random-s0-0109,prm,event,150.0,20.0,30.0,1,0,1,0,1,0,0,-97.49123790834832,-97.49123790834832,38.29073686934856,139.99999999999997
random-s0-0109,prm,event,150.0,100.0,30.0,1,0,1,0,1,0,0,-97.49123790834834,-97.49123790834834,53.97965136338368,140.0
random-s0-0109,visibility,once,0.0,20.0,30.0,1,0,1,0,1,0,0,-97.49123790834834,-97.49123790834834,21.349218188726525,140.0
random-s0-0109,visibility,cycle,0.0,20.0,30.0,1,0,0,0,0,0,0,13.789086971818222,13.789086971818222,21.349218188726525,0.0
random-s0-0109,visibility,cycle,0.0,100.0,30.0,1,0,1,0,1,0,0,-97.49123790834834,-97.49123790834834,21.349218188726525,140.0
random-s0-0109,visibility,cycle,50.0,20.0,30.0,1,0,0,0,0,0,0,21.349218188726525,199.38478745259056,21.349218188726525,0.0
random-s0-0109,visibility,cycle,50.0,100.0,30.0,1,0,1,0,1,0,0,-97.49123790834834,-97.49123790834834,21.349218188726525,140.0
random-s0-0109,visibility,cycle,150.0,20.0,30.0,1,0,1,0,1,0,0,-97.49123790834832,-97.49123790834832,21.349218188726525,139.99999999999997
random-s0-0109,visibility,cycle,150.0,100.0,30.0,1,0,1,0,1,0,0,-97.49123790834834,-97.49123790834834,21.349218188726525,140.0
random-s0-0109,visibility,event,0.0,20.0,30.0,1,0,0,0,0,0,0,13.789086971818222,13.789086971818222,21.349218188726525,0.0
random-s0-0109,visibility,event,0.0,100.0,30.0,1,0,1,0,1,0,0,-97.49123790834834,-97.49123790834834,21.349218188726525,140.0
random-s0-0109,visibility,event,50.0,20.0,30.0,1,0,0,0,0,0,0,21.349218188726525,199.59116949372333,21.349218188726525,0.0
random-s0-0109,visibility,event,50.0,100.0,30.0,1,0,1,0,1,0,0,-97.49123790834834,-97.49123790834834,21.349218188726525,140.0
random-s0-0109,visibility,event,150.0,20.0,30.0,1,0,1,0,1,0,0,-97.49123790834832,-97.49123790834832,21.349218188726525,139.99999999999997
random-s0-0109,visibility,event,150.0,100.0,30.0,1,0,1,0,1,0,0,-97.49123790834834,-97.49123790834834,21.349218188726525,140.0
random-s0-0110,voronoi,once,0.0,20.0,30.0,1,0,3,2,1,2,0,-176.62267216078595,-51.98685363015778,-176.62267216078595,1000.0000000000005
random-s0-0110,voronoi,cycle,0.0,20.0,30.0,1,0,1,1,0,1,0,-8.452880720658499,154.0641685086499,-8.452880720658499,80.0
random-s0-0110,voronoi,cycle,0.0,100.0,30.0,1,0,1,1,0,1,0,-51.06891426184691,154.0641685086499,-51.06891426184691,180.0
random-s0-0110,voronoi,cycle,50.0,20.0,30.0,1,0,0,0,0,0,0,100.7501382304925,167.00869922357504,100.7501382304925,0.0
random-s0-0110,voronoi,cycle,50.0,100.0,30.0,1,0,0,0,0,0,0,13.92639643530319,13.92639643530319,234.02003414177344,0.0
random-s0-0110,voronoi,cycle,150.0,20.0,30.0,1,0,0,0,0,0,0,56.25440794242797,56.25440794242797,300.21269092201675,0.0
random-s0-0110,voronoi,cycle,150.0,100.0,30.0,1,0,0,0,0,0,0,134.43093373237906,134.43093373237906,144.36328675215304,0.0
random-s0-0110,voronoi,event,0.0,20.0,30.0,1,0,1,1,0,1,0,-33.8679008049445,136.3419091912803,-33.8679008049445,120.0
random-s0-0110,voronoi,event,0.0,100.0,30.0,1,0,2,1,1,1,0,-51.06891426184691,-18.335149389125174,-51.06891426184691,180.0
random-s0-0110,voronoi,event,50.0,20.0,30.0,1,0,0,0,0,0,0,87.49440826221604,234.15310044114543,87.49440826221604,0.0
random-s0-0110,voronoi,event,50.0,100.0,30.0,1,0,0,0,0,0,0,84.01536440497455,84.01536440497455,121.3458453054455,0.0
random-s0-0110,voronoi,event,150.0,20.0,30.0,1,0,0,0,0,0,0,162.35083017964223,162.35083017964223,300.4074854298048,0.0
random-s0-0110,voronoi,event,150.0,100.0,30.0,1,0,0,0,0,0,0,134.43093373237906,134.43093373237906,313.98309156775053,0.0
random-s0-0110,prm,once,0.0,20.0,30.0,1,0,2,1,1,1,0,-161.61075601489546,-146.32804501508673,-161.61075601489546,400.00000000000006
random-s0-0110,prm,cycle,0.0,20.0,30.0,1,0,1,1,0,1,0,-173.94190528758287,149.10605329280173,-173.94190528758287,339.99999999999994
random-s0-0110,prm,cycle,0.0,100.0,30.0,1,0,1,1,0,1,0,-165.23896155864813,164.90298830430677,-165.23896155864813,320.0
random-s0-0110,prm,cycle,50.0,20.0,30.0,1,0,1,1,0,1,0,-151.65778774777726,297.08783399296993,-151.65778774777726,279.99999999999994
random-s0-0110,prm,cycle,50.0,100.0,30.0,1,0,1,1,0,1,0,-109.18681574206164,164.90298830430677,-109.18681574206164,240.0
random-s0-0110,prm,cycle,150.0,20.0,30.0,1,0,1,1,0,1,0,-133.79048258358858,116.61240015896784,-133.79048258358858,279.99999999999994
random-s0-0110,prm,cycle,150.0,100.0,30.0,1,0,0,0,0,0,0,32.80484796265316,32.80484796265316,288.84671348241034,0.0
random-s0-0110,prm,event,0.0,20.0,30.0,1,0,1,1,0,1,0,-173.94190528758287,140.5877015059491,-173.94190528758287,339.99999999999994
random-s0-0110,prm,event,0.0,100.0,30.0,1,0,2,1,1,1,0,-165.23896155864813,-25.524190667972704,-165.23896155864813,339.99999999999994
random-s0-0110,prm,event,50.0,20.0,30.0,1,0,1,1,0,0,1,-135.62836840379413,65.75733124702825,-135.62836840379413,279.99999999999994
random-s0-0110,prm,event,50.0,100.0,30.0,1,0,1,1,0,0,1,-131.7344867629437,97.44016216506526,-131.7344867629437,279.99999999999994
random-s0-0110,prm,event,150.0,20.0,30.0,1,0,1,1,0,1,0,-133.79048258358858,116.61240015896784,-133.79048258358858,279.99999999999994
random-s0-0110,prm,event,150.0,100.0,30.0,1,0,0,0,0,0,0,37.56018040665688,37.56018040665688,289.6623380428754,0.0
random-s0-0110,visibility,once,0.0,20.0,30.0,1,0,1,1,0,1,0,-161.61075601489546,116.61240015896784,-161.61075601489546,320.0
random-s0-0110,visibility,cycle,0.0,20.0,30.0,1,0,1,1,0,1,0,-170.40225709226866,164.90298830430677,-170.40225709226866,300.0
random-s0-0110,visibility,cycle,0.0,100.0,30.0,1,0,1,1,0,1,0,-170.8571506235074,164.90298830430677,-170.8571506235074,320.0
random-s0-0110,visibility,cycle,50.0,20.0,30.0,1,0,1,1,0,1,0,-170.93530970472574,281.495587342925,-170.93530970472574,300.0
random-s0-0110,visibility,cycle,50.0,100.0,30.0,1,0,1,1,0,1,0,-159.9797530750576,164.90298830430677,-159.9797530750576,300.0
random-s0-0110,visibility,cycle,150.0,20.0,30.0,1,0,1,1,0,1,0,-156.83829230056074,116.61240015896784,-156.83829230056074,319.99999999999994
random-s0-0110,visibility,cycle,150.0,100.0,30.0,1,0,0,0,0,0,0,116.61240015896784,116.61240015896784,182.053863815184,0.0
random-s0-0110,visibility,event,0.0,20.0,30.0,1,0,1,1,0,1,0,-168.11485972399151,164.90298830430677,-168.11485972399151,300.0
random-s0-0110,visibility,event,0.0,100.0,30.0,1,0,1,1,0,1,0,-170.8571506235074,164.90298830430677,-170.8571506235074,320.0
random-s0-0110,visibility,event,50.0,20.0,30.0,1,0,1,1,0,1,0,-156.8560414370222,298.17152097075626,-156.8560414370222,279.99999999999994
random-s0-0110,visibility,event,50.0,100.0,30.0,1,0,1,1,0,1,0,-159.9797530750576,164.90298830430677,-159.9797530750576,300.0
random-s0-0110,visibility,event,150.0,20.0,30.0,1,0,1,1,0,1,0,-165.0935493332833,116.61240015896784,-165.0935493332833,300.0
random-s0-0110,visibility,event,150.0,100.0,30.0,1,0,0,0,0,0,0,116.61240015896784,116.61240015896784,182.053863815184,0.0
random-s0-0111,voronoi,once,0.0,20.0,30.0,1,0,1,0,1,0,0,-4.214189156984844,-4.214189156984844,79.646541814579,20.0
random-s0-0111,voronoi,cycle,0.0,20.0,30.0,1,0,0,0,0,0,0,79.64654181457917,105.08905964529146,79.64654181457917,0.0
random-s0-0111,voronoi,cycle,0.0,100.0,30.0,1,0,0,0,0,0,0,79.646541814579,80.45671520977959,79.646541814579,0.0
random-s0-0111,voronoi,cycle,50.0,20.0,30.0,1,0,0,0,0,0,0,79.64654181457917,271.8815884720244,79.64654181457917,0.0
random-s0-0111,voronoi,cycle,50.0,100.0,30.0,1,0,0,0,0,0,0,79.646541814579,83.68289499240223,79.646541814579,0.0
random-s0-0111,voronoi,cycle,150.0,20.0,30.0,1,0,0,0,0,0,0,49.97655685022298,258.63278729314914,49.97655685022298,0.0
random-s0-0111,voronoi,cycle,150.0,100.0,30.0,1,0,0,0,0,0,0,34.18462700379206,54.36557849014409,34.18462700379206,0.0
random-s0-0111,voronoi,event,0.0,20.0,30.0,1,0,0,0,0,0,0,79.64654181457917,94.3043786818792,79.64654181457917,0.0
random-s0-0111,voronoi,event,0.0,100.0,30.0,1,0,0,0,0,0,0,79.646541814579,80.45671520977959,79.646541814579,0.0
random-s0-0111,voronoi,event,50.0,20.0,30.0,1,0,0,0,0,0,0,50.412278350585126,136.17470145219232,50.412278350585126,0.0
random-s0-0111,voronoi,event,50.0,100.0,30.0,1,0,0,0,0,0,0,74.75574705926587,74.75574705926587,79.646541814579,0.0
random-s0-0111,voronoi,event,150.0,20.0,30.0,1,0,0,0,0,0,0,111.15003658443186,229.5400565786573,111.15003658443186,0.0
random-s0-0111,voronoi,event,150.0,100.0,30.0,1,0,0,0,0,0,0,38.99180574725918,38.99180574725918,124.00502358800838,0.0
random-s0-0111,prm,once,0.0,20.0,30.0,1,0,1,0,1,0,0,-4.214189156984844,-4.214189156984844,79.646541814579,20.0
random-s0-0111,prm,cycle,0.0,20.0,30.0,1,0,0,0,0,0,0,79.64654181457917,125.45120370137334,79.64654181457917,0.0
random-s0-0111,prm,cycle,0.0,100.0,30.0,1,0,1,0,1,0,0,-4.214189156984844,-4.214189156984844,65.46036842477494,20.0
random-s0-0111,prm,cycle,50.0,20.0,30.0,1,0,0,0,0,0,0,79.64654181457917,245.33432756446751,79.64654181457917,0.0
random-s0-0111,prm,cycle,50.0,100.0,30.0,1,0,1,0,1,0,0,-4.214189156984844,-4.214189156984844,79.646541814579,20.0
random-s0-0111,prm,cycle,150.0,20.0,30.0,1,0,1,0,1,0,0,-4.214189156984816,-4.214189156984816,66.59577379288578,19.99999999999999
random-s0-0111,prm,cycle,150.0,100.0,30.0,1,0,1,0,1,0,0,-4.214189156984844,-4.214189156984844,124.00502358800838,20.0
random-s0-0111,prm,event,0.0,20.0,30.0,1,0,0,0,0,0,0,66.59577379288578,137.47134862101467,66.59577379288578,0.0
random-s0-0111,prm,event,0.0,100.0,30.0,1,0,1,0,1,0,0,-4.214189156984844,-4.214189156984844,79.646541814579,20.0
random-s0-0111,prm,event,50.0,20.0,30.0,1,0,0,0,0,0,0,79.64654181457917,271.8815884720244,79.64654181457917,0.0
random-s0-0111,prm,event,50.0,100.0,30.0,1,0,1,0,1,0,0,-4.214189156984844,-4.214189156984844,79.646541814579,20.0
random-s0-0111,prm,event,150.0,20.0,30.0,1,0,1,0,1,0,0,-4.214189156984816,-4.214189156984816,66.59577379288578,19.99999999999999
random-s0-0111,prm,event,150.0,100.0,30.0,1,0,1,0,1,0,0,-4.214189156984844,-4.214189156984844,124.00502358800838,20.0
random-s0-0111,visibility,once,0.0,20.0,30.0,1,0,1,0,1,0,0,-4.214189156984844,-4.214189156984844,37.91676534989659,20.0
random-s0-0111,visibility,cycle,0.0,20.0,30.0,1,0,0,0,0,0,0,30.586177216387966,136.37865060326084,30.586177216387966,0.0
random-s0-0111,visibility,cycle,0.0,100.0,30.0,1,0,1,0,1,0,0,-4.214189156984844,-4.214189156984844,35.16035752856686,20.0
random-s0-0111,visibility,cycle,50.0,20.0,30.0,1,0,0,0,0,0,0,30.28318765910393,102.30448751785524,30.28318765910393,0.0
random-s0-0111,visibility,cycle,50.0,100.0,30.0,1,0,1,0,1,0,0,-4.214189156984844,-4.214189156984844,35.16035752856686,20.0
random-s0-0111,visibility,cycle,150.0,20.0,30.0,1,0,1,0,1,0,0,-4.214189156984816,-4.214189156984816,22.21918895417545,19.99999999999999
random-s0-0111,visibility,cycle,150.0,100.0,30.0,1,0,1,0,1,0,0,-4.214189156984844,-4.214189156984844,35.16035752856686,20.0
random-s0-0111,visibility,event,0.0,20.0,30.0,1,0,0,0,0,0,0,30.586177216387966,136.37865060326084,30.586177216387966,0.0
random-s0-0111,visibility,event,0.0,100.0,30.0,1,0,1,0,1,0,0,-4.214189156984844,-4.214189156984844,35.16035752856686,20.0
random-s0-0111,visibility,event,50.0,20.0,30.0,1,0,0,0,0,0,0,30.586177216387966,96.6818682951266,30.586177216387966,0.0
random-s0-0111,visibility,event,50.0,100.0,30.0,1,0,1,0,1,0,0,-4.214189156984844,-4.214189156984844,35.16035752856686,20.0
random-s0-0111,visibility,event,150.0,20.0,30.0,1,0,1,0,1,0,0,-4.214189156984816,-4.214189156984816,30.586177216387966,19.99999999999999
random-s0-0111,visibility,event,150.0,100.0,30.0,1,0,1,0,1,0,0,-4.214189156984844,-4.214189156984844,35.16035752856686,20.0
random-s0-0112,voronoi,once,0.0,20.0,30.0,1,0,2,1,1,0,1,-103.4077645495923,-103.4077645495923,-80.5425331310384,400.00000000000006
random-s0-0112,voronoi,cycle,0.0,20.0,30.0,1,0,4,0,4,0,0,-3.93998088331486,-3.93998088331486,30.761561427369543,80.0
random-s0-0112,voronoi,cycle,0.0,100.0,30.0,1,0,3,0,3,0,0,-41.41690804547832,-41.41690804547832,40.41568892985782,239.9999999999999
random-s0-0112,voronoi,cycle,50.0,20.0,30.0,1,0,0,0,0,0,0,34.597897348476494,54.4742772133902,34.597897348476494,0.0
random-s0-0112,voronoi,cycle,50.0,100.0,30.0,1,0,0,0,0,0,0,43.66211641890928,75.03892025704363,43.66211641890928,0.0
random-s0-0112,voronoi,cycle,150.0,20.0,30.0,1,0,0,0,0,0,0,30.286809734369854,172.13383865178412,30.286809734369854,0.0
random-s0-0112,voronoi,cycle,150.0,100.0,30.0,1,0,0,0,0,0,0,57.830442735997366,58.23438623947422,57.830442735997366,0.0
random-s0-0112,voronoi,event,0.0,20.0,30.0,1,0,0,0,0,0,0,15.316602966241618,15.316602966241618,32.31047156924376,0.0
random-s0-0112,voronoi,event,0.0,100.0,30.0,1,0,0,0,0,0,0,16.858035690886993,16.858035690886993,34.833928969956816,0.0
random-s0-0112,voronoi,event,50.0,20.0,30.0,1,0,1,1,0,1,0,-117.3190381208944,32.44728967904362,-117.3190381208944,559.9999999999881
random-s0-0112,voronoi,event,50.0,100.0,30.0,1,0,1,1,0,0,1,-49.86645918469506,47.70159383626745,-49.86645918469506,80.0
random-s0-0112,voronoi,event,150.0,20.0,30.0,1,0,1,1,0,1,0,-110.83549614594024,36.30943650072271,-110.83549614594024,339.9999999999927
random-s0-0112,voronoi,event,150.0,100.0,30.0,1,0,0,0,0,0,0,59.00967935912857,59.00967935912857,74.26283368017104,0.0
random-s0-0112,prm,once,0.0,20.0,30.0,1,0,3,1,2,0,1,-166.95816480537457,-166.95816480537457,-80.5425331310384,540.0000000000001
random-s0-0112,prm,cycle,0.0,20.0,30.0,1,0,0,0,0,0,0,30.33585353248594,89.32481472216017,30.33585353248594,0.0
random-s0-0112,prm,cycle,0.0,100.0,30.0,1,0,0,0,0,0,0,53.45581603541959,53.45581603541959,76.60881227386335,0.0
random-s0-0112,prm,cycle,50.0,20.0,30.0,1,0,1,0,1,0,0,-125.32954166105311,-125.32954166105311,34.29366059774512,640.0000000000002
random-s0-0112,prm,cycle,50.0,100.0,30.0,1,0,0,0,0,0,0,32.74921180113736,32.74921180113736,106.0929165133798,0.0
random-s0-0112,prm,cycle,150.0,20.0,30.0,1,0,0,0,0,0,0,30.808074192039868,30.808074192039868,33.70634733581824,0.0
random-s0-0112,prm,cycle,150.0,100.0,30.0,1,0,0,0,0,0,0,97.34548959111618,97.34548959111618,115.51922939070045,0.0
random-s0-0112,prm,event,0.0,20.0,30.0,1,0,0,0,0,0,0,30.17972141132537,33.40271082068011,30.17972141132537,0.0
random-s0-0112,prm,event,0.0,100.0,30.0,1,0,2,1,1,0,1,-122.64193740903596,-122.64193740903596,-30.586948035895063,100.0
random-s0-0112,prm,event,50.0,20.0,30.0,1,0,0,0,0,0,0,37.31754201418997,37.31754201418997,55.74517846335005,0.0
random-s0-0112,prm,event,50.0,100.0,30.0,1,0,0,0,0,0,0,31.66898928669005,32.74921180113736,31.66898928669005,0.0
random-s0-0112,prm,event,150.0,20.0,30.0,1,0,0,0,0,0,0,33.676013941988714,115.44936843697366,33.676013941988714,0.0
random-s0-0112,prm,event,150.0,100.0,30.0,1,0,0,0,0,0,0,45.422295278353744,98.26688722056974,45.422295278353744,0.0
random-s0-0112,visibility,once,0.0,20.0,30.0,1,0,2,1,1,0,1,-103.4077645495923,-103.4077645495923,-80.5425331310384,400.00000000000006
random-s0-0112,visibility,cycle,0.0,20.0,30.0,1,0,1,0,1,0,0,-4.306819790166287,-4.306819790166287,27.415893775445056,80.0
random-s0-0112,visibility,cycle,0.0,100.0,30.0,1,0,0,0,0,0,0,18.548640251678503,18.548640251678503,28.36558005487717,0.0
random-s0-0112,visibility,cycle,50.0,20.0,30.0,1,0,1,0,1,0,0,-2.2070714907962667,-2.2070714907962667,12.579736481773892,60.0
random-s0-0112,visibility,cycle,50.0,100.0,30.0,1,0,2,0,2,0,0,-148.378138483239,-148.378138483239,20.21356664794206,740.0000000000002
random-s0-0112,visibility,cycle,150.0,20.0,30.0,1,0,0,0,0,0,0,30.70416790636213,74.18140157819644,30.70416790636213,0.0
random-s0-0112,visibility,cycle,150.0,100.0,30.0,1,0,1,0,1,0,0,-45.05442488197855,-45.05442488197855,32.807604813454645,219.9999999999998
random-s0-0112,visibility,event,0.0,20.0,30.0,1,0,0,0,0,0,0,20.62235562306418,27.288649322755987,20.62235562306418,0.0
random-s0-0112,visibility,event,0.0,100.0,30.0,1,0,0,0,0,0,0,17.1553721016559,17.1553721016559,25.78959397509925,0.0
random-s0-0112,visibility,event,50.0,20.0,30.0,1,0,0,0,0,0,0,20.107480131149856,26.0554412359206,20.107480131149856,0.0
random-s0-0112,visibility,event,50.0,100.0,30.0,1,0,1,0,1,0,0,-148.378138483239,-148.378138483239,11.406807248355278,680.0000000000001
random-s0-0112,visibility,event,150.0,20.0,30.0,1,0,1,0,1,0,0,-31.205255220863734,-31.205255220863734,30.88801637392996,160.0
random-s0-0112,visibility,event,150.0,100.0,30.0,1,0,0,0,0,0,0,32.10872734176704,75.65437333021,32.10872734176704,0.0
random-s0-0113,voronoi,once,0.0,20.0,30.0,1,0,2,0,2,0,0,-54.62283462382405,-54.62283462382405,152.0002805360401,380.00000000000006
random-s0-0113,voronoi,cycle,0.0,20.0,30.0,1,0,0,0,0,0,0,61.47598365829143,74.96456552367388,61.47598365829143,0.0
random-s0-0113,voronoi,cycle,0.0,100.0,30.0,1,0,0,0,0,0,0,169.4033200076994,169.4033200076994,177.91506354673078,0.0
random-s0-0113,voronoi,cycle,50.0,20.0,30.0,1,0,0,0,0,0,0,187.3953959434407,269.12483671041264,187.3953959434407,0.0
random-s0-0113,voronoi,cycle,50.0,100.0,30.0,1,0,0,0,0,0,0,187.08183122225967,274.89447927908554,187.08183122225967,0.0
random-s0-0113,voronoi,cycle,150.0,20.0,30.0,1,0,0,0,0,0,0,14.653203466948185,270.07551822313803,14.653203466948185,0.0
random-s0-0113,voronoi,cycle,150.0,100.0,30.0,1,0,0,0,0,0,0,68.22479750314369,274.89447927908554,68.22479750314369,0.0
random-s0-0113,voronoi,event,0.0,20.0,30.0,1,0,0,0,0,0,0,61.47598365829143,142.74896006391816,61.47598365829143,0.0
random-s0-0113,voronoi,event,0.0,100.0,30.0,1,0,0,0,0,0,0,177.91506354673078,226.44816692346265,177.91506354673078,0.0
random-s0-0113,voronoi,event,50.0,20.0,30.0,1,0,0,0,0,0,0,187.6090230377186,274.89447927908554,187.6090230377186,0.0
random-s0-0113,voronoi,event,50.0,100.0,30.0,1,0,0,0,0,0,0,187.08183122225967,274.89447927908554,187.08183122225967,0.0
random-s0-0113,voronoi,event,150.0,20.0,30.0,1,0,0,0,0,0,0,188.49127913582595,270.07551822313803,188.49127913582595,0.0
random-s0-0113,voronoi,event,150.0,100.0,30.0,1,0,0,0,0,0,0,68.22479750314369,274.89447927908554,68.22479750314369,0.0
random-s0-0113,prm,once,0.0,20.0,30.0,1,0,2,1,1,0,1,-95.7867192767194,-95.7867192767194,-18.222118627116657,140.0
random-s0-0113,prm,cycle,0.0,20.0,30.0,1,0,0,0,0,0,0,39.61548351365042,187.85795560045383,39.61548351365042,0.0
random-s0-0113,prm,cycle,0.0,100.0,30.0,1,0,0,0,0,0,0,39.61548351365042,228.1341711243499,39.61548351365042,0.0
random-s0-0113,prm,cycle,50.0,20.0,30.0,1,0,0,0,0,0,0,32.117531167367645,71.24062840908127,32.117531167367645,0.0
random-s0-0113,prm,cycle,50.0,100.0,30.0,1,0,0,0,0,0,0,39.61548351365042,127.9836655249461,39.61548351365042,0.0
random-s0-0113,prm,cycle,150.0,20.0,30.0,1,0,0,0,0,0,0,37.37229655423792,100.72665749044842,37.37229655423792,0.0
random-s0-0113,prm,cycle,150.0,100.0,30.0,1,0,0,0,0,0,0,39.61548351365042,100.22599856785511,39.61548351365042,0.0
random-s0-0113,prm,event,0.0,20.0,30.0,1,0,0,0,0,0,0,40.55239231003992,176.17986551774197,40.55239231003992,0.0
random-s0-0113,prm,event,0.0,100.0,30.0,1,0,1,1,0,0,1,-18.2221186271164,228.1341711243499,-18.2221186271164,60.0
random-s0-0113,prm,event,50.0,20.0,30.0,1,0,0,0,0,0,0,40.55239231003992,199.8475261683304,40.55239231003992,0.0
random-s0-0113,prm,event,50.0,100.0,30.0,1,0,1,1,0,0,1,-18.2221186271164,155.0114179211037,-18.2221186271164,60.0
random-s0-0113,prm,event,150.0,20.0,30.0,1,0,0,0,0,0,0,30.079253809908124,136.53213451219997,30.079253809908124,0.0
random-s0-0113,prm,event,150.0,100.0,30.0,1,0,1,1,0,0,1,-18.2221186271164,74.46827345396639,-18.2221186271164,60.0
random-s0-0113,visibility,once,0.0,20.0,30.0,1,0,0,0,0,0,0,40.24445904059937,246.8769392270769,40.24445904059937,0.0
random-s0-0113,visibility,cycle,0.0,20.0,30.0,1,0,0,0,0,0,0,32.15487858982888,269.9432665006309,32.15487858982888,0.0
random-s0-0113,visibility,cycle,0.0,100.0,30.0,1,0,0,0,0,0,0,57.19086342970573,248.55422137118927,57.19086342970573,0.0
random-s0-0113,visibility,cycle,50.0,20.0,30.0,1,0,0,0,0,0,0,67.51941761448458,289.7110814106902,67.51941761448458,0.0
random-s0-0113,visibility,cycle,50.0,100.0,30.0,1,0,0,0,0,0,0,73.54445442193511,289.7110814106902,73.54445442193511,0.0
random-s0-0113,visibility,cycle,150.0,20.0,30.0,1,0,1,1,0,0,1,-11.489596174284516,289.7110814106902,-11.489596174284516,20.0
random-s0-0113,visibility,cycle,150.0,100.0,30.0,1,0,0,0,0,0,0,8.731686105320534,194.34081776815697,8.731686105320534,0.0
random-s0-0113,visibility,event,0.0,20.0,30.0,1,0,0,0,0,0,0,33.80120617806119,273.5406200553663,33.80120617806119,0.0
random-s0-0113,visibility,event,0.0,100.0,30.0,1,0,0,0,0,0,0,39.64023788768412,248.55422137118927,39.64023788768412,0.0
random-s0-0113,visibility,event,50.0,20.0,30.0,1,0,0,0,0,0,0,33.80120617806119,289.7110814106902,33.80120617806119,0.0
random-s0-0113,visibility,event,50.0,100.0,30.0,1,0,0,0,0,0,0,39.64023788768412,289.7110814106902,39.64023788768412,0.0
random-s0-0113,visibility,event,150.0,20.0,30.0,1,0,0,0,0,0,0,32.757769326478154,289.7110814106902,32.757769326478154,0.0
random-s0-0113,visibility,event,150.0,100.0,30.0,1,0,1,1,0,0,1,-34.72525135866047,203.87546774430396,-34.72525135866047,40.0
random-s0-0114,voronoi,once,0.0,20.0,30.0,1,0,2,1,1,0,1,-147.87166713757802,-147.87166713757802,-145.6338897898887,279.99999999999994
random-s0-0114,voronoi,cycle,0.0,20.0,30.0,1,0,1,1,0,1,0,-15.69149058993358,70.10352073906012,-15.69149058993358,220.0
random-s0-0114,voronoi,cycle,0.0,100.0,30.0,1,0,1,1,0,0,1,-20.813242061401358,140.31839540492314,-20.813242061401358,60.0
random-s0-0114,voronoi,cycle,50.0,20.0,30.0,1,0,0,0,0,0,0,105.35092722105514,105.35092722105514,111.15641245811072,0.0
random-s0-0114,voronoi,cycle,50.0,100.0,30.0,1,0,0,0,0,0,0,38.73531947310212,400.2043021527413,38.73531947310212,0.0
random-s0-0114,voronoi,cycle,150.0,20.0,30.0,1,0,0,0,0,0,0,30.869003337113583,378.4216831115705,30.869003337113583,0.0
random-s0-0114,voronoi,cycle,150.0,100.0,30.0,1,0,0,0,0,0,0,198.05405560047436,339.27816040857704,198.05405560047436,0.0
random-s0-0114,voronoi,event,0.0,20.0,30.0,1,0,0,0,0,0,0,60.31207150661518,60.31207150661518,91.52751774176905,0.0
random-s0-0114,voronoi,event,0.0,100.0,30.0,1,0,0,0,0,0,0,5.151750947832596,5.151750947832596,102.06140624156131,0.0
random-s0-0114,voronoi,event,50.0,20.0,30.0,1,0,0,0,0,0,0,81.64945163369765,81.64945163369765,90.02791593885428,0.0
random-s0-0114,voronoi,event,50.0,100.0,30.0,1,0,0,0,0,0,0,5.013748434881308,168.01608186543376,5.013748434881308,0.0
random-s0-0114,voronoi,event,150.0,20.0,30.0,1,0,0,0,0,0,0,63.55621003347068,63.55621003347068,198.0540556004741,0.0
random-s0-0114,voronoi,event,150.0,100.0,30.0,1,0,0,0,0,0,0,85.7957519584566,85.7957519584566,198.05405560047436,0.0
random-s0-0114,prm,once,0.0,20.0,30.0,1,0,1,0,1,0,0,-147.87166713757802,-147.87166713757802,1.2105480852211483,40.0
random-s0-0114,prm,cycle,0.0,20.0,30.0,1,0,1,1,0,1,0,-29.4161664476199,121.3577484214884,-29.4161664476199,220.0
random-s0-0114,prm,cycle,0.0,100.0,30.0,1,0,0,0,0,0,0,121.84205448932796,121.84205448932796,175.8826963548209,0.0
random-s0-0114,prm,cycle,50.0,20.0,30.0,1,0,0,0,0,0,0,122.58426405686572,442.7775486010802,122.58426405686572,0.0
random-s0-0114,prm,cycle,50.0,100.0,30.0,1,0,0,0,0,0,0,130.6296576996711,143.75095957321736,130.6296576996711,0.0
random-s0-0114,prm,cycle,150.0,20.0,30.0,1,0,0,0,0,0,0,111.1551991021775,398.604269019261,111.1551991021775,0.0
random-s0-0114,prm,cycle,150.0,100.0,30.0,1,0,0,0,0,0,0,168.5874828200321,496.7811811520238,168.5874828200321,0.0
random-s0-0114,prm,event,0.0,20.0,30.0,1,0,1,1,0,1,0,-40.16641606950759,54.73527294113268,-40.16641606950759,259.99999999999994
random-s0-0114,prm,event,0.0,100.0,30.0,1,0,0,0,0,0,0,178.62481068325422,216.116795970992,178.62481068325422,0.0
random-s0-0114,prm,event,50.0,20.0,30.0,1,0,0,0,0,0,0,167.08719519327508,167.08719519327508,173.94717149419483,0.0
random-s0-0114,prm,event,50.0,100.0,30.0,1,0,0,0,0,0,0,81.4621050594892,81.4621050594892,192.0102058508303,0.0
random-s0-0114,prm,event,150.0,20.0,30.0,1,0,0,0,0,0,0,198.0540556004741,603.2645007086975,198.0540556004741,0.0
random-s0-0114,prm,event,150.0,100.0,30.0,1,0,0,0,0,0,0,185.24978335595256,293.79238939943207,185.24978335595256,0.0
random-s0-0114,visibility,once,0.0,20.0,30.0,1,0,1,0,1,0,0,-147.87166713757802,-147.87166713757802,1.2105480852211483,40.0
random-s0-0114,visibility,cycle,0.0,20.0,30.0,1,0,2,1,1,1,0,-118.6944512005463,-11.030701207830615,-118.6944512005463,440.0000000000001
random-s0-0114,visibility,cycle,0.0,100.0,30.0,1,0,1,1,0,0,1,-75.98638163191346,17.356052266135862,-75.98638163191346,360.00000000000006
random-s0-0114,visibility,cycle,50.0,20.0,30.0,1,0,1,1,0,1,0,-170.61950990060262,71.42484982735343,-170.61950990060262,380.00000000000006
random-s0-0114,visibility,cycle,50.0,100.0,30.0,1,0,1,1,0,1,0,-161.19176745889814,66.19826240106985,-161.19176745889814,400.00000000000006
random-s0-0114,visibility,cycle,150.0,20.0,30.0,1,0,1,1,0,1,0,-93.60207209326468,317.19190111801464,-93.60207209326468,340.0
random-s0-0114,visibility,cycle,150.0,100.0,30.0,1,0,1,1,0,1,0,-126.05287112432067,276.5431362725134,-126.05287112432067,379.9999999999999
random-s0-0114,visibility,event,0.0,20.0,30.0,1,0,1,1,0,1,0,-109.76751360293716,35.707431639154464,-109.76751360293716,420.0000000000001
random-s0-0114,visibility,event,0.0,100.0,30.0,1,0,1,1,0,0,1,-75.98638163191346,17.356052266135862,-75.98638163191346,360.00000000000006
random-s0-0114,visibility,event,50.0,20.0,30.0,1,0,1,1,0,1,0,-108.14398269221633,136.09888232398816,-108.14398269221633,320.0
random-s0-0114,visibility,event,50.0,100.0,30.0,1,0,1,1,0,1,0,-159.22674120729928,90.38495899213616,-159.22674120729928,400.00000000000006
random-s0-0114,visibility,event,150.0,20.0,30.0,1,0,1,1,0,1,0,-73.16248325414806,660.4053351915285,-73.16248325414806,300.0
random-s0-0114,visibility,event,150.0,100.0,30.0,1,0,2,2,0,1,1,-126.05287112432067,429.8857594831263,-126.05287112432067,520.0
random-s0-0115,voronoi,once,0.0,20.0,30.0,1,0,2,1,1,0,1,-100.08244327183142,-72.42954940658167,-100.08244327183142,160.0
random-s0-0115,voronoi,cycle,0.0,20.0,30.0,1,0,0,0,0,0,0,65.91112474951152,394.6795951757614,65.91112474951152,0.0
random-s0-0115,voronoi,cycle,0.0,100.0,30.0,1,0,0,0,0,0,0,65.9111247495116,394.6795951757614,65.9111247495116,0.0
random-s0-0115,voronoi,cycle,50.0,20.0,30.0,1,0,0,0,0,0,0,40.51107711410478,394.6795951757614,40.51107711410478,0.0
random-s0-0115,voronoi,cycle,50.0,100.0,30.0,1,0,0,0,0,0,0,63.13652452011274,394.6795951757614,63.13652452011274,0.0
random-s0-0115,voronoi,cycle,150.0,20.0,30.0,1,0,0,0,0,0,0,35.201204418754685,394.6795951757614,35.201204418754685,0.0
random-s0-0115,voronoi,cycle,150.0,100.0,30.0,1,0,0,0,0,0,0,58.23378003680117,394.6795951757614,58.23378003680117,0.0
random-s0-0115,voronoi,event,0.0,20.0,30.0,1,0,0,0,0,0,0,35.55367440218811,394.6795951757614,35.55367440218811,0.0
random-s0-0115,voronoi,event,0.0,100.0,30.0,1,0,0,0,0,0,0,65.9111247495116,394.6795951757614,65.9111247495116,0.0
random-s0-0115,voronoi,event,50.0,20.0,30.0,1,0,0,0,0,0,0,35.55367440218811,394.6795951757614,35.55367440218811,0.0
random-s0-0115,voronoi,event,50.0,100.0,30.0,1,0,0,0,0,0,0,65.9111247495116,394.6795951757614,65.9111247495116,0.0
random-s0-0115,voronoi,event,150.0,20.0,30.0,1,0,0,0,0,0,0,45.512873426818544,394.6795951757614,45.512873426818544,0.0
random-s0-0115,voronoi,event,150.0,100.0,30.0,1,0,0,0,0,0,0,79.95529511974257,394.6795951757614,79.95529511974257,0.0
random-s0-0115,prm,once,0.0,20.0,30.0,1,0,0,0,0,0,0,65.91112474951154,394.6795951757613,65.91112474951154,0.0
random-s0-0115,prm,cycle,0.0,20.0,30.0,1,0,0,0,0,0,0,51.21974290065103,394.6795951757614,51.21974290065103,0.0
random-s0-0115,prm,cycle,0.0,100.0,30.0,1,0,0,0,0,0,0,65.9111247495116,394.6795951757614,65.9111247495116,0.0
random-s0-0115,prm,cycle,50.0,20.0,30.0,1,0,0,0,0,0,0,61.77501139577541,394.6795951757614,61.77501139577541,0.0
random-s0-0115,prm,cycle,50.0,100.0,30.0,1,0,0,0,0,0,0,32.750223627775,394.6795951757614,32.750223627775,0.0
random-s0-0115,prm,cycle,150.0,20.0,30.0,1,0,0,0,0,0,0,43.4649947594784,394.6795951757614,43.4649947594784,0.0
random-s0-0115,prm,cycle,150.0,100.0,30.0,1,0,0,0,0,0,0,81.94839784775962,394.6795951757614,81.94839784775962,0.0
random-s0-0115,prm,event,0.0,20.0,30.0,1,0,0,0,0,0,0,37.67103095710539,394.6795951757614,37.67103095710539,0.0
random-s0-0115,prm,event,0.0,100.0,30.0,1,0,0,0,0,0,0,37.67103095710533,394.6795951757614,37.67103095710533,0.0
random-s0-0115,prm,event,50.0,20.0,30.0,1,0,0,0,0,0,0,37.67103095710539,394.6795951757614,37.67103095710539,0.0
random-s0-0115,prm,event,50.0,100.0,30.0,1,0,0,0,0,0,0,37.67103095710533,394.6795951757614,37.67103095710533,0.0
random-s0-0115,prm,event,150.0,20.0,30.0,1,0,0,0,0,0,0,64.98012830708197,394.6795951757614,64.98012830708197,0.0
random-s0-0115,prm,event,150.0,100.0,30.0,1,0,0,0,0,0,0,32.7073402653356,394.6795951757614,32.7073402653356,0.0
random-s0-0115,visibility,once,0.0,20.0,30.0,1,0,0,0,0,0,0,10.381834606090564,394.6795951757613,10.381834606090564,0.0
random-s0-0115,visibility,cycle,0.0,20.0,30.0,1,0,0,0,0,0,0,10.381834606090564,394.6795951757614,10.381834606090564,0.0
random-s0-0115,visibility,cycle,0.0,100.0,30.0,1,0,0,0,0,0,0,10.381834606090564,394.6795951757614,10.381834606090564,0.0
random-s0-0115,visibility,cycle,50.0,20.0,30.0,1,0,0,0,0,0,0,0.0499467589841629,394.6795951757614,0.0499467589841629,0.0
random-s0-0115,visibility,cycle,50.0,100.0,30.0,1,0,1,1,0,0,1,-1.8928248982570888,394.6795951757614,-1.8928248982570888,20.0
random-s0-0115,visibility,cycle,150.0,20.0,30.0,1,0,1,1,0,1,0,-89.34403879653817,394.6795951757614,-89.34403879653817,219.99999999999983
random-s0-0115,visibility,cycle,150.0,100.0,30.0,1,0,1,1,0,1,0,-87.48511983038519,394.6795951757614,-87.48511983038519,219.9999999999997
random-s0-0115,visibility,event,0.0,20.0,30.0,1,0,0,0,0,0,0,10.381834606090564,394.6795951757614,10.381834606090564,0.0
random-s0-0115,visibility,event,0.0,100.0,30.0,1,0,0,0,0,0,0,10.381834606090564,394.6795951757614,10.381834606090564,0.0
random-s0-0115,visibility,event,50.0,20.0,30.0,1,0,0,0,0,0,0,10.381834606090564,394.6795951757614,10.381834606090564,0.0
random-s0-0115,visibility,event,50.0,100.0,30.0,1,0,0,0,0,0,0,10.381834606090564,394.6795951757614,10.381834606090564,0.0
random-s0-0115,visibility,event,150.0,20.0,30.0,1,0,1,1,0,1,0,-90.26913198853796,394.6795951757614,-90.26913198853796,219.99999999999983
random-s0-0115,visibility,event,150.0,100.0,30.0,1,0,1,1,0,1,0,-87.48511983038519,394.6795951757614,-87.48511983038519,219.9999999999997
random-s0-0116,voronoi,once,0.0,20.0,30.0,1,0,3,0,3,0,0,-144.88701430043042,-144.88701430043042,148.23727258003254,240.0
random-s0-0116,voronoi,cycle,0.0,20.0,30.0,1,0,0,0,0,0,0,33.65781614313599,55.49816148692065,33.65781614313599,0.0
random-s0-0116,voronoi,cycle,0.0,100.0,30.0,1,0,0,0,0,0,0,44.162520415453656,69.16828183336551,44.162520415453656,0.0
random-s0-0116,voronoi,cycle,50.0,20.0,30.0,1,0,0,0,0,0,0,48.62055581850822,263.1304379835667,48.62055581850822,0.0
random-s0-0116,voronoi,cycle,50.0,100.0,30.0,1,0,0,0,0,0,0,105.90737337863992,105.90737337863992,148.2372725800327,0.0
random-s0-0116,voronoi,cycle,150.0,20.0,30.0,1,0,0,0,0,0,0,31.410600913546688,122.13744842501626,31.410600913546688,0.0
random-s0-0116,voronoi,cycle,150.0,100.0,30.0,1,0,1,0,1,0,0,-132.70053026968225,-132.70053026968225,53.44530059786416,159.9999999999998
random-s0-0116,voronoi,event,0.0,20.0,30.0,1,0,0,0,0,0,0,7.479295448021219,7.479295448021219,32.912961940620846,0.0
random-s0-0116,voronoi,event,0.0,100.0,30.0,1,0,0,0,0,0,0,24.14503017373559,24.14503017373559,51.6201620276766,0.0
random-s0-0116,voronoi,event,50.0,20.0,30.0,1,0,0,0,0,0,0,31.991243712271057,45.2926151533508,31.991243712271057,0.0
random-s0-0116,voronoi,event,50.0,100.0,30.0,1,0,0,0,0,0,0,51.32750322710041,51.32750322710041,55.910116939690056,0.0
random-s0-0116,voronoi,event,150.0,20.0,30.0,1,0,0,0,0,0,0,31.076973204814266,228.16119389121792,31.076973204814266,0.0
random-s0-0116,voronoi,event,150.0,100.0,30.0,1,0,0,0,0,0,0,34.106489777160874,356.5438295846981,34.106489777160874,0.0
random-s0-0116,prm,once,0.0,20.0,30.0,1,0,1,1,0,1,0,-163.11118647386283,82.69693059315392,-163.11118647386283,360.00000000000006
random-s0-0116,prm,cycle,0.0,20.0,30.0,1,0,1,0,1,0,0,-50.0924728558916,-50.0924728558916,76.91524709330895,39.999999999999964
random-s0-0116,prm,cycle,0.0,100.0,30.0,1,0,0,0,0,0,0,57.39780108560612,57.39780108560612,99.25557341757832,0.0
random-s0-0116,prm,cycle,50.0,20.0,30.0,1,0,0,0,0,0,0,111.87341748931522,112.15829667400892,111.87341748931522,0.0
random-s0-0116,prm,cycle,50.0,100.0,30.0,1,0,0,0,0,0,0,99.25557341757832,193.12670939606693,99.25557341757832,0.0
random-s0-0116,prm,cycle,150.0,20.0,30.0,1,0,0,0,0,0,0,72.7355329357685,72.7355329357685,165.2665764504187,0.0
random-s0-0116,prm,cycle,150.0,100.0,30.0,1,0,0,0,0,0,0,139.52858472228718,139.52858472228718,288.07632756073184,0.0
random-s0-0116,prm,event,0.0,20.0,30.0,1,0,1,1,0,1,0,-88.2549893423491,66.8683927097648,-88.2549893423491,140.0
random-s0-0116,prm,event,0.0,100.0,30.0,1,0,0,0,0,0,0,20.47638185749633,20.47638185749633,75.58727315395532,0.0
random-s0-0116,prm,event,50.0,20.0,30.0,1,0,0,0,0,0,0,84.41533260562579,84.41533260562579,111.87341748931522,0.0
random-s0-0116,prm,event,50.0,100.0,30.0,1,0,0,0,0,0,0,96.21188125524468,96.21188125524468,99.25557341757832,0.0
random-s0-0116,prm,event,150.0,20.0,30.0,1,0,0,0,0,0,0,32.19847225811887,32.19847225811887,253.13530573458485,0.0
random-s0-0116,prm,event,150.0,100.0,30.0,1,0,0,0,0,0,0,45.17477616423082,146.46978188174228,45.17477616423082,0.0
random-s0-0116,visibility,once,0.0,20.0,30.0,1,0,3,1,2,0,1,-116.76515620644052,-116.76515620644052,-71.83261675000342,360.00000000000006
random-s0-0116,visibility,cycle,0.0,20.0,30.0,1,0,1,0,1,0,0,-15.257182698603486,-15.257182698603486,30.52784496993488,20.0
random-s0-0116,visibility,cycle,0.0,100.0,30.0,1,0,1,0,1,0,0,-18.305253279082194,-18.305253279082194,33.81964339586304,20.0
random-s0-0116,visibility,cycle,50.0,20.0,30.0,1,0,2,2,0,1,1,-41.863648972712525,100.19329571867502,-41.863648972712525,320.0
random-s0-0116,visibility,cycle,50.0,100.0,30.0,1,0,2,2,0,1,1,-130.78265785386506,71.1408786306383,-130.78265785386506,420.0000000000001
random-s0-0116,visibility,cycle,150.0,20.0,30.0,1,0,1,1,0,1,0,-0.5747594374720109,349.6939520287417,-0.5747594374720109,20.0
random-s0-0116,visibility,cycle,150.0,100.0,30.0,1,0,0,0,0,0,0,36.89529812336755,60.19478441910431,36.89529812336755,0.0
random-s0-0116,visibility,event,0.0,20.0,30.0,1,0,0,0,0,0,0,30.2539477170574,109.7154751771356,30.2539477170574,0.0
random-s0-0116,visibility,event,0.0,100.0,30.0,1,0,1,1,0,0,1,-58.9261808472554,72.62529515837164,-58.9261808472554,60.0
random-s0-0116,visibility,event,50.0,20.0,30.0,1,0,0,0,0,0,0,27.57061171019936,104.88593705269636,27.57061171019936,0.0
random-s0-0116,visibility,event,50.0,100.0,30.0,1,0,2,0,2,0,0,-154.19551793697934,-154.19551793697934,76.50673388431915,600.0000000000002
random-s0-0116,visibility,event,150.0,20.0,30.0,1,0,0,0,0,0,0,0.5634913528990069,410.7006037729925,0.5634913528990069,0.0
random-s0-0116,visibility,event,150.0,100.0,30.0,1,0,1,1,0,0,1,-1.314316502096915,306.92917858717954,-1.314316502096915,40.0
random-s0-0117,voronoi,once,0.0,20.0,30.0,1,0,4,0,4,0,0,-147.64093443519715,-147.64093443519715,266.8105987699113,660.0000000000002
random-s0-0117,voronoi,cycle,0.0,20.0,30.0,1,0,0,0,0,0,0,23.296916444558093,23.296916444558093,38.82391784466378,0.0
random-s0-0117,voronoi,cycle,0.0,100.0,30.0,1,0,1,0,1,0,0,-7.614428924731925,-7.614428924731925,44.97566148484916,20.0
random-s0-0117,voronoi,cycle,50.0,20.0,30.0,1,0,0,0,0,0,0,40.397654506489886,83.37235180188753,40.397654506489886,0.0
random-s0-0117,voronoi,cycle,50.0,100.0,30.0,1,0,1,0,1,0,0,-119.0975849425418,-119.0975849425418,142.03871966868286,59.99999999999991
random-s0-0117,voronoi,cycle,150.0,20.0,30.0,1,0,0,0,0,0,0,89.45596930452035,127.16395650177748,89.45596930452035,0.0
random-s0-0117,voronoi,cycle,150.0,100.0,30.0,1,0,0,0,0,0,0,60.49339719115525,60.49339719115525,228.8865077493271,0.0
random-s0-0117,voronoi,event,0.0,20.0,30.0,1,0,0,0,0,0,0,33.4329043201451,33.4329043201451,36.53852969288772,0.0
random-s0-0117,voronoi,event,0.0,100.0,30.0,1,0,0,0,0,0,0,0.6829416544829314,0.6829416544829314,34.44747924019177,0.0
random-s0-0117,voronoi,event,50.0,20.0,30.0,1,0,0,0,0,0,0,47.44554773510387,126.49019780114736,47.44554773510387,0.0
random-s0-0117,voronoi,event,50.0,100.0,30.0,1,0,0,0,0,0,0,42.552410286557006,86.39432016667865,42.552410286557006,0.0
random-s0-0117,voronoi,event,150.0,20.0,30.0,1,0,0,0,0,0,0,17.91545713449483,48.70775206688916,17.91545713449483,0.0
random-s0-0117,voronoi,event,150.0,100.0,30.0,1,0,0,0,0,0,0,60.49339719115525,60.49339719115525,96.96697521548435,0.0
random-s0-0117,prm,once,0.0,20.0,30.0,1,0,3,0,3,0,0,-147.64093443519715,-147.64093443519715,35.06423024191645,380.00000000000006
random-s0-0117,prm,cycle,0.0,20.0,30.0,1,0,0,0,0,0,0,32.20332595576119,37.53111905815277,32.20332595576119,0.0
random-s0-0117,prm,cycle,0.0,100.0,30.0,1,0,1,0,1,0,0,-63.20577581591155,-63.20577581591155,121.10497652097696,40.0
random-s0-0117,prm,cycle,50.0,20.0,30.0,1,0,0,0,0,0,0,32.4940676687159,111.28630299418997,32.4940676687159,0.0
random-s0-0117,prm,cycle,50.0,100.0,30.0,1,0,1,0,1,0,0,-63.20577581591155,-63.20577581591155,64.45792985960676,40.0
random-s0-0117,prm,cycle,150.0,20.0,30.0,1,0,1,0,1,0,0,-63.20577581591154,-63.20577581591154,40.983039925914426,40.0
random-s0-0117,prm,cycle,150.0,100.0,30.0,1,0,2,0,2,0,0,-104.57947641510016,-104.57947641510016,51.83342057175693,140.0
random-s0-0117,prm,event,0.0,20.0,30.0,1,0,0,0,0,0,0,33.4347084197795,33.4347084197795,60.73888342505833,0.0
random-s0-0117,prm,event,0.0,100.0,30.0,1,0,1,0,1,0,0,-63.20577581591155,-63.20577581591155,159.35811723381596,40.0
random-s0-0117,prm,event,50.0,20.0,30.0,1,0,0,0,0,0,0,32.13355259074899,123.54604769675768,32.13355259074899,0.0
random-s0-0117,prm,event,50.0,100.0,30.0,1,0,1,0,1,0,0,-63.20577581591155,-63.20577581591155,81.5287127107955,40.0
random-s0-0117,prm,event,150.0,20.0,30.0,1,0,1,0,1,0,0,-63.20577581591154,-63.20577581591154,37.794455831551545,40.0
random-s0-0117,prm,event,150.0,100.0,30.0,1,0,1,0,1,0,0,-63.20577581591155,-63.20577581591155,66.36924012523568,40.0
random-s0-0117,visibility,once,0.0,20.0,30.0,1,0,2,0,2,0,0,-172.24493622385725,-172.24493622385725,39.100018877162455,259.99999999999994
random-s0-0117,visibility,cycle,0.0,20.0,30.0,1,0,0,0,0,0,0,30.45352225995714,62.575783336332,30.45352225995714,0.0
random-s0-0117,visibility,cycle,0.0,100.0,30.0,1,0,0,0,0,0,0,35.29708377591933,72.22140227160114,35.29708377591933,0.0
random-s0-0117,visibility,cycle,50.0,20.0,30.0,1,0,0,0,0,0,0,13.43729876058211,53.03953218168715,13.43729876058211,0.0
random-s0-0117,visibility,cycle,50.0,100.0,30.0,1,0,0,0,0,0,0,22.69321537780573,50.19557287444289,22.69321537780573,0.0
random-s0-0117,visibility,cycle,150.0,20.0,30.0,1,0,0,0,0,0,0,50.19557287444289,50.19557287444289,132.05894002904154,0.0
random-s0-0117,visibility,cycle,150.0,100.0,30.0,1,0,0,0,0,0,0,50.19557287444289,50.19557287444289,53.22324816349328,0.0
random-s0-0117,visibility,event,0.0,20.0,30.0,1,0,0,0,0,0,0,30.460157585048396,82.79263669168631,30.460157585048396,0.0
random-s0-0117,visibility,event,0.0,100.0,30.0,1,0,0,0,0,0,0,33.617449612063666,52.36143717788056,33.617449612063666,0.0
random-s0-0117,visibility,event,50.0,20.0,30.0,1,0,0,0,0,0,0,30.74935639336553,61.57745518359164,30.74935639336553,0.0
random-s0-0117,visibility,event,50.0,100.0,30.0,1,0,0,0,0,0,0,28.42755392837759,50.19557287444289,28.42755392837759,0.0
random-s0-0117,visibility,event,150.0,20.0,30.0,1,0,0,0,0,0,0,40.48183910677781,50.19557287444289,40.48183910677781,0.0
random-s0-0117,visibility,event,150.0,100.0,30.0,1,0,1,1,0,0,1,-39.896403844679696,35.2014666095111,-39.896403844679696,100.0
random-s0-0118,voronoi,once,0.0,20.0,30.0,1,0,3,0,3,0,0,-172.12816103633924,-172.12816103633924,322.8759204763662,259.99999999999994
random-s0-0118,voronoi,cycle,0.0,20.0,30.0,1,0,1,0,1,0,0,-4.255821249149022,-4.255821249149022,290.6723083983365,20.0
random-s0-0118,voronoi,cycle,0.0,100.0,30.0,1,0,1,0,1,0,0,-9.523809478688008,-9.523809478688008,336.7093820353474,20.0
random-s0-0118,voronoi,cycle,50.0,20.0,30.0,1,0,0,0,0,0,0,111.30698063391873,111.30698063391873,263.04569857369904,0.0
random-s0-0118,voronoi,cycle,50.0,100.0,30.0,1,0,0,0,0,0,0,141.29856831302556,141.29856831302556,263.6443937101852,0.0
random-s0-0118,voronoi,cycle,150.0,20.0,30.0,1,0,0,0,0,0,0,68.0045440880493,74.80079790942574,68.0045440880493,0.0
random-s0-0118,voronoi,cycle,150.0,100.0,30.0,1,0,0,0,0,0,0,100.7390672258514,141.29856831302556,100.7390672258514,0.0
random-s0-0118,voronoi,event,0.0,20.0,30.0,1,0,0,0,0,0,0,5.701262474828326,5.701262474828326,203.7487684027325,0.0
random-s0-0118,voronoi,event,0.0,100.0,30.0,1,0,2,0,2,0,0,-12.859171047796735,-12.859171047796735,254.9890073630383,60.0
random-s0-0118,voronoi,event,50.0,20.0,30.0,1,0,0,0,0,0,0,112.1874942257001,112.1874942257001,146.1287122176061,0.0
random-s0-0118,voronoi,event,50.0,100.0,30.0,1,0,0,0,0,0,0,109.00258389609814,140.6755964810951,109.00258389609814,0.0
random-s0-0118,voronoi,event,150.0,20.0,30.0,1,0,0,0,0,0,0,43.0359037216808,43.0359037216808,111.64478975970388,0.0
random-s0-0118,voronoi,event,150.0,100.0,30.0,1,0,0,0,0,0,0,61.19867339940265,61.19867339940265,77.65637976797012,0.0
random-s0-0118,prm,once,0.0,20.0,30.0,1,0,2,0,2,0,0,-172.12816103633924,-172.12816103633924,243.13157628631103,140.0
random-s0-0118,prm,cycle,0.0,20.0,30.0,1,0,0,0,0,0,0,18.899670472169987,18.899670472169987,32.85149116747539,0.0
random-s0-0118,prm,cycle,0.0,100.0,30.0,1,0,0,0,0,0,0,34.79689625160415,34.79689625160415,54.07904905102637,0.0
random-s0-0118,prm,cycle,50.0,20.0,30.0,1,0,0,0,0,0,0,141.29856831302556,141.29856831302556,151.82910760158808,0.0
random-s0-0118,prm,cycle,50.0,100.0,30.0,1,0,0,0,0,0,0,104.61114159433949,104.61114159433949,211.52414784236225,0.0
random-s0-0118,prm,cycle,150.0,20.0,30.0,1,0,1,0,1,0,0,-172.1281610363386,-172.1281610363386,34.340080644251856,100.0
random-s0-0118,prm,cycle,150.0,100.0,30.0,1,0,1,0,1,0,0,-172.12816103633924,-172.12816103633924,74.42718683201275,99.99999999999996
random-s0-0118,prm,event,0.0,20.0,30.0,1,0,0,0,0,0,0,36.54786729227968,36.54786729227968,112.23552416506362,0.0
random-s0-0118,prm,event,0.0,100.0,30.0,1,0,0,0,0,0,0,34.79689625160415,34.79689625160415,125.1833588131779,0.0
random-s0-0118,prm,event,50.0,20.0,30.0,1,0,0,0,0,0,0,141.29856831302556,141.29856831302556,228.52990438534889,0.0
random-s0-0118,prm,event,50.0,100.0,30.0,1,0,0,0,0,0,0,141.29856831302556,141.29856831302556,211.52414784236225,0.0
random-s0-0118,prm,event,150.0,20.0,30.0,1,0,1,0,1,0,0,-172.1281610363386,-172.1281610363386,32.59387362335076,100.0
random-s0-0118,prm,event,150.0,100.0,30.0,1,0,1,0,1,0,0,-172.12816103633924,-172.12816103633924,122.51911191492314,99.99999999999996
random-s0-0118,visibility,once,0.0,20.0,30.0,1,0,2,0,2,0,0,-172.12816103633924,-172.12816103633924,39.31682300045614,140.0
random-s0-0118,visibility,cycle,0.0,20.0,30.0,1,0,0,0,0,0,0,55.84105571486302,55.84105571486302,154.78381218850006,0.0
random-s0-0118,visibility,cycle,0.0,100.0,30.0,1,0,0,0,0,0,0,74.88690375586239,74.88690375586239,217.0322652365848,0.0
random-s0-0118,visibility,cycle,50.0,20.0,30.0,1,0,0,0,0,0,0,59.409749983442055,59.409749983442055,242.21610185859345,0.0
random-s0-0118,visibility,cycle,50.0,100.0,30.0,1,0,0,0,0,0,0,23.57893655214653,23.57893655214653,308.42861654934524,0.0
random-s0-0118,visibility,cycle,150.0,20.0,30.0,1,0,1,0,1,0,0,-172.1281610363386,-172.1281610363386,221.0625007308117,100.0
random-s0-0118,visibility,cycle,150.0,100.0,30.0,1,0,1,0,1,0,0,-172.12816103633924,-172.12816103633924,95.92171787607305,99.99999999999996
random-s0-0118,visibility,event,0.0,20.0,30.0,1,0,0,0,0,0,0,44.398244897328254,44.398244897328254,110.17228817340587,0.0
random-s0-0118,visibility,event,0.0,100.0,30.0,1,0,0,0,0,0,0,56.58385218313552,56.58385218313552,322.8518068821062,0.0
random-s0-0118,visibility,event,50.0,20.0,30.0,1,0,0,0,0,0,0,52.15974137401028,52.15974137401028,114.11009326257818,0.0
random-s0-0118,visibility,event,50.0,100.0,30.0,1,0,0,0,0,0,0,78.4638372784342,78.4638372784342,322.87592047636633,0.0
random-s0-0118,visibility,event,150.0,20.0,30.0,1,0,1,0,1,0,0,-172.1281610363386,-172.1281610363386,252.24123270705684,100.0
random-s0-0118,visibility,event,150.0,100.0,30.0,1,0,1,0,1,0,0,-172.12816103633924,-172.12816103633924,186.6458130058737,99.99999999999996
random-s0-0119,voronoi,once,0.0,20.0,30.0,1,0,2,1,1,1,0,-56.00736454829244,-56.00736454829244,-55.75015914505029,640.0000000000002
random-s0-0119,voronoi,cycle,0.0,20.0,30.0,1,0,99,19,80,19,0,-155.99028008961955,-39.36054202762296,-155.99028008961955,7139.999999999857
random-s0-0119,voronoi,cycle,0.0,100.0,30.0,1,0,83,19,64,16,3,-155.99028008961955,-13.708385044572566,-155.99028008961955,9200.000000000444
random-s0-0119,voronoi,cycle,50.0,20.0,30.0,1,0,92,16,76,16,0,-155.99028008961955,-33.35012207820881,-155.99028008961955,7239.999999999855
random-s0-0119,voronoi,cycle,50.0,100.0,30.0,1,0,79,18,61,18,0,-155.99028008961955,-14.577504155059898,-155.99028008961955,9339.999999999887
random-s0-0119,voronoi,cycle,150.0,20.0,30.0,1,0,67,13,54,13,0,-155.99028008961955,-46.319334372135785,-155.99028008961955,5719.999999999881
random-s0-0119,voronoi,cycle,150.0,100.0,30.0,1,0,63,15,48,15,0,-155.99028008961955,-45.16640613199618,-155.99028008961955,8199.999999999915
random-s0-0119,voronoi,event,0.0,20.0,30.0,1,0,92,17,75,17,0,-155.99028008961955,-32.48195971914265,-155.99028008961955,7019.99999999986
random-s0-0119,voronoi,event,0.0,100.0,30.0,1,0,75,17,58,16,1,-155.99028008961955,-13.3250426004698,-155.99028008961955,8620.000000000457
random-s0-0119,voronoi,event,50.0,20.0,30.0,1,0,87,16,71,16,0,-155.99028008961955,-41.45183041866636,-155.99028008961955,7179.999999999856
random-s0-0119,voronoi,event,50.0,100.0,30.0,1,0,78,18,60,18,0,-155.99028008961955,-13.494345032574188,-155.99028008961955,9279.99999999989
random-s0-0119,voronoi,event,150.0,20.0,30.0,1,0,66,13,53,13,0,-155.99028008961955,-44.87999074213977,-155.99028008961955,5539.9999999998845
random-s0-0119,voronoi,event,150.0,100.0,30.0,1,0,62,15,47,15,0,-155.99028008961955,-45.16640613199618,-155.99028008961955,8139.999999999915
random-s0-0119,prm,once,0.0,20.0,30.0,1,0,1,1,0,1,0,-55.75015914505029,143.4520237736724,-55.75015914505029,360.00000000000006
random-s0-0119,prm,cycle,0.0,20.0,30.0,1,0,1,1,0,1,0,-55.75015914505029,353.6265931783129,-55.75015914505029,220.0
random-s0-0119,prm,cycle,0.0,100.0,30.0,1,0,1,1,0,1,0,-55.75015914505023,316.9366741005372,-55.75015914505023,220.0
random-s0-0119,prm,cycle,50.0,20.0,30.0,1,0,1,1,0,1,0,-55.75015914505029,475.2240329549246,-55.75015914505029,300.0
random-s0-0119,prm,cycle,50.0,100.0,30.0,1,0,1,1,0,1,0,-55.75015914505023,484.6031405153144,-55.75015914505023,340.0
random-s0-0119,prm,cycle,150.0,20.0,30.0,1,0,1,1,0,1,0,-55.75015914505029,580.6358640747568,-55.75015914505029,360.00000000000006
random-s0-0119,prm,cycle,150.0,100.0,30.0,1,0,1,1,0,1,0,-55.75015914505023,350.63511015044685,-55.75015914505023,340.0
random-s0-0119,prm,event,0.0,20.0,30.0,1,0,1,1,0,1,0,-55.75015914505029,353.6265931783129,-55.75015914505029,220.0
random-s0-0119,prm,event,0.0,100.0,30.0,1,0,1,1,0,1,0,-55.75015914505023,316.9366741005372,-55.75015914505023,220.0
random-s0-0119,prm,event,50.0,20.0,30.0,1,0,1,1,0,1,0,-55.75015914505029,475.2240329549246,-55.75015914505029,300.0
random-s0-0119,prm,event,50.0,100.0,30.0,1,0,1,1,0,1,0,-55.75015914505023,484.6031405153144,-55.75015914505023,340.0
random-s0-0119,prm,event,150.0,20.0,30.0,1,0,1,1,0,1,0,-55.75015914505029,718.3300976354341,-55.75015914505029,259.99999999999994
random-s0-0119,prm,event,150.0,100.0,30.0,1,0,1,1,0,1,0,-55.75015914505023,701.0432789759348,-55.75015914505023,340.0
random-s0-0119,visibility,once,0.0,20.0,30.0,1,0,1,1,0,1,0,-55.75015914505029,253.3460737497136,-55.75015914505029,360.00000000000006
random-s0-0119,visibility,cycle,0.0,20.0,30.0,1,0,1,1,0,1,0,-55.75015914505029,253.3460737497136,-55.75015914505029,320.0
random-s0-0119,visibility,cycle,0.0,100.0,30.0,1,0,1,1,0,1,0,-55.75015914505023,253.3460737497136,-55.75015914505023,320.0
random-s0-0119,visibility,cycle,50.0,20.0,30.0,1,0,1,1,0,1,0,-55.75015914505029,261.1414697192443,-55.75015914505029,320.0
random-s0-0119,visibility,cycle,50.0,100.0,30.0,1,0,1,1,0,1,0,-55.75015914505023,261.05774513897,-55.75015914505023,320.0
random-s0-0119,visibility,cycle,150.0,20.0,30.0,1,0,1,1,0,1,0,-55.75015914505029,485.8258950594719,-55.75015914505029,360.00000000000006
random-s0-0119,visibility,cycle,150.0,100.0,30.0,1,0,2,2,0,1,1,-55.75015914505023,517.0526452128773,-55.75015914505023,380.00000000000006
random-s0-0119,visibility,event,0.0,20.0,30.0,1,0,1,1,0,1,0,-55.75015914505029,253.3460737497136,-55.75015914505029,320.0
random-s0-0119,visibility,event,0.0,100.0,30.0,1,0,1,1,0,1,0,-55.75015914505023,253.3460737497136,-55.75015914505023,320.0
random-s0-0119,visibility,event,50.0,20.0,30.0,1,0,1,1,0,1,0,-55.75015914505029,260.6366205995736,-55.75015914505029,360.00000000000006
random-s0-0119,visibility,event,50.0,100.0,30.0,1,0,1,1,0,1,0,-55.75015914505023,261.05774513897,-55.75015914505023,320.0
random-s0-0119,visibility,event,150.0,20.0,30.0,1,0,1,1,0,1,0,-55.75015914505029,461.9044991678055,-55.75015914505029,360.00000000000006
random-s0-0119,visibility,event,150.0,100.0,30.0,1,0,2,2,0,1,1,-55.75015914505023,517.0526452128773,-55.75015914505023,380.00000000000006
random-s0-0120,voronoi,once,0.0,20.0,30.0,1,0,4,1,3,1,0,-128.52036550271822,-84.81197598121982,-128.52036550271822,660.0000000000002
random-s0-0120,voronoi,cycle,0.0,20.0,30.0,1,0,1,1,0,1,0,-62.59689342376426,36.25842046872407,-62.59689342376426,720.0000000000003
random-s0-0120,voronoi,cycle,0.0,100.0,30.0,1,0,2,1,1,1,0,-81.53468016030384,-77.2064486638517,-81.53468016030384,700.0
random-s0-0120,voronoi,cycle,50.0,20.0,30.0,1,0,1,1,0,1,0,-46.32104641855645,201.7500763316712,-46.32104641855645,580.0000000000002
random-s0-0120,voronoi,cycle,50.0,100.0,30.0,1,0,1,1,0,1,0,-85.66275661499726,292.0563063450176,-85.66275661499726,740.0000000000002
random-s0-0120,voronoi,cycle,150.0,20.0,30.0,1,0,0,0,0,0,0,93.95653743274192,318.0450677592226,93.95653743274192,0.0
random-s0-0120,voronoi,cycle,150.0,100.0,30.0,1,0,0,0,0,0,0,61.27988718502738,110.49948548296965,61.27988718502738,0.0
random-s0-0120,voronoi,event,0.0,20.0,30.0,1,0,1,1,0,1,0,-62.59689342376426,6.396449713553352,-62.59689342376426,720.0000000000003
random-s0-0120,voronoi,event,0.0,100.0,30.0,1,0,2,1,1,1,0,-81.53468016030384,-77.2064486638517,-81.53468016030384,700.0
random-s0-0120,voronoi,event,50.0,20.0,30.0,1,0,1,1,0,1,0,-46.32104641855645,31.680628438358298,-46.32104641855645,580.0000000000002
random-s0-0120,voronoi,event,50.0,100.0,30.0,1,0,1,1,0,1,0,-85.66275661499726,148.29926698085052,-85.66275661499726,740.0000000000002
random-s0-0120,voronoi,event,150.0,20.0,30.0,1,0,0,0,0,0,0,59.31163980459976,59.31163980459976,116.78149504828916,0.0
random-s0-0120,voronoi,event,150.0,100.0,30.0,1,0,0,0,0,0,0,46.60318794204432,46.60318794204432,61.27988718502738,0.0
random-s0-0120,prm,once,0.0,20.0,30.0,1,0,4,1,3,1,0,-128.52036550271822,-84.81197598121982,-128.52036550271822,660.0000000000002
random-s0-0120,prm,cycle,0.0,20.0,30.0,1,0,4,1,3,1,0,-167.76532197215255,-167.76532197215255,-128.52036550271822,1380.000000000001
random-s0-0120,prm,cycle,0.0,100.0,30.0,1,0,1,1,0,1,0,-128.52036550271868,39.45988488404737,-128.52036550271868,539.9999999999999
random-s0-0120,prm,cycle,50.0,20.0,30.0,1,0,1,1,0,1,0,-128.52036550271822,196.5166659044569,-128.52036550271822,540.0000000000001
random-s0-0120,prm,cycle,50.0,100.0,30.0,1,0,1,1,0,1,0,-128.52036550271868,222.63048564512093,-128.52036550271868,539.9999999999999
random-s0-0120,prm,cycle,150.0,20.0,30.0,1,0,1,1,0,1,0,-128.52036550271822,276.7387986430812,-128.52036550271822,540.0000000000001
random-s0-0120,prm,cycle,150.0,100.0,30.0,1,0,1,1,0,1,0,-128.52036550271868,354.6353132336749,-128.52036550271868,539.9999999999999
random-s0-0120,prm,event,0.0,20.0,30.0,1,0,1,1,0,1,0,-128.52036550271822,135.69585719471803,-128.52036550271822,540.0000000000001
random-s0-0120,prm,event,0.0,100.0,30.0,1,0,1,1,0,1,0,-128.52036550271868,39.45988488404737,-128.52036550271868,539.9999999999999
random-s0-0120,prm,event,50.0,20.0,30.0,1,0,1,1,0,1,0,-128.52036550271822,408.9010633031388,-128.52036550271822,540.0000000000001
random-s0-0120,prm,event,50.0,100.0,30.0,1,0,1,1,0,1,0,-128.52036550271868,87.0265662280006,-128.52036550271868,539.9999999999999
random-s0-0120,prm,event,150.0,20.0,30.0,1,0,1,1,0,1,0,-128.52036550271822,288.5690174781872,-128.52036550271822,540.0000000000001
random-s0-0120,prm,event,150.0,100.0,30.0,1,0,1,1,0,1,0,-128.52036550271868,163.4524317022914,-128.52036550271868,539.9999999999999
random-s0-0120,visibility,once,0.0,20.0,30.0,1,0,4,1,3,1,0,-128.52036550271822,-84.81197598121982,-128.52036550271822,660.0000000000002
random-s0-0120,visibility,cycle,0.0,20.0,30.0,1,0,1,1,0,1,0,-128.52036550271822,94.8861847536176,-128.52036550271822,540.0000000000001
random-s0-0120,visibility,cycle,0.0,100.0,30.0,1,0,2,1,1,1,0,-131.1545879517239,-131.1545879517239,-128.52036550271868,840.0
random-s0-0120,visibility,cycle,50.0,20.0,30.0,1,0,1,1,0,1,0,-128.52036550271822,288.92677807723936,-128.52036550271822,540.0000000000001
random-s0-0120,visibility,cycle,50.0,100.0,30.0,1,0,1,1,0,1,0,-128.52036550271868,111.98735562463526,-128.52036550271868,539.9999999999999
random-s0-0120,visibility,cycle,150.0,20.0,30.0,1,0,1,1,0,1,0,-128.52036550271822,15.926718520379469,-128.52036550271822,540.0000000000001
random-s0-0120,visibility,cycle,150.0,100.0,30.0,1,0,1,1,0,1,0,-128.52036550271868,89.71754246284468,-128.52036550271868,539.9999999999999
random-s0-0120,visibility,event,0.0,20.0,30.0,1,0,1,1,0,1,0,-128.52036550271822,101.05189665984769,-128.52036550271822,540.0000000000001
random-s0-0120,visibility,event,0.0,100.0,30.0,1,0,2,1,1,1,0,-131.1545879517239,-131.1545879517239,-128.52036550271868,840.0
random-s0-0120,visibility,event,50.0,20.0,30.0,1,0,1,1,0,1,0,-128.52036550271822,229.65850265887508,-128.52036550271822,540.0000000000001
random-s0-0120,visibility,event,50.0,100.0,30.0,1,0,1,1,0,1,0,-128.52036550271868,103.60976321066414,-128.52036550271868,539.9999999999999
random-s0-0120,visibility,event,150.0,20.0,30.0,1,0,1,1,0,1,0,-128.52036550271822,31.53339247603523,-128.52036550271822,540.0000000000001
random-s0-0120,visibility,event,150.0,100.0,30.0,1,0,1,1,0,1,0,-128.52036550271868,58.42299311778064,-128.52036550271868,539.9999999999999
random-s0-0121,voronoi,once,0.0,20.0,30.0,1,0,0,0,0,0,0,33.84974979583242,33.84974979583242,105.30891675797182,0.0
random-s0-0121,voronoi,cycle,0.0,20.0,30.0,1,0,0,0,0,0,0,38.05003757617106,146.0568579156071,38.05003757617106,0.0
random-s0-0121,voronoi,cycle,0.0,100.0,30.0,1,0,0,0,0,0,0,20.387664002973622,20.387664002973622,109.25773838268026,0.0
random-s0-0121,voronoi,cycle,50.0,20.0,30.0,1,0,0,0,0,0,0,39.94903582847712,136.65946438743657,39.94903582847712,0.0
random-s0-0121,voronoi,cycle,50.0,100.0,30.0,1,0,0,0,0,0,0,104.6098319840022,179.58509525247325,104.6098319840022,0.0
random-s0-0121,voronoi,cycle,150.0,20.0,30.0,1,0,0,0,0,0,0,30.52005166494141,156.8616379019021,30.52005166494141,0.0
random-s0-0121,voronoi,cycle,150.0,100.0,30.0,1,0,0,0,0,0,0,67.20753006208551,179.58509525247325,67.20753006208551,0.0
random-s0-0121,voronoi,event,0.0,20.0,30.0,1,0,0,0,0,0,0,23.153480498844857,23.153480498844857,73.71980840313972,0.0
random-s0-0121,voronoi,event,0.0,100.0,30.0,1,0,0,0,0,0,0,88.14641898617913,88.14641898617913,105.61939699193204,0.0
random-s0-0121,voronoi,event,50.0,20.0,30.0,1,0,0,0,0,0,0,105.61196006580292,139.99290708958563,105.61196006580292,0.0
random-s0-0121,voronoi,event,50.0,100.0,30.0,1,0,0,0,0,0,0,107.95897953170066,142.26664807393593,107.95897953170066,0.0
random-s0-0121,voronoi,event,150.0,20.0,30.0,1,0,0,0,0,0,0,66.26826189040256,194.8328731036472,66.26826189040256,0.0
random-s0-0121,voronoi,event,150.0,100.0,30.0,1,0,0,0,0,0,0,67.4543188714677,179.58509525247325,67.4543188714677,0.0
random-s0-0121,prm,once,0.0,20.0,30.0,1,0,1,0,1,0,0,-83.45978304547732,-83.45978304547732,96.2453822659308,80.0
random-s0-0121,prm,cycle,0.0,20.0,30.0,1,0,0,0,0,0,0,106.9453926108668,159.1706609143231,106.9453926108668,0.0
random-s0-0121,prm,cycle,0.0,100.0,30.0,1,0,1,0,1,0,0,-83.45978304547732,-83.45978304547732,72.94515558206368,80.0
random-s0-0121,prm,cycle,50.0,20.0,30.0,1,0,1,0,1,0,0,-83.45978304547732,-83.45978304547732,47.00496918867705,79.99999999999999
random-s0-0121,prm,cycle,50.0,100.0,30.0,1,0,1,0,1,0,0,-83.45978304547732,-83.45978304547732,35.93356342795326,80.0
random-s0-0121,prm,cycle,150.0,20.0,30.0,1,0,1,0,1,0,0,-83.45978304547732,-83.45978304547732,96.76863779026354,79.99999999999999
random-s0-0121,prm,cycle,150.0,100.0,30.0,1,0,1,0,1,0,0,-83.45978304547732,-83.45978304547732,90.3449341755466,80.0
random-s0-0121,prm,event,0.0,20.0,30.0,1,0,0,0,0,0,0,33.8494669134773,144.2279147573836,33.8494669134773,0.0
random-s0-0121,prm,event,0.0,100.0,30.0,1,0,1,0,1,0,0,-83.45978304547732,-83.45978304547732,72.94515558206368,80.0
random-s0-0121,prm,event,50.0,20.0,30.0,1,0,1,0,1,0,0,-83.45978304547732,-83.45978304547732,83.91571571810613,79.99999999999999
random-s0-0121,prm,event,50.0,100.0,30.0,1,0,1,0,1,0,0,-83.45978304547732,-83.45978304547732,38.97274723871041,80.0
random-s0-0121,prm,event,150.0,20.0,30.0,1,0,1,0,1,0,0,-83.45978304547732,-83.45978304547732,80.28294610433636,79.99999999999999
random-s0-0121,prm,event,150.0,100.0,30.0,1,0,1,0,1,0,0,-83.45978304547732,-83.45978304547732,90.3449341755466,80.0
random-s0-0121,visibility,once,0.0,20.0,30.0,1,0,0,0,0,0,0,33.84974979583242,33.84974979583242,55.08186860374994,0.0
random-s0-0121,visibility,cycle,0.0,20.0,30.0,1,0,0,0,0,0,0,87.15187079034638,108.37775604267642,87.15187079034638,0.0
random-s0-0121,visibility,cycle,0.0,100.0,30.0,1,0,0,0,0,0,0,33.85977420275714,120.43154812645474,33.85977420275714,0.0
random-s0-0121,visibility,cycle,50.0,20.0,30.0,1,0,0,0,0,0,0,32.083924438015856,120.43154812645474,32.083924438015856,0.0
random-s0-0121,visibility,cycle,50.0,100.0,30.0,1,0,0,0,0,0,0,33.51479452385516,120.43154812645474,33.51479452385516,0.0
random-s0-0121,visibility,cycle,150.0,20.0,30.0,1,0,0,0,0,0,0,16.8241757300255,120.43154812645474,16.8241757300255,0.0
random-s0-0121,visibility,cycle,150.0,100.0,30.0,1,0,0,0,0,0,0,6.598408342936239,33.84974979583242,6.598408342936239,0.0
random-s0-0121,visibility,event,0.0,20.0,30.0,1,0,0,0,0,0,0,84.04165924546595,107.57355282389544,84.04165924546595,0.0
random-s0-0121,visibility,event,0.0,100.0,30.0,1,0,0,0,0,0,0,19.021245802748496,120.43154812645474,19.021245802748496,0.0
random-s0-0121,visibility,event,50.0,20.0,30.0,1,0,0,0,0,0,0,97.99412558831152,120.43154812645474,97.99412558831152,0.0
random-s0-0121,visibility,event,50.0,100.0,30.0,1,0,0,0,0,0,0,34.99373990334857,120.43154812645474,34.99373990334857,0.0
random-s0-0121,visibility,event,150.0,20.0,30.0,1,0,0,0,0,0,0,34.61715967938861,120.43154812645474,34.61715967938861,0.0
random-s0-0121,visibility,event,150.0,100.0,30.0,1,0,0,0,0,0,0,33.84974979583242,33.84974979583242,72.46596207155594,0.0
random-s0-0122,voronoi,once,0.0,20.0,30.0,1,0,1,0,1,0,0,-27.603931149466405,-27.603931149466405,273.22263844605123,120.0
random-s0-0122,voronoi,cycle,0.0,20.0,30.0,1,0,0,0,0,0,0,205.12652428956156,205.12652428956156,273.22263844605123,0.0
random-s0-0122,voronoi,cycle,0.0,100.0,30.0,1,0,0,0,0,0,0,155.46137563600382,155.46137563600382,273.22263844605123,0.0
random-s0-0122,voronoi,cycle,50.0,20.0,30.0,1,0,0,0,0,0,0,205.30023766456577,205.30023766456577,273.22263844605123,0.0
random-s0-0122,voronoi,cycle,50.0,100.0,30.0,1,0,0,0,0,0,0,208.00907135307165,208.00907135307165,273.22263844605123,0.0
random-s0-0122,voronoi,cycle,150.0,20.0,30.0,1,0,0,0,0,0,0,162.81181374177174,162.81181374177174,273.22263844605123,0.0
random-s0-0122,voronoi,cycle,150.0,100.0,30.0,1,0,0,0,0,0,0,207.0718463752104,207.0718463752104,273.22263844605123,0.0
random-s0-0122,voronoi,event,0.0,20.0,30.0,1,0,0,0,0,0,0,205.9590670227858,205.9590670227858,273.22263844605123,0.0
random-s0-0122,voronoi,event,0.0,100.0,30.0,1,0,0,0,0,0,0,145.78081965765,145.78081965765,273.22263844605123,0.0
random-s0-0122,voronoi,event,50.0,20.0,30.0,1,0,0,0,0,0,0,203.6476302534808,203.6476302534808,273.22263844605123,0.0
random-s0-0122,voronoi,event,50.0,100.0,30.0,1,0,0,0,0,0,0,206.4008586547417,206.4008586547417,273.22263844605123,0.0
random-s0-0122,voronoi,event,150.0,20.0,30.0,1,0,0,0,0,0,0,187.0399412925293,187.0399412925293,200.285217022744,0.0
random-s0-0122,voronoi,event,150.0,100.0,30.0,1,0,0,0,0,0,0,205.90103941587037,205.90103941587037,273.22263844605123,0.0
random-s0-0122,prm,once,0.0,20.0,30.0,1,0,1,0,1,0,0,-13.488407944445411,-13.488407944445411,273.22263844605123,40.0
random-s0-0122,prm,cycle,0.0,20.0,30.0,1,0,0,0,0,0,0,206.14720015298508,206.14720015298508,273.22263844605123,0.0
random-s0-0122,prm,cycle,0.0,100.0,30.0,1,0,0,0,0,0,0,207.13547032535365,207.13547032535365,273.22263844605123,0.0
random-s0-0122,prm,cycle,50.0,20.0,30.0,1,0,0,0,0,0,0,208.02874830121303,208.02874830121303,273.22263844605123,0.0
random-s0-0122,prm,cycle,50.0,100.0,30.0,1,0,0,0,0,0,0,209.59004977387565,209.59004977387565,273.22263844605123,0.0
random-s0-0122,prm,cycle,150.0,20.0,30.0,1,0,0,0,0,0,0,207.64738382094515,207.64738382094515,273.22263844605123,0.0
random-s0-0122,prm,cycle,150.0,100.0,30.0,1,0,0,0,0,0,0,214.04619624698427,214.04619624698427,273.22263844605123,0.0
random-s0-0122,prm,event,0.0,20.0,30.0,1,0,0,0,0,0,0,205.04657600975588,205.04657600975588,273.22263844605123,0.0
random-s0-0122,prm,event,0.0,100.0,30.0,1,0,0,0,0,0,0,207.13547032535365,207.13547032535365,273.22263844605123,0.0
random-s0-0122,prm,event,50.0,20.0,30.0,1,0,0,0,0,0,0,201.9844404230276,201.9844404230276,273.22263844605123,0.0
random-s0-0122,prm,event,50.0,100.0,30.0,1,0,0,0,0,0,0,207.7005068603936,207.7005068603936,273.22263844605123,0.0
random-s0-0122,prm,event,150.0,20.0,30.0,1,0,0,0,0,0,0,208.0856152920453,208.0856152920453,273.22263844605123,0.0
random-s0-0122,prm,event,150.0,100.0,30.0,1,0,0,0,0,0,0,47.277390595598575,47.277390595598575,273.22263844605123,0.0
random-s0-0122,visibility,once,0.0,20.0,30.0,1,0,0,0,0,0,0,206.16655436075223,206.16655436075223,273.22263844605123,0.0
random-s0-0122,visibility,cycle,0.0,20.0,30.0,1,0,0,0,0,0,0,207.164338106824,207.164338106824,273.22263844605123,0.0
random-s0-0122,visibility,cycle,0.0,100.0,30.0,1,0,0,0,0,0,0,207.70323602975677,207.70323602975677,273.22263844605123,0.0
random-s0-0122,visibility,cycle,50.0,20.0,30.0,1,0,0,0,0,0,0,206.7535740772164,206.7535740772164,271.7744091033574,0.0
random-s0-0122,visibility,cycle,50.0,100.0,30.0,1,0,0,0,0,0,0,208.240808729306,208.240808729306,273.22263844605123,0.0
random-s0-0122,visibility,cycle,150.0,20.0,30.0,1,0,0,0,0,0,0,208.1848640633405,208.1848640633405,266.6920880662032,0.0
random-s0-0122,visibility,cycle,150.0,100.0,30.0,1,0,0,0,0,0,0,71.26329679030465,71.26329679030465,273.22263844605123,0.0
random-s0-0122,visibility,event,0.0,20.0,30.0,1,0,0,0,0,0,0,207.2484110081229,207.2484110081229,270.7768032811725,0.0
random-s0-0122,visibility,event,0.0,100.0,30.0,1,0,0,0,0,0,0,207.70323602975677,207.70323602975677,273.22263844605123,0.0
random-s0-0122,visibility,event,50.0,20.0,30.0,1,0,0,0,0,0,0,207.6652587871755,207.6652587871755,268.4767433294216,0.0
random-s0-0122,visibility,event,50.0,100.0,30.0,1,0,0,0,0,0,0,209.1988009134548,209.1988009134548,273.22263844605123,0.0
random-s0-0122,visibility,event,150.0,20.0,30.0,1,0,0,0,0,0,0,210.035055614632,210.035055614632,259.4625444694452,0.0
random-s0-0122,visibility,event,150.0,100.0,30.0,1,0,0,0,0,0,0,43.19970481383362,43.19970481383362,273.22263844605123,0.0
random-s0-0123,voronoi,once,0.0,20.0,30.0,1,0,3,1,2,1,0,-78.44466140954485,-78.44466140954485,-44.15690392687546,259.99999999999994
random-s0-0123,voronoi,cycle,0.0,20.0,30.0,1,0,0,0,0,0,0,22.00268670851725,148.90047162194526,22.00268670851725,0.0
random-s0-0123,voronoi,cycle,0.0,100.0,30.0,1,0,1,0,1,0,0,-25.669696896159053,-25.669696896159053,23.864599906011364,40.0
random-s0-0123,voronoi,cycle,50.0,20.0,30.0,1,0,0,0,0,0,0,67.76691460316334,257.757500457202,67.76691460316334,0.0
random-s0-0123,voronoi,cycle,50.0,100.0,30.0,1,0,0,0,0,0,0,81.37783830112045,179.4744837161109,81.37783830112045,0.0
random-s0-0123,voronoi,cycle,150.0,20.0,30.0,1,0,0,0,0,0,0,28.78303030311756,285.2462188372396,28.78303030311756,0.0
random-s0-0123,voronoi,cycle,150.0,100.0,30.0,1,0,1,0,1,0,0,-94.40519750477036,-94.40519750477036,104.23881638201571,179.9999999999998
random-s0-0123,voronoi,event,0.0,20.0,30.0,1,0,0,0,0,0,0,24.316220839696683,138.00830081270755,24.316220839696683,0.0
random-s0-0123,voronoi,event,0.0,100.0,30.0,1,0,1,0,1,0,0,-25.669696896159053,-25.669696896159053,23.864599906011364,40.0
random-s0-0123,voronoi,event,50.0,20.0,30.0,1,0,0,0,0,0,0,64.89158760439972,130.39994704198688,64.89158760439972,0.0
random-s0-0123,voronoi,event,50.0,100.0,30.0,1,0,0,0,0,0,0,65.98436986923039,179.4744837161109,65.98436986923039,0.0
random-s0-0123,voronoi,event,150.0,20.0,30.0,1,0,0,0,0,0,0,43.96632046803421,280.2812928378851,43.96632046803421,0.0
random-s0-0123,voronoi,event,150.0,100.0,30.0,1,0,0,0,0,0,0,104.23881638201571,356.2853419278158,104.23881638201571,0.0
random-s0-0123,prm,once,0.0,20.0,30.0,1,0,3,1,2,1,0,-46.83728199176,-46.83728199176,-44.15690392687546,259.99999999999994
random-s0-0123,prm,cycle,0.0,20.0,30.0,1,0,0,0,0,0,0,81.79189186346628,81.79189186346628,104.23881638201571,0.0
random-s0-0123,prm,cycle,0.0,100.0,30.0,1,0,0,0,0,0,0,54.259379157651125,54.259379157651125,104.23881638201571,0.0
random-s0-0123,prm,cycle,50.0,20.0,30.0,1,0,0,0,0,0,0,131.52890263742597,155.44338350731238,131.52890263742597,0.0
random-s0-0123,prm,cycle,50.0,100.0,30.0,1,0,1,0,1,0,0,-138.71549709928465,-138.71549709928465,104.23881638201571,79.99999999999991
random-s0-0123,prm,cycle,150.0,20.0,30.0,1,0,0,0,0,0,0,57.15980140006451,509.9466181589112,57.15980140006451,0.0
random-s0-0123,prm,cycle,150.0,100.0,30.0,1,0,1,0,1,0,0,-44.77704573072512,-44.77704573072512,71.53743602124266,40.0
random-s0-0123,prm,event,0.0,20.0,30.0,1,0,0,0,0,0,0,87.03459403149554,87.09388689051872,87.03459403149554,0.0
random-s0-0123,prm,event,0.0,100.0,30.0,1,0,0,0,0,0,0,23.913296661876476,23.913296661876476,104.23881638201571,0.0
random-s0-0123,prm,event,50.0,20.0,30.0,1,0,0,0,0,0,0,112.93846415744024,112.93846415744024,131.52890263742597,0.0
random-s0-0123,prm,event,50.0,100.0,30.0,1,0,0,0,0,0,0,103.52842198729314,103.52842198729314,104.23881638201571,0.0
random-s0-0123,prm,event,150.0,20.0,30.0,1,0,0,0,0,0,0,179.21910896566055,537.7885782825276,179.21910896566055,0.0
random-s0-0123,prm,event,150.0,100.0,30.0,1,0,0,0,0,0,0,104.23881638201571,458.5384846962076,104.23881638201571,0.0
random-s0-0123,visibility,once,0.0,20.0,30.0,1,0,2,1,1,1,0,-46.83728199176,-46.83728199176,-44.15690392687546,220.0
random-s0-0123,visibility,cycle,0.0,20.0,30.0,1,0,1,1,0,1,0,-62.49027914150889,85.07501759676717,-62.49027914150889,180.0
random-s0-0123,visibility,cycle,0.0,100.0,30.0,1,0,2,1,1,0,1,-108.27880240303952,-108.27880240303952,-68.54087134077204,220.0
random-s0-0123,visibility,cycle,50.0,20.0,30.0,1,0,1,1,0,1,0,-45.30467769028121,133.03760727298146,-45.30467769028121,200.0
random-s0-0123,visibility,cycle,50.0,100.0,30.0,1,0,2,1,1,1,0,-155.7297776362995,-155.7297776362995,-54.09706469227859,259.99999999999994
random-s0-0123,visibility,cycle,150.0,20.0,30.0,1,0,0,0,0,0,0,18.130123909659854,538.9240585034966,18.130123909659854,0.0
random-s0-0123,visibility,cycle,150.0,100.0,30.0,1,0,0,0,0,0,0,12.4658501318535,336.71294146143805,12.4658501318535,0.0
random-s0-0123,visibility,event,0.0,20.0,30.0,1,0,1,1,0,1,0,-63.04856000406474,165.68023579056774,-63.04856000406474,180.0
random-s0-0123,visibility,event,0.0,100.0,30.0,1,0,2,1,1,0,1,-108.27880240303952,-108.27880240303952,-68.54087134077204,220.0
random-s0-0123,visibility,event,50.0,20.0,30.0,1,0,1,1,0,1,0,-51.58630739581264,223.34849510961303,-51.58630739581264,200.0
random-s0-0123,visibility,event,50.0,100.0,30.0,1,0,1,1,0,1,0,-54.09706469227859,254.5883080932693,-54.09706469227859,200.0
random-s0-0123,visibility,event,150.0,20.0,30.0,1,0,1,1,0,0,1,-12.87205371970512,105.9622658861241,-12.87205371970512,40.0
random-s0-0123,visibility,event,150.0,100.0,30.0,1,0,1,1,0,1,0,-10.617339805715176,160.14685988312323,-10.617339805715176,100.0
random-s0-0124,voronoi,once,0.0,20.0,30.0,1,0,1,0,1,0,0,-128.51388485671836,-128.51388485671836,146.41003165409057,40.0
random-s0-0124,voronoi,cycle,0.0,20.0,30.0,1,0,0,0,0,0,0,31.212245177141423,102.17582668562386,31.212245177141423,0.0
random-s0-0124,voronoi,cycle,0.0,100.0,30.0,1,0,0,0,0,0,0,87.59203371677978,126.80792571876692,87.59203371677978,0.0
random-s0-0124,voronoi,cycle,50.0,20.0,30.0,1,0,0,0,0,0,0,52.231136733724895,219.13465644536308,52.231136733724895,0.0
random-s0-0124,voronoi,cycle,50.0,100.0,30.0,1,0,0,0,0,0,0,74.47243854800874,226.6039180264142,74.47243854800874,0.0
random-s0-0124,voronoi,cycle,150.0,20.0,30.0,1,0,0,0,0,0,0,42.62771594247636,273.81314220709754,42.62771594247636,0.0
random-s0-0124,voronoi,cycle,150.0,100.0,30.0,1,0,0,0,0,0,0,37.39152757116787,395.9616058728809,37.39152757116787,0.0
random-s0-0124,voronoi,event,0.0,20.0,30.0,1,0,0,0,0,0,0,36.79186010893165,53.98408457087896,36.79186010893165,0.0
random-s0-0124,voronoi,event,0.0,100.0,30.0,1,0,1,0,1,0,0,-13.40352740956098,-13.40352740956098,47.25717710497213,20.0
random-s0-0124,voronoi,event,50.0,20.0,30.0,1,0,0,0,0,0,0,32.40285321527324,110.72881773696092,32.40285321527324,0.0
random-s0-0124,voronoi,event,50.0,100.0,30.0,1,0,0,0,0,0,0,47.25717710497213,260.44233840834494,47.25717710497213,0.0
random-s0-0124,voronoi,event,150.0,20.0,30.0,1,0,0,0,0,0,0,10.877410043725147,341.1295521723018,10.877410043725147,0.0
random-s0-0124,voronoi,event,150.0,100.0,30.0,1,0,0,0,0,0,0,43.12778982393013,333.9137370791244,43.12778982393013,0.0
random-s0-0124,prm,once,0.0,20.0,30.0,1,0,1,0,1,0,0,-128.51388485671836,-128.51388485671836,53.6920689183408,40.0
random-s0-0124,prm,cycle,0.0,20.0,30.0,1,0,1,0,1,0,0,-30.34813604060952,-30.34813604060952,31.087412170666568,160.0
random-s0-0124,prm,cycle,0.0,100.0,30.0,1,0,1,0,1,0,0,-20.930574682777944,-20.930574682777944,35.15555995892089,140.0
random-s0-0124,prm,cycle,50.0,20.0,30.0,1,0,0,0,0,0,0,31.809479857728007,221.7935770586685,31.809479857728007,0.0
random-s0-0124,prm,cycle,50.0,100.0,30.0,1,0,0,0,0,0,0,35.15555995892089,230.490744190678,35.15555995892089,0.0
random-s0-0124,prm,cycle,150.0,20.0,30.0,1,0,0,0,0,0,0,45.33295938192768,212.55220488530648,45.33295938192768,0.0
random-s0-0124,prm,cycle,150.0,100.0,30.0,1,0,0,0,0,0,0,142.34571685321976,351.155776069278,142.34571685321976,0.0
random-s0-0124,prm,event,0.0,20.0,30.0,1,0,1,0,1,0,0,-136.46648032363734,-136.46648032363734,33.142914981575814,440.0000000000001
random-s0-0124,prm,event,0.0,100.0,30.0,1,0,0,0,0,0,0,62.27296097785237,247.3484052022987,62.27296097785237,0.0
random-s0-0124,prm,event,50.0,20.0,30.0,1,0,0,0,0,0,0,43.42744591440808,221.3522457351405,43.42744591440808,0.0
random-s0-0124,prm,event,50.0,100.0,30.0,1,0,0,0,0,0,0,96.00315512263784,96.00315512263784,128.08889731331135,0.0
random-s0-0124,prm,event,150.0,20.0,30.0,1,0,0,0,0,0,0,45.49463527845117,454.5747727925436,45.49463527845117,0.0
random-s0-0124,prm,event,150.0,100.0,30.0,1,0,0,0,0,0,0,40.27617958598762,62.93690462371933,40.27617958598762,0.0
random-s0-0124,visibility,once,0.0,20.0,30.0,1,0,1,0,1,0,0,-128.51388485671836,-128.51388485671836,28.88570459057996,40.0
random-s0-0124,visibility,cycle,0.0,20.0,30.0,1,0,0,0,0,0,0,0.4170005744823015,0.4170005744823015,28.61136408977185,0.0
random-s0-0124,visibility,cycle,0.0,100.0,30.0,1,0,1,0,1,0,0,-147.90447312807024,-147.90447312807024,27.240749006100003,300.0
random-s0-0124,visibility,cycle,50.0,20.0,30.0,1,0,1,0,1,0,0,-5.8472852782967095,-5.8472852782967095,26.52677668265582,20.0
random-s0-0124,visibility,cycle,50.0,100.0,30.0,1,0,0,0,0,0,0,27.20820440192807,31.20814294271273,27.20820440192807,0.0
random-s0-0124,visibility,cycle,150.0,20.0,30.0,1,0,0,0,0,0,0,21.78948913763972,122.50941577351932,21.78948913763972,0.0
random-s0-0124,visibility,cycle,150.0,100.0,30.0,1,0,0,0,0,0,0,23.7233649228352,46.23530594113507,23.7233649228352,0.0
random-s0-0124,visibility,event,0.0,20.0,30.0,1,0,0,0,0,0,0,1.690710378211179,1.690710378211179,21.664162630187946,0.0
random-s0-0124,visibility,event,0.0,100.0,30.0,1,0,1,0,1,0,0,-147.90447312807024,-147.90447312807024,21.75142883660172,300.0
random-s0-0124,visibility,event,50.0,20.0,30.0,1,0,0,0,0,0,0,21.664162630187946,82.12094011774997,21.664162630187946,0.0
random-s0-0124,visibility,event,50.0,100.0,30.0,1,0,0,0,0,0,0,21.75142883660172,83.16101002945192,21.75142883660172,0.0
random-s0-0124,visibility,event,150.0,20.0,30.0,1,0,0,0,0,0,0,0.7402499116358285,12.524948165738834,0.7402499116358285,0.0
random-s0-0124,visibility,event,150.0,100.0,30.0,1,0,0,0,0,0,0,14.58714008392846,43.772861353753456,14.58714008392846,0.0
random-s0-0125,voronoi,once,0.0,20.0,30.0,1,0,1,0,1,0,0,-87.15657075840109,-87.15657075840109,374.4897285027182,80.0
random-s0-0125,voronoi,cycle,0.0,20.0,30.0,1,0,1,0,1,0,0,-4.978593107285178,-4.978593107285178,146.99690880229838,19.99999999999996
random-s0-0125,voronoi,cycle,0.0,100.0,30.0,1,0,1,0,1,0,0,-154.85544693866615,-154.85544693866615,57.55370529448035,180.0
random-s0-0125,voronoi,cycle,50.0,20.0,30.0,1,0,0,0,0,0,0,50.43889025180212,114.32881272481654,50.43889025180212,0.0
random-s0-0125,voronoi,cycle,50.0,100.0,30.0,1,0,0,0,0,0,0,114.32881272481654,114.32881272481654,209.6902542578202,0.0
random-s0-0125,voronoi,cycle,150.0,20.0,30.0,1,0,0,0,0,0,0,59.83432690646572,59.83432690646572,367.27008573184025,0.0
random-s0-0125,voronoi,cycle,150.0,100.0,30.0,1,0,0,0,0,0,0,40.06667031079138,114.32881272481654,40.06667031079138,0.0
random-s0-0125,voronoi,event,0.0,20.0,30.0,1,0,0,0,0,0,0,38.93768588813271,42.42135988266844,38.93768588813271,0.0
random-s0-0125,voronoi,event,0.0,100.0,30.0,1,0,1,0,1,0,0,-80.77651308380788,-80.77651308380788,41.678919960362606,120.0
random-s0-0125,voronoi,event,50.0,20.0,30.0,1,0,0,0,0,0,0,49.20981994538923,114.32881272481654,49.20981994538923,0.0
random-s0-0125,voronoi,event,50.0,100.0,30.0,1,0,0,0,0,0,0,87.32456263140716,114.32881272481654,87.32456263140716,0.0
random-s0-0125,voronoi,event,150.0,20.0,30.0,1,0,0,0,0,0,0,35.22236173876976,114.32881272481654,35.22236173876976,0.0
random-s0-0125,voronoi,event,150.0,100.0,30.0,1,0,0,0,0,0,0,23.912709060942007,23.912709060942007,104.10545978981656,0.0
random-s0-0125,prm,once,0.0,20.0,30.0,1,0,1,0,1,0,0,-24.75061896461898,-24.75061896461898,374.4897285027182,40.0
random-s0-0125,prm,cycle,0.0,20.0,30.0,1,0,0,0,0,0,0,24.41406254998151,114.32881272481654,24.41406254998151,0.0
random-s0-0125,prm,cycle,0.0,100.0,30.0,1,0,0,0,0,0,0,91.66590101285846,114.32881272481654,91.66590101285846,0.0
random-s0-0125,prm,cycle,50.0,20.0,30.0,1,0,0,0,0,0,0,33.92837603895731,114.32881272481654,33.92837603895731,0.0
random-s0-0125,prm,cycle,50.0,100.0,30.0,1,0,1,0,1,0,0,-24.75061896461898,-24.75061896461898,80.56454067500425,40.0
random-s0-0125,prm,cycle,150.0,20.0,30.0,1,0,1,0,1,0,0,-24.75061896461941,-24.75061896461941,117.65174409076252,39.99999999999998
random-s0-0125,prm,cycle,150.0,100.0,30.0,1,0,1,0,1,0,0,-24.75061896461898,-24.75061896461898,82.62355753363488,40.0
random-s0-0125,prm,event,0.0,20.0,30.0,1,0,0,0,0,0,0,24.41406254998151,114.32881272481654,24.41406254998151,0.0
random-s0-0125,prm,event,0.0,100.0,30.0,1,0,0,0,0,0,0,68.48143982603798,68.48143982603798,91.66590101285846,0.0
random-s0-0125,prm,event,50.0,20.0,30.0,1,0,0,0,0,0,0,108.57754344814693,114.32881272481654,108.57754344814693,0.0
random-s0-0125,prm,event,50.0,100.0,30.0,1,0,1,0,1,0,0,-24.75061896461898,-24.75061896461898,91.66590101285846,40.0
random-s0-0125,prm,event,150.0,20.0,30.0,1,0,1,0,1,0,0,-24.75061896461941,-24.75061896461941,139.8214932751364,39.99999999999998
random-s0-0125,prm,event,150.0,100.0,30.0,1,0,1,0,1,0,0,-24.75061896461898,-24.75061896461898,82.62355753363488,40.0
random-s0-0125,visibility,once,0.0,20.0,30.0,1,0,0,0,0,0,0,57.92671171873883,114.32881272481654,57.92671171873883,0.0
random-s0-0125,visibility,cycle,0.0,20.0,30.0,1,0,0,0,0,0,0,31.78356584890733,114.32881272481654,31.78356584890733,0.0
random-s0-0125,visibility,cycle,0.0,100.0,30.0,1,0,0,0,0,0,0,37.36293002747229,114.32881272481654,37.36293002747229,0.0
random-s0-0125,visibility,cycle,50.0,20.0,30.0,1,0,0,0,0,0,0,32.60162880464145,114.32881272481654,32.60162880464145,0.0
random-s0-0125,visibility,cycle,50.0,100.0,30.0,1,0,0,0,0,0,0,31.83343283017365,114.32881272481654,31.83343283017365,0.0
random-s0-0125,visibility,cycle,150.0,20.0,30.0,1,0,0,0,0,0,0,47.289358100361824,114.32881272481654,47.289358100361824,0.0
random-s0-0125,visibility,cycle,150.0,100.0,30.0,1,0,0,0,0,0,0,80.24297754286584,114.32881272481654,80.24297754286584,0.0
random-s0-0125,visibility,event,0.0,20.0,30.0,1,0,0,0,0,0,0,34.07301543225495,114.32881272481654,34.07301543225495,0.0
random-s0-0125,visibility,event,0.0,100.0,30.0,1,0,0,0,0,0,0,31.83343283017365,114.32881272481654,31.83343283017365,0.0
random-s0-0125,visibility,event,50.0,20.0,30.0,1,0,0,0,0,0,0,37.66553990864571,114.32881272481654,37.66553990864571,0.0
random-s0-0125,visibility,event,50.0,100.0,30.0,1,0,0,0,0,0,0,31.83343283017365,114.32881272481654,31.83343283017365,0.0
random-s0-0125,visibility,event,150.0,20.0,30.0,1,0,0,0,0,0,0,98.6804918967818,114.32881272481654,98.6804918967818,0.0
random-s0-0125,visibility,event,150.0,100.0,30.0,1,0,0,0,0,0,0,104.02728079842753,114.32881272481654,104.02728079842753,0.0
random-s0-0126,voronoi,once,0.0,20.0,30.0,1,0,0,0,0,0,0,45.62403276560784,166.40152106511357,45.62403276560784,0.0
random-s0-0126,voronoi,cycle,0.0,20.0,30.0,1,0,0,0,0,0,0,25.56050851928228,551.9976055552179,25.56050851928228,0.0
random-s0-0126,voronoi,cycle,0.0,100.0,30.0,1,0,0,0,0,0,0,39.72397831607651,198.0966421622576,39.72397831607651,0.0
random-s0-0126,voronoi,cycle,50.0,20.0,30.0,1,0,0,0,0,0,0,58.84196734670152,597.4770789878994,58.84196734670152,0.0
random-s0-0126,voronoi,cycle,50.0,100.0,30.0,1,0,0,0,0,0,0,72.62940766768676,578.9446656598136,72.62940766768676,0.0
random-s0-0126,voronoi,cycle,150.0,20.0,30.0,1,0,0,0,0,0,0,122.10393690503116,347.8766596350232,122.10393690503116,0.0
random-s0-0126,voronoi,cycle,150.0,100.0,30.0,1,0,0,0,0,0,0,72.62940766768676,597.8303927532471,72.62940766768676,0.0
random-s0-0126,voronoi,event,0.0,20.0,30.0,1,0,0,0,0,0,0,57.49826345098094,549.5162393176763,57.49826345098094,0.0
random-s0-0126,voronoi,event,0.0,100.0,30.0,1,0,0,0,0,0,0,57.49826345098094,198.0966421622576,57.49826345098094,0.0
random-s0-0126,voronoi,event,50.0,20.0,30.0,1,0,0,0,0,0,0,63.72967931973997,632.6844406041006,63.72967931973997,0.0
random-s0-0126,voronoi,event,50.0,100.0,30.0,1,0,0,0,0,0,0,72.62940766768676,598.3397731396238,72.62940766768676,0.0
random-s0-0126,voronoi,event,150.0,20.0,30.0,1,0,1,1,0,1,0,-58.16741468624629,344.7642458196415,-58.16741468624629,220.0
random-s0-0126,voronoi,event,150.0,100.0,30.0,1,0,0,0,0,0,0,72.62940766768676,597.8303927532471,72.62940766768676,0.0
random-s0-0126,prm,once,0.0,20.0,30.0,1,0,1,1,0,0,1,-43.39233390712636,166.40152106511357,-43.39233390712636,100.0
random-s0-0126,prm,cycle,0.0,20.0,30.0,1,0,0,0,0,0,0,37.70977906594928,632.6844406041006,37.70977906594928,0.0
random-s0-0126,prm,cycle,0.0,100.0,30.0,1,0,0,0,0,0,0,57.49826345098094,632.6844406041006,57.49826345098094,0.0
random-s0-0126,prm,cycle,50.0,20.0,30.0,1,0,0,0,0,0,0,38.64082148008674,632.6844406041006,38.64082148008674,0.0
random-s0-0126,prm,cycle,50.0,100.0,30.0,1,0,1,0,1,0,0,-125.23221602433227,-125.23221602433227,72.62940766768676,60.0
random-s0-0126,prm,cycle,150.0,20.0,30.0,1,0,0,0,0,0,0,32.71114143813628,632.6844406041006,32.71114143813628,0.0
random-s0-0126,prm,cycle,150.0,100.0,30.0,1,0,0,0,0,0,0,57.49826345098094,225.85279551957552,57.49826345098094,0.0
random-s0-0126,prm,event,0.0,20.0,30.0,1,0,0,0,0,0,0,38.64082148008674,632.6844406041006,38.64082148008674,0.0
random-s0-0126,prm,event,0.0,100.0,30.0,1,0,0,0,0,0,0,57.49826345098094,632.6844406041006,57.49826345098094,0.0
random-s0-0126,prm,event,50.0,20.0,30.0,1,0,0,0,0,0,0,38.64082148008674,632.6844406041006,38.64082148008674,0.0
random-s0-0126,prm,event,50.0,100.0,30.0,1,0,0,0,0,0,0,72.62940766768676,203.8788451031056,72.62940766768676,0.0
random-s0-0126,prm,event,150.0,20.0,30.0,1,0,0,0,0,0,0,32.71114143813628,632.6844406041006,32.71114143813628,0.0
random-s0-0126,prm,event,150.0,100.0,30.0,1,0,1,0,1,0,0,-157.79293667628409,-157.79293667628409,57.49826345098094,59.99999999999992
random-s0-0126,visibility,once,0.0,20.0,30.0,1,0,1,0,1,0,0,-109.2554889457233,-109.2554889457233,7.916787116870637,40.0
random-s0-0126,visibility,cycle,0.0,20.0,30.0,1,0,0,0,0,0,0,21.805470871572567,152.32260718379035,21.805470871572567,0.0
random-s0-0126,visibility,cycle,0.0,100.0,30.0,1,0,1,1,0,1,0,-49.150133800509394,37.52576873960845,-49.150133800509394,139.99999999999991
random-s0-0126,visibility,cycle,50.0,20.0,30.0,1,0,1,1,0,1,0,-2.9080866417531013,209.39739392521847,-2.9080866417531013,20.0
random-s0-0126,visibility,cycle,50.0,100.0,30.0,1,0,1,1,0,1,0,-58.58500515336097,63.06629663043529,-58.58500515336097,180.0
random-s0-0126,visibility,cycle,150.0,20.0,30.0,1,0,0,0,0,0,0,47.84684840755807,181.8869396913296,47.84684840755807,0.0
random-s0-0126,visibility,cycle,150.0,100.0,30.0,1,0,0,0,0,0,0,57.49826345098094,190.8176639772224,57.49826345098094,0.0
random-s0-0126,visibility,event,0.0,20.0,30.0,1,0,1,1,0,1,0,-45.877227464650815,144.03947801402325,-45.877227464650815,60.0
random-s0-0126,visibility,event,0.0,100.0,30.0,1,0,1,1,0,1,0,-49.150133800509394,37.52576873960845,-49.150133800509394,139.99999999999991
random-s0-0126,visibility,event,50.0,20.0,30.0,1,0,1,1,0,1,0,-27.048782583182746,153.9264838497839,-27.048782583182746,40.0
random-s0-0126,visibility,event,50.0,100.0,30.0,1,0,1,0,1,0,0,-140.55208780649917,-140.55208780649917,51.62215577220383,259.99999999999994
random-s0-0126,visibility,event,150.0,20.0,30.0,1,0,0,0,0,0,0,37.51629439558613,227.0828941854157,37.51629439558613,0.0
random-s0-0126,visibility,event,150.0,100.0,30.0,1,0,0,0,0,0,0,57.49826345098094,190.8176639772224,57.49826345098094,0.0
random-s0-0127,voronoi,once,0.0,20.0,30.0,1,0,2,1,1,1,0,-115.23766329922849,-115.23766329922849,-49.59044212689258,400.00000000000006
random-s0-0127,voronoi,cycle,0.0,20.0,30.0,1,0,0,0,0,0,0,93.9429165454157,217.14458309024013,93.9429165454157,0.0
random-s0-0127,voronoi,cycle,0.0,100.0,30.0,1,0,0,0,0,0,0,47.972828469291954,154.00948344600056,47.972828469291954,0.0
random-s0-0127,voronoi,cycle,50.0,20.0,30.0,1,0,0,0,0,0,0,53.71494112244534,78.11590105978183,53.71494112244534,0.0
random-s0-0127,voronoi,cycle,50.0,100.0,30.0,1,0,0,0,0,0,0,85.73237881303078,85.73237881303078,106.9146206445933,0.0
random-s0-0127,voronoi,cycle,150.0,20.0,30.0,1,0,0,0,0,0,0,76.59363570739157,274.29767646874365,76.59363570739157,0.0
random-s0-0127,voronoi,cycle,150.0,100.0,30.0,1,0,1,0,1,0,0,-50.66641802892059,-50.66641802892059,138.0107702578639,159.9999999999999
random-s0-0127,voronoi,event,0.0,20.0,30.0,1,0,0,0,0,0,0,35.91271007047828,124.27700821682276,35.91271007047828,0.0
random-s0-0127,voronoi,event,0.0,100.0,30.0,1,0,0,0,0,0,0,47.972828469291954,154.00948344600056,47.972828469291954,0.0
random-s0-0127,voronoi,event,50.0,20.0,30.0,1,0,0,0,0,0,0,138.0107702578639,220.86646706095289,138.0107702578639,0.0
random-s0-0127,voronoi,event,50.0,100.0,30.0,1,0,0,0,0,0,0,106.9146206445933,176.36369049461257,106.9146206445933,0.0
random-s0-0127,voronoi,event,150.0,20.0,30.0,1,0,0,0,0,0,0,52.961397403354994,277.528206330264,52.961397403354994,0.0
random-s0-0127,voronoi,event,150.0,100.0,30.0,1,0,1,0,1,0,0,-50.66641802892059,-50.66641802892059,66.49862618170224,159.9999999999999
random-s0-0127,prm,once,0.0,20.0,30.0,1,0,1,0,1,0,0,-21.825685268132645,-21.825685268132645,44.21486506080072,40.0
random-s0-0127,prm,cycle,0.0,20.0,30.0,1,0,0,0,0,0,0,32.5910118710307,59.0368534009792,32.5910118710307,0.0
random-s0-0127,prm,cycle,0.0,100.0,30.0,1,0,0,0,0,0,0,44.21486506080072,56.15888775005388,44.21486506080072,0.0
random-s0-0127,prm,cycle,50.0,20.0,30.0,1,0,0,0,0,0,0,44.21486506080072,290.12040221722395,44.21486506080072,0.0
random-s0-0127,prm,cycle,50.0,100.0,30.0,1,0,0,0,0,0,0,44.21486506080072,87.20772877755229,44.21486506080072,0.0
random-s0-0127,prm,cycle,150.0,20.0,30.0,1,0,0,0,0,0,0,44.21486506080072,243.9851032168708,44.21486506080072,0.0
random-s0-0127,prm,cycle,150.0,100.0,30.0,1,0,0,0,0,0,0,44.21486506080072,317.0684681269504,44.21486506080072,0.0
random-s0-0127,prm,event,0.0,20.0,30.0,1,0,0,0,0,0,0,32.5910118710307,48.07779778564884,32.5910118710307,0.0
random-s0-0127,prm,event,0.0,100.0,30.0,1,0,0,0,0,0,0,44.21486506080072,48.50310390532698,44.21486506080072,0.0
random-s0-0127,prm,event,50.0,20.0,30.0,1,0,0,0,0,0,0,44.21486506080072,282.73536909122487,44.21486506080072,0.0
random-s0-0127,prm,event,50.0,100.0,30.0,1,0,0,0,0,0,0,44.21486506080072,344.282026320106,44.21486506080072,0.0
random-s0-0127,prm,event,150.0,20.0,30.0,1,0,0,0,0,0,0,44.21486506080072,344.282026320106,44.21486506080072,0.0
random-s0-0127,prm,event,150.0,100.0,30.0,1,0,0,0,0,0,0,44.21486506080072,339.7075887780094,44.21486506080072,0.0
random-s0-0127,visibility,once,0.0,20.0,30.0,1,0,0,0,0,0,0,26.19891358872431,161.42980296847838,26.19891358872431,0.0
random-s0-0127,visibility,cycle,0.0,20.0,30.0,1,0,0,0,0,0,0,32.22573628933421,169.3904307678538,32.22573628933421,0.0
random-s0-0127,visibility,cycle,0.0,100.0,30.0,1,0,0,0,0,0,0,32.34096273438209,195.40809265890164,32.34096273438209,0.0
random-s0-0127,visibility,cycle,50.0,20.0,30.0,1,0,1,1,0,0,1,-44.19603304036866,223.3088488964699,-44.19603304036866,100.0
random-s0-0127,visibility,cycle,50.0,100.0,30.0,1,0,1,1,0,0,1,-44.22588407916413,223.3088488964699,-44.22588407916413,99.99999999999991
random-s0-0127,visibility,cycle,150.0,20.0,30.0,1,0,0,0,0,0,0,75.08013277023053,223.3088488964699,75.08013277023053,0.0
random-s0-0127,visibility,cycle,150.0,100.0,30.0,1,0,0,0,0,0,0,70.64243392425323,223.3088488964699,70.64243392425323,0.0
random-s0-0127,visibility,event,0.0,20.0,30.0,1,0,0,0,0,0,0,26.19891358872431,207.9260166891953,26.19891358872431,0.0
random-s0-0127,visibility,event,0.0,100.0,30.0,1,0,0,0,0,0,0,26.19891358872431,161.42980296847827,26.19891358872431,0.0
random-s0-0127,visibility,event,50.0,20.0,30.0,1,0,0,0,0,0,0,26.19891358872431,161.56175186204104,26.19891358872431,0.0
random-s0-0127,visibility,event,50.0,100.0,30.0,1,0,0,0,0,0,0,26.19891358872431,161.42980296847827,26.19891358872431,0.0
random-s0-0127,visibility,event,150.0,20.0,30.0,1,0,0,0,0,0,0,75.08013277023053,223.3088488964699,75.08013277023053,0.0
random-s0-0127,visibility,event,150.0,100.0,30.0,1,0,2,2,0,0,2,-32.16269652905197,223.3088488964699,-32.16269652905197,820.0000000000001
random-s0-0128,voronoi,once,0.0,20.0,30.0,1,0,1,0,1,0,0,-123.22763551665764,-123.22763551665764,42.29071159075272,520.0000000000001
random-s0-0128,voronoi,cycle,0.0,20.0,30.0,1,0,0,0,0,0,0,101.21985013658424,101.21985013658424,104.79537064053484,0.0
random-s0-0128,voronoi,cycle,0.0,100.0,30.0,1,0,0,0,0,0,0,42.29071159075264,105.58055748238372,42.29071159075264,0.0
random-s0-0128,voronoi,cycle,50.0,20.0,30.0,1,0,0,0,0,0,0,49.35155862939104,260.1502804127581,49.35155862939104,0.0
random-s0-0128,voronoi,cycle,50.0,100.0,30.0,1,0,0,0,0,0,0,131.0351318653004,131.0351318653004,207.474071192461,0.0
random-s0-0128,voronoi,cycle,150.0,20.0,30.0,1,0,1,1,0,0,1,-48.71346563213831,319.8951322816192,-48.71346563213831,699.9999999999976
random-s0-0128,voronoi,cycle,150.0,100.0,30.0,1,0,0,0,0,0,0,34.02109734471023,349.6139054918723,34.02109734471023,0.0
random-s0-0128,voronoi,event,0.0,20.0,30.0,1,0,0,0,0,0,0,94.0996396453263,97.38912234760755,94.0996396453263,0.0
random-s0-0128,voronoi,event,0.0,100.0,30.0,1,0,0,0,0,0,0,42.29071159075264,105.58055748238372,42.29071159075264,0.0
random-s0-0128,voronoi,event,50.0,20.0,30.0,1,0,0,0,0,0,0,40.27319236610032,297.70164869996245,40.27319236610032,0.0
random-s0-0128,voronoi,event,50.0,100.0,30.0,1,0,0,0,0,0,0,76.02672945790812,76.02672945790812,209.25723375484336,0.0
random-s0-0128,voronoi,event,150.0,20.0,30.0,1,0,0,0,0,0,0,159.57628452981328,268.06253057644204,159.57628452981328,0.0
random-s0-0128,voronoi,event,150.0,100.0,30.0,1,0,0,0,0,0,0,47.82530707235162,372.7229151780965,47.82530707235162,0.0
random-s0-0128,prm,once,0.0,20.0,30.0,1,0,1,1,0,1,0,-0.03701173585128,75.79564563714433,-0.03701173585128,20.0
random-s0-0128,prm,cycle,0.0,20.0,30.0,1,0,0,0,0,0,0,42.29071159075264,102.0924347761943,42.29071159075264,0.0
random-s0-0128,prm,cycle,0.0,100.0,30.0,1,0,0,0,0,0,0,42.29071159075264,75.79564563714351,42.29071159075264,0.0
random-s0-0128,prm,cycle,50.0,20.0,30.0,1,0,0,0,0,0,0,60.32240022224525,83.89550123671665,60.32240022224525,0.0
random-s0-0128,prm,cycle,50.0,100.0,30.0,1,0,0,0,0,0,0,39.39683913649094,111.63987808337902,39.39683913649094,0.0
random-s0-0128,prm,cycle,150.0,20.0,30.0,1,0,0,0,0,0,0,3.655560864901332,68.0265996785275,3.655560864901332,0.0
random-s0-0128,prm,cycle,150.0,100.0,30.0,1,0,0,0,0,0,0,43.20373999244575,267.8018447370218,43.20373999244575,0.0
random-s0-0128,prm,event,0.0,20.0,30.0,1,0,0,0,0,0,0,42.29071159075264,102.0924347761943,42.29071159075264,0.0
random-s0-0128,prm,event,0.0,100.0,30.0,1,0,0,0,0,0,0,42.29071159075264,75.79564563714351,42.29071159075264,0.0
random-s0-0128,prm,event,50.0,20.0,30.0,1,0,0,0,0,0,0,33.839457368430004,143.019648580801,33.839457368430004,0.0
random-s0-0128,prm,event,50.0,100.0,30.0,1,0,0,0,0,0,0,38.45672866249785,186.79956507097404,38.45672866249785,0.0
random-s0-0128,prm,event,150.0,20.0,30.0,1,0,0,0,0,0,0,44.099891966070345,70.74795248516793,44.099891966070345,0.0
random-s0-0128,prm,event,150.0,100.0,30.0,1,0,0,0,0,0,0,87.73881039535905,286.58711761019805,87.73881039535905,0.0
random-s0-0128,visibility,once,0.0,20.0,30.0,1,0,0,0,0,0,0,1.3980142703031788,1.3980142703031788,42.29071159075272,0.0
random-s0-0128,visibility,cycle,0.0,20.0,30.0,1,0,0,0,0,0,0,42.29071159075264,76.00323883299677,42.29071159075264,0.0
random-s0-0128,visibility,cycle,0.0,100.0,30.0,1,0,0,0,0,0,0,42.29071159075264,75.79564563714351,42.29071159075264,0.0
random-s0-0128,visibility,cycle,50.0,20.0,30.0,1,0,1,0,1,0,0,-30.34060517347433,-30.34060517347433,41.14182835024568,780.0000000000003
random-s0-0128,visibility,cycle,50.0,100.0,30.0,1,0,1,0,1,0,0,-33.50187687995336,-33.50187687995336,30.97907136437655,840.0000000000005
random-s0-0128,visibility,cycle,150.0,20.0,30.0,1,0,0,0,0,0,0,46.80204949317414,46.80204949317414,63.49550170949354,0.0
random-s0-0128,visibility,cycle,150.0,100.0,30.0,1,0,0,0,0,0,0,33.76571743798763,33.76571743798763,70.1501414813859,0.0
random-s0-0128,visibility,event,0.0,20.0,30.0,1,0,0,0,0,0,0,42.29071159075264,81.26608031819421,42.29071159075264,0.0
random-s0-0128,visibility,event,0.0,100.0,30.0,1,0,0,0,0,0,0,42.29071159075264,75.79564563714351,42.29071159075264,0.0
random-s0-0128,visibility,event,50.0,20.0,30.0,1,0,1,0,1,0,0,-31.144335650043644,-31.144335650043644,41.14182835024568,760.0000000000003
random-s0-0128,visibility,event,50.0,100.0,30.0,1,0,1,0,1,0,0,-3.623128025990127,-3.623128025990127,47.88879739362977,20.0
random-s0-0128,visibility,event,150.0,20.0,30.0,1,0,0,0,0,0,0,81.26608031819421,81.26608031819421,169.828167888604,0.0
random-s0-0128,visibility,event,150.0,100.0,30.0,1,0,0,0,0,0,0,8.304285210500069,101.44173228158805,8.304285210500069,0.0
random-s0-0129,voronoi,once,0.0,20.0,30.0,1,0,2,2,0,0,2,-158.28310628167125,77.85825988778191,-158.28310628167125,400.00000000000006
random-s0-0129,voronoi,cycle,0.0,20.0,30.0,1,0,0,0,0,0,0,9.8885031950918,639.311204672557,9.8885031950918,0.0
random-s0-0129,voronoi,cycle,0.0,100.0,30.0,1,0,0,0,0,0,0,47.79908502942337,617.9593568109534,47.79908502942337,0.0
random-s0-0129,voronoi,cycle,50.0,20.0,30.0,1,0,0,0,0,0,0,34.29951444820247,225.27628115356785,34.29951444820247,0.0
random-s0-0129,voronoi,cycle,50.0,100.0,30.0,1,0,0,0,0,0,0,76.85092681456706,252.80064854044224,76.85092681456706,0.0
random-s0-0129,voronoi,cycle,150.0,20.0,30.0,1,0,0,0,0,0,0,37.24908139122752,522.0184065540892,37.24908139122752,0.0
random-s0-0129,voronoi,cycle,150.0,100.0,30.0,1,0,0,0,0,0,0,41.69282192845816,539.4258357750251,41.69282192845816,0.0
random-s0-0129,voronoi,event,0.0,20.0,30.0,1,0,0,0,0,0,0,17.707000685798477,829.7425901851198,17.707000685798477,0.0
random-s0-0129,voronoi,event,0.0,100.0,30.0,1,0,0,0,0,0,0,40.7179953136114,700.1914814185824,40.7179953136114,0.0
random-s0-0129,voronoi,event,50.0,20.0,30.0,1,0,0,0,0,0,0,40.87852320323174,239.69647314463708,40.87852320323174,0.0
random-s0-0129,voronoi,event,50.0,100.0,30.0,1,0,0,0,0,0,0,100.85554331927074,268.62663307892285,100.85554331927074,0.0
random-s0-0129,voronoi,event,150.0,20.0,30.0,1,0,0,0,0,0,0,39.28486222997032,439.7830523063786,39.28486222997032,0.0
random-s0-0129,voronoi,event,150.0,100.0,30.0,1,0,0,0,0,0,0,41.69282192845816,592.6886182968913,41.69282192845816,0.0
random-s0-0129,prm,once,0.0,20.0,30.0,1,0,2,2,0,0,2,-158.28310628167125,653.3437059428031,-158.28310628167125,820.0000000000003
random-s0-0129,prm,cycle,0.0,20.0,30.0,1,0,0,0,0,0,0,40.05718062650584,499.3081031714379,40.05718062650584,0.0
random-s0-0129,prm,cycle,0.0,100.0,30.0,1,0,0,0,0,0,0,53.4180507907773,91.00588684478772,53.4180507907773,0.0
random-s0-0129,prm,cycle,50.0,20.0,30.0,1,0,0,0,0,0,0,40.05718062650584,214.5798249279769,40.05718062650584,0.0
random-s0-0129,prm,cycle,50.0,100.0,30.0,1,0,0,0,0,0,0,161.47759414284883,293.9406261715307,161.47759414284883,0.0
random-s0-0129,prm,cycle,150.0,20.0,30.0,1,0,0,0,0,0,0,40.05718062650584,355.7530699172893,40.05718062650584,0.0
random-s0-0129,prm,cycle,150.0,100.0,30.0,1,0,0,0,0,0,0,161.47759414284883,235.4157746558942,161.47759414284883,0.0
random-s0-0129,prm,event,0.0,20.0,30.0,1,0,0,0,0,0,0,37.203236989574776,281.63189268490964,37.203236989574776,0.0
random-s0-0129,prm,event,0.0,100.0,30.0,1,0,0,0,0,0,0,82.40586714600533,370.7749968725733,82.40586714600533,0.0
random-s0-0129,prm,event,50.0,20.0,30.0,1,0,0,0,0,0,0,40.05718062650584,197.0585129329937,40.05718062650584,0.0
random-s0-0129,prm,event,50.0,100.0,30.0,1,0,0,0,0,0,0,161.47759414284883,363.7042657997014,161.47759414284883,0.0
random-s0-0129,prm,event,150.0,20.0,30.0,1,0,0,0,0,0,0,40.05718062650584,310.7569828171062,40.05718062650584,0.0
random-s0-0129,prm,event,150.0,100.0,30.0,1,0,0,0,0,0,0,161.47759414284883,363.7042657997014,161.47759414284883,0.0
random-s0-0129,visibility,once,0.0,20.0,30.0,1,0,1,1,0,0,1,-158.28310628167125,870.438241504341,-158.28310628167125,279.99999999999994
random-s0-0129,visibility,cycle,0.0,20.0,30.0,1,0,1,1,0,1,0,-95.92517258562027,768.560920564654,-95.92517258562027,380.0
random-s0-0129,visibility,cycle,0.0,100.0,30.0,1,0,1,1,0,1,0,-101.79802535266234,841.3541682078842,-101.79802535266234,379.9999999999999
random-s0-0129,visibility,cycle,50.0,20.0,30.0,1,0,0,0,0,0,0,20.734153861777003,34.35042917988122,20.734153861777003,0.0
random-s0-0129,visibility,cycle,50.0,100.0,30.0,1,0,0,0,0,0,0,20.734153861777003,35.18621257881975,20.734153861777003,0.0
random-s0-0129,visibility,cycle,150.0,20.0,30.0,1,0,0,0,0,0,0,20.734153861777003,31.71980728601423,20.734153861777003,0.0
random-s0-0129,visibility,cycle,150.0,100.0,30.0,1,0,0,0,0,0,0,20.734153861777003,186.48683231858064,20.734153861777003,0.0
random-s0-0129,visibility,event,0.0,20.0,30.0,1,0,1,1,0,1,0,-101.71553879236234,841.5340857816224,-101.71553879236234,380.0
random-s0-0129,visibility,event,0.0,100.0,30.0,1,0,1,1,0,1,0,-101.79802535266234,841.3541682078842,-101.79802535266234,379.9999999999999
random-s0-0129,visibility,event,50.0,20.0,30.0,1,0,0,0,0,0,0,20.734153861777003,32.23140004282914,20.734153861777003,0.0
random-s0-0129,visibility,event,50.0,100.0,30.0,1,0,0,0,0,0,0,20.734153861777003,32.23140004282914,20.734153861777003,0.0
random-s0-0129,visibility,event,150.0,20.0,30.0,1,0,0,0,0,0,0,20.734153861777003,32.23140004282914,20.734153861777003,0.0
random-s0-0129,visibility,event,150.0,100.0,30.0,1,0,0,0,0,0,0,20.734153861777003,32.23140004282914,20.734153861777003,0.0
random-s0-0130,voronoi,once,0.0,20.0,30.0,1,0,0,0,0,0,0,34.12624881458237,34.12624881458237,217.5963027997116,0.0
random-s0-0130,voronoi,cycle,0.0,20.0,30.0,1,0,0,0,0,0,0,116.25398037358308,116.25398037358308,217.5963027997116,0.0
random-s0-0130,voronoi,cycle,0.0,100.0,30.0,1,0,0,0,0,0,0,59.865750266211535,145.73240682864554,59.865750266211535,0.0
random-s0-0130,voronoi,cycle,50.0,20.0,30.0,1,0,0,0,0,0,0,100.02145645436129,100.02145645436129,217.5963027997116,0.0
random-s0-0130,voronoi,cycle,50.0,100.0,30.0,1,0,0,0,0,0,0,89.0986601716948,89.0986601716948,217.5963027997116,0.0
random-s0-0130,voronoi,cycle,150.0,20.0,30.0,1,0,0,0,0,0,0,34.201231830765465,348.022956480148,34.201231830765465,0.0
random-s0-0130,voronoi,cycle,150.0,100.0,30.0,1,0,0,0,0,0,0,131.37556223188102,131.37556223188102,217.5963027997116,0.0
random-s0-0130,voronoi,event,0.0,20.0,30.0,1,0,1,0,1,0,0,-41.54959639852197,-41.54959639852197,80.86397730706437,60.0
random-s0-0130,voronoi,event,0.0,100.0,30.0,1,0,0,0,0,0,0,59.865750266211535,145.73240682864554,59.865750266211535,0.0
random-s0-0130,voronoi,event,50.0,20.0,30.0,1,0,0,0,0,0,0,30.476943092889087,419.6306021839517,30.476943092889087,0.0
random-s0-0130,voronoi,event,50.0,100.0,30.0,1,0,0,0,0,0,0,34.25353315826368,417.9829837404708,34.25353315826368,0.0
random-s0-0130,voronoi,event,150.0,20.0,30.0,1,0,0,0,0,0,0,30.977608128143373,49.64894658211051,30.977608128143373,0.0
random-s0-0130,voronoi,event,150.0,100.0,30.0,1,0,0,0,0,0,0,204.21753759530665,204.21753759530665,217.5963027997116,0.0
random-s0-0130,prm,once,0.0,20.0,30.0,1,0,0,0,0,0,0,166.23738472631618,166.23738472631618,182.0176237300645,0.0
random-s0-0130,prm,cycle,0.0,20.0,30.0,1,0,0,0,0,0,0,53.358068627901446,296.4776421760283,53.358068627901446,0.0
random-s0-0130,prm,cycle,0.0,100.0,30.0,1,0,0,0,0,0,0,49.86192419680904,137.36842834410504,49.86192419680904,0.0
random-s0-0130,prm,cycle,50.0,20.0,30.0,1,0,0,0,0,0,0,125.67241098437302,180.4152198035673,125.67241098437302,0.0
random-s0-0130,prm,cycle,50.0,100.0,30.0,1,0,0,0,0,0,0,182.0176237300645,187.05571452667328,182.0176237300645,0.0
random-s0-0130,prm,cycle,150.0,20.0,30.0,1,0,0,0,0,0,0,60.13319553703366,402.7494621682357,60.13319553703366,0.0
random-s0-0130,prm,cycle,150.0,100.0,30.0,1,0,0,0,0,0,0,150.39040713072416,271.23831190091056,150.39040713072416,0.0
random-s0-0130,prm,event,0.0,20.0,30.0,1,0,0,0,0,0,0,53.358068627901446,302.3739836897499,53.358068627901446,0.0
random-s0-0130,prm,event,0.0,100.0,30.0,1,0,0,0,0,0,0,49.86192419680904,137.36842834410504,49.86192419680904,0.0
random-s0-0130,prm,event,50.0,20.0,30.0,1,0,0,0,0,0,0,182.0176237300645,228.38988396282656,182.0176237300645,0.0
random-s0-0130,prm,event,50.0,100.0,30.0,1,0,0,0,0,0,0,120.82623165745758,120.82623165745758,182.0176237300645,0.0
random-s0-0130,prm,event,150.0,20.0,30.0,1,0,0,0,0,0,0,61.46089037223365,61.46089037223365,182.0176237300645,0.0
random-s0-0130,prm,event,150.0,100.0,30.0,1,0,0,0,0,0,0,48.7304698328677,48.7304698328677,182.0176237300645,0.0
random-s0-0130,visibility,once,0.0,20.0,30.0,1,0,0,0,0,0,0,19.02844828163444,19.02844828163444,43.51443855147065,0.0
random-s0-0130,visibility,cycle,0.0,20.0,30.0,1,0,0,0,0,0,0,59.42609384192298,302.3265106600966,59.42609384192298,0.0
random-s0-0130,visibility,cycle,0.0,100.0,30.0,1,0,0,0,0,0,0,58.2872765955,300.0575919937481,58.2872765955,0.0
random-s0-0130,visibility,cycle,50.0,20.0,30.0,1,0,0,0,0,0,0,30.639045002800856,267.677611898098,30.639045002800856,0.0
random-s0-0130,visibility,cycle,50.0,100.0,30.0,1,0,0,0,0,0,0,35.23209594304643,246.82439777041049,35.23209594304643,0.0
random-s0-0130,visibility,cycle,150.0,20.0,30.0,1,0,0,0,0,0,0,167.8430992563549,340.15653617368173,167.8430992563549,0.0
random-s0-0130,visibility,cycle,150.0,100.0,30.0,1,0,0,0,0,0,0,118.08960013912548,123.9217330355774,118.08960013912548,0.0
random-s0-0130,visibility,event,0.0,20.0,30.0,1,0,0,0,0,0,0,52.23599165834091,302.8260472183388,52.23599165834091,0.0
random-s0-0130,visibility,event,0.0,100.0,30.0,1,0,1,0,1,0,0,-102.3274216971035,-102.3274216971035,36.79764773599649,59.99999999999992
random-s0-0130,visibility,event,50.0,20.0,30.0,1,0,0,0,0,0,0,77.74965408754247,91.67040562324394,77.74965408754247,0.0
random-s0-0130,visibility,event,50.0,100.0,30.0,1,0,0,0,0,0,0,59.28722926354024,109.74091180195506,59.28722926354024,0.0
random-s0-0130,visibility,event,150.0,20.0,30.0,1,0,0,0,0,0,0,33.31112091465096,166.82973832968975,33.31112091465096,0.0
random-s0-0130,visibility,event,150.0,100.0,30.0,1,0,1,0,1,0,0,-173.65259650225397,-173.65259650225397,31.239629679857217,320.0
random-s0-0131,voronoi,once,0.0,20.0,30.0,1,0,5,1,4,0,1,-167.91711874341337,-167.91711874341337,-81.8769922210804,420.0000000000001
random-s0-0131,voronoi,cycle,0.0,20.0,30.0,1,0,0,0,0,0,0,0.4936877436863369,11.209028774752028,0.4936877436863369,0.0
random-s0-0131,voronoi,cycle,0.0,100.0,30.0,1,0,1,0,1,0,0,-167.91711874341337,-167.91711874341337,87.5311755225726,200.0
random-s0-0131,voronoi,cycle,50.0,20.0,30.0,1,0,0,0,0,0,0,33.17055041273622,159.98181124999343,33.17055041273622,0.0
random-s0-0131,voronoi,cycle,50.0,100.0,30.0,1,0,1,0,1,0,0,-167.91711874341337,-167.91711874341337,102.76265902524148,240.0
random-s0-0131,voronoi,cycle,150.0,20.0,30.0,1,0,0,0,0,0,0,78.69114018060844,81.77791347604483,78.69114018060844,0.0
random-s0-0131,voronoi,cycle,150.0,100.0,30.0,1,0,1,0,1,0,0,-167.91711874341337,-167.91711874341337,98.84506740246589,240.0
random-s0-0131,voronoi,event,0.0,20.0,30.0,1,0,0,0,0,0,0,17.592143996455036,17.592143996455036,25.508707402123772,0.0
random-s0-0131,voronoi,event,0.0,100.0,30.0,1,0,1,0,1,0,0,-167.91711874341337,-167.91711874341337,45.74683933863753,200.0
random-s0-0131,voronoi,event,50.0,20.0,30.0,1,0,0,0,0,0,0,5.260877421003443,107.16790171145529,5.260877421003443,0.0
random-s0-0131,voronoi,event,50.0,100.0,30.0,1,0,4,1,3,1,0,-167.91711874341337,-167.91711874341337,-104.40107646439226,840.0000000000005
random-s0-0131,voronoi,event,150.0,20.0,30.0,1,0,1,1,0,1,0,-102.12171611445872,40.57677790275159,-102.12171611445872,339.9999999999927
random-s0-0131,voronoi,event,150.0,100.0,30.0,1,0,2,1,1,1,0,-172.81994464801255,-167.91711874341337,-172.81994464801255,500.0000000000001
random-s0-0131,prm,once,0.0,20.0,30.0,1,0,3,0,3,0,0,-167.91711874341337,-167.91711874341337,30.66979020106541,160.0
random-s0-0131,prm,cycle,0.0,20.0,30.0,1,0,1,0,1,0,0,-142.98843527524622,-142.98843527524622,30.66979020106584,60.0
random-s0-0131,prm,cycle,0.0,100.0,30.0,1,0,1,0,1,0,0,-167.91711874341337,-167.91711874341337,30.66979020106541,60.0
random-s0-0131,prm,cycle,50.0,20.0,30.0,1,0,1,0,1,0,0,-167.91711874341337,-167.91711874341337,30.66979020106584,60.0
random-s0-0131,prm,cycle,50.0,100.0,30.0,1,0,1,0,1,0,0,-167.91711874341337,-167.91711874341337,30.66979020106541,60.0
random-s0-0131,prm,cycle,150.0,20.0,30.0,1,0,1,0,1,0,0,-167.91711874341337,-167.91711874341337,30.66979020106584,60.0
random-s0-0131,prm,cycle,150.0,100.0,30.0,1,0,1,0,1,0,0,-167.91711874341337,-167.91711874341337,30.66979020106541,60.0
random-s0-0131,prm,event,0.0,20.0,30.0,1,0,1,1,0,1,0,-100.11010646584025,70.48463022704885,-100.11010646584025,319.9999999999932
random-s0-0131,prm,event,0.0,100.0,30.0,1,0,1,0,1,0,0,-167.91711874341337,-167.91711874341337,30.66979020106541,60.0
random-s0-0131,prm,event,50.0,20.0,30.0,1,0,2,1,1,1,0,-167.91711874341337,-167.91711874341337,-6.684381151255764,60.0
random-s0-0131,prm,event,50.0,100.0,30.0,1,0,2,1,1,1,0,-167.91711874341337,-167.91711874341337,-55.09166146084768,120.0
random-s0-0131,prm,event,150.0,20.0,30.0,1,0,1,0,1,0,0,-167.91711874341337,-167.91711874341337,30.66979020106584,60.0
random-s0-0131,prm,event,150.0,100.0,30.0,1,0,2,0,2,0,0,-167.91711874341337,-167.91711874341337,30.66979020106541,100.0
random-s0-0131,visibility,once,0.0,20.0,30.0,1,0,3,0,3,0,0,-167.91711874341337,-167.91711874341337,30.66979020106541,160.0
random-s0-0131,visibility,cycle,0.0,20.0,30.0,1,0,2,1,1,1,0,-100.40517073073752,-100.40517073073752,-99.93194481976803,499.9999999999948
random-s0-0131,visibility,cycle,0.0,100.0,30.0,1,0,2,1,1,1,0,-167.91711874341337,-167.91711874341337,-93.10139061257662,180.0
random-s0-0131,visibility,cycle,50.0,20.0,30.0,1,0,1,0,1,0,0,-167.91711874341337,-167.91711874341337,30.66979020106584,60.0
random-s0-0131,visibility,cycle,50.0,100.0,30.0,1,0,2,1,1,1,0,-167.91711874341337,-167.91711874341337,-72.6500445489032,140.0
random-s0-0131,visibility,cycle,150.0,20.0,30.0,1,0,1,0,1,0,0,-167.91711874341337,-167.91711874341337,14.976185826918424,60.0
random-s0-0131,visibility,cycle,150.0,100.0,30.0,1,0,2,1,1,1,0,-167.91711874341337,-167.91711874341337,-21.83585049629849,80.0
random-s0-0131,visibility,event,0.0,20.0,30.0,1,0,2,1,1,1,0,-100.41658345662326,-100.41658345662326,-100.35269439212408,599.9999999999927
random-s0-0131,visibility,event,0.0,100.0,30.0,1,0,2,1,1,1,0,-167.91711874341337,-167.91711874341337,-100.38331754249512,400.00000000000006
random-s0-0131,visibility,event,50.0,20.0,30.0,1,0,2,1,1,1,0,-167.91711874341337,-167.91711874341337,-101.8464697906264,399.9999999999927
random-s0-0131,visibility,event,50.0,100.0,30.0,1,0,2,1,1,1,0,-167.91711874341337,-167.91711874341337,-101.9041609799915,400.00000000000006
random-s0-0131,visibility,event,150.0,20.0,30.0,1,0,1,0,1,0,0,-167.91711874341337,-167.91711874341337,30.66979020106584,60.0
random-s0-0131,visibility,event,150.0,100.0,30.0,1,0,1,0,1,0,0,-167.91711874341337,-167.91711874341337,30.66979020106541,60.0
random-s0-0132,voronoi,once,0.0,20.0,30.0,1,0,1,0,1,0,0,-55.46578158625445,-55.46578158625445,63.49501071854687,40.0
random-s0-0132,voronoi,cycle,0.0,20.0,30.0,1,0,0,0,0,0,0,63.49501071854687,281.71344374245075,63.49501071854687,0.0
random-s0-0132,voronoi,cycle,0.0,100.0,30.0,1,0,0,0,0,0,0,63.49501071854687,264.43018042544674,63.49501071854687,0.0
random-s0-0132,voronoi,cycle,50.0,20.0,30.0,1,0,0,0,0,0,0,93.82944562404282,123.4467185304328,93.82944562404282,0.0
random-s0-0132,voronoi,cycle,50.0,100.0,30.0,1,0,0,0,0,0,0,90.65289846974645,90.65289846974645,93.82944562404236,0.0
random-s0-0132,voronoi,cycle,150.0,20.0,30.0,1,0,0,0,0,0,0,93.82944562404282,322.9633670594316,93.82944562404282,0.0
random-s0-0132,voronoi,cycle,150.0,100.0,30.0,1,0,0,0,0,0,0,93.82944562404236,204.51089846570065,93.82944562404236,0.0
random-s0-0132,voronoi,event,0.0,20.0,30.0,1,0,0,0,0,0,0,0.7353639686373867,0.7353639686373867,63.49501071854687,0.0
random-s0-0132,voronoi,event,0.0,100.0,30.0,1,0,0,0,0,0,0,63.49501071854687,264.43018042544674,63.49501071854687,0.0
random-s0-0132,voronoi,event,50.0,20.0,30.0,1,0,0,0,0,0,0,70.15605040187359,311.4204929751388,70.15605040187359,0.0
random-s0-0132,voronoi,event,50.0,100.0,30.0,1,0,0,0,0,0,0,93.82944562404236,410.9581063713576,93.82944562404236,0.0
random-s0-0132,voronoi,event,150.0,20.0,30.0,1,0,0,0,0,0,0,93.82944562404282,151.3096185543331,93.82944562404282,0.0
random-s0-0132,voronoi,event,150.0,100.0,30.0,1,0,0,0,0,0,0,93.82944562404236,444.5583767441376,93.82944562404236,0.0
random-s0-0132,prm,once,0.0,20.0,30.0,1,0,1,0,1,0,0,-55.46578158625445,-55.46578158625445,63.49501071854687,40.0
random-s0-0132,prm,cycle,0.0,20.0,30.0,1,0,0,0,0,0,0,50.43909595870696,50.43909595870696,63.49501071854687,0.0
random-s0-0132,prm,cycle,0.0,100.0,30.0,1,0,2,0,2,0,0,-76.31937691643341,-76.31937691643341,63.49501071854687,79.99999999999982
random-s0-0132,prm,cycle,50.0,20.0,30.0,1,0,0,0,0,0,0,93.82944562404282,230.3674388687676,93.82944562404282,0.0
random-s0-0132,prm,cycle,50.0,100.0,30.0,1,0,0,0,0,0,0,93.82944562404236,187.705927710598,93.82944562404236,0.0
random-s0-0132,prm,cycle,150.0,20.0,30.0,1,0,0,0,0,0,0,93.82944562404282,211.00088924547816,93.82944562404282,0.0
random-s0-0132,prm,cycle,150.0,100.0,30.0,1,0,0,0,0,0,0,93.82944562404236,373.16543498340366,93.82944562404236,0.0
random-s0-0132,prm,event,0.0,20.0,30.0,1,0,0,0,0,0,0,63.49501071854687,64.80635713234054,63.49501071854687,0.0
random-s0-0132,prm,event,0.0,100.0,30.0,1,0,1,0,1,0,0,-62.891053866689376,-62.891053866689376,63.49501071854687,59.99999999999992
random-s0-0132,prm,event,50.0,20.0,30.0,1,0,0,0,0,0,0,44.02188231940619,44.02188231940619,93.82944562404282,0.0
random-s0-0132,prm,event,50.0,100.0,30.0,1,0,0,0,0,0,0,93.82944562404236,181.8998543628169,93.82944562404236,0.0
random-s0-0132,prm,event,150.0,20.0,30.0,1,0,0,0,0,0,0,93.82944562404282,527.3619565387576,93.82944562404282,0.0
random-s0-0132,prm,event,150.0,100.0,30.0,1,0,0,0,0,0,0,93.82944562404236,181.33109144010075,93.82944562404236,0.0
random-s0-0132,visibility,once,0.0,20.0,30.0,1,0,1,0,1,0,0,-55.46578158625445,-55.46578158625445,63.49501071854687,40.0
random-s0-0132,visibility,cycle,0.0,20.0,30.0,1,0,0,0,0,0,0,17.624663684661044,17.624663684661044,63.49501071854687,0.0
random-s0-0132,visibility,cycle,0.0,100.0,30.0,1,0,0,0,0,0,0,35.887644426613434,35.887644426613434,63.49501071854687,0.0
random-s0-0132,visibility,cycle,50.0,20.0,30.0,1,0,0,0,0,0,0,93.82944562404282,107.90194329070977,93.82944562404282,0.0
random-s0-0132,visibility,cycle,50.0,100.0,30.0,1,0,0,0,0,0,0,57.50650117828002,57.50650117828002,87.41408831008715,0.0
random-s0-0132,visibility,cycle,150.0,20.0,30.0,1,0,0,0,0,0,0,93.82944562404282,160.43552418592196,93.82944562404282,0.0
random-s0-0132,visibility,cycle,150.0,100.0,30.0,1,0,0,0,0,0,0,93.82944562404236,179.31727034309063,93.82944562404236,0.0
random-s0-0132,visibility,event,0.0,20.0,30.0,1,0,0,0,0,0,0,37.05128129103201,37.05128129103201,63.49501071854687,0.0
random-s0-0132,visibility,event,0.0,100.0,30.0,1,0,0,0,0,0,0,45.73859558402819,45.73859558402819,63.49501071854687,0.0
random-s0-0132,visibility,event,50.0,20.0,30.0,1,0,0,0,0,0,0,93.82944562404282,120.93955617756149,93.82944562404282,0.0
random-s0-0132,visibility,event,50.0,100.0,30.0,1,0,0,0,0,0,0,87.41408831008715,93.675754852198,87.41408831008715,0.0
random-s0-0132,visibility,event,150.0,20.0,30.0,1,0,0,0,0,0,0,5.190531365154982,292.93530502716425,5.190531365154982,0.0
random-s0-0132,visibility,event,150.0,100.0,30.0,1,0,0,0,0,0,0,93.82944562404236,321.4668062463045,93.82944562404236,0.0
random-s0-0133,voronoi,once,0.0,20.0,30.0,1,0,0,0,0,0,0,12.79235180449504,12.79235180449504,23.611392456191624,0.0
random-s0-0133,voronoi,cycle,0.0,20.0,30.0,1,0,0,0,0,0,0,32.642084459456925,426.3123093030841,32.642084459456925,0.0
random-s0-0133,voronoi,cycle,0.0,100.0,30.0,1,0,0,0,0,0,0,39.8711731429193,442.7787978238848,39.8711731429193,0.0
random-s0-0133,voronoi,cycle,50.0,20.0,30.0,1,0,0,0,0,0,0,19.78418412463438,427.5292880124664,19.78418412463438,0.0
random-s0-0133,voronoi,cycle,50.0,100.0,30.0,1,0,0,0,0,0,0,39.84148164182562,289.08943010705144,39.84148164182562,0.0
random-s0-0133,voronoi,cycle,150.0,20.0,30.0,1,0,0,0,0,0,0,32.54567561627266,239.82048212767728,32.54567561627266,0.0
random-s0-0133,voronoi,cycle,150.0,100.0,30.0,1,0,0,0,0,0,0,36.95042104811509,307.6534312482337,36.95042104811509,0.0
random-s0-0133,voronoi,event,0.0,20.0,30.0,1,0,0,0,0,0,0,33.861521203096885,151.56433619661004,33.861521203096885,0.0
random-s0-0133,voronoi,event,0.0,100.0,30.0,1,0,0,0,0,0,0,42.51155232403238,74.88453528858565,42.51155232403238,0.0
random-s0-0133,voronoi,event,50.0,20.0,30.0,1,0,0,0,0,0,0,31.97685158174133,39.31908589076525,31.97685158174133,0.0
random-s0-0133,voronoi,event,50.0,100.0,30.0,1,0,0,0,0,0,0,30.800306735027192,98.57970021433516,30.800306735027192,0.0
random-s0-0133,voronoi,event,150.0,20.0,30.0,1,0,0,0,0,0,0,38.68679514536512,376.196071801512,38.68679514536512,0.0
random-s0-0133,voronoi,event,150.0,100.0,30.0,1,0,0,0,0,0,0,30.641713413546626,286.18301129977084,30.641713413546626,0.0
random-s0-0133,prm,once,0.0,20.0,30.0,1,0,0,0,0,0,0,23.611392456191624,109.14718237705269,23.611392456191624,0.0
random-s0-0133,prm,cycle,0.0,20.0,30.0,1,0,0,0,0,0,0,31.069039692667445,178.31689142992002,31.069039692667445,0.0
random-s0-0133,prm,cycle,0.0,100.0,30.0,1,0,0,0,0,0,0,35.90945767129227,82.37707828473816,35.90945767129227,0.0
random-s0-0133,prm,cycle,50.0,20.0,30.0,1,0,1,1,0,1,0,-111.56593263287304,109.0265603851754,-111.56593263287304,199.9999999999999
random-s0-0133,prm,cycle,50.0,100.0,30.0,1,0,2,1,1,1,0,-111.56593263287348,-58.639436307800125,-111.56593263287348,360.0
random-s0-0133,prm,cycle,150.0,20.0,30.0,1,0,0,0,0,0,0,11.538370189926752,87.24759017833821,11.538370189926752,0.0
random-s0-0133,prm,cycle,150.0,100.0,30.0,1,0,0,0,0,0,0,31.970814108164035,204.2513359226348,31.970814108164035,0.0
random-s0-0133,prm,event,0.0,20.0,30.0,1,0,0,0,0,0,0,31.584062768652785,98.92442797928776,31.584062768652785,0.0
random-s0-0133,prm,event,0.0,100.0,30.0,1,0,0,0,0,0,0,38.2619217730944,99.87436590445184,38.2619217730944,0.0
random-s0-0133,prm,event,50.0,20.0,30.0,1,0,0,0,0,0,0,31.934616756537597,126.96516688304558,31.934616756537597,0.0
random-s0-0133,prm,event,50.0,100.0,30.0,1,0,2,1,1,1,0,-111.56593263287348,-58.639436307800125,-111.56593263287348,360.0
random-s0-0133,prm,event,150.0,20.0,30.0,1,0,0,0,0,0,0,30.642973756957645,31.23102998681273,30.642973756957645,0.0
random-s0-0133,prm,event,150.0,100.0,30.0,1,0,0,0,0,0,0,34.86612157097238,204.2513359226348,34.86612157097238,0.0
random-s0-0133,visibility,once,0.0,20.0,30.0,1,0,1,0,1,0,0,-6.040488537409743,-6.040488537409743,11.720555298141846,20.0
random-s0-0133,visibility,cycle,0.0,20.0,30.0,1,0,0,0,0,0,0,11.496314913316668,134.48435285214788,11.496314913316668,0.0
random-s0-0133,visibility,cycle,0.0,100.0,30.0,1,0,0,0,0,0,0,11.519969136225455,91.88206239222268,11.519969136225455,0.0
random-s0-0133,visibility,cycle,50.0,20.0,30.0,1,0,0,0,0,0,0,3.7141662734183,215.05019688210345,3.7141662734183,0.0
random-s0-0133,visibility,cycle,50.0,100.0,30.0,1,0,0,0,0,0,0,3.7141662734186127,309.42912495874185,3.7141662734186127,0.0
random-s0-0133,visibility,cycle,150.0,20.0,30.0,1,0,1,1,0,1,0,-150.1198375895559,144.28857861476695,-150.1198375895559,400.0
random-s0-0133,visibility,cycle,150.0,100.0,30.0,1,0,1,1,0,0,1,-131.33138777594436,56.07010890966848,-131.33138777594436,420.00000000000006
random-s0-0133,visibility,event,0.0,20.0,30.0,1,0,0,0,0,0,0,13.91541043506109,193.1284189485684,13.91541043506109,0.0
random-s0-0133,visibility,event,0.0,100.0,30.0,1,0,0,0,0,0,0,11.519969136225455,91.88206239222268,11.519969136225455,0.0
random-s0-0133,visibility,event,50.0,20.0,30.0,1,0,0,0,0,0,0,3.7141662734183,313.19097633104315,3.7141662734183,0.0
random-s0-0133,visibility,event,50.0,100.0,30.0,1,0,0,0,0,0,0,3.7141662734186127,311.8862056664428,3.7141662734186127,0.0
random-s0-0133,visibility,event,150.0,20.0,30.0,1,0,0,0,0,0,0,9.498867552027605,280.75575034307235,9.498867552027605,0.0
random-s0-0133,visibility,event,150.0,100.0,30.0,1,0,1,1,0,1,0,-116.46761818713478,199.1794812991589,-116.46761818713478,339.9999999999999
random-s0-0134,voronoi,once,0.0,20.0,30.0,1,0,1,0,1,0,0,-157.70720553246656,-157.70720553246656,162.19934105576343,600.0000000000002
random-s0-0134,voronoi,cycle,0.0,20.0,30.0,1,0,2,0,2,0,0,-1.5548902755352003,-1.5548902755352003,33.63188986298445,40.0
random-s0-0134,voronoi,cycle,0.0,100.0,30.0,1,0,0,0,0,0,0,13.56501855545224,13.56501855545224,204.6916366334077,0.0
random-s0-0134,voronoi,cycle,50.0,20.0,30.0,1,0,0,0,0,0,0,81.06430093437586,81.06430093437586,172.09556286724978,0.0
random-s0-0134,voronoi,cycle,50.0,100.0,30.0,1,0,0,0,0,0,0,49.13514455236327,49.13514455236327,192.828498657092,0.0
random-s0-0134,voronoi,cycle,150.0,20.0,30.0,1,0,0,0,0,0,0,89.84746762614469,89.84746762614469,94.73541083994968,0.0
random-s0-0134,voronoi,cycle,150.0,100.0,30.0,1,0,0,0,0,0,0,90.0201359973533,90.0201359973533,187.50850907152545,0.0
random-s0-0134,voronoi,event,0.0,20.0,30.0,1,0,1,0,1,0,0,-14.982720025326358,-14.982720025326358,46.42243181464872,20.0
random-s0-0134,voronoi,event,0.0,100.0,30.0,1,0,0,0,0,0,0,3.254285492775722,35.183443837149184,3.254285492775722,0.0
random-s0-0134,voronoi,event,50.0,20.0,30.0,1,0,0,0,0,0,0,27.269279213827645,27.269279213827645,42.41974826835511,0.0
random-s0-0134,voronoi,event,50.0,100.0,30.0,1,0,0,0,0,0,0,59.98174104525012,59.98174104525012,239.63731506408823,0.0
random-s0-0134,voronoi,event,150.0,20.0,30.0,1,0,0,0,0,0,0,89.26518147317762,89.26518147317762,194.74029793469924,0.0
random-s0-0134,voronoi,event,150.0,100.0,30.0,1,0,0,0,0,0,0,99.39768268349336,99.39768268349336,187.8903689606962,0.0
random-s0-0134,prm,once,0.0,20.0,30.0,1,0,1,0,1,0,0,-157.70720553246656,-157.70720553246656,162.19934105576343,600.0000000000002
random-s0-0134,prm,cycle,0.0,20.0,30.0,1,0,1,0,1,0,0,-142.54415156745935,-142.54415156745935,190.49159442398587,580.0000000000002
random-s0-0134,prm,cycle,0.0,100.0,30.0,1,0,0,0,0,0,0,43.6586126200026,43.6586126200026,179.6186630426621,0.0
random-s0-0134,prm,cycle,50.0,20.0,30.0,1,0,2,0,2,0,0,-130.9039821203885,-130.9039821203885,126.74238633965945,500.0000000000001
random-s0-0134,prm,cycle,50.0,100.0,30.0,1,0,1,0,1,0,0,-134.6535962785812,-134.6535962785812,128.87651499616538,580.0000000000002
random-s0-0134,prm,cycle,150.0,20.0,30.0,1,0,1,0,1,0,0,-157.7072055324665,-157.7072055324665,185.7649513790532,600.0000000000002
random-s0-0134,prm,cycle,150.0,100.0,30.0,1,0,1,0,1,0,0,-167.904483925937,-167.904483925937,163.47381201935173,600.0000000000002
random-s0-0134,prm,event,0.0,20.0,30.0,1,0,1,0,1,0,0,-157.7072055324665,-157.7072055324665,131.4254275051906,600.0000000000002
random-s0-0134,prm,event,0.0,100.0,30.0,1,0,1,0,1,0,0,-157.70720553246653,-157.70720553246653,123.2046308710843,600.0000000000002
random-s0-0134,prm,event,50.0,20.0,30.0,1,0,1,0,1,0,0,-132.31031466343669,-132.31031466343669,189.9028439830224,580.0000000000002
random-s0-0134,prm,event,50.0,100.0,30.0,1,0,1,0,1,0,0,-134.6535962785812,-134.6535962785812,190.28751949277935,580.0000000000002
random-s0-0134,prm,event,150.0,20.0,30.0,1,0,1,0,1,0,0,-157.7072055324665,-157.7072055324665,181.6298602498029,600.0000000000002
random-s0-0134,prm,event,150.0,100.0,30.0,1,0,1,0,1,0,0,-167.904483925937,-167.904483925937,185.7649513790532,600.0000000000002
random-s0-0134,visibility,once,0.0,20.0,30.0,1,0,1,0,1,0,0,-157.70720553246656,-157.70720553246656,162.19934105576343,600.0000000000002
random-s0-0134,visibility,cycle,0.0,20.0,30.0,1,0,1,0,1,0,0,-157.7072055324665,-157.7072055324665,155.88940766012485,600.0000000000002
random-s0-0134,visibility,cycle,0.0,100.0,30.0,1,0,1,0,1,0,0,-157.70720553246653,-157.70720553246653,183.6074129728377,600.0000000000002
random-s0-0134,visibility,cycle,50.0,20.0,30.0,1,0,1,0,1,0,0,-149.20416836690882,-149.20416836690882,107.28760968898308,600.0000000000002
random-s0-0134,visibility,cycle,50.0,100.0,30.0,1,0,1,0,1,0,0,-117.00638737020132,-117.00638737020132,100.97667867086436,600.0
random-s0-0134,visibility,cycle,150.0,20.0,30.0,1,0,1,0,1,0,0,-157.1104637050874,-157.1104637050874,106.57362417776504,580.0000000000002
random-s0-0134,visibility,cycle,150.0,100.0,30.0,1,0,1,0,1,0,0,-164.53823210065858,-164.53823210065858,135.7833861328539,600.0000000000002
random-s0-0134,visibility,event,0.0,20.0,30.0,1,0,1,0,1,0,0,-157.7072055324665,-157.7072055324665,150.4629735470628,600.0000000000002
random-s0-0134,visibility,event,0.0,100.0,30.0,1,0,1,0,1,0,0,-157.70720553246653,-157.70720553246653,183.6074129728377,600.0000000000002
random-s0-0134,visibility,event,50.0,20.0,30.0,1,0,1,0,1,0,0,-149.3216159065977,-149.3216159065977,146.4729708657798,600.0000000000002
random-s0-0134,visibility,event,50.0,100.0,30.0,1,0,1,0,1,0,0,-117.00638737020132,-117.00638737020132,100.97667867086436,600.0
random-s0-0134,visibility,event,150.0,20.0,30.0,1,0,1,0,1,0,0,-157.7072055324665,-157.7072055324665,185.7649513790532,600.0000000000002
random-s0-0134,visibility,event,150.0,100.0,30.0,1,0,1,0,1,0,0,-164.53823210065858,-164.53823210065858,185.7649513790532,600.0000000000002
random-s0-0135,voronoi,once,0.0,20.0,30.0,1,0,0,0,0,0,0,120.7201131746059,120.7201131746059,166.97478538263852,0.0
random-s0-0135,voronoi,cycle,0.0,20.0,30.0,1,0,0,0,0,0,0,306.86077320565084,449.6398359183206,306.86077320565084,0.0
random-s0-0135,voronoi,cycle,0.0,100.0,30.0,1,0,0,0,0,0,0,306.8607732056507,380.6007374214686,306.8607732056507,0.0
random-s0-0135,voronoi,cycle,50.0,20.0,30.0,1,0,0,0,0,0,0,196.78633292186345,196.78633292186345,306.86077320565084,0.0
random-s0-0135,voronoi,cycle,50.0,100.0,30.0,1,0,0,0,0,0,0,306.8607732056507,618.7881618201156,306.8607732056507,0.0
random-s0-0135,voronoi,cycle,150.0,20.0,30.0,1,0,0,0,0,0,0,306.86077320565084,322.69322998023654,306.86077320565084,0.0
random-s0-0135,voronoi,cycle,150.0,100.0,30.0,1,0,0,0,0,0,0,306.8607732056507,625.829012913421,306.8607732056507,0.0
random-s0-0135,voronoi,event,0.0,20.0,30.0,1,0,0,0,0,0,0,306.86077320565084,515.0044654496909,306.86077320565084,0.0
random-s0-0135,voronoi,event,0.0,100.0,30.0,1,0,0,0,0,0,0,267.10114017517174,267.10114017517174,306.8607732056507,0.0
random-s0-0135,voronoi,event,50.0,20.0,30.0,1,0,0,0,0,0,0,201.55043883284577,201.55043883284577,306.86077320565084,0.0
random-s0-0135,voronoi,event,50.0,100.0,30.0,1,0,0,0,0,0,0,224.2781170024577,224.2781170024577,306.8607732056507,0.0
random-s0-0135,voronoi,event,150.0,20.0,30.0,1,0,0,0,0,0,0,306.86077320565084,313.71183568284306,306.86077320565084,0.0
random-s0-0135,voronoi,event,150.0,100.0,30.0,1,0,0,0,0,0,0,306.8607732056507,525.9129653885443,306.8607732056507,0.0
random-s0-0135,prm,once,0.0,20.0,30.0,1,0,0,0,0,0,0,3.073452622301886,134.25982442999697,3.073452622301886,0.0
random-s0-0135,prm,cycle,0.0,20.0,30.0,1,0,0,0,0,0,0,253.5251174095822,253.5251174095822,306.86077320565084,0.0
random-s0-0135,prm,cycle,0.0,100.0,30.0,1,0,0,0,0,0,0,1.919165894494,1.919165894494,299.0672924422741,0.0
random-s0-0135,prm,cycle,50.0,20.0,30.0,1,0,0,0,0,0,0,284.67781898969446,284.67781898969446,306.86077320565084,0.0
random-s0-0135,prm,cycle,50.0,100.0,30.0,1,0,0,0,0,0,0,291.27259982212104,291.27259982212104,306.8607732056507,0.0
random-s0-0135,prm,cycle,150.0,20.0,30.0,1,0,0,0,0,0,0,142.7331489747417,345.1518542037321,142.7331489747417,0.0
random-s0-0135,prm,cycle,150.0,100.0,30.0,1,0,0,0,0,0,0,129.1377788552361,369.4848310716029,129.1377788552361,0.0
random-s0-0135,prm,event,0.0,20.0,30.0,1,0,1,0,1,0,0,-53.87442863603094,-53.87442863603094,68.01882656406806,139.99999999999997
random-s0-0135,prm,event,0.0,100.0,30.0,1,0,0,0,0,0,0,1.919165894494,1.919165894494,299.0672924422741,0.0
random-s0-0135,prm,event,50.0,20.0,30.0,1,0,0,0,0,0,0,306.86077320565084,590.3308459923123,306.86077320565084,0.0
random-s0-0135,prm,event,50.0,100.0,30.0,1,0,0,0,0,0,0,306.8607732056507,587.6668644808177,306.8607732056507,0.0
random-s0-0135,prm,event,150.0,20.0,30.0,1,0,0,0,0,0,0,142.7331489747417,345.1518542037321,142.7331489747417,0.0
random-s0-0135,prm,event,150.0,100.0,30.0,1,0,0,0,0,0,0,129.1377788552361,369.4848310716029,129.1377788552361,0.0
random-s0-0135,visibility,once,0.0,20.0,30.0,1,0,0,0,0,0,0,12.781265692979671,12.781265692979671,306.8607732056508,0.0
random-s0-0135,visibility,cycle,0.0,20.0,30.0,1,0,0,0,0,0,0,193.17302242435096,193.17302242435096,306.86077320565084,0.0
random-s0-0135,visibility,cycle,0.0,100.0,30.0,1,0,0,0,0,0,0,165.67211152943418,165.67211152943418,306.8607732056507,0.0
random-s0-0135,visibility,cycle,50.0,20.0,30.0,1,0,0,0,0,0,0,306.86077320565084,383.1837159442736,306.86077320565084,0.0
random-s0-0135,visibility,cycle,50.0,100.0,30.0,1,0,0,0,0,0,0,306.8607732056507,323.18361325690785,306.8607732056507,0.0
random-s0-0135,visibility,cycle,150.0,20.0,30.0,1,0,0,0,0,0,0,83.81337411586941,134.22196725589197,83.81337411586941,0.0
random-s0-0135,visibility,cycle,150.0,100.0,30.0,1,0,0,0,0,0,0,84.28295910876119,282.8490494091593,84.28295910876119,0.0
random-s0-0135,visibility,event,0.0,20.0,30.0,1,0,0,0,0,0,0,252.486988040109,252.486988040109,306.86077320565084,0.0
random-s0-0135,visibility,event,0.0,100.0,30.0,1,0,0,0,0,0,0,165.67211152943418,165.67211152943418,306.8607732056507,0.0
random-s0-0135,visibility,event,50.0,20.0,30.0,1,0,0,0,0,0,0,306.86077320565084,535.6814509677935,306.86077320565084,0.0
random-s0-0135,visibility,event,50.0,100.0,30.0,1,0,0,0,0,0,0,306.8607732056507,429.6062587593976,306.8607732056507,0.0
random-s0-0135,visibility,event,150.0,20.0,30.0,1,0,0,0,0,0,0,97.05094718842838,402.1983185318717,97.05094718842838,0.0
random-s0-0135,visibility,event,150.0,100.0,30.0,1,0,0,0,0,0,0,83.98848140219667,237.4397768432322,83.98848140219667,0.0
random-s0-0136,voronoi,once,0.0,20.0,30.0,1,0,3,1,2,0,1,-123.95702340926456,-123.95702340926456,-14.848266727615568,600.0000000000002
random-s0-0136,voronoi,cycle,0.0,20.0,30.0,1,0,0,0,0,0,0,67.70365123390638,70.37176111931308,67.70365123390638,0.0
random-s0-0136,voronoi,cycle,0.0,100.0,30.0,1,0,2,0,2,0,0,-19.351280520819188,-19.351280520819188,41.84408952239002,120.0
random-s0-0136,voronoi,cycle,50.0,20.0,30.0,1,0,0,0,0,0,0,89.02062248657785,231.2531600642377,89.02062248657785,0.0
random-s0-0136,voronoi,cycle,50.0,100.0,30.0,1,0,0,0,0,0,0,28.03053214127968,202.68333957846068,28.03053214127968,0.0
random-s0-0136,voronoi,cycle,150.0,20.0,30.0,1,0,0,0,0,0,0,150.10698934262888,301.89306472186735,150.10698934262888,0.0
random-s0-0136,voronoi,cycle,150.0,100.0,30.0,1,0,0,0,0,0,0,94.3536663813104,291.0826373354472,94.3536663813104,0.0
random-s0-0136,voronoi,event,0.0,20.0,30.0,1,0,0,0,0,0,0,42.95718972477249,204.3997583198563,42.95718972477249,0.0
random-s0-0136,voronoi,event,0.0,100.0,30.0,1,0,0,0,0,0,0,66.45399433779858,249.162449858973,66.45399433779858,0.0
random-s0-0136,voronoi,event,50.0,20.0,30.0,1,0,0,0,0,0,0,35.00269888934733,307.4659966651806,35.00269888934733,0.0
random-s0-0136,voronoi,event,50.0,100.0,30.0,1,0,0,0,0,0,0,41.31351892349667,270.77753460660296,41.31351892349667,0.0
random-s0-0136,voronoi,event,150.0,20.0,30.0,1,0,0,0,0,0,0,32.36916674049027,236.24557225248287,32.36916674049027,0.0
random-s0-0136,voronoi,event,150.0,100.0,30.0,1,0,0,0,0,0,0,69.25579897317255,264.6389035710505,69.25579897317255,0.0
random-s0-0136,prm,once,0.0,20.0,30.0,1,0,1,0,1,0,0,-23.216327930645804,-23.216327930645804,47.400432580186106,200.0
random-s0-0136,prm,cycle,0.0,20.0,30.0,1,0,0,0,0,0,0,31.885457879073694,281.2461409485361,31.885457879073694,0.0
random-s0-0136,prm,cycle,0.0,100.0,30.0,1,0,0,0,0,0,0,47.400432580186106,258.05675360923203,47.400432580186106,0.0
random-s0-0136,prm,cycle,50.0,20.0,30.0,1,0,0,0,0,0,0,31.885457879073694,356.2641908778145,31.885457879073694,0.0
random-s0-0136,prm,cycle,50.0,100.0,30.0,1,0,0,0,0,0,0,47.400432580186106,222.07880554849527,47.400432580186106,0.0
random-s0-0136,prm,cycle,150.0,20.0,30.0,1,0,0,0,0,0,0,107.32184185085686,317.343906803134,107.32184185085686,0.0
random-s0-0136,prm,cycle,150.0,100.0,30.0,1,0,0,0,0,0,0,47.400432580186106,369.2099166266827,47.400432580186106,0.0
random-s0-0136,prm,event,0.0,20.0,30.0,1,0,0,0,0,0,0,31.804632016120564,281.2461409485361,31.804632016120564,0.0
random-s0-0136,prm,event,0.0,100.0,30.0,1,0,0,0,0,0,0,47.400432580186106,258.05675360923203,47.400432580186106,0.0
random-s0-0136,prm,event,50.0,20.0,30.0,1,0,0,0,0,0,0,31.804632016120564,352.4204531920458,31.804632016120564,0.0
random-s0-0136,prm,event,50.0,100.0,30.0,1,0,0,0,0,0,0,47.400432580186106,222.07880554849527,47.400432580186106,0.0
random-s0-0136,prm,event,150.0,20.0,30.0,1,0,0,0,0,0,0,33.59332686049453,89.72244240648757,33.59332686049453,0.0
random-s0-0136,prm,event,150.0,100.0,30.0,1,0,0,0,0,0,0,42.78769670576045,181.0302872893257,42.78769670576045,0.0
random-s0-0136,visibility,once,0.0,20.0,30.0,1,0,3,2,1,0,2,-156.09436308166258,-156.09436308166258,-72.24094246392494,279.99999999999994
random-s0-0136,visibility,cycle,0.0,20.0,30.0,1,0,2,2,0,2,0,-118.51240354785251,202.650655195154,-118.51240354785251,500.0000000000001
random-s0-0136,visibility,cycle,0.0,100.0,30.0,1,0,1,1,0,1,0,-129.78115959079074,41.81085908054908,-129.78115959079074,299.9999999999997
random-s0-0136,visibility,cycle,50.0,20.0,30.0,1,0,2,2,0,2,0,-74.00369062104973,188.1883190641917,-74.00369062104973,420.00000000000006
random-s0-0136,visibility,cycle,50.0,100.0,30.0,1,0,1,1,0,1,0,-85.36472542476443,95.72508148843826,-85.36472542476443,279.99999999999983
random-s0-0136,visibility,cycle,150.0,20.0,30.0,1,0,0,0,0,0,0,23.462047170948978,33.75790390027035,23.462047170948978,0.0
random-s0-0136,visibility,cycle,150.0,100.0,30.0,1,0,1,1,0,1,0,-9.425186858061435,208.1657279192692,-9.425186858061435,79.99999999999991
random-s0-0136,visibility,event,0.0,20.0,30.0,1,0,1,1,0,1,0,-122.21871530431608,94.00102315289756,-122.21871530431608,259.9999999999999
random-s0-0136,visibility,event,0.0,100.0,30.0,1,0,2,1,1,1,0,-129.78115959079074,-32.66903490053559,-129.78115959079074,359.9999999999998
random-s0-0136,visibility,event,50.0,20.0,30.0,1,0,2,2,0,2,0,-76.89168864104742,227.702108601898,-76.89168864104742,440.00000000000006
random-s0-0136,visibility,event,50.0,100.0,30.0,1,0,1,1,0,1,0,-85.36472542476443,138.1002474720392,-85.36472542476443,279.99999999999983
random-s0-0136,visibility,event,150.0,20.0,30.0,1,0,0,0,0,0,0,31.653069664789257,60.56750662811044,31.653069664789257,0.0
random-s0-0136,visibility,event,150.0,100.0,30.0,1,0,0,0,0,0,0,16.045074477081016,16.045074477081016,34.444054565867646,0.0
random-s0-0137,voronoi,once,0.0,20.0,30.0,1,0,3,1,2,1,0,-139.29603481861903,-139.29603481861903,-93.71728106429654,740.0000000000003
random-s0-0137,voronoi,cycle,0.0,20.0,30.0,1,0,2,0,2,0,0,-7.029336337952231,-7.029336337952231,135.2669027982481,39.99999999999999
random-s0-0137,voronoi,cycle,0.0,100.0,30.0,1,0,1,0,1,0,0,-53.37938139528667,-53.37938139528667,59.62666718958928,100.0
random-s0-0137,voronoi,cycle,50.0,20.0,30.0,1,0,0,0,0,0,0,31.134367093280588,31.134367093280588,114.69382902744512,0.0
random-s0-0137,voronoi,cycle,50.0,100.0,30.0,1,0,0,0,0,0,0,76.5637383362332,76.5637383362332,97.58277884031976,0.0
random-s0-0137,voronoi,cycle,150.0,20.0,30.0,1,0,0,0,0,0,0,135.2669027982481,163.06374032214188,135.2669027982481,0.0
random-s0-0137,voronoi,cycle,150.0,100.0,30.0,1,0,0,0,0,0,0,76.5637383362332,76.5637383362332,135.2669027982481,0.0
random-s0-0137,voronoi,event,0.0,20.0,30.0,1,0,1,0,1,0,0,-2.157960882687433,-2.157960882687433,34.461813379583845,19.99999999999999
random-s0-0137,voronoi,event,0.0,100.0,30.0,1,0,1,0,1,0,0,-53.37938139528667,-53.37938139528667,54.36111443006078,100.0
random-s0-0137,voronoi,event,50.0,20.0,30.0,1,0,0,0,0,0,0,135.2669027982481,172.0685571071955,135.2669027982481,0.0
random-s0-0137,voronoi,event,50.0,100.0,30.0,1,0,0,0,0,0,0,41.15869324837607,76.5637383362332,41.15869324837607,0.0
random-s0-0137,voronoi,event,150.0,20.0,30.0,1,0,0,0,0,0,0,34.21657407376637,160.25922908668088,34.21657407376637,0.0
random-s0-0137,voronoi,event,150.0,100.0,30.0,1,0,0,0,0,0,0,34.7861390368613,76.5637383362332,34.7861390368613,0.0
random-s0-0137,prm,once,0.0,20.0,30.0,1,0,1,0,1,0,0,-139.29603481861903,-139.29603481861903,92.39010969605108,279.99999999999994
random-s0-0137,prm,cycle,0.0,20.0,30.0,1,0,1,0,1,0,0,-139.29603481862023,-139.29603481862023,90.87051654711009,279.99999999999994
random-s0-0137,prm,cycle,0.0,100.0,30.0,1,0,1,0,1,0,0,-139.29603481861903,-139.29603481861903,98.58099542096744,279.99999999999994
random-s0-0137,prm,cycle,50.0,20.0,30.0,1,0,1,0,1,0,0,-139.29603481862023,-139.29603481862023,41.71069125347978,279.99999999999994
random-s0-0137,prm,cycle,50.0,100.0,30.0,1,0,1,0,1,0,0,-139.29603481861903,-139.29603481861903,40.15361285485889,279.99999999999994
random-s0-0137,prm,cycle,150.0,20.0,30.0,1,0,1,0,1,0,0,-139.29603481862023,-139.29603481862023,32.72420627828538,279.99999999999994
random-s0-0137,prm,cycle,150.0,100.0,30.0,1,0,1,0,1,0,0,-139.29603481861903,-139.29603481861903,135.2669027982481,279.99999999999994
random-s0-0137,prm,event,0.0,20.0,30.0,1,0,1,0,1,0,0,-139.29603481862023,-139.29603481862023,100.47290572620528,279.99999999999994
random-s0-0137,prm,event,0.0,100.0,30.0,1,0,2,0,2,0,0,-139.29603481861903,-139.29603481861903,32.16779231506641,320.0
random-s0-0137,prm,event,50.0,20.0,30.0,1,0,1,0,1,0,0,-139.29603481862023,-139.29603481862023,41.85427611208832,279.99999999999994
random-s0-0137,prm,event,50.0,100.0,30.0,1,0,1,0,1,0,0,-139.29603481861903,-139.29603481861903,53.36367680499663,279.99999999999994
random-s0-0137,prm,event,150.0,20.0,30.0,1,0,1,0,1,0,0,-139.29603481862023,-139.29603481862023,135.2669027982481,279.99999999999994
random-s0-0137,prm,event,150.0,100.0,30.0,1,0,1,0,1,0,0,-139.29603481861903,-139.29603481861903,135.2669027982481,279.99999999999994
random-s0-0137,visibility,once,0.0,20.0,30.0,1,0,2,1,1,1,0,-139.29603481861903,-139.29603481861903,-16.38583703991779,340.0
random-s0-0137,visibility,cycle,0.0,20.0,30.0,1,0,2,1,1,1,0,-171.2478501604916,-139.29603481862023,-171.2478501604916,500.0
random-s0-0137,visibility,cycle,0.0,100.0,30.0,1,0,2,1,1,1,0,-139.29603481861903,-139.29603481861903,-123.50674322181166,420.0
random-s0-0137,visibility,cycle,50.0,20.0,30.0,1,0,2,1,1,1,0,-164.76307759306405,-139.29603481862023,-164.76307759306405,480.0000000000001
random-s0-0137,visibility,cycle,50.0,100.0,30.0,1,0,2,1,1,1,0,-139.29603481861903,-139.29603481861903,-136.88665370823458,760.0000000000003
random-s0-0137,visibility,cycle,150.0,20.0,30.0,1,0,1,0,1,0,0,-139.29603481862023,-139.29603481862023,21.38423733965263,279.99999999999994
random-s0-0137,visibility,cycle,150.0,100.0,30.0,1,0,2,1,1,1,0,-162.66040109711287,-139.29603481861903,-162.66040109711287,680.0000000000002
random-s0-0137,visibility,event,0.0,20.0,30.0,1,0,1,0,1,0,0,-139.29603481862023,-139.29603481862023,18.804791026376364,279.99999999999994
random-s0-0137,visibility,event,0.0,100.0,30.0,1,0,2,1,1,0,1,-139.29603481861903,-139.29603481861903,-89.77408157181961,640.0000000000002
random-s0-0137,visibility,event,50.0,20.0,30.0,1,0,1,0,1,0,0,-139.29603481862023,-139.29603481862023,8.532102377999081,279.99999999999994
random-s0-0137,visibility,event,50.0,100.0,30.0,1,0,1,0,1,0,0,-139.29603481861903,-139.29603481861903,4.66289324011376,279.99999999999994
random-s0-0137,visibility,event,150.0,20.0,30.0,1,0,1,0,1,0,0,-139.29603481862023,-139.29603481862023,31.160747213730215,279.99999999999994
random-s0-0137,visibility,event,150.0,100.0,30.0,1,0,2,1,1,1,0,-162.66040109711287,-139.29603481861903,-162.66040109711287,680.0000000000002
random-s0-0138,voronoi,once,0.0,20.0,30.0,1,0,0,0,0,0,0,20.884296939706047,175.8735526748689,20.884296939706047,0.0
random-s0-0138,voronoi,cycle,0.0,20.0,30.0,1,0,0,0,0,0,0,11.674313810767272,11.674313810767272,28.644806000886604,0.0
random-s0-0138,voronoi,cycle,0.0,100.0,30.0,1,0,1,0,1,0,0,-108.1887077784619,-108.1887077784619,35.85104829840813,139.9999999999999
random-s0-0138,voronoi,cycle,50.0,20.0,30.0,1,0,0,0,0,0,0,30.725904211805783,58.91768028773535,30.725904211805783,0.0
random-s0-0138,voronoi,cycle,50.0,100.0,30.0,1,0,0,0,0,0,0,54.40036908799132,54.40036908799132,61.58339062583778,0.0
random-s0-0138,voronoi,cycle,150.0,20.0,30.0,1,0,0,0,0,0,0,34.9507049237572,220.14022733703524,34.9507049237572,0.0
random-s0-0138,voronoi,cycle,150.0,100.0,30.0,1,0,0,0,0,0,0,43.65136421804448,569.7789146189839,43.65136421804448,0.0
random-s0-0138,voronoi,event,0.0,20.0,30.0,1,0,1,0,1,0,0,-10.995447688731817,-10.995447688731817,34.82603263478663,20.0
random-s0-0138,voronoi,event,0.0,100.0,30.0,1,0,1,0,1,0,0,-45.59749361546474,-45.59749361546474,73.3395942478293,60.0
random-s0-0138,voronoi,event,50.0,20.0,30.0,1,0,0,0,0,0,0,35.94032726587781,349.10280876565093,35.94032726587781,0.0
random-s0-0138,voronoi,event,50.0,100.0,30.0,1,0,0,0,0,0,0,49.00439528565758,336.6925426417597,49.00439528565758,0.0
random-s0-0138,voronoi,event,150.0,20.0,30.0,1,0,0,0,0,0,0,30.588169079373017,422.14886084774594,30.588169079373017,0.0
random-s0-0138,voronoi,event,150.0,100.0,30.0,1,0,0,0,0,0,0,37.17920472645679,640.02982115347,37.17920472645679,0.0
random-s0-0138,prm,once,0.0,20.0,30.0,1,0,2,1,1,0,1,-155.71765347155062,-155.71765347155062,-91.09946153855616,380.00000000000006
random-s0-0138,prm,cycle,0.0,20.0,30.0,1,0,0,0,0,0,0,35.97958620133679,462.6000270467629,35.97958620133679,0.0
random-s0-0138,prm,cycle,0.0,100.0,30.0,1,0,0,0,0,0,0,31.55084275938489,177.0578290063837,31.55084275938489,0.0
random-s0-0138,prm,cycle,50.0,20.0,30.0,1,0,0,0,0,0,0,31.89782175683885,527.2178502701345,31.89782175683885,0.0
random-s0-0138,prm,cycle,50.0,100.0,30.0,1,0,0,0,0,0,0,84.83668400452899,764.034286771345,84.83668400452899,0.0
random-s0-0138,prm,cycle,150.0,20.0,30.0,1,0,0,0,0,0,0,30.312582437161357,800.2082255682957,30.312582437161357,0.0
random-s0-0138,prm,cycle,150.0,100.0,30.0,1,0,0,0,0,0,0,55.81582678110689,502.0959058613221,55.81582678110689,0.0
random-s0-0138,prm,event,0.0,20.0,30.0,1,0,0,0,0,0,0,46.9831780985113,159.57621178528,46.9831780985113,0.0
random-s0-0138,prm,event,0.0,100.0,30.0,1,0,0,0,0,0,0,48.79137210158001,59.29752893478337,48.79137210158001,0.0
random-s0-0138,prm,event,50.0,20.0,30.0,1,0,0,0,0,0,0,39.41357589114543,51.182021302002255,39.41357589114543,0.0
random-s0-0138,prm,event,50.0,100.0,30.0,1,0,0,0,0,0,0,45.6857591777721,45.6857591777721,48.79137210158001,0.0
random-s0-0138,prm,event,150.0,20.0,30.0,1,0,0,0,0,0,0,41.750858202258655,173.23989151562063,41.750858202258655,0.0
random-s0-0138,prm,event,150.0,100.0,30.0,1,0,0,0,0,0,0,48.79137210158001,74.13791806476206,48.79137210158001,0.0
random-s0-0138,visibility,once,0.0,20.0,30.0,1,0,0,0,0,0,0,22.690252929502293,123.48336431603776,22.690252929502293,0.0
random-s0-0138,visibility,cycle,0.0,20.0,30.0,1,0,0,0,0,0,0,30.86031370765681,295.56092866662294,30.86031370765681,0.0
random-s0-0138,visibility,cycle,0.0,100.0,30.0,1,0,0,0,0,0,0,31.418450610135523,238.3466137320607,31.418450610135523,0.0
random-s0-0138,visibility,cycle,50.0,20.0,30.0,1,0,0,0,0,0,0,30.827215595060864,307.6950978288284,30.827215595060864,0.0
random-s0-0138,visibility,cycle,50.0,100.0,30.0,1,0,0,0,0,0,0,11.551839769489732,221.1827576494453,11.551839769489732,0.0
random-s0-0138,visibility,cycle,150.0,20.0,30.0,1,0,0,0,0,0,0,25.8545795458694,191.8630607832805,25.8545795458694,0.0
random-s0-0138,visibility,cycle,150.0,100.0,30.0,1,0,0,0,0,0,0,27.69012875440106,370.395495818805,27.69012875440106,0.0
random-s0-0138,visibility,event,0.0,20.0,30.0,1,0,0,0,0,0,0,22.690252929502293,145.4334494390348,22.690252929502293,0.0
random-s0-0138,visibility,event,0.0,100.0,30.0,1,0,0,0,0,0,0,22.690252929502293,151.83960549998886,22.690252929502293,0.0
random-s0-0138,visibility,event,50.0,20.0,30.0,1,0,0,0,0,0,0,22.690252929502293,98.07908246158549,22.690252929502293,0.0
random-s0-0138,visibility,event,50.0,100.0,30.0,1,0,0,0,0,0,0,22.690252929502293,90.10100373833512,22.690252929502293,0.0
random-s0-0138,visibility,event,150.0,20.0,30.0,1,0,0,0,0,0,0,26.309586336599608,49.12869280524424,26.309586336599608,0.0
random-s0-0138,visibility,event,150.0,100.0,30.0,1,0,0,0,0,0,0,31.049247094111703,342.0321008905101,31.049247094111703,0.0
random-s0-0139,voronoi,once,0.0,20.0,30.0,1,0,3,0,3,0,0,-126.36994782611784,-126.36994782611784,176.35441022543142,259.99999999999994
random-s0-0139,voronoi,cycle,0.0,20.0,30.0,1,0,0,0,0,0,0,18.94956395262139,18.94956395262139,43.46555042356266,0.0
random-s0-0139,voronoi,cycle,0.0,100.0,30.0,1,0,1,0,1,0,0,-10.775359871462626,-10.775359871462626,59.84593739583218,40.0
random-s0-0139,voronoi,cycle,50.0,20.0,30.0,1,0,0,0,0,0,0,127.0622795407653,127.0622795407653,235.60687192818665,0.0
random-s0-0139,voronoi,cycle,50.0,100.0,30.0,1,0,0,0,0,0,0,63.94096090738239,63.94096090738239,235.60687192818693,0.0
random-s0-0139,voronoi,cycle,150.0,20.0,30.0,1,0,0,0,0,0,0,235.60687192818665,317.4073990271237,235.60687192818665,0.0
random-s0-0139,voronoi,cycle,150.0,100.0,30.0,1,0,0,0,0,0,0,235.60687192818693,292.3294931253663,235.60687192818693,0.0
random-s0-0139,voronoi,event,0.0,20.0,30.0,1,0,2,2,0,2,0,-0.8035084618891517,0.7670567298865478,-0.8035084618891517,60.0
random-s0-0139,voronoi,event,0.0,100.0,30.0,1,0,2,1,1,1,0,-26.764722567965293,-7.592181944618289,-26.764722567965293,640.0000000000002
random-s0-0139,voronoi,event,50.0,20.0,30.0,1,0,0,0,0,0,0,36.790971860950975,36.790971860950975,46.30731479707845,0.0
random-s0-0139,voronoi,event,50.0,100.0,30.0,1,0,0,0,0,0,0,28.56143695731205,44.82621361367984,28.56143695731205,0.0
random-s0-0139,voronoi,event,150.0,20.0,30.0,1,0,0,0,0,0,0,90.89809100390512,255.5170392711004,90.89809100390512,0.0
random-s0-0139,voronoi,event,150.0,100.0,30.0,1,0,0,0,0,0,0,20.739671772501765,20.739671772501765,108.9257483561708,0.0
random-s0-0139,prm,once,0.0,20.0,30.0,1,0,3,1,2,0,1,-119.47548994882251,-119.47548994882251,-42.39711456656352,480.00000000000017
random-s0-0139,prm,cycle,0.0,20.0,30.0,1,0,0,0,0,0,0,30.84808232096009,66.67400987407387,30.84808232096009,0.0
random-s0-0139,prm,cycle,0.0,100.0,30.0,1,0,0,0,0,0,0,19.863187025175392,52.73602529720432,19.863187025175392,0.0
random-s0-0139,prm,cycle,50.0,20.0,30.0,1,0,0,0,0,0,0,37.31448372359756,37.31448372359756,66.76793141575334,0.0
random-s0-0139,prm,cycle,50.0,100.0,30.0,1,0,0,0,0,0,0,49.84786497604108,49.84786497604108,159.35398968628004,0.0
random-s0-0139,prm,cycle,150.0,20.0,30.0,1,0,0,0,0,0,0,31.37979252668734,59.79504681610311,31.37979252668734,0.0
random-s0-0139,prm,cycle,150.0,100.0,30.0,1,0,0,0,0,0,0,37.4203097697916,40.50819367521771,37.4203097697916,0.0
random-s0-0139,prm,event,0.0,20.0,30.0,1,0,0,0,0,0,0,32.26143485665321,32.26143485665321,58.107785439223306,0.0
random-s0-0139,prm,event,0.0,100.0,30.0,1,0,1,0,1,0,0,-112.9559952367252,-112.9559952367252,19.863187025175392,400.0
random-s0-0139,prm,event,50.0,20.0,30.0,1,0,0,0,0,0,0,32.209719688589644,83.52165450780939,32.209719688589644,0.0
random-s0-0139,prm,event,50.0,100.0,30.0,1,0,0,0,0,0,0,19.863187025175392,73.4631891236998,19.863187025175392,0.0
random-s0-0139,prm,event,150.0,20.0,30.0,1,0,0,0,0,0,0,32.209719688589644,59.69078924728947,32.209719688589644,0.0
random-s0-0139,prm,event,150.0,100.0,30.0,1,0,0,0,0,0,0,19.863187025175392,146.81383963249243,19.863187025175392,0.0
random-s0-0139,visibility,once,0.0,20.0,30.0,1,0,3,0,3,0,0,-59.90804298177902,-59.90804298177902,43.89967896141522,440.0000000000001
random-s0-0139,visibility,cycle,0.0,20.0,30.0,1,0,1,0,1,0,0,-11.935418927050309,-11.935418927050309,34.22479166265262,380.00000000000006
random-s0-0139,visibility,cycle,0.0,100.0,30.0,1,0,1,0,1,0,0,-19.525486065500644,-19.525486065500644,36.428608759599626,460.0
random-s0-0139,visibility,cycle,50.0,20.0,30.0,1,0,1,0,1,0,0,-14.86988600880045,-14.86988600880045,71.95559955446649,380.00000000000006
random-s0-0139,visibility,cycle,50.0,100.0,30.0,1,0,0,0,0,0,0,8.85289335477799,8.85289335477799,91.42890244039012,0.0
random-s0-0139,visibility,cycle,150.0,20.0,30.0,1,0,0,0,0,0,0,22.991382712636664,22.991382712636664,38.47494919562095,0.0
random-s0-0139,visibility,cycle,150.0,100.0,30.0,1,0,1,0,1,0,0,-14.555299204178738,-14.555299204178738,31.2539525038778,400.00000000000006
random-s0-0139,visibility,event,0.0,20.0,30.0,1,0,1,0,1,0,0,-15.807121601515718,-15.807121601515718,39.936664413161935,420.0000000000001
random-s0-0139,visibility,event,0.0,100.0,30.0,1,0,1,0,1,0,0,-34.76380090660706,-34.76380090660706,43.89967896141502,860.0000000000003
random-s0-0139,visibility,event,50.0,20.0,30.0,1,0,2,0,2,0,0,-16.55493744929882,-16.55493744929882,39.56122340113456,760.0000000000003
random-s0-0139,visibility,event,50.0,100.0,30.0,1,0,2,0,2,0,0,-4.894599948613177,-4.894599948613177,43.89967896141502,259.99999999999994
random-s0-0139,visibility,event,150.0,20.0,30.0,1,0,0,0,0,0,0,2.416324395323585,2.416324395323585,35.774385505484105,0.0
random-s0-0139,visibility,event,150.0,100.0,30.0,1,0,1,0,1,0,0,-15.759312046859035,-15.759312046859035,36.0757902470329,400.00000000000006
random-s0-0140,voronoi,once,0.0,20.0,30.0,1,0,0,0,0,0,0,3.376140724329616,163.3877964751493,3.376140724329616,0.0
random-s0-0140,voronoi,cycle,0.0,20.0,30.0,1,0,1,1,0,1,0,-0.3438022255988358,62.82914778368215,-0.3438022255988358,20.0
random-s0-0140,voronoi,cycle,0.0,100.0,30.0,1,0,1,1,0,1,0,-10.59266703851867,372.8884326645687,-10.59266703851867,20.0
random-s0-0140,voronoi,cycle,50.0,20.0,30.0,1,0,0,0,0,0,0,213.75100618326465,373.31119926095016,213.75100618326465,0.0
random-s0-0140,voronoi,cycle,50.0,100.0,30.0,1,0,2,2,0,2,0,-53.87303345880117,626.0242203251865,-53.87303345880117,320.0
random-s0-0140,voronoi,cycle,150.0,20.0,30.0,1,0,1,1,0,1,0,-0.3438022255988358,582.8786938703199,-0.3438022255988358,20.0
random-s0-0140,voronoi,cycle,150.0,100.0,30.0,1,0,0,0,0,0,0,85.5316072473139,606.1790870896256,85.5316072473139,0.0
random-s0-0140,voronoi,event,0.0,20.0,30.0,1,0,1,1,0,1,0,-0.3438022255988358,13.36211115380786,-0.3438022255988358,20.0
random-s0-0140,voronoi,event,0.0,100.0,30.0,1,0,1,1,0,1,0,-10.59266703851867,372.8884326645687,-10.59266703851867,20.0
random-s0-0140,voronoi,event,50.0,20.0,30.0,1,0,0,0,0,0,0,180.31893619471816,314.1474854660367,180.31893619471816,0.0
random-s0-0140,voronoi,event,50.0,100.0,30.0,1,0,1,1,0,1,0,-0.3438022255988642,604.2652867963508,-0.3438022255988642,20.0
random-s0-0140,voronoi,event,150.0,20.0,30.0,1,0,1,1,0,1,0,-0.3438022255988358,621.862672997931,-0.3438022255988358,20.0
random-s0-0140,voronoi,event,150.0,100.0,30.0,1,0,1,1,0,1,0,-0.3438022255988642,606.1790870896256,-0.3438022255988642,20.0
random-s0-0140,prm,once,0.0,20.0,30.0,1,0,0,0,0,0,0,3.376140724329616,88.61350912869415,3.376140724329616,0.0
random-s0-0140,prm,cycle,0.0,20.0,30.0,1,0,0,0,0,0,0,19.004908826955614,88.61350912869415,19.004908826955614,0.0
random-s0-0140,prm,cycle,0.0,100.0,30.0,1,0,1,1,0,1,0,-7.491024343524685,88.6135091286942,-7.491024343524685,20.0
random-s0-0140,prm,cycle,50.0,20.0,30.0,1,0,2,2,0,2,0,-130.42250629166625,88.61350912869415,-130.42250629166625,220.0
random-s0-0140,prm,cycle,50.0,100.0,30.0,1,0,2,2,0,2,0,-172.6970121532795,88.6135091286942,-172.6970121532795,339.99999999999983
random-s0-0140,prm,cycle,150.0,20.0,30.0,1,0,1,1,0,1,0,-0.3438022255988358,88.61350912869415,-0.3438022255988358,20.0
random-s0-0140,prm,cycle,150.0,100.0,30.0,1,0,0,0,0,0,0,16.144209300681354,88.6135091286942,16.144209300681354,0.0
random-s0-0140,prm,event,0.0,20.0,30.0,1,0,0,0,0,0,0,88.61350912869415,88.61350912869415,133.26599572421298,0.0
random-s0-0140,prm,event,0.0,100.0,30.0,1,0,1,1,0,1,0,-7.491024343524685,88.6135091286942,-7.491024343524685,20.0
random-s0-0140,prm,event,50.0,20.0,30.0,1,0,1,1,0,1,0,-0.3438022255988358,84.63368884109627,-0.3438022255988358,20.0
random-s0-0140,prm,event,50.0,100.0,30.0,1,0,0,0,0,0,0,9.17317835605266,88.6135091286942,9.17317835605266,0.0
random-s0-0140,prm,event,150.0,20.0,30.0,1,0,0,0,0,0,0,88.61350912869415,88.61350912869415,195.69817013693773,0.0
random-s0-0140,prm,event,150.0,100.0,30.0,1,0,0,0,0,0,0,24.73547890643738,88.6135091286942,24.73547890643738,0.0
random-s0-0140,visibility,once,0.0,20.0,30.0,1,0,0,0,0,0,0,3.376140724329616,88.61350912869415,3.376140724329616,0.0
random-s0-0140,visibility,cycle,0.0,20.0,30.0,1,0,0,0,0,0,0,79.74981787551292,88.61350912869415,79.74981787551292,0.0
random-s0-0140,visibility,cycle,0.0,100.0,30.0,1,0,1,1,0,0,1,-7.965341387106406,88.6135091286942,-7.965341387106406,39.99999999999991
random-s0-0140,visibility,cycle,50.0,20.0,30.0,1,0,0,0,0,0,0,71.54112730621756,88.61350912869415,71.54112730621756,0.0
random-s0-0140,visibility,cycle,50.0,100.0,30.0,1,0,0,0,0,0,0,46.00611812242079,88.6135091286942,46.00611812242079,0.0
random-s0-0140,visibility,cycle,150.0,20.0,30.0,1,0,0,0,0,0,0,4.006624947234229,88.61350912869415,4.006624947234229,0.0
random-s0-0140,visibility,cycle,150.0,100.0,30.0,1,0,0,0,0,0,0,0.7993105285898707,88.6135091286942,0.7993105285898707,0.0
random-s0-0140,visibility,event,0.0,20.0,30.0,1,0,0,0,0,0,0,79.7940185799053,88.61350912869415,79.7940185799053,0.0
random-s0-0140,visibility,event,0.0,100.0,30.0,1,0,1,1,0,0,1,-7.965341387106406,88.6135091286942,-7.965341387106406,39.99999999999991
random-s0-0140,visibility,event,50.0,20.0,30.0,1,0,0,0,0,0,0,71.54112730621756,88.61350912869415,71.54112730621756,0.0
random-s0-0140,visibility,event,50.0,100.0,30.0,1,0,0,0,0,0,0,24.73547890643738,88.6135091286942,24.73547890643738,0.0
random-s0-0140,visibility,event,150.0,20.0,30.0,1,0,0,0,0,0,0,16.144209300681183,88.61350912869415,16.144209300681183,0.0
random-s0-0140,visibility,event,150.0,100.0,30.0,1,0,0,0,0,0,0,0.7993105285898707,88.6135091286942,0.7993105285898707,0.0
random-s0-0141,voronoi,once,0.0,20.0,30.0,1,0,1,1,0,1,0,-136.9160927463537,23.882408203079564,-136.9160927463537,380.00000000000006
random-s0-0141,voronoi,cycle,0.0,20.0,30.0,1,0,0,0,0,0,0,39.036694799302666,82.99157214797407,39.036694799302666,0.0
random-s0-0141,voronoi,cycle,0.0,100.0,30.0,1,0,0,0,0,0,0,26.60666319379942,26.60666319379942,51.89077093106789,0.0
random-s0-0141,voronoi,cycle,50.0,20.0,30.0,1,0,0,0,0,0,0,139.95948768236713,139.95948768236713,250.40183682632585,0.0
random-s0-0141,voronoi,cycle,50.0,100.0,30.0,1,0,0,0,0,0,0,37.725871400510016,199.85414486082027,37.725871400510016,0.0
random-s0-0141,voronoi,cycle,150.0,20.0,30.0,1,0,1,1,0,1,0,-136.9160927463538,176.9482170152391,-136.9160927463538,379.9999999999919
random-s0-0141,voronoi,cycle,150.0,100.0,30.0,1,0,0,0,0,0,0,14.27314628137472,14.27314628137472,164.9293378782623,0.0
random-s0-0141,voronoi,event,0.0,20.0,30.0,1,0,1,1,0,1,0,-136.9160927463538,30.76262555050292,-136.9160927463538,239.99999999999488
random-s0-0141,voronoi,event,0.0,100.0,30.0,1,0,0,0,0,0,0,63.74599723293397,199.85414486082027,63.74599723293397,0.0
random-s0-0141,voronoi,event,50.0,20.0,30.0,1,0,0,0,0,0,0,40.65040003508975,179.20769414354288,40.65040003508975,0.0
random-s0-0141,voronoi,event,50.0,100.0,30.0,1,0,0,0,0,0,0,60.00643863228146,199.85414486082027,60.00643863228146,0.0
random-s0-0141,voronoi,event,150.0,20.0,30.0,1,0,0,0,0,0,0,38.76688362525033,359.99217490371075,38.76688362525033,0.0
random-s0-0141,voronoi,event,150.0,100.0,30.0,1,0,0,0,0,0,0,14.27314628137472,14.27314628137472,141.26485171798902,0.0
random-s0-0141,prm,once,0.0,20.0,30.0,1,0,1,0,1,0,0,-107.98795858427398,-107.98795858427398,158.42145944166077,160.0
random-s0-0141,prm,cycle,0.0,20.0,30.0,1,0,0,0,0,0,0,30.45226154802916,30.45226154802916,45.668639710576855,0.0
random-s0-0141,prm,cycle,0.0,100.0,30.0,1,0,0,0,0,0,0,43.86393179841093,43.86393179841093,48.65312360406028,0.0
random-s0-0141,prm,cycle,50.0,20.0,30.0,1,0,0,0,0,0,0,51.8637760775853,67.24854418061642,51.8637760775853,0.0
random-s0-0141,prm,cycle,50.0,100.0,30.0,1,0,1,0,1,0,0,-164.9728547444544,-164.9728547444544,138.1977787809716,60.0
random-s0-0141,prm,cycle,150.0,20.0,30.0,1,0,0,0,0,0,0,166.4459855574588,342.76695870279195,166.4459855574588,0.0
random-s0-0141,prm,cycle,150.0,100.0,30.0,1,0,0,0,0,0,0,79.68516046212858,79.68516046212858,140.99810132587123,0.0
random-s0-0141,prm,event,0.0,20.0,30.0,1,0,0,0,0,0,0,30.44535795453993,30.44535795453993,44.63858209809834,0.0
random-s0-0141,prm,event,0.0,100.0,30.0,1,0,0,0,0,0,0,33.26148857136363,33.26148857136363,137.7047498320702,0.0
random-s0-0141,prm,event,50.0,20.0,30.0,1,0,0,0,0,0,0,41.20850605375768,297.1921058410933,41.20850605375768,0.0
random-s0-0141,prm,event,50.0,100.0,30.0,1,0,0,0,0,0,0,47.78698594786192,106.26516509827172,47.78698594786192,0.0
random-s0-0141,prm,event,150.0,20.0,30.0,1,0,0,0,0,0,0,71.63910512074912,179.00214863994478,71.63910512074912,0.0
random-s0-0141,prm,event,150.0,100.0,30.0,1,0,0,0,0,0,0,79.68516046212858,79.68516046212858,140.99810132587123,0.0
random-s0-0141,visibility,once,0.0,20.0,30.0,1,0,0,0,0,0,0,23.33507456376469,79.68516046212858,23.33507456376469,0.0
random-s0-0141,visibility,cycle,0.0,20.0,30.0,1,0,0,0,0,0,0,21.855482876984752,199.85414486082027,21.855482876984752,0.0
random-s0-0141,visibility,cycle,0.0,100.0,30.0,1,0,0,0,0,0,0,26.13892977486185,199.85414486082027,26.13892977486185,0.0
random-s0-0141,visibility,cycle,50.0,20.0,30.0,1,0,0,0,0,0,0,16.174491495817932,273.5612194774171,16.174491495817932,0.0
random-s0-0141,visibility,cycle,50.0,100.0,30.0,1,0,0,0,0,0,0,28.86739453764153,199.85414486082027,28.86739453764153,0.0
random-s0-0141,visibility,cycle,150.0,20.0,30.0,1,0,0,0,0,0,0,74.06832472369345,163.68789614845304,74.06832472369345,0.0
random-s0-0141,visibility,cycle,150.0,100.0,30.0,1,0,0,0,0,0,0,79.68516046212858,79.68516046212858,137.6974144367469,0.0
random-s0-0141,visibility,event,0.0,20.0,30.0,1,0,0,0,0,0,0,23.10990860199672,199.85414486082027,23.10990860199672,0.0
random-s0-0141,visibility,event,0.0,100.0,30.0,1,0,0,0,0,0,0,23.33507456376469,199.85414486082027,23.33507456376469,0.0
random-s0-0141,visibility,event,50.0,20.0,30.0,1,0,0,0,0,0,0,22.507627922380863,271.7069068613329,22.507627922380863,0.0
random-s0-0141,visibility,event,50.0,100.0,30.0,1,0,1,1,0,0,1,-7.812473180470135,70.33062681433762,-7.812473180470135,60.0
random-s0-0141,visibility,event,150.0,20.0,30.0,1,0,0,0,0,0,0,81.26983199950837,174.053209855656,81.26983199950837,0.0
random-s0-0141,visibility,event,150.0,100.0,30.0,1,0,0,0,0,0,0,68.08733953679149,79.68516046212858,68.08733953679149,0.0
random-s0-0142,voronoi,once,0.0,20.0,30.0,1,0,0,0,0,0,0,49.80336907756089,191.00523863866147,49.80336907756089,0.0
random-s0-0142,voronoi,cycle,0.0,20.0,30.0,1,0,0,0,0,0,0,42.51211769918086,338.481046707364,42.51211769918086,0.0
random-s0-0142,voronoi,cycle,0.0,100.0,30.0,1,0,0,0,0,0,0,34.22313812934934,336.1435772364392,34.22313812934934,0.0
random-s0-0142,voronoi,cycle,50.0,20.0,30.0,1,0,0,0,0,0,0,11.223291380881191,338.44200394467737,11.223291380881191,0.0
random-s0-0142,voronoi,cycle,50.0,100.0,30.0,1,0,0,0,0,0,0,8.065245981805361,336.1333359712254,8.065245981805361,0.0
random-s0-0142,voronoi,cycle,150.0,20.0,30.0,1,0,0,0,0,0,0,30.92676859276113,342.2877994204779,30.92676859276113,0.0
random-s0-0142,voronoi,cycle,150.0,100.0,30.0,1,0,0,0,0,0,0,31.686652881734744,342.2877994204779,31.686652881734744,0.0
random-s0-0142,voronoi,event,0.0,20.0,30.0,1,0,0,0,0,0,0,31.29423378735416,338.4337590847577,31.29423378735416,0.0
random-s0-0142,voronoi,event,0.0,100.0,30.0,1,0,0,0,0,0,0,38.44706269376167,336.1435772364392,38.44706269376167,0.0
random-s0-0142,voronoi,event,50.0,20.0,30.0,1,0,0,0,0,0,0,30.179044867590648,338.42540255774554,30.179044867590648,0.0
random-s0-0142,voronoi,event,50.0,100.0,30.0,1,0,0,0,0,0,0,19.11600138031966,336.1333359712254,19.11600138031966,0.0
random-s0-0142,voronoi,event,150.0,20.0,30.0,1,0,0,0,0,0,0,30.27029936850721,342.2877994204779,30.27029936850721,0.0
random-s0-0142,voronoi,event,150.0,100.0,30.0,1,0,0,0,0,0,0,21.658037331279928,342.2877994204779,21.658037331279928,0.0
random-s0-0142,prm,once,0.0,20.0,30.0,1,0,1,1,0,1,0,-50.01526876723884,62.40531815791576,-50.01526876723884,1320.000000000001
random-s0-0142,prm,cycle,0.0,20.0,30.0,1,0,0,0,0,0,0,30.042576741986977,337.2850431405427,30.042576741986977,0.0
random-s0-0142,prm,cycle,0.0,100.0,30.0,1,0,1,1,0,0,1,-38.11892367250823,339.6808378262673,-38.11892367250823,99.99999999999991
random-s0-0142,prm,cycle,50.0,20.0,30.0,1,0,0,0,0,0,0,23.73059776210394,337.2850431405427,23.73059776210394,0.0
random-s0-0142,prm,cycle,50.0,100.0,30.0,1,0,0,0,0,0,0,37.11276022524632,250.0099493647796,37.11276022524632,0.0
random-s0-0142,prm,cycle,150.0,20.0,30.0,1,0,0,0,0,0,0,24.48134165047188,182.80673151306075,24.48134165047188,0.0
random-s0-0142,prm,cycle,150.0,100.0,30.0,1,0,0,0,0,0,0,64.76382076918472,342.2877994204779,64.76382076918472,0.0
random-s0-0142,prm,event,0.0,20.0,30.0,1,0,0,0,0,0,0,32.47222208807156,337.2850431405427,32.47222208807156,0.0
random-s0-0142,prm,event,0.0,100.0,30.0,1,0,1,1,0,1,0,-31.79110220698101,66.81299336657048,-31.79110220698101,460.0000000000001
random-s0-0142,prm,event,50.0,20.0,30.0,1,0,0,0,0,0,0,51.48936156511144,337.2850431405427,51.48936156511144,0.0
random-s0-0142,prm,event,50.0,100.0,30.0,1,0,1,1,0,1,0,-31.79110220698101,66.81299336657048,-31.79110220698101,460.0000000000001
random-s0-0142,prm,event,150.0,20.0,30.0,1,0,0,0,0,0,0,50.92230470872951,337.2850431405427,50.92230470872951,0.0
random-s0-0142,prm,event,150.0,100.0,30.0,1,0,1,1,0,1,0,-4.042266778453751,274.1590731553917,-4.042266778453751,20.0
random-s0-0142,visibility,once,0.0,20.0,30.0,1,0,2,2,0,1,1,-7.814277566040516,240.8924617569549,-7.814277566040516,200.0
random-s0-0142,visibility,cycle,0.0,20.0,30.0,1,0,2,2,0,1,1,-7.814277566040573,240.89246175695496,-7.814277566040573,200.0
random-s0-0142,visibility,cycle,0.0,100.0,30.0,1,0,2,2,0,1,1,-7.814277566040602,240.89246175695504,-7.814277566040602,200.0
random-s0-0142,visibility,cycle,50.0,20.0,30.0,1,0,2,2,0,1,1,-7.814277566040573,240.89246175695496,-7.814277566040573,200.0
random-s0-0142,visibility,cycle,50.0,100.0,30.0,1,0,2,2,0,1,1,-7.814277566040602,240.89246175695504,-7.814277566040602,200.0
random-s0-0142,visibility,cycle,150.0,20.0,30.0,1,0,2,2,0,0,2,-33.42892804829714,340.5224299587836,-33.42892804829714,700.0000000000003
random-s0-0142,visibility,cycle,150.0,100.0,30.0,1,0,2,2,0,1,1,-7.814277566040602,240.89246175695504,-7.814277566040602,200.0
random-s0-0142,visibility,event,0.0,20.0,30.0,1,0,2,2,0,1,1,-7.814277566040573,240.89246175695496,-7.814277566040573,200.0
random-s0-0142,visibility,event,0.0,100.0,30.0,1,0,2,2,0,1,1,-7.814277566040602,240.89246175695504,-7.814277566040602,200.0
random-s0-0142,visibility,event,50.0,20.0,30.0,1,0,2,2,0,1,1,-7.814277566040573,240.89246175695496,-7.814277566040573,200.0
random-s0-0142,visibility,event,50.0,100.0,30.0,1,0,2,2,0,1,1,-7.814277566040602,240.89246175695504,-7.814277566040602,200.0
random-s0-0142,visibility,event,150.0,20.0,30.0,1,0,2,2,0,0,2,-33.42892804829714,340.5224299587836,-33.42892804829714,700.0000000000003
random-s0-0142,visibility,event,150.0,100.0,30.0,1,0,2,2,0,1,1,-7.814277566040602,240.89246175695504,-7.814277566040602,200.0
random-s0-0143,voronoi,once,0.0,20.0,30.0,1,0,1,0,1,0,0,-102.94314407427552,-102.94314407427552,220.65826356318183,60.0
random-s0-0143,voronoi,cycle,0.0,20.0,30.0,1,0,0,0,0,0,0,55.38890317687245,578.1923539129261,55.38890317687245,0.0
random-s0-0143,voronoi,cycle,0.0,100.0,30.0,1,0,0,0,0,0,0,61.527653243571,247.8923131116217,61.527653243571,0.0
random-s0-0143,voronoi,cycle,50.0,20.0,30.0,1,0,0,0,0,0,0,27.475090145818683,335.209073012394,27.475090145818683,0.0
random-s0-0143,voronoi,cycle,50.0,100.0,30.0,1,0,0,0,0,0,0,123.53692556619922,577.3986055255269,123.53692556619922,0.0
random-s0-0143,voronoi,cycle,150.0,20.0,30.0,1,0,0,0,0,0,0,98.57695130013354,299.0426521168647,98.57695130013354,0.0
random-s0-0143,voronoi,cycle,150.0,100.0,30.0,1,0,0,0,0,0,0,32.89059330779924,419.1280777855159,32.89059330779924,0.0
random-s0-0143,voronoi,event,0.0,20.0,30.0,1,0,1,0,1,0,0,-3.196971837485449,-3.196971837485449,125.46804722928084,20.0
random-s0-0143,voronoi,event,0.0,100.0,30.0,1,0,1,0,1,0,0,-57.89145089749009,-57.89145089749009,98.18988268607325,80.0
random-s0-0143,voronoi,event,50.0,20.0,30.0,1,0,0,0,0,0,0,73.46259171349098,185.3895860055173,73.46259171349098,0.0
random-s0-0143,voronoi,event,50.0,100.0,30.0,1,0,0,0,0,0,0,66.20706289463888,296.34028515053967,66.20706289463888,0.0
random-s0-0143,voronoi,event,150.0,20.0,30.0,1,0,0,0,0,0,0,104.1291099215626,322.3779282948448,104.1291099215626,0.0
random-s0-0143,voronoi,event,150.0,100.0,30.0,1,0,0,0,0,0,0,103.0639097061158,419.1280777855159,103.0639097061158,0.0
random-s0-0143,prm,once,0.0,20.0,30.0,1,0,1,0,1,0,0,-86.7903491368703,-86.7903491368703,220.65826356318183,40.0
random-s0-0143,prm,cycle,0.0,20.0,30.0,1,0,0,0,0,0,0,31.224776564886724,306.3676410859068,31.224776564886724,0.0
random-s0-0143,prm,cycle,0.0,100.0,30.0,1,0,0,0,0,0,0,36.70741460984385,176.68818937512395,36.70741460984385,0.0
random-s0-0143,prm,cycle,50.0,20.0,30.0,1,0,0,0,0,0,0,31.224776564886724,357.5997405182155,31.224776564886724,0.0
random-s0-0143,prm,cycle,50.0,100.0,30.0,1,0,0,0,0,0,0,36.70741460984385,452.4539005733956,36.70741460984385,0.0
random-s0-0143,prm,cycle,150.0,20.0,30.0,1,0,0,0,0,0,0,57.88828706947169,241.523074957863,57.88828706947169,0.0
random-s0-0143,prm,cycle,150.0,100.0,30.0,1,0,0,0,0,0,0,36.70741460984385,353.72010815624594,36.70741460984385,0.0
random-s0-0143,prm,event,0.0,20.0,30.0,1,0,0,0,0,0,0,29.7899600648974,298.7365072631289,29.7899600648974,0.0
random-s0-0143,prm,event,0.0,100.0,30.0,1,0,0,0,0,0,0,36.70741460984385,176.68818937512395,36.70741460984385,0.0
random-s0-0143,prm,event,50.0,20.0,30.0,1,0,0,0,0,0,0,31.224776564886724,361.5275653943287,31.224776564886724,0.0
random-s0-0143,prm,event,50.0,100.0,30.0,1,0,0,0,0,0,0,36.70741460984385,349.95237776865486,36.70741460984385,0.0
random-s0-0143,prm,event,150.0,20.0,30.0,1,0,0,0,0,0,0,30.636839292065872,166.8078348677975,30.636839292065872,0.0
random-s0-0143,prm,event,150.0,100.0,30.0,1,0,0,0,0,0,0,36.70741460984385,353.72010815624594,36.70741460984385,0.0
random-s0-0143,visibility,once,0.0,20.0,30.0,1,0,1,1,0,0,1,-52.902575181814456,276.6473347909026,-52.902575181814456,360.00000000000006
random-s0-0143,visibility,cycle,0.0,20.0,30.0,1,0,1,1,0,1,0,-92.85242024011004,271.1827877177449,-92.85242024011004,320.0
random-s0-0143,visibility,cycle,0.0,100.0,30.0,1,0,1,1,0,1,0,-114.33347940543352,265.94424980766644,-114.33347940543352,340.0
random-s0-0143,visibility,cycle,50.0,20.0,30.0,1,0,1,1,0,1,0,-75.15172071973566,341.2028042620328,-75.15172071973566,259.99999999999994
random-s0-0143,visibility,cycle,50.0,100.0,30.0,1,0,1,1,0,1,0,-84.09429240639483,288.54785802527954,-84.09429240639483,300.0
random-s0-0143,visibility,cycle,150.0,20.0,30.0,1,0,1,1,0,1,0,-35.30048782816928,334.770229889118,-35.30048782816928,100.0
random-s0-0143,visibility,cycle,150.0,100.0,30.0,1,0,2,2,0,2,0,-39.15206547938382,129.20494703690673,-39.15206547938382,259.9999999999997
random-s0-0143,visibility,event,0.0,20.0,30.0,1,0,1,1,0,1,0,-99.2672247731207,269.731329210937,-99.2672247731207,340.0
random-s0-0143,visibility,event,0.0,100.0,30.0,1,0,1,1,0,1,0,-115.26794380357364,266.178446172572,-115.26794380357364,360.00000000000006
random-s0-0143,visibility,event,50.0,20.0,30.0,1,0,1,1,0,1,0,-78.15063708932198,320.1601273531146,-78.15063708932198,279.99999999999994
random-s0-0143,visibility,event,50.0,100.0,30.0,1,0,1,1,0,1,0,-85.86729234664786,288.6285907721245,-85.86729234664786,300.0
random-s0-0143,visibility,event,150.0,20.0,30.0,1,0,1,1,0,1,0,-36.06683499319803,125.37049256207212,-36.06683499319803,100.0
random-s0-0143,visibility,event,150.0,100.0,30.0,1,0,2,2,0,2,0,-40.02473657131844,200.2774039480909,-40.02473657131844,140.0
random-s0-0144,voronoi,once,0.0,20.0,30.0,1,0,0,0,0,0,0,83.20058283458854,385.2172768264997,83.20058283458854,0.0
random-s0-0144,voronoi,cycle,0.0,20.0,30.0,1,0,0,0,0,0,0,95.05100623214145,95.05100623214145,198.1143612781692,0.0
random-s0-0144,voronoi,cycle,0.0,100.0,30.0,1,0,0,0,0,0,0,28.610163284209648,28.610163284209648,197.9799253993624,0.0
random-s0-0144,voronoi,cycle,50.0,20.0,30.0,1,0,0,0,0,0,0,190.96558941169536,190.96558941169536,197.73144575867303,0.0
random-s0-0144,voronoi,cycle,50.0,100.0,30.0,1,0,0,0,0,0,0,36.81719062892614,181.71297604303717,36.81719062892614,0.0
random-s0-0144,voronoi,cycle,150.0,20.0,30.0,1,0,0,0,0,0,0,116.62306504141202,374.4440339123706,116.62306504141202,0.0
random-s0-0144,voronoi,cycle,150.0,100.0,30.0,1,0,0,0,0,0,0,203.2669353193369,469.1960224545989,203.2669353193369,0.0
random-s0-0144,voronoi,event,0.0,20.0,30.0,1,0,0,0,0,0,0,49.74808848672748,49.74808848672748,117.58950769948224,0.0
random-s0-0144,voronoi,event,0.0,100.0,30.0,1,0,0,0,0,0,0,160.87084387936807,204.5573597460886,160.87084387936807,0.0
random-s0-0144,voronoi,event,50.0,20.0,30.0,1,0,0,0,0,0,0,85.90314455853655,106.24951390864236,85.90314455853655,0.0
random-s0-0144,voronoi,event,50.0,100.0,30.0,1,0,0,0,0,0,0,37.22943085017593,80.72688169509354,37.22943085017593,0.0
random-s0-0144,voronoi,event,150.0,20.0,30.0,1,0,0,0,0,0,0,56.818265929561846,382.2815868973698,56.818265929561846,0.0
random-s0-0144,voronoi,event,150.0,100.0,30.0,1,0,0,0,0,0,0,84.95013260334048,382.15048188460105,84.95013260334048,0.0
random-s0-0144,prm,once,0.0,20.0,30.0,1,0,2,1,1,1,0,-134.457922541571,-25.780080756558533,-134.457922541571,380.00000000000006
random-s0-0144,prm,cycle,0.0,20.0,30.0,1,0,0,0,0,0,0,183.58869579687732,183.58869579687732,215.4777052862113,0.0
random-s0-0144,prm,cycle,0.0,100.0,30.0,1,0,2,0,2,0,0,-85.0036382568927,-85.0036382568927,140.70849224868073,79.9999999999999
random-s0-0144,prm,cycle,50.0,20.0,30.0,1,0,0,0,0,0,0,198.53573619328745,230.3802740474971,198.53573619328745,0.0
random-s0-0144,prm,cycle,50.0,100.0,30.0,1,0,0,0,0,0,0,200.0930032039652,218.49253044662944,200.0930032039652,0.0
random-s0-0144,prm,cycle,150.0,20.0,30.0,1,0,0,0,0,0,0,205.5754680797448,285.65435405968924,205.5754680797448,0.0
random-s0-0144,prm,cycle,150.0,100.0,30.0,1,0,0,0,0,0,0,148.54444283737655,179.13226623894923,148.54444283737655,0.0
random-s0-0144,prm,event,0.0,20.0,30.0,1,0,0,0,0,0,0,53.26765433990582,100.57593641105802,53.26765433990582,0.0
random-s0-0144,prm,event,0.0,100.0,30.0,1,0,1,0,1,0,0,-88.48202799090856,-88.48202799090856,124.52247259207712,360.00000000000006
random-s0-0144,prm,event,50.0,20.0,30.0,1,0,0,0,0,0,0,72.65856350722333,302.2050755458547,72.65856350722333,0.0
random-s0-0144,prm,event,50.0,100.0,30.0,1,0,1,0,1,0,0,-59.19838019481578,-59.19838019481578,74.75370521659431,60.0
random-s0-0144,prm,event,150.0,20.0,30.0,1,0,0,0,0,0,0,92.38672376841517,218.1470491893485,92.38672376841517,0.0
random-s0-0144,prm,event,150.0,100.0,30.0,1,0,0,0,0,0,0,114.16444170014688,114.16444170014688,201.89098714646255,0.0
random-s0-0144,visibility,once,0.0,20.0,30.0,1,0,0,0,0,0,0,49.94182675554305,83.9515719583083,49.94182675554305,0.0
random-s0-0144,visibility,cycle,0.0,20.0,30.0,1,0,0,0,0,0,0,30.24993936928536,135.0680260086868,30.24993936928536,0.0
random-s0-0144,visibility,cycle,0.0,100.0,30.0,1,0,0,0,0,0,0,31.324850209706256,145.8203909382986,31.324850209706256,0.0
random-s0-0144,visibility,cycle,50.0,20.0,30.0,1,0,0,0,0,0,0,35.75469090446671,198.36248858991848,35.75469090446671,0.0
random-s0-0144,visibility,cycle,50.0,100.0,30.0,1,0,0,0,0,0,0,35.110774051587924,206.4857296828647,35.110774051587924,0.0
random-s0-0144,visibility,cycle,150.0,20.0,30.0,1,0,0,0,0,0,0,61.54743878973434,216.9903114399024,61.54743878973434,0.0
random-s0-0144,visibility,cycle,150.0,100.0,30.0,1,0,1,0,1,0,0,-26.85512236694518,-26.85512236694518,37.57384748510955,279.99999999999994
random-s0-0144,visibility,event,0.0,20.0,30.0,1,0,0,0,0,0,0,31.20377927911477,225.613461989881,31.20377927911477,0.0
random-s0-0144,visibility,event,0.0,100.0,30.0,1,0,0,0,0,0,0,33.55404149161251,176.95075765999366,33.55404149161251,0.0
random-s0-0144,visibility,event,50.0,20.0,30.0,1,0,0,0,0,0,0,33.70636220847365,94.45241156734916,33.70636220847365,0.0
random-s0-0144,visibility,event,50.0,100.0,30.0,1,0,0,0,0,0,0,34.407604339569616,319.32318998489967,34.407604339569616,0.0
random-s0-0144,visibility,event,150.0,20.0,30.0,1,0,0,0,0,0,0,43.51942310955067,207.37584257512952,43.51942310955067,0.0
random-s0-0144,visibility,event,150.0,100.0,30.0,1,0,0,0,0,0,0,37.75547902293621,136.85187976052276,37.75547902293621,0.0
random-s0-0145,voronoi,once,0.0,20.0,30.0,1,0,1,1,0,1,0,-97.82550255764372,374.623357817897,-97.82550255764372,340.0
random-s0-0145,voronoi,cycle,0.0,20.0,30.0,1,0,0,0,0,0,0,37.37661171061725,226.5111379509436,37.37661171061725,0.0
random-s0-0145,voronoi,cycle,0.0,100.0,30.0,1,0,1,1,0,1,0,-18.03572361623057,144.12737241034682,-18.03572361623057,160.0
random-s0-0145,voronoi,cycle,50.0,20.0,30.0,1,0,0,0,0,0,0,39.37605144954196,108.46638362260302,39.37605144954196,0.0
random-s0-0145,voronoi,cycle,50.0,100.0,30.0,1,0,0,0,0,0,0,45.3721483013708,123.45316479560915,45.3721483013708,0.0
random-s0-0145,voronoi,cycle,150.0,20.0,30.0,1,0,0,0,0,0,0,84.44756654337829,125.90918750958718,84.44756654337829,0.0
random-s0-0145,voronoi,cycle,150.0,100.0,30.0,1,0,0,0,0,0,0,71.39482599692946,76.8896595929483,71.39482599692946,0.0
random-s0-0145,voronoi,event,0.0,20.0,30.0,1,0,0,0,0,0,0,15.76096958102903,136.01706086048915,15.76096958102903,0.0
random-s0-0145,voronoi,event,0.0,100.0,30.0,1,0,0,0,0,0,0,2.732736727179514,126.4770272267233,2.732736727179514,0.0
random-s0-0145,voronoi,event,50.0,20.0,30.0,1,0,0,0,0,0,0,1.226237771312924,48.33150040858101,1.226237771312924,0.0
random-s0-0145,voronoi,event,50.0,100.0,30.0,1,0,0,0,0,0,0,31.518243461081425,31.518243461081425,40.101902889806894,0.0
random-s0-0145,voronoi,event,150.0,20.0,30.0,1,0,0,0,0,0,0,76.63390501605136,118.89266221113678,76.63390501605136,0.0
random-s0-0145,voronoi,event,150.0,100.0,30.0,1,0,0,0,0,0,0,72.82026610834663,78.70813654722099,72.82026610834663,0.0
random-s0-0145,prm,once,0.0,20.0,30.0,1,0,4,2,2,1,1,-137.55043849618417,-44.6293433417901,-137.55043849618417,460.0000000000001
random-s0-0145,prm,cycle,0.0,20.0,30.0,1,0,1,0,1,0,0,-174.76139332919297,-174.76139332919297,33.294050923147864,400.0
random-s0-0145,prm,cycle,0.0,100.0,30.0,1,0,2,0,2,0,0,-137.55777460345433,-137.55777460345433,54.85592043837522,440.00000000000006
random-s0-0145,prm,cycle,50.0,20.0,30.0,1,0,0,0,0,0,0,31.364825455057883,64.10687984224657,31.364825455057883,0.0
random-s0-0145,prm,cycle,50.0,100.0,30.0,1,0,1,1,0,1,0,-15.949797503310322,52.42234177103063,-15.949797503310322,100.0
random-s0-0145,prm,cycle,150.0,20.0,30.0,1,0,0,0,0,0,0,50.96056348314565,50.96056348314565,68.3231800768275,0.0
random-s0-0145,prm,cycle,150.0,100.0,30.0,1,0,0,0,0,0,0,51.04361602598607,370.5949816876059,51.04361602598607,0.0
random-s0-0145,prm,event,0.0,20.0,30.0,1,0,1,0,1,0,0,-81.85828907701375,-81.85828907701375,35.840537801479854,279.99999999999994
random-s0-0145,prm,event,0.0,100.0,30.0,1,0,0,0,0,0,0,9.122979377511427,9.122979377511427,74.73948321805793,0.0
random-s0-0145,prm,event,50.0,20.0,30.0,1,0,0,0,0,0,0,31.364825455057883,37.80039692086953,31.364825455057883,0.0
random-s0-0145,prm,event,50.0,100.0,30.0,1,0,0,0,0,0,0,66.01106866386587,66.01106866386587,79.75822791456972,0.0
random-s0-0145,prm,event,150.0,20.0,30.0,1,0,0,0,0,0,0,79.75822791456977,186.714417674854,79.75822791456977,0.0
random-s0-0145,prm,event,150.0,100.0,30.0,1,0,0,0,0,0,0,51.04361602598607,415.0633916022243,51.04361602598607,0.0
random-s0-0145,visibility,once,0.0,20.0,30.0,1,0,1,1,0,0,1,-14.159077903314085,151.3597629271487,-14.159077903314085,80.0
random-s0-0145,visibility,cycle,0.0,20.0,30.0,1,0,0,0,0,0,0,17.56362762396367,260.0600368528071,17.56362762396367,0.0
random-s0-0145,visibility,cycle,0.0,100.0,30.0,1,0,0,0,0,0,0,8.94633063402432,224.47785264812,8.94633063402432,0.0
random-s0-0145,visibility,cycle,50.0,20.0,30.0,1,0,0,0,0,0,0,29.37190450222829,319.1387902600589,29.37190450222829,0.0
random-s0-0145,visibility,cycle,50.0,100.0,30.0,1,0,0,0,0,0,0,20.856829299070256,204.4513719322764,20.856829299070256,0.0
random-s0-0145,visibility,cycle,150.0,20.0,30.0,1,0,1,0,1,0,0,-12.74052724061815,-12.74052724061815,20.27868966877648,460.0000000000001
random-s0-0145,visibility,cycle,150.0,100.0,30.0,1,0,5,4,1,2,2,-97.82550255764372,-14.120946055979203,-97.82550255764372,1360.000000000001
random-s0-0145,visibility,event,0.0,20.0,30.0,1,0,0,0,0,0,0,10.883494025882868,239.3175601381432,10.883494025882868,0.0
random-s0-0145,visibility,event,0.0,100.0,30.0,1,0,1,1,0,1,0,-19.759457612959125,224.47785264812,-19.759457612959125,120.0
random-s0-0145,visibility,event,50.0,20.0,30.0,1,0,1,1,0,1,0,-154.35604274490012,216.8400472148832,-154.35604274490012,300.0
random-s0-0145,visibility,event,50.0,100.0,30.0,1,0,1,1,0,1,0,-19.759457612959125,231.10488962860825,-19.759457612959125,120.0
random-s0-0145,visibility,event,150.0,20.0,30.0,1,0,0,0,0,0,0,4.82393222285171,167.1947543593273,4.82393222285171,0.0
random-s0-0145,visibility,event,150.0,100.0,30.0,1,0,1,1,0,1,0,-140.31944446495746,112.1771612205709,-140.31944446495746,279.99999999999994
random-s0-0146,voronoi,once,0.0,20.0,30.0,1,0,2,0,2,0,0,-167.8207198692504,-167.8207198692504,12.997913487363746,640.0000000000002
random-s0-0146,voronoi,cycle,0.0,20.0,30.0,1,0,0,0,0,0,0,12.997913487363576,218.02649083244188,12.997913487363576,0.0
random-s0-0146,voronoi,cycle,0.0,100.0,30.0,1,0,0,0,0,0,0,12.997913487363943,214.5177559233619,12.997913487363943,0.0
random-s0-0146,voronoi,cycle,50.0,20.0,30.0,1,0,0,0,0,0,0,59.32166274837488,312.34484172637497,59.32166274837488,0.0
random-s0-0146,voronoi,cycle,50.0,100.0,30.0,1,0,0,0,0,0,0,127.3057802784304,182.45298188471293,127.3057802784304,0.0
random-s0-0146,voronoi,cycle,150.0,20.0,30.0,1,0,0,0,0,0,0,289.7732988330558,315.4104181963501,289.7732988330558,0.0
random-s0-0146,voronoi,cycle,150.0,100.0,30.0,1,0,0,0,0,0,0,289.7732988330558,431.5496930463238,289.7732988330558,0.0
random-s0-0146,voronoi,event,0.0,20.0,30.0,1,0,0,0,0,0,0,12.997913487363576,44.7680409549838,12.997913487363576,0.0
random-s0-0146,voronoi,event,0.0,100.0,30.0,1,0,0,0,0,0,0,12.997913487363943,29.10353758581792,12.997913487363943,0.0
random-s0-0146,voronoi,event,50.0,20.0,30.0,1,0,0,0,0,0,0,59.32166274837488,161.01464916403938,59.32166274837488,0.0
random-s0-0146,voronoi,event,50.0,100.0,30.0,1,0,0,0,0,0,0,127.3057802784304,159.9435574180768,127.3057802784304,0.0
random-s0-0146,voronoi,event,150.0,20.0,30.0,1,0,0,0,0,0,0,265.0440408875492,265.0440408875492,289.7732988330558,0.0
random-s0-0146,voronoi,event,150.0,100.0,30.0,1,0,0,0,0,0,0,240.0827122553399,240.0827122553399,289.7732988330558,0.0
random-s0-0146,prm,once,0.0,20.0,30.0,1,0,1,0,1,0,0,-36.916849345015805,-36.916849345015805,12.997913487363746,60.0
random-s0-0146,prm,cycle,0.0,20.0,30.0,1,0,0,0,0,0,0,45.38615853857857,174.67992369533022,45.38615853857857,0.0
random-s0-0146,prm,cycle,0.0,100.0,30.0,1,0,0,0,0,0,0,121.3788820570844,177.84102998641157,121.3788820570844,0.0
random-s0-0146,prm,cycle,50.0,20.0,30.0,1,0,0,0,0,0,0,61.12105667653671,269.53454139917375,61.12105667653671,0.0
random-s0-0146,prm,cycle,50.0,100.0,30.0,1,0,0,0,0,0,0,129.54543380727222,249.35186623732525,129.54543380727222,0.0
random-s0-0146,prm,cycle,150.0,20.0,30.0,1,0,0,0,0,0,0,93.99954347524756,93.99954347524756,187.0459887810057,0.0
random-s0-0146,prm,cycle,150.0,100.0,30.0,1,0,0,0,0,0,0,289.7732988330558,372.5497810708697,289.7732988330558,0.0
random-s0-0146,prm,event,0.0,20.0,30.0,1,0,0,0,0,0,0,45.38615853857857,108.37361741645653,45.38615853857857,0.0
random-s0-0146,prm,event,0.0,100.0,30.0,1,0,0,0,0,0,0,65.87483841426302,222.46124266846888,65.87483841426302,0.0
random-s0-0146,prm,event,50.0,20.0,30.0,1,0,0,0,0,0,0,73.5664662497017,240.4793923685391,73.5664662497017,0.0
random-s0-0146,prm,event,50.0,100.0,30.0,1,0,0,0,0,0,0,129.54543380727222,234.5251836811562,129.54543380727222,0.0
random-s0-0146,prm,event,150.0,20.0,30.0,1,0,0,0,0,0,0,208.20229870477172,458.0730255773901,208.20229870477172,0.0
random-s0-0146,prm,event,150.0,100.0,30.0,1,0,0,0,0,0,0,204.606831329558,431.45396056440654,204.606831329558,0.0
random-s0-0146,visibility,once,0.0,20.0,30.0,1,0,0,0,0,0,0,12.997913487363746,53.224168836660965,12.997913487363746,0.0
random-s0-0146,visibility,cycle,0.0,20.0,30.0,1,0,1,1,0,1,0,-27.709884752006644,163.33436923600135,-27.709884752006644,120.0
random-s0-0146,visibility,cycle,0.0,100.0,30.0,1,0,1,1,0,1,0,-35.36886466339479,170.0804683176376,-35.36886466339479,239.9999999999997
random-s0-0146,visibility,cycle,50.0,20.0,30.0,1,0,1,1,0,1,0,-40.16249314810992,235.49212187931863,-40.16249314810992,259.99999999999983
random-s0-0146,visibility,cycle,50.0,100.0,30.0,1,0,1,1,0,1,0,-45.70940749358607,263.46600745443453,-45.70940749358607,259.9999999999998
random-s0-0146,visibility,cycle,150.0,20.0,30.0,1,0,1,1,0,1,0,-2.517996247135102,43.83283082413331,-2.517996247135102,60.0
random-s0-0146,visibility,cycle,150.0,100.0,30.0,1,0,2,1,1,1,0,-91.62694803071494,-91.62694803071494,-9.763532059446447,519.9999999999997
random-s0-0146,visibility,event,0.0,20.0,30.0,1,0,1,1,0,1,0,-28.67120671877524,179.86941184967134,-28.67120671877524,120.0
random-s0-0146,visibility,event,0.0,100.0,30.0,1,0,1,1,0,1,0,-28.671206718775096,175.45530285099255,-28.671206718775096,119.99999999999984
random-s0-0146,visibility,event,50.0,20.0,30.0,1,0,1,1,0,1,0,-36.75091948234069,244.6877738691668,-36.75091948234069,259.99999999999983
random-s0-0146,visibility,event,50.0,100.0,30.0,1,0,1,1,0,1,0,-55.12810115494953,269.25482181935865,-55.12810115494953,259.99999999999966
random-s0-0146,visibility,event,150.0,20.0,30.0,1,0,1,1,0,1,0,-8.273997646363341,121.02827094373656,-8.273997646363341,100.0
random-s0-0146,visibility,event,150.0,100.0,30.0,1,0,2,1,1,1,0,-91.62694803071494,-91.62694803071494,-22.01097412039121,499.99999999999966
random-s0-0147,voronoi,once,0.0,20.0,30.0,1,0,2,0,2,0,0,-56.47745022294602,-56.47745022294602,396.651548891208,180.0
random-s0-0147,voronoi,cycle,0.0,20.0,30.0,1,0,0,0,0,0,0,38.9648464381616,63.72945481537485,38.9648464381616,0.0
random-s0-0147,voronoi,cycle,0.0,100.0,30.0,1,0,0,0,0,0,0,5.924308276431503,5.924308276431503,53.08860749719719,0.0
random-s0-0147,voronoi,cycle,50.0,20.0,30.0,1,0,0,0,0,0,0,92.07800942569712,125.4314595508992,92.07800942569712,0.0
random-s0-0147,voronoi,cycle,50.0,100.0,30.0,1,0,0,0,0,0,0,53.08860749719719,63.70313674894558,53.08860749719719,0.0
random-s0-0147,voronoi,cycle,150.0,20.0,30.0,1,0,0,0,0,0,0,28.41549227868518,331.95721850797423,28.41549227868518,0.0
random-s0-0147,voronoi,cycle,150.0,100.0,30.0,1,0,0,0,0,0,0,182.0882982393457,315.12169532864806,182.0882982393457,0.0
random-s0-0147,voronoi,event,0.0,20.0,30.0,1,0,0,0,0,0,0,38.9648464381616,106.68282259712726,38.9648464381616,0.0
random-s0-0147,voronoi,event,0.0,100.0,30.0,1,0,0,0,0,0,0,53.08860749719719,106.68282259712709,53.08860749719719,0.0
random-s0-0147,voronoi,event,50.0,20.0,30.0,1,0,0,0,0,0,0,92.07800942569712,131.33624585028792,92.07800942569712,0.0
random-s0-0147,voronoi,event,50.0,100.0,30.0,1,0,0,0,0,0,0,53.08860749719719,113.75190166877024,53.08860749719719,0.0
random-s0-0147,voronoi,event,150.0,20.0,30.0,1,0,0,0,0,0,0,238.96297880154287,238.96297880154287,311.82118170951617,0.0
random-s0-0147,voronoi,event,150.0,100.0,30.0,1,0,0,0,0,0,0,101.06522562588088,114.37055128057114,101.06522562588088,0.0
random-s0-0147,prm,once,0.0,20.0,30.0,1,0,2,0,2,0,0,-56.47745022294602,-56.47745022294602,38.57074207677272,140.0
random-s0-0147,prm,cycle,0.0,20.0,30.0,1,0,0,0,0,0,0,31.831864264807194,41.976759638316224,31.831864264807194,0.0
random-s0-0147,prm,cycle,0.0,100.0,30.0,1,0,0,0,0,0,0,34.06784155596898,99.45110240408836,34.06784155596898,0.0
random-s0-0147,prm,cycle,50.0,20.0,30.0,1,0,0,0,0,0,0,67.58079042753809,67.58079042753809,227.979199382428,0.0
random-s0-0147,prm,cycle,50.0,100.0,30.0,1,0,0,0,0,0,0,34.06784155596898,68.03643080019461,34.06784155596898,0.0
random-s0-0147,prm,cycle,150.0,20.0,30.0,1,0,0,0,0,0,0,155.09507718890836,258.18840769912595,155.09507718890836,0.0
random-s0-0147,prm,cycle,150.0,100.0,30.0,1,0,0,0,0,0,0,31.51530828831929,361.6406437448303,31.51530828831929,0.0
random-s0-0147,prm,event,0.0,20.0,30.0,1,0,0,0,0,0,0,31.831864264807194,44.68114754766916,31.831864264807194,0.0
random-s0-0147,prm,event,0.0,100.0,30.0,1,0,2,0,2,0,0,-33.51415497687259,-33.51415497687259,34.06784155596898,140.0
random-s0-0147,prm,event,50.0,20.0,30.0,1,0,0,0,0,0,0,31.831864264807194,97.22215019820754,31.831864264807194,0.0
random-s0-0147,prm,event,50.0,100.0,30.0,1,0,1,0,1,0,0,-12.251549895094795,-12.251549895094795,34.06784155596898,99.99999999999991
random-s0-0147,prm,event,150.0,20.0,30.0,1,0,0,0,0,0,0,31.831864264807194,288.89854554030273,31.831864264807194,0.0
random-s0-0147,prm,event,150.0,100.0,30.0,1,0,0,0,0,0,0,34.06784155596898,262.9004248377469,34.06784155596898,0.0
random-s0-0147,visibility,once,0.0,20.0,30.0,1,0,1,0,1,0,0,-56.47745022294602,-56.47745022294602,46.99318818444357,40.0
random-s0-0147,visibility,cycle,0.0,20.0,30.0,1,0,0,0,0,0,0,32.09612738449994,68.56365200034926,32.09612738449994,0.0
random-s0-0147,visibility,cycle,0.0,100.0,30.0,1,0,0,0,0,0,0,32.07069508203935,77.38503412443902,32.07069508203935,0.0
random-s0-0147,visibility,cycle,50.0,20.0,30.0,1,0,0,0,0,0,0,39.79881951729942,60.71053069867037,39.79881951729942,0.0
random-s0-0147,visibility,cycle,50.0,100.0,30.0,1,0,0,0,0,0,0,32.07069508203935,95.8589750096986,32.07069508203935,0.0
random-s0-0147,visibility,cycle,150.0,20.0,30.0,1,0,0,0,0,0,0,163.5267312472351,442.8715831247322,163.5267312472351,0.0
random-s0-0147,visibility,cycle,150.0,100.0,30.0,1,0,0,0,0,0,0,32.07069508203935,402.704453336661,32.07069508203935,0.0
random-s0-0147,visibility,event,0.0,20.0,30.0,1,0,0,0,0,0,0,32.09612738449994,69.34890121443368,32.09612738449994,0.0
random-s0-0147,visibility,event,0.0,100.0,30.0,1,0,0,0,0,0,0,32.07069508203935,91.69675175681294,32.07069508203935,0.0
random-s0-0147,visibility,event,50.0,20.0,30.0,1,0,0,0,0,0,0,32.09612738449994,94.77074551151156,32.09612738449994,0.0
random-s0-0147,visibility,event,50.0,100.0,30.0,1,0,0,0,0,0,0,32.07069508203935,110.21536366677236,32.07069508203935,0.0
random-s0-0147,visibility,event,150.0,20.0,30.0,1,0,0,0,0,0,0,54.3697517119908,339.92446174176564,54.3697517119908,0.0
random-s0-0147,visibility,event,150.0,100.0,30.0,1,0,0,0,0,0,0,32.07069508203935,437.6629922835971,32.07069508203935,0.0
random-s0-0148,voronoi,once,0.0,20.0,30.0,1,0,2,0,2,0,0,-122.5131525704785,-122.5131525704785,77.81020668747402,259.99999999999994
random-s0-0148,voronoi,cycle,0.0,20.0,30.0,1,0,1,0,1,0,0,-2.2234315833175917,-2.2234315833175917,5.783359348884829,20.0
random-s0-0148,voronoi,cycle,0.0,100.0,30.0,1,0,1,0,1,0,0,-122.5131525704785,-122.5131525704785,33.53723460244072,40.0
random-s0-0148,voronoi,cycle,50.0,20.0,30.0,1,0,0,0,0,0,0,15.521901366503812,15.521901366503812,27.474774757993657,0.0
random-s0-0148,voronoi,cycle,50.0,100.0,30.0,1,0,1,0,1,0,0,-122.5131525704785,-122.5131525704785,37.54971233642473,40.0
random-s0-0148,voronoi,cycle,150.0,20.0,30.0,1,0,0,0,0,0,0,13.054848710257602,96.0965580713774,13.054848710257602,0.0
random-s0-0148,voronoi,cycle,150.0,100.0,30.0,1,0,1,0,1,0,0,-122.5131525704785,-122.5131525704785,39.12399467307205,40.0
random-s0-0148,voronoi,event,0.0,20.0,30.0,1,0,1,0,1,0,0,-5.039724511559882,-5.039724511559882,48.234423001759325,19.99999999999999
random-s0-0148,voronoi,event,0.0,100.0,30.0,1,0,2,0,2,0,0,-122.5131525704785,-122.5131525704785,84.04322507011773,60.0
random-s0-0148,voronoi,event,50.0,20.0,30.0,1,0,0,0,0,0,0,48.234423001759325,147.7405759632162,48.234423001759325,0.0
random-s0-0148,voronoi,event,50.0,100.0,30.0,1,0,1,0,1,0,0,-122.5131525704785,-122.5131525704785,79.49982948921951,40.0
random-s0-0148,voronoi,event,150.0,20.0,30.0,1,0,0,0,0,0,0,30.042026256419376,114.16303881687791,30.042026256419376,0.0
random-s0-0148,voronoi,event,150.0,100.0,30.0,1,0,1,0,1,0,0,-122.5131525704785,-122.5131525704785,41.985864537651935,40.0
random-s0-0148,prm,once,0.0,20.0,30.0,1,0,1,0,1,0,0,-122.5131525704785,-122.5131525704785,116.37082682749542,40.0
random-s0-0148,prm,cycle,0.0,20.0,30.0,1,0,0,0,0,0,0,28.79009736241153,28.79009736241153,33.46994229994266,0.0
random-s0-0148,prm,cycle,0.0,100.0,30.0,1,0,2,0,2,0,0,-122.5131525704785,-122.5131525704785,33.46994229994263,100.0
random-s0-0148,prm,cycle,50.0,20.0,30.0,1,0,1,0,1,0,0,-122.51315257047848,-122.51315257047848,33.46994229994266,40.0
random-s0-0148,prm,cycle,50.0,100.0,30.0,1,0,1,0,1,0,0,-122.5131525704785,-122.5131525704785,33.46994229994263,40.0
random-s0-0148,prm,cycle,150.0,20.0,30.0,1,0,1,0,1,0,0,-122.51315257047848,-122.51315257047848,33.46994229994266,40.0
random-s0-0148,prm,cycle,150.0,100.0,30.0,1,0,1,0,1,0,0,-122.5131525704785,-122.5131525704785,33.46994229994263,40.0
random-s0-0148,prm,event,0.0,20.0,30.0,1,0,0,0,0,0,0,28.79009736241153,28.79009736241153,32.83677441375309,0.0
random-s0-0148,prm,event,0.0,100.0,30.0,1,0,2,0,2,0,0,-122.5131525704785,-122.5131525704785,55.57533635862725,100.0
random-s0-0148,prm,event,50.0,20.0,30.0,1,0,1,0,1,0,0,-122.51315257047848,-122.51315257047848,16.886215998860308,40.0
random-s0-0148,prm,event,50.0,100.0,30.0,1,0,1,0,1,0,0,-122.5131525704785,-122.5131525704785,55.57533635862725,40.0
random-s0-0148,prm,event,150.0,20.0,30.0,1,0,1,0,1,0,0,-122.51315257047848,-122.51315257047848,44.85037649952787,40.0
random-s0-0148,prm,event,150.0,100.0,30.0,1,0,1,0,1,0,0,-122.5131525704785,-122.5131525704785,41.985174135060106,40.0
random-s0-0148,visibility,once,0.0,20.0,30.0,1,0,3,2,1,1,1,-136.68920002454308,-122.5131525704785,-136.68920002454308,300.0
random-s0-0148,visibility,cycle,0.0,20.0,30.0,1,0,2,2,0,1,1,-147.63868875851625,51.37603767286748,-147.63868875851625,500.0000000000001
random-s0-0148,visibility,cycle,0.0,100.0,30.0,1,0,3,2,1,1,1,-158.74710984687653,-122.5131525704785,-158.74710984687653,600.0000000000002
random-s0-0148,visibility,cycle,50.0,20.0,30.0,1,0,3,2,1,0,2,-157.03923856509877,-122.51315257047848,-157.03923856509877,740.0000000000003
random-s0-0148,visibility,cycle,50.0,100.0,30.0,1,0,3,2,1,1,1,-130.59161689293785,-122.5131525704785,-130.59161689293785,580.0000000000002
random-s0-0148,visibility,cycle,150.0,20.0,30.0,1,0,3,2,1,0,2,-143.60826954270317,-122.51315257047848,-143.60826954270317,660.0000000000002
random-s0-0148,visibility,cycle,150.0,100.0,30.0,1,0,3,2,1,0,2,-154.48124163876437,-122.5131525704785,-154.48124163876437,680.0
random-s0-0148,visibility,event,0.0,20.0,30.0,1,0,2,2,0,1,1,-153.46916465326518,51.37603767286748,-153.46916465326518,300.0
random-s0-0148,visibility,event,0.0,100.0,30.0,1,0,3,2,1,1,1,-153.9154774432399,-122.5131525704785,-153.9154774432399,340.0
random-s0-0148,visibility,event,50.0,20.0,30.0,1,0,3,2,1,0,2,-136.0161689163379,-122.51315257047848,-136.0161689163379,760.0000000000003
random-s0-0148,visibility,event,50.0,100.0,30.0,1,0,3,2,1,1,1,-131.91580880754958,-122.5131525704785,-131.91580880754958,340.0
random-s0-0148,visibility,event,150.0,20.0,30.0,1,0,3,2,1,1,1,-153.72633597830992,-122.51315257047848,-153.72633597830992,980.0000000000006
random-s0-0148,visibility,event,150.0,100.0,30.0,1,0,3,2,1,1,1,-122.5131525704785,-122.5131525704785,-62.49074502009593,980.0000000000005
random-s0-0149,voronoi,once,0.0,20.0,30.0,1,0,2,1,1,1,0,-71.2336395124011,-71.2336395124011,-21.88937984754611,440.0000000000001
random-s0-0149,voronoi,cycle,0.0,20.0,30.0,1,0,0,0,0,0,0,45.59517127875188,75.47950869699102,45.59517127875188,0.0
random-s0-0149,voronoi,cycle,0.0,100.0,30.0,1,0,0,0,0,0,0,48.783729291754895,48.783729291754895,65.71280057926097,0.0
random-s0-0149,voronoi,cycle,50.0,20.0,30.0,1,0,0,0,0,0,0,23.413128815175583,105.82322881050744,23.413128815175583,0.0
random-s0-0149,voronoi,cycle,50.0,100.0,30.0,1,0,0,0,0,0,0,34.52824552262405,161.4858269386886,34.52824552262405,0.0
random-s0-0149,voronoi,cycle,150.0,20.0,30.0,1,0,0,0,0,0,0,33.98234309900255,161.4858269386886,33.98234309900255,0.0
random-s0-0149,voronoi,cycle,150.0,100.0,30.0,1,0,0,0,0,0,0,49.6820513942406,161.4858269386886,49.6820513942406,0.0
random-s0-0149,voronoi,event,0.0,20.0,30.0,1,0,0,0,0,0,0,30.818750371344063,91.23021464466916,30.818750371344063,0.0
random-s0-0149,voronoi,event,0.0,100.0,30.0,1,0,0,0,0,0,0,35.861251564949214,91.2302146446691,35.861251564949214,0.0
random-s0-0149,voronoi,event,50.0,20.0,30.0,1,0,0,0,0,0,0,32.321653663311906,150.7379944459915,32.321653663311906,0.0
random-s0-0149,voronoi,event,50.0,100.0,30.0,1,0,0,0,0,0,0,31.75515699305308,161.4858269386886,31.75515699305308,0.0
random-s0-0149,voronoi,event,150.0,20.0,30.0,1,0,0,0,0,0,0,30.95718572859593,161.4858269386886,30.95718572859593,0.0
random-s0-0149,voronoi,event,150.0,100.0,30.0,1,0,0,0,0,0,0,31.832572233097835,161.4858269386886,31.832572233097835,0.0
random-s0-0149,prm,once,0.0,20.0,30.0,1,0,1,0,1,0,0,-58.89992253916654,-58.89992253916654,70.25264516248157,500.0000000000001
random-s0-0149,prm,cycle,0.0,20.0,30.0,1,0,0,0,0,0,0,79.02780215306717,161.4858269386886,79.02780215306717,0.0
random-s0-0149,prm,cycle,0.0,100.0,30.0,1,0,0,0,0,0,0,79.02780215306706,161.4858269386886,79.02780215306706,0.0
random-s0-0149,prm,cycle,50.0,20.0,30.0,1,0,0,0,0,0,0,63.11939500857648,161.4858269386886,63.11939500857648,0.0
random-s0-0149,prm,cycle,50.0,100.0,30.0,1,0,0,0,0,0,0,64.05289239098877,161.4858269386886,64.05289239098877,0.0
random-s0-0149,prm,cycle,150.0,20.0,30.0,1,0,0,0,0,0,0,79.02780215306717,161.4858269386886,79.02780215306717,0.0
random-s0-0149,prm,cycle,150.0,100.0,30.0,1,0,0,0,0,0,0,46.35246915742735,161.4858269386886,46.35246915742735,0.0
random-s0-0149,prm,event,0.0,20.0,30.0,1,0,0,0,0,0,0,79.02780215306717,161.4858269386886,79.02780215306717,0.0
random-s0-0149,prm,event,0.0,100.0,30.0,1,0,0,0,0,0,0,57.51575801616824,161.4858269386886,57.51575801616824,0.0
random-s0-0149,prm,event,50.0,20.0,30.0,1,0,0,0,0,0,0,63.11939500857648,161.4858269386886,63.11939500857648,0.0
random-s0-0149,prm,event,50.0,100.0,30.0,1,0,0,0,0,0,0,64.05289239098877,161.4858269386886,64.05289239098877,0.0
random-s0-0149,prm,event,150.0,20.0,30.0,1,0,0,0,0,0,0,48.98180182276778,161.4858269386886,48.98180182276778,0.0
random-s0-0149,prm,event,150.0,100.0,30.0,1,0,0,0,0,0,0,32.84522859400286,161.4858269386886,32.84522859400286,0.0
random-s0-0149,visibility,once,0.0,20.0,30.0,1,0,0,0,0,0,0,10.324571702452944,161.4858269386886,10.324571702452944,0.0
random-s0-0149,visibility,cycle,0.0,20.0,30.0,1,0,0,0,0,0,0,30.185813490832288,161.4858269386886,30.185813490832288,0.0
random-s0-0149,visibility,cycle,0.0,100.0,30.0,1,0,0,0,0,0,0,32.61564965293894,161.4858269386886,32.61564965293894,0.0
random-s0-0149,visibility,cycle,50.0,20.0,30.0,1,0,0,0,0,0,0,30.969551299732814,161.4858269386886,30.969551299732814,0.0
random-s0-0149,visibility,cycle,50.0,100.0,30.0,1,0,0,0,0,0,0,32.211312939896715,161.4858269386886,32.211312939896715,0.0
random-s0-0149,visibility,cycle,150.0,20.0,30.0,1,0,1,1,0,1,0,-132.41876667411486,161.4858269386886,-132.41876667411486,259.99999999999994
random-s0-0149,visibility,cycle,150.0,100.0,30.0,1,0,0,0,0,0,0,7.585404318282968,161.4858269386886,7.585404318282968,0.0
random-s0-0149,visibility,event,0.0,20.0,30.0,1,0,0,0,0,0,0,23.904305681940485,161.4858269386886,23.904305681940485,0.0
random-s0-0149,visibility,event,0.0,100.0,30.0,1,0,0,0,0,0,0,27.460075706353308,161.4858269386886,27.460075706353308,0.0
random-s0-0149,visibility,event,50.0,20.0,30.0,1,0,0,0,0,0,0,16.905934655980133,161.4858269386886,16.905934655980133,0.0
random-s0-0149,visibility,event,50.0,100.0,30.0,1,0,0,0,0,0,0,26.026023615727013,161.4858269386886,26.026023615727013,0.0
random-s0-0149,visibility,event,150.0,20.0,30.0,1,0,0,0,0,0,0,30.215005073807987,161.4858269386886,30.215005073807987,0.0
random-s0-0149,visibility,event,150.0,100.0,30.0,1,0,0,0,0,0,0,33.06599219565541,161.4858269386886,33.06599219565541,0.0
random-s0-0150,voronoi,once,0.0,20.0,30.0,1,0,0,0,0,0,0,197.61492901450123,197.61492901450123,513.2257496660088,0.0
random-s0-0150,voronoi,cycle,0.0,20.0,30.0,1,0,0,0,0,0,0,301.4757639427387,301.4757639427387,513.2257496660088,0.0
random-s0-0150,voronoi,cycle,0.0,100.0,30.0,1,0,0,0,0,0,0,200.73295684179533,200.73295684179533,513.2257496660088,0.0
random-s0-0150,voronoi,cycle,50.0,20.0,30.0,1,0,0,0,0,0,0,179.88614916202226,179.88614916202226,513.2257496660088,0.0
random-s0-0150,voronoi,cycle,50.0,100.0,30.0,1,0,0,0,0,0,0,513.2257496660088,558.3174663134937,513.2257496660088,0.0
random-s0-0150,voronoi,cycle,150.0,20.0,30.0,1,0,0,0,0,0,0,321.2855856366549,321.2855856366549,513.2257496660088,0.0
random-s0-0150,voronoi,cycle,150.0,100.0,30.0,1,0,0,0,0,0,0,461.1596101113453,461.1596101113453,513.2257496660088,0.0
random-s0-0150,voronoi,event,0.0,20.0,30.0,1,0,0,0,0,0,0,301.4757639427387,301.4757639427387,513.2257496660088,0.0
random-s0-0150,voronoi,event,0.0,100.0,30.0,1,0,0,0,0,0,0,200.73295684179533,200.73295684179533,513.2257496660088,0.0
random-s0-0150,voronoi,event,50.0,20.0,30.0,1,0,0,0,0,0,0,166.83237627795086,166.83237627795086,513.2257496660088,0.0
random-s0-0150,voronoi,event,50.0,100.0,30.0,1,0,0,0,0,0,0,513.2257496660088,558.3174663134937,513.2257496660088,0.0
random-s0-0150,voronoi,event,150.0,20.0,30.0,1,0,0,0,0,0,0,323.45431821486653,323.45431821486653,513.2257496660088,0.0
random-s0-0150,voronoi,event,150.0,100.0,30.0,1,0,0,0,0,0,0,513.2257496660088,528.0404426110834,513.2257496660088,0.0
random-s0-0150,prm,once,0.0,20.0,30.0,1,0,0,0,0,0,0,168.60123905845313,197.61492901450123,168.60123905845313,0.0
random-s0-0150,prm,cycle,0.0,20.0,30.0,1,0,0,0,0,0,0,167.4813866205481,278.15732133368977,167.4813866205481,0.0
random-s0-0150,prm,cycle,0.0,100.0,30.0,1,0,0,0,0,0,0,130.439258085319,130.439258085319,167.59178152011503,0.0
random-s0-0150,prm,cycle,50.0,20.0,30.0,1,0,0,0,0,0,0,167.4813866205481,525.0079776528613,167.4813866205481,0.0
random-s0-0150,prm,cycle,50.0,100.0,30.0,1,0,0,0,0,0,0,167.59178152011503,526.3491289262682,167.59178152011503,0.0
random-s0-0150,prm,cycle,150.0,20.0,30.0,1,0,0,0,0,0,0,167.4813866205481,250.2680280399215,167.4813866205481,0.0
random-s0-0150,prm,cycle,150.0,100.0,30.0,1,0,0,0,0,0,0,167.59178152011503,327.6495463254614,167.59178152011503,0.0
random-s0-0150,prm,event,0.0,20.0,30.0,1,0,0,0,0,0,0,167.4813866205481,278.15732133368977,167.4813866205481,0.0
random-s0-0150,prm,event,0.0,100.0,30.0,1,0,0,0,0,0,0,130.439258085319,130.439258085319,167.59178152011503,0.0
random-s0-0150,prm,event,50.0,20.0,30.0,1,0,0,0,0,0,0,167.4813866205481,526.0752254235664,167.4813866205481,0.0
random-s0-0150,prm,event,50.0,100.0,30.0,1,0,0,0,0,0,0,167.59178152011503,526.5544428335553,167.59178152011503,0.0
random-s0-0150,prm,event,150.0,20.0,30.0,1,0,0,0,0,0,0,167.4813866205481,458.5710540745837,167.4813866205481,0.0
random-s0-0150,prm,event,150.0,100.0,30.0,1,0,0,0,0,0,0,152.8281870778785,152.8281870778785,167.59178152011503,0.0
random-s0-0150,visibility,once,0.0,20.0,30.0,1,0,0,0,0,0,0,166.63659562705783,197.61492901450123,166.63659562705783,0.0
random-s0-0150,visibility,cycle,0.0,20.0,30.0,1,0,0,0,0,0,0,167.12432637074937,338.47486249810936,167.12432637074937,0.0
random-s0-0150,visibility,cycle,0.0,100.0,30.0,1,0,0,0,0,0,0,167.29197522963256,200.73295684179533,167.29197522963256,0.0
random-s0-0150,visibility,cycle,50.0,20.0,30.0,1,0,0,0,0,0,0,167.21730930980806,521.0393980510574,167.21730930980806,0.0
random-s0-0150,visibility,cycle,50.0,100.0,30.0,1,0,1,0,1,0,0,-32.0241033775462,-32.0241033775462,167.29197522963256,59.99999999999992
random-s0-0150,visibility,cycle,150.0,20.0,30.0,1,0,0,0,0,0,0,167.23888370422253,524.6436878865999,167.23888370422253,0.0
random-s0-0150,visibility,cycle,150.0,100.0,30.0,1,0,1,0,1,0,0,-28.75968478121922,-28.75968478121922,167.29197522963256,40.0
random-s0-0150,visibility,event,0.0,20.0,30.0,1,0,0,0,0,0,0,167.14771392930237,362.20324827959314,167.14771392930237,0.0
random-s0-0150,visibility,event,0.0,100.0,30.0,1,0,0,0,0,0,0,167.29197522963256,200.73295684179533,167.29197522963256,0.0
random-s0-0150,visibility,event,50.0,20.0,30.0,1,0,0,0,0,0,0,167.28955665250425,525.5222167890454,167.28955665250425,0.0
random-s0-0150,visibility,event,50.0,100.0,30.0,1,0,0,0,0,0,0,43.54858372499561,43.54858372499561,167.29197522963256,0.0
random-s0-0150,visibility,event,150.0,20.0,30.0,1,0,0,0,0,0,0,167.30959170642183,505.9840080601464,167.30959170642183,0.0
random-s0-0150,visibility,event,150.0,100.0,30.0,1,0,0,0,0,0,0,167.29197522963256,448.1847639071016,167.29197522963256,0.0
random-s0-0151,voronoi,once,0.0,20.0,30.0,1,0,1,0,1,0,0,-44.140489796925465,-44.140489796925465,70.00183916810334,40.0
random-s0-0151,voronoi,cycle,0.0,20.0,30.0,1,0,0,0,0,0,0,67.58735041153716,89.41314635241594,67.58735041153716,0.0
random-s0-0151,voronoi,cycle,0.0,100.0,30.0,1,0,1,0,1,0,0,-44.140489796925465,-44.140489796925465,55.81874843595804,40.0
random-s0-0151,voronoi,cycle,50.0,20.0,30.0,1,0,0,0,0,0,0,44.27715865891719,246.8826104797232,44.27715865891719,0.0
random-s0-0151,voronoi,cycle,50.0,100.0,30.0,1,0,0,0,0,0,0,44.86657997918133,81.03205215750194,44.86657997918133,0.0
random-s0-0151,voronoi,cycle,150.0,20.0,30.0,1,0,0,0,0,0,0,89.47249824207546,288.45198220088963,89.47249824207546,0.0
random-s0-0151,voronoi,cycle,150.0,100.0,30.0,1,0,0,0,0,0,0,64.69883095120102,233.8825412035918,64.69883095120102,0.0
random-s0-0151,voronoi,event,0.0,20.0,30.0,1,0,0,0,0,0,0,11.212530898215618,11.212530898215618,75.95662026247396,0.0
random-s0-0151,voronoi,event,0.0,100.0,30.0,1,0,1,0,1,0,0,-44.140489796925465,-44.140489796925465,76.15871455538428,40.0
random-s0-0151,voronoi,event,50.0,20.0,30.0,1,0,0,0,0,0,0,39.19744819479124,185.9069842777444,39.19744819479124,0.0
random-s0-0151,voronoi,event,50.0,100.0,30.0,1,0,0,0,0,0,0,63.85305922462814,63.85305922462814,69.36015363485703,0.0
random-s0-0151,voronoi,event,150.0,20.0,30.0,1,0,0,0,0,0,0,65.75095988917803,370.471445264885,65.75095988917803,0.0
random-s0-0151,voronoi,event,150.0,100.0,30.0,1,0,0,0,0,0,0,122.2341536743395,233.8825412035918,122.2341536743395,0.0
random-s0-0151,prm,once,0.0,20.0,30.0,1,0,1,0,1,0,0,-44.140489796925465,-44.140489796925465,70.00183916810334,40.0
random-s0-0151,prm,cycle,0.0,20.0,30.0,1,0,2,0,2,0,0,-111.25280830395172,-111.25280830395172,55.67637407735725,200.0
random-s0-0151,prm,cycle,0.0,100.0,30.0,1,0,1,0,1,0,0,-44.140489796925465,-44.140489796925465,58.357113566449584,40.0
random-s0-0151,prm,cycle,50.0,20.0,30.0,1,0,0,0,0,0,0,54.1258697463864,194.4029021960386,54.1258697463864,0.0
random-s0-0151,prm,cycle,50.0,100.0,30.0,1,0,0,0,0,0,0,90.4336038081322,174.24434036043448,90.4336038081322,0.0
random-s0-0151,prm,cycle,150.0,20.0,30.0,1,0,0,0,0,0,0,35.740945543451545,77.87593170359196,35.740945543451545,0.0
random-s0-0151,prm,cycle,150.0,100.0,30.0,1,0,1,0,1,0,0,-44.140489796925465,-44.140489796925465,91.83889188105098,40.0
random-s0-0151,prm,event,0.0,20.0,30.0,1,0,1,0,1,0,0,-111.25280830395172,-111.25280830395172,32.301702022211174,80.0
random-s0-0151,prm,event,0.0,100.0,30.0,1,0,2,0,2,0,0,-141.4813626801023,-141.4813626801023,63.58257879517211,159.9999999999998
random-s0-0151,prm,event,50.0,20.0,30.0,1,0,0,0,0,0,0,50.59257972529551,101.73521414162678,50.59257972529551,0.0
random-s0-0151,prm,event,50.0,100.0,30.0,1,0,0,0,0,0,0,85.90312352345575,234.99403665762625,85.90312352345575,0.0
random-s0-0151,prm,event,150.0,20.0,30.0,1,0,0,0,0,0,0,67.93689390899175,77.87593170359196,67.93689390899175,0.0
random-s0-0151,prm,event,150.0,100.0,30.0,1,0,1,0,1,0,0,-44.140489796925465,-44.140489796925465,109.07235250265596,40.0
random-s0-0151,visibility,once,0.0,20.0,30.0,1,0,2,0,2,0,0,-44.140489796925465,-44.140489796925465,54.41330768312827,100.0
random-s0-0151,visibility,cycle,0.0,20.0,30.0,1,0,0,0,0,0,0,71.52007834690411,110.57234582971527,71.52007834690411,0.0
random-s0-0151,visibility,cycle,0.0,100.0,30.0,1,0,1,0,1,0,0,-44.140489796925465,-44.140489796925465,73.9065563053397,40.0
random-s0-0151,visibility,cycle,50.0,20.0,30.0,1,0,0,0,0,0,0,79.46845751502576,172.0253036573904,79.46845751502576,0.0
random-s0-0151,visibility,cycle,50.0,100.0,30.0,1,0,0,0,0,0,0,72.22706124550629,105.13381031991378,72.22706124550629,0.0
random-s0-0151,visibility,cycle,150.0,20.0,30.0,1,0,1,0,1,0,0,-37.74304667961326,-37.74304667961326,31.75252757938364,59.99999999999997
random-s0-0151,visibility,cycle,150.0,100.0,30.0,1,0,3,1,2,0,1,-44.140489796925465,-44.140489796925465,-23.400160994471435,500.0000000000001
random-s0-0151,visibility,event,0.0,20.0,30.0,1,0,0,0,0,0,0,38.37433250168786,110.57234582971527,38.37433250168786,0.0
random-s0-0151,visibility,event,0.0,100.0,30.0,1,0,1,0,1,0,0,-44.140489796925465,-44.140489796925465,38.37433250168797,40.0
random-s0-0151,visibility,event,50.0,20.0,30.0,1,0,0,0,0,0,0,39.04137678849955,160.30598086005602,39.04137678849955,0.0
random-s0-0151,visibility,event,50.0,100.0,30.0,1,0,0,0,0,0,0,44.66820281918777,187.9366601901225,44.66820281918777,0.0
random-s0-0151,visibility,event,150.0,20.0,30.0,1,0,1,0,1,0,0,-37.74304667961326,-37.74304667961326,43.1354766960431,59.99999999999997
random-s0-0151,visibility,event,150.0,100.0,30.0,1,0,2,0,2,0,0,-44.140489796925465,-44.140489796925465,85.110856505404,100.0
random-s0-0152,voronoi,once,0.0,20.0,30.0,1,0,3,2,1,1,1,-160.62361789163887,-160.62361789163887,-157.90833721937796,900.0000000000005
random-s0-0152,voronoi,cycle,0.0,20.0,30.0,1,0,0,0,0,0,0,65.03343330342523,74.71943053802048,65.03343330342523,0.0
random-s0-0152,voronoi,cycle,0.0,100.0,30.0,1,0,1,0,1,0,0,-84.17226704297781,-84.17226704297781,138.3889138680222,119.99999999999984
random-s0-0152,voronoi,cycle,50.0,20.0,30.0,1,0,0,0,0,0,0,39.01365741272764,137.73448894089535,39.01365741272764,0.0
random-s0-0152,voronoi,cycle,50.0,100.0,30.0,1,0,0,0,0,0,0,40.79039393347199,40.79039393347199,92.9158156609032,0.0
random-s0-0152,voronoi,cycle,150.0,20.0,30.0,1,0,1,1,0,1,0,-87.63163019975222,66.79264715321756,-87.63163019975222,139.99999999999702
random-s0-0152,voronoi,cycle,150.0,100.0,30.0,1,0,1,0,1,0,0,-7.623518667080589,-7.623518667080589,37.037733902344456,20.0
random-s0-0152,voronoi,event,0.0,20.0,30.0,1,0,0,0,0,0,0,28.38047125618047,28.38047125618047,83.86671220848984,0.0
random-s0-0152,voronoi,event,0.0,100.0,30.0,1,0,1,0,1,0,0,-146.90023691607797,-146.90023691607797,49.24465481636909,179.9999999999998
random-s0-0152,voronoi,event,50.0,20.0,30.0,1,0,0,0,0,0,0,120.54943747841496,210.8054755640532,120.54943747841496,0.0
random-s0-0152,voronoi,event,50.0,100.0,30.0,1,0,1,1,0,1,0,-156.3099920622272,40.79039393347199,-156.3099920622272,320.0
random-s0-0152,voronoi,event,150.0,20.0,30.0,1,0,1,1,0,1,0,-150.95939330225218,183.70470090794896,-150.95939330225218,599.9999999999873
random-s0-0152,voronoi,event,150.0,100.0,30.0,1,0,1,0,1,0,0,-7.623518667080589,-7.623518667080589,87.04311943165811,20.0
random-s0-0152,prm,once,0.0,20.0,30.0,1,0,2,2,0,1,1,-157.90833721937796,2.204198876614356,-157.90833721937796,500.0000000000001
random-s0-0152,prm,cycle,0.0,20.0,30.0,1,0,0,0,0,0,0,47.76898958316264,85.28669157149733,47.76898958316264,0.0
random-s0-0152,prm,cycle,0.0,100.0,30.0,1,0,1,0,1,0,0,-152.16766936369442,-152.16766936369442,88.51815726454385,120.0
random-s0-0152,prm,cycle,50.0,20.0,30.0,1,0,0,0,0,0,0,41.661645325431664,210.8054755640532,41.661645325431664,0.0
random-s0-0152,prm,cycle,50.0,100.0,30.0,1,0,0,0,0,0,0,3.1882552293277517,3.1882552293277517,138.3889138680222,0.0
random-s0-0152,prm,cycle,150.0,20.0,30.0,1,0,0,0,0,0,0,3.1882552293277517,3.1882552293277517,174.75299241849973,0.0
random-s0-0152,prm,cycle,150.0,100.0,30.0,1,0,0,0,0,0,0,3.1882552293277517,3.1882552293277517,83.95404138952301,0.0
random-s0-0152,prm,event,0.0,20.0,30.0,1,0,1,1,0,1,0,-137.0307406064252,37.1398707770388,-137.0307406064252,359.9999999999923
random-s0-0152,prm,event,0.0,100.0,30.0,1,0,0,0,0,0,0,40.79039393347199,40.79039393347199,55.22918861859378,0.0
random-s0-0152,prm,event,50.0,20.0,30.0,1,0,1,1,0,1,0,-134.02042514974298,210.8054755640532,-134.02042514974298,219.9999999999953
random-s0-0152,prm,event,50.0,100.0,30.0,1,0,0,0,0,0,0,3.1882552293277517,3.1882552293277517,86.21360348542049,0.0
random-s0-0152,prm,event,150.0,20.0,30.0,1,0,1,1,0,1,0,-170.1767096872064,3.1882552293277517,-170.1767096872064,619.9999999999868
random-s0-0152,prm,event,150.0,100.0,30.0,1,0,1,1,0,1,0,-172.3062913612942,3.1882552293277517,-172.3062913612942,620.0000000000002
random-s0-0152,visibility,once,0.0,20.0,30.0,1,0,3,1,2,0,1,-144.92207783164088,-144.92207783164088,-136.10589638662603,320.0
random-s0-0152,visibility,cycle,0.0,20.0,30.0,1,0,1,1,0,1,0,-71.21918556734174,85.28095513454844,-71.21918556734174,220.0
random-s0-0152,visibility,cycle,0.0,100.0,30.0,1,0,1,1,0,1,0,-69.34746541485663,40.79039393347199,-69.34746541485663,220.0
random-s0-0152,visibility,cycle,50.0,20.0,30.0,1,0,0,0,0,0,0,30.42387767087746,198.7778906017524,30.42387767087746,0.0
random-s0-0152,visibility,cycle,50.0,100.0,30.0,1,0,0,0,0,0,0,3.1882552293277517,3.1882552293277517,30.73391497016669,0.0
random-s0-0152,visibility,cycle,150.0,20.0,30.0,1,0,0,0,0,0,0,3.1882552293277517,3.1882552293277517,30.553016855987693,0.0
random-s0-0152,visibility,cycle,150.0,100.0,30.0,1,0,0,0,0,0,0,3.1882552293277517,3.1882552293277517,6.23087681132435,0.0
random-s0-0152,visibility,event,0.0,20.0,30.0,1,0,0,0,0,0,0,29.43574741387448,36.5386202603695,29.43574741387448,0.0
random-s0-0152,visibility,event,0.0,100.0,30.0,1,0,1,1,0,1,0,-110.49042936062747,40.79039393347199,-110.49042936062747,300.0
random-s0-0152,visibility,event,50.0,20.0,30.0,1,0,0,0,0,0,0,45.36935990609885,210.8054755640532,45.36935990609885,0.0
random-s0-0152,visibility,event,50.0,100.0,30.0,1,0,0,0,0,0,0,3.1882552293277517,3.1882552293277517,44.22563560507084,0.0
random-s0-0152,visibility,event,150.0,20.0,30.0,1,0,0,0,0,0,0,3.1882552293277517,3.1882552293277517,30.77062773769859,0.0
random-s0-0152,visibility,event,150.0,100.0,30.0,1,0,0,0,0,0,0,0.3993716816026165,3.1882552293277517,0.3993716816026165,0.0
random-s0-0153,voronoi,once,0.0,20.0,30.0,1,0,2,1,1,0,1,-114.78963739385502,-96.12283082815344,-114.78963739385502,340.0
random-s0-0153,voronoi,cycle,0.0,20.0,30.0,1,0,1,1,0,0,1,-1.418945993675834,196.93181913288817,-1.418945993675834,20.0
random-s0-0153,voronoi,cycle,0.0,100.0,30.0,1,0,0,0,0,0,0,46.39428751872529,302.1013170017917,46.39428751872529,0.0
random-s0-0153,voronoi,cycle,50.0,20.0,30.0,1,0,0,0,0,0,0,90.0662304978004,90.0662304978004,97.87004590907657,0.0
random-s0-0153,voronoi,cycle,50.0,100.0,30.0,1,0,0,0,0,0,0,113.37413339568462,113.37413339568462,192.92428948309623,0.0
random-s0-0153,voronoi,cycle,150.0,20.0,30.0,1,0,0,0,0,0,0,145.8201726869957,273.77490822389825,145.8201726869957,0.0
random-s0-0153,voronoi,cycle,150.0,100.0,30.0,1,0,0,0,0,0,0,85.24161236910561,577.2722710526608,85.24161236910561,0.0
random-s0-0153,voronoi,event,0.0,20.0,30.0,1,0,0,0,0,0,0,107.84256153209884,107.84256153209884,129.81170513954487,0.0
random-s0-0153,voronoi,event,0.0,100.0,30.0,1,0,0,0,0,0,0,59.04795853709783,59.04795853709783,161.46012909179376,0.0
random-s0-0153,voronoi,event,50.0,20.0,30.0,1,0,0,0,0,0,0,59.4374073336389,237.82394043087828,59.4374073336389,0.0
random-s0-0153,voronoi,event,50.0,100.0,30.0,1,0,0,0,0,0,0,158.60633065935087,179.35016603468188,158.60633065935087,0.0
random-s0-0153,voronoi,event,150.0,20.0,30.0,1,0,0,0,0,0,0,124.4384920337643,325.562356660704,124.4384920337643,0.0
random-s0-0153,voronoi,event,150.0,100.0,30.0,1,0,0,0,0,0,0,48.494895319497175,350.06528312669184,48.494895319497175,0.0
random-s0-0153,prm,once,0.0,20.0,30.0,1,0,0,0,0,0,0,107.86106513214418,140.65774107992195,107.86106513214418,0.0
random-s0-0153,prm,cycle,0.0,20.0,30.0,1,0,0,0,0,0,0,26.487267714992758,135.45145831104804,26.487267714992758,0.0
random-s0-0153,prm,cycle,0.0,100.0,30.0,1,0,1,0,1,0,0,-114.18085169051449,-114.18085169051449,24.911926228486664,60.0
random-s0-0153,prm,cycle,50.0,20.0,30.0,1,0,0,0,0,0,0,60.55614843427563,258.0075050974983,60.55614843427563,0.0
random-s0-0153,prm,cycle,50.0,100.0,30.0,1,0,0,0,0,0,0,85.65303508167096,315.97069076574405,85.65303508167096,0.0
random-s0-0153,prm,cycle,150.0,20.0,30.0,1,0,0,0,0,0,0,41.69871995114093,581.1229284886854,41.69871995114093,0.0
random-s0-0153,prm,cycle,150.0,100.0,30.0,1,0,0,0,0,0,0,85.00104020612088,404.8002781189017,85.00104020612088,0.0
random-s0-0153,prm,event,0.0,20.0,30.0,1,0,1,0,1,0,0,-36.03390725086737,-36.03390725086737,98.64255821801844,40.0
random-s0-0153,prm,event,0.0,100.0,30.0,1,0,1,0,1,0,0,-114.18085169051449,-114.18085169051449,107.86106513214384,60.0
random-s0-0153,prm,event,50.0,20.0,30.0,1,0,0,0,0,0,0,54.546264570043945,246.58643354096995,54.546264570043945,0.0
random-s0-0153,prm,event,50.0,100.0,30.0,1,0,0,0,0,0,0,85.65303508167096,315.97069076574405,85.65303508167096,0.0
random-s0-0153,prm,event,150.0,20.0,30.0,1,0,0,0,0,0,0,58.76383515122029,559.0382184134426,58.76383515122029,0.0
random-s0-0153,prm,event,150.0,100.0,30.0,1,0,0,0,0,0,0,121.01146306058808,219.11894744314128,121.01146306058808,0.0
random-s0-0153,visibility,once,0.0,20.0,30.0,1,0,1,1,0,0,1,-59.163082666776205,140.65774107992195,-59.163082666776205,120.0
random-s0-0153,visibility,cycle,0.0,20.0,30.0,1,0,1,1,0,1,0,-47.466623158361216,315.5755787983488,-47.466623158361216,219.99999999999983
random-s0-0153,visibility,cycle,0.0,100.0,30.0,1,0,1,1,0,1,0,-52.65326830142863,306.96662090075824,-52.65326830142863,219.99999999999983
random-s0-0153,visibility,cycle,50.0,20.0,30.0,1,0,0,0,0,0,0,15.61718410528394,456.8594685290501,15.61718410528394,0.0
random-s0-0153,visibility,cycle,50.0,100.0,30.0,1,0,1,1,0,1,0,-39.35779616823706,555.5852278470071,-39.35779616823706,259.99999999999994
random-s0-0153,visibility,cycle,150.0,20.0,30.0,1,0,0,0,0,0,0,7.675599687906697,542.5888426846935,7.675599687906697,0.0
random-s0-0153,visibility,cycle,150.0,100.0,30.0,1,0,0,0,0,0,0,13.598320820815443,678.0023433404169,13.598320820815443,0.0
random-s0-0153,visibility,event,0.0,20.0,30.0,1,0,1,1,0,1,0,-53.877798933461406,317.4095663578758,-53.877798933461406,239.99999999999983
random-s0-0153,visibility,event,0.0,100.0,30.0,1,0,1,1,0,1,0,-55.60777863053416,306.96662090075824,-55.60777863053416,239.99999999999977
random-s0-0153,visibility,event,50.0,20.0,30.0,1,0,1,1,0,1,0,-48.510393114818754,459.0523650201076,-48.510393114818754,279.99999999999994
random-s0-0153,visibility,event,50.0,100.0,30.0,1,0,1,1,0,1,0,-56.12540527276831,555.5852278470071,-56.12540527276831,320.0
random-s0-0153,visibility,event,150.0,20.0,30.0,1,0,0,0,0,0,0,3.6681651968740994,23.31662666051088,3.6681651968740994,0.0
random-s0-0153,visibility,event,150.0,100.0,30.0,1,0,2,2,0,2,0,-23.31206145480766,393.2870628730626,-23.31206145480766,220.0
random-s0-0154,voronoi,once,0.0,20.0,30.0,1,0,0,0,0,0,0,16.96080720624053,149.48795963997503,16.96080720624053,0.0
random-s0-0154,voronoi,cycle,0.0,20.0,30.0,1,0,0,0,0,0,0,38.05895905961,260.4247858661213,38.05895905961,0.0
random-s0-0154,voronoi,cycle,0.0,100.0,30.0,1,0,0,0,0,0,0,48.14689178758303,186.80043359700625,48.14689178758303,0.0
random-s0-0154,voronoi,cycle,50.0,20.0,30.0,1,0,1,1,0,1,0,-29.24161329329894,217.2786836761537,-29.24161329329894,179.99999999999616
random-s0-0154,voronoi,cycle,50.0,100.0,30.0,1,0,1,1,0,1,0,-25.35450321583869,119.33848748395758,-25.35450321583869,180.0
random-s0-0154,voronoi,cycle,150.0,20.0,30.0,1,0,0,0,0,0,0,38.1273704333604,227.4670766905716,38.1273704333604,0.0
random-s0-0154,voronoi,cycle,150.0,100.0,30.0,1,0,1,0,1,0,0,-41.99522364704461,-41.99522364704461,10.846151943588154,220.0
random-s0-0154,voronoi,event,0.0,20.0,30.0,1,0,1,1,0,1,0,-28.298815416606686,84.20214914699756,-28.298815416606686,219.9999999999953
random-s0-0154,voronoi,event,0.0,100.0,30.0,1,0,1,1,0,1,0,-25.974050910900928,93.63297262023104,-25.974050910900928,220.0
random-s0-0154,voronoi,event,50.0,20.0,30.0,1,0,1,1,0,1,0,-28.298815416606686,133.3403272171779,-28.298815416606686,219.9999999999953
random-s0-0154,voronoi,event,50.0,100.0,30.0,1,0,1,1,0,1,0,-25.974050910900928,143.76363445499544,-25.974050910900928,220.0
random-s0-0154,voronoi,event,150.0,20.0,30.0,1,0,1,1,0,1,0,-28.298815416606686,145.06892482992097,-28.298815416606686,219.9999999999953
random-s0-0154,voronoi,event,150.0,100.0,30.0,1,0,1,1,0,1,0,-25.974050910900928,87.33255582670944,-25.974050910900928,220.0
random-s0-0154,prm,once,0.0,20.0,30.0,1,0,4,3,1,2,1,-173.82149523495593,-58.97593516690333,-173.82149523495593,1160.000000000001
random-s0-0154,prm,cycle,0.0,20.0,30.0,1,0,1,1,0,1,0,-48.66928707005136,122.78688499236466,-48.66928707005136,179.99999999999616
random-s0-0154,prm,cycle,0.0,100.0,30.0,1,0,0,0,0,0,0,19.07901941253499,66.53523644349747,19.07901941253499,0.0
random-s0-0154,prm,cycle,50.0,20.0,30.0,1,0,1,1,0,1,0,-48.66928707005136,190.0132164340856,-48.66928707005136,179.99999999999616
random-s0-0154,prm,cycle,50.0,100.0,30.0,1,0,1,1,0,1,0,-48.618685780691976,51.25351711406083,-48.618685780691976,279.99999999999994
random-s0-0154,prm,cycle,150.0,20.0,30.0,1,0,1,1,0,1,0,-48.66928707005136,67.31065956679004,-48.66928707005136,199.9999999999957
random-s0-0154,prm,cycle,150.0,100.0,30.0,1,0,1,1,0,1,0,-48.618685780691976,306.1615350186095,-48.618685780691976,279.99999999999994
random-s0-0154,prm,event,0.0,20.0,30.0,1,0,1,1,0,1,0,-48.66928707005136,122.78688499236466,-48.66928707005136,159.9999999999966
random-s0-0154,prm,event,0.0,100.0,30.0,1,0,1,1,0,1,0,-48.618685780691976,50.89074854218774,-48.618685780691976,279.99999999999994
random-s0-0154,prm,event,50.0,20.0,30.0,1,0,0,0,0,0,0,30.42393338005334,135.29699464454615,30.42393338005334,0.0
random-s0-0154,prm,event,50.0,100.0,30.0,1,0,0,0,0,0,0,36.56775479983224,95.80666736125691,36.56775479983224,0.0
random-s0-0154,prm,event,150.0,20.0,30.0,1,0,1,1,0,1,0,-48.66928707005136,137.65952669816767,-48.66928707005136,279.99999999999403
random-s0-0154,prm,event,150.0,100.0,30.0,1,0,1,1,0,1,0,-48.618685780691976,253.65699899498796,-48.618685780691976,279.99999999999994
random-s0-0154,visibility,once,0.0,20.0,30.0,1,0,6,3,3,2,1,-117.55022100822274,-117.55022100822274,-93.30819472849096,420.0000000000001
random-s0-0154,visibility,cycle,0.0,20.0,30.0,1,0,1,1,0,1,0,-31.94356928601573,25.984631451358013,-31.94356928601573,239.99999999999488
random-s0-0154,visibility,cycle,0.0,100.0,30.0,1,0,2,1,1,1,0,-163.68644832932642,-163.68644832932642,-31.94356928601593,640.0000000000002
random-s0-0154,visibility,cycle,50.0,20.0,30.0,1,0,1,1,0,1,0,-31.94356928601573,9.84364609436011,-31.94356928601573,239.99999999999488
random-s0-0154,visibility,cycle,50.0,100.0,30.0,1,0,2,1,1,1,0,-54.88428087415001,-54.88428087415001,-31.94356928601593,460.0000000000001
random-s0-0154,visibility,cycle,150.0,20.0,30.0,1,0,1,1,0,1,0,-31.94356928601573,72.2738042693978,-31.94356928601573,239.99999999999488
random-s0-0154,visibility,cycle,150.0,100.0,30.0,1,0,3,3,0,3,0,-85.90406874643017,18.63584807203532,-85.90406874643017,520.0000000000001
random-s0-0154,visibility,event,0.0,20.0,30.0,1,0,2,1,1,1,0,-123.67692606444383,-123.67692606444383,-31.94356928601573,439.9999999999948
random-s0-0154,visibility,event,0.0,100.0,30.0,1,0,2,1,1,1,0,-143.92902279238928,-143.92902279238928,-31.94356928601593,500.0
random-s0-0154,visibility,event,50.0,20.0,30.0,1,0,1,1,0,1,0,-31.94356928601573,11.875413234765515,-31.94356928601573,239.99999999999488
random-s0-0154,visibility,event,50.0,100.0,30.0,1,0,3,1,2,1,0,-174.05794935142166,-174.05794935142166,-31.94356928601593,920.0000000000005
random-s0-0154,visibility,event,150.0,20.0,30.0,1,0,1,1,0,1,0,-31.94356928601573,62.58656689627156,-31.94356928601573,239.99999999999488
random-s0-0154,visibility,event,150.0,100.0,30.0,1,0,1,1,0,1,0,-31.94356928601593,48.55784659548832,-31.94356928601593,240.0
random-s0-0155,voronoi,once,0.0,20.0,30.0,1,0,3,0,3,0,0,-160.03455675937246,-160.03455675937246,218.3472423075472,259.99999999999994
random-s0-0155,voronoi,cycle,0.0,20.0,30.0,1,0,0,0,0,0,0,26.57012241933376,26.57012241933376,44.609105485612815,0.0
random-s0-0155,voronoi,cycle,0.0,100.0,30.0,1,0,1,0,1,0,0,-14.88218577657952,-14.88218577657952,54.29037007633937,39.999999999999964
random-s0-0155,voronoi,cycle,50.0,20.0,30.0,1,0,0,0,0,0,0,82.62944840437899,120.54898164869309,82.62944840437899,0.0
random-s0-0155,voronoi,cycle,50.0,100.0,30.0,1,0,0,0,0,0,0,65.86068466716512,66.72461910956252,65.86068466716512,0.0
random-s0-0155,voronoi,cycle,150.0,20.0,30.0,1,0,0,0,0,0,0,40.11884664755746,64.57761275577309,40.11884664755746,0.0
random-s0-0155,voronoi,cycle,150.0,100.0,30.0,1,0,0,0,0,0,0,11.124138218035624,51.64172644327763,11.124138218035624,0.0
random-s0-0155,voronoi,event,0.0,20.0,30.0,1,0,0,0,0,0,0,26.57012241933376,26.57012241933376,104.86442933676136,0.0
random-s0-0155,voronoi,event,0.0,100.0,30.0,1,0,1,0,1,0,0,-14.88218577657952,-14.88218577657952,71.58665971475412,39.999999999999964
random-s0-0155,voronoi,event,50.0,20.0,30.0,1,0,0,0,0,0,0,63.79291592972984,63.79291592972984,78.98710406841161,0.0
random-s0-0155,voronoi,event,50.0,100.0,30.0,1,0,0,0,0,0,0,32.98564195521291,119.3065213172278,32.98564195521291,0.0
random-s0-0155,voronoi,event,150.0,20.0,30.0,1,0,0,0,0,0,0,35.132832850028535,37.83388082013832,35.132832850028535,0.0
random-s0-0155,voronoi,event,150.0,100.0,30.0,1,0,0,0,0,0,0,3.3460299891909813,51.64172644327763,3.3460299891909813,0.0
random-s0-0155,prm,once,0.0,20.0,30.0,1,0,1,0,1,0,0,-14.88218577657952,-14.88218577657952,103.28683971141412,40.0
random-s0-0155,prm,cycle,0.0,20.0,30.0,1,0,0,0,0,0,0,40.31867239723573,40.31867239723573,262.5083870745386,0.0
random-s0-0155,prm,cycle,0.0,100.0,30.0,1,0,1,0,1,0,0,-14.88218577657952,-14.88218577657952,219.20046016105997,39.999999999999964
random-s0-0155,prm,cycle,50.0,20.0,30.0,1,0,0,0,0,0,0,108.00942505116888,108.00942505116888,297.1970804682021,0.0
random-s0-0155,prm,cycle,50.0,100.0,30.0,1,0,0,0,0,0,0,90.23254132694365,90.23254132694365,297.1970804682022,0.0
random-s0-0155,prm,cycle,150.0,20.0,30.0,1,0,0,0,0,0,0,90.99640919747304,522.1404520005917,90.99640919747304,0.0
random-s0-0155,prm,cycle,150.0,100.0,30.0,1,0,1,0,1,0,0,-14.88218577657952,-14.88218577657952,57.862860708454974,39.999999999999964
random-s0-0155,prm,event,0.0,20.0,30.0,1,0,0,0,0,0,0,40.31867239723573,40.31867239723573,263.6369634724203,0.0
random-s0-0155,prm,event,0.0,100.0,30.0,1,0,1,0,1,0,0,-14.88218577657952,-14.88218577657952,218.6675828072008,39.999999999999964
random-s0-0155,prm,event,50.0,20.0,30.0,1,0,0,0,0,0,0,32.57729121694234,214.7166512800746,32.57729121694234,0.0
random-s0-0155,prm,event,50.0,100.0,30.0,1,0,0,0,0,0,0,119.39261793838608,336.8237873784301,119.39261793838608,0.0
random-s0-0155,prm,event,150.0,20.0,30.0,1,0,0,0,0,0,0,105.39654062949644,520.9392826895532,105.39654062949644,0.0
random-s0-0155,prm,event,150.0,100.0,30.0,1,0,1,0,1,0,0,-14.88218577657952,-14.88218577657952,99.66122654807788,39.999999999999964
random-s0-0155,visibility,once,0.0,20.0,30.0,1,0,1,0,1,0,0,-14.88218577657952,-14.88218577657952,38.409784263507845,40.0
random-s0-0155,visibility,cycle,0.0,20.0,30.0,1,0,0,0,0,0,0,40.31867239723573,40.31867239723573,41.20111600761192,0.0
random-s0-0155,visibility,cycle,0.0,100.0,30.0,1,0,1,0,1,0,0,-14.88218577657952,-14.88218577657952,42.96890714264438,39.999999999999964
random-s0-0155,visibility,cycle,50.0,20.0,30.0,1,0,0,0,0,0,0,36.01561700030143,286.6579838853851,36.01561700030143,0.0
random-s0-0155,visibility,cycle,50.0,100.0,30.0,1,0,0,0,0,0,0,5.507093825467194,5.507093825467194,35.64758740873319,0.0
random-s0-0155,visibility,cycle,150.0,20.0,30.0,1,0,0,0,0,0,0,34.58256830953758,471.1530927886994,34.58256830953758,0.0
random-s0-0155,visibility,cycle,150.0,100.0,30.0,1,0,1,0,1,0,0,-14.88218577657952,-14.88218577657952,62.83503462463341,39.999999999999964
random-s0-0155,visibility,event,0.0,20.0,30.0,1,0,0,0,0,0,0,33.93690901929202,40.31867239723573,33.93690901929202,0.0
random-s0-0155,visibility,event,0.0,100.0,30.0,1,0,1,0,1,0,0,-14.88218577657952,-14.88218577657952,38.409784263507845,39.999999999999964
random-s0-0155,visibility,event,50.0,20.0,30.0,1,0,0,0,0,0,0,33.93690901929202,286.6579838853851,33.93690901929202,0.0
random-s0-0155,visibility,event,50.0,100.0,30.0,1,0,0,0,0,0,0,5.507093825467194,5.507093825467194,38.409784263507845,0.0
random-s0-0155,visibility,event,150.0,20.0,30.0,1,0,0,0,0,0,0,43.06635108327745,461.9880657894629,43.06635108327745,0.0
random-s0-0155,visibility,event,150.0,100.0,30.0,1,0,1,0,1,0,0,-14.88218577657952,-14.88218577657952,43.06635108327745,39.999999999999964
random-s0-0156,voronoi,once,0.0,20.0,30.0,1,0,3,2,1,1,1,-161.01725619360855,-120.59658842534404,-161.01725619360855,440.0000000000001
random-s0-0156,voronoi,cycle,0.0,20.0,30.0,1,0,1,0,1,0,0,-26.13392556538176,-26.13392556538176,14.18109978037154,40.0
random-s0-0156,voronoi,cycle,0.0,100.0,30.0,1,0,2,0,2,0,0,-3.6018221035769216,-3.6018221035769216,68.52130452105766,60.0
random-s0-0156,voronoi,cycle,50.0,20.0,30.0,1,0,0,0,0,0,0,32.97663276489004,45.4896958352075,32.97663276489004,0.0
random-s0-0156,voronoi,cycle,50.0,100.0,30.0,1,0,0,0,0,0,0,66.6616044248249,66.6616044248249,73.9714986273548,0.0
random-s0-0156,voronoi,cycle,150.0,20.0,30.0,1,0,0,0,0,0,0,96.13055953935044,364.63596148767465,96.13055953935044,0.0
random-s0-0156,voronoi,cycle,150.0,100.0,30.0,1,0,0,0,0,0,0,32.49575737315013,189.3412532950773,32.49575737315013,0.0
random-s0-0156,voronoi,event,0.0,20.0,30.0,1,0,0,0,0,0,0,10.6490491057302,44.21308999122712,10.6490491057302,0.0
random-s0-0156,voronoi,event,0.0,100.0,30.0,1,0,3,0,3,0,0,-53.620221181541,-53.620221181541,135.42567630156094,120.0
random-s0-0156,voronoi,event,50.0,20.0,30.0,1,0,0,0,0,0,0,30.49108042194013,324.81540429602785,30.49108042194013,0.0
random-s0-0156,voronoi,event,50.0,100.0,30.0,1,0,0,0,0,0,0,47.87709786466084,333.28736068945364,47.87709786466084,0.0
random-s0-0156,voronoi,event,150.0,20.0,30.0,1,0,0,0,0,0,0,63.53125595495305,442.39195944494,63.53125595495305,0.0
random-s0-0156,voronoi,event,150.0,100.0,30.0,1,0,0,0,0,0,0,89.45992445613831,292.5511873668107,89.45992445613831,0.0
random-s0-0156,prm,once,0.0,20.0,30.0,1,0,3,1,2,1,0,-146.98143928700017,-146.98143928700017,-18.124521441957228,760.0000000000003
random-s0-0156,prm,cycle,0.0,20.0,30.0,1,0,1,0,1,0,0,-131.04949420018556,-131.04949420018556,31.031073717627837,259.99999999999994
random-s0-0156,prm,cycle,0.0,100.0,30.0,1,0,0,0,0,0,0,19.51219348881924,27.98307904689773,19.51219348881924,0.0
random-s0-0156,prm,cycle,50.0,20.0,30.0,1,0,0,0,0,0,0,3.814924506439297,37.27010919281767,3.814924506439297,0.0
random-s0-0156,prm,cycle,50.0,100.0,30.0,1,0,1,1,0,1,0,-20.15458553348671,151.26332306669508,-20.15458553348671,239.99999999999977
random-s0-0156,prm,cycle,150.0,20.0,30.0,1,0,0,0,0,0,0,59.89615607334196,246.3931028019832,59.89615607334196,0.0
random-s0-0156,prm,cycle,150.0,100.0,30.0,1,0,0,0,0,0,0,65.62175788187253,340.05020996632584,65.62175788187253,0.0
random-s0-0156,prm,event,0.0,20.0,30.0,1,0,0,0,0,0,0,12.363747376976477,136.23562797769938,12.363747376976477,0.0
random-s0-0156,prm,event,0.0,100.0,30.0,1,0,0,0,0,0,0,19.273629911596828,147.3583356789796,19.273629911596828,0.0
random-s0-0156,prm,event,50.0,20.0,30.0,1,0,0,0,0,0,0,19.309537024331465,55.7057483916422,19.309537024331465,0.0
random-s0-0156,prm,event,50.0,100.0,30.0,1,0,1,1,0,1,0,-31.046173291072705,199.73733285216963,-31.046173291072705,279.9999999999998
random-s0-0156,prm,event,150.0,20.0,30.0,1,0,0,0,0,0,0,116.49522555317212,116.49522555317212,265.8172832001917,0.0
random-s0-0156,prm,event,150.0,100.0,30.0,1,0,0,0,0,0,0,88.25566224004604,169.6146917229931,88.25566224004604,0.0
random-s0-0156,visibility,once,0.0,20.0,30.0,1,0,2,1,1,1,0,-120.59658842534404,-120.59658842534404,-18.124521441957228,360.00000000000006
random-s0-0156,visibility,cycle,0.0,20.0,30.0,1,0,0,0,0,0,0,30.42875920494174,113.40033559577648,30.42875920494174,0.0
random-s0-0156,visibility,cycle,0.0,100.0,30.0,1,0,2,1,1,0,1,-119.91476035940426,-94.61880862323922,-119.91476035940426,180.0
random-s0-0156,visibility,cycle,50.0,20.0,30.0,1,0,0,0,0,0,0,21.6850070572755,138.86437002007517,21.6850070572755,0.0
random-s0-0156,visibility,cycle,50.0,100.0,30.0,1,0,0,0,0,0,0,30.1155444339704,155.14999772079727,30.1155444339704,0.0
random-s0-0156,visibility,cycle,150.0,20.0,30.0,1,0,0,0,0,0,0,26.18716242419705,28.86845202117763,26.18716242419705,0.0
random-s0-0156,visibility,cycle,150.0,100.0,30.0,1,0,0,0,0,0,0,32.48612553109891,132.46138597791406,32.48612553109891,0.0
random-s0-0156,visibility,event,0.0,20.0,30.0,1,0,1,0,1,0,0,-47.98835372918359,-47.98835372918359,30.4729775967532,80.0
random-s0-0156,visibility,event,0.0,100.0,30.0,1,0,2,1,1,0,1,-121.102039592668,-101.6411171421052,-121.102039592668,180.0
random-s0-0156,visibility,event,50.0,20.0,30.0,1,0,0,0,0,0,0,30.400226608640025,123.4007422485297,30.400226608640025,0.0
random-s0-0156,visibility,event,50.0,100.0,30.0,1,0,0,0,0,0,0,37.01058821792475,118.20922469803789,37.01058821792475,0.0
random-s0-0156,visibility,event,150.0,20.0,30.0,1,0,1,0,1,0,0,-154.7943081225971,-154.7943081225971,33.29271692603086,279.99999999999994
random-s0-0156,visibility,event,150.0,100.0,30.0,1,0,1,0,1,0,0,-15.94793845846158,-15.94793845846158,30.396201712850345,80.0
random-s0-0157,voronoi,once,0.0,20.0,30.0,1,0,1,0,1,0,0,-27.9958038663587,-27.9958038663587,204.2970233262788,40.0
random-s0-0157,voronoi,cycle,0.0,20.0,30.0,1,0,12,0,12,0,0,-16.146544781740516,-16.146544781740516,204.2970233262785,239.99999999999991
random-s0-0157,voronoi,cycle,0.0,100.0,30.0,1,0,1,0,1,0,0,-27.9958038663587,-27.9958038663587,204.29702332627895,40.0
random-s0-0157,voronoi,cycle,50.0,20.0,30.0,1,0,0,0,0,0,0,74.08743661292831,74.08743661292831,204.2970233262785,0.0
random-s0-0157,voronoi,cycle,50.0,100.0,30.0,1,0,0,0,0,0,0,46.92919998419848,46.92919998419848,204.29702332627895,0.0
random-s0-0157,voronoi,cycle,150.0,20.0,30.0,1,0,0,0,0,0,0,85.98855925451892,85.98855925451892,204.2970233262785,0.0
random-s0-0157,voronoi,cycle,150.0,100.0,30.0,1,0,2,1,1,1,0,-47.96801360607572,-47.96801360607572,-3.6842350376881834,279.99999999999994
random-s0-0157,voronoi,event,0.0,20.0,30.0,1,0,1,0,1,0,0,-16.146544781740516,-16.146544781740516,204.2970233262785,19.99999999999999
random-s0-0157,voronoi,event,0.0,100.0,30.0,1,0,1,0,1,0,0,-27.9958038663587,-27.9958038663587,204.29702332627895,40.0
random-s0-0157,voronoi,event,50.0,20.0,30.0,1,0,0,0,0,0,0,204.2970233262785,302.4676545489917,204.2970233262785,0.0
random-s0-0157,voronoi,event,50.0,100.0,30.0,1,0,0,0,0,0,0,163.67839757292444,163.67839757292444,204.29702332627895,0.0
random-s0-0157,voronoi,event,150.0,20.0,30.0,1,0,0,0,0,0,0,184.81724719560884,184.81724719560884,204.2970233262785,0.0
random-s0-0157,voronoi,event,150.0,100.0,30.0,1,0,2,1,1,1,0,-47.96801360607572,-47.96801360607572,-3.6842350376881834,279.99999999999994
random-s0-0157,prm,once,0.0,20.0,30.0,1,0,1,0,1,0,0,-27.9958038663587,-27.9958038663587,204.2970233262788,40.0
random-s0-0157,prm,cycle,0.0,20.0,30.0,1,0,0,0,0,0,0,90.09900529080188,90.09900529080188,204.2970233262785,0.0
random-s0-0157,prm,cycle,0.0,100.0,30.0,1,0,1,0,1,0,0,-27.9958038663587,-27.9958038663587,204.29702332627895,40.0
random-s0-0157,prm,cycle,50.0,20.0,30.0,1,0,0,0,0,0,0,104.76887351582076,331.12301459785687,104.76887351582076,0.0
random-s0-0157,prm,cycle,50.0,100.0,30.0,1,0,0,0,0,0,0,79.33628352622003,79.33628352622003,152.292975346466,0.0
random-s0-0157,prm,cycle,150.0,20.0,30.0,1,0,0,0,0,0,0,36.37031684564238,125.31443347787672,36.37031684564238,0.0
random-s0-0157,prm,cycle,150.0,100.0,30.0,1,0,1,0,1,0,0,-27.9958038663587,-27.9958038663587,204.29702332627895,40.0
random-s0-0157,prm,event,0.0,20.0,30.0,1,0,0,0,0,0,0,90.09900529080188,90.09900529080188,204.2970233262785,0.0
random-s0-0157,prm,event,0.0,100.0,30.0,1,0,1,0,1,0,0,-27.9958038663587,-27.9958038663587,204.29702332627895,40.0
random-s0-0157,prm,event,50.0,20.0,30.0,1,0,0,0,0,0,0,156.41243614511927,367.2015802879645,156.41243614511927,0.0
random-s0-0157,prm,event,50.0,100.0,30.0,1,0,0,0,0,0,0,101.24761816308596,101.24761816308596,126.20187293628196,0.0
random-s0-0157,prm,event,150.0,20.0,30.0,1,0,0,0,0,0,0,41.00353346602356,41.00353346602356,204.2970233262785,0.0
random-s0-0157,prm,event,150.0,100.0,30.0,1,0,1,0,1,0,0,-27.9958038663587,-27.9958038663587,204.29702332627895,40.0
random-s0-0157,visibility,once,0.0,20.0,30.0,1,0,1,0,1,0,0,-27.9958038663587,-27.9958038663587,204.2970233262788,40.0
random-s0-0157,visibility,cycle,0.0,20.0,30.0,1,0,0,0,0,0,0,62.337545116910434,62.337545116910434,204.2970233262785,0.0
random-s0-0157,visibility,cycle,0.0,100.0,30.0,1,0,1,0,1,0,0,-27.9958038663587,-27.9958038663587,204.29702332627895,40.0
random-s0-0157,visibility,cycle,50.0,20.0,30.0,1,0,0,0,0,0,0,178.00525718841436,178.00525718841436,204.2970233262785,0.0
random-s0-0157,visibility,cycle,50.0,100.0,30.0,1,0,0,0,0,0,0,204.29702332627895,209.43589117845056,204.29702332627895,0.0
random-s0-0157,visibility,cycle,150.0,20.0,30.0,1,0,0,0,0,0,0,204.2970233262785,247.81676496348612,204.2970233262785,0.0
random-s0-0157,visibility,cycle,150.0,100.0,30.0,1,0,1,0,1,0,0,-27.9958038663587,-27.9958038663587,204.29702332627895,40.0
random-s0-0157,visibility,event,0.0,20.0,30.0,1,0,0,0,0,0,0,62.337545116910434,62.337545116910434,204.2970233262785,0.0
random-s0-0157,visibility,event,0.0,100.0,30.0,1,0,1,0,1,0,0,-27.9958038663587,-27.9958038663587,204.29702332627895,40.0
random-s0-0157,visibility,event,50.0,20.0,30.0,1,0,0,0,0,0,0,170.54047594159152,170.54047594159152,204.2970233262785,0.0
random-s0-0157,visibility,event,50.0,100.0,30.0,1,0,0,0,0,0,0,202.8024618427305,202.8024618427305,204.29702332627895,0.0
random-s0-0157,visibility,event,150.0,20.0,30.0,1,0,0,0,0,0,0,38.37131591504763,38.37131591504763,204.2970233262785,0.0
random-s0-0157,visibility,event,150.0,100.0,30.0,1,0,1,0,1,0,0,-27.9958038663587,-27.9958038663587,204.29702332627895,40.0
random-s0-0158,voronoi,once,0.0,20.0,30.0,1,0,1,0,1,0,0,-99.35392814136613,-99.35392814136613,91.84570600715648,240.0
random-s0-0158,voronoi,cycle,0.0,20.0,30.0,1,0,0,0,0,0,0,91.94810986297313,878.9723236582508,91.94810986297313,0.0
random-s0-0158,voronoi,cycle,0.0,100.0,30.0,1,0,0,0,0,0,0,94.40193961257177,878.9723236582508,94.40193961257177,0.0
random-s0-0158,voronoi,cycle,50.0,20.0,30.0,1,0,0,0,0,0,0,91.94810986297313,836.0009931556068,91.94810986297313,0.0
random-s0-0158,voronoi,cycle,50.0,100.0,30.0,1,0,0,0,0,0,0,94.2462176403721,878.9723236582508,94.2462176403721,0.0
random-s0-0158,voronoi,cycle,150.0,20.0,30.0,1,0,0,0,0,0,0,75.13557495199697,876.5635998675657,75.13557495199697,0.0
random-s0-0158,voronoi,cycle,150.0,100.0,30.0,1,0,0,0,0,0,0,96.30508046402224,878.9723236582508,96.30508046402224,0.0
random-s0-0158,voronoi,event,0.0,20.0,30.0,1,0,0,0,0,0,0,91.94810986297313,878.9723236582508,91.94810986297313,0.0
random-s0-0158,voronoi,event,0.0,100.0,30.0,1,0,0,0,0,0,0,94.40193961257177,878.9723236582508,94.40193961257177,0.0
random-s0-0158,voronoi,event,50.0,20.0,30.0,1,0,0,0,0,0,0,91.94810986297313,830.3529273771453,91.94810986297313,0.0
random-s0-0158,voronoi,event,50.0,100.0,30.0,1,0,0,0,0,0,0,94.2462176403721,878.9723236582508,94.2462176403721,0.0
random-s0-0158,voronoi,event,150.0,20.0,30.0,1,0,0,0,0,0,0,75.13557495199697,876.5635998675657,75.13557495199697,0.0
random-s0-0158,voronoi,event,150.0,100.0,30.0,1,0,0,0,0,0,0,96.37949357304832,878.9723236582508,96.37949357304832,0.0
random-s0-0158,prm,once,0.0,20.0,30.0,1,0,0,0,0,0,0,71.84954285025262,256.1099547613316,71.84954285025262,0.0
random-s0-0158,prm,cycle,0.0,20.0,30.0,1,0,0,0,0,0,0,61.44439364124449,727.0515712519039,61.44439364124449,0.0
random-s0-0158,prm,cycle,0.0,100.0,30.0,1,0,0,0,0,0,0,93.44267718733312,633.8753087190748,93.44267718733312,0.0
random-s0-0158,prm,cycle,50.0,20.0,30.0,1,0,0,0,0,0,0,44.76400469172359,589.4244708479007,44.76400469172359,0.0
random-s0-0158,prm,cycle,50.0,100.0,30.0,1,0,0,0,0,0,0,94.84682932196016,593.899692605951,94.84682932196016,0.0
random-s0-0158,prm,cycle,150.0,20.0,30.0,1,0,0,0,0,0,0,18.3155561204957,619.1227879240126,18.3155561204957,0.0
random-s0-0158,prm,cycle,150.0,100.0,30.0,1,0,0,0,0,0,0,91.49924908028248,361.4051130658754,91.49924908028248,0.0
random-s0-0158,prm,event,0.0,20.0,30.0,1,0,0,0,0,0,0,87.68564301472674,685.8764664247934,87.68564301472674,0.0
random-s0-0158,prm,event,0.0,100.0,30.0,1,0,0,0,0,0,0,93.44267718733312,633.8753087190748,93.44267718733312,0.0
random-s0-0158,prm,event,50.0,20.0,30.0,1,0,0,0,0,0,0,55.281369019373074,55.281369019373074,78.36834602801486,0.0
random-s0-0158,prm,event,50.0,100.0,30.0,1,0,0,0,0,0,0,94.84682932196016,593.899692605951,94.84682932196016,0.0
random-s0-0158,prm,event,150.0,20.0,30.0,1,0,0,0,0,0,0,78.14477716944032,106.71303175247402,78.14477716944032,0.0
random-s0-0158,prm,event,150.0,100.0,30.0,1,0,0,0,0,0,0,78.55690713656355,90.03130545173252,78.55690713656355,0.0
random-s0-0158,visibility,once,0.0,20.0,30.0,1,0,0,0,0,0,0,65.95636256125132,264.0743111915902,65.95636256125132,0.0
random-s0-0158,visibility,cycle,0.0,20.0,30.0,1,0,0,0,0,0,0,62.402261644857305,679.8595270017903,62.402261644857305,0.0
random-s0-0158,visibility,cycle,0.0,100.0,30.0,1,0,0,0,0,0,0,65.95636256125132,679.8072901337531,65.95636256125132,0.0
random-s0-0158,visibility,cycle,50.0,20.0,30.0,1,0,0,0,0,0,0,65.98407007602023,676.9723390490916,65.98407007602023,0.0
random-s0-0158,visibility,cycle,50.0,100.0,30.0,1,0,0,0,0,0,0,65.95636256125132,679.7387816020048,65.95636256125132,0.0
random-s0-0158,visibility,cycle,150.0,20.0,30.0,1,0,0,0,0,0,0,65.95636256125132,671.1735928710228,65.95636256125132,0.0
random-s0-0158,visibility,cycle,150.0,100.0,30.0,1,0,0,0,0,0,0,65.95636256125132,625.7165191703394,65.95636256125132,0.0
random-s0-0158,visibility,event,0.0,20.0,30.0,1,0,0,0,0,0,0,63.70194405374633,679.4778750883065,63.70194405374633,0.0
random-s0-0158,visibility,event,0.0,100.0,30.0,1,0,0,0,0,0,0,65.95636256125132,679.8072901337531,65.95636256125132,0.0
random-s0-0158,visibility,event,50.0,20.0,30.0,1,0,0,0,0,0,0,67.36376527730718,645.7552994642273,67.36376527730718,0.0
random-s0-0158,visibility,event,50.0,100.0,30.0,1,0,0,0,0,0,0,65.95636256125132,676.3944522387676,65.95636256125132,0.0
random-s0-0158,visibility,event,150.0,20.0,30.0,1,0,0,0,0,0,0,65.95636256125132,221.24536644187947,65.95636256125132,0.0
random-s0-0158,visibility,event,150.0,100.0,30.0,1,0,0,0,0,0,0,65.95636256125132,591.6283254934617,65.95636256125132,0.0
random-s0-0159,voronoi,once,0.0,20.0,30.0,1,0,1,1,0,1,0,-111.6880247954436,168.91271984147392,-111.6880247954436,340.0
random-s0-0159,voronoi,cycle,0.0,20.0,30.0,1,0,0,0,0,0,0,32.42705546690175,137.39493061265398,32.42705546690175,0.0
random-s0-0159,voronoi,cycle,0.0,100.0,30.0,1,0,0,0,0,0,0,76.66017626907438,168.91271984147392,76.66017626907438,0.0
random-s0-0159,voronoi,cycle,50.0,20.0,30.0,1,0,0,0,0,0,0,34.065550634731096,209.1869106522338,34.065550634731096,0.0
random-s0-0159,voronoi,cycle,50.0,100.0,30.0,1,0,0,0,0,0,0,39.96365713163107,168.91271984147392,39.96365713163107,0.0
random-s0-0159,voronoi,cycle,150.0,20.0,30.0,1,0,0,0,0,0,0,37.14231192987447,181.53888102430028,37.14231192987447,0.0
random-s0-0159,voronoi,cycle,150.0,100.0,30.0,1,0,0,0,0,0,0,35.035590157725295,168.91271984147392,35.035590157725295,0.0
random-s0-0159,voronoi,event,0.0,20.0,30.0,1,0,0,0,0,0,0,30.24154834898985,168.91271984147392,30.24154834898985,0.0
random-s0-0159,voronoi,event,0.0,100.0,30.0,1,0,0,0,0,0,0,32.275523127871224,168.91271984147392,32.275523127871224,0.0
random-s0-0159,voronoi,event,50.0,20.0,30.0,1,0,0,0,0,0,0,31.486033376068264,198.5477737888507,31.486033376068264,0.0
random-s0-0159,voronoi,event,50.0,100.0,30.0,1,0,0,0,0,0,0,9.22853379978386,168.91271984147392,9.22853379978386,0.0
random-s0-0159,voronoi,event,150.0,20.0,30.0,1,0,2,2,0,2,0,-4.599522128408381,189.53066431314227,-4.599522128408381,139.99999999999702
random-s0-0159,voronoi,event,150.0,100.0,30.0,1,0,0,0,0,0,0,33.012762422115145,168.91271984147392,33.012762422115145,0.0
random-s0-0159,prm,once,0.0,20.0,30.0,1,0,1,1,0,0,1,-109.41819107931568,173.01255764213727,-109.41819107931568,279.99999999999994
random-s0-0159,prm,cycle,0.0,20.0,30.0,1,0,0,0,0,0,0,39.83227561353064,173.01255764213727,39.83227561353064,0.0
random-s0-0159,prm,cycle,0.0,100.0,30.0,1,0,0,0,0,0,0,76.66017626907438,173.01255764213727,76.66017626907438,0.0
random-s0-0159,prm,cycle,50.0,20.0,30.0,1,0,0,0,0,0,0,31.02160503411289,173.01255764213727,31.02160503411289,0.0
random-s0-0159,prm,cycle,50.0,100.0,30.0,1,0,0,0,0,0,0,67.5824876894896,173.01255764213727,67.5824876894896,0.0
random-s0-0159,prm,cycle,150.0,20.0,30.0,1,0,0,0,0,0,0,34.16497737281017,84.34185845983183,34.16497737281017,0.0
random-s0-0159,prm,cycle,150.0,100.0,30.0,1,0,0,0,0,0,0,76.66017626907438,83.15615876498458,76.66017626907438,0.0
random-s0-0159,prm,event,0.0,20.0,30.0,1,0,0,0,0,0,0,35.38152309014603,42.21294813106826,35.38152309014603,0.0
random-s0-0159,prm,event,0.0,100.0,30.0,1,0,0,0,0,0,0,59.06766113028726,96.66520499609538,59.06766113028726,0.0
random-s0-0159,prm,event,50.0,20.0,30.0,1,0,0,0,0,0,0,30.235355955958028,30.235355955958028,35.55914855942268,0.0
random-s0-0159,prm,event,50.0,100.0,30.0,1,0,0,0,0,0,0,30.625107537909827,106.86233344462327,30.625107537909827,0.0
random-s0-0159,prm,event,150.0,20.0,30.0,1,0,0,0,0,0,0,35.75696503407863,68.36317235061983,35.75696503407863,0.0
random-s0-0159,prm,event,150.0,100.0,30.0,1,0,0,0,0,0,0,47.059627257212185,83.15615876498458,47.059627257212185,0.0
random-s0-0159,visibility,once,0.0,20.0,30.0,1,0,1,1,0,0,1,-53.83529394901679,177.5516715574651,-53.83529394901679,60.0
random-s0-0159,visibility,cycle,0.0,20.0,30.0,1,0,2,2,0,1,1,-119.5143893679205,177.5516715574651,-119.5143893679205,440.0000000000001
random-s0-0159,visibility,cycle,0.0,100.0,30.0,1,0,0,0,0,0,0,5.527688644068348,177.5516715574651,5.527688644068348,0.0
random-s0-0159,visibility,cycle,50.0,20.0,30.0,1,0,1,1,0,1,0,-149.35519329975267,177.5516715574651,-149.35519329975267,440.0000000000001
random-s0-0159,visibility,cycle,50.0,100.0,30.0,1,0,1,1,0,1,0,-124.43508110095726,177.5516715574651,-124.43508110095726,420.0000000000001
random-s0-0159,visibility,cycle,150.0,20.0,30.0,1,0,1,1,0,1,0,-170.26917042475168,177.5516715574651,-170.26917042475168,279.99999999999994
random-s0-0159,visibility,cycle,150.0,100.0,30.0,1,0,1,1,0,1,0,-162.66260372240936,177.5516715574651,-162.66260372240936,320.0
random-s0-0159,visibility,event,0.0,20.0,30.0,1,0,1,1,0,0,1,-24.428335659303485,177.5516715574651,-24.428335659303485,59.99999999999872
random-s0-0159,visibility,event,0.0,100.0,30.0,1,0,1,1,0,0,1,-105.76823151529597,177.5516715574651,-105.76823151529597,340.0
random-s0-0159,visibility,event,50.0,20.0,30.0,1,0,0,0,0,0,0,22.07735991062441,177.5516715574651,22.07735991062441,0.0
random-s0-0159,visibility,event,50.0,100.0,30.0,1,0,0,0,0,0,0,31.517880340686503,177.5516715574651,31.517880340686503,0.0
random-s0-0159,visibility,event,150.0,20.0,30.0,1,0,0,0,0,0,0,33.63316257396204,177.5516715574651,33.63316257396204,0.0
random-s0-0159,visibility,event,150.0,100.0,30.0,1,0,1,1,0,0,1,-18.15116839087992,177.5516715574651,-18.15116839087992,60.0
random-s0-0160,voronoi,once,0.0,20.0,30.0,1,0,3,1,2,0,1,-173.7155288645848,-99.7657895609772,-173.7155288645848,460.0000000000001
random-s0-0160,voronoi,cycle,0.0,20.0,30.0,1,0,0,0,0,0,0,84.4746468884847,84.4746468884847,92.526470563849,0.0
random-s0-0160,voronoi,cycle,0.0,100.0,30.0,1,0,0,0,0,0,0,52.26659712911194,52.26659712911194,96.11629235005393,0.0
random-s0-0160,voronoi,cycle,50.0,20.0,30.0,1,0,0,0,0,0,0,47.527786975301694,110.84962570810416,47.527786975301694,0.0
random-s0-0160,voronoi,cycle,50.0,100.0,30.0,1,0,0,0,0,0,0,47.35140888991248,99.56891305503262,47.35140888991248,0.0
random-s0-0160,voronoi,cycle,150.0,20.0,30.0,1,0,0,0,0,0,0,33.70430808416029,181.9728442853139,33.70430808416029,0.0
random-s0-0160,voronoi,cycle,150.0,100.0,30.0,1,0,0,0,0,0,0,62.97286021176018,181.9728442853139,62.97286021176018,0.0
random-s0-0160,voronoi,event,0.0,20.0,30.0,1,0,0,0,0,0,0,5.1685156185325525,5.1685156185325525,59.95916203916087,0.0
random-s0-0160,voronoi,event,0.0,100.0,30.0,1,0,1,0,1,0,0,-19.85081154945672,-19.85081154945672,23.65161557508179,39.99999999999991
random-s0-0160,voronoi,event,50.0,20.0,30.0,1,0,0,0,0,0,0,42.44463421040524,93.4630850733398,42.44463421040524,0.0
random-s0-0160,voronoi,event,50.0,100.0,30.0,1,0,0,0,0,0,0,41.90038309624035,98.17117839920344,41.90038309624035,0.0
random-s0-0160,voronoi,event,150.0,20.0,30.0,1,0,0,0,0,0,0,42.08756808697476,101.10282722545162,42.08756808697476,0.0
random-s0-0160,voronoi,event,150.0,100.0,30.0,1,0,0,0,0,0,0,62.97286021176018,181.9728442853139,62.97286021176018,0.0
random-s0-0160,prm,once,0.0,20.0,30.0,1,0,0,0,0,0,0,77.59848598727513,181.9728442853139,77.59848598727513,0.0
random-s0-0160,prm,cycle,0.0,20.0,30.0,1,0,0,0,0,0,0,33.50381556743537,33.50381556743537,77.59848598727518,0.0
random-s0-0160,prm,cycle,0.0,100.0,30.0,1,0,2,0,2,0,0,-163.17705218283947,-163.17705218283947,77.59848598727513,259.99999999999966
random-s0-0160,prm,cycle,50.0,20.0,30.0,1,0,0,0,0,0,0,67.86547304980817,135.36281399178716,67.86547304980817,0.0
random-s0-0160,prm,cycle,50.0,100.0,30.0,1,0,0,0,0,0,0,60.04551776218767,60.04551776218767,77.59848598727513,0.0
random-s0-0160,prm,cycle,150.0,20.0,30.0,1,0,0,0,0,0,0,32.16101622526347,181.9728442853139,32.16101622526347,0.0
random-s0-0160,prm,cycle,150.0,100.0,30.0,1,0,0,0,0,0,0,70.21472657922831,181.9728442853139,70.21472657922831,0.0
random-s0-0160,prm,event,0.0,20.0,30.0,1,0,1,0,1,0,0,-153.66805359181228,-153.66805359181228,77.59848598727518,800.0000000000003
random-s0-0160,prm,event,0.0,100.0,30.0,1,0,2,0,2,0,0,-72.12850115503102,-72.12850115503102,77.59848598727513,79.99999999999982
random-s0-0160,prm,event,50.0,20.0,30.0,1,0,0,0,0,0,0,62.34149947830892,107.3020854493617,62.34149947830892,0.0
random-s0-0160,prm,event,50.0,100.0,30.0,1,0,0,0,0,0,0,72.16171144004306,72.16171144004306,77.59848598727513,0.0
random-s0-0160,prm,event,150.0,20.0,30.0,1,0,0,0,0,0,0,33.69415408804019,181.9728442853139,33.69415408804019,0.0
random-s0-0160,prm,event,150.0,100.0,30.0,1,0,0,0,0,0,0,77.59848598727513,84.74928446787976,77.59848598727513,0.0
random-s0-0160,visibility,once,0.0,20.0,30.0,1,0,1,0,1,0,0,-113.6345149068936,-113.6345149068936,128.56736677938625,80.0
random-s0-0160,visibility,cycle,0.0,20.0,30.0,1,0,0,0,0,0,0,69.00059060628953,69.00059060628953,102.34410847158348,0.0
random-s0-0160,visibility,cycle,0.0,100.0,30.0,1,0,0,0,0,0,0,95.88594717967884,95.88594717967884,110.07758820779452,0.0
random-s0-0160,visibility,cycle,50.0,20.0,30.0,1,0,0,0,0,0,0,61.1091388646021,61.1091388646021,130.43664080524906,0.0
random-s0-0160,visibility,cycle,50.0,100.0,30.0,1,0,1,0,1,0,0,-170.74561959644862,-170.74561959644862,108.47657532911892,279.99999999999994
random-s0-0160,visibility,cycle,150.0,20.0,30.0,1,0,0,0,0,0,0,74.68897565822547,176.32198702964388,74.68897565822547,0.0
random-s0-0160,visibility,cycle,150.0,100.0,30.0,1,0,0,0,0,0,0,126.08141360334965,145.61377831601868,126.08141360334965,0.0
random-s0-0160,visibility,event,0.0,20.0,30.0,1,0,0,0,0,0,0,30.899836152049343,30.899836152049343,65.65344208820505,0.0
random-s0-0160,visibility,event,0.0,100.0,30.0,1,0,0,0,0,0,0,75.84872714419606,88.5866182456221,75.84872714419606,0.0
random-s0-0160,visibility,event,50.0,20.0,30.0,1,0,0,0,0,0,0,36.7370978447776,36.7370978447776,77.95945344888844,0.0
random-s0-0160,visibility,event,50.0,100.0,30.0,1,0,0,0,0,0,0,39.97503534337824,39.97503534337824,70.97765498147865,0.0
random-s0-0160,visibility,event,150.0,20.0,30.0,1,0,0,0,0,0,0,32.14083078765,178.36266597435656,32.14083078765,0.0
random-s0-0160,visibility,event,150.0,100.0,30.0,1,0,0,0,0,0,0,30.407846310224272,31.34575716966046,30.407846310224272,0.0
random-s0-0161,voronoi,once,0.0,20.0,30.0,1,0,1,0,1,0,0,-57.97831130773336,-57.97831130773336,28.22851240965406,40.0
random-s0-0161,voronoi,cycle,0.0,20.0,30.0,1,0,0,0,0,0,0,49.79961669554831,180.71944258870087,49.79961669554831,0.0
random-s0-0161,voronoi,cycle,0.0,100.0,30.0,1,0,0,0,0,0,0,89.87046628229336,192.76442058896032,89.87046628229336,0.0
random-s0-0161,voronoi,cycle,50.0,20.0,30.0,1,0,0,0,0,0,0,42.42034786537764,236.06425127332489,42.42034786537764,0.0
random-s0-0161,voronoi,cycle,50.0,100.0,30.0,1,0,0,0,0,0,0,181.83221068596544,260.3528954152834,181.83221068596544,0.0
random-s0-0161,voronoi,cycle,150.0,20.0,30.0,1,0,0,0,0,0,0,33.8470681331375,324.7047408186183,33.8470681331375,0.0
random-s0-0161,voronoi,cycle,150.0,100.0,30.0,1,0,0,0,0,0,0,68.55200222117051,139.55151270772149,68.55200222117051,0.0
random-s0-0161,voronoi,event,0.0,20.0,30.0,1,0,1,0,1,0,0,-2.564773635409012,-2.564773635409012,44.99035811010569,20.0
random-s0-0161,voronoi,event,0.0,100.0,30.0,1,0,0,0,0,0,0,58.6703254859369,61.52952954192267,58.6703254859369,0.0
random-s0-0161,voronoi,event,50.0,20.0,30.0,1,0,0,0,0,0,0,78.55520397609462,136.4698193228457,78.55520397609462,0.0
random-s0-0161,voronoi,event,50.0,100.0,30.0,1,0,0,0,0,0,0,92.33154740554984,213.15524406455015,92.33154740554984,0.0
random-s0-0161,voronoi,event,150.0,20.0,30.0,1,0,0,0,0,0,0,34.02548586461546,43.160910319077374,34.02548586461546,0.0
random-s0-0161,voronoi,event,150.0,100.0,30.0,1,0,0,0,0,0,0,34.18125076280671,148.1555472927068,34.18125076280671,0.0
random-s0-0161,prm,once,0.0,20.0,30.0,1,0,2,0,2,0,0,-78.49454429987915,-78.49454429987915,240.39373466772213,100.0
random-s0-0161,prm,cycle,0.0,20.0,30.0,1,0,1,0,1,0,0,-8.381176187618934,-8.381176187618934,37.47603644225816,40.0
random-s0-0161,prm,cycle,0.0,100.0,30.0,1,0,0,0,0,0,0,11.6603350374221,11.6603350374221,67.7598076419475,0.0
random-s0-0161,prm,cycle,50.0,20.0,30.0,1,0,0,0,0,0,0,46.42606409853542,118.64738055065544,46.42606409853542,0.0
random-s0-0161,prm,cycle,50.0,100.0,30.0,1,0,0,0,0,0,0,84.15534657979003,160.71119777096027,84.15534657979003,0.0
random-s0-0161,prm,cycle,150.0,20.0,30.0,1,0,0,0,0,0,0,32.882936700689896,128.96372256484625,32.882936700689896,0.0
random-s0-0161,prm,cycle,150.0,100.0,30.0,1,0,0,0,0,0,0,118.46919605382612,128.9637225648462,118.46919605382612,0.0
random-s0-0161,prm,event,0.0,20.0,30.0,1,0,0,0,0,0,0,49.82746282969532,65.337930050068,49.82746282969532,0.0
random-s0-0161,prm,event,0.0,100.0,30.0,1,0,1,0,1,0,0,-49.41664345948689,-49.41664345948689,54.82914634173457,179.99999999999986
random-s0-0161,prm,event,50.0,20.0,30.0,1,0,0,0,0,0,0,36.19749505515489,49.62483530813512,36.19749505515489,0.0
random-s0-0161,prm,event,50.0,100.0,30.0,1,0,0,0,0,0,0,135.81696679796858,135.81696679796858,222.6442942557664,0.0
random-s0-0161,prm,event,150.0,20.0,30.0,1,0,0,0,0,0,0,128.96372256484625,128.96372256484625,191.93415361215847,0.0
random-s0-0161,prm,event,150.0,100.0,30.0,1,0,0,0,0,0,0,49.562078185389424,126.61441652800062,49.562078185389424,0.0
random-s0-0161,visibility,once,0.0,20.0,30.0,1,0,1,0,1,0,0,-57.97831130773336,-57.97831130773336,51.55978664404219,40.0
random-s0-0161,visibility,cycle,0.0,20.0,30.0,1,0,0,0,0,0,0,30.355409043419,106.91464877099064,30.355409043419,0.0
random-s0-0161,visibility,cycle,0.0,100.0,30.0,1,0,0,0,0,0,0,34.13896474160956,79.70613492923889,34.13896474160956,0.0
random-s0-0161,visibility,cycle,50.0,20.0,30.0,1,0,1,0,1,0,0,-21.672757917306114,-21.672757917306114,30.56935456584435,40.0
random-s0-0161,visibility,cycle,50.0,100.0,30.0,1,0,1,1,0,1,0,-82.1946224152742,78.18427051828195,-82.1946224152742,320.0
random-s0-0161,visibility,cycle,150.0,20.0,30.0,1,0,0,0,0,0,0,31.99601159352983,66.27567091922378,31.99601159352983,0.0
random-s0-0161,visibility,cycle,150.0,100.0,30.0,1,0,0,0,0,0,0,95.66022414667724,95.66022414667724,153.18017226844916,0.0
random-s0-0161,visibility,event,0.0,20.0,30.0,1,0,0,0,0,0,0,34.22420575035778,107.27829032120552,34.22420575035778,0.0
random-s0-0161,visibility,event,0.0,100.0,30.0,1,0,0,0,0,0,0,34.30205366311836,79.70613492923889,34.30205366311836,0.0
random-s0-0161,visibility,event,50.0,20.0,30.0,1,0,0,0,0,0,0,30.231787641965752,56.52851408235648,30.231787641965752,0.0
random-s0-0161,visibility,event,50.0,100.0,30.0,1,0,1,0,1,0,0,-39.28099758764296,-39.28099758764296,37.71060388719764,40.0
random-s0-0161,visibility,event,150.0,20.0,30.0,1,0,0,0,0,0,0,28.67422458222569,59.07127179780053,28.67422458222569,0.0
random-s0-0161,visibility,event,150.0,100.0,30.0,1,0,2,1,1,1,0,-79.70453851736652,-79.70453851736652,-39.354828888108585,520.0000000000001
random-s0-0162,voronoi,once,0.0,20.0,30.0,1,0,1,0,1,0,0,-53.87113879973394,-53.87113879973394,261.6307733010285,80.0
random-s0-0162,voronoi,cycle,0.0,20.0,30.0,1,0,0,0,0,0,0,34.94121253154441,34.94121253154441,41.4942609748893,0.0
random-s0-0162,voronoi,cycle,0.0,100.0,30.0,1,0,0,0,0,0,0,32.38996265067101,32.38996265067101,45.90607228175142,0.0
random-s0-0162,voronoi,cycle,50.0,20.0,30.0,1,0,0,0,0,0,0,49.47507835128616,108.1653988640242,49.47507835128616,0.0
random-s0-0162,voronoi,cycle,50.0,100.0,30.0,1,0,0,0,0,0,0,54.54659761359474,54.54659761359474,55.44964431481657,0.0
random-s0-0162,voronoi,cycle,150.0,20.0,30.0,1,0,0,0,0,0,0,62.826610874064414,102.82002162194414,62.826610874064414,0.0
random-s0-0162,voronoi,cycle,150.0,100.0,30.0,1,0,0,0,0,0,0,45.97974244715161,45.97974244715161,78.64313499304097,0.0
random-s0-0162,voronoi,event,0.0,20.0,30.0,1,0,0,0,0,0,0,31.743510424225747,31.743510424225747,41.46921437004926,0.0
random-s0-0162,voronoi,event,0.0,100.0,30.0,1,0,0,0,0,0,0,32.76855055550979,32.76855055550979,76.41336998826,0.0
random-s0-0162,voronoi,event,50.0,20.0,30.0,1,0,0,0,0,0,0,46.64515661059099,126.59865297699088,46.64515661059099,0.0
random-s0-0162,voronoi,event,50.0,100.0,30.0,1,0,0,0,0,0,0,67.38703601248,78.96023096776179,67.38703601248,0.0
random-s0-0162,voronoi,event,150.0,20.0,30.0,1,0,0,0,0,0,0,39.457037137013,39.457037137013,60.53423012282536,0.0
random-s0-0162,voronoi,event,150.0,100.0,30.0,1,0,0,0,0,0,0,81.67083013177898,137.40927976615166,81.67083013177898,0.0
random-s0-0162,prm,once,0.0,20.0,30.0,1,0,2,0,2,0,0,-60.74738599273845,-60.74738599273845,41.42469371720398,120.0
random-s0-0162,prm,cycle,0.0,20.0,30.0,1,0,1,0,1,0,0,-125.87980146780455,-125.87980146780455,77.35559476007916,59.99999999999999
random-s0-0162,prm,cycle,0.0,100.0,30.0,1,0,2,0,2,0,0,-129.5296392798237,-129.5296392798237,34.78739083653042,259.99999999999994
random-s0-0162,prm,cycle,50.0,20.0,30.0,1,0,0,0,0,0,0,31.25494779074293,160.94860714184915,31.25494779074293,0.0
random-s0-0162,prm,cycle,50.0,100.0,30.0,1,0,1,0,1,0,0,-60.74738599273845,-60.74738599273845,148.56026777063124,40.0
random-s0-0162,prm,cycle,150.0,20.0,30.0,1,0,0,0,0,0,0,32.73656868678157,103.0377010700626,32.73656868678157,0.0
random-s0-0162,prm,cycle,150.0,100.0,30.0,1,0,2,0,2,0,0,-60.74738599273845,-60.74738599273845,160.39696923334924,119.99999999999996
random-s0-0162,prm,event,0.0,20.0,30.0,1,0,1,0,1,0,0,-125.88247416999528,-125.88247416999528,95.37374231555856,59.99999999999999
random-s0-0162,prm,event,0.0,100.0,30.0,1,0,3,0,3,0,0,-129.43136997648472,-129.43136997648472,6.887163362046323,300.0
random-s0-0162,prm,event,50.0,20.0,30.0,1,0,0,0,0,0,0,51.41790754844578,159.9910239420704,51.41790754844578,0.0
random-s0-0162,prm,event,50.0,100.0,30.0,1,0,1,0,1,0,0,-60.74738599273845,-60.74738599273845,86.24659313379482,40.0
random-s0-0162,prm,event,150.0,20.0,30.0,1,0,0,0,0,0,0,74.08379244416778,103.0377010700626,74.08379244416778,0.0
random-s0-0162,prm,event,150.0,100.0,30.0,1,0,2,0,2,0,0,-60.74738599273845,-60.74738599273845,155.26710979980766,119.99999999999996
random-s0-0162,visibility,once,0.0,20.0,30.0,1,0,4,1,3,0,1,-110.95325131163732,-110.95325131163732,-66.91622945395397,820.0000000000003
random-s0-0162,visibility,cycle,0.0,20.0,30.0,1,0,1,0,1,0,0,-100.51803367013808,-100.51803367013808,29.292464505615783,440.0000000000001
random-s0-0162,visibility,cycle,0.0,100.0,30.0,1,0,1,0,1,0,0,-64.03320174420529,-64.03320174420529,30.95008171313572,100.0
random-s0-0162,visibility,cycle,50.0,20.0,30.0,1,0,0,0,0,0,0,23.22835046756757,45.91095639512406,23.22835046756757,0.0
random-s0-0162,visibility,cycle,50.0,100.0,30.0,1,0,0,0,0,0,0,28.67664713252228,49.18242800816873,28.67664713252228,0.0
random-s0-0162,visibility,cycle,150.0,20.0,30.0,1,0,0,0,0,0,0,16.366903396298994,16.366903396298994,65.1579698379791,0.0
random-s0-0162,visibility,cycle,150.0,100.0,30.0,1,0,0,0,0,0,0,64.78008814925195,278.4175330528051,64.78008814925195,0.0
random-s0-0162,visibility,event,0.0,20.0,30.0,1,0,1,0,1,0,0,-100.60686949594766,-100.60686949594766,30.82671070025941,440.0000000000001
random-s0-0162,visibility,event,0.0,100.0,30.0,1,0,2,1,1,0,1,-163.51220772927837,-64.03320174420529,-163.51220772927837,340.0
random-s0-0162,visibility,event,50.0,20.0,30.0,1,0,0,0,0,0,0,39.04525698056992,58.73258665964934,39.04525698056992,0.0
random-s0-0162,visibility,event,50.0,100.0,30.0,1,0,0,0,0,0,0,31.90101993398773,44.93795422377411,31.90101993398773,0.0
random-s0-0162,visibility,event,150.0,20.0,30.0,1,0,0,0,0,0,0,30.51045625137749,296.2891887921758,30.51045625137749,0.0
random-s0-0162,visibility,event,150.0,100.0,30.0,1,0,0,0,0,0,0,20.495457435326895,143.27114726940815,20.495457435326895,0.0
random-s0-0163,voronoi,once,0.0,20.0,30.0,1,0,2,1,1,0,1,-167.17173586301166,-167.17173586301166,-51.6693677377969,180.0
random-s0-0163,voronoi,cycle,0.0,20.0,30.0,1,0,0,0,0,0,0,13.35744088575106,554.3583905484271,13.35744088575106,0.0
random-s0-0163,voronoi,cycle,0.0,100.0,30.0,1,0,0,0,0,0,0,16.634823006508952,556.1413181836496,16.634823006508952,0.0
random-s0-0163,voronoi,cycle,50.0,20.0,30.0,1,0,0,0,0,0,0,30.641973648594306,553.9967670125438,30.641973648594306,0.0
random-s0-0163,voronoi,cycle,50.0,100.0,30.0,1,0,0,0,0,0,0,9.185578172661849,554.1456216613683,9.185578172661849,0.0
random-s0-0163,voronoi,cycle,150.0,20.0,30.0,1,0,0,0,0,0,0,32.75094133209228,554.7867356775389,32.75094133209228,0.0
random-s0-0163,voronoi,cycle,150.0,100.0,30.0,1,0,0,0,0,0,0,32.248216741233534,554.2105748387904,32.248216741233534,0.0
random-s0-0163,voronoi,event,0.0,20.0,30.0,1,0,0,0,0,0,0,7.244685693141292,177.9108071853728,7.244685693141292,0.0
random-s0-0163,voronoi,event,0.0,100.0,30.0,1,0,0,0,0,0,0,30.460017044878555,204.19628699539803,30.460017044878555,0.0
random-s0-0163,voronoi,event,50.0,20.0,30.0,1,0,0,0,0,0,0,31.461858801000176,189.6265499277272,31.461858801000176,0.0
random-s0-0163,voronoi,event,50.0,100.0,30.0,1,0,0,0,0,0,0,35.55362080751857,187.19272169318705,35.55362080751857,0.0
random-s0-0163,voronoi,event,150.0,20.0,30.0,1,0,0,0,0,0,0,30.75360088228373,382.3393166595218,30.75360088228373,0.0
random-s0-0163,voronoi,event,150.0,100.0,30.0,1,0,0,0,0,0,0,25.809943734639035,459.45597886270207,25.809943734639035,0.0
random-s0-0163,prm,once,0.0,20.0,30.0,1,0,3,2,1,0,2,-120.67789343437944,-120.67789343437944,-51.6693677377969,320.0
random-s0-0163,prm,cycle,0.0,20.0,30.0,1,0,0,0,0,0,0,7.287992947966472,554.0519623897079,7.287992947966472,0.0
random-s0-0163,prm,cycle,0.0,100.0,30.0,1,0,1,1,0,1,0,-10.346502147437093,356.7333989695055,-10.346502147437093,79.99999999999991
random-s0-0163,prm,cycle,50.0,20.0,30.0,1,0,0,0,0,0,0,32.1109621136784,554.2526975127056,32.1109621136784,0.0
random-s0-0163,prm,cycle,50.0,100.0,30.0,1,0,0,0,0,0,0,27.45627909861622,554.334553183939,27.45627909861622,0.0
random-s0-0163,prm,cycle,150.0,20.0,30.0,1,0,0,0,0,0,0,32.1109621136784,554.2526975127056,32.1109621136784,0.0
random-s0-0163,prm,cycle,150.0,100.0,30.0,1,0,0,0,0,0,0,38.03813797405786,555.295644209267,38.03813797405786,0.0
random-s0-0163,prm,event,0.0,20.0,30.0,1,0,0,0,0,0,0,7.287992947966472,314.960659730559,7.287992947966472,0.0
random-s0-0163,prm,event,0.0,100.0,30.0,1,0,1,1,0,1,0,-10.346502147437093,181.8555482756929,-10.346502147437093,79.99999999999991
random-s0-0163,prm,event,50.0,20.0,30.0,1,0,0,0,0,0,0,39.11757089814881,180.9363060419221,39.11757089814881,0.0
random-s0-0163,prm,event,50.0,100.0,30.0,1,0,0,0,0,0,0,27.45627909861622,184.2972848434245,27.45627909861622,0.0
random-s0-0163,prm,event,150.0,20.0,30.0,1,0,0,0,0,0,0,31.95990336203897,344.82010500955334,31.95990336203897,0.0
random-s0-0163,prm,event,150.0,100.0,30.0,1,0,0,0,0,0,0,31.512517354883958,554.008883857174,31.512517354883958,0.0
random-s0-0163,visibility,once,0.0,20.0,30.0,1,0,2,2,0,0,2,-75.14923346437651,212.96436098121237,-75.14923346437651,240.0
random-s0-0163,visibility,cycle,0.0,20.0,30.0,1,0,1,1,0,1,0,-148.51803163562562,212.96436098121225,-148.51803163562562,320.0
random-s0-0163,visibility,cycle,0.0,100.0,30.0,1,0,1,1,0,1,0,-124.81776909297426,212.96436098121217,-124.81776909297426,319.9999999999998
random-s0-0163,visibility,cycle,50.0,20.0,30.0,1,0,1,1,0,1,0,-129.55263774571347,212.96436098121225,-129.55263774571347,339.9999999999999
random-s0-0163,visibility,cycle,50.0,100.0,30.0,1,0,1,1,0,1,0,-148.24557713431744,212.96436098121217,-148.24557713431744,319.9999999999997
random-s0-0163,visibility,cycle,150.0,20.0,30.0,1,0,0,0,0,0,0,14.088097152778971,222.2710928723685,14.088097152778971,0.0
random-s0-0163,visibility,cycle,150.0,100.0,30.0,1,0,1,1,0,1,0,-128.46208703801693,221.51450310812845,-128.46208703801693,279.99999999999994
random-s0-0163,visibility,event,0.0,20.0,30.0,1,0,1,1,0,1,0,-148.71043442049196,212.96436098121225,-148.71043442049196,320.0
random-s0-0163,visibility,event,0.0,100.0,30.0,1,0,1,1,0,1,0,-124.81776909297426,212.96436098121217,-124.81776909297426,319.9999999999998
random-s0-0163,visibility,event,50.0,20.0,30.0,1,0,1,1,0,1,0,-127.83633999035382,212.96436098121225,-127.83633999035382,339.9999999999999
random-s0-0163,visibility,event,50.0,100.0,30.0,1,0,1,1,0,1,0,-148.24557713431744,212.96436098121217,-148.24557713431744,319.9999999999997
random-s0-0163,visibility,event,150.0,20.0,30.0,1,0,1,1,0,0,1,-1.3637605738801142,548.3237905366685,-1.3637605738801142,80.0
random-s0-0163,visibility,event,150.0,100.0,30.0,1,0,1,1,0,1,0,-149.24485812136908,240.21369164266488,-149.24485812136908,300.0
random-s0-0164,voronoi,once,0.0,20.0,30.0,1,0,2,0,2,0,0,-107.97297628543949,-107.97297628543949,5.609363548899296,279.99999999999994
random-s0-0164,voronoi,cycle,0.0,20.0,30.0,1,0,0,0,0,0,0,82.4631183035803,89.62740037140412,82.4631183035803,0.0
random-s0-0164,voronoi,cycle,0.0,100.0,30.0,1,0,0,0,0,0,0,75.38813947526052,89.29395518325651,75.38813947526052,0.0
random-s0-0164,voronoi,cycle,50.0,20.0,30.0,1,0,0,0,0,0,0,76.06485216132808,360.74154098102485,76.06485216132808,0.0
random-s0-0164,voronoi,cycle,50.0,100.0,30.0,1,0,0,0,0,0,0,120.92365760400668,284.72964117458514,120.92365760400668,0.0
random-s0-0164,voronoi,cycle,150.0,20.0,30.0,1,0,0,0,0,0,0,5.167325601555177,340.6524154743948,5.167325601555177,0.0
random-s0-0164,voronoi,cycle,150.0,100.0,30.0,1,0,0,0,0,0,0,183.71996143892423,311.02465695609106,183.71996143892423,0.0
random-s0-0164,voronoi,event,0.0,20.0,30.0,1,0,0,0,0,0,0,63.1551076564972,63.1551076564972,120.3082682846092,0.0
random-s0-0164,voronoi,event,0.0,100.0,30.0,1,0,0,0,0,0,0,12.999332353848018,12.999332353848018,75.38813947526052,0.0
random-s0-0164,voronoi,event,50.0,20.0,30.0,1,0,0,0,0,0,0,55.69050092964028,55.69050092964028,63.67729668186922,0.0
random-s0-0164,voronoi,event,50.0,100.0,30.0,1,0,0,0,0,0,0,92.3355992719272,131.207089524151,92.3355992719272,0.0
random-s0-0164,voronoi,event,150.0,20.0,30.0,1,0,0,0,0,0,0,34.86918163357828,300.07803020465025,34.86918163357828,0.0
random-s0-0164,voronoi,event,150.0,100.0,30.0,1,0,0,0,0,0,0,101.43162026323556,249.65176727584247,101.43162026323556,0.0
random-s0-0164,prm,once,0.0,20.0,30.0,1,0,2,1,1,0,1,-155.42657725501255,-97.03985359282431,-155.42657725501255,180.0
random-s0-0164,prm,cycle,0.0,20.0,30.0,1,0,0,0,0,0,0,16.94790851079037,139.58233222329972,16.94790851079037,0.0
random-s0-0164,prm,cycle,0.0,100.0,30.0,1,0,0,0,0,0,0,14.983199281690588,53.94500999377144,14.983199281690588,0.0
random-s0-0164,prm,cycle,50.0,20.0,30.0,1,0,0,0,0,0,0,51.89170989478328,101.82866627509088,51.89170989478328,0.0
random-s0-0164,prm,cycle,50.0,100.0,30.0,1,0,0,0,0,0,0,33.43611383292961,227.16750459282235,33.43611383292961,0.0
random-s0-0164,prm,cycle,150.0,20.0,30.0,1,0,0,0,0,0,0,48.87192124224831,215.64046283417463,48.87192124224831,0.0
random-s0-0164,prm,cycle,150.0,100.0,30.0,1,0,0,0,0,0,0,44.366869041262845,366.5281546112132,44.366869041262845,0.0
random-s0-0164,prm,event,0.0,20.0,30.0,1,0,0,0,0,0,0,61.38158185939989,214.45643236786972,61.38158185939989,0.0
random-s0-0164,prm,event,0.0,100.0,30.0,1,0,0,0,0,0,0,14.983199281690588,186.66495563226036,14.983199281690588,0.0
random-s0-0164,prm,event,50.0,20.0,30.0,1,0,0,0,0,0,0,83.40952566085201,268.8098410142887,83.40952566085201,0.0
random-s0-0164,prm,event,50.0,100.0,30.0,1,0,0,0,0,0,0,50.95309229229048,278.5783323189711,50.95309229229048,0.0
random-s0-0164,prm,event,150.0,20.0,30.0,1,0,0,0,0,0,0,41.80912531172302,61.56112710159093,41.80912531172302,0.0
random-s0-0164,prm,event,150.0,100.0,30.0,1,0,0,0,0,0,0,38.83264093713959,520.9429505890331,38.83264093713959,0.0
random-s0-0164,visibility,once,0.0,20.0,30.0,1,0,1,0,1,0,0,-161.37786178636492,-161.37786178636492,139.70757979743826,140.0
random-s0-0164,visibility,cycle,0.0,20.0,30.0,1,0,0,0,0,0,0,20.468371710012235,20.468371710012235,186.66802405792876,0.0
random-s0-0164,visibility,cycle,0.0,100.0,30.0,1,0,0,0,0,0,0,8.046738973753804,8.046738973753804,189.54009014467744,0.0
random-s0-0164,visibility,cycle,50.0,20.0,30.0,1,0,0,0,0,0,0,100.9510599120577,201.15453112393897,100.9510599120577,0.0
random-s0-0164,visibility,cycle,50.0,100.0,30.0,1,0,0,0,0,0,0,90.972837973013,112.91353021132352,90.972837973013,0.0
random-s0-0164,visibility,cycle,150.0,20.0,30.0,1,0,0,0,0,0,0,18.87190775987293,225.44995273319935,18.87190775987293,0.0
random-s0-0164,visibility,cycle,150.0,100.0,30.0,1,0,1,0,1,0,0,-0.160221134745143,-0.160221134745143,16.195994228661732,20.0
random-s0-0164,visibility,event,0.0,20.0,30.0,1,0,0,0,0,0,0,25.317381981104177,25.317381981104177,189.5400901446773,0.0
random-s0-0164,visibility,event,0.0,100.0,30.0,1,0,1,0,1,0,0,-33.56401090860456,-33.56401090860456,189.54009014467744,80.0
random-s0-0164,visibility,event,50.0,20.0,30.0,1,0,0,0,0,0,0,148.6276078186625,148.6276078186625,156.99514385024867,0.0
random-s0-0164,visibility,event,50.0,100.0,30.0,1,0,0,0,0,0,0,70.71856537125265,70.71856537125265,162.69248719590706,0.0
random-s0-0164,visibility,event,150.0,20.0,30.0,1,0,0,0,0,0,0,31.202977049857708,106.99967524658246,31.202977049857708,0.0
random-s0-0164,visibility,event,150.0,100.0,30.0,1,0,1,0,1,0,0,-103.72188879486372,-103.72188879486372,147.89322134545773,40.0
random-s0-0165,voronoi,once,0.0,20.0,30.0,1,0,3,1,2,1,0,-174.90248738762492,-174.90248738762492,-173.3349623909623,2760.000000000002
random-s0-0165,voronoi,cycle,0.0,20.0,30.0,1,0,0,0,0,0,0,120.77231857182034,120.77231857182034,177.5166761691828,0.0
random-s0-0165,voronoi,cycle,0.0,100.0,30.0,1,0,0,0,0,0,0,109.3998322619567,109.3998322619567,282.42949138939224,0.0
random-s0-0165,voronoi,cycle,50.0,20.0,30.0,1,0,0,0,0,0,0,104.36295908270432,104.36295908270432,162.90072725262957,0.0
random-s0-0165,voronoi,cycle,50.0,100.0,30.0,1,0,0,0,0,0,0,130.0777116619347,130.0777116619347,201.88917465487447,0.0
random-s0-0165,voronoi,cycle,150.0,20.0,30.0,1,0,0,0,0,0,0,140.93606741953852,300.6851159993729,140.93606741953852,0.0
random-s0-0165,voronoi,cycle,150.0,100.0,30.0,1,0,0,0,0,0,0,261.42437410756725,272.01523950363804,261.42437410756725,0.0
random-s0-0165,voronoi,event,0.0,20.0,30.0,1,0,0,0,0,0,0,137.23045881516043,137.23045881516043,177.59256311740495,0.0
random-s0-0165,voronoi,event,0.0,100.0,30.0,1,0,0,0,0,0,0,114.40664533571254,114.40664533571254,153.2348258810312,0.0
random-s0-0165,voronoi,event,50.0,20.0,30.0,1,0,0,0,0,0,0,161.7058506746293,161.7058506746293,166.6671836429436,0.0
random-s0-0165,voronoi,event,50.0,100.0,30.0,1,0,0,0,0,0,0,115.72591292987994,115.72591292987994,238.6848867479046,0.0
random-s0-0165,voronoi,event,150.0,20.0,30.0,1,0,0,0,0,0,0,220.3467020225437,220.3467020225437,309.4361383235952,0.0
random-s0-0165,voronoi,event,150.0,100.0,30.0,1,0,0,0,0,0,0,52.24652024814904,272.01523950363804,52.24652024814904,0.0
random-s0-0165,prm,once,0.0,20.0,30.0,1,0,2,1,1,0,1,-141.03068878249854,-141.03068878249854,-70.26283619870517,840.0000000000005
random-s0-0165,prm,cycle,0.0,20.0,30.0,1,0,0,0,0,0,0,94.36758082672873,94.36758082672873,131.76529240621653,0.0
random-s0-0165,prm,cycle,0.0,100.0,30.0,1,0,1,0,1,0,0,-23.922860005203376,-23.922860005203376,158.1932778130676,40.0
random-s0-0165,prm,cycle,50.0,20.0,30.0,1,0,0,0,0,0,0,147.94522892128157,247.15867708111935,147.94522892128157,0.0
random-s0-0165,prm,cycle,50.0,100.0,30.0,1,0,0,0,0,0,0,140.2029544527394,140.2029544527394,163.08616395970074,0.0
random-s0-0165,prm,cycle,150.0,20.0,30.0,1,0,0,0,0,0,0,151.25959783972053,322.926246126339,151.25959783972053,0.0
random-s0-0165,prm,cycle,150.0,100.0,30.0,1,0,1,0,1,0,0,-170.305293442072,-170.305293442072,229.6230130930024,259.99999999999994
random-s0-0165,prm,event,0.0,20.0,30.0,1,0,0,0,0,0,0,118.40708532776016,118.40708532776016,119.76382078963422,0.0
random-s0-0165,prm,event,0.0,100.0,30.0,1,0,0,0,0,0,0,51.1942828279895,51.1942828279895,169.8942424011692,0.0
random-s0-0165,prm,event,50.0,20.0,30.0,1,0,0,0,0,0,0,126.78961754169626,247.15867708111935,126.78961754169626,0.0
random-s0-0165,prm,event,50.0,100.0,30.0,1,0,0,0,0,0,0,140.2029544527394,140.2029544527394,186.471799856094,0.0
random-s0-0165,prm,event,150.0,20.0,30.0,1,0,0,0,0,0,0,131.359502163954,270.7743455819417,131.359502163954,0.0
random-s0-0165,prm,event,150.0,100.0,30.0,1,0,1,0,1,0,0,-170.305293442072,-170.305293442072,229.6230130930024,259.99999999999994
random-s0-0165,visibility,once,0.0,20.0,30.0,1,0,1,1,0,0,1,-77.46547793249766,23.12400302584183,-77.46547793249766,380.00000000000006
random-s0-0165,visibility,cycle,0.0,20.0,30.0,1,0,1,1,0,1,0,-135.93610316886304,62.06634693110621,-135.93610316886304,560.0000000000001
random-s0-0165,visibility,cycle,0.0,100.0,30.0,1,0,0,0,0,0,0,62.29595500503558,65.58766208432866,62.29595500503558,0.0
random-s0-0165,visibility,cycle,50.0,20.0,30.0,1,0,0,0,0,0,0,82.04750708758854,277.7576003633241,82.04750708758854,0.0
random-s0-0165,visibility,cycle,50.0,100.0,30.0,1,0,0,0,0,0,0,26.993596318663748,26.993596318663748,84.32450657065681,0.0
random-s0-0165,visibility,cycle,150.0,20.0,30.0,1,0,0,0,0,0,0,35.84384765758156,35.84384765758156,84.19296394837829,0.0
random-s0-0165,visibility,cycle,150.0,100.0,30.0,1,0,0,0,0,0,0,35.84384765758156,35.84384765758156,84.56050607268503,0.0
random-s0-0165,visibility,event,0.0,20.0,30.0,1,0,0,0,0,0,0,65.58766208432871,65.58766208432871,136.75000868592429,0.0
random-s0-0165,visibility,event,0.0,100.0,30.0,1,0,0,0,0,0,0,65.58766208432866,65.58766208432866,81.05479682919872,0.0
random-s0-0165,visibility,event,50.0,20.0,30.0,1,0,0,0,0,0,0,85.30678031809026,277.7576003633241,85.30678031809026,0.0
random-s0-0165,visibility,event,50.0,100.0,30.0,1,0,0,0,0,0,0,26.993596318663748,26.993596318663748,88.02062970154344,0.0
random-s0-0165,visibility,event,150.0,20.0,30.0,1,0,0,0,0,0,0,35.84384765758156,35.84384765758156,119.72719625325652,0.0
random-s0-0165,visibility,event,150.0,100.0,30.0,1,0,0,0,0,0,0,35.84384765758156,35.84384765758156,115.52271286403304,0.0
random-s0-0166,voronoi,once,0.0,20.0,30.0,1,0,0,0,0,0,0,197.4087482203052,200.776693758943,197.4087482203052,0.0
random-s0-0166,voronoi,cycle,0.0,20.0,30.0,1,0,0,0,0,0,0,197.40874822030537,202.34524069401823,197.40874822030537,0.0
random-s0-0166,voronoi,cycle,0.0,100.0,30.0,1,0,0,0,0,0,0,197.4087482203053,200.776693758943,197.4087482203053,0.0
random-s0-0166,voronoi,cycle,50.0,20.0,30.0,1,0,0,0,0,0,0,197.40874822030537,199.50802828747453,197.40874822030537,0.0
random-s0-0166,voronoi,cycle,50.0,100.0,30.0,1,0,0,0,0,0,0,197.4087482203053,204.04346957008488,197.4087482203053,0.0
random-s0-0166,voronoi,cycle,150.0,20.0,30.0,1,0,0,0,0,0,0,197.40874822030537,198.02246806750213,197.40874822030537,0.0
random-s0-0166,voronoi,cycle,150.0,100.0,30.0,1,0,0,0,0,0,0,194.6858517327725,194.6858517327725,222.60890489562792,0.0
random-s0-0166,voronoi,event,0.0,20.0,30.0,1,0,0,0,0,0,0,197.40874822030537,205.5850197919833,197.40874822030537,0.0
random-s0-0166,voronoi,event,0.0,100.0,30.0,1,0,0,0,0,0,0,197.4087482203053,200.776693758943,197.4087482203053,0.0
random-s0-0166,voronoi,event,50.0,20.0,30.0,1,0,0,0,0,0,0,197.40874822030537,202.89199226686628,197.40874822030537,0.0
random-s0-0166,voronoi,event,50.0,100.0,30.0,1,0,0,0,0,0,0,197.4087482203053,204.04346957008488,197.4087482203053,0.0
random-s0-0166,voronoi,event,150.0,20.0,30.0,1,0,0,0,0,0,0,210.50638785332296,210.50638785332296,238.98102003937595,0.0
random-s0-0166,voronoi,event,150.0,100.0,30.0,1,0,0,0,0,0,0,198.74706950197705,198.74706950197705,222.60890489562792,0.0
random-s0-0166,prm,once,0.0,20.0,30.0,1,0,0,0,0,0,0,104.2202862110633,104.2202862110633,197.4087482203052,0.0
random-s0-0166,prm,cycle,0.0,20.0,30.0,1,0,0,0,0,0,0,197.40874822030537,204.71791769454356,197.40874822030537,0.0
random-s0-0166,prm,cycle,0.0,100.0,30.0,1,0,0,0,0,0,0,197.4087482203053,200.776693758943,197.4087482203053,0.0
random-s0-0166,prm,cycle,50.0,20.0,30.0,1,0,0,0,0,0,0,197.40874822030537,208.5585442967585,197.40874822030537,0.0
random-s0-0166,prm,cycle,50.0,100.0,30.0,1,0,0,0,0,0,0,197.4087482203053,199.0723071774832,197.4087482203053,0.0
random-s0-0166,prm,cycle,150.0,20.0,30.0,1,0,0,0,0,0,0,192.02504254701745,192.02504254701745,238.98102003937595,0.0
random-s0-0166,prm,cycle,150.0,100.0,30.0,1,0,0,0,0,0,0,197.4087482203053,200.776693758943,197.4087482203053,0.0
random-s0-0166,prm,event,0.0,20.0,30.0,1,0,0,0,0,0,0,197.40874822030537,204.71791769454356,197.40874822030537,0.0
random-s0-0166,prm,event,0.0,100.0,30.0,1,0,0,0,0,0,0,197.4087482203053,200.776693758943,197.4087482203053,0.0
random-s0-0166,prm,event,50.0,20.0,30.0,1,0,0,0,0,0,0,197.40874822030537,206.870967642601,197.40874822030537,0.0
random-s0-0166,prm,event,50.0,100.0,30.0,1,0,0,0,0,0,0,197.4087482203053,199.0723071774832,197.4087482203053,0.0
random-s0-0166,prm,event,150.0,20.0,30.0,1,0,0,0,0,0,0,196.27787287088336,196.27787287088336,197.40874822030537,0.0
random-s0-0166,prm,event,150.0,100.0,30.0,1,0,0,0,0,0,0,197.4087482203053,200.776693758943,197.4087482203053,0.0
random-s0-0166,visibility,once,0.0,20.0,30.0,1,0,0,0,0,0,0,197.4087482203052,200.776693758943,197.4087482203052,0.0
random-s0-0166,visibility,cycle,0.0,20.0,30.0,1,0,0,0,0,0,0,197.40874822030537,201.7933312212109,197.40874822030537,0.0
random-s0-0166,visibility,cycle,0.0,100.0,30.0,1,0,0,0,0,0,0,197.4087482203053,200.776693758943,197.4087482203053,0.0
random-s0-0166,visibility,cycle,50.0,20.0,30.0,1,0,0,0,0,0,0,197.40874822030537,200.67597113665687,197.40874822030537,0.0
random-s0-0166,visibility,cycle,50.0,100.0,30.0,1,0,0,0,0,0,0,197.4087482203053,198.1140112831053,197.4087482203053,0.0
random-s0-0166,visibility,cycle,150.0,20.0,30.0,1,0,0,0,0,0,0,65.91768481070588,65.91768481070588,238.98102003937595,0.0
random-s0-0166,visibility,cycle,150.0,100.0,30.0,1,0,0,0,0,0,0,83.1124784711867,83.1124784711867,238.9810200393759,0.0
random-s0-0166,visibility,event,0.0,20.0,30.0,1,0,0,0,0,0,0,197.40874822030537,201.69535011099435,197.40874822030537,0.0
random-s0-0166,visibility,event,0.0,100.0,30.0,1,0,0,0,0,0,0,197.4087482203053,200.776693758943,197.4087482203053,0.0
random-s0-0166,visibility,event,50.0,20.0,30.0,1,0,0,0,0,0,0,197.40874822030537,199.72454268854463,197.40874822030537,0.0
random-s0-0166,visibility,event,50.0,100.0,30.0,1,0,0,0,0,0,0,197.4087482203053,198.1140112831053,197.4087482203053,0.0
random-s0-0166,visibility,event,150.0,20.0,30.0,1,0,0,0,0,0,0,71.6903554195024,71.6903554195024,238.98102003937595,0.0
random-s0-0166,visibility,event,150.0,100.0,30.0,1,0,0,0,0,0,0,130.0926110450593,130.0926110450593,238.9810200393759,0.0
random-s0-0167,voronoi,once,0.0,20.0,30.0,1,0,0,0,0,0,0,37.91188387370912,37.91188387370912,79.31924835269751,0.0
random-s0-0167,voronoi,cycle,0.0,20.0,30.0,1,0,3,3,0,3,0,-33.63302591977069,37.91188387370914,-33.63302591977069,480.00000000000017
random-s0-0167,voronoi,cycle,0.0,100.0,30.0,1,0,2,2,0,1,1,-57.74831787150183,37.91188387370917,-57.74831787150183,540.0000000000001
random-s0-0167,voronoi,cycle,50.0,20.0,30.0,1,0,0,0,0,0,0,30.743198497774983,33.630528887732055,30.743198497774983,0.0
random-s0-0167,voronoi,cycle,50.0,100.0,30.0,1,0,0,0,0,0,0,31.131335786820078,31.131335786820078,39.50686822524352,0.0
random-s0-0167,voronoi,cycle,150.0,20.0,30.0,1,0,0,0,0,0,0,36.30349169777173,98.67547632575406,36.30349169777173,0.0
random-s0-0167,voronoi,cycle,150.0,100.0,30.0,1,0,0,0,0,0,0,44.95796374895545,121.35672650196916,44.95796374895545,0.0
random-s0-0167,voronoi,event,0.0,20.0,30.0,1,0,2,2,0,2,0,-20.90170543347733,37.91188387370914,-20.90170543347733,480.00000000000017
random-s0-0167,voronoi,event,0.0,100.0,30.0,1,0,2,2,0,2,0,-42.863344619029306,37.91188387370917,-42.863344619029306,480.00000000000017
random-s0-0167,voronoi,event,50.0,20.0,30.0,1,0,0,0,0,0,0,32.210687819581295,32.210687819581295,39.17041827352739,0.0
random-s0-0167,voronoi,event,50.0,100.0,30.0,1,0,1,1,0,1,0,-80.30318252445072,31.131335786820078,-80.30318252445072,460.0000000000001
random-s0-0167,voronoi,event,150.0,20.0,30.0,1,0,0,0,0,0,0,47.27803312408645,97.3876220332922,47.27803312408645,0.0
random-s0-0167,voronoi,event,150.0,100.0,30.0,1,0,0,0,0,0,0,27.82811355682188,111.02687762060924,27.82811355682188,0.0
random-s0-0167,prm,once,0.0,20.0,30.0,1,0,1,1,0,0,1,-9.141665776352228,37.48066863243588,-9.141665776352228,80.0
random-s0-0167,prm,cycle,0.0,20.0,30.0,1,0,1,1,0,1,0,-58.608708521660816,66.80013100545227,-58.608708521660816,300.0
random-s0-0167,prm,cycle,0.0,100.0,30.0,1,0,4,2,2,2,0,-154.674706471319,-122.53876323382956,-154.674706471319,680.0000000000001
random-s0-0167,prm,cycle,50.0,20.0,30.0,1,0,1,1,0,1,0,-68.45820693150789,86.33597551730855,-68.45820693150789,340.0
random-s0-0167,prm,cycle,50.0,100.0,30.0,1,0,0,0,0,0,0,37.53853739453618,121.05781384279516,37.53853739453618,0.0
random-s0-0167,prm,cycle,150.0,20.0,30.0,1,0,1,1,0,1,0,-85.358293199848,142.54709446420122,-85.358293199848,420.0000000000001
random-s0-0167,prm,cycle,150.0,100.0,30.0,1,0,0,0,0,0,0,37.48066863243588,37.48066863243588,49.899598989255566,0.0
random-s0-0167,prm,event,0.0,20.0,30.0,1,0,1,1,0,1,0,-94.23523644356946,5.949368715411254,-94.23523644356946,320.0
random-s0-0167,prm,event,0.0,100.0,30.0,1,0,3,2,1,2,0,-154.674706471319,-56.35553002721085,-154.674706471319,520.0000000000001
random-s0-0167,prm,event,50.0,20.0,30.0,1,0,1,1,0,1,0,-71.11320456939175,91.00094974736828,-71.11320456939175,340.0
random-s0-0167,prm,event,50.0,100.0,30.0,1,0,3,1,2,1,0,-159.36840612122938,-133.75328905722904,-159.36840612122938,960.0000000000002
random-s0-0167,prm,event,150.0,20.0,30.0,1,0,0,0,0,0,0,32.61296970557811,105.88126174907616,32.61296970557811,0.0
random-s0-0167,prm,event,150.0,100.0,30.0,1,0,0,0,0,0,0,34.00718830161321,37.48066863243588,34.00718830161321,0.0
random-s0-0167,visibility,once,0.0,20.0,30.0,1,0,1,1,0,1,0,-59.44836376943279,4.53680140082642,-59.44836376943279,300.0
random-s0-0167,visibility,cycle,0.0,20.0,30.0,1,0,2,2,0,1,1,-84.65939638376057,38.65890651782576,-84.65939638376057,640.0000000000002
random-s0-0167,visibility,cycle,0.0,100.0,30.0,1,0,1,1,0,1,0,-84.63135445639705,25.12699937083346,-84.63135445639705,480.00000000000017
random-s0-0167,visibility,cycle,50.0,20.0,30.0,1,0,1,1,0,1,0,-84.40525395973408,0.9769756644043924,-84.40525395973408,460.0000000000001
random-s0-0167,visibility,cycle,50.0,100.0,30.0,1,0,2,1,1,1,0,-78.46776789775828,-6.016575009633073,-78.46776789775828,500.0000000000001
random-s0-0167,visibility,cycle,150.0,20.0,30.0,1,0,2,2,0,1,1,-102.15343793513496,99.29595682660836,-102.15343793513496,560.0000000000001
random-s0-0167,visibility,cycle,150.0,100.0,30.0,1,0,0,0,0,0,0,10.460920241180872,126.39134529685155,10.460920241180872,0.0
random-s0-0167,visibility,event,0.0,20.0,30.0,1,0,1,1,0,1,0,-84.31705704559236,31.565825916089807,-84.31705704559236,480.00000000000017
random-s0-0167,visibility,event,0.0,100.0,30.0,1,0,1,1,0,1,0,-83.83427145743165,19.674335707713936,-83.83427145743165,460.0000000000001
random-s0-0167,visibility,event,50.0,20.0,30.0,1,0,2,2,0,2,0,-164.73085014526202,55.05050756752823,-164.73085014526202,680.0000000000002
random-s0-0167,visibility,event,50.0,100.0,30.0,1,0,3,2,1,2,0,-148.05519573074884,-5.646637131695684,-148.05519573074884,840.0000000000005
random-s0-0167,visibility,event,150.0,20.0,30.0,1,0,2,2,0,1,1,-165.67581450893863,71.09940260614172,-165.67581450893863,600.0000000000002
random-s0-0167,visibility,event,150.0,100.0,30.0,1,0,1,1,0,0,1,-21.926828296909434,103.94391959486654,-21.926828296909434,160.0
random-s0-0168,voronoi,once,0.0,20.0,30.0,1,0,1,1,0,1,0,-43.66136457435624,350.0065323645404,-43.66136457435624,700.0000000000003
random-s0-0168,voronoi,cycle,0.0,20.0,30.0,1,0,0,0,0,0,0,39.50552882490561,366.68773532777766,39.50552882490561,0.0
random-s0-0168,voronoi,cycle,0.0,100.0,30.0,1,0,0,0,0,0,0,29.15926902761217,366.68773532777743,29.15926902761217,0.0
random-s0-0168,voronoi,cycle,50.0,20.0,30.0,1,0,1,1,0,1,0,-22.862579628702804,366.68773532777766,-22.862579628702804,100.0
random-s0-0168,voronoi,cycle,50.0,100.0,30.0,1,0,0,0,0,0,0,0.5573278893865279,366.68773532777743,0.5573278893865279,0.0
random-s0-0168,voronoi,cycle,150.0,20.0,30.0,1,0,1,1,0,1,0,-23.207795929911214,525.6115881364815,-23.207795929911214,120.0
random-s0-0168,voronoi,cycle,150.0,100.0,30.0,1,0,1,1,0,1,0,-13.80096324559571,572.136675263059,-13.80096324559571,60.0
random-s0-0168,voronoi,event,0.0,20.0,30.0,1,0,0,0,0,0,0,39.50552882490561,366.68773532777766,39.50552882490561,0.0
random-s0-0168,voronoi,event,0.0,100.0,30.0,1,0,0,0,0,0,0,29.15926902761217,366.68773532777743,29.15926902761217,0.0
random-s0-0168,voronoi,event,50.0,20.0,30.0,1,0,1,1,0,1,0,-11.946958243087494,366.68773532777766,-11.946958243087494,40.0
random-s0-0168,voronoi,event,50.0,100.0,30.0,1,0,0,0,0,0,0,9.622613511922651,366.68773532777743,9.622613511922651,0.0
random-s0-0168,voronoi,event,150.0,20.0,30.0,1,0,1,1,0,1,0,-21.350527211375635,588.4266307053019,-21.350527211375635,100.0
random-s0-0168,voronoi,event,150.0,100.0,30.0,1,0,0,0,0,0,0,6.915188071311178,572.136675263059,6.915188071311178,0.0
random-s0-0168,prm,once,0.0,20.0,30.0,1,0,2,1,1,1,0,-93.4293811389109,-93.4293811389109,-43.66136457435624,840.0000000000005
random-s0-0168,prm,cycle,0.0,20.0,30.0,1,0,0,0,0,0,0,44.80019389442202,366.68773532777766,44.80019389442202,0.0
random-s0-0168,prm,cycle,0.0,100.0,30.0,1,0,0,0,0,0,0,39.50552882490592,366.68773532777743,39.50552882490592,0.0
random-s0-0168,prm,cycle,50.0,20.0,30.0,1,0,1,1,0,1,0,-39.88182544638579,366.68773532777766,-39.88182544638579,240.0
random-s0-0168,prm,cycle,50.0,100.0,30.0,1,0,1,1,0,1,0,-43.66136457435616,108.23251081931149,-43.66136457435616,700.0000000000003
random-s0-0168,prm,cycle,150.0,20.0,30.0,1,0,1,1,0,1,0,-36.56048992831703,532.7305714545386,-36.56048992831703,200.0
random-s0-0168,prm,cycle,150.0,100.0,30.0,1,0,1,1,0,1,0,-43.66136457435616,398.56177134721895,-43.66136457435616,380.00000000000006
random-s0-0168,prm,event,0.0,20.0,30.0,1,0,0,0,0,0,0,34.289915923342505,366.68773532777766,34.289915923342505,0.0
random-s0-0168,prm,event,0.0,100.0,30.0,1,0,0,0,0,0,0,39.50552882490592,366.68773532777743,39.50552882490592,0.0
random-s0-0168,prm,event,50.0,20.0,30.0,1,0,1,1,0,1,0,-33.30256936380616,366.68773532777766,-33.30256936380616,180.0
random-s0-0168,prm,event,50.0,100.0,30.0,1,0,1,1,0,1,0,-43.66136457435616,227.52917851147248,-43.66136457435616,700.0000000000003
random-s0-0168,prm,event,150.0,20.0,30.0,1,0,1,1,0,1,0,-41.49433941242816,328.81936575976266,-41.49433941242816,259.99999999999994
random-s0-0168,prm,event,150.0,100.0,30.0,1,0,1,1,0,1,0,-43.66136457435616,202.2819831004741,-43.66136457435616,520.0000000000001
random-s0-0168,visibility,once,0.0,20.0,30.0,1,0,1,1,0,1,0,-43.66136457435624,97.54748489544572,-43.66136457435624,680.0000000000002
random-s0-0168,visibility,cycle,0.0,20.0,30.0,1,0,0,0,0,0,0,50.16845578236379,366.68773532777766,50.16845578236379,0.0
random-s0-0168,visibility,cycle,0.0,100.0,30.0,1,0,0,0,0,0,0,44.800193894422335,366.68773532777743,44.800193894422335,0.0
random-s0-0168,visibility,cycle,50.0,20.0,30.0,1,0,0,0,0,0,0,44.80019389442202,366.68773532777766,44.80019389442202,0.0
random-s0-0168,visibility,cycle,50.0,100.0,30.0,1,0,0,0,0,0,0,44.800193894422335,366.68773532777743,44.800193894422335,0.0
random-s0-0168,visibility,cycle,150.0,20.0,30.0,1,0,0,0,0,0,0,44.80019389442202,430.6141488661348,44.80019389442202,0.0
random-s0-0168,visibility,cycle,150.0,100.0,30.0,1,0,0,0,0,0,0,44.800193894422335,409.2826796726872,44.800193894422335,0.0
random-s0-0168,visibility,event,0.0,20.0,30.0,1,0,0,0,0,0,0,50.16845578236379,366.68773532777766,50.16845578236379,0.0
random-s0-0168,visibility,event,0.0,100.0,30.0,1,0,0,0,0,0,0,44.800193894422335,366.68773532777743,44.800193894422335,0.0
random-s0-0168,visibility,event,50.0,20.0,30.0,1,0,0,0,0,0,0,50.16845578236379,366.68773532777766,50.16845578236379,0.0
random-s0-0168,visibility,event,50.0,100.0,30.0,1,0,0,0,0,0,0,44.800193894422335,366.68773532777743,44.800193894422335,0.0
random-s0-0168,visibility,event,150.0,20.0,30.0,1,0,0,0,0,0,0,44.80019389442202,422.19879172328046,44.80019389442202,0.0
random-s0-0168,visibility,event,150.0,100.0,30.0,1,0,0,0,0,0,0,39.50552882490592,415.966087852291,39.50552882490592,0.0
random-s0-0169,voronoi,once,0.0,20.0,30.0,1,0,1,1,0,1,0,-100.47641010133476,97.48711052841428,-100.47641010133476,720.0000000000003
random-s0-0169,voronoi,cycle,0.0,20.0,30.0,1,0,1,1,0,1,0,-85.03694787545844,3.648042453501546,-85.03694787545844,780.0000000000003
random-s0-0169,voronoi,cycle,0.0,100.0,30.0,1,0,3,2,1,2,0,-54.15557951966436,-54.15557951966436,-10.815614026675348,279.99999999999994
random-s0-0169,voronoi,cycle,50.0,20.0,30.0,1,0,1,1,0,1,0,-100.06891069273036,149.41724066449183,-100.06891069273036,820.0000000000003
random-s0-0169,voronoi,cycle,50.0,100.0,30.0,1,0,1,1,0,1,0,-97.98192049576136,181.26326199748456,-97.98192049576136,820.0000000000003
random-s0-0169,voronoi,cycle,150.0,20.0,30.0,1,0,0,0,0,0,0,43.333483319310005,43.333483319310005,65.40833490356039,0.0
random-s0-0169,voronoi,cycle,150.0,100.0,30.0,1,0,0,0,0,0,0,107.82378828559422,247.47175434352857,107.82378828559422,0.0
random-s0-0169,voronoi,event,0.0,20.0,30.0,1,0,2,1,1,1,0,-97.311405424648,-4.636522599668666,-97.311405424648,820.0000000000003
random-s0-0169,voronoi,event,0.0,100.0,30.0,1,0,2,1,1,1,0,-100.68861641684046,-54.15557951966436,-100.68861641684046,920.0000000000005
random-s0-0169,voronoi,event,50.0,20.0,30.0,1,0,0,0,0,0,0,32.36147204255332,149.0182812469012,32.36147204255332,0.0
random-s0-0169,voronoi,event,50.0,100.0,30.0,1,0,1,1,0,1,0,-97.98192049576136,181.26326199748456,-97.98192049576136,820.0000000000003
random-s0-0169,voronoi,event,150.0,20.0,30.0,1,0,0,0,0,0,0,51.88934083999055,166.5456113110862,51.88934083999055,0.0
random-s0-0169,voronoi,event,150.0,100.0,30.0,1,0,0,0,0,0,0,82.17807956381336,244.1349762421686,82.17807956381336,0.0
random-s0-0169,prm,once,0.0,20.0,30.0,1,0,1,1,0,1,0,-100.47641010133476,97.48711052841428,-100.47641010133476,820.0000000000003
random-s0-0169,prm,cycle,0.0,20.0,30.0,1,0,1,1,0,1,0,-101.44087811347528,81.07923179003927,-101.44087811347528,760.0000000000003
random-s0-0169,prm,cycle,0.0,100.0,30.0,1,0,1,1,0,1,0,-100.47641010133476,15.98312319200778,-100.47641010133476,740.0000000000003
random-s0-0169,prm,cycle,50.0,20.0,30.0,1,0,1,1,0,1,0,-101.32092533804048,256.5754069870097,-101.32092533804048,840.0000000000005
random-s0-0169,prm,cycle,50.0,100.0,30.0,1,0,1,1,0,1,0,-100.47641010133476,139.74140961594452,-100.47641010133476,820.0000000000003
random-s0-0169,prm,cycle,150.0,20.0,30.0,1,0,1,1,0,1,0,-106.68407479028082,263.1254549165942,-106.68407479028082,760.0000000000003
random-s0-0169,prm,cycle,150.0,100.0,30.0,1,0,1,1,0,1,0,-95.92494618171168,274.659656304172,-95.92494618171168,820.0000000000003
random-s0-0169,prm,event,0.0,20.0,30.0,1,0,1,1,0,1,0,-102.44931265110922,86.23676878522696,-102.44931265110922,780.0000000000003
random-s0-0169,prm,event,0.0,100.0,30.0,1,0,1,1,0,1,0,-100.47641010133476,15.98312319200778,-100.47641010133476,740.0000000000003
random-s0-0169,prm,event,50.0,20.0,30.0,1,0,1,1,0,1,0,-101.376960307476,259.2557705023316,-101.376960307476,860.0000000000005
random-s0-0169,prm,event,50.0,100.0,30.0,1,0,1,1,0,1,0,-100.47641010133476,139.74140961594452,-100.47641010133476,760.0000000000003
random-s0-0169,prm,event,150.0,20.0,30.0,1,0,1,1,0,1,0,-129.88809382223175,234.6905947176419,-129.88809382223175,680.0000000000002
random-s0-0169,prm,event,150.0,100.0,30.0,1,0,1,1,0,1,0,-95.92494618171168,224.03294465844505,-95.92494618171168,820.0000000000003
random-s0-0169,visibility,once,0.0,20.0,30.0,1,0,1,1,0,1,0,-100.47641010133476,97.48711052841428,-100.47641010133476,720.0000000000003
random-s0-0169,visibility,cycle,0.0,20.0,30.0,1,0,1,1,0,1,0,-100.44551698304582,124.0028375651413,-100.44551698304582,720.0000000000003
random-s0-0169,visibility,cycle,0.0,100.0,30.0,1,0,1,1,0,1,0,-99.96110894619451,144.72690857448214,-99.96110894619451,720.0000000000003
random-s0-0169,visibility,cycle,50.0,20.0,30.0,1,0,1,1,0,1,0,-97.61792981397234,256.5726221007202,-97.61792981397234,720.0000000000003
random-s0-0169,visibility,cycle,50.0,100.0,30.0,1,0,1,1,0,1,0,-98.78568986766756,257.70060594142103,-98.78568986766756,720.0000000000003
random-s0-0169,visibility,cycle,150.0,20.0,30.0,1,0,1,1,0,1,0,-120.97006034893498,90.41109827450988,-120.97006034893498,780.0000000000003
random-s0-0169,visibility,cycle,150.0,100.0,30.0,1,0,2,2,0,2,0,-96.70532394419828,248.0079644870201,-96.70532394419828,840.0000000000005
random-s0-0169,visibility,event,0.0,20.0,30.0,1,0,1,1,0,1,0,-98.28071737706202,126.22180828358512,-98.28071737706202,720.0000000000003
random-s0-0169,visibility,event,0.0,100.0,30.0,1,0,1,1,0,1,0,-99.96110894619451,93.69516274497364,-99.96110894619451,720.0000000000003
random-s0-0169,visibility,event,50.0,20.0,30.0,1,0,1,1,0,1,0,-97.48636031378554,244.76801052833548,-97.48636031378554,720.0000000000003
random-s0-0169,visibility,event,50.0,100.0,30.0,1,0,1,1,0,1,0,-98.78568986766756,255.63219041924103,-98.78568986766756,720.0000000000003
random-s0-0169,visibility,event,150.0,20.0,30.0,1,0,1,1,0,1,0,-64.52717581463305,180.1558524337683,-64.52717581463305,720.0000000000003
random-s0-0169,visibility,event,150.0,100.0,30.0,1,0,1,1,0,1,0,-97.69607221559254,254.58008651948612,-97.69607221559254,820.0000000000003
random-s0-0170,voronoi,once,0.0,20.0,30.0,1,0,3,0,3,0,0,-132.812360869424,-132.812360869424,166.45048281119216,380.00000000000006
random-s0-0170,voronoi,cycle,0.0,20.0,30.0,1,0,0,0,0,0,0,65.53764047723755,126.55367639353877,65.53764047723755,0.0
random-s0-0170,voronoi,cycle,0.0,100.0,30.0,1,0,0,0,0,0,0,66.4364738113382,114.60505271695617,66.4364738113382,0.0
random-s0-0170,voronoi,cycle,50.0,20.0,30.0,1,0,0,0,0,0,0,76.78493013806252,157.6657418165966,76.78493013806252,0.0
random-s0-0170,voronoi,cycle,50.0,100.0,30.0,1,0,0,0,0,0,0,55.362208186032575,181.74160656545467,55.362208186032575,0.0
random-s0-0170,voronoi,cycle,150.0,20.0,30.0,1,0,0,0,0,0,0,40.85734323543409,191.75667126998508,40.85734323543409,0.0
random-s0-0170,voronoi,cycle,150.0,100.0,30.0,1,0,0,0,0,0,0,77.95366660465129,285.9949966719907,77.95366660465129,0.0
random-s0-0170,voronoi,event,0.0,20.0,30.0,1,0,2,0,2,0,0,-11.06772421134218,-11.06772421134218,110.45723830387352,40.0
random-s0-0170,voronoi,event,0.0,100.0,30.0,1,0,1,0,1,0,0,-9.972449883305956,-9.972449883305956,151.77813794912123,20.0
random-s0-0170,voronoi,event,50.0,20.0,30.0,1,0,0,0,0,0,0,63.15030262393364,63.15030262393364,69.14567060527537,0.0
random-s0-0170,voronoi,event,50.0,100.0,30.0,1,0,0,0,0,0,0,61.53828986317009,262.6576824598412,61.53828986317009,0.0
random-s0-0170,voronoi,event,150.0,20.0,30.0,1,0,0,0,0,0,0,30.864405842416403,30.864405842416403,62.11963862594209,0.0
random-s0-0170,voronoi,event,150.0,100.0,30.0,1,0,0,0,0,0,0,62.11963862594209,292.5881293473208,62.11963862594209,0.0
random-s0-0170,prm,once,0.0,20.0,30.0,1,0,1,0,1,0,0,-132.812360869424,-132.812360869424,1.892068070106632,80.0
random-s0-0170,prm,cycle,0.0,20.0,30.0,1,0,0,0,0,0,0,47.62788495265266,47.62788495265266,48.71812186797976,0.0
random-s0-0170,prm,cycle,0.0,100.0,30.0,1,0,0,0,0,0,0,48.7181218679799,51.30859761988222,48.7181218679799,0.0
random-s0-0170,prm,cycle,50.0,20.0,30.0,1,0,0,0,0,0,0,47.1766468077881,48.570007748191074,47.1766468077881,0.0
random-s0-0170,prm,cycle,50.0,100.0,30.0,1,0,0,0,0,0,0,47.38230100719622,47.38230100719622,48.7181218679799,0.0
random-s0-0170,prm,cycle,150.0,20.0,30.0,1,0,0,0,0,0,0,49.57518442800554,49.57518442800554,57.988891338525065,0.0
random-s0-0170,prm,cycle,150.0,100.0,30.0,1,0,0,0,0,0,0,73.74876674924349,73.74876674924349,140.7378326766285,0.0
random-s0-0170,prm,event,0.0,20.0,30.0,1,0,0,0,0,0,0,32.070837773360324,166.72440507335358,32.070837773360324,0.0
random-s0-0170,prm,event,0.0,100.0,30.0,1,0,0,0,0,0,0,40.699373512099015,82.96625021190505,40.699373512099015,0.0
random-s0-0170,prm,event,50.0,20.0,30.0,1,0,0,0,0,0,0,48.71812186797976,180.83708208645905,48.71812186797976,0.0
random-s0-0170,prm,event,50.0,100.0,30.0,1,0,0,0,0,0,0,37.12779074022748,37.12779074022748,48.7181218679799,0.0
random-s0-0170,prm,event,150.0,20.0,30.0,1,0,0,0,0,0,0,34.461155630369944,34.461155630369944,133.83728427726373,0.0
random-s0-0170,prm,event,150.0,100.0,30.0,1,0,0,0,0,0,0,51.41227210136702,217.94600182072637,51.41227210136702,0.0
random-s0-0170,visibility,once,0.0,20.0,30.0,1,0,2,1,1,0,1,-132.812360869424,-132.812360869424,-32.68617955685744,140.0
random-s0-0170,visibility,cycle,0.0,20.0,30.0,1,0,1,0,1,0,0,-5.370997727640344,-5.370997727640344,30.10624937234905,259.99999999999994
random-s0-0170,visibility,cycle,0.0,100.0,30.0,1,0,1,0,1,0,0,-11.04767722896284,-11.04767722896284,31.10245510878869,339.99999999999983
random-s0-0170,visibility,cycle,50.0,20.0,30.0,1,0,0,0,0,0,0,8.28332609722375,8.28332609722375,33.39422142434978,0.0
random-s0-0170,visibility,cycle,50.0,100.0,30.0,1,0,0,0,0,0,0,2.6102172511517097,2.6102172511517097,40.04354324655617,0.0
random-s0-0170,visibility,cycle,150.0,20.0,30.0,1,0,0,0,0,0,0,28.801753803792053,28.801753803792053,52.93960254559619,0.0
random-s0-0170,visibility,cycle,150.0,100.0,30.0,1,0,0,0,0,0,0,11.907135041816474,36.701177824990566,11.907135041816474,0.0
random-s0-0170,visibility,event,0.0,20.0,30.0,1,0,1,0,1,0,0,-10.89687139929734,-10.89687139929734,39.886739824984005,340.0
random-s0-0170,visibility,event,0.0,100.0,30.0,1,0,1,0,1,0,0,-17.454612256990515,-17.454612256990515,39.886739824984005,379.99999999999983
random-s0-0170,visibility,event,50.0,20.0,30.0,1,0,0,0,0,0,0,1.3793758673653826,1.3793758673653826,50.55791749892197,0.0
random-s0-0170,visibility,event,50.0,100.0,30.0,1,0,1,0,1,0,0,-1.1606682905781156,-1.1606682905781156,50.557917498922,140.0
random-s0-0170,visibility,event,150.0,20.0,30.0,1,0,0,0,0,0,0,21.228314003897367,21.228314003897367,54.15725869013332,0.0
random-s0-0170,visibility,event,150.0,100.0,30.0,1,0,1,1,0,0,1,-62.184397301730826,23.089621043826497,-62.184397301730826,60.0
random-s0-0171,voronoi,once,0.0,20.0,30.0,1,0,0,0,0,0,0,128.45931545344484,163.42366399988816,128.45931545344484,0.0
random-s0-0171,voronoi,cycle,0.0,20.0,30.0,1,0,1,0,1,0,0,-1.3610867518260363,-1.3610867518260363,128.45931545344484,20.0
random-s0-0171,voronoi,cycle,0.0,100.0,30.0,1,0,3,0,3,0,0,-8.597905459847027,-8.597905459847027,128.45931545344462,79.99999999999991
random-s0-0171,voronoi,cycle,50.0,20.0,30.0,1,0,0,0,0,0,0,108.19196426255212,108.19196426255212,128.45931545344484,0.0
random-s0-0171,voronoi,cycle,50.0,100.0,30.0,1,0,0,0,0,0,0,128.45931545344462,524.061085231837,128.45931545344462,0.0
random-s0-0171,voronoi,cycle,150.0,20.0,30.0,1,0,0,0,0,0,0,173.7707090793864,518.3052860994827,173.7707090793864,0.0
random-s0-0171,voronoi,cycle,150.0,100.0,30.0,1,0,1,0,1,0,0,-74.66658074172837,-74.66658074172837,171.55626354637434,120.0
random-s0-0171,voronoi,event,0.0,20.0,30.0,1,0,0,0,0,0,0,28.918768514483133,28.918768514483133,128.45931545344484,0.0
random-s0-0171,voronoi,event,0.0,100.0,30.0,1,0,0,0,0,0,0,45.20285165339226,45.20285165339226,128.45931545344462,0.0
random-s0-0171,voronoi,event,50.0,20.0,30.0,1,0,0,0,0,0,0,128.45931545344484,196.782753680938,128.45931545344484,0.0
random-s0-0171,voronoi,event,50.0,100.0,30.0,1,0,0,0,0,0,0,128.45931545344462,215.6817823139059,128.45931545344462,0.0
random-s0-0171,voronoi,event,150.0,20.0,30.0,1,0,0,0,0,0,0,168.16611859262366,472.55323858923896,168.16611859262366,0.0
random-s0-0171,voronoi,event,150.0,100.0,30.0,1,0,0,0,0,0,0,165.89007942525927,352.5567920866298,165.89007942525927,0.0
random-s0-0171,prm,once,0.0,20.0,30.0,1,0,0,0,0,0,0,128.45931545344484,133.89952328700116,128.45931545344484,0.0
random-s0-0171,prm,cycle,0.0,20.0,30.0,1,0,0,0,0,0,0,35.43793670718364,545.7046127815514,35.43793670718364,0.0
random-s0-0171,prm,cycle,0.0,100.0,30.0,1,0,0,0,0,0,0,99.47398207564754,542.9429409744588,99.47398207564754,0.0
random-s0-0171,prm,cycle,50.0,20.0,30.0,1,0,0,0,0,0,0,35.43793670718364,90.1164467934302,35.43793670718364,0.0
random-s0-0171,prm,cycle,50.0,100.0,30.0,1,0,0,0,0,0,0,99.47398207564754,569.8826308421113,99.47398207564754,0.0
random-s0-0171,prm,cycle,150.0,20.0,30.0,1,0,0,0,0,0,0,51.91012539076005,546.6503025081428,51.91012539076005,0.0
random-s0-0171,prm,cycle,150.0,100.0,30.0,1,0,0,0,0,0,0,99.47398207564754,546.6503025081428,99.47398207564754,0.0
random-s0-0171,prm,event,0.0,20.0,30.0,1,0,0,0,0,0,0,35.43793670718364,416.4757479744524,35.43793670718364,0.0
random-s0-0171,prm,event,0.0,100.0,30.0,1,0,0,0,0,0,0,99.47398207564754,454.7070637353521,99.47398207564754,0.0
random-s0-0171,prm,event,50.0,20.0,30.0,1,0,0,0,0,0,0,35.43793670718364,571.5565652218492,35.43793670718364,0.0
random-s0-0171,prm,event,50.0,100.0,30.0,1,0,0,0,0,0,0,99.47398207564754,569.8826308421113,99.47398207564754,0.0
random-s0-0171,prm,event,150.0,20.0,30.0,1,0,0,0,0,0,0,32.15935887493518,546.6503025081428,32.15935887493518,0.0
random-s0-0171,prm,event,150.0,100.0,30.0,1,0,0,0,0,0,0,99.47398207564754,546.6503025081428,99.47398207564754,0.0
random-s0-0171,visibility,once,0.0,20.0,30.0,1,0,0,0,0,0,0,46.286531539542665,546.6503025081428,46.286531539542665,0.0
random-s0-0171,visibility,cycle,0.0,20.0,30.0,1,0,0,0,0,0,0,30.432325030325583,278.6017729314729,30.432325030325583,0.0
random-s0-0171,visibility,cycle,0.0,100.0,30.0,1,0,0,0,0,0,0,32.700434575034734,316.9029730028841,32.700434575034734,0.0
random-s0-0171,visibility,cycle,50.0,20.0,30.0,1,0,0,0,0,0,0,30.432325030325583,361.3252411539155,30.432325030325583,0.0
random-s0-0171,visibility,cycle,50.0,100.0,30.0,1,0,0,0,0,0,0,32.700434575034734,267.11300995123025,32.700434575034734,0.0
random-s0-0171,visibility,cycle,150.0,20.0,30.0,1,0,0,0,0,0,0,30.432325030325583,546.6503025081428,30.432325030325583,0.0
random-s0-0171,visibility,cycle,150.0,100.0,30.0,1,0,0,0,0,0,0,32.700434575034734,546.6503025081428,32.700434575034734,0.0
random-s0-0171,visibility,event,0.0,20.0,30.0,1,0,0,0,0,0,0,30.432325030325583,289.8183448155416,30.432325030325583,0.0
random-s0-0171,visibility,event,0.0,100.0,30.0,1,0,0,0,0,0,0,32.700434575034734,306.65228244765706,32.700434575034734,0.0
random-s0-0171,visibility,event,50.0,20.0,30.0,1,0,0,0,0,0,0,30.432325030325583,394.3743506192512,30.432325030325583,0.0
random-s0-0171,visibility,event,50.0,100.0,30.0,1,0,0,0,0,0,0,32.700434575034734,378.5296780711665,32.700434575034734,0.0
random-s0-0171,visibility,event,150.0,20.0,30.0,1,0,0,0,0,0,0,30.432325030325583,546.6503025081428,30.432325030325583,0.0
random-s0-0171,visibility,event,150.0,100.0,30.0,1,0,0,0,0,0,0,32.700434575034734,546.6503025081428,32.700434575034734,0.0
random-s0-0172,voronoi,once,0.0,20.0,30.0,1,0,4,2,2,2,0,-167.11259384434717,-135.78059242022033,-167.11259384434717,900.0000000000005
random-s0-0172,voronoi,cycle,0.0,20.0,30.0,1,0,0,0,0,0,0,0.2656808211027908,0.2656808211027908,146.795036291256,0.0
random-s0-0172,voronoi,cycle,0.0,100.0,30.0,1,0,0,0,0,0,0,54.96420536270182,54.96420536270182,131.3881379400746,0.0
random-s0-0172,voronoi,cycle,50.0,20.0,30.0,1,0,0,0,0,0,0,97.89696687519812,97.89696687519812,145.68817525779605,0.0
random-s0-0172,voronoi,cycle,50.0,100.0,30.0,1,0,0,0,0,0,0,76.81452764569013,76.81452764569013,215.8597550763632,0.0
random-s0-0172,voronoi,cycle,150.0,20.0,30.0,1,0,0,0,0,0,0,32.926207481926696,32.926207481926696,215.8597550763632,0.0
random-s0-0172,voronoi,cycle,150.0,100.0,30.0,1,0,0,0,0,0,0,121.37023023185986,121.37023023185986,215.8597550763632,0.0
random-s0-0172,voronoi,event,0.0,20.0,30.0,1,0,0,0,0,0,0,32.20625123634565,32.20625123634565,110.95826681793926,0.0
random-s0-0172,voronoi,event,0.0,100.0,30.0,1,0,0,0,0,0,0,14.60270763438487,14.60270763438487,175.18285430956468,0.0
random-s0-0172,voronoi,event,50.0,20.0,30.0,1,0,0,0,0,0,0,40.38511683740816,40.38511683740816,169.7888893401307,0.0
random-s0-0172,voronoi,event,50.0,100.0,30.0,1,0,0,0,0,0,0,100.60970125336912,113.63729133971572,100.60970125336912,0.0
random-s0-0172,voronoi,event,150.0,20.0,30.0,1,0,0,0,0,0,0,125.84860861345908,125.84860861345908,203.8547251416836,0.0
random-s0-0172,voronoi,event,150.0,100.0,30.0,1,0,0,0,0,0,0,48.15460434683732,48.15460434683732,209.18370430549828,0.0
random-s0-0172,prm,once,0.0,20.0,30.0,1,0,2,0,2,0,0,-135.78059242022033,-135.78059242022033,108.2647837864086,279.99999999999994
random-s0-0172,prm,cycle,0.0,20.0,30.0,1,0,0,0,0,0,0,14.083309899022282,14.083309899022282,158.58676183864907,0.0
random-s0-0172,prm,cycle,0.0,100.0,30.0,1,0,0,0,0,0,0,84.83194335331558,84.83194335331558,128.3988822620198,0.0
random-s0-0172,prm,cycle,50.0,20.0,30.0,1,0,0,0,0,0,0,83.40606062759707,89.68862364989496,83.40606062759707,0.0
random-s0-0172,prm,cycle,50.0,100.0,30.0,1,0,0,0,0,0,0,88.265868292287,88.265868292287,96.90720741140213,0.0
random-s0-0172,prm,cycle,150.0,20.0,30.0,1,0,0,0,0,0,0,134.9327728911726,134.9327728911726,215.8597550763632,0.0
random-s0-0172,prm,cycle,150.0,100.0,30.0,1,0,1,0,1,0,0,-133.4299351795998,-133.4299351795998,215.8597550763632,40.0
random-s0-0172,prm,event,0.0,20.0,30.0,1,0,0,0,0,0,0,22.455418827599345,22.455418827599345,103.32507412746033,0.0
random-s0-0172,prm,event,0.0,100.0,30.0,1,0,1,1,0,0,1,-82.56571423592624,48.11770788642019,-82.56571423592624,60.0
random-s0-0172,prm,event,50.0,20.0,30.0,1,0,0,0,0,0,0,31.662440337825387,31.662440337825387,143.74936300016884,0.0
random-s0-0172,prm,event,50.0,100.0,30.0,1,0,1,1,0,0,1,-78.96252203970207,56.57163732830094,-78.96252203970207,60.0
random-s0-0172,prm,event,150.0,20.0,30.0,1,0,1,0,1,0,0,-87.45259660396754,-87.45259660396754,215.8597550763632,60.0
random-s0-0172,prm,event,150.0,100.0,30.0,1,0,1,0,1,0,0,-133.4299351795998,-133.4299351795998,215.8597550763632,40.0
random-s0-0172,visibility,once,0.0,20.0,30.0,1,0,2,0,2,0,0,-135.78059242022033,-135.78059242022033,108.2647837864086,279.99999999999994
random-s0-0172,visibility,cycle,0.0,20.0,30.0,1,0,1,0,1,0,0,-17.51803365444053,-17.51803365444053,215.8597550763632,160.0
random-s0-0172,visibility,cycle,0.0,100.0,30.0,1,0,1,0,1,0,0,-174.6377440102922,-174.6377440102922,162.96643887833312,459.99999999999983
random-s0-0172,visibility,cycle,50.0,20.0,30.0,1,0,1,1,0,1,0,-149.57518776323687,24.45818736167047,-149.57518776323687,360.00000000000006
random-s0-0172,visibility,cycle,50.0,100.0,30.0,1,0,2,1,1,1,0,-168.15002011997893,-39.3742949436336,-168.15002011997893,460.00000000000006
random-s0-0172,visibility,cycle,150.0,20.0,30.0,1,0,1,1,0,1,0,-76.1737419690599,23.04245342116505,-76.1737419690599,279.99999999999994
random-s0-0172,visibility,cycle,150.0,100.0,30.0,1,0,1,0,1,0,0,-133.4299351795998,-133.4299351795998,55.52972922134029,40.0
random-s0-0172,visibility,event,0.0,20.0,30.0,1,0,1,0,1,0,0,-17.526946402789576,-17.526946402789576,215.8597550763632,160.0
random-s0-0172,visibility,event,0.0,100.0,30.0,1,0,1,0,1,0,0,-172.0137417119531,-172.0137417119531,215.8597550763632,439.99999999999983
random-s0-0172,visibility,event,50.0,20.0,30.0,1,0,1,1,0,1,0,-149.85002584695528,28.8439079661687,-149.85002584695528,360.00000000000006
random-s0-0172,visibility,event,50.0,100.0,30.0,1,0,0,0,0,0,0,60.22472654038205,60.22472654038205,215.8597550763632,0.0
random-s0-0172,visibility,event,150.0,20.0,30.0,1,0,1,1,0,1,0,-52.84997746922868,25.68645157706777,-52.84997746922868,200.0
random-s0-0172,visibility,event,150.0,100.0,30.0,1,0,1,0,1,0,0,-133.4299351795998,-133.4299351795998,49.83152812770041,40.0
random-s0-0173,voronoi,once,0.0,20.0,30.0,1,0,2,1,1,0,1,-112.16249138570866,-112.16249138570866,-75.674766810647,200.0
random-s0-0173,voronoi,cycle,0.0,20.0,30.0,1,0,0,0,0,0,0,22.855354545467804,82.66693150778491,22.855354545467804,0.0
random-s0-0173,voronoi,cycle,0.0,100.0,30.0,1,0,0,0,0,0,0,46.0535833873019,114.75819868261055,46.0535833873019,0.0
random-s0-0173,voronoi,cycle,50.0,20.0,30.0,1,0,0,0,0,0,0,36.91571208019983,108.82047376332235,36.91571208019983,0.0
random-s0-0173,voronoi,cycle,50.0,100.0,30.0,1,0,0,0,0,0,0,37.319489431976166,205.1344102319219,37.319489431976166,0.0
random-s0-0173,voronoi,cycle,150.0,20.0,30.0,1,0,0,0,0,0,0,33.01005920671321,230.96045467414348,33.01005920671321,0.0
random-s0-0173,voronoi,cycle,150.0,100.0,30.0,1,0,0,0,0,0,0,87.48055704259173,111.92129902105933,87.48055704259173,0.0
random-s0-0173,voronoi,event,0.0,20.0,30.0,1,0,1,1,0,1,0,-5.712308178644889,56.08638114023327,-5.712308178644889,40.0
random-s0-0173,voronoi,event,0.0,100.0,30.0,1,0,0,0,0,0,0,47.13118775731368,117.77247812126576,47.13118775731368,0.0
random-s0-0173,voronoi,event,50.0,20.0,30.0,1,0,0,0,0,0,0,88.51178674305112,149.8405489039681,88.51178674305112,0.0
random-s0-0173,voronoi,event,50.0,100.0,30.0,1,0,0,0,0,0,0,42.27131996990968,114.3246451275756,42.27131996990968,0.0
random-s0-0173,voronoi,event,150.0,20.0,30.0,1,0,0,0,0,0,0,33.344788794253105,33.344788794253105,42.75832372841632,0.0
random-s0-0173,voronoi,event,150.0,100.0,30.0,1,0,0,0,0,0,0,41.498347129816494,107.52727295057542,41.498347129816494,0.0
random-s0-0173,prm,once,0.0,20.0,30.0,1,0,4,0,4,0,0,-146.43934714463876,-146.43934714463876,106.80712909039391,1140.0000000000005
random-s0-0173,prm,cycle,0.0,20.0,30.0,1,0,0,0,0,0,0,21.442852691575325,21.442852691575325,47.72340124573381,0.0
random-s0-0173,prm,cycle,0.0,100.0,30.0,1,0,1,0,1,0,0,-163.53946683972833,-163.53946683972833,27.57605223337916,700.0000000000002
random-s0-0173,prm,cycle,50.0,20.0,30.0,1,0,0,0,0,0,0,29.150251327911747,152.66988425606667,29.150251327911747,0.0
random-s0-0173,prm,cycle,50.0,100.0,30.0,1,0,0,0,0,0,0,77.77318062829681,93.8282387032972,77.77318062829681,0.0
random-s0-0173,prm,cycle,150.0,20.0,30.0,1,0,0,0,0,0,0,34.710798110950094,278.5506309039363,34.710798110950094,0.0
random-s0-0173,prm,cycle,150.0,100.0,30.0,1,0,0,0,0,0,0,49.510536356439616,245.92420679259988,49.510536356439616,0.0
random-s0-0173,prm,event,0.0,20.0,30.0,1,0,0,0,0,0,0,34.26985937077666,72.31219586689429,34.26985937077666,0.0
random-s0-0173,prm,event,0.0,100.0,30.0,1,0,0,0,0,0,0,28.86857477152381,28.86857477152381,47.57191271915414,0.0
random-s0-0173,prm,event,50.0,20.0,30.0,1,0,0,0,0,0,0,34.3688490166067,147.27065472470463,34.3688490166067,0.0
random-s0-0173,prm,event,50.0,100.0,30.0,1,0,0,0,0,0,0,81.27780554986174,131.75949638157766,81.27780554986174,0.0
random-s0-0173,prm,event,150.0,20.0,30.0,1,0,0,0,0,0,0,33.18862724166351,223.7375599801847,33.18862724166351,0.0
random-s0-0173,prm,event,150.0,100.0,30.0,1,0,0,0,0,0,0,74.09658479663838,74.09658479663838,100.06488215980204,0.0
random-s0-0173,visibility,once,0.0,20.0,30.0,1,0,2,0,2,0,0,-145.11521610898188,-145.11521610898188,37.94833556484511,100.0
random-s0-0173,visibility,cycle,0.0,20.0,30.0,1,0,2,1,1,1,0,-104.49903746607308,-104.49903746607308,-9.528090022821315,720.0000000000003
random-s0-0173,visibility,cycle,0.0,100.0,30.0,1,0,2,1,1,1,0,-34.103653847278935,-4.504138271295005,-34.103653847278935,320.0
random-s0-0173,visibility,cycle,50.0,20.0,30.0,1,0,0,0,0,0,0,14.332723538815712,17.42470449361616,14.332723538815712,0.0
random-s0-0173,visibility,cycle,50.0,100.0,30.0,1,0,0,0,0,0,0,14.573473773315868,54.80152873340037,14.573473773315868,0.0
random-s0-0173,visibility,cycle,150.0,20.0,30.0,1,0,0,0,0,0,0,30.35552090842944,117.52625748108012,30.35552090842944,0.0
random-s0-0173,visibility,cycle,150.0,100.0,30.0,1,0,0,0,0,0,0,32.16558315735011,72.98689077485142,32.16558315735011,0.0
random-s0-0173,visibility,event,0.0,20.0,30.0,1,0,0,0,0,0,0,2.6818801940900983,33.38738933502407,2.6818801940900983,0.0
random-s0-0173,visibility,event,0.0,100.0,30.0,1,0,2,2,0,2,0,-18.098741561215945,18.504235456599982,-18.098741561215945,259.99999999999994
random-s0-0173,visibility,event,50.0,20.0,30.0,1,0,1,1,0,1,0,-20.017508635021528,77.04367670265111,-20.017508635021528,240.0
random-s0-0173,visibility,event,50.0,100.0,30.0,1,0,0,0,0,0,0,9.866643162540695,11.358901217963108,9.866643162540695,0.0
random-s0-0173,visibility,event,150.0,20.0,30.0,1,0,0,0,0,0,0,61.94263346319883,200.25229508737272,61.94263346319883,0.0
random-s0-0173,visibility,event,150.0,100.0,30.0,1,0,0,0,0,0,0,35.888377193607624,116.8504047302593,35.888377193607624,0.0
random-s0-0174,voronoi,once,0.0,20.0,30.0,1,0,9,3,6,0,3,-163.21376108741143,-163.21376108741143,-153.41163441508954,1140.0000000000005
random-s0-0174,voronoi,cycle,0.0,20.0,30.0,1,0,0,0,0,0,0,20.50846963398604,20.50846963398604,60.4096919843291,0.0
random-s0-0174,voronoi,cycle,0.0,100.0,30.0,1,0,1,0,1,0,0,-35.668950629564904,-35.668950629564904,60.4096919843291,39.999999999999964
random-s0-0174,voronoi,cycle,50.0,20.0,30.0,1,0,0,0,0,0,0,60.4096919843291,75.62791414541152,60.4096919843291,0.0
random-s0-0174,voronoi,cycle,50.0,100.0,30.0,1,0,0,0,0,0,0,60.4096919843291,76.09302867814665,60.4096919843291,0.0
random-s0-0174,voronoi,cycle,150.0,20.0,30.0,1,0,1,0,1,0,0,-35.422860756448216,-35.422860756448216,7.790690145840415,239.99999999999983
random-s0-0174,voronoi,cycle,150.0,100.0,30.0,1,0,0,0,0,0,0,7.790690145840443,84.66237384679465,7.790690145840443,0.0
random-s0-0174,voronoi,event,0.0,20.0,30.0,1,0,0,0,0,0,0,31.985580341244088,31.985580341244088,60.4096919843291,0.0
random-s0-0174,voronoi,event,0.0,100.0,30.0,1,0,0,0,0,0,0,6.779319743007932,6.779319743007932,60.4096919843291,0.0
random-s0-0174,voronoi,event,50.0,20.0,30.0,1,0,0,0,0,0,0,60.4096919843291,78.49929652237489,60.4096919843291,0.0
random-s0-0174,voronoi,event,50.0,100.0,30.0,1,0,0,0,0,0,0,60.4096919843291,78.22780331491208,60.4096919843291,0.0
random-s0-0174,voronoi,event,150.0,20.0,30.0,1,0,0,0,0,0,0,7.790690145840415,10.924598775829878,7.790690145840415,0.0
random-s0-0174,voronoi,event,150.0,100.0,30.0,1,0,0,0,0,0,0,7.790690145840443,102.950078624352,7.790690145840443,0.0
random-s0-0174,prm,once,0.0,20.0,30.0,1,0,3,0,3,0,0,-134.4420859753062,-134.4420859753062,60.4096919843291,2080.0000000000014
random-s0-0174,prm,cycle,0.0,20.0,30.0,1,0,0,0,0,0,0,60.4096919843291,69.80033375841955,60.4096919843291,0.0
random-s0-0174,prm,cycle,0.0,100.0,30.0,1,0,1,0,1,0,0,-113.26222296211488,-113.26222296211488,60.4096919843291,40.0
random-s0-0174,prm,cycle,50.0,20.0,30.0,1,0,0,0,0,0,0,36.06635582307155,36.06635582307155,45.65101482744524,0.0
random-s0-0174,prm,cycle,50.0,100.0,30.0,1,0,0,0,0,0,0,34.87848717665628,34.87848717665628,45.65101482744524,0.0
random-s0-0174,prm,cycle,150.0,20.0,30.0,1,0,0,0,0,0,0,7.790690145840415,32.359587589586056,7.790690145840415,0.0
random-s0-0174,prm,cycle,150.0,100.0,30.0,1,0,1,0,1,0,0,-18.56592636127303,-18.56592636127303,7.790690145840443,100.0
random-s0-0174,prm,event,0.0,20.0,30.0,1,0,0,0,0,0,0,60.4096919843291,61.54465272441206,60.4096919843291,0.0
random-s0-0174,prm,event,0.0,100.0,30.0,1,0,1,0,1,0,0,-113.26222296211488,-113.26222296211488,60.4096919843291,40.0
random-s0-0174,prm,event,50.0,20.0,30.0,1,0,0,0,0,0,0,45.65101482744524,69.70309350568448,45.65101482744524,0.0
random-s0-0174,prm,event,50.0,100.0,30.0,1,0,0,0,0,0,0,45.65101482744524,69.70309350568442,45.65101482744524,0.0
random-s0-0174,prm,event,150.0,20.0,30.0,1,0,0,0,0,0,0,7.790690145840415,32.359587589586056,7.790690145840415,0.0
random-s0-0174,prm,event,150.0,100.0,30.0,1,0,0,0,0,0,0,7.790690145840443,94.81138707332065,7.790690145840443,0.0
random-s0-0174,visibility,once,0.0,20.0,30.0,1,0,3,1,2,1,0,-171.1949981432281,-171.1949981432281,-128.64856782034542,800.0000000000003
random-s0-0174,visibility,cycle,0.0,20.0,30.0,1,0,1,1,0,1,0,-13.670903810981995,9.613907152545297,-13.670903810981995,780.0000000000002
random-s0-0174,visibility,cycle,0.0,100.0,30.0,1,0,1,1,0,1,0,-128.64856782034542,9.680374315338383,-128.64856782034542,519.9999999999998
random-s0-0174,visibility,cycle,50.0,20.0,30.0,1,0,1,0,1,0,0,-10.455019207037113,-10.455019207037113,45.65101482744524,139.99999999999994
random-s0-0174,visibility,cycle,50.0,100.0,30.0,1,0,1,0,1,0,0,-9.352546457049868,-9.352546457049868,45.65101482744524,119.99999999999991
random-s0-0174,visibility,cycle,150.0,20.0,30.0,1,0,0,0,0,0,0,7.790690145840415,60.01283600822751,7.790690145840415,0.0
random-s0-0174,visibility,cycle,150.0,100.0,30.0,1,0,0,0,0,0,0,7.790690145840443,67.73228921466585,7.790690145840443,0.0
random-s0-0174,visibility,event,0.0,20.0,30.0,1,0,1,1,0,1,0,-8.83715735896439,18.16381836499573,-8.83715735896439,159.99999999999994
random-s0-0174,visibility,event,0.0,100.0,30.0,1,0,1,1,0,1,0,-128.64856782034542,9.680374315338383,-128.64856782034542,519.9999999999998
random-s0-0174,visibility,event,50.0,20.0,30.0,1,0,0,0,0,0,0,16.16975450152526,16.16975450152526,45.65101482744524,0.0
random-s0-0174,visibility,event,50.0,100.0,30.0,1,0,1,0,1,0,0,-9.352546457049868,-9.352546457049868,45.65101482744524,119.99999999999991
random-s0-0174,visibility,event,150.0,20.0,30.0,1,0,0,0,0,0,0,7.790690145840415,40.34800069481565,7.790690145840415,0.0
random-s0-0174,visibility,event,150.0,100.0,30.0,1,0,0,0,0,0,0,7.790690145840443,39.80664643033546,7.790690145840443,0.0
random-s0-0175,voronoi,once,0.0,20.0,30.0,1,0,3,0,3,0,0,-144.36253242684876,-144.36253242684876,2.4326437634498745,460.0000000000001
random-s0-0175,voronoi,cycle,0.0,20.0,30.0,1,0,0,0,0,0,0,30.81770010025403,69.95306013982335,30.81770010025403,0.0
random-s0-0175,voronoi,cycle,0.0,100.0,30.0,1,0,1,0,1,0,0,-52.03856280306405,-52.03856280306405,32.02278850773183,79.99999999999991
random-s0-0175,voronoi,cycle,50.0,20.0,30.0,1,0,0,0,0,0,0,31.76566630934136,95.74649289111534,31.76566630934136,0.0
random-s0-0175,voronoi,cycle,50.0,100.0,30.0,1,0,0,0,0,0,0,32.20228244797892,46.34635949757023,32.20228244797892,0.0
random-s0-0175,voronoi,cycle,150.0,20.0,30.0,1,0,0,0,0,0,0,30.24636851452837,297.9764157474635,30.24636851452837,0.0
random-s0-0175,voronoi,cycle,150.0,100.0,30.0,1,0,0,0,0,0,0,30.457504342689678,202.2481290955414,30.457504342689678,0.0
random-s0-0175,voronoi,event,0.0,20.0,30.0,1,0,0,0,0,0,0,17.748057355973458,17.748057355973458,31.68856987575009,0.0
random-s0-0175,voronoi,event,0.0,100.0,30.0,1,0,1,0,1,0,0,-52.03856280306405,-52.03856280306405,35.57837396383434,79.99999999999991
random-s0-0175,voronoi,event,50.0,20.0,30.0,1,0,0,0,0,0,0,30.998730371722928,122.94394871344008,30.998730371722928,0.0
random-s0-0175,voronoi,event,50.0,100.0,30.0,1,0,0,0,0,0,0,30.998730371722672,153.86791119351426,30.998730371722672,0.0
random-s0-0175,voronoi,event,150.0,20.0,30.0,1,0,0,0,0,0,0,31.334157789847467,260.7190974675578,31.334157789847467,0.0
random-s0-0175,voronoi,event,150.0,100.0,30.0,1,0,0,0,0,0,0,19.33622851192746,231.01550604598023,19.33622851192746,0.0
random-s0-0175,prm,once,0.0,20.0,30.0,1,0,3,0,3,0,0,-144.36253242684876,-144.36253242684876,2.4326437634498745,580.0000000000002
random-s0-0175,prm,cycle,0.0,20.0,30.0,1,0,0,0,0,0,0,30.801288277832526,83.09330899816217,30.801288277832526,0.0
random-s0-0175,prm,cycle,0.0,100.0,30.0,1,0,1,0,1,0,0,-84.6645951127427,-84.6645951127427,30.80128827783247,79.9999999999999
random-s0-0175,prm,cycle,50.0,20.0,30.0,1,0,0,0,0,0,0,30.801288277832526,232.184397392298,30.801288277832526,0.0
random-s0-0175,prm,cycle,50.0,100.0,30.0,1,0,0,0,0,0,0,30.80128827783247,221.33437596548947,30.80128827783247,0.0
random-s0-0175,prm,cycle,150.0,20.0,30.0,1,0,0,0,0,0,0,30.801288277832526,154.57894383283116,30.801288277832526,0.0
random-s0-0175,prm,cycle,150.0,100.0,30.0,1,0,0,0,0,0,0,30.80128827783247,533.1415658840658,30.80128827783247,0.0
random-s0-0175,prm,event,0.0,20.0,30.0,1,0,1,1,0,1,0,-56.951258854678144,56.442757310036086,-56.951258854678144,279.99999999999403
random-s0-0175,prm,event,0.0,100.0,30.0,1,0,1,0,1,0,0,-84.6645951127427,-84.6645951127427,2.432643763449761,79.9999999999999
random-s0-0175,prm,event,50.0,20.0,30.0,1,0,0,0,0,0,0,3.1790252518383117,35.29943533159641,3.1790252518383117,0.0
random-s0-0175,prm,event,50.0,100.0,30.0,1,0,0,0,0,0,0,2.432643763449761,122.6123012912206,2.432643763449761,0.0
random-s0-0175,prm,event,150.0,20.0,30.0,1,0,0,0,0,0,0,2.4326437634498745,45.87759121850195,2.4326437634498745,0.0
random-s0-0175,prm,event,150.0,100.0,30.0,1,0,0,0,0,0,0,2.432643763449761,122.6123012912206,2.432643763449761,0.0
random-s0-0175,visibility,once,0.0,20.0,30.0,1,0,2,0,2,0,0,-144.36253242684876,-144.36253242684876,27.816808154885532,180.0
random-s0-0175,visibility,cycle,0.0,20.0,30.0,1,0,0,0,0,0,0,9.046454566790686,9.046454566790686,27.816808154885532,0.0
random-s0-0175,visibility,cycle,0.0,100.0,30.0,1,0,1,0,1,0,0,-149.54204160715574,-149.54204160715574,27.816808154885532,279.9999999999997
random-s0-0175,visibility,cycle,50.0,20.0,30.0,1,0,1,0,1,0,0,-57.57503993860844,-57.57503993860844,27.816808154885532,299.99999999999994
random-s0-0175,visibility,cycle,50.0,100.0,30.0,1,0,0,0,0,0,0,27.816808154885532,46.58672787363648,27.816808154885532,0.0
random-s0-0175,visibility,cycle,150.0,20.0,30.0,1,0,0,0,0,0,0,27.816808154885532,135.89141597365472,27.816808154885532,0.0
random-s0-0175,visibility,cycle,150.0,100.0,30.0,1,0,0,0,0,0,0,10.53186996665886,10.53186996665886,27.816808154885532,0.0
random-s0-0175,visibility,event,0.0,20.0,30.0,1,0,0,0,0,0,0,4.4395217752872895,4.4395217752872895,27.816808154885532,0.0
random-s0-0175,visibility,event,0.0,100.0,30.0,1,0,1,0,1,0,0,-149.54204160715574,-149.54204160715574,27.816808154885532,279.9999999999997
random-s0-0175,visibility,event,50.0,20.0,30.0,1,0,0,0,0,0,0,27.816808154885532,31.34921054428648,27.816808154885532,0.0
random-s0-0175,visibility,event,50.0,100.0,30.0,1,0,0,0,0,0,0,27.816808154885532,61.955622877071306,27.816808154885532,0.0
random-s0-0175,visibility,event,150.0,20.0,30.0,1,0,0,0,0,0,0,27.816808154885532,135.31878124561143,27.816808154885532,0.0
random-s0-0175,visibility,event,150.0,100.0,30.0,1,0,1,0,1,0,0,-20.070788759766288,-20.070788759766288,27.816808154885532,100.0
random-s0-0176,voronoi,once,0.0,20.0,30.0,1,0,2,1,1,1,0,-24.68174552554896,-24.68174552554896,-16.17717321676767,220.0
random-s0-0176,voronoi,cycle,0.0,20.0,30.0,1,0,0,0,0,0,0,160.58921004635488,714.6254660170468,160.58921004635488,0.0
random-s0-0176,voronoi,cycle,0.0,100.0,30.0,1,0,0,0,0,0,0,160.58921004635488,802.9363773669045,160.58921004635488,0.0
random-s0-0176,voronoi,cycle,50.0,20.0,30.0,1,0,0,0,0,0,0,160.58921004635488,715.5747248372045,160.58921004635488,0.0
random-s0-0176,voronoi,cycle,50.0,100.0,30.0,1,0,0,0,0,0,0,160.58921004635488,801.1287190252245,160.58921004635488,0.0
random-s0-0176,voronoi,cycle,150.0,20.0,30.0,1,0,0,0,0,0,0,160.58921004635488,425.0020096470573,160.58921004635488,0.0
random-s0-0176,voronoi,cycle,150.0,100.0,30.0,1,0,0,0,0,0,0,160.58921004635488,804.7383408804593,160.58921004635488,0.0
random-s0-0176,voronoi,event,0.0,20.0,30.0,1,0,0,0,0,0,0,160.58921004635488,714.1241625530771,160.58921004635488,0.0
random-s0-0176,voronoi,event,0.0,100.0,30.0,1,0,0,0,0,0,0,160.58921004635488,802.9363773669045,160.58921004635488,0.0
random-s0-0176,voronoi,event,50.0,20.0,30.0,1,0,0,0,0,0,0,160.58921004635488,714.1241625530771,160.58921004635488,0.0
random-s0-0176,voronoi,event,50.0,100.0,30.0,1,0,0,0,0,0,0,160.58921004635488,801.1287190252245,160.58921004635488,0.0
random-s0-0176,voronoi,event,150.0,20.0,30.0,1,0,0,0,0,0,0,160.58921004635488,427.9387060152437,160.58921004635488,0.0
random-s0-0176,voronoi,event,150.0,100.0,30.0,1,0,0,0,0,0,0,160.58921004635488,804.7383408804593,160.58921004635488,0.0
random-s0-0176,prm,once,0.0,20.0,30.0,1,0,2,1,1,0,1,-167.44972493014336,-79.93020190607267,-167.44972493014336,720.0000000000003
random-s0-0176,prm,cycle,0.0,20.0,30.0,1,0,0,0,0,0,0,160.58921004635488,435.5628937063374,160.58921004635488,0.0
random-s0-0176,prm,cycle,0.0,100.0,30.0,1,0,0,0,0,0,0,160.58921004635488,331.7325606896697,160.58921004635488,0.0
random-s0-0176,prm,cycle,50.0,20.0,30.0,1,0,0,0,0,0,0,160.58921004635488,498.7749107428508,160.58921004635488,0.0
random-s0-0176,prm,cycle,50.0,100.0,30.0,1,0,0,0,0,0,0,160.58921004635488,442.0039988929624,160.58921004635488,0.0
random-s0-0176,prm,cycle,150.0,20.0,30.0,1,0,0,0,0,0,0,160.58921004635488,797.478882086677,160.58921004635488,0.0
random-s0-0176,prm,cycle,150.0,100.0,30.0,1,0,0,0,0,0,0,160.58921004635488,663.2864667602523,160.58921004635488,0.0
random-s0-0176,prm,event,0.0,20.0,30.0,1,0,0,0,0,0,0,160.58921004635488,491.40362073229096,160.58921004635488,0.0
random-s0-0176,prm,event,0.0,100.0,30.0,1,0,0,0,0,0,0,160.58921004635488,442.0039988929624,160.58921004635488,0.0
random-s0-0176,prm,event,50.0,20.0,30.0,1,0,0,0,0,0,0,160.58921004635488,498.7749107428508,160.58921004635488,0.0
random-s0-0176,prm,event,50.0,100.0,30.0,1,0,0,0,0,0,0,160.58921004635488,442.0039988929624,160.58921004635488,0.0
random-s0-0176,prm,event,150.0,20.0,30.0,1,0,0,0,0,0,0,160.58921004635488,797.478882086677,160.58921004635488,0.0
random-s0-0176,prm,event,150.0,100.0,30.0,1,0,0,0,0,0,0,160.58921004635488,663.2864667602523,160.58921004635488,0.0
random-s0-0176,visibility,once,0.0,20.0,30.0,1,0,0,0,0,0,0,160.58921004635488,714.2460956071923,160.58921004635488,0.0
random-s0-0176,visibility,cycle,0.0,20.0,30.0,1,0,0,0,0,0,0,139.03059721514126,689.5282795613649,139.03059721514126,0.0
random-s0-0176,visibility,cycle,0.0,100.0,30.0,1,0,0,0,0,0,0,136.23143395223968,693.2584115215645,136.23143395223968,0.0
random-s0-0176,visibility,cycle,50.0,20.0,30.0,1,0,0,0,0,0,0,141.2713389369584,715.2330910194828,141.2713389369584,0.0
random-s0-0176,visibility,cycle,50.0,100.0,30.0,1,0,0,0,0,0,0,160.58921004635488,693.2584115215645,160.58921004635488,0.0
random-s0-0176,visibility,cycle,150.0,20.0,30.0,1,0,0,0,0,0,0,160.58921004635488,738.8791370529169,160.58921004635488,0.0
random-s0-0176,visibility,cycle,150.0,100.0,30.0,1,0,0,0,0,0,0,160.58921004635488,693.2584115215645,160.58921004635488,0.0
random-s0-0176,visibility,event,0.0,20.0,30.0,1,0,0,0,0,0,0,145.4026079586311,691.6139196258945,145.4026079586311,0.0
random-s0-0176,visibility,event,0.0,100.0,30.0,1,0,0,0,0,0,0,136.0314159040605,693.2584115215645,136.0314159040605,0.0
random-s0-0176,visibility,event,50.0,20.0,30.0,1,0,0,0,0,0,0,160.58921004635488,721.3106828756394,160.58921004635488,0.0
random-s0-0176,visibility,event,50.0,100.0,30.0,1,0,0,0,0,0,0,160.58921004635488,693.2584115215645,160.58921004635488,0.0
random-s0-0176,visibility,event,150.0,20.0,30.0,1,0,0,0,0,0,0,160.58921004635488,744.7833058978052,160.58921004635488,0.0
random-s0-0176,visibility,event,150.0,100.0,30.0,1,0,0,0,0,0,0,160.58921004635488,693.2584115215645,160.58921004635488,0.0
random-s0-0177,voronoi,once,0.0,20.0,30.0,1,0,3,1,2,1,0,-162.08209762003003,-162.08209762003003,-19.26421345679597,580.0000000000002
random-s0-0177,voronoi,cycle,0.0,20.0,30.0,1,0,1,0,1,0,0,-1.3320587098788224,-1.3320587098788224,31.386400880348845,20.0
random-s0-0177,voronoi,cycle,0.0,100.0,30.0,1,0,0,0,0,0,0,62.843022815381886,93.76137509205375,62.843022815381886,0.0
random-s0-0177,voronoi,cycle,50.0,20.0,30.0,1,0,0,0,0,0,0,48.3361373318765,183.75139423737232,48.3361373318765,0.0
random-s0-0177,voronoi,cycle,50.0,100.0,30.0,1,0,0,0,0,0,0,75.12368526762157,87.79463147642764,75.12368526762157,0.0
random-s0-0177,voronoi,cycle,150.0,20.0,30.0,1,0,0,0,0,0,0,49.38248357847422,49.38248357847422,190.1208767340629,0.0
random-s0-0177,voronoi,cycle,150.0,100.0,30.0,1,0,0,0,0,0,0,57.04992199130484,57.04992199130484,191.59344082385465,0.0
random-s0-0177,voronoi,event,0.0,20.0,30.0,1,0,0,0,0,0,0,42.975969745988834,55.23821003708781,42.975969745988834,0.0
random-s0-0177,voronoi,event,0.0,100.0,30.0,1,0,0,0,0,0,0,34.16496474758316,62.185260677059176,34.16496474758316,0.0
random-s0-0177,voronoi,event,50.0,20.0,30.0,1,0,0,0,0,0,0,38.37161902867575,110.91456831406803,38.37161902867575,0.0
random-s0-0177,voronoi,event,50.0,100.0,30.0,1,0,0,0,0,0,0,38.37161902867575,90.21398964471793,38.37161902867575,0.0
random-s0-0177,voronoi,event,150.0,20.0,30.0,1,0,0,0,0,0,0,122.59778345001553,219.1141509387076,122.59778345001553,0.0
random-s0-0177,voronoi,event,150.0,100.0,30.0,1,0,0,0,0,0,0,125.76952070286136,216.07397767242088,125.76952070286136,0.0
random-s0-0177,prm,once,0.0,20.0,30.0,1,0,0,0,0,0,0,48.56085553796584,48.56085553796584,127.37674261191688,0.0
random-s0-0177,prm,cycle,0.0,20.0,30.0,1,0,0,0,0,0,0,33.176868615762174,53.29794871250087,33.176868615762174,0.0
random-s0-0177,prm,cycle,0.0,100.0,30.0,1,0,1,0,1,0,0,-16.406719882757102,-16.406719882757102,85.77141958033815,40.0
random-s0-0177,prm,cycle,50.0,20.0,30.0,1,0,0,0,0,0,0,86.76689968032014,216.34956841140783,86.76689968032014,0.0
random-s0-0177,prm,cycle,50.0,100.0,30.0,1,0,0,0,0,0,0,192.9999871785116,212.9069480353113,192.9999871785116,0.0
random-s0-0177,prm,cycle,150.0,20.0,30.0,1,0,0,0,0,0,0,33.59765151132248,33.59765151132248,132.16082810688266,0.0
random-s0-0177,prm,cycle,150.0,100.0,30.0,1,0,0,0,0,0,0,48.56085553796584,48.56085553796584,188.3047754014666,0.0
random-s0-0177,prm,event,0.0,20.0,30.0,1,0,0,0,0,0,0,33.176868615762174,53.29794871250087,33.176868615762174,0.0
random-s0-0177,prm,event,0.0,100.0,30.0,1,0,1,0,1,0,0,-160.04679924499914,-160.04679924499914,85.77141958033815,100.0
random-s0-0177,prm,event,50.0,20.0,30.0,1,0,0,0,0,0,0,186.51643306991645,187.5615950342748,186.51643306991645,0.0
random-s0-0177,prm,event,50.0,100.0,30.0,1,0,0,0,0,0,0,82.78193848398428,115.77526954708532,82.78193848398428,0.0
random-s0-0177,prm,event,150.0,20.0,30.0,1,0,0,0,0,0,0,120.2226709705746,120.2226709705746,156.75709617287652,0.0
random-s0-0177,prm,event,150.0,100.0,30.0,1,0,0,0,0,0,0,48.56085553796584,48.56085553796584,194.6537306786891,0.0
random-s0-0177,visibility,once,0.0,20.0,30.0,1,0,0,0,0,0,0,17.25588375601916,218.5077877176316,17.25588375601916,0.0
random-s0-0177,visibility,cycle,0.0,20.0,30.0,1,0,0,0,0,0,0,74.04052863929198,158.26371854128598,74.04052863929198,0.0
random-s0-0177,visibility,cycle,0.0,100.0,30.0,1,0,0,0,0,0,0,81.69058825359417,219.72228713098417,81.69058825359417,0.0
random-s0-0177,visibility,cycle,50.0,20.0,30.0,1,0,0,0,0,0,0,79.43472577809035,208.87513008428036,79.43472577809035,0.0
random-s0-0177,visibility,cycle,50.0,100.0,30.0,1,0,0,0,0,0,0,97.60082027948404,220.39079185801484,97.60082027948404,0.0
random-s0-0177,visibility,cycle,150.0,20.0,30.0,1,0,0,0,0,0,0,51.31480920774462,51.31480920774462,151.99606912166797,0.0
random-s0-0177,visibility,cycle,150.0,100.0,30.0,1,0,0,0,0,0,0,133.79305110386247,140.85520531602418,133.79305110386247,0.0
random-s0-0177,visibility,event,0.0,20.0,30.0,1,0,0,0,0,0,0,155.0713648084082,196.3968165865193,155.0713648084082,0.0
random-s0-0177,visibility,event,0.0,100.0,30.0,1,0,0,0,0,0,0,138.8864802022385,217.33851101252597,138.8864802022385,0.0
random-s0-0177,visibility,event,50.0,20.0,30.0,1,0,0,0,0,0,0,140.40624176741647,140.40624176741647,190.81844074218952,0.0
random-s0-0177,visibility,event,50.0,100.0,30.0,1,0,0,0,0,0,0,188.6066046822096,202.41640625161068,188.6066046822096,0.0
random-s0-0177,visibility,event,150.0,20.0,30.0,1,0,0,0,0,0,0,42.20103847637645,42.20103847637645,89.95365860068603,0.0
random-s0-0177,visibility,event,150.0,100.0,30.0,1,0,0,0,0,0,0,191.06034511499467,219.2005045284978,191.06034511499467,0.0
random-s0-0178,voronoi,once,0.0,20.0,30.0,1,0,0,0,0,0,0,80.17153608234668,193.3405148118806,80.17153608234668,0.0
random-s0-0178,voronoi,cycle,0.0,20.0,30.0,1,0,0,0,0,0,0,88.45224649619814,116.1815769986868,88.45224649619814,0.0
random-s0-0178,voronoi,cycle,0.0,100.0,30.0,1,0,0,0,0,0,0,80.56487604234479,118.64840511565312,80.56487604234479,0.0
random-s0-0178,voronoi,cycle,50.0,20.0,30.0,1,0,0,0,0,0,0,54.55307935193326,193.3405148118806,54.55307935193326,0.0
random-s0-0178,voronoi,cycle,50.0,100.0,30.0,1,0,0,0,0,0,0,52.619517384049175,193.3405148118806,52.619517384049175,0.0
random-s0-0178,voronoi,cycle,150.0,20.0,30.0,1,0,0,0,0,0,0,161.42739936938,193.3405148118806,161.42739936938,0.0
random-s0-0178,voronoi,cycle,150.0,100.0,30.0,1,0,0,0,0,0,0,101.76470340336232,101.76470340336232,222.1551935765576,0.0
random-s0-0178,voronoi,event,0.0,20.0,30.0,1,0,0,0,0,0,0,80.56487604234462,118.64840511565336,80.56487604234462,0.0
random-s0-0178,voronoi,event,0.0,100.0,30.0,1,0,0,0,0,0,0,80.56487604234479,118.64840511565312,80.56487604234479,0.0
random-s0-0178,voronoi,event,50.0,20.0,30.0,1,0,0,0,0,0,0,128.59560481035248,193.3405148118806,128.59560481035248,0.0
random-s0-0178,voronoi,event,50.0,100.0,30.0,1,0,0,0,0,0,0,184.3734245666793,193.3405148118806,184.3734245666793,0.0
random-s0-0178,voronoi,event,150.0,20.0,30.0,1,0,0,0,0,0,0,160.19668748329582,193.3405148118806,160.19668748329582,0.0
random-s0-0178,voronoi,event,150.0,100.0,30.0,1,0,0,0,0,0,0,180.98701020876297,193.3405148118806,180.98701020876297,0.0
random-s0-0178,prm,once,0.0,20.0,30.0,1,0,1,1,0,0,1,-157.20971269893133,107.22438461857882,-157.20971269893133,60.0
random-s0-0178,prm,cycle,0.0,20.0,30.0,1,0,0,0,0,0,0,18.975477527439978,183.54990881416236,18.975477527439978,0.0
random-s0-0178,prm,cycle,0.0,100.0,30.0,1,0,0,0,0,0,0,80.17153608234662,148.44689434408969,80.17153608234662,0.0
random-s0-0178,prm,cycle,50.0,20.0,30.0,1,0,0,0,0,0,0,77.08116299026898,189.45846558376468,77.08116299026898,0.0
random-s0-0178,prm,cycle,50.0,100.0,30.0,1,0,0,0,0,0,0,80.17153608234662,107.22438461857882,80.17153608234662,0.0
random-s0-0178,prm,cycle,150.0,20.0,30.0,1,0,0,0,0,0,0,107.22438461857882,107.22438461857882,176.03600963592356,0.0
random-s0-0178,prm,cycle,150.0,100.0,30.0,1,0,0,0,0,0,0,107.22438461857882,107.22438461857882,183.3671680665776,0.0
random-s0-0178,prm,event,0.0,20.0,30.0,1,0,0,0,0,0,0,29.26807245267841,143.6477069751424,29.26807245267841,0.0
random-s0-0178,prm,event,0.0,100.0,30.0,1,0,0,0,0,0,0,80.17153608234662,148.44689434408969,80.17153608234662,0.0
random-s0-0178,prm,event,50.0,20.0,30.0,1,0,0,0,0,0,0,84.6991071459039,171.9585519244239,84.6991071459039,0.0
random-s0-0178,prm,event,50.0,100.0,30.0,1,0,1,0,1,0,0,-33.99489141118994,-33.99489141118994,103.90321442150974,40.0
random-s0-0178,prm,event,150.0,20.0,30.0,1,0,0,0,0,0,0,83.94156722505443,107.22438461857882,83.94156722505443,0.0
random-s0-0178,prm,event,150.0,100.0,30.0,1,0,0,0,0,0,0,107.22438461857882,107.22438461857882,183.3671680665776,0.0
random-s0-0178,visibility,once,0.0,20.0,30.0,1,0,2,1,1,0,1,-77.6858114031382,-42.3853864933657,-77.6858114031382,100.0
random-s0-0178,visibility,cycle,0.0,20.0,30.0,1,0,0,0,0,0,0,61.7722021949549,132.7613870641046,61.7722021949549,0.0
random-s0-0178,visibility,cycle,0.0,100.0,30.0,1,0,0,0,0,0,0,51.87187848375737,60.39947523108975,51.87187848375737,0.0
random-s0-0178,visibility,cycle,50.0,20.0,30.0,1,0,0,0,0,0,0,34.86735398948073,60.39947523108975,34.86735398948073,0.0
random-s0-0178,visibility,cycle,50.0,100.0,30.0,1,0,0,0,0,0,0,37.11789071762013,53.05942048434199,37.11789071762013,0.0
random-s0-0178,visibility,cycle,150.0,20.0,30.0,1,0,0,0,0,0,0,60.39947523108975,60.39947523108975,113.15778891704986,0.0
random-s0-0178,visibility,cycle,150.0,100.0,30.0,1,0,1,0,1,0,0,-42.3853864933657,-42.3853864933657,104.72365025737751,40.0
random-s0-0178,visibility,event,0.0,20.0,30.0,1,0,0,0,0,0,0,61.83903309251557,132.7613870641046,61.83903309251557,0.0
random-s0-0178,visibility,event,0.0,100.0,30.0,1,0,0,0,0,0,0,51.87187848375737,60.39947523108975,51.87187848375737,0.0
random-s0-0178,visibility,event,50.0,20.0,30.0,1,0,0,0,0,0,0,30.692872286369575,60.39947523108975,30.692872286369575,0.0
random-s0-0178,visibility,event,50.0,100.0,30.0,1,0,0,0,0,0,0,37.59133137291275,60.39947523108975,37.59133137291275,0.0
random-s0-0178,visibility,event,150.0,20.0,30.0,1,0,0,0,0,0,0,60.39947523108975,60.39947523108975,111.73819224156551,0.0
random-s0-0178,visibility,event,150.0,100.0,30.0,1,0,1,0,1,0,0,-42.3853864933657,-42.3853864933657,103.23414798431035,40.0
random-s0-0179,voronoi,once,0.0,20.0,30.0,1,0,2,1,1,1,0,-144.5535633584604,-6.8154311274832935,-144.5535633584604,400.00000000000006
random-s0-0179,voronoi,cycle,0.0,20.0,30.0,1,0,3,0,3,0,0,-15.5599428756382,-15.5599428756382,37.48558579670672,59.99999999999992
random-s0-0179,voronoi,cycle,0.0,100.0,30.0,1,0,1,0,1,0,0,-13.174562393642674,-13.174562393642674,35.81964438385694,39.99999999999991
random-s0-0179,voronoi,cycle,50.0,20.0,30.0,1,0,0,0,0,0,0,49.83476960669444,141.2880560054868,49.83476960669444,0.0
random-s0-0179,voronoi,cycle,50.0,100.0,30.0,1,0,0,0,0,0,0,69.9709002940518,164.03347028880734,69.9709002940518,0.0
random-s0-0179,voronoi,cycle,150.0,20.0,30.0,1,0,0,0,0,0,0,175.7891480008454,274.3611293218089,175.7891480008454,0.0
random-s0-0179,voronoi,cycle,150.0,100.0,30.0,1,0,0,0,0,0,0,73.56081349707645,73.56081349707645,128.30974375749406,0.0
random-s0-0179,voronoi,event,0.0,20.0,30.0,1,0,1,0,1,0,0,-4.036674979247493,-4.036674979247493,34.463515886051056,20.0
random-s0-0179,voronoi,event,0.0,100.0,30.0,1,0,1,0,1,0,0,-27.03881752758488,-27.03881752758488,35.81964438385694,59.99999999999992
random-s0-0179,voronoi,event,50.0,20.0,30.0,1,0,0,0,0,0,0,17.30495777003111,35.2005603724391,17.30495777003111,0.0
random-s0-0179,voronoi,event,50.0,100.0,30.0,1,0,0,0,0,0,0,33.2186713374754,33.2186713374754,69.9709002940518,0.0
random-s0-0179,voronoi,event,150.0,20.0,30.0,1,0,0,0,0,0,0,30.711946644279323,30.711946644279323,140.70265433940523,0.0
random-s0-0179,voronoi,event,150.0,100.0,30.0,1,0,0,0,0,0,0,184.15887449563596,279.0559841991025,184.15887449563596,0.0
random-s0-0179,prm,once,0.0,20.0,30.0,1,0,4,2,2,2,0,-144.5535633584604,-124.59570586597376,-144.5535633584604,720.0000000000003
random-s0-0179,prm,cycle,0.0,20.0,30.0,1,0,0,0,0,0,0,43.70700855476227,202.5082829204408,43.70700855476227,0.0
random-s0-0179,prm,cycle,0.0,100.0,30.0,1,0,1,1,0,1,0,-141.06602241088387,139.05713597224957,-141.06602241088387,360.00000000000006
random-s0-0179,prm,cycle,50.0,20.0,30.0,1,0,0,0,0,0,0,114.43003682257712,114.43003682257712,151.63880352101523,0.0
random-s0-0179,prm,cycle,50.0,100.0,30.0,1,0,0,0,0,0,0,137.61849871631364,137.61849871631364,140.03461376952475,0.0
random-s0-0179,prm,cycle,150.0,20.0,30.0,1,0,1,1,0,1,0,-144.5535633584604,200.51312022352727,-144.5535633584604,380.00000000000006
random-s0-0179,prm,cycle,150.0,100.0,30.0,1,0,0,0,0,0,0,179.81855692470162,289.78546053811726,179.81855692470162,0.0
random-s0-0179,prm,event,0.0,20.0,30.0,1,0,0,0,0,0,0,36.33523381435563,183.18382801000772,36.33523381435563,0.0
random-s0-0179,prm,event,0.0,100.0,30.0,1,0,1,1,0,1,0,-144.55356335846017,192.48217428777008,-144.55356335846017,380.00000000000006
random-s0-0179,prm,event,50.0,20.0,30.0,1,0,1,1,0,1,0,-144.5535633584604,81.7293007229502,-144.5535633584604,380.00000000000006
random-s0-0179,prm,event,50.0,100.0,30.0,1,0,1,1,0,1,0,-144.55356335846017,84.08053978223091,-144.55356335846017,380.00000000000006
random-s0-0179,prm,event,150.0,20.0,30.0,1,0,1,1,0,1,0,-144.5535633584604,131.55240358483252,-144.5535633584604,380.00000000000006
random-s0-0179,prm,event,150.0,100.0,30.0,1,0,0,0,0,0,0,179.73631820855502,319.24726420275954,179.73631820855502,0.0
random-s0-0179,visibility,once,0.0,20.0,30.0,1,0,2,2,0,1,1,-148.67613752693765,389.8206316911589,-148.67613752693765,540.0000000000001
random-s0-0179,visibility,cycle,0.0,20.0,30.0,1,0,2,2,0,2,0,-116.4884371809604,136.98243008517733,-116.4884371809604,600.0000000000002
random-s0-0179,visibility,cycle,0.0,100.0,30.0,1,0,2,2,0,2,0,-117.12444149460973,163.3756109690488,-117.12444149460973,600.0000000000001
random-s0-0179,visibility,cycle,50.0,20.0,30.0,1,0,2,2,0,1,1,-41.08710668136783,133.9930141182357,-41.08710668136783,299.9999999999999
random-s0-0179,visibility,cycle,50.0,100.0,30.0,1,0,2,2,0,1,1,-83.56004641049036,150.63560913863807,-83.56004641049036,480.0
random-s0-0179,visibility,cycle,150.0,20.0,30.0,1,0,1,1,0,0,1,-76.37545941797488,331.12460756507585,-76.37545941797488,279.99999999999994
random-s0-0179,visibility,cycle,150.0,100.0,30.0,1,0,1,1,0,0,1,-95.93209516652918,347.451328314526,-95.93209516652918,300.0
random-s0-0179,visibility,event,0.0,20.0,30.0,1,0,2,2,0,2,0,-119.43068683788772,138.89970131048142,-119.43068683788772,620.0000000000002
random-s0-0179,visibility,event,0.0,100.0,30.0,1,0,2,2,0,2,0,-117.12444149460973,163.3756109690488,-117.12444149460973,600.0000000000001
random-s0-0179,visibility,event,50.0,20.0,30.0,1,0,2,2,0,1,1,-52.717993234067606,134.65663969221578,-52.717993234067606,420.0
random-s0-0179,visibility,event,50.0,100.0,30.0,1,0,2,2,0,1,1,-83.65041499906677,155.59603832033054,-83.65041499906677,480.0
random-s0-0179,visibility,event,150.0,20.0,30.0,1,0,1,1,0,1,0,-144.5535633584604,324.06869631172816,-144.5535633584604,380.00000000000006
random-s0-0179,visibility,event,150.0,100.0,30.0,1,0,1,1,0,0,1,-95.93209516652918,380.5167834019346,-95.93209516652918,300.0
random-s0-0180,voronoi,once,0.0,20.0,30.0,1,0,0,0,0,0,0,58.10854466217532,58.10854466217532,407.5860138542613,0.0
random-s0-0180,voronoi,cycle,0.0,20.0,30.0,1,0,1,1,0,1,0,-66.71496586086393,191.6099871534878,-66.71496586086393,300.0
random-s0-0180,voronoi,cycle,0.0,100.0,30.0,1,0,1,1,0,1,0,-75.37753964568971,202.07049259800735,-75.37753964568971,340.0
random-s0-0180,voronoi,cycle,50.0,20.0,30.0,1,0,1,1,0,1,0,-3.549978452095445,408.79520000587706,-3.549978452095445,80.0
random-s0-0180,voronoi,cycle,50.0,100.0,30.0,1,0,1,1,0,1,0,-10.203725997720454,368.1883163164556,-10.203725997720454,140.0
random-s0-0180,voronoi,cycle,150.0,20.0,30.0,1,0,0,0,0,0,0,135.0907834078714,243.65320719121752,135.0907834078714,0.0
random-s0-0180,voronoi,cycle,150.0,100.0,30.0,1,0,0,0,0,0,0,46.39314789201953,291.0226391628668,46.39314789201953,0.0
random-s0-0180,voronoi,event,0.0,20.0,30.0,1,0,1,1,0,1,0,-58.37023804313337,314.83984068657327,-58.37023804313337,300.0
random-s0-0180,voronoi,event,0.0,100.0,30.0,1,0,1,1,0,1,0,-67.44553065507036,334.22238982808176,-67.44553065507036,320.0
random-s0-0180,voronoi,event,50.0,20.0,30.0,1,0,0,0,0,0,0,4.466681636946987,343.3538985494255,4.466681636946987,0.0
random-s0-0180,voronoi,event,50.0,100.0,30.0,1,0,0,0,0,0,0,1.831072289295065,334.22238982808176,1.831072289295065,0.0
random-s0-0180,voronoi,event,150.0,20.0,30.0,1,0,0,0,0,0,0,56.36846850271468,427.3975417488237,56.36846850271468,0.0
random-s0-0180,voronoi,event,150.0,100.0,30.0,1,0,0,0,0,0,0,56.5296304161547,291.0226391628668,56.5296304161547,0.0
random-s0-0180,prm,once,0.0,20.0,30.0,1,0,1,0,1,0,0,-123.38899328998488,-123.38899328998488,81.92003411251153,620.0000000000002
random-s0-0180,prm,cycle,0.0,20.0,30.0,1,0,1,1,0,1,0,-125.49542983829716,67.9732170990907,-125.49542983829716,279.99999999999994
random-s0-0180,prm,cycle,0.0,100.0,30.0,1,0,1,1,0,1,0,-118.38444262626464,12.095929302305676,-118.38444262626464,300.0
random-s0-0180,prm,cycle,50.0,20.0,30.0,1,0,1,1,0,1,0,-114.17390644498934,340.16916361073163,-114.17390644498934,279.99999999999994
random-s0-0180,prm,cycle,50.0,100.0,30.0,1,0,1,1,0,1,0,-120.0492082910421,231.2509349397149,-120.0492082910421,300.0
random-s0-0180,prm,cycle,150.0,20.0,30.0,1,0,1,1,0,0,1,-44.02405027263242,400.7362201413852,-44.02405027263242,180.0
random-s0-0180,prm,cycle,150.0,100.0,30.0,1,0,0,0,0,0,0,51.591061652692815,157.17096498070174,51.591061652692815,0.0
random-s0-0180,prm,event,0.0,20.0,30.0,1,0,2,1,1,1,0,-123.0447575745,-76.24017980691669,-123.0447575745,340.0
random-s0-0180,prm,event,0.0,100.0,30.0,1,0,1,1,0,1,0,-118.38444262626464,333.1617693054435,-118.38444262626464,300.0
random-s0-0180,prm,event,50.0,20.0,30.0,1,0,1,1,0,1,0,-117.54778395100747,417.0743525558339,-117.54778395100747,279.99999999999994
random-s0-0180,prm,event,50.0,100.0,30.0,1,0,1,1,0,1,0,-110.3951037544882,259.9532757443807,-110.3951037544882,279.99999999999994
random-s0-0180,prm,event,150.0,20.0,30.0,1,0,0,0,0,0,0,40.9604707488536,40.9604707488536,43.320797424328674,0.0
random-s0-0180,prm,event,150.0,100.0,30.0,1,0,1,1,0,1,0,-94.27358831247987,333.1617693054435,-94.27358831247987,220.0
random-s0-0180,visibility,once,0.0,20.0,30.0,1,0,3,1,2,0,1,-159.51100588460747,-159.51100588460747,-14.536447400914312,340.0
random-s0-0180,visibility,cycle,0.0,20.0,30.0,1,0,1,1,0,1,0,-144.99628198449915,155.49240926073446,-144.99628198449915,320.0
random-s0-0180,visibility,cycle,0.0,100.0,30.0,1,0,1,1,0,1,0,-141.19641434071252,41.48109783757994,-141.19641434071252,300.0
random-s0-0180,visibility,cycle,50.0,20.0,30.0,1,0,1,1,0,1,0,-145.38244060118035,216.0357030732501,-145.38244060118035,320.0
random-s0-0180,visibility,cycle,50.0,100.0,30.0,1,0,1,1,0,1,0,-143.3536848918543,328.11895141532847,-143.3536848918543,300.0
random-s0-0180,visibility,cycle,150.0,20.0,30.0,1,0,1,1,0,1,0,-148.2021612145957,359.674869165519,-148.2021612145957,320.0
random-s0-0180,visibility,cycle,150.0,100.0,30.0,1,0,1,1,0,1,0,-143.90589375950535,120.06059550996002,-143.90589375950535,300.0
random-s0-0180,visibility,event,0.0,20.0,30.0,1,0,1,1,0,1,0,-144.4363966779121,322.7866387777341,-144.4363966779121,320.0
random-s0-0180,visibility,event,0.0,100.0,30.0,1,0,1,1,0,1,0,-119.2115926931371,246.70179445642964,-119.2115926931371,279.99999999999994
random-s0-0180,visibility,event,50.0,20.0,30.0,1,0,1,1,0,1,0,-126.09988238029943,406.35384021071377,-126.09988238029943,300.0
random-s0-0180,visibility,event,50.0,100.0,30.0,1,0,1,1,0,1,0,-119.2115926931371,372.9797914086763,-119.2115926931371,279.99999999999994
random-s0-0180,visibility,event,150.0,20.0,30.0,1,0,0,0,0,0,0,1.839258143456874,108.41712303908632,1.839258143456874,0.0
random-s0-0180,visibility,event,150.0,100.0,30.0,1,0,2,1,1,1,0,-104.85800512866317,-95.18400527814894,-104.85800512866317,800.0000000000001
random-s0-0181,voronoi,once,0.0,20.0,30.0,1,0,2,1,1,0,1,-172.12791016157348,-172.12791016157348,-79.5072846689929,600.0000000000002
random-s0-0181,voronoi,cycle,0.0,20.0,30.0,1,0,0,0,0,0,0,38.425389356914366,498.26137292344754,38.425389356914366,0.0
random-s0-0181,voronoi,cycle,0.0,100.0,30.0,1,0,0,0,0,0,0,75.28299123094499,498.26137292344754,75.28299123094499,0.0
random-s0-0181,voronoi,cycle,50.0,20.0,30.0,1,0,0,0,0,0,0,37.26815364778241,498.26137292344754,37.26815364778241,0.0
random-s0-0181,voronoi,cycle,50.0,100.0,30.0,1,0,0,0,0,0,0,73.11637671152707,498.26137292344754,73.11637671152707,0.0
random-s0-0181,voronoi,cycle,150.0,20.0,30.0,1,0,0,0,0,0,0,40.42276649953215,381.4832100936919,40.42276649953215,0.0
random-s0-0181,voronoi,cycle,150.0,100.0,30.0,1,0,0,0,0,0,0,56.211850123508725,498.26137292344754,56.211850123508725,0.0
random-s0-0181,voronoi,event,0.0,20.0,30.0,1,0,0,0,0,0,0,47.22288710419451,295.90861819752075,47.22288710419451,0.0
random-s0-0181,voronoi,event,0.0,100.0,30.0,1,0,0,0,0,0,0,112.07814888806912,378.9482404615465,112.07814888806912,0.0
random-s0-0181,voronoi,event,50.0,20.0,30.0,1,0,0,0,0,0,0,44.77836374154887,292.1252678343428,44.77836374154887,0.0
random-s0-0181,voronoi,event,50.0,100.0,30.0,1,0,0,0,0,0,0,61.00593458128813,314.0836413270051,61.00593458128813,0.0
random-s0-0181,voronoi,event,150.0,20.0,30.0,1,0,0,0,0,0,0,35.55067858751852,404.6593236019724,35.55067858751852,0.0
random-s0-0181,voronoi,event,150.0,100.0,30.0,1,0,0,0,0,0,0,104.49424196889242,369.5085437468647,104.49424196889242,0.0
random-s0-0181,prm,once,0.0,20.0,30.0,1,0,0,0,0,0,0,81.95170159483877,498.26137292344754,81.95170159483877,0.0
random-s0-0181,prm,cycle,0.0,20.0,30.0,1,0,0,0,0,0,0,32.15456183951292,498.26137292344754,32.15456183951292,0.0
random-s0-0181,prm,cycle,0.0,100.0,30.0,1,0,0,0,0,0,0,49.1354990439568,498.26137292344754,49.1354990439568,0.0
random-s0-0181,prm,cycle,50.0,20.0,30.0,1,0,0,0,0,0,0,32.15456183951292,498.26137292344754,32.15456183951292,0.0
random-s0-0181,prm,cycle,50.0,100.0,30.0,1,0,0,0,0,0,0,49.1354990439568,498.26137292344754,49.1354990439568,0.0
random-s0-0181,prm,cycle,150.0,20.0,30.0,1,0,0,0,0,0,0,35.393173115747345,498.26137292344754,35.393173115747345,0.0
random-s0-0181,prm,cycle,150.0,100.0,30.0,1,0,0,0,0,0,0,45.38823276835649,498.26137292344754,45.38823276835649,0.0
random-s0-0181,prm,event,0.0,20.0,30.0,1,0,0,0,0,0,0,36.12745289274184,498.26137292344754,36.12745289274184,0.0
random-s0-0181,prm,event,0.0,100.0,30.0,1,0,0,0,0,0,0,50.15868430022428,498.26137292344754,50.15868430022428,0.0
random-s0-0181,prm,event,50.0,20.0,30.0,1,0,0,0,0,0,0,36.12745289274184,498.26137292344754,36.12745289274184,0.0
random-s0-0181,prm,event,50.0,100.0,30.0,1,0,0,0,0,0,0,50.15868430022428,498.26137292344754,50.15868430022428,0.0
random-s0-0181,prm,event,150.0,20.0,30.0,1,0,0,0,0,0,0,32.238740621569576,498.26137292344754,32.238740621569576,0.0
random-s0-0181,prm,event,150.0,100.0,30.0,1,0,0,0,0,0,0,32.743622241788245,498.26137292344754,32.743622241788245,0.0
random-s0-0181,visibility,once,0.0,20.0,30.0,1,0,0,0,0,0,0,23.00735416213521,38.898716995356295,23.00735416213521,0.0
random-s0-0181,visibility,cycle,0.0,20.0,30.0,1,0,0,0,0,0,0,32.32530160565139,38.89871699535581,32.32530160565139,0.0
random-s0-0181,visibility,cycle,0.0,100.0,30.0,1,0,0,0,0,0,0,23.00735416213513,38.89871699535635,23.00735416213513,0.0
random-s0-0181,visibility,cycle,50.0,20.0,30.0,1,0,0,0,0,0,0,30.748077127074083,51.39960793311408,30.748077127074083,0.0
random-s0-0181,visibility,cycle,50.0,100.0,30.0,1,0,0,0,0,0,0,30.859606844360343,50.20499691758474,30.859606844360343,0.0
random-s0-0181,visibility,cycle,150.0,20.0,30.0,1,0,0,0,0,0,0,31.17822895817548,419.6178811102394,31.17822895817548,0.0
random-s0-0181,visibility,cycle,150.0,100.0,30.0,1,0,0,0,0,0,0,30.01937330090521,410.8668241786455,30.01937330090521,0.0
random-s0-0181,visibility,event,0.0,20.0,30.0,1,0,0,0,0,0,0,32.32530160565139,38.89871699535581,32.32530160565139,0.0
random-s0-0181,visibility,event,0.0,100.0,30.0,1,0,0,0,0,0,0,23.00735416213513,38.89871699535635,23.00735416213513,0.0
random-s0-0181,visibility,event,50.0,20.0,30.0,1,0,0,0,0,0,0,31.123945507588104,447.237940832371,31.123945507588104,0.0
random-s0-0181,visibility,event,50.0,100.0,30.0,1,0,0,0,0,0,0,12.692233547672146,56.85778453965503,12.692233547672146,0.0
random-s0-0181,visibility,event,150.0,20.0,30.0,1,0,0,0,0,0,0,31.530697465912997,482.7151217066673,31.530697465912997,0.0
random-s0-0181,visibility,event,150.0,100.0,30.0,1,0,0,0,0,0,0,32.03809918527992,434.9034626497846,32.03809918527992,0.0
random-s0-0182,voronoi,once,0.0,20.0,30.0,1,0,1,1,0,1,0,-57.6663830218864,190.82891036821195,-57.6663830218864,200.0
random-s0-0182,voronoi,cycle,0.0,20.0,30.0,1,0,0,0,0,0,0,82.09438399939484,82.09438399939484,95.03802510123565,0.0
random-s0-0182,voronoi,cycle,0.0,100.0,30.0,1,0,0,0,0,0,0,5.601026462725713,5.601026462725713,167.33897787181706,0.0
random-s0-0182,voronoi,cycle,50.0,20.0,30.0,1,0,0,0,0,0,0,37.114348926092646,245.60676533378745,37.114348926092646,0.0
random-s0-0182,voronoi,cycle,50.0,100.0,30.0,1,0,0,0,0,0,0,82.51021441490889,217.31869522442764,82.51021441490889,0.0
random-s0-0182,voronoi,cycle,150.0,20.0,30.0,1,0,0,0,0,0,0,199.27378582387524,392.971970069533,199.27378582387524,0.0
random-s0-0182,voronoi,cycle,150.0,100.0,30.0,1,0,0,0,0,0,0,87.40602595945205,87.40602595945205,98.74458468169098,0.0
random-s0-0182,voronoi,event,0.0,20.0,30.0,1,0,0,0,0,0,0,12.552517106787036,37.59716288806175,12.552517106787036,0.0
random-s0-0182,voronoi,event,0.0,100.0,30.0,1,0,0,0,0,0,0,39.20514096390872,39.20514096390872,167.33897787181706,0.0
random-s0-0182,voronoi,event,50.0,20.0,30.0,1,0,0,0,0,0,0,108.51747192456328,216.2803509248373,108.51747192456328,0.0
random-s0-0182,voronoi,event,50.0,100.0,30.0,1,0,0,0,0,0,0,59.11695404364218,110.05917122349176,59.11695404364218,0.0
random-s0-0182,voronoi,event,150.0,20.0,30.0,1,0,0,0,0,0,0,37.33020446307117,160.5609413142306,37.33020446307117,0.0
random-s0-0182,voronoi,event,150.0,100.0,30.0,1,0,5,0,5,0,0,-59.96083814744645,-59.96083814744645,89.71250120689461,700.0000000000001
random-s0-0182,prm,once,0.0,20.0,30.0,1,0,2,1,1,0,1,-143.43809723114944,-143.43809723114944,-79.22602778536083,180.0
random-s0-0182,prm,cycle,0.0,20.0,30.0,1,0,0,0,0,0,0,87.50606676098829,87.50606676098829,89.51842398772283,0.0
random-s0-0182,prm,cycle,0.0,100.0,30.0,1,0,1,0,1,0,0,-103.48202254343322,-103.48202254343322,118.8861433044126,60.0
random-s0-0182,prm,cycle,50.0,20.0,30.0,1,0,0,0,0,0,0,85.23708995588015,265.14546375534417,85.23708995588015,0.0
random-s0-0182,prm,cycle,50.0,100.0,30.0,1,0,0,0,0,0,0,167.33897787181706,168.66776961103346,167.33897787181706,0.0
random-s0-0182,prm,cycle,150.0,20.0,30.0,1,0,1,0,1,0,0,-143.43809723114944,-143.43809723114944,61.02231248350717,99.99999999999996
random-s0-0182,prm,cycle,150.0,100.0,30.0,1,0,1,0,1,0,0,-143.43809723114944,-143.43809723114944,53.8089838885779,100.0
random-s0-0182,prm,event,0.0,20.0,30.0,1,0,0,0,0,0,0,64.83642255739252,64.83642255739252,167.33897787181706,0.0
random-s0-0182,prm,event,0.0,100.0,30.0,1,0,1,0,1,0,0,-103.48202254343322,-103.48202254343322,118.8861433044126,60.0
random-s0-0182,prm,event,50.0,20.0,30.0,1,0,1,0,1,0,0,-122.54208019977186,-122.54208019977186,85.23708995588015,39.99999999999999
random-s0-0182,prm,event,50.0,100.0,30.0,1,0,0,0,0,0,0,40.38477783177862,168.66776961103346,40.38477783177862,0.0
random-s0-0182,prm,event,150.0,20.0,30.0,1,0,2,0,2,0,0,-143.43809723114944,-143.43809723114944,97.22783165123953,259.99999999999994
random-s0-0182,prm,event,150.0,100.0,30.0,1,0,1,0,1,0,0,-143.43809723114944,-143.43809723114944,53.8089838885779,100.0
random-s0-0182,visibility,once,0.0,20.0,30.0,1,0,2,1,1,1,0,-51.474961140618205,-2.315740717922523,-51.474961140618205,440.0000000000001
random-s0-0182,visibility,cycle,0.0,20.0,30.0,1,0,0,0,0,0,0,43.544847508499146,92.10102248345017,43.544847508499146,0.0
random-s0-0182,visibility,cycle,0.0,100.0,30.0,1,0,0,0,0,0,0,21.35585153760965,62.19257421374161,21.35585153760965,0.0
random-s0-0182,visibility,cycle,50.0,20.0,30.0,1,0,0,0,0,0,0,84.07402409117515,226.90164491697865,84.07402409117515,0.0
random-s0-0182,visibility,cycle,50.0,100.0,30.0,1,0,0,0,0,0,0,30.78386679042083,165.1388173006638,30.78386679042083,0.0
random-s0-0182,visibility,cycle,150.0,20.0,30.0,1,0,1,0,1,0,0,-2.3157407179225515,-2.3157407179225515,27.542591703112123,39.99999999999998
random-s0-0182,visibility,cycle,150.0,100.0,30.0,1,0,1,0,1,0,0,-2.315740717922523,-2.315740717922523,104.69193476508184,40.0
random-s0-0182,visibility,event,0.0,20.0,30.0,1,0,1,0,1,0,0,-48.50503061626418,-48.50503061626418,30.5396295709202,340.0
random-s0-0182,visibility,event,0.0,100.0,30.0,1,0,0,0,0,0,0,21.35585153760965,120.45475183291023,21.35585153760965,0.0
random-s0-0182,visibility,event,50.0,20.0,30.0,1,0,0,0,0,0,0,152.83857300991338,152.83857300991338,154.85369516263273,0.0
random-s0-0182,visibility,event,50.0,100.0,30.0,1,0,0,0,0,0,0,25.500892085143136,25.500892085143136,30.78386679042083,0.0
random-s0-0182,visibility,event,150.0,20.0,30.0,1,0,1,0,1,0,0,-2.3157407179225515,-2.3157407179225515,66.6834510611516,39.99999999999998
random-s0-0182,visibility,event,150.0,100.0,30.0,1,0,2,1,1,1,0,-51.47496114061806,-2.315740717922523,-51.47496114061806,440.0000000000001
random-s0-0183,voronoi,once,0.0,20.0,30.0,1,0,1,0,1,0,0,-25.39706612799648,-25.39706612799648,261.0485175089885,40.0
random-s0-0183,voronoi,cycle,0.0,20.0,30.0,1,0,0,0,0,0,0,100.5393704695024,630.9426675172542,100.5393704695024,0.0
random-s0-0183,voronoi,cycle,0.0,100.0,30.0,1,0,0,0,0,0,0,54.63496164573559,630.9426675172542,54.63496164573559,0.0
random-s0-0183,voronoi,cycle,50.0,20.0,30.0,1,0,1,1,0,1,0,-0.5892824760074404,630.9426675172542,-0.5892824760074404,40.0
random-s0-0183,voronoi,cycle,50.0,100.0,30.0,1,0,0,0,0,0,0,65.82691438432909,630.9426675172542,65.82691438432909,0.0
random-s0-0183,voronoi,cycle,150.0,20.0,30.0,1,0,0,0,0,0,0,167.39549682355988,630.9426675172542,167.39549682355988,0.0
random-s0-0183,voronoi,cycle,150.0,100.0,30.0,1,0,0,0,0,0,0,150.67960292561037,630.9426675172542,150.67960292561037,0.0
random-s0-0183,voronoi,event,0.0,20.0,30.0,1,0,0,0,0,0,0,75.70714477590812,630.9426675172542,75.70714477590812,0.0
random-s0-0183,voronoi,event,0.0,100.0,30.0,1,0,0,0,0,0,0,28.29762412532452,630.9426675172542,28.29762412532452,0.0
random-s0-0183,voronoi,event,50.0,20.0,30.0,1,0,0,0,0,0,0,100.59810687523871,630.9426675172542,100.59810687523871,0.0
random-s0-0183,voronoi,event,50.0,100.0,30.0,1,0,0,0,0,0,0,65.82691438432909,630.9426675172542,65.82691438432909,0.0
random-s0-0183,voronoi,event,150.0,20.0,30.0,1,0,0,0,0,0,0,157.11487984421177,630.9426675172542,157.11487984421177,0.0
random-s0-0183,voronoi,event,150.0,100.0,30.0,1,0,0,0,0,0,0,63.91576222366013,527.7533319832677,63.91576222366013,0.0
random-s0-0183,prm,once,0.0,20.0,30.0,1,0,0,0,0,0,0,181.8080917151841,499.78896134283787,181.8080917151841,0.0
random-s0-0183,prm,cycle,0.0,20.0,30.0,1,0,0,0,0,0,0,164.7076825011359,630.9426675172542,164.7076825011359,0.0
random-s0-0183,prm,cycle,0.0,100.0,30.0,1,0,0,0,0,0,0,186.61928199823623,630.9426675172542,186.61928199823623,0.0
random-s0-0183,prm,cycle,50.0,20.0,30.0,1,0,0,0,0,0,0,114.95554820516168,630.9426675172542,114.95554820516168,0.0
random-s0-0183,prm,cycle,50.0,100.0,30.0,1,0,0,0,0,0,0,41.341578771871326,630.9426675172542,41.341578771871326,0.0
random-s0-0183,prm,cycle,150.0,20.0,30.0,1,0,0,0,0,0,0,243.8101571515777,485.6458153870759,243.8101571515777,0.0
random-s0-0183,prm,cycle,150.0,100.0,30.0,1,0,1,1,0,1,0,-31.83331894949208,630.9426675172542,-31.83331894949208,60.0
random-s0-0183,prm,event,0.0,20.0,30.0,1,0,0,0,0,0,0,164.7076825011359,630.9426675172542,164.7076825011359,0.0
random-s0-0183,prm,event,0.0,100.0,30.0,1,0,0,0,0,0,0,186.61928199823623,630.9426675172542,186.61928199823623,0.0
random-s0-0183,prm,event,50.0,20.0,30.0,1,0,0,0,0,0,0,157.7457276725106,630.9426675172542,157.7457276725106,0.0
random-s0-0183,prm,event,50.0,100.0,30.0,1,0,0,0,0,0,0,64.1701997335816,630.9426675172542,64.1701997335816,0.0
random-s0-0183,prm,event,150.0,20.0,30.0,1,0,0,0,0,0,0,64.27741342817674,64.27741342817674,209.36417560685916,0.0
random-s0-0183,prm,event,150.0,100.0,30.0,1,0,1,1,0,1,0,-31.83331894949208,630.9426675172542,-31.83331894949208,60.0
random-s0-0183,visibility,once,0.0,20.0,30.0,1,0,1,1,0,0,1,-86.3750711217462,630.9426675172542,-86.3750711217462,160.0
random-s0-0183,visibility,cycle,0.0,20.0,30.0,1,0,0,0,0,0,0,33.42117417544986,630.9426675172542,33.42117417544986,0.0
random-s0-0183,visibility,cycle,0.0,100.0,30.0,1,0,1,1,0,0,1,-1.9381654589244877,630.9426675172542,-1.9381654589244877,20.0
random-s0-0183,visibility,cycle,50.0,20.0,30.0,1,0,0,0,0,0,0,32.255619063771604,630.9426675172542,32.255619063771604,0.0
random-s0-0183,visibility,cycle,50.0,100.0,30.0,1,0,0,0,0,0,0,36.53321619979769,630.9426675172542,36.53321619979769,0.0
random-s0-0183,visibility,cycle,150.0,20.0,30.0,1,0,0,0,0,0,0,9.112718494340868,630.9426675172542,9.112718494340868,0.0
random-s0-0183,visibility,cycle,150.0,100.0,30.0,1,0,0,0,0,0,0,154.67445670352362,630.9426675172542,154.67445670352362,0.0
random-s0-0183,visibility,event,0.0,20.0,30.0,1,0,0,0,0,0,0,33.390070385323895,630.9426675172542,33.390070385323895,0.0
random-s0-0183,visibility,event,0.0,100.0,30.0,1,0,0,0,0,0,0,38.0569975882994,630.9426675172542,38.0569975882994,0.0
random-s0-0183,visibility,event,50.0,20.0,30.0,1,0,0,0,0,0,0,6.69801405245633,630.9426675172542,6.69801405245633,0.0
random-s0-0183,visibility,event,50.0,100.0,30.0,1,0,0,0,0,0,0,0.8395401990352127,630.9426675172542,0.8395401990352127,0.0
random-s0-0183,visibility,event,150.0,20.0,30.0,1,0,0,0,0,0,0,168.07835606504926,630.9426675172542,168.07835606504926,0.0
random-s0-0183,visibility,event,150.0,100.0,30.0,1,0,0,0,0,0,0,160.58919223465284,630.9426675172542,160.58919223465284,0.0
random-s0-0184,voronoi,once,0.0,20.0,30.0,1,0,1,0,1,0,0,-165.69693881090342,-165.69693881090342,38.334642677947016,140.0
random-s0-0184,voronoi,cycle,0.0,20.0,30.0,1,0,0,0,0,0,0,36.83602368361545,59.366538290384966,36.83602368361545,0.0
random-s0-0184,voronoi,cycle,0.0,100.0,30.0,1,0,0,0,0,0,0,36.868241357991,36.868241357991,38.334642677946846,0.0
random-s0-0184,voronoi,cycle,50.0,20.0,30.0,1,0,0,0,0,0,0,37.32774534063799,216.10981164517665,37.32774534063799,0.0
random-s0-0184,voronoi,cycle,50.0,100.0,30.0,1,0,0,0,0,0,0,38.334642677946846,177.53627748939397,38.334642677946846,0.0
random-s0-0184,voronoi,cycle,150.0,20.0,30.0,1,0,0,0,0,0,0,38.334642677947016,315.8316847515498,38.334642677947016,0.0
random-s0-0184,voronoi,cycle,150.0,100.0,30.0,1,0,0,0,0,0,0,38.334642677946846,324.1346567625929,38.334642677946846,0.0
random-s0-0184,voronoi,event,0.0,20.0,30.0,1,0,0,0,0,0,0,23.671515600095745,23.671515600095745,30.611637644926702,0.0
random-s0-0184,voronoi,event,0.0,100.0,30.0,1,0,0,0,0,0,0,30.61163764492636,82.17132892857842,30.61163764492636,0.0
random-s0-0184,voronoi,event,50.0,20.0,30.0,1,0,0,0,0,0,0,30.97438741805186,189.59855445924117,30.97438741805186,0.0
random-s0-0184,voronoi,event,50.0,100.0,30.0,1,0,0,0,0,0,0,35.72557183396418,164.21368148713594,35.72557183396418,0.0
random-s0-0184,voronoi,event,150.0,20.0,30.0,1,0,0,0,0,0,0,30.96480115114593,325.3021958547565,30.96480115114593,0.0
random-s0-0184,voronoi,event,150.0,100.0,30.0,1,0,0,0,0,0,0,38.334642677946846,112.97456033363584,38.334642677946846,0.0
random-s0-0184,prm,once,0.0,20.0,30.0,1,0,1,0,1,0,0,-165.69693881090342,-165.69693881090342,1.6696360427791035,140.0
random-s0-0184,prm,cycle,0.0,20.0,30.0,1,0,0,0,0,0,0,32.95501516181699,32.95501516181699,38.334642677947016,0.0
random-s0-0184,prm,cycle,0.0,100.0,30.0,1,0,0,0,0,0,0,38.334642677946846,78.49757088154854,38.334642677946846,0.0
random-s0-0184,prm,cycle,50.0,20.0,30.0,1,0,0,0,0,0,0,38.334642677947016,239.58013500018168,38.334642677947016,0.0
random-s0-0184,prm,cycle,50.0,100.0,30.0,1,0,1,0,1,0,0,-165.6969388109039,-165.6969388109039,38.334642677946846,139.99999999999991
random-s0-0184,prm,cycle,150.0,20.0,30.0,1,0,0,0,0,0,0,38.334642677947016,95.8013904803144,38.334642677947016,0.0
random-s0-0184,prm,cycle,150.0,100.0,30.0,1,0,0,0,0,0,0,38.334642677946846,141.62156629754867,38.334642677946846,0.0
random-s0-0184,prm,event,0.0,20.0,30.0,1,0,0,0,0,0,0,30.80152727485256,87.06676887938858,30.80152727485256,0.0
random-s0-0184,prm,event,0.0,100.0,30.0,1,0,0,0,0,0,0,38.334642677946846,78.49757088154854,38.334642677946846,0.0
random-s0-0184,prm,event,50.0,20.0,30.0,1,0,0,0,0,0,0,38.334642677947016,286.32590057935823,38.334642677947016,0.0
random-s0-0184,prm,event,50.0,100.0,30.0,1,0,1,0,1,0,0,-165.6969388109039,-165.6969388109039,38.334642677946846,139.99999999999991
random-s0-0184,prm,event,150.0,20.0,30.0,1,0,0,0,0,0,0,38.334642677947016,76.06655208625995,38.334642677947016,0.0
random-s0-0184,prm,event,150.0,100.0,30.0,1,0,0,0,0,0,0,38.334642677946846,73.38606554191557,38.334642677946846,0.0
random-s0-0184,visibility,once,0.0,20.0,30.0,1,0,1,0,1,0,0,-165.69693881090342,-165.69693881090342,38.334642677947016,140.0
random-s0-0184,visibility,cycle,0.0,20.0,30.0,1,0,0,0,0,0,0,38.334642677947016,95.81627375112475,38.334642677947016,0.0
random-s0-0184,visibility,cycle,0.0,100.0,30.0,1,0,0,0,0,0,0,38.334642677946846,133.4321203327019,38.334642677946846,0.0
random-s0-0184,visibility,cycle,50.0,20.0,30.0,1,0,0,0,0,0,0,38.334642677947016,116.26188039358982,38.334642677947016,0.0
random-s0-0184,visibility,cycle,50.0,100.0,30.0,1,0,1,0,1,0,0,-165.6969388109039,-165.6969388109039,38.334642677946846,139.99999999999991
random-s0-0184,visibility,cycle,150.0,20.0,30.0,1,0,0,0,0,0,0,34.6083041768552,174.18075027176707,34.6083041768552,0.0
random-s0-0184,visibility,cycle,150.0,100.0,30.0,1,0,0,0,0,0,0,32.48136296706892,149.52128899640212,32.48136296706892,0.0
random-s0-0184,visibility,event,0.0,20.0,30.0,1,0,0,0,0,0,0,38.334642677947016,104.41069639739597,38.334642677947016,0.0
random-s0-0184,visibility,event,0.0,100.0,30.0,1,0,0,0,0,0,0,38.334642677946846,85.30589579615389,38.334642677946846,0.0
random-s0-0184,visibility,event,50.0,20.0,30.0,1,0,0,0,0,0,0,38.334642677947016,59.54745647459941,38.334642677947016,0.0
random-s0-0184,visibility,event,50.0,100.0,30.0,1,0,1,0,1,0,0,-165.6969388109039,-165.6969388109039,38.334642677946846,139.99999999999991
random-s0-0184,visibility,event,150.0,20.0,30.0,1,0,0,0,0,0,0,31.714780836376438,126.93586303066364,31.714780836376438,0.0
random-s0-0184,visibility,event,150.0,100.0,30.0,1,0,0,0,0,0,0,36.58717631526093,141.18302353113688,36.58717631526093,0.0
random-s0-0185,voronoi,once,0.0,20.0,30.0,1,0,4,2,2,1,1,-93.17499107701204,-63.40254644548647,-93.17499107701204,680.0000000000002
random-s0-0185,voronoi,cycle,0.0,20.0,30.0,1,0,0,0,0,0,0,50.15870089974212,117.35324043736364,50.15870089974212,0.0
random-s0-0185,voronoi,cycle,0.0,100.0,30.0,1,0,0,0,0,0,0,11.273313539363867,11.273313539363867,51.0845358066392,0.0
random-s0-0185,voronoi,cycle,50.0,20.0,30.0,1,0,0,0,0,0,0,64.7656270879308,217.1175326437173,64.7656270879308,0.0
random-s0-0185,voronoi,cycle,50.0,100.0,30.0,1,0,0,0,0,0,0,21.955527199692,52.72364358267137,21.955527199692,0.0
random-s0-0185,voronoi,cycle,150.0,20.0,30.0,1,0,0,0,0,0,0,119.87431134098728,272.77395829991144,119.87431134098728,0.0
random-s0-0185,voronoi,cycle,150.0,100.0,30.0,1,0,0,0,0,0,0,129.69449101019882,310.9464204795306,129.69449101019882,0.0
random-s0-0185,voronoi,event,0.0,20.0,30.0,1,0,0,0,0,0,0,51.63569763788479,114.77289499073812,51.63569763788479,0.0
random-s0-0185,voronoi,event,0.0,100.0,30.0,1,0,0,0,0,0,0,11.273313539363867,11.273313539363867,51.0845358066392,0.0
random-s0-0185,voronoi,event,50.0,20.0,30.0,1,0,0,0,0,0,0,64.7656270879308,106.18858829679569,64.7656270879308,0.0
random-s0-0185,voronoi,event,50.0,100.0,30.0,1,0,1,1,0,1,0,-39.1184296859125,145.703161346787,-39.1184296859125,300.0
random-s0-0185,voronoi,event,150.0,20.0,30.0,1,0,0,0,0,0,0,101.21484842840296,260.07598161811205,101.21484842840296,0.0
random-s0-0185,voronoi,event,150.0,100.0,30.0,1,0,0,0,0,0,0,74.02023025533524,74.02023025533524,131.57275441589815,0.0
random-s0-0185,prm,once,0.0,20.0,30.0,1,0,2,0,2,0,0,-63.40254644548647,-63.40254644548647,19.373136197469847,200.0
random-s0-0185,prm,cycle,0.0,20.0,30.0,1,0,0,0,0,0,0,51.63569763788479,66.73880445078987,51.63569763788479,0.0
random-s0-0185,prm,cycle,0.0,100.0,30.0,1,0,1,0,1,0,0,-56.043822609162845,-56.043822609162845,19.37313619746988,79.9999999999999
random-s0-0185,prm,cycle,50.0,20.0,30.0,1,0,0,0,0,0,0,95.277472058157,95.277472058157,191.66791638440645,0.0
random-s0-0185,prm,cycle,50.0,100.0,30.0,1,0,0,0,0,0,0,23.01036067205416,51.108571618511775,23.01036067205416,0.0
random-s0-0185,prm,cycle,150.0,20.0,30.0,1,0,0,0,0,0,0,45.98676595983949,253.4400821846513,45.98676595983949,0.0
random-s0-0185,prm,cycle,150.0,100.0,30.0,1,0,0,0,0,0,0,53.22808827086234,241.29902268433284,53.22808827086234,0.0
random-s0-0185,prm,event,0.0,20.0,30.0,1,0,0,0,0,0,0,51.63569763788479,88.64715558570208,51.63569763788479,0.0
random-s0-0185,prm,event,0.0,100.0,30.0,1,0,1,0,1,0,0,-56.043822609162845,-56.043822609162845,19.37313619746988,79.9999999999999
random-s0-0185,prm,event,50.0,20.0,30.0,1,0,0,0,0,0,0,58.64924738625703,105.92377107140658,58.64924738625703,0.0
random-s0-0185,prm,event,50.0,100.0,30.0,1,0,0,0,0,0,0,23.01036067205416,233.4449131415414,23.01036067205416,0.0
random-s0-0185,prm,event,150.0,20.0,30.0,1,0,0,0,0,0,0,45.98676595983949,103.2232114516321,45.98676595983949,0.0
random-s0-0185,prm,event,150.0,100.0,30.0,1,0,1,0,1,0,0,-75.65177816169637,-75.65177816169637,53.22808827086234,60.0
random-s0-0185,visibility,once,0.0,20.0,30.0,1,0,2,0,2,0,0,-63.40254644548647,-63.40254644548647,19.373136197469847,200.0
random-s0-0185,visibility,cycle,0.0,20.0,30.0,1,0,2,0,2,0,0,-170.32354974917448,-170.32354974917448,51.63569763788479,319.99999999999994
random-s0-0185,visibility,cycle,0.0,100.0,30.0,1,0,2,0,2,0,0,-56.043822609162845,-56.043822609162845,19.37313619746988,219.9999999999997
random-s0-0185,visibility,cycle,50.0,20.0,30.0,1,0,1,0,1,0,0,-106.5845390061251,-106.5845390061251,88.16586716393556,320.0
random-s0-0185,visibility,cycle,50.0,100.0,30.0,1,0,1,0,1,0,0,-169.31066470223493,-169.31066470223493,108.30826399133208,440.0
random-s0-0185,visibility,cycle,150.0,20.0,30.0,1,0,2,1,1,1,0,-140.42336688247798,-124.52362366747808,-140.42336688247798,300.0
random-s0-0185,visibility,cycle,150.0,100.0,30.0,1,0,2,1,1,1,0,-149.4902566313496,-108.2183804386912,-149.4902566313496,360.0
random-s0-0185,visibility,event,0.0,20.0,30.0,1,0,1,0,1,0,0,-170.32354974917448,-170.32354974917448,51.63569763788479,299.99999999999994
random-s0-0185,visibility,event,0.0,100.0,30.0,1,0,2,0,2,0,0,-56.043822609162845,-56.043822609162845,19.37313619746988,219.9999999999997
random-s0-0185,visibility,event,50.0,20.0,30.0,1,0,1,0,1,0,0,-143.8021590065485,-143.8021590065485,89.00801106983403,420.0000000000001
random-s0-0185,visibility,event,50.0,100.0,30.0,1,0,1,0,1,0,0,-140.24774754350415,-140.24774754350415,108.30826399133208,400.00000000000006
random-s0-0185,visibility,event,150.0,20.0,30.0,1,0,1,1,0,1,0,-136.64944847510426,100.56799611277576,-136.64944847510426,179.99999999999991
random-s0-0185,visibility,event,150.0,100.0,30.0,1,0,1,1,0,1,0,-149.4902566313496,47.27841310007193,-149.4902566313496,199.9999999999999
random-s0-0186,voronoi,once,0.0,20.0,30.0,1,0,3,0,3,0,0,-153.2244167026629,-153.2244167026629,281.1581789016832,820.0000000000003
random-s0-0186,voronoi,cycle,0.0,20.0,30.0,1,0,0,0,0,0,0,32.667189433237354,341.9971592990287,32.667189433237354,0.0
random-s0-0186,voronoi,cycle,0.0,100.0,30.0,1,0,0,0,0,0,0,30.24730755609511,69.52997962619679,30.24730755609511,0.0
random-s0-0186,voronoi,cycle,50.0,20.0,30.0,1,0,0,0,0,0,0,32.08741576375658,335.6863745914605,32.08741576375658,0.0
random-s0-0186,voronoi,cycle,50.0,100.0,30.0,1,0,0,0,0,0,0,46.98633248169856,85.99235296222355,46.98633248169856,0.0
random-s0-0186,voronoi,cycle,150.0,20.0,30.0,1,0,0,0,0,0,0,30.695547737005768,332.5817667379039,30.695547737005768,0.0
random-s0-0186,voronoi,cycle,150.0,100.0,30.0,1,0,0,0,0,0,0,46.504470264473895,53.71147144289623,46.504470264473895,0.0
random-s0-0186,voronoi,event,0.0,20.0,30.0,1,0,0,0,0,0,0,33.65620974171077,33.65620974171077,42.07553415832373,0.0
random-s0-0186,voronoi,event,0.0,100.0,30.0,1,0,1,0,1,0,0,-34.10710662231887,-34.10710662231887,42.07553415832373,100.0
random-s0-0186,voronoi,event,50.0,20.0,30.0,1,0,0,0,0,0,0,32.14342624592277,32.14342624592277,42.07553415832373,0.0
random-s0-0186,voronoi,event,50.0,100.0,30.0,1,0,0,0,0,0,0,42.07553415832373,42.22635141692567,42.07553415832373,0.0
random-s0-0186,voronoi,event,150.0,20.0,30.0,1,0,0,0,0,0,0,14.742166094333411,31.75235336011761,14.742166094333411,0.0
random-s0-0186,voronoi,event,150.0,100.0,30.0,1,0,0,0,0,0,0,33.30411390874096,41.18330644090884,33.30411390874096,0.0
random-s0-0186,prm,once,0.0,20.0,30.0,1,0,2,1,1,1,0,-106.9915983744566,-25.39918209590661,-106.9915983744566,160.0
random-s0-0186,prm,cycle,0.0,20.0,30.0,1,0,0,0,0,0,0,30.96499952689328,51.26485258523394,30.96499952689328,0.0
random-s0-0186,prm,cycle,0.0,100.0,30.0,1,0,0,0,0,0,0,30.202769402644265,148.83368471668456,30.202769402644265,0.0
random-s0-0186,prm,cycle,50.0,20.0,30.0,1,0,0,0,0,0,0,32.07603434576188,280.1900271438802,32.07603434576188,0.0
random-s0-0186,prm,cycle,50.0,100.0,30.0,1,0,1,0,1,0,0,-18.695606486943376,-18.695606486943376,32.64045648158486,40.0
random-s0-0186,prm,cycle,150.0,20.0,30.0,1,0,0,0,0,0,0,38.01208029234124,243.702060435456,38.01208029234124,0.0
random-s0-0186,prm,cycle,150.0,100.0,30.0,1,0,0,0,0,0,0,75.22886209522326,276.277503936207,75.22886209522326,0.0
random-s0-0186,prm,event,0.0,20.0,30.0,1,0,0,0,0,0,0,33.08667860021802,224.19492102893423,33.08667860021802,0.0
random-s0-0186,prm,event,0.0,100.0,30.0,1,0,0,0,0,0,0,47.87372860163342,266.0821529084402,47.87372860163342,0.0
random-s0-0186,prm,event,50.0,20.0,30.0,1,0,0,0,0,0,0,48.61960777855776,268.2929349313655,48.61960777855776,0.0
random-s0-0186,prm,event,50.0,100.0,30.0,1,0,0,0,0,0,0,81.2098035058034,265.7110403612305,81.2098035058034,0.0
random-s0-0186,prm,event,150.0,20.0,30.0,1,0,1,0,1,0,0,-28.817211530998375,-28.817211530998375,31.113465277023863,100.0
random-s0-0186,prm,event,150.0,100.0,30.0,1,0,0,0,0,0,0,90.21084638181122,208.83521943163544,90.21084638181122,0.0
random-s0-0186,visibility,once,0.0,20.0,30.0,1,0,1,0,1,0,0,-14.15981983111496,-14.15981983111496,18.93151889961112,40.0
random-s0-0186,visibility,cycle,0.0,20.0,30.0,1,0,0,0,0,0,0,1.2682760981149386,227.1532453970017,1.2682760981149386,0.0
random-s0-0186,visibility,cycle,0.0,100.0,30.0,1,0,1,1,0,0,1,-18.824134043353467,235.68406528980887,-18.824134043353467,460.0000000000001
random-s0-0186,visibility,cycle,50.0,20.0,30.0,1,0,1,1,0,0,1,-10.690514990882036,231.97448325216735,-10.690514990882036,360.00000000000006
random-s0-0186,visibility,cycle,50.0,100.0,30.0,1,0,1,1,0,0,1,-11.026678734885763,231.68685637942843,-11.026678734885763,380.00000000000006
random-s0-0186,visibility,cycle,150.0,20.0,30.0,1,0,0,0,0,0,0,0.1956813486290229,186.26532821142308,0.1956813486290229,0.0
random-s0-0186,visibility,cycle,150.0,100.0,30.0,1,0,1,1,0,0,1,-1.8226278924973087,93.98167714654,-1.8226278924973087,160.0
random-s0-0186,visibility,event,0.0,20.0,30.0,1,0,0,0,0,0,0,21.05597110425481,297.79064771712626,21.05597110425481,0.0
random-s0-0186,visibility,event,0.0,100.0,30.0,1,0,0,0,0,0,0,21.055971104254724,286.6731355606496,21.055971104254724,0.0
random-s0-0186,visibility,event,50.0,20.0,30.0,1,0,1,1,0,0,1,-15.786424658330048,290.72156340216856,-15.786424658330048,420.0000000000001
random-s0-0186,visibility,event,50.0,100.0,30.0,1,0,0,0,0,0,0,21.055971104254724,259.1345065846751,21.055971104254724,0.0
random-s0-0186,visibility,event,150.0,20.0,30.0,1,0,1,0,1,0,0,-67.02491606735582,-67.02491606735582,29.136325509756603,360.00000000000006
random-s0-0186,visibility,event,150.0,100.0,30.0,1,0,0,0,0,0,0,21.055971104254724,286.4062791398629,21.055971104254724,0.0
random-s0-0187,voronoi,once,0.0,20.0,30.0,1,0,0,0,0,0,0,218.4591469852188,309.221957446777,218.4591469852188,0.0
random-s0-0187,voronoi,cycle,0.0,20.0,30.0,1,0,0,0,0,0,0,46.9952741083643,46.9952741083643,51.39491947046957,0.0
random-s0-0187,voronoi,cycle,0.0,100.0,30.0,1,0,0,0,0,0,0,40.54619850430876,40.54619850430876,93.80295273263306,0.0
random-s0-0187,voronoi,cycle,50.0,20.0,30.0,1,0,0,0,0,0,0,34.93137357501772,40.5034546449709,34.93137357501772,0.0
random-s0-0187,voronoi,cycle,50.0,100.0,30.0,1,0,0,0,0,0,0,61.36859426057265,61.36859426057265,103.47945997929708,0.0
random-s0-0187,voronoi,cycle,150.0,20.0,30.0,1,0,0,0,0,0,0,34.99347569901411,34.99347569901411,63.614322575712606,0.0
random-s0-0187,voronoi,cycle,150.0,100.0,30.0,1,0,0,0,0,0,0,44.67809168159971,44.67809168159971,126.53454960572952,0.0
random-s0-0187,voronoi,event,0.0,20.0,30.0,1,0,0,0,0,0,0,37.05250051810367,41.84038907272279,37.05250051810367,0.0
random-s0-0187,voronoi,event,0.0,100.0,30.0,1,0,0,0,0,0,0,37.35052544266236,37.35052544266236,79.64028375647837,0.0
random-s0-0187,voronoi,event,50.0,20.0,30.0,1,0,0,0,0,0,0,37.05250051810367,37.07141095672995,37.05250051810367,0.0
random-s0-0187,voronoi,event,50.0,100.0,30.0,1,0,0,0,0,0,0,53.11314847832725,53.11314847832725,79.64028375647837,0.0
random-s0-0187,voronoi,event,150.0,20.0,30.0,1,0,0,0,0,0,0,35.50362396601105,35.50362396601105,37.05250051810367,0.0
random-s0-0187,voronoi,event,150.0,100.0,30.0,1,0,0,0,0,0,0,68.57365569358501,68.57365569358501,79.64028375647837,0.0
random-s0-0187,prm,once,0.0,20.0,30.0,1,0,2,2,0,0,2,-152.09035906440087,267.0406681866588,-152.09035906440087,600.0000000000002
random-s0-0187,prm,cycle,0.0,20.0,30.0,1,0,0,0,0,0,0,36.85146994173573,175.88478667712002,36.85146994173573,0.0
random-s0-0187,prm,cycle,0.0,100.0,30.0,1,0,0,0,0,0,0,61.62872307446088,233.0970171623,61.62872307446088,0.0
random-s0-0187,prm,cycle,50.0,20.0,30.0,1,0,0,0,0,0,0,39.10358836185623,280.00974001134176,39.10358836185623,0.0
random-s0-0187,prm,cycle,50.0,100.0,30.0,1,0,0,0,0,0,0,35.84594889101106,277.16523083527045,35.84594889101106,0.0
random-s0-0187,prm,cycle,150.0,20.0,30.0,1,0,0,0,0,0,0,39.10358836185623,280.2812218603104,39.10358836185623,0.0
random-s0-0187,prm,cycle,150.0,100.0,30.0,1,0,0,0,0,0,0,106.78894364746004,285.62693047696035,106.78894364746004,0.0
random-s0-0187,prm,event,0.0,20.0,30.0,1,0,0,0,0,0,0,36.85146994173573,175.88478667712002,36.85146994173573,0.0
random-s0-0187,prm,event,0.0,100.0,30.0,1,0,0,0,0,0,0,61.62872307446088,233.0970171623,61.62872307446088,0.0
random-s0-0187,prm,event,50.0,20.0,30.0,1,0,0,0,0,0,0,39.10358836185623,279.496178997624,39.10358836185623,0.0
random-s0-0187,prm,event,50.0,100.0,30.0,1,0,0,0,0,0,0,35.84594889101106,277.16523083527045,35.84594889101106,0.0
random-s0-0187,prm,event,150.0,20.0,30.0,1,0,0,0,0,0,0,32.656892932914104,280.2812218603104,32.656892932914104,0.0
random-s0-0187,prm,event,150.0,100.0,30.0,1,0,0,0,0,0,0,106.78894364746004,285.62693047696035,106.78894364746004,0.0
random-s0-0187,visibility,once,0.0,20.0,30.0,1,0,1,1,0,0,1,-32.42684147971974,257.0998532558103,-32.42684147971974,40.0
random-s0-0187,visibility,cycle,0.0,20.0,30.0,1,0,0,0,0,0,0,20.766437134245702,283.2992841674589,20.766437134245702,0.0
random-s0-0187,visibility,cycle,0.0,100.0,30.0,1,0,0,0,0,0,0,20.76643713424568,283.8506505342409,20.76643713424568,0.0
random-s0-0187,visibility,cycle,50.0,20.0,30.0,1,0,0,0,0,0,0,20.766437134245702,286.7389511287262,20.766437134245702,0.0
random-s0-0187,visibility,cycle,50.0,100.0,30.0,1,0,0,0,0,0,0,20.76643713424568,281.34151808399355,20.76643713424568,0.0
random-s0-0187,visibility,cycle,150.0,20.0,30.0,1,0,0,0,0,0,0,20.766437134245702,283.0465602446823,20.766437134245702,0.0
random-s0-0187,visibility,cycle,150.0,100.0,30.0,1,0,0,0,0,0,0,14.590709855245336,281.68299462887376,14.590709855245336,0.0
random-s0-0187,visibility,event,0.0,20.0,30.0,1,0,0,0,0,0,0,20.766437134245702,283.557748557258,20.766437134245702,0.0
random-s0-0187,visibility,event,0.0,100.0,30.0,1,0,0,0,0,0,0,20.76643713424568,283.8506505342409,20.76643713424568,0.0
random-s0-0187,visibility,event,50.0,20.0,30.0,1,0,0,0,0,0,0,20.766437134245702,276.10849660250835,20.766437134245702,0.0
random-s0-0187,visibility,event,50.0,100.0,30.0,1,0,0,0,0,0,0,20.76643713424568,273.05249166946135,20.76643713424568,0.0
random-s0-0187,visibility,event,150.0,20.0,30.0,1,0,0,0,0,0,0,20.766437134245702,287.5107341325908,20.766437134245702,0.0
random-s0-0187,visibility,event,150.0,100.0,30.0,1,0,1,1,0,0,1,-34.03410993888531,273.05249166946135,-34.03410993888531,60.0
random-s0-0188,voronoi,once,0.0,20.0,30.0,1,0,4,1,3,1,0,-136.6709822782366,-136.6709822782366,-49.10240831021892,780.0000000000003
random-s0-0188,voronoi,cycle,0.0,20.0,30.0,1,0,2,1,1,1,0,-49.10240831021892,-0.4398247656995693,-49.10240831021892,420.0
random-s0-0188,voronoi,cycle,0.0,100.0,30.0,1,0,1,1,0,1,0,-49.10240831021886,10.181932166036376,-49.10240831021886,399.9999999999998
random-s0-0188,voronoi,cycle,50.0,20.0,30.0,1,0,0,0,0,0,0,42.679031855193074,42.679031855193074,66.69781643949779,0.0
random-s0-0188,voronoi,cycle,50.0,100.0,30.0,1,0,0,0,0,0,0,81.05651732098312,81.05651732098312,97.43503070454102,0.0
random-s0-0188,voronoi,cycle,150.0,20.0,30.0,1,0,0,0,0,0,0,58.54144551972962,98.5734253852056,58.54144551972962,0.0
random-s0-0188,voronoi,cycle,150.0,100.0,30.0,1,0,0,0,0,0,0,69.19296614064777,69.19296614064777,109.2672466768405,0.0
random-s0-0188,voronoi,event,0.0,20.0,30.0,1,0,2,1,1,1,0,-49.10240831021892,-3.1407406379058216,-49.10240831021892,420.0
random-s0-0188,voronoi,event,0.0,100.0,30.0,1,0,1,1,0,1,0,-49.10240831021886,38.82570279798139,-49.10240831021886,399.9999999999998
random-s0-0188,voronoi,event,50.0,20.0,30.0,1,0,0,0,0,0,0,26.513043555821696,26.513043555821696,66.69781643949779,0.0
random-s0-0188,voronoi,event,50.0,100.0,30.0,1,0,0,0,0,0,0,43.90078946621401,43.90078946621401,97.43503070454102,0.0
random-s0-0188,voronoi,event,150.0,20.0,30.0,1,0,0,0,0,0,0,39.99884197539069,39.99884197539069,109.2672466768405,0.0
random-s0-0188,voronoi,event,150.0,100.0,30.0,1,0,0,0,0,0,0,76.11751154430306,76.11751154430306,109.2672466768405,0.0
random-s0-0188,prm,once,0.0,20.0,30.0,1,0,1,0,1,0,0,-126.57385252304678,-126.57385252304678,109.2672466768405,200.0
random-s0-0188,prm,cycle,0.0,20.0,30.0,1,0,0,0,0,0,0,31.182645258512707,31.182645258512707,42.87792407603513,0.0
random-s0-0188,prm,cycle,0.0,100.0,30.0,1,0,0,0,0,0,0,35.826430169493534,35.826430169493534,109.2672466768405,0.0
random-s0-0188,prm,cycle,50.0,20.0,30.0,1,0,0,0,0,0,0,30.808278581482227,30.808278581482227,79.56267029001202,0.0
random-s0-0188,prm,cycle,50.0,100.0,30.0,1,0,0,0,0,0,0,40.01401434829876,40.01401434829876,109.2672466768405,0.0
random-s0-0188,prm,cycle,150.0,20.0,30.0,1,0,0,0,0,0,0,56.60953488717101,56.60953488717101,109.2672466768405,0.0
random-s0-0188,prm,cycle,150.0,100.0,30.0,1,0,0,0,0,0,0,33.15958974721036,33.15958974721036,38.14499459620748,0.0
random-s0-0188,prm,event,0.0,20.0,30.0,1,0,0,0,0,0,0,42.87792407603513,50.91301575754537,42.87792407603513,0.0
random-s0-0188,prm,event,0.0,100.0,30.0,1,0,0,0,0,0,0,51.37027351210094,51.37027351210094,109.2672466768405,0.0
random-s0-0188,prm,event,50.0,20.0,30.0,1,0,1,0,1,0,0,-142.1674876716524,-142.1674876716524,79.56267029001202,40.0
random-s0-0188,prm,event,50.0,100.0,30.0,1,0,1,0,1,0,0,-116.90399759499248,-116.90399759499248,109.2672466768405,179.9999999999998
random-s0-0188,prm,event,150.0,20.0,30.0,1,0,0,0,0,0,0,65.67506652416682,65.67506652416682,109.2672466768405,0.0
random-s0-0188,prm,event,150.0,100.0,30.0,1,0,0,0,0,0,0,40.43498271430337,40.43498271430337,68.77544353862669,0.0
random-s0-0188,visibility,once,0.0,20.0,30.0,1,0,2,0,2,0,0,-168.67115505227707,-168.67115505227707,11.40471808581202,720.0000000000003
random-s0-0188,visibility,cycle,0.0,20.0,30.0,1,0,1,0,1,0,0,-92.54972726047956,-92.54972726047956,29.74738179374916,660.0000000000002
random-s0-0188,visibility,cycle,0.0,100.0,30.0,1,0,1,0,1,0,0,-69.05761796825101,-69.05761796825101,19.29890916949978,580.0
random-s0-0188,visibility,cycle,50.0,20.0,30.0,1,0,1,0,1,0,0,-27.749912070088957,-27.749912070088957,41.79030460188724,320.0
random-s0-0188,visibility,cycle,50.0,100.0,30.0,1,0,1,0,1,0,0,-28.9838903044608,-28.9838903044608,38.78057983246663,320.0
random-s0-0188,visibility,cycle,150.0,20.0,30.0,1,0,2,1,1,0,1,-53.48966922774224,-53.48966922774224,-9.098788085948314,140.0
random-s0-0188,visibility,cycle,150.0,100.0,30.0,1,0,2,0,2,0,0,-22.881590637719317,-22.881590637719317,109.2672466768405,360.00000000000006
random-s0-0188,visibility,event,0.0,20.0,30.0,1,0,1,0,1,0,0,-85.02415472509728,-85.02415472509728,18.65416123575972,640.0000000000002
random-s0-0188,visibility,event,0.0,100.0,30.0,1,0,2,0,2,0,0,-121.52150632054384,-121.52150632054384,11.40471808581202,579.9999999999999
random-s0-0188,visibility,event,50.0,20.0,30.0,1,0,1,0,1,0,0,-26.9676158251211,-26.9676158251211,39.42505510410163,320.0
random-s0-0188,visibility,event,50.0,100.0,30.0,1,0,0,0,0,0,0,37.6672004848713,40.27000335260581,37.6672004848713,0.0
random-s0-0188,visibility,event,150.0,20.0,30.0,1,0,2,1,1,0,1,-41.261042278190814,-41.261042278190814,-22.76514906454659,220.0
random-s0-0188,visibility,event,150.0,100.0,30.0,1,0,0,0,0,0,0,37.18804313755979,37.18804313755979,75.91715646967256,0.0
random-s0-0189,voronoi,once,0.0,20.0,30.0,1,0,1,1,0,1,0,-74.62278752061403,255.9795637412377,-74.62278752061403,400.00000000000006
random-s0-0189,voronoi,cycle,0.0,20.0,30.0,1,0,0,0,0,0,0,12.06795403054457,255.9795637412377,12.06795403054457,0.0
random-s0-0189,voronoi,cycle,0.0,100.0,30.0,1,0,1,1,0,1,0,-2.981559471410975,255.9795637412377,-2.981559471410975,20.0
random-s0-0189,voronoi,cycle,50.0,20.0,30.0,1,0,0,0,0,0,0,33.46786014101252,255.9795637412377,33.46786014101252,0.0
random-s0-0189,voronoi,cycle,50.0,100.0,30.0,1,0,0,0,0,0,0,34.95448600422134,255.9795637412377,34.95448600422134,0.0
random-s0-0189,voronoi,cycle,150.0,20.0,30.0,1,0,0,0,0,0,0,86.63309027035257,255.9795637412377,86.63309027035257,0.0
random-s0-0189,voronoi,cycle,150.0,100.0,30.0,1,0,0,0,0,0,0,89.259487168426,255.9795637412377,89.259487168426,0.0
random-s0-0189,voronoi,event,0.0,20.0,30.0,1,0,0,0,0,0,0,12.8008674872232,255.9795637412377,12.8008674872232,0.0
random-s0-0189,voronoi,event,0.0,100.0,30.0,1,0,1,1,0,1,0,-2.981559471410975,255.9795637412377,-2.981559471410975,20.0
random-s0-0189,voronoi,event,50.0,20.0,30.0,1,0,0,0,0,0,0,34.95448600422148,255.9795637412377,34.95448600422148,0.0
random-s0-0189,voronoi,event,50.0,100.0,30.0,1,0,0,0,0,0,0,34.95448600422134,255.9795637412377,34.95448600422134,0.0
random-s0-0189,voronoi,event,150.0,20.0,30.0,1,0,0,0,0,0,0,104.16477825693867,255.9795637412377,104.16477825693867,0.0
random-s0-0189,voronoi,event,150.0,100.0,30.0,1,0,0,0,0,0,0,70.17538597327408,255.9795637412377,70.17538597327408,0.0
random-s0-0189,prm,once,0.0,20.0,30.0,1,0,3,1,2,1,0,-143.69633508233107,-143.69633508233107,-74.62278752061403,660.0000000000002
random-s0-0189,prm,cycle,0.0,20.0,30.0,1,0,1,1,0,1,0,-74.62278752061403,255.9795637412377,-74.62278752061403,400.0
random-s0-0189,prm,cycle,0.0,100.0,30.0,1,0,1,1,0,1,0,-74.6227875206142,255.9795637412377,-74.6227875206142,400.0
random-s0-0189,prm,cycle,50.0,20.0,30.0,1,0,1,1,0,1,0,-74.62278752061403,255.9795637412377,-74.62278752061403,400.0
random-s0-0189,prm,cycle,50.0,100.0,30.0,1,0,1,1,0,1,0,-74.6227875206142,255.9795637412377,-74.6227875206142,400.0
random-s0-0189,prm,cycle,150.0,20.0,30.0,1,0,1,1,0,1,0,-74.62278752061403,255.9795637412377,-74.62278752061403,400.0
random-s0-0189,prm,cycle,150.0,100.0,30.0,1,0,1,1,0,1,0,-74.6227875206142,255.9795637412377,-74.6227875206142,400.0
random-s0-0189,prm,event,0.0,20.0,30.0,1,0,1,1,0,1,0,-74.62278752061403,255.9795637412377,-74.62278752061403,400.0
random-s0-0189,prm,event,0.0,100.0,30.0,1,0,1,1,0,1,0,-74.6227875206142,255.9795637412377,-74.6227875206142,400.0
random-s0-0189,prm,event,50.0,20.0,30.0,1,0,1,1,0,1,0,-74.62278752061403,255.9795637412377,-74.62278752061403,400.0
random-s0-0189,prm,event,50.0,100.0,30.0,1,0,1,1,0,1,0,-74.6227875206142,255.9795637412377,-74.6227875206142,400.0
random-s0-0189,prm,event,150.0,20.0,30.0,1,0,1,1,0,1,0,-74.62278752061403,255.9795637412377,-74.62278752061403,400.0
random-s0-0189,prm,event,150.0,100.0,30.0,1,0,1,1,0,1,0,-74.6227875206142,255.9795637412377,-74.6227875206142,400.0
random-s0-0189,visibility,once,0.0,20.0,30.0,1,0,1,1,0,1,0,-74.62278752061403,255.9795637412377,-74.62278752061403,400.00000000000006
random-s0-0189,visibility,cycle,0.0,20.0,30.0,1,0,1,1,0,1,0,-74.62278752061403,255.9795637412377,-74.62278752061403,400.0
random-s0-0189,visibility,cycle,0.0,100.0,30.0,1,0,1,1,0,1,0,-74.6227875206142,255.9795637412377,-74.6227875206142,400.0
random-s0-0189,visibility,cycle,50.0,20.0,30.0,1,0,1,1,0,1,0,-74.62278752061403,255.9795637412377,-74.62278752061403,400.0
random-s0-0189,visibility,cycle,50.0,100.0,30.0,1,0,1,1,0,1,0,-74.6227875206142,255.9795637412377,-74.6227875206142,400.0
random-s0-0189,visibility,cycle,150.0,20.0,30.0,1,0,1,1,0,1,0,-74.62278752061403,255.9795637412377,-74.62278752061403,400.0
random-s0-0189,visibility,cycle,150.0,100.0,30.0,1,0,1,1,0,1,0,-74.6227875206142,255.9795637412377,-74.6227875206142,400.0
random-s0-0189,visibility,event,0.0,20.0,30.0,1,0,1,1,0,1,0,-74.62278752061403,255.9795637412377,-74.62278752061403,400.0
random-s0-0189,visibility,event,0.0,100.0,30.0,1,0,1,1,0,1,0,-74.6227875206142,255.9795637412377,-74.6227875206142,400.0
random-s0-0189,visibility,event,50.0,20.0,30.0,1,0,1,1,0,1,0,-74.62278752061403,255.9795637412377,-74.62278752061403,400.0
random-s0-0189,visibility,event,50.0,100.0,30.0,1,0,1,1,0,1,0,-74.6227875206142,255.9795637412377,-74.6227875206142,400.0
random-s0-0189,visibility,event,150.0,20.0,30.0,1,0,1,1,0,1,0,-74.62278752061403,255.9795637412377,-74.62278752061403,400.0
random-s0-0189,visibility,event,150.0,100.0,30.0,1,0,1,1,0,1,0,-74.6227875206142,255.9795637412377,-74.6227875206142,400.0
random-s0-0190,voronoi,once,0.0,20.0,30.0,1,0,0,0,0,0,0,177.6194677283678,308.729130202938,177.6194677283678,0.0
random-s0-0190,voronoi,cycle,0.0,20.0,30.0,1,0,0,0,0,0,0,166.72643893673893,166.72643893673893,177.61946772836785,0.0
random-s0-0190,voronoi,cycle,0.0,100.0,30.0,1,0,0,0,0,0,0,177.6194677283678,308.729130202938,177.6194677283678,0.0
random-s0-0190,voronoi,cycle,50.0,20.0,30.0,1,0,0,0,0,0,0,189.12350519402003,210.1288523508869,189.12350519402003,0.0
random-s0-0190,voronoi,cycle,50.0,100.0,30.0,1,0,0,0,0,0,0,177.6194677283678,308.729130202938,177.6194677283678,0.0
random-s0-0190,voronoi,cycle,150.0,20.0,30.0,1,0,0,0,0,0,0,205.48246289949225,209.8630125553348,205.48246289949225,0.0
random-s0-0190,voronoi,cycle,150.0,100.0,30.0,1,0,0,0,0,0,0,177.6194677283678,308.729130202938,177.6194677283678,0.0
random-s0-0190,voronoi,event,0.0,20.0,30.0,1,0,0,0,0,0,0,166.72643893673893,166.72643893673893,177.61946772836785,0.0
random-s0-0190,voronoi,event,0.0,100.0,30.0,1,0,0,0,0,0,0,177.6194677283678,308.729130202938,177.6194677283678,0.0
random-s0-0190,voronoi,event,50.0,20.0,30.0,1,0,0,0,0,0,0,185.21814259282013,221.7244610389436,185.21814259282013,0.0
random-s0-0190,voronoi,event,50.0,100.0,30.0,1,0,0,0,0,0,0,177.6194677283678,308.729130202938,177.6194677283678,0.0
random-s0-0190,voronoi,event,150.0,20.0,30.0,1,0,0,0,0,0,0,205.48246289949225,209.8630125553348,205.48246289949225,0.0
random-s0-0190,voronoi,event,150.0,100.0,30.0,1,0,0,0,0,0,0,177.6194677283678,308.729130202938,177.6194677283678,0.0
random-s0-0190,prm,once,0.0,20.0,30.0,1,0,0,0,0,0,0,177.6194677283678,433.2718176176884,177.6194677283678,0.0
random-s0-0190,prm,cycle,0.0,20.0,30.0,1,0,0,0,0,0,0,173.10044003482773,173.10044003482773,177.61946772836785,0.0
random-s0-0190,prm,cycle,0.0,100.0,30.0,1,0,0,0,0,0,0,177.6194677283678,343.2063010276079,177.6194677283678,0.0
random-s0-0190,prm,cycle,50.0,20.0,30.0,1,0,0,0,0,0,0,177.61946772836785,257.89731284695085,177.61946772836785,0.0
random-s0-0190,prm,cycle,50.0,100.0,30.0,1,0,0,0,0,0,0,177.6194677283678,343.2063010276079,177.6194677283678,0.0
random-s0-0190,prm,cycle,150.0,20.0,30.0,1,0,0,0,0,0,0,177.61946772836785,343.2063010276079,177.61946772836785,0.0
random-s0-0190,prm,cycle,150.0,100.0,30.0,1,0,0,0,0,0,0,177.6194677283678,343.2063010276079,177.6194677283678,0.0
random-s0-0190,prm,event,0.0,20.0,30.0,1,0,0,0,0,0,0,173.10044003482773,173.10044003482773,177.61946772836785,0.0
random-s0-0190,prm,event,0.0,100.0,30.0,1,0,0,0,0,0,0,177.6194677283678,343.2063010276079,177.6194677283678,0.0
random-s0-0190,prm,event,50.0,20.0,30.0,1,0,0,0,0,0,0,177.61946772836785,257.89731284695085,177.61946772836785,0.0
random-s0-0190,prm,event,50.0,100.0,30.0,1,0,0,0,0,0,0,177.6194677283678,343.2063010276079,177.6194677283678,0.0
random-s0-0190,prm,event,150.0,20.0,30.0,1,0,0,0,0,0,0,97.64027451447822,97.64027451447822,177.61946772836785,0.0
random-s0-0190,prm,event,150.0,100.0,30.0,1,0,0,0,0,0,0,115.96442085885616,115.96442085885616,177.6194677283678,0.0
random-s0-0190,visibility,once,0.0,20.0,30.0,1,0,0,0,0,0,0,177.6194677283678,213.60488389236087,177.6194677283678,0.0
random-s0-0190,visibility,cycle,0.0,20.0,30.0,1,0,0,0,0,0,0,154.31710300818003,154.31710300818003,177.61946772836785,0.0
random-s0-0190,visibility,cycle,0.0,100.0,30.0,1,0,0,0,0,0,0,177.6194677283678,192.20057328011688,177.6194677283678,0.0
random-s0-0190,visibility,cycle,50.0,20.0,30.0,1,0,0,0,0,0,0,177.61946772836785,188.1455378591957,177.61946772836785,0.0
random-s0-0190,visibility,cycle,50.0,100.0,30.0,1,0,0,0,0,0,0,177.6194677283678,192.20057328011688,177.6194677283678,0.0
random-s0-0190,visibility,cycle,150.0,20.0,30.0,1,0,0,0,0,0,0,177.61946772836785,213.60488389236087,177.61946772836785,0.0
random-s0-0190,visibility,cycle,150.0,100.0,30.0,1,0,0,0,0,0,0,177.6194677283678,213.60488389236087,177.6194677283678,0.0
random-s0-0190,visibility,event,0.0,20.0,30.0,1,0,0,0,0,0,0,154.72242253402908,154.72242253402908,177.61946772836785,0.0
random-s0-0190,visibility,event,0.0,100.0,30.0,1,0,0,0,0,0,0,177.6194677283678,192.20057328011688,177.6194677283678,0.0
random-s0-0190,visibility,event,50.0,20.0,30.0,1,0,0,0,0,0,0,177.61946772836785,190.76828217461383,177.61946772836785,0.0
random-s0-0190,visibility,event,50.0,100.0,30.0,1,0,0,0,0,0,0,177.6194677283678,192.20057328011688,177.6194677283678,0.0
random-s0-0190,visibility,event,150.0,20.0,30.0,1,0,0,0,0,0,0,177.61946772836785,213.60488389236087,177.61946772836785,0.0
random-s0-0190,visibility,event,150.0,100.0,30.0,1,0,0,0,0,0,0,177.6194677283678,213.60488389236087,177.6194677283678,0.0
random-s0-0191,voronoi,once,0.0,20.0,30.0,1,0,2,0,2,0,0,-90.14829584585829,-90.14829584585829,75.53590745724946,240.0
random-s0-0191,voronoi,cycle,0.0,20.0,30.0,1,0,2,0,2,0,0,-5.089946448260719,-5.089946448260719,75.53590745724946,40.0
random-s0-0191,voronoi,cycle,0.0,100.0,30.0,1,0,4,0,4,0,0,-94.57106968312766,-94.57106968312766,75.53590745724946,140.0
random-s0-0191,voronoi,cycle,50.0,20.0,30.0,1,0,0,0,0,0,0,75.53590745724946,179.86907688405205,75.53590745724946,0.0
random-s0-0191,voronoi,cycle,50.0,100.0,30.0,1,0,0,0,0,0,0,75.53590745724946,180.49666645588476,75.53590745724946,0.0
random-s0-0191,voronoi,cycle,150.0,20.0,30.0,1,0,0,0,0,0,0,70.26057039190889,70.26057039190889,75.53590745724946,0.0
random-s0-0191,voronoi,cycle,150.0,100.0,30.0,1,0,1,0,1,0,0,-32.72714956386324,-32.72714956386324,75.53590745724946,139.99999999999997
random-s0-0191,voronoi,event,0.0,20.0,30.0,1,0,0,0,0,0,0,28.71495298495705,28.71495298495705,75.53590745724946,0.0
random-s0-0191,voronoi,event,0.0,100.0,30.0,1,0,1,0,1,0,0,-85.32166842491294,-85.32166842491294,25.12139158889181,120.0
random-s0-0191,voronoi,event,50.0,20.0,30.0,1,0,0,0,0,0,0,75.53590745724946,146.4549408141337,75.53590745724946,0.0
random-s0-0191,voronoi,event,50.0,100.0,30.0,1,0,0,0,0,0,0,40.160716397808585,170.0246545914115,40.160716397808585,0.0
random-s0-0191,voronoi,event,150.0,20.0,30.0,1,0,0,0,0,0,0,5.055156688062198,5.055156688062198,36.71455651178226,0.0
random-s0-0191,voronoi,event,150.0,100.0,30.0,1,0,0,0,0,0,0,45.397588800877344,45.397588800877344,75.53590745724946,0.0
random-s0-0191,prm,once,0.0,20.0,30.0,1,0,2,0,2,0,0,-147.92868146350335,-147.92868146350335,75.53590745724946,279.99999999999994
random-s0-0191,prm,cycle,0.0,20.0,30.0,1,0,1,0,1,0,0,-12.152087540461622,-12.152087540461622,75.53590745724946,80.0
random-s0-0191,prm,cycle,0.0,100.0,30.0,1,0,1,0,1,0,0,-155.3465101606167,-155.3465101606167,75.53590745724946,1000.0
random-s0-0191,prm,cycle,50.0,20.0,30.0,1,0,0,0,0,0,0,75.53590745724946,150.98781396650253,75.53590745724946,0.0
random-s0-0191,prm,cycle,50.0,100.0,30.0,1,0,0,0,0,0,0,58.14083783631304,211.79365402516936,58.14083783631304,0.0
random-s0-0191,prm,cycle,150.0,20.0,30.0,1,0,0,0,0,0,0,75.53590745724946,254.2393498938685,75.53590745724946,0.0
random-s0-0191,prm,cycle,150.0,100.0,30.0,1,0,0,0,0,0,0,64.5293575127113,64.5293575127113,75.53590745724946,0.0
random-s0-0191,prm,event,0.0,20.0,30.0,1,0,1,0,1,0,0,-28.401673218397438,-28.401673218397438,75.53590745724946,80.0
random-s0-0191,prm,event,0.0,100.0,30.0,1,0,0,0,0,0,0,45.75070522903161,45.75070522903161,75.53590745724946,0.0
random-s0-0191,prm,event,50.0,20.0,30.0,1,0,0,0,0,0,0,36.16080048021192,36.16080048021192,45.69829743673756,0.0
random-s0-0191,prm,event,50.0,100.0,30.0,1,0,0,0,0,0,0,54.48434862935727,54.48434862935727,75.53590745724946,0.0
random-s0-0191,prm,event,150.0,20.0,30.0,1,0,0,0,0,0,0,75.53590745724946,139.462070371957,75.53590745724946,0.0
random-s0-0191,prm,event,150.0,100.0,30.0,1,0,1,1,0,1,0,-26.932865461391685,48.39355431544686,-26.932865461391685,120.0
random-s0-0191,visibility,once,0.0,20.0,30.0,1,0,3,1,2,0,1,-132.0980406198649,-132.0980406198649,-6.671013946333261,259.99999999999994
random-s0-0191,visibility,cycle,0.0,20.0,30.0,1,0,1,1,0,1,0,-104.90127687705,23.144254713939404,-104.90127687705,380.00000000000006
random-s0-0191,visibility,cycle,0.0,100.0,30.0,1,0,1,0,1,0,0,-132.0980406198649,-132.0980406198649,1.5488257672772363,60.0
random-s0-0191,visibility,cycle,50.0,20.0,30.0,1,0,1,1,0,1,0,-60.3772257808549,82.18144405338643,-60.3772257808549,279.99999999999994
random-s0-0191,visibility,cycle,50.0,100.0,30.0,1,0,2,1,1,1,0,-155.06353288954722,-155.06353288954722,-92.80748550958332,400.00000000000006
random-s0-0191,visibility,cycle,150.0,20.0,30.0,1,0,1,0,1,0,0,-155.06353288954722,-155.06353288954722,17.169383908356963,59.99999999999999
random-s0-0191,visibility,cycle,150.0,100.0,30.0,1,0,1,0,1,0,0,-155.06353288954722,-155.06353288954722,26.8344709690858,60.0
random-s0-0191,visibility,event,0.0,20.0,30.0,1,0,1,1,0,0,1,-27.225198287008027,32.505489511105566,-27.225198287008027,40.0
random-s0-0191,visibility,event,0.0,100.0,30.0,1,0,2,1,1,1,0,-132.0980406198649,-132.0980406198649,-19.12930599726971,180.0
random-s0-0191,visibility,event,50.0,20.0,30.0,1,0,1,1,0,1,0,-11.871235689334467,111.02980021408922,-11.871235689334467,100.0
random-s0-0191,visibility,event,50.0,100.0,30.0,1,0,1,0,1,0,0,-155.06353288954722,-155.06353288954722,22.67637855428569,60.0
random-s0-0191,visibility,event,150.0,20.0,30.0,1,0,1,0,1,0,0,-155.06353288954722,-155.06353288954722,33.50159089771705,59.99999999999999
random-s0-0191,visibility,event,150.0,100.0,30.0,1,0,1,0,1,0,0,-155.06353288954722,-155.06353288954722,25.024288273613763,60.0
random-s0-0192,voronoi,once,0.0,20.0,30.0,1,0,1,0,1,0,0,-36.50578841476511,-36.50578841476511,124.04330147651632,80.0
random-s0-0192,voronoi,cycle,0.0,20.0,30.0,1,0,1,0,1,0,0,-0.998554775808742,-0.998554775808742,35.90738328327859,20.0
random-s0-0192,voronoi,cycle,0.0,100.0,30.0,1,0,1,0,1,0,0,-31.825901682569796,-31.825901682569796,110.98222182518477,59.99999999999992
random-s0-0192,voronoi,cycle,50.0,20.0,30.0,1,0,0,0,0,0,0,47.872738920218495,124.50247009871195,47.872738920218495,0.0
random-s0-0192,voronoi,cycle,50.0,100.0,30.0,1,0,0,0,0,0,0,61.35656643252915,61.35656643252915,110.98222182518477,0.0
random-s0-0192,voronoi,cycle,150.0,20.0,30.0,1,0,0,0,0,0,0,47.29576233243833,315.13880712676405,47.29576233243833,0.0
random-s0-0192,voronoi,cycle,150.0,100.0,30.0,1,0,0,0,0,0,0,110.98222182518477,363.8106602607141,110.98222182518477,0.0
random-s0-0192,voronoi,event,0.0,20.0,30.0,1,0,1,0,1,0,0,-2.429104761194281,-2.429104761194281,40.682283000999234,20.0
random-s0-0192,voronoi,event,0.0,100.0,30.0,1,0,3,0,3,0,0,-31.825901682569796,-31.825901682569796,110.98222182518477,179.99999999999991
random-s0-0192,voronoi,event,50.0,20.0,30.0,1,0,0,0,0,0,0,40.682283000999234,71.14006341257715,40.682283000999234,0.0
random-s0-0192,voronoi,event,50.0,100.0,30.0,1,0,0,0,0,0,0,110.98222182518477,140.8772531587532,110.98222182518477,0.0
random-s0-0192,voronoi,event,150.0,20.0,30.0,1,0,0,0,0,0,0,40.682283000999234,322.90791131234243,40.682283000999234,0.0
random-s0-0192,voronoi,event,150.0,100.0,30.0,1,0,0,0,0,0,0,110.98222182518477,363.8106602607141,110.98222182518477,0.0
random-s0-0192,prm,once,0.0,20.0,30.0,1,0,2,1,1,1,0,-36.50578841476511,-36.50578841476511,-21.128500724480038,220.0
random-s0-0192,prm,cycle,0.0,20.0,30.0,1,0,0,0,0,0,0,34.85304582120881,245.79540089189504,34.85304582120881,0.0
random-s0-0192,prm,cycle,0.0,100.0,30.0,1,0,0,0,0,0,0,96.77929684210426,96.77929684210426,124.04330147651632,0.0
random-s0-0192,prm,cycle,50.0,20.0,30.0,1,0,0,0,0,0,0,66.55383462189505,171.13770863996126,66.55383462189505,0.0
random-s0-0192,prm,cycle,50.0,100.0,30.0,1,0,0,0,0,0,0,46.749024902785976,331.4339848756826,46.749024902785976,0.0
random-s0-0192,prm,cycle,150.0,20.0,30.0,1,0,0,0,0,0,0,34.85304582120881,137.81961410552623,34.85304582120881,0.0
random-s0-0192,prm,cycle,150.0,100.0,30.0,1,0,0,0,0,0,0,46.749024902785976,212.47754456346388,46.749024902785976,0.0
random-s0-0192,prm,event,0.0,20.0,30.0,1,0,0,0,0,0,0,34.85304582120881,53.92547213880388,34.85304582120881,0.0
random-s0-0192,prm,event,0.0,100.0,30.0,1,0,0,0,0,0,0,46.749024902785976,96.77929684210426,46.749024902785976,0.0
random-s0-0192,prm,event,50.0,20.0,30.0,1,0,0,0,0,0,0,34.85304582120881,295.63538569281377,34.85304582120881,0.0
random-s0-0192,prm,event,50.0,100.0,30.0,1,0,0,0,0,0,0,46.749024902785976,325.474271780704,46.749024902785976,0.0
random-s0-0192,prm,event,150.0,20.0,30.0,1,0,0,0,0,0,0,34.85304582120881,332.50600420694866,34.85304582120881,0.0
random-s0-0192,prm,event,150.0,100.0,30.0,1,0,0,0,0,0,0,46.749024902785976,172.62967651454045,46.749024902785976,0.0
random-s0-0192,visibility,once,0.0,20.0,30.0,1,0,2,1,1,0,1,-80.20337710681406,-36.50578841476511,-80.20337710681406,140.0
random-s0-0192,visibility,cycle,0.0,20.0,30.0,1,0,0,0,0,0,0,29.402685325517297,180.6901378126756,29.402685325517297,0.0
random-s0-0192,visibility,cycle,0.0,100.0,30.0,1,0,0,0,0,0,0,20.8425698426328,83.05989168434331,20.8425698426328,0.0
random-s0-0192,visibility,cycle,50.0,20.0,30.0,1,0,0,0,0,0,0,30.54906301511329,231.93850187908924,30.54906301511329,0.0
random-s0-0192,visibility,cycle,50.0,100.0,30.0,1,0,0,0,0,0,0,36.23714195992642,273.26865652398266,36.23714195992642,0.0
random-s0-0192,visibility,cycle,150.0,20.0,30.0,1,0,0,0,0,0,0,30.54906301511329,280.1619760638083,30.54906301511329,0.0
random-s0-0192,visibility,cycle,150.0,100.0,30.0,1,0,0,0,0,0,0,36.23714195992642,321.5687012348092,36.23714195992642,0.0
random-s0-0192,visibility,event,0.0,20.0,30.0,1,0,0,0,0,0,0,30.54906301511329,178.454094472568,30.54906301511329,0.0
random-s0-0192,visibility,event,0.0,100.0,30.0,1,0,0,0,0,0,0,33.44988582015179,83.05989168434331,33.44988582015179,0.0
random-s0-0192,visibility,event,50.0,20.0,30.0,1,0,0,0,0,0,0,30.54906301511329,246.788609193694,30.54906301511329,0.0
random-s0-0192,visibility,event,50.0,100.0,30.0,1,0,0,0,0,0,0,36.23714195992642,295.58444329948617,36.23714195992642,0.0
random-s0-0192,visibility,event,150.0,20.0,30.0,1,0,0,0,0,0,0,30.54906301511329,263.1244339638226,30.54906301511329,0.0
random-s0-0192,visibility,event,150.0,100.0,30.0,1,0,0,0,0,0,0,36.23714195992642,275.4875238309895,36.23714195992642,0.0
random-s0-0193,voronoi,once,0.0,20.0,30.0,1,0,2,1,1,1,0,-90.92303217455974,-90.92303217455974,-30.501311083159493,380.00000000000006
random-s0-0193,voronoi,cycle,0.0,20.0,30.0,1,0,3,3,0,3,0,-31.44904432646061,299.76718421171205,-31.44904432646061,759.9999999999898
random-s0-0193,voronoi,cycle,0.0,100.0,30.0,1,0,2,2,0,2,0,-39.32662743124192,333.4466318906947,-39.32662743124192,400.00000000000006
random-s0-0193,voronoi,cycle,50.0,20.0,30.0,1,0,0,0,0,0,0,31.222894080605784,31.222894080605784,112.70687962947176,0.0
random-s0-0193,voronoi,cycle,50.0,100.0,30.0,1,0,0,0,0,0,0,37.663995318740405,108.92308771422124,37.663995318740405,0.0
random-s0-0193,voronoi,cycle,150.0,20.0,30.0,1,0,2,2,0,2,0,-26.48646741009665,225.38557775346533,-26.48646741009665,439.9999999999906
random-s0-0193,voronoi,cycle,150.0,100.0,30.0,1,0,1,1,0,1,0,-29.586152705219035,357.5883024202067,-29.586152705219035,240.0
random-s0-0193,voronoi,event,0.0,20.0,30.0,1,0,0,0,0,0,0,37.95455494457596,37.95455494457596,95.7871694979812,0.0
random-s0-0193,voronoi,event,0.0,100.0,30.0,1,0,0,0,0,0,0,23.74365445151088,23.74365445151088,109.881505898503,0.0
random-s0-0193,voronoi,event,50.0,20.0,30.0,1,0,0,0,0,0,0,32.8032487114649,32.8032487114649,113.0118763990812,0.0
random-s0-0193,voronoi,event,50.0,100.0,30.0,1,0,0,0,0,0,0,60.93018515876602,60.93018515876602,64.28035513019933,0.0
random-s0-0193,voronoi,event,150.0,20.0,30.0,1,0,1,1,0,1,0,-26.996383701071323,199.92288888171765,-26.996383701071323,219.9999999999953
random-s0-0193,voronoi,event,150.0,100.0,30.0,1,0,1,1,0,1,0,-29.294895438585712,351.3413087052178,-29.294895438585712,240.0
random-s0-0193,prm,once,0.0,20.0,30.0,1,0,3,1,2,1,0,-70.78742614799242,-70.78742614799242,-16.706298967303127,200.0
random-s0-0193,prm,cycle,0.0,20.0,30.0,1,0,0,0,0,0,0,35.16380043877064,38.43435784842188,35.16380043877064,0.0
random-s0-0193,prm,cycle,0.0,100.0,30.0,1,0,0,0,0,0,0,36.23958955842011,148.11832847178323,36.23958955842011,0.0
random-s0-0193,prm,cycle,50.0,20.0,30.0,1,0,0,0,0,0,0,34.33342978817663,122.922883931885,34.33342978817663,0.0
random-s0-0193,prm,cycle,50.0,100.0,30.0,1,0,0,0,0,0,0,72.61039764660777,72.61039764660777,87.80703304132948,0.0
random-s0-0193,prm,cycle,150.0,20.0,30.0,1,0,0,0,0,0,0,3.037675805852388,34.004665899755935,3.037675805852388,0.0
random-s0-0193,prm,cycle,150.0,100.0,30.0,1,0,0,0,0,0,0,3.037675805852388,169.65044788973154,3.037675805852388,0.0
random-s0-0193,prm,event,0.0,20.0,30.0,1,0,1,1,0,1,0,-30.501311083159408,36.19485461978951,-30.501311083159408,239.99999999999488
random-s0-0193,prm,event,0.0,100.0,30.0,1,0,1,1,0,1,0,-30.501311083159408,36.96562765758907,-30.501311083159408,240.0
random-s0-0193,prm,event,50.0,20.0,30.0,1,0,0,0,0,0,0,32.44118752012216,55.46250230342216,32.44118752012216,0.0
random-s0-0193,prm,event,50.0,100.0,30.0,1,0,0,0,0,0,0,36.23958955842011,37.86372683014619,36.23958955842011,0.0
random-s0-0193,prm,event,150.0,20.0,30.0,1,0,0,0,0,0,0,3.037675805852388,182.26598518443396,3.037675805852388,0.0
random-s0-0193,prm,event,150.0,100.0,30.0,1,0,0,0,0,0,0,3.037675805852388,164.05415309511295,3.037675805852388,0.0
random-s0-0193,visibility,once,0.0,20.0,30.0,1,0,1,0,1,0,0,-79.7331127409908,-79.7331127409908,13.61873413594222,180.0
random-s0-0193,visibility,cycle,0.0,20.0,30.0,1,0,0,0,0,0,0,14.04113135132178,120.76055124049162,14.04113135132178,0.0
random-s0-0193,visibility,cycle,0.0,100.0,30.0,1,0,0,0,0,0,0,13.995952822116775,96.5836431907448,13.995952822116775,0.0
random-s0-0193,visibility,cycle,50.0,20.0,30.0,1,0,0,0,0,0,0,13.417119203199746,198.3451994557028,13.417119203199746,0.0
random-s0-0193,visibility,cycle,50.0,100.0,30.0,1,0,0,0,0,0,0,9.7472135191546,22.85583492852794,9.7472135191546,0.0
random-s0-0193,visibility,cycle,150.0,20.0,30.0,1,0,0,0,0,0,0,3.037675805852388,129.23453548041675,3.037675805852388,0.0
random-s0-0193,visibility,cycle,150.0,100.0,30.0,1,0,0,0,0,0,0,3.037675805852388,110.42093920466824,3.037675805852388,0.0
random-s0-0193,visibility,event,0.0,20.0,30.0,1,0,0,0,0,0,0,8.203018363363043,120.70115851056504,8.203018363363043,0.0
random-s0-0193,visibility,event,0.0,100.0,30.0,1,0,0,0,0,0,0,14.785383040323069,137.44530138548004,14.785383040323069,0.0
random-s0-0193,visibility,event,50.0,20.0,30.0,1,0,3,3,0,1,2,-156.66801218275145,89.99537029084331,-156.66801218275145,859.9999999999898
random-s0-0193,visibility,event,50.0,100.0,30.0,1,0,1,1,0,0,1,-11.16190170571312,22.85583492852794,-11.16190170571312,380.00000000000006
random-s0-0193,visibility,event,150.0,20.0,30.0,1,0,0,0,0,0,0,3.037675805852388,199.33468013403973,3.037675805852388,0.0
random-s0-0193,visibility,event,150.0,100.0,30.0,1,0,0,0,0,0,0,3.037675805852388,199.3346801340395,3.037675805852388,0.0
random-s0-0194,voronoi,once,0.0,20.0,30.0,1,0,1,1,0,0,1,-173.72519061387138,52.99113009330824,-173.72519061387138,440.0000000000001
random-s0-0194,voronoi,cycle,0.0,20.0,30.0,1,0,2,2,0,2,0,-10.020792003536172,52.99113009330824,-10.020792003536172,20.0
random-s0-0194,voronoi,cycle,0.0,100.0,30.0,1,0,1,1,0,1,0,-20.436417707417377,52.99113009330824,-20.436417707417377,20.0
random-s0-0194,voronoi,cycle,50.0,20.0,30.0,1,0,1,1,0,1,0,-40.40613474828257,41.32956169984217,-40.40613474828257,60.0
random-s0-0194,voronoi,cycle,50.0,100.0,30.0,1,0,1,1,0,1,0,-49.82799073974744,52.99113009330824,-49.82799073974744,80.0
random-s0-0194,voronoi,cycle,150.0,20.0,30.0,1,0,0,0,0,0,0,128.45443909720746,585.3995768042183,128.45443909720746,0.0
random-s0-0194,voronoi,cycle,150.0,100.0,30.0,1,0,0,0,0,0,0,127.82356798956704,455.19802776803454,127.82356798956704,0.0
random-s0-0194,voronoi,event,0.0,20.0,30.0,1,0,1,1,0,1,0,-94.56242127527642,52.99113009330824,-94.56242127527642,520.0000000000001
random-s0-0194,voronoi,event,0.0,100.0,30.0,1,0,1,1,0,1,0,-94.56242127527658,52.99113009330824,-94.56242127527658,520.0000000000001
random-s0-0194,voronoi,event,50.0,20.0,30.0,1,0,1,1,0,1,0,-94.56242127527642,52.99113009330824,-94.56242127527642,520.0000000000001
random-s0-0194,voronoi,event,50.0,100.0,30.0,1,0,1,1,0,1,0,-94.56242127527658,52.99113009330824,-94.56242127527658,520.0000000000001
random-s0-0194,voronoi,event,150.0,20.0,30.0,1,0,0,0,0,0,0,102.76585331298328,409.470018186644,102.76585331298328,0.0
random-s0-0194,voronoi,event,150.0,100.0,30.0,1,0,0,0,0,0,0,123.588850740105,586.5585195643987,123.588850740105,0.0
random-s0-0194,prm,once,0.0,20.0,30.0,1,0,3,2,1,1,1,-173.72519061387138,-143.07951977898443,-173.72519061387138,1020.0000000000005
random-s0-0194,prm,cycle,0.0,20.0,30.0,1,0,0,0,0,0,0,1.311445438968775,29.50307390286952,1.311445438968775,0.0
random-s0-0194,prm,cycle,0.0,100.0,30.0,1,0,2,1,1,1,0,-52.35565356179824,-52.35565356179824,-21.71444833244331,79.99999999999991
random-s0-0194,prm,cycle,50.0,20.0,30.0,1,0,1,1,0,1,0,-85.03108001132321,253.9108514123416,-85.03108001132321,500.0000000000001
random-s0-0194,prm,cycle,50.0,100.0,30.0,1,0,2,2,0,1,1,-173.72519061387192,297.5604759672057,-173.72519061387192,440.0000000000001
random-s0-0194,prm,cycle,150.0,20.0,30.0,1,0,2,2,0,1,1,-173.72519061387146,372.3913350066047,-173.72519061387146,600.0000000000002
random-s0-0194,prm,cycle,150.0,100.0,30.0,1,0,2,2,0,1,1,-97.02842547749609,4.814637128594427,-97.02842547749609,460.0000000000001
random-s0-0194,prm,event,0.0,20.0,30.0,1,0,1,1,0,1,0,-90.48931512322577,282.8679568279424,-90.48931512322577,200.0
random-s0-0194,prm,event,0.0,100.0,30.0,1,0,2,1,1,1,0,-138.71169079159958,-138.71169079159958,-98.79142532243937,600.0000000000002
random-s0-0194,prm,event,50.0,20.0,30.0,1,0,1,1,0,1,0,-90.73336390321651,362.8343000464439,-90.73336390321651,220.0
random-s0-0194,prm,event,50.0,100.0,30.0,1,0,2,2,0,1,1,-173.72519061387192,297.5604759672057,-173.72519061387192,580.0000000000002
random-s0-0194,prm,event,150.0,20.0,30.0,1,0,2,2,0,1,1,-173.72519061387146,241.38851099303736,-173.72519061387146,900.0000000000005
random-s0-0194,prm,event,150.0,100.0,30.0,1,0,2,2,0,1,1,-169.69516787370333,239.62719456118876,-169.69516787370333,760.0000000000003
random-s0-0194,visibility,once,0.0,20.0,30.0,1,0,2,2,0,1,1,-173.72519061387138,271.7614111290662,-173.72519061387138,800.0000000000003
random-s0-0194,visibility,cycle,0.0,20.0,30.0,1,0,1,1,0,1,0,-112.28501208333245,313.6507732253517,-112.28501208333245,460.0000000000001
random-s0-0194,visibility,cycle,0.0,100.0,30.0,1,0,1,1,0,0,1,-113.2963827039208,172.55290626412125,-113.2963827039208,400.00000000000006
random-s0-0194,visibility,cycle,50.0,20.0,30.0,1,0,1,1,0,1,0,-113.57418757330026,493.9820163112365,-113.57418757330026,440.0000000000001
random-s0-0194,visibility,cycle,50.0,100.0,30.0,1,0,2,2,0,2,0,-123.70313350084712,121.93203454204212,-123.70313350084712,440.0000000000001
random-s0-0194,visibility,cycle,150.0,20.0,30.0,1,0,1,1,0,0,1,-173.72519061387146,501.7456269879507,-173.72519061387146,440.0000000000001
random-s0-0194,visibility,cycle,150.0,100.0,30.0,1,0,1,1,0,0,1,-173.72519061387192,502.3627276775471,-173.72519061387192,440.0000000000001
random-s0-0194,visibility,event,0.0,20.0,30.0,1,0,1,1,0,1,0,-106.76926314245108,280.5115451262657,-106.76926314245108,480.00000000000017
random-s0-0194,visibility,event,0.0,100.0,30.0,1,0,1,1,0,0,1,-113.2963827039208,197.02272827155355,-113.2963827039208,400.00000000000006
random-s0-0194,visibility,event,50.0,20.0,30.0,1,0,2,2,0,2,0,-107.8907148343334,412.357853560576,-107.8907148343334,440.0000000000001
random-s0-0194,visibility,event,50.0,100.0,30.0,1,0,3,2,1,2,0,-123.70313350084712,-36.74322103108483,-123.70313350084712,500.0000000000001
random-s0-0194,visibility,event,150.0,20.0,30.0,1,0,1,1,0,0,1,-173.72519061387146,503.6204508714237,-173.72519061387146,440.0000000000001
random-s0-0194,visibility,event,150.0,100.0,30.0,1,0,1,1,0,0,1,-173.72519061387192,505.7619992752231,-173.72519061387192,440.0000000000001
random-s0-0195,voronoi,once,0.0,20.0,30.0,1,0,7,2,5,0,2,-119.98802643057527,-119.98802643057527,-89.12840105736822,2480.000000000002
random-s0-0195,voronoi,cycle,0.0,20.0,30.0,1,0,0,0,0,0,0,55.25220887503161,55.25220887503161,91.9779034315756,0.0
random-s0-0195,voronoi,cycle,0.0,100.0,30.0,1,0,1,0,1,0,0,-9.227235784603325,-9.227235784603325,103.03893953458356,39.99999999999991
random-s0-0195,voronoi,cycle,50.0,20.0,30.0,1,0,0,0,0,0,0,154.56532557371776,223.647333117114,154.56532557371776,0.0
random-s0-0195,voronoi,cycle,50.0,100.0,30.0,1,0,0,0,0,0,0,111.16669015615366,157.3760678587891,111.16669015615366,0.0
random-s0-0195,voronoi,cycle,150.0,20.0,30.0,1,0,0,0,0,0,0,53.293218749020326,338.9630643600998,53.293218749020326,0.0
random-s0-0195,voronoi,cycle,150.0,100.0,30.0,1,0,0,0,0,0,0,57.482260083887695,232.5604494056805,57.482260083887695,0.0
random-s0-0195,voronoi,event,0.0,20.0,30.0,1,0,0,0,0,0,0,60.1912266555409,60.1912266555409,122.67978014734842,0.0
random-s0-0195,voronoi,event,0.0,100.0,30.0,1,0,0,0,0,0,0,65.31781359030686,65.31781359030686,125.47700056547768,0.0
random-s0-0195,voronoi,event,50.0,20.0,30.0,1,0,0,0,0,0,0,83.8804443461151,83.8804443461151,129.78722381874758,0.0
random-s0-0195,voronoi,event,50.0,100.0,30.0,1,0,0,0,0,0,0,65.01743305257534,65.01743305257534,131.10431021187782,0.0
random-s0-0195,voronoi,event,150.0,20.0,30.0,1,0,0,0,0,0,0,62.687352328192105,62.687352328192105,100.74358668999712,0.0
random-s0-0195,voronoi,event,150.0,100.0,30.0,1,0,0,0,0,0,0,58.956468527558144,58.956468527558144,107.21351234290232,0.0
random-s0-0195,prm,once,0.0,20.0,30.0,1,0,2,2,0,0,2,-141.96476913561003,101.244174790277,-141.96476913561003,180.0
random-s0-0195,prm,cycle,0.0,20.0,30.0,1,0,0,0,0,0,0,135.75967247172042,139.81034916323415,135.75967247172042,0.0
random-s0-0195,prm,cycle,0.0,100.0,30.0,1,0,0,0,0,0,0,144.5577865554955,179.5022645342596,144.5577865554955,0.0
random-s0-0195,prm,cycle,50.0,20.0,30.0,1,0,0,0,0,0,0,101.14063330069484,116.4658549955616,101.14063330069484,0.0
random-s0-0195,prm,cycle,50.0,100.0,30.0,1,0,0,0,0,0,0,144.5577865554955,380.4525222467584,144.5577865554955,0.0
random-s0-0195,prm,cycle,150.0,20.0,30.0,1,0,0,0,0,0,0,105.60013858405163,314.06764808612513,105.60013858405163,0.0
random-s0-0195,prm,cycle,150.0,100.0,30.0,1,0,0,0,0,0,0,61.75443412750869,322.44696368687914,61.75443412750869,0.0
random-s0-0195,prm,event,0.0,20.0,30.0,1,0,0,0,0,0,0,133.8821108358066,133.8821108358066,167.1446773015988,0.0
random-s0-0195,prm,event,0.0,100.0,30.0,1,0,0,0,0,0,0,101.5238673810108,101.5238673810108,144.5577865554955,0.0
random-s0-0195,prm,event,50.0,20.0,30.0,1,0,0,0,0,0,0,106.67126141919954,106.67126141919954,167.1446773015988,0.0
random-s0-0195,prm,event,50.0,100.0,30.0,1,0,0,0,0,0,0,144.5577865554955,345.8604317798139,144.5577865554955,0.0
random-s0-0195,prm,event,150.0,20.0,30.0,1,0,0,0,0,0,0,33.25114555282741,811.8778891684921,33.25114555282741,0.0
random-s0-0195,prm,event,150.0,100.0,30.0,1,0,0,0,0,0,0,44.40686103835685,147.22998836538994,44.40686103835685,0.0
random-s0-0195,visibility,once,0.0,20.0,30.0,1,0,0,0,0,0,0,29.559597482170545,462.2547274187939,29.559597482170545,0.0
random-s0-0195,visibility,cycle,0.0,20.0,30.0,1,0,0,0,0,0,0,30.166392691675497,468.7832170011595,30.166392691675497,0.0
random-s0-0195,visibility,cycle,0.0,100.0,30.0,1,0,0,0,0,0,0,30.608897588745265,486.6264550237338,30.608897588745265,0.0
random-s0-0195,visibility,cycle,50.0,20.0,30.0,1,0,0,0,0,0,0,49.227573731381625,410.13398378910426,49.227573731381625,0.0
random-s0-0195,visibility,cycle,50.0,100.0,30.0,1,0,0,0,0,0,0,51.50920605228339,489.3835731101889,51.50920605228339,0.0
random-s0-0195,visibility,cycle,150.0,20.0,30.0,1,0,0,0,0,0,0,118.93071348714562,583.7350658983564,118.93071348714562,0.0
random-s0-0195,visibility,cycle,150.0,100.0,30.0,1,0,0,0,0,0,0,126.72719503810016,666.6367380956501,126.72719503810016,0.0
random-s0-0195,visibility,event,0.0,20.0,30.0,1,0,0,0,0,0,0,31.67756928527521,568.8549650540419,31.67756928527521,0.0
random-s0-0195,visibility,event,0.0,100.0,30.0,1,0,0,0,0,0,0,32.21670648163507,574.0598791290083,32.21670648163507,0.0
random-s0-0195,visibility,event,50.0,20.0,30.0,1,0,0,0,0,0,0,53.42477642273016,569.0682472522519,53.42477642273016,0.0
random-s0-0195,visibility,event,50.0,100.0,30.0,1,0,0,0,0,0,0,61.89369545288912,646.0911138223591,61.89369545288912,0.0
random-s0-0195,visibility,event,150.0,20.0,30.0,1,0,0,0,0,0,0,127.6381586852612,532.704165719906,127.6381586852612,0.0
random-s0-0195,visibility,event,150.0,100.0,30.0,1,0,0,0,0,0,0,145.68557068435575,539.56739250181,145.68557068435575,0.0
random-s0-0196,voronoi,once,0.0,20.0,30.0,1,0,3,2,1,1,1,-116.31627666009383,-111.10052103435902,-116.31627666009383,780.0000000000003
random-s0-0196,voronoi,cycle,0.0,20.0,30.0,1,0,0,0,0,0,0,35.086519287303986,243.68797300398572,35.086519287303986,0.0
random-s0-0196,voronoi,cycle,0.0,100.0,30.0,1,0,0,0,0,0,0,77.37436686537853,406.33868970610376,77.37436686537853,0.0
random-s0-0196,voronoi,cycle,50.0,20.0,30.0,1,0,0,0,0,0,0,46.17672791487669,381.80589891876855,46.17672791487669,0.0
random-s0-0196,voronoi,cycle,50.0,100.0,30.0,1,0,0,0,0,0,0,30.15188411787568,233.3321973488244,30.15188411787568,0.0
random-s0-0196,voronoi,cycle,150.0,20.0,30.0,1,0,0,0,0,0,0,54.83320727328282,466.3157719854537,54.83320727328282,0.0
random-s0-0196,voronoi,cycle,150.0,100.0,30.0,1,0,0,0,0,0,0,251.67546709679917,379.56623850468986,251.67546709679917,0.0
random-s0-0196,voronoi,event,0.0,20.0,30.0,1,0,0,0,0,0,0,23.872266430428056,23.872266430428056,251.67546709679917,0.0
random-s0-0196,voronoi,event,0.0,100.0,30.0,1,0,1,0,1,0,0,-25.19171951947763,-25.19171951947763,203.0642412736836,60.0
random-s0-0196,voronoi,event,50.0,20.0,30.0,1,0,0,0,0,0,0,31.21611909960197,310.7527139219411,31.21611909960197,0.0
random-s0-0196,voronoi,event,50.0,100.0,30.0,1,0,0,0,0,0,0,114.18449854219296,114.18449854219296,126.04658674275498,0.0
random-s0-0196,voronoi,event,150.0,20.0,30.0,1,0,1,1,0,1,0,-107.06058620900232,443.2836880444987,-107.06058620900232,339.9999999999927
random-s0-0196,voronoi,event,150.0,100.0,30.0,1,0,0,0,0,0,0,251.67546709679917,286.48522144964573,251.67546709679917,0.0
random-s0-0196,prm,once,0.0,20.0,30.0,1,0,3,1,2,1,0,-116.31627666009383,-54.9332228907184,-116.31627666009383,520.0000000000001
random-s0-0196,prm,cycle,0.0,20.0,30.0,1,0,0,0,0,0,0,36.09194060814934,126.36050983281564,36.09194060814934,0.0
random-s0-0196,prm,cycle,0.0,100.0,30.0,1,0,0,0,0,0,0,42.3926680767301,300.1493851104939,42.3926680767301,0.0
random-s0-0196,prm,cycle,50.0,20.0,30.0,1,0,0,0,0,0,0,39.61974731977716,301.3083126040145,39.61974731977716,0.0
random-s0-0196,prm,cycle,50.0,100.0,30.0,1,0,0,0,0,0,0,66.40161011368556,380.784683306864,66.40161011368556,0.0
random-s0-0196,prm,cycle,150.0,20.0,30.0,1,0,0,0,0,0,0,37.96185117852215,211.26867853953095,37.96185117852215,0.0
random-s0-0196,prm,cycle,150.0,100.0,30.0,1,0,0,0,0,0,0,43.78315621360781,561.445258912571,43.78315621360781,0.0
random-s0-0196,prm,event,0.0,20.0,30.0,1,0,1,1,0,1,0,-116.12492203897226,116.5704804193885,-116.12492203897226,359.9999999999923
random-s0-0196,prm,event,0.0,100.0,30.0,1,0,1,1,0,1,0,-118.80254657052456,116.57048041938832,-118.80254657052456,360.00000000000006
random-s0-0196,prm,event,50.0,20.0,30.0,1,0,0,0,0,0,0,35.800999746692526,103.77704884852858,35.800999746692526,0.0
random-s0-0196,prm,event,50.0,100.0,30.0,1,0,0,0,0,0,0,42.24478259123504,265.0168998304017,42.24478259123504,0.0
random-s0-0196,prm,event,150.0,20.0,30.0,1,0,0,0,0,0,0,36.929901430682605,150.27921615139195,36.929901430682605,0.0
random-s0-0196,prm,event,150.0,100.0,30.0,1,0,0,0,0,0,0,119.0893447692534,663.1405462254712,119.0893447692534,0.0
random-s0-0196,visibility,once,0.0,20.0,30.0,1,0,1,0,1,0,0,-123.14187522568028,-123.14187522568028,43.36126869508647,40.0
random-s0-0196,visibility,cycle,0.0,20.0,30.0,1,0,0,0,0,0,0,31.700350798764987,37.506169753183,31.700350798764987,0.0
random-s0-0196,visibility,cycle,0.0,100.0,30.0,1,0,0,0,0,0,0,28.404442662173352,28.404442662173352,31.70035079876536,0.0
random-s0-0196,visibility,cycle,50.0,20.0,30.0,1,0,0,0,0,0,0,31.700350798764987,251.27792288747088,31.700350798764987,0.0
random-s0-0196,visibility,cycle,50.0,100.0,30.0,1,0,0,0,0,0,0,31.70035079876536,227.7336707569355,31.70035079876536,0.0
random-s0-0196,visibility,cycle,150.0,20.0,30.0,1,0,0,0,0,0,0,31.700350798764987,60.77564030860981,31.700350798764987,0.0
random-s0-0196,visibility,cycle,150.0,100.0,30.0,1,0,0,0,0,0,0,31.70035079876536,125.40252819286415,31.70035079876536,0.0
random-s0-0196,visibility,event,0.0,20.0,30.0,1,0,0,0,0,0,0,11.72012780355368,11.72012780355368,31.700350798764987,0.0
random-s0-0196,visibility,event,0.0,100.0,30.0,1,0,2,0,2,0,0,-26.739495250568183,-26.739495250568183,31.70035079876536,159.99999999999991
random-s0-0196,visibility,event,50.0,20.0,30.0,1,0,0,0,0,0,0,31.700350798764987,214.6180054296263,31.700350798764987,0.0
random-s0-0196,visibility,event,50.0,100.0,30.0,1,0,0,0,0,0,0,31.70035079876536,244.2605303897624,31.70035079876536,0.0
random-s0-0196,visibility,event,150.0,20.0,30.0,1,0,0,0,0,0,0,14.375116655644147,499.5949192671314,14.375116655644147,0.0
random-s0-0196,visibility,event,150.0,100.0,30.0,1,0,0,0,0,0,0,31.70035079876536,233.2178127591565,31.70035079876536,0.0
random-s0-0197,voronoi,once,0.0,20.0,30.0,1,0,1,0,1,0,0,-96.59132091452136,-96.59132091452136,294.9443126143292,140.0
random-s0-0197,voronoi,cycle,0.0,20.0,30.0,1,0,3,0,3,0,0,-5.745108859073014,-5.745108859073014,17.96295972738696,60.0
random-s0-0197,voronoi,cycle,0.0,100.0,30.0,1,0,2,0,2,0,0,-92.18804310554329,-92.18804310554329,61.59285503925,199.99999999999983
random-s0-0197,voronoi,cycle,50.0,20.0,30.0,1,0,0,0,0,0,0,37.88590209063932,86.0415676828938,37.88590209063932,0.0
random-s0-0197,voronoi,cycle,50.0,100.0,30.0,1,0,0,0,0,0,0,74.51787156528118,175.12469419585904,74.51787156528118,0.0
random-s0-0197,voronoi,cycle,150.0,20.0,30.0,1,0,0,0,0,0,0,120.53755176137162,208.57031056871824,120.53755176137162,0.0
random-s0-0197,voronoi,cycle,150.0,100.0,30.0,1,0,0,0,0,0,0,113.9117315407534,113.9117315407534,277.63215983766105,0.0
random-s0-0197,voronoi,event,0.0,20.0,30.0,1,0,1,0,1,0,0,-1.774382885852134,-1.774382885852134,30.94284702311694,20.0
random-s0-0197,voronoi,event,0.0,100.0,30.0,1,0,1,0,1,0,0,-92.18804310554329,-92.18804310554329,78.25860221731341,139.99999999999986
random-s0-0197,voronoi,event,50.0,20.0,30.0,1,0,0,0,0,0,0,30.94284702311694,77.15729761031042,30.94284702311694,0.0
random-s0-0197,voronoi,event,50.0,100.0,30.0,1,0,0,0,0,0,0,82.1348698472408,82.1348698472408,186.80322134045508,0.0
random-s0-0197,voronoi,event,150.0,20.0,30.0,1,0,0,0,0,0,0,50.47127839557814,50.47127839557814,145.8479140569901,0.0
random-s0-0197,voronoi,event,150.0,100.0,30.0,1,0,0,0,0,0,0,35.940386473487,174.88592307372505,35.940386473487,0.0
random-s0-0197,prm,once,0.0,20.0,30.0,1,0,2,0,2,0,0,-96.59132091452136,-96.59132091452136,14.57347886813065,200.0
random-s0-0197,prm,cycle,0.0,20.0,30.0,1,0,0,0,0,0,0,39.757777808455614,47.56231317514414,39.757777808455614,0.0
random-s0-0197,prm,cycle,0.0,100.0,30.0,1,0,1,0,1,0,0,-96.59132091452145,-96.59132091452145,16.209097990318327,139.99999999999986
random-s0-0197,prm,cycle,50.0,20.0,30.0,1,0,0,0,0,0,0,21.60660488527941,75.6390259799017,21.60660488527941,0.0
random-s0-0197,prm,cycle,50.0,100.0,30.0,1,0,1,1,0,1,0,-97.5390854566558,193.3598100216375,-97.5390854566558,420.0000000000001
random-s0-0197,prm,cycle,150.0,20.0,30.0,1,0,0,0,0,0,0,37.88964848796172,142.23792361028916,37.88964848796172,0.0
random-s0-0197,prm,cycle,150.0,100.0,30.0,1,0,0,0,0,0,0,48.73629853385043,196.65444312844292,48.73629853385043,0.0
random-s0-0197,prm,event,0.0,20.0,30.0,1,0,0,0,0,0,0,16.278346434538605,16.278346434538605,47.97258621408682,0.0
random-s0-0197,prm,event,0.0,100.0,30.0,1,0,1,0,1,0,0,-96.59132091452145,-96.59132091452145,139.42352319638223,139.99999999999986
random-s0-0197,prm,event,50.0,20.0,30.0,1,0,0,0,0,0,0,33.25198121128045,79.74657928057383,33.25198121128045,0.0
random-s0-0197,prm,event,50.0,100.0,30.0,1,0,0,0,0,0,0,143.7304639395473,193.3598100216375,143.7304639395473,0.0
random-s0-0197,prm,event,150.0,20.0,30.0,1,0,0,0,0,0,0,120.81130288502207,120.81130288502207,121.94415435262272,0.0
random-s0-0197,prm,event,150.0,100.0,30.0,1,0,0,0,0,0,0,75.55408606402992,237.71483624908848,75.55408606402992,0.0
random-s0-0197,visibility,once,0.0,20.0,30.0,1,0,1,0,1,0,0,-96.59132091452136,-96.59132091452136,12.919972234029274,140.0
random-s0-0197,visibility,cycle,0.0,20.0,30.0,1,0,0,0,0,0,0,12.919972234029274,25.642443283026974,12.919972234029274,0.0
random-s0-0197,visibility,cycle,0.0,100.0,30.0,1,0,1,0,1,0,0,-96.59132091452145,-96.59132091452145,12.9199722340295,139.99999999999986
random-s0-0197,visibility,cycle,50.0,20.0,30.0,1,0,0,0,0,0,0,28.71551196662972,232.11859400745004,28.71551196662972,0.0
random-s0-0197,visibility,cycle,50.0,100.0,30.0,1,0,0,0,0,0,0,28.747642583230885,160.10588919939784,28.747642583230885,0.0
random-s0-0197,visibility,cycle,150.0,20.0,30.0,1,0,0,0,0,0,0,28.747642583230856,74.58188207424107,28.747642583230856,0.0
random-s0-0197,visibility,cycle,150.0,100.0,30.0,1,0,0,0,0,0,0,28.747642583230885,107.0185773922904,28.747642583230885,0.0
random-s0-0197,visibility,event,0.0,20.0,30.0,1,0,0,0,0,0,0,12.919972234029274,25.642443283026974,12.919972234029274,0.0
random-s0-0197,visibility,event,0.0,100.0,30.0,1,0,1,0,1,0,0,-96.59132091452145,-96.59132091452145,12.9199722340295,139.99999999999986
random-s0-0197,visibility,event,50.0,20.0,30.0,1,0,0,0,0,0,0,36.58583499570136,69.9090674959917,36.58583499570136,0.0
random-s0-0197,visibility,event,50.0,100.0,30.0,1,0,1,1,0,0,1,-52.985981756722296,160.10588919939784,-52.985981756722296,259.99999999999994
random-s0-0197,visibility,event,150.0,20.0,30.0,1,0,0,0,0,0,0,28.747642583230856,152.16974799174898,28.747642583230856,0.0
random-s0-0197,visibility,event,150.0,100.0,30.0,1,0,0,0,0,0,0,28.747642583230885,152.16974799174892,28.747642583230885,0.0
random-s0-0198,voronoi,once,0.0,20.0,30.0,1,0,2,1,1,1,0,-84.15016904715164,-84.15016904715164,-19.57385882106621,480.00000000000017
random-s0-0198,voronoi,cycle,0.0,20.0,30.0,1,0,0,0,0,0,0,5.95341378885314,5.95341378885314,65.43132019269652,0.0
random-s0-0198,voronoi,cycle,0.0,100.0,30.0,1,0,2,0,2,0,0,-83.84762346024033,-83.84762346024033,80.59827664002557,199.9999999999999
random-s0-0198,voronoi,cycle,50.0,20.0,30.0,1,0,0,0,0,0,0,70.9753376699704,70.9753376699704,76.19712349267985,0.0
random-s0-0198,voronoi,cycle,50.0,100.0,30.0,1,0,0,0,0,0,0,98.9707474912592,273.85564057223525,98.9707474912592,0.0
random-s0-0198,voronoi,cycle,150.0,20.0,30.0,1,0,0,0,0,0,0,112.32293576791182,336.62912584457,112.32293576791182,0.0
random-s0-0198,voronoi,cycle,150.0,100.0,30.0,1,0,0,0,0,0,0,109.05609642683817,111.98272319143246,109.05609642683817,0.0
random-s0-0198,voronoi,event,0.0,20.0,30.0,1,0,0,0,0,0,0,6.694464458877292,6.694464458877292,26.50243502055855,0.0
random-s0-0198,voronoi,event,0.0,100.0,30.0,1,0,0,0,0,0,0,37.6556158734995,75.74901763302486,37.6556158734995,0.0
random-s0-0198,voronoi,event,50.0,20.0,30.0,1,0,0,0,0,0,0,65.61120574952511,77.82244166159325,65.61120574952511,0.0
random-s0-0198,voronoi,event,50.0,100.0,30.0,1,0,0,0,0,0,0,65.6112057495252,221.78284660662365,65.6112057495252,0.0
random-s0-0198,voronoi,event,150.0,20.0,30.0,1,0,0,0,0,0,0,55.99267053171562,245.55509723998227,55.99267053171562,0.0
random-s0-0198,voronoi,event,150.0,100.0,30.0,1,0,0,0,0,0,0,41.63238858514581,263.9780920088266,41.63238858514581,0.0
random-s0-0198,prm,once,0.0,20.0,30.0,1,0,1,0,1,0,0,-105.08967916236186,-105.08967916236186,68.76803288779973,700.0000000000003
random-s0-0198,prm,cycle,0.0,20.0,30.0,1,0,0,0,0,0,0,63.81776546521661,368.3959324886271,63.81776546521661,0.0
random-s0-0198,prm,cycle,0.0,100.0,30.0,1,0,0,0,0,0,0,130.49707912758385,299.9229109070943,130.49707912758385,0.0
random-s0-0198,prm,cycle,50.0,20.0,30.0,1,0,0,0,0,0,0,179.0290388910464,243.75420797538328,179.0290388910464,0.0
random-s0-0198,prm,cycle,50.0,100.0,30.0,1,0,0,0,0,0,0,130.49707912758385,299.9229109070943,130.49707912758385,0.0
random-s0-0198,prm,cycle,150.0,20.0,30.0,1,0,0,0,0,0,0,142.02160831839922,291.0080909628337,142.02160831839922,0.0
random-s0-0198,prm,cycle,150.0,100.0,30.0,1,0,0,0,0,0,0,188.0152200458048,188.0152200458048,265.55836043390786,0.0
random-s0-0198,prm,event,0.0,20.0,30.0,1,0,0,0,0,0,0,74.0233588977776,352.89238615230374,74.0233588977776,0.0
random-s0-0198,prm,event,0.0,100.0,30.0,1,0,0,0,0,0,0,160.53171599653092,293.7146182207357,160.53171599653092,0.0
random-s0-0198,prm,event,50.0,20.0,30.0,1,0,0,0,0,0,0,74.0233588977776,352.89238615230374,74.0233588977776,0.0
random-s0-0198,prm,event,50.0,100.0,30.0,1,0,0,0,0,0,0,160.53171599653092,293.7146182207357,160.53171599653092,0.0
random-s0-0198,prm,event,150.0,20.0,30.0,1,0,0,0,0,0,0,114.98883490063724,323.6594891759581,114.98883490063724,0.0
random-s0-0198,prm,event,150.0,100.0,30.0,1,0,0,0,0,0,0,160.53171599653092,293.7146182207357,160.53171599653092,0.0
random-s0-0198,visibility,once,0.0,20.0,30.0,1,0,0,0,0,0,0,48.6083035914495,313.900734499076,48.6083035914495,0.0
random-s0-0198,visibility,cycle,0.0,20.0,30.0,1,0,0,0,0,0,0,34.38101290126616,381.2650825740569,34.38101290126616,0.0
random-s0-0198,visibility,cycle,0.0,100.0,30.0,1,0,0,0,0,0,0,38.74525333852256,377.33223973508063,38.74525333852256,0.0
random-s0-0198,visibility,cycle,50.0,20.0,30.0,1,0,0,0,0,0,0,57.21421504674154,361.8726640011509,57.21421504674154,0.0
random-s0-0198,visibility,cycle,50.0,100.0,30.0,1,0,0,0,0,0,0,64.71881515735714,358.97865493619963,64.71881515735714,0.0
random-s0-0198,visibility,cycle,150.0,20.0,30.0,1,0,0,0,0,0,0,82.53613350744195,169.35629214107638,82.53613350744195,0.0
random-s0-0198,visibility,cycle,150.0,100.0,30.0,1,0,0,0,0,0,0,111.8962413390936,317.5966056240514,111.8962413390936,0.0
random-s0-0198,visibility,event,0.0,20.0,30.0,1,0,0,0,0,0,0,33.85318749407273,387.0626685099661,33.85318749407273,0.0
random-s0-0198,visibility,event,0.0,100.0,30.0,1,0,0,0,0,0,0,40.94564308523815,383.667297546708,40.94564308523815,0.0
random-s0-0198,visibility,event,50.0,20.0,30.0,1,0,0,0,0,0,0,55.60941631149103,367.8120022742238,55.60941631149103,0.0
random-s0-0198,visibility,event,50.0,100.0,30.0,1,0,0,0,0,0,0,59.4355741738147,363.7943009468131,59.4355741738147,0.0
random-s0-0198,visibility,event,150.0,20.0,30.0,1,0,0,0,0,0,0,102.78848941806854,323.838320009588,102.78848941806854,0.0
random-s0-0198,visibility,event,150.0,100.0,30.0,1,0,1,1,0,0,1,-31.992491321959363,27.199323845972344,-31.992491321959363,40.0
random-s0-0199,voronoi,once,0.0,20.0,30.0,1,0,0,0,0,0,0,55.70627696161307,55.70627696161307,186.71884466699112,0.0
random-s0-0199,voronoi,cycle,0.0,20.0,30.0,1,0,0,0,0,0,0,227.54025893483987,227.54025893483987,268.67567250733464,0.0
random-s0-0199,voronoi,cycle,0.0,100.0,30.0,1,0,0,0,0,0,0,213.67296505583624,213.67296505583624,391.1058733052165,0.0
random-s0-0199,voronoi,cycle,50.0,20.0,30.0,1,0,0,0,0,0,0,286.79987354663103,286.79987354663103,391.1058733052165,0.0
random-s0-0199,voronoi,cycle,50.0,100.0,30.0,1,0,0,0,0,0,0,323.08461725262265,323.08461725262265,391.1058733052165,0.0
random-s0-0199,voronoi,cycle,150.0,20.0,30.0,1,0,0,0,0,0,0,244.91324301857475,278.0615696835466,244.91324301857475,0.0
random-s0-0199,voronoi,cycle,150.0,100.0,30.0,1,0,0,0,0,0,0,156.9939268860383,156.9939268860383,239.12995267106072,0.0
random-s0-0199,voronoi,event,0.0,20.0,30.0,1,0,0,0,0,0,0,17.95287526302735,17.95287526302735,155.8076547156365,0.0
random-s0-0199,voronoi,event,0.0,100.0,30.0,1,0,0,0,0,0,0,148.75026203098622,223.6813588850936,148.75026203098622,0.0
random-s0-0199,voronoi,event,50.0,20.0,30.0,1,0,0,0,0,0,0,34.63202157023147,34.63202157023147,188.0161099079885,0.0
random-s0-0199,voronoi,event,50.0,100.0,30.0,1,0,0,0,0,0,0,89.43674624298899,89.43674624298899,228.28969918610997,0.0
random-s0-0199,voronoi,event,150.0,20.0,30.0,1,0,0,0,0,0,0,178.7267745770548,403.598700188266,178.7267745770548,0.0
random-s0-0199,voronoi,event,150.0,100.0,30.0,1,0,0,0,0,0,0,194.0897878676099,290.64270780706227,194.0897878676099,0.0
random-s0-0199,prm,once,0.0,20.0,30.0,1,0,0,0,0,0,0,102.63416362686984,102.63416362686984,118.10670981377469,0.0
random-s0-0199,prm,cycle,0.0,20.0,30.0,1,0,0,0,0,0,0,36.83272131265216,36.83272131265216,287.86137134287145,0.0
random-s0-0199,prm,cycle,0.0,100.0,30.0,1,0,1,0,1,0,0,-167.4637722432079,-167.4637722432079,230.920085574142,120.0
random-s0-0199,prm,cycle,50.0,20.0,30.0,1,0,0,0,0,0,0,30.8682810639248,124.997481990913,30.8682810639248,0.0
random-s0-0199,prm,cycle,50.0,100.0,30.0,1,0,0,0,0,0,0,119.46712388770784,119.46712388770784,305.9842531806383,0.0
random-s0-0199,prm,cycle,150.0,20.0,30.0,1,0,0,0,0,0,0,102.63416362687008,102.63416362687008,391.1058733052165,0.0
random-s0-0199,prm,cycle,150.0,100.0,30.0,1,0,0,0,0,0,0,102.63416362686984,102.63416362686984,391.1058733052165,0.0
random-s0-0199,prm,event,0.0,20.0,30.0,1,0,0,0,0,0,0,31.646802419220904,31.646802419220904,41.426745862939526,0.0
random-s0-0199,prm,event,0.0,100.0,30.0,1,0,1,0,1,0,0,-82.6802061523029,-82.6802061523029,34.898154025461935,139.99999999999991
random-s0-0199,prm,event,50.0,20.0,30.0,1,0,0,0,0,0,0,43.20891008873432,43.20891008873432,70.82309544241801,0.0
random-s0-0199,prm,event,50.0,100.0,30.0,1,0,0,0,0,0,0,119.46712388770784,119.46712388770784,305.9842531806383,0.0
random-s0-0199,prm,event,150.0,20.0,30.0,1,0,0,0,0,0,0,102.63416362687008,102.63416362687008,130.9048168973726,0.0
random-s0-0199,prm,event,150.0,100.0,30.0,1,0,0,0,0,0,0,102.63416362686984,102.63416362686984,118.10670981377469,0.0
random-s0-0199,visibility,once,0.0,20.0,30.0,1,0,1,0,1,0,0,-84.81441097357873,-84.81441097357873,25.89203856648811,240.0
random-s0-0199,visibility,cycle,0.0,20.0,30.0,1,0,0,0,0,0,0,25.89203856648811,58.38099539893122,25.89203856648811,0.0
random-s0-0199,visibility,cycle,0.0,100.0,30.0,1,0,1,0,1,0,0,-84.81441097357873,-84.81441097357873,25.89203856648811,239.99999999999983
random-s0-0199,visibility,cycle,50.0,20.0,30.0,1,0,0,0,0,0,0,25.89203856648811,262.69721078578254,25.89203856648811,0.0
random-s0-0199,visibility,cycle,50.0,100.0,30.0,1,0,1,0,1,0,0,-77.73672570325404,-77.73672570325404,25.79076666090228,239.99999999999972
random-s0-0199,visibility,cycle,150.0,20.0,30.0,1,0,1,0,1,0,0,-84.81441097357873,-84.81441097357873,25.89203856648811,239.99999999999997
random-s0-0199,visibility,cycle,150.0,100.0,30.0,1,0,1,0,1,0,0,-84.81441097357873,-84.81441097357873,25.89203856648811,239.99999999999983
random-s0-0199,visibility,event,0.0,20.0,30.0,1,0,0,0,0,0,0,25.89203856648811,58.38099539893122,25.89203856648811,0.0
random-s0-0199,visibility,event,0.0,100.0,30.0,1,0,1,0,1,0,0,-84.81441097357873,-84.81441097357873,25.89203856648811,239.99999999999983
random-s0-0199,visibility,event,50.0,20.0,30.0,1,0,0,0,0,0,0,25.89203856648811,161.25992354902087,25.89203856648811,0.0
random-s0-0199,visibility,event,50.0,100.0,30.0,1,0,0,0,0,0,0,30.474192030828817,75.92456104148391,30.474192030828817,0.0
random-s0-0199,visibility,event,150.0,20.0,30.0,1,0,1,0,1,0,0,-84.81441097357873,-84.81441097357873,25.89203856648811,239.99999999999997
random-s0-0199,visibility,event,150.0,100.0,30.0,1,0,1,0,1,0,0,-84.81441097357873,-84.81441097357873,25.89203856648811,239.99999999999983
