scenario,planner,trial,seed,status,completed,timed_out,robot_count,planner_calls,failed_plans,failed_robots,planning_time_ms_total,planning_time_ms_mean,simulated_duration_ms,wall_time_ms,realtime_factor,ticks,robot_collision_episodes,obstacle_collision_episodes,collision_episodes,planned_path_length_mm,travelled_distance_mm,mean_final_error_mm,max_final_error_mm,minimum_clearance_mm,dt_ms,backend,physics_validation_passed,missed_frames,max_frame_gap_ms,max_final_speed_mmps,evidence_directory,error,scenario_set,replan_policy,replan_count,replan_failures,planning_time_ms_initial,planning_time_ms_max_call,time_to_goal_ms,prediction_horizon_ms,planning_time_ms_p95_call,straight_line_mm
22.11.24.08.2026,voronoi,1,0,completed,True,False,3,410,0,,32.078434996037686,0.07824008535618948,2533.3333333333294,46.78003299977718,54.15415874857113,152,0,0,0,12878.180226426794,8799.259113161977,59.12519605739931,59.78341559958827,5.502527676276287,20.0,kinematic,False,0,0.0,,,,22.11.24.08.2026,event,11,0,18.40870999967592,9.39807299982931,2533.3333333333294,100.0,0.058024999816552736,7202.889586042515
22.11.24.08.2026,voronoi,1,0,completed,True,False,3,467,0,,85.14920500374501,0.18233234476176663,2833.333333333328,103.54662100007772,27.36287583282125,170,0,2,2,12878.180226426794,9539.510900840614,59.05747015777524,59.75870447178038,-79.06840486902617,20.0,kinematic,False,0,0.0,,,,22.11.24.08.2026,event,79,1,14.853505999781191,5.631783999888285,2833.333333333328,500.0,0.08303599997816491,7202.889586042515
22.11.24.08.2026,prm,1,0,completed,True,False,3,448,0,,79.32108600198262,0.1770559955401398,2799.999999999995,98.27356300002066,28.491894610551633,168,0,0,0,11717.760041041183,10682.67162731324,58.913946796442644,59.55082544523106,6.024954612149031,20.0,kinematic,False,0,0.0,,,,22.11.24.08.2026,event,3,7,36.49987999961013,18.360021999797027,2799.999999999995,100.0,0.060290999954304425,7202.889586042515
22.11.24.08.2026,prm,1,0,completed,True,False,3,496,0,,35.40849799856005,0.07138810080354849,3133.333333333327,52.271068999743875,59.9439306157806,188,1,0,1,11717.760041041183,10436.413443760142,58.468883598418024,59.110253082038724,-52.528402674410486,20.0,kinematic,False,0,0.0,,,,22.11.24.08.2026,event,0,179,19.847003999984736,6.809216999954515,3133.333333333327,500.0,0.06450099999710801,7202.889586042515
22.11.24.08.2026,visibility,1,0,completed,True,False,3,549,0,,516.9736829961948,0.9416642677526318,3799.9999999999914,545.2308760000051,6.969524594568184,228,0,3,3,7326.983218079929,7130.855831763733,58.50292129608679,58.714270135600884,-19.047689556640023,20.0,kinematic,False,0,0.0,,,,22.11.24.08.2026,event,38,26,36.137108999355405,26.781627999753255,3799.9999999999914,100.0,10.76775000001362,7202.889586042515
22.11.24.08.2026,visibility,1,0,completed,True,False,3,559,0,,451.4274030048,0.8075624382912343,3799.9999999999914,470.9603930000412,8.068619052642202,228,0,3,3,7326.983218079929,7141.156579563556,58.62217011408558,59.07201658959726,-19.047689556640023,20.0,kinematic,False,0,0.0,,,,22.11.24.08.2026,event,39,77,33.452974000283575,11.332333000154904,3799.9999999999914,500.0,10.28090499994505,7202.889586042515
22.11.24.08.2026~p000,voronoi,1,0,completed,True,False,3,479,0,,81.78596000789184,0.170743131540484,3899.999999999991,99.40549700013435,39.23324280542272,234,0,0,0,13319.632445227217,9014.343898759755,58.95518088835535,59.4841689820356,1.1036323102160566,20.0,kinematic,False,0,0.0,,,,22.11.24.08.2026~perturbed,event,12,0,14.202830000158428,5.029206000017439,3899.999999999991,100.0,0.05670500013366109,7268.242982766738
22.11.24.08.2026~p000,voronoi,1,0,completed,True,False,3,491,0,,73.34684298848515,0.14938257227797383,3199.9999999999936,90.75302700011889,35.260531860780816,192,0,2,2,13319.632445227217,9930.820440330956,58.573375127867195,58.88032038654722,-136.991424949082,20.0,kinematic,False,0,0.0,,,,22.11.24.08.2026~perturbed,event,85,5,13.633641000069474,5.053263999798219,3199.9999999999936,500.0,0.0631140001132735,7268.242982766738
22.11.24.08.2026~p000,prm,1,0,completed,True,False,3,400,0,,26.00720599593842,0.06501801498984605,2599.9999999999955,39.32363700005226,66.11799412136116,156,0,0,0,13533.021845406074,9696.63489727144,58.92326800672524,59.46824346028187,1.0558547784877703,20.0,kinematic,False,0,0.0,,,,22.11.24.08.2026~perturbed,event,0,0,18.964211999900726,6.468059999860998,2599.9999999999955,100.0,0.028561999897647183,7268.242982766738
22.11.24.08.2026~p000,prm,1,0,completed,True,False,3,415,0,,58.09635900732246,0.13999122652366858,2849.9999999999945,72.66140699994139,39.22302247742455,171,0,0,0,13533.021845406074,10378.11313959091,58.99658434741567,59.46824346028187,1.0558547784877703,20.0,kinematic,False,0,0.0,,,,22.11.24.08.2026~perturbed,event,3,98,19.284183000308985,15.713937999862537,2849.9999999999945,500.0,0.06325699996523326,7268.242982766738
22.11.24.08.2026~p000,visibility,1,0,completed,True,False,3,497,0,,389.7700339994117,0.7842455412463012,3233.3333333333267,407.2431089998645,7.939565487735245,194,0,3,3,7377.231249892962,7164.654419001222,59.34294593529492,59.778184297408416,-29.40399006172217,20.0,kinematic,False,0,0.0,,,,22.11.24.08.2026~perturbed,event,32,50,32.700195999950665,12.947571000040625,3233.3333333333267,100.0,10.642052000093827,7268.242982766738
22.11.24.08.2026~p000,visibility,1,0,completed,True,False,3,466,0,,219.04420499731714,0.4700519420543286,3233.3333333333267,235.99998000008782,13.700566132811213,194,1,2,3,7377.231249892962,7281.549173167267,59.33044021468811,59.778184297408416,-175.75869522720978,20.0,kinematic,False,0,0.0,,,,22.11.24.08.2026~perturbed,event,16,144,32.78726200005622,11.33546800019758,3233.3333333333267,500.0,0.08639599991511204,7268.242982766738
22.11.24.08.2026~p001,voronoi,1,0,completed,True,False,3,458,0,,28.980458992464264,0.06327611133725822,3166.66666666666,45.15262500035533,70.13250429275685,190,0,0,0,12927.99141816327,9060.841213930904,59.655561541409526,59.88770537506089,1.0682204810291296,20.0,kinematic,False,0,0.0,,,,22.11.24.08.2026~perturbed,event,12,0,14.260546999594226,4.917292999834899,3166.66666666666,100.0,0.05142800000612624,7083.297649828309
22.11.24.08.2026~p001,voronoi,1,0,completed,True,False,3,414,0,,93.01138199543857,0.22466517390202553,2716.666666666662,110.56822000000466,24.570049754500413,163,0,0,0,12927.99141816327,8758.598672479678,58.667189046648595,58.820041607318224,1.644693752693911,20.0,kinematic,False,0,0.0,,,,22.11.24.08.2026~perturbed,event,48,6,13.757062000422593,5.38157399978445,2716.666666666662,500.0,0.08909600001061335,7083.297649828309
22.11.24.08.2026~p001,prm,1,0,completed,True,False,3,389,0,,37.28200399882553,0.09584062724633813,2633.333333333329,52.48476099995969,50.17329379351373,158,0,0,0,10183.187866569031,8186.007965586708,58.7483115018966,59.22109737406641,3.6543723175865352,20.0,kinematic,False,0,0.0,,,,22.11.24.08.2026~perturbed,event,1,12,21.758176000275853,7.715387999724044,2633.333333333329,100.0,0.047835999794187956,7083.297649828309
22.11.24.08.2026~p001,prm,1,0,completed,True,False,3,372,0,,72.14450999981636,0.19393685483821604,2483.3333333333294,99.946146000093,24.84671428282006,149,0,0,0,10183.187866569031,7567.048745624393,58.75215999528954,58.85492050130272,5.704842513651755,20.0,kinematic,False,0,0.0,,,,22.11.24.08.2026~perturbed,event,2,29,20.92400900028224,16.845599000134825,2483.3333333333294,500.0,0.06949799990252359,7083.297649828309
22.11.24.08.2026~p001,visibility,1,0,completed,True,False,3,523,0,,584.2472689987517,1.117107588907747,3883.3333333333244,611.8616509997992,6.346750653497973,233,0,2,2,7164.684306236135,6984.372360873496,58.87373391152935,59.32308100119584,-19.92826738636191,20.0,kinematic,False,0,0.0,,,,22.11.24.08.2026~perturbed,event,39,38,94.34405100046206,39.430900999832375,3883.3333333333244,100.0,10.846956000023056,7083.297649828309
22.11.24.08.2026~p001,visibility,1,0,completed,True,False,3,524,0,,473.38689900288955,0.9034101126009343,3883.3333333333244,492.7018080002199,7.881711149173602,233,0,2,2,7164.684306236135,6986.020288020245,58.48648698065103,59.2919199476118,-19.92826738636191,20.0,kinematic,False,0,0.0,,,,22.11.24.08.2026~perturbed,event,40,76,33.73564499997883,13.995489000080852,3883.3333333333244,500.0,10.47615900006349,7083.297649828309
22.11.24.08.2026~p002,voronoi,1,0,completed,True,False,3,469,0,,81.70050599437673,0.17420150531850048,3549.9999999999923,99.17378799991639,35.79574877187292,213,0,0,0,9899.426853857949,9095.324436703666,59.2105848880907,59.54787456078417,0.8657401091020347,20.0,kinematic,False,0,0.0,,,,22.11.24.08.2026~perturbed,event,11,0,13.705463999940548,4.931449000196153,3549.9999999999923,100.0,0.06519499993373756,6948.000142365898
22.11.24.08.2026~p002,voronoi,1,0,completed,True,False,3,514,0,,100.88617699602764,0.19627660894168802,3716.6666666666583,119.56755400024122,31.08424101959266,223,0,0,0,9899.426853857949,9583.41616596867,58.85872335767428,59.83079227885962,2.856373679405806,20.0,kinematic,False,0,0.0,,,,22.11.24.08.2026~perturbed,event,70,10,13.985016999868094,5.249814999842783,3716.6666666666583,500.0,0.0701079998179921,6948.000142365898
22.11.24.08.2026~p002,prm,1,0,planning_failed,False,False,3,218,1,Y1,16.406306995577324,0.07525828897053818,2299.999999999997,24.989675999677274,92.03800801697868,138,0,0,0,7045.612694431363,4916.844446615022,777.3428861173905,2215.469990769453,1.8750136082326776,20.0,kinematic,False,0,0.0,,,,22.11.24.08.2026~perturbed,event,0,0,12.69917500030715,6.311267000000953,,100.0,0.02602299991849577,6948.000142365898
22.11.24.08.2026~p002,prm,1,0,planning_failed,False,False,3,218,1,Y1,16.80972000303882,0.07710880735338908,2299.999999999997,25.554827000178193,90.00256585513019,138,0,0,0,7045.612694431363,4916.844446615022,777.3428861173905,2215.469990769453,1.8750136082326776,20.0,kinematic,False,0,0.0,,,,22.11.24.08.2026~perturbed,event,0,5,12.612809000074776,6.284757999765134,,500.0,0.038849999782542,6948.000142365898
22.11.24.08.2026~p002,visibility,1,0,planning_failed,False,False,3,297,1,Y1,157.02783999904568,0.5287132659900527,3066.6666666666606,168.95679300023403,18.150597038512757,184,0,1,1,4774.503016070303,4647.111118358777,777.2107226849254,2215.469990769453,-19.30486611374721,20.0,kinematic,False,0,0.0,,,,22.11.24.08.2026~perturbed,event,12,19,22.68054399974062,12.709390000054555,,100.0,0.1011929998639971,6948.000142365898
22.11.24.08.2026~p002,visibility,1,0,planning_failed,False,False,3,297,1,Y1,158.67983800080765,0.5342755488242682,3066.6666666666606,170.48231799981295,17.98818025614847,184,0,1,1,4774.503016070303,4647.111118358777,777.2107226849254,2215.469990769453,-19.30486611374721,20.0,kinematic,False,0,0.0,,,,22.11.24.08.2026~perturbed,event,12,20,26.64118500024415,15.511605000028794,,500.0,0.09446700005355524,6948.000142365898
22.11.24.08.2026~p003,voronoi,1,0,completed,True,False,3,380,0,,33.29658700795335,0.08762259738935092,2349.9999999999964,47.07646599990767,49.918785322683426,141,0,0,0,9164.348705836639,7911.553813395018,58.62010570941752,59.180880781339425,0.8436501963309126,20.0,kinematic,False,0,0.0,,,,22.11.24.08.2026~perturbed,event,15,0,13.757599000200571,6.699849999677099,2349.9999999999964,100.0,0.06204900000739144,6837.485754919429
22.11.24.08.2026~p003,voronoi,1,0,completed,True,False,3,694,0,,78.84201200340613,0.11360520461585898,7566.666666666645,106.97268400008397,70.73456871158534,454,0,1,1,9164.348705836639,14982.321309753921,59.33353275168175,59.87467853543575,-1.010220963541741,20.0,kinematic,False,0,0.0,,,,22.11.24.08.2026~perturbed,event,42,1,13.69558699980189,5.255949000002147,7566.666666666645,500.0,0.060769999890908366,6837.485754919429
22.11.24.08.2026~p003,prm,1,0,completed,True,False,3,371,0,,46.660177001285774,0.12576867116249535,2433.3333333333294,59.33508399994025,41.0100259289391,146,0,0,0,10979.667256740335,8101.705449232928,58.54548322448138,59.01388545418766,3.5611796669150806,20.0,kinematic,False,0,0.0,,,,22.11.24.08.2026~perturbed,event,3,16,19.858530999499635,6.76840699998138,2433.3333333333294,100.0,0.052677999974548584,6837.485754919429
22.11.24.08.2026~p003,prm,1,0,completed,True,False,3,339,0,,34.199420008462766,0.10088324486272203,2433.3333333333294,46.2177019999217,52.64937952426652,146,0,0,0,10979.667256740335,8112.565429346569,59.046218722704914,59.884186922634015,6.455266753835019,20.0,kinematic,False,0,0.0,,,,22.11.24.08.2026~perturbed,event,1,66,20.5539690000478,7.1066249997784325,2433.3333333333294,500.0,0.07239500018840772,6837.485754919429
22.11.24.08.2026~p003,visibility,1,0,completed,True,False,3,488,0,,343.0552769982569,0.7029821249964281,3799.9999999999914,361.0560990000522,10.524680265820525,228,0,3,3,6964.874619042268,6748.638361356792,59.413252343050196,59.69839851692145,-33.24626583918217,20.0,kinematic,False,0,0.0,,,,22.11.24.08.2026~perturbed,event,28,22,32.93177800014746,11.345708000135346,3799.9999999999914,100.0,10.556149999956688,6837.485754919429
22.11.24.08.2026~p003,visibility,1,0,completed,True,False,3,429,0,,79.67978599754133,0.18573376689403573,2816.6666666666615,94.486517000405,29.81024971694732,169,0,2,2,6964.874619042268,7078.785671735113,59.30839991841362,59.438136107313746,-9.45011804577888,20.0,kinematic,False,0,0.0,,,,22.11.24.08.2026~perturbed,event,3,146,33.34415399967838,11.527398999987781,2816.6666666666615,500.0,0.08085599984042346,6837.485754919429
22.11.24.08.2026~p004,voronoi,1,0,completed,True,False,3,503,0,,45.59517098550714,0.0906464631918631,3266.66666666666,64.87847499965937,50.35054641287131,196,0,0,0,10700.755611335724,8911.972099137922,59.053329482804834,59.88037358561598,6.628481988335409,20.0,kinematic,False,0,0.0,,,,22.11.24.08.2026~perturbed,event,17,0,14.308699000139313,5.198046999794315,3266.66666666666,100.0,0.054942000133451074,6841.714405639562
22.11.24.08.2026~p004,voronoi,1,0,completed,True,False,3,626,0,,267.61464400397017,0.4274994313162463,5183.33333333332,292.2822000000451,17.734002732060045,311,0,0,0,10700.755611335724,10330.267338811642,59.092734947541224,59.88962342206717,1.244929581959127,20.0,kinematic,False,0,0.0,,,,22.11.24.08.2026~perturbed,event,78,18,13.616111000374076,19.636183999864443,5183.33333333332,500.0,4.475518000162992,6841.714405639562
22.11.24.08.2026~p004,prm,1,0,completed,True,False,3,560,0,,45.09232100599547,0.08052200179642048,4149.999999999991,66.24334100024498,62.64780636569407,249,0,0,0,14174.096480057782,11360.421737114366,58.81511245357455,59.30140901312094,11.365250462701198,20.0,kinematic,False,0,0.0,,,,22.11.24.08.2026~perturbed,event,2,9,19.72818699960044,7.111536000138585,4149.999999999991,100.0,0.035927000226365635,6841.714405639562
22.11.24.08.2026~p004,prm,1,0,completed,True,False,3,675,0,,85.40037300826953,0.12651907112336225,4716.666666666655,109.26167900015571,43.16853548131851,283,0,0,0,14174.096480057782,18028.52977219333,58.72777877241372,59.12904269286653,11.365250462701198,20.0,kinematic,False,0,0.0,,,,22.11.24.08.2026~perturbed,event,4,73,29.984846999468573,21.791240999846195,4716.666666666655,500.0,0.06054499999663676,6841.714405639562
22.11.24.08.2026~p004,visibility,1,0,completed,True,False,3,491,0,,369.0062479959124,0.7515402199509418,3133.333333333327,386.3407270000607,8.110284819474481,188,0,3,3,7225.510833226527,6969.159697595477,59.36376808983338,59.72067883987995,-61.48620308845156,20.0,kinematic,False,0,0.0,,,,22.11.24.08.2026~perturbed,event,32,44,32.6470789996165,11.563697999918077,3133.333333333327,100.0,9.998671000175818,6841.714405639562
22.11.24.08.2026~p004,visibility,1,0,completed,True,False,3,545,0,,387.7310069960913,0.7114330403598006,4016.666666666658,407.5322789999518,9.85606999407066,241,0,4,4,7225.510833226527,7073.034152635884,59.063589727321414,59.24740608493833,-61.48620308845156,20.0,kinematic,False,0,0.0,,,,22.11.24.08.2026~perturbed,event,34,92,31.66738500021893,18.867787000090175,4016.666666666658,500.0,9.657592999701592,6841.714405639562
22.11.24.08.2026~p005,voronoi,1,0,completed,True,False,3,414,0,,28.662926999913907,0.06923412318819784,2633.333333333329,42.88867500008564,61.39926993146957,158,0,0,0,11590.723601869853,8321.717152892448,58.36699064522259,58.50265714482185,4.89198807239444,20.0,kinematic,False,0,0.0,,,,22.11.24.08.2026~perturbed,event,13,0,15.091307000147935,5.816049000259227,2633.333333333329,100.0,0.0610249999226653,7092.330169784447
22.11.24.08.2026~p005,voronoi,1,0,completed,True,False,3,579,0,,116.72053900065293,0.2015898773759118,4066.6666666666574,137.6570460001858,29.54201608148099,244,0,0,0,11590.723601869853,11213.174158690126,57.471447018050974,59.42323714530664,2.232914097880638,20.0,kinematic,False,0,0.0,,,,22.11.24.08.2026~perturbed,event,78,1,13.669093999851611,5.46841499999573,4066.6666666666574,500.0,0.07386199968095752,7092.330169784447
22.11.24.08.2026~p005,prm,1,0,completed,True,False,3,368,0,,46.2877380041391,0.12578189675037799,2433.3333333333294,58.8322559997323,41.36053074939709,146,0,0,0,12840.322702460846,8006.900063373439,58.84633000092273,59.01656191359417,6.950940256712045,20.0,kinematic,False,0,0.0,,,,22.11.24.08.2026~perturbed,event,3,14,19.47639900026843,6.93796800032942,2433.3333333333294,100.0,0.05268599988994538,7092.330169784447
22.11.24.08.2026~p005,prm,1,0,completed,True,False,3,457,0,,71.85629799960225,0.15723478774530034,3333.333333333326,96.1718009998549,34.660194554725614,200,0,0,0,12840.322702460846,11408.598715164706,59.149081296227514,59.886633175006516,6.950940256712045,20.0,kinematic,False,0,0.0,,,,22.11.24.08.2026~perturbed,event,2,75,19.581169999582926,28.15786000019216,3333.333333333326,500.0,0.06890700024086982,7092.330169784447
22.11.24.08.2026~p005,visibility,1,0,completed,True,False,3,474,0,,230.89781100088658,0.4871261835461742,3199.9999999999936,247.36019700003453,12.936600305179846,192,0,1,1,7174.69496903102,7040.089169842466,59.25906569978327,59.7956935336054,-11.058777017729767,20.0,kinematic,False,0,0.0,,,,22.11.24.08.2026~perturbed,event,18,24,32.98747300004834,11.224570999729622,3199.9999999999936,100.0,0.08079200006250176,7092.330169784447
22.11.24.08.2026~p005,visibility,1,0,completed,True,False,3,518,0,,249.41318700393822,0.48149263900374173,3449.9999999999927,267.5403569996888,12.89525079016025,207,1,1,2,7174.69496903102,7542.16122518383,59.302272326055196,59.92531341242118,-11.058777017729767,20.0,kinematic,False,0,0.0,,,,22.11.24.08.2026~perturbed,event,19,174,33.23980700042739,11.381012000128976,3449.9999999999927,500.0,0.08342199998878641,7092.330169784447
22.11.24.08.2026~p006,voronoi,1,0,timed_out,False,True,3,2090,0,,113.16795301263483,0.054147345939059725,30000.0,207.08278000029168,144.86960238778784,1801,0,426,426,10582.838592418982,15072.26094020398,65.20384107724563,78.0800374293489,-2.686114832615033,20.0,kinematic,False,0,0.0,,,,22.11.24.08.2026~perturbed,event,438,0,14.03278899988436,4.747164000036719,,100.0,0.065054000060627,7289.392066662471
22.11.24.08.2026~p006,voronoi,1,0,timed_out,False,True,3,2257,0,,301.80603199369216,0.13371999645267707,30000.0,401.7458859998442,74.67406897107998,1801,0,385,385,10582.838592418982,23718.32369399834,65.22988750624314,78.0800374293492,-19.16295329525562,20.0,kinematic,False,0,0.0,,,,22.11.24.08.2026~perturbed,event,539,17,13.831125000251632,5.8297670002502855,,500.0,0.07267099999808124,7289.392066662471
22.11.24.08.2026~p006,prm,1,0,planning_failed,False,False,3,276,1,Y1,18.04008799672374,0.06536263766928892,2566.6666666666624,28.946369999630406,88.6697249672216,154,0,0,0,8618.472090961204,6720.206914398305,814.6304098843365,2327.545035010064,1.3445804480382435,20.0,kinematic,False,0,0.0,,,,22.11.24.08.2026~perturbed,event,0,0,12.962054000126955,6.539978000091651,,100.0,0.031181999929685844,7289.392066662471
22.11.24.08.2026~p006,prm,1,0,planning_failed,False,False,3,344,1,Y1,42.922131999148405,0.12477363953240815,2933.3333333333276,55.951969000034296,52.425917903470555,176,0,0,0,8618.472090961204,9689.801028255068,815.3711604233196,2327.545035010064,1.144343414016845,20.0,kinematic,False,0,0.0,,,,22.11.24.08.2026~perturbed,event,4,62,12.7967409998746,6.5768849999585655,,500.0,0.07583899969176855,7289.392066662471
22.11.24.08.2026~p006,visibility,1,0,planning_failed,False,False,3,321,1,Y1,274.8211520088262,0.8561406604636329,3066.6666666666606,287.3356420000164,10.672768074718993,184,0,2,2,5045.860788648313,4903.10769480289,815.5484944698442,2327.545035010064,-21.768741319987413,20.0,kinematic,False,0,0.0,,,,22.11.24.08.2026~perturbed,event,23,42,21.8202560008649,11.544520999905217,,100.0,10.583709000002273,7289.392066662471
22.11.24.08.2026~p006,visibility,1,0,planning_failed,False,False,3,321,1,Y1,275.21957400449537,0.857381850481294,3066.6666666666606,288.21317500023724,10.640272314630087,184,0,2,2,5045.860788648313,4903.10769480289,815.5484944698442,2327.545035010064,-21.768741319987413,20.0,kinematic,False,0,0.0,,,,22.11.24.08.2026~perturbed,event,23,43,21.85618700013947,11.218132999601949,,500.0,10.545502999775636,7289.392066662471
22.11.24.08.2026~p007,voronoi,1,0,completed,True,False,3,580,0,,42.54818600975341,0.07335894139612656,5133.33333333332,64.34848900016732,79.77395294114788,308,0,0,0,11827.177587889822,9765.981853231953,58.940841949954724,59.84863801698003,0.4817970873783963,20.0,kinematic,False,0,0.0,,,,22.11.24.08.2026~perturbed,event,9,0,14.003443000092375,4.7719029998916085,5133.33333333332,100.0,0.053544999900623225,7220.441561370531
22.11.24.08.2026~p007,voronoi,1,0,completed,True,False,3,450,0,,136.64238500768988,0.3036497444615331,2583.333333333329,152.4194109997552,16.948847370480117,155,0,1,1,11827.177587889822,9529.292200099004,59.52535845517337,59.874225280675915,-38.4346224848741,20.0,kinematic,False,0,0.0,,,,22.11.24.08.2026~perturbed,event,85,5,13.68890699950498,5.83437800014508,2583.333333333329,500.0,4.63809399980164,7220.441561370531
22.11.24.08.2026~p007,prm,1,0,completed,True,False,3,571,0,,43.70812799470514,0.07654663396620864,4316.666666666657,63.991748000262305,67.45661435360326,259,0,0,0,14274.824917400172,14109.130844682688,58.68971416226636,59.11432626331091,3.820667226426906,20.0,kinematic,False,0,0.0,,,,22.11.24.08.2026~perturbed,event,2,7,19.553292999717087,6.946056999822758,4316.666666666657,100.0,0.03481600015220465,7220.441561370531
22.11.24.08.2026~p007,prm,1,0,completed,True,False,3,457,0,,41.892387000189046,0.0916682428888163,3216.66666666666,58.414830999936385,55.0659243826309,193,0,0,0,14274.824917400172,15080.85263789687,58.51655083330427,58.920360779457354,3.820667226426906,20.0,kinematic,False,0,0.0,,,,22.11.24.08.2026~perturbed,event,2,114,19.0610189997642,6.567398999777652,3216.66666666666,500.0,0.07577399992442224,7220.441561370531
22.11.24.08.2026~p007,visibility,1,0,completed,True,False,3,534,0,,336.42991699798586,0.6300185711572769,3016.666666666661,354.54145499988954,8.50864299258771,181,1,2,3,7354.567902815806,7371.500024535821,59.348185158154195,59.75619243971288,-148.1166193280914,20.0,kinematic,False,0,0.0,,,,22.11.24.08.2026~perturbed,event,27,84,34.13165699976162,11.781264999626728,3016.666666666661,100.0,10.376763999829564,7220.441561370531
22.11.24.08.2026~p007,visibility,1,0,completed,True,False,3,432,0,,178.36424199731482,0.41288018980859914,2999.999999999994,193.54342299993732,15.500397551617993,180,0,2,2,7354.567902815806,7287.544874361876,59.41181417930152,59.90192142058146,-41.20420326407941,20.0,kinematic,False,0,0.0,,,,22.11.24.08.2026~perturbed,event,13,98,33.39565800024502,11.309547000109887,2999.999999999994,500.0,0.08247999994637212,7220.441561370531
22.11.24.08.2026~p008,voronoi,1,0,completed,True,False,3,506,0,,75.66970700281672,0.1495448754996378,3216.66666666666,93.2437370001935,34.49740186474921,193,0,0,0,10842.096624211521,8746.719770911614,59.21068069139468,59.89387994257971,1.814204484612162,20.0,kinematic,False,0,0.0,,,,22.11.24.08.2026~perturbed,event,21,0,13.749328000358219,4.784954000115249,3216.66666666666,100.0,0.05478799994307337,7171.353130938924
22.11.24.08.2026~p008,voronoi,1,0,completed,True,False,3,494,0,,125.86221400033537,0.2547818097172781,3133.333333333327,143.46848300010606,21.839872199185454,188,0,1,1,10842.096624211521,9624.430043951812,58.41170149794534,58.64223910626993,-87.51640150743458,20.0,kinematic,False,0,0.0,,,,22.11.24.08.2026~perturbed,event,69,10,13.865203999557707,5.124726000303781,3133.333333333327,500.0,0.09356200007459847,7171.353130938924
22.11.24.08.2026~p008,prm,1,0,completed,True,False,3,426,0,,26.97885500265329,0.06333064554613449,2666.666666666662,41.223242999876675,64.68842508762931,160,0,0,0,12089.07244120253,10080.129098549012,59.83993047333603,59.90573428834907,8.530476907319155,20.0,kinematic,False,0,0.0,,,,22.11.24.08.2026~perturbed,event,0,5,19.078056000125798,6.427948000236938,2666.666666666662,100.0,0.02653900037330459,7171.353130938924
22.11.24.08.2026~p008,prm,1,0,completed,True,False,3,472,0,,43.90694800076744,0.09302319491688017,3366.6666666666597,60.990487999788456,55.199864389974,202,0,0,0,12089.07244120253,15445.035313549264,59.219578820744154,59.723414492753136,8.530476907319155,20.0,kinematic,False,0,0.0,,,,22.11.24.08.2026~perturbed,event,2,129,20.212624999658146,7.467870999789739,3366.6666666666597,500.0,0.06695899992337218,7171.353130938924
22.11.24.08.2026~p008,visibility,1,0,completed,True,False,3,506,0,,402.22116200038727,0.794903482214204,3216.66666666666,420.36383699996804,7.652101307341774,193,0,3,3,7363.261297499174,7148.791318358541,59.122286344868485,59.98723255412223,-27.804997698871034,20.0,kinematic,False,0,0.0,,,,22.11.24.08.2026~perturbed,event,35,56,32.621399000163365,10.97963800020807,3216.66666666666,100.0,10.092512000028364,7171.353130938924
22.11.24.08.2026~p008,visibility,1,0,completed,True,False,3,551,0,,549.3569339996611,0.9970180290374975,3566.666666666659,569.3896709999535,6.264017154373265,214,0,3,3,7363.261297499174,7252.8787362308485,58.898223463560555,59.39107066127213,-32.77556075375932,20.0,kinematic,False,0,0.0,,,,22.11.24.08.2026~perturbed,event,48,145,32.83535399941684,11.116344999663852,3566.666666666659,500.0,10.379444000136573,7171.353130938924
22.11.24.08.2026~p009,voronoi,1,0,completed,True,False,3,603,0,,66.87257501289423,0.11089979272453437,4116.666666666657,88.69919900007517,46.41154275432824,247,0,0,0,13138.069894114895,10249.845949107505,58.632897063935275,59.118832584875115,1.6908173486071405,20.0,kinematic,False,0,0.0,,,,22.11.24.08.2026~perturbed,event,8,0,14.139633000013418,5.042461999892112,4116.666666666657,100.0,0.0563020003028214,7121.292332165661
22.11.24.08.2026~p009,voronoi,1,0,completed,True,False,3,554,0,,86.67898899966531,0.15646026895246445,4216.666666666657,106.6653440002483,39.531740193486286,253,0,2,2,13138.069894114895,9780.964572069008,59.085392638208674,59.521381667539174,-4.261705880853782,20.0,kinematic,False,0,0.0,,,,22.11.24.08.2026~perturbed,event,56,4,13.430461000098148,5.31710200039015,4216.666666666657,500.0,0.06870199968034285,7121.292332165661
22.11.24.08.2026~p009,prm,1,0,completed,True,False,3,388,0,,28.461815998980455,0.07335519587366096,2516.6666666666624,41.98509399975592,59.941908589779345,151,0,0,0,13216.83808955106,8418.932414609459,58.46176700516268,58.60407621153307,13.765852643152954,20.0,kinematic,False,0,0.0,,,,22.11.24.08.2026~perturbed,event,0,40,19.347472000390553,6.625398000323912,2516.6666666666624,100.0,0.07004400004007039,7121.292332165661
22.11.24.08.2026~p009,prm,1,0,completed,True,False,3,483,0,,38.37222499259951,0.07944560039875675,2983.3333333333276,54.865643000084674,54.37525508137622,179,1,0,1,13216.83808955106,11588.76947669562,58.4157690522014,58.80339543060298,-72.00161406744624,20.0,kinematic,False,0,0.0,,,,22.11.24.08.2026~perturbed,event,1,118,18.91067699989435,6.33870299998307,2983.3333333333276,500.0,0.06371799963744706,7121.292332165661
22.11.24.08.2026~p009,visibility,1,0,completed,True,False,3,612,0,,787.959452000905,1.2875154444459231,4083.333333333324,810.4616509999687,5.0382807481331175,245,0,3,3,7227.7268261116815,7360.60231844979,58.858023923161305,59.7035984192154,-59.541022932687184,20.0,kinematic,False,0,0.0,,,,22.11.24.08.2026~perturbed,event,70,56,33.780568999645766,11.506459999964136,4083.333333333324,100.0,10.698240000238002,7121.292332165661
22.11.24.08.2026~p009,visibility,1,0,completed,True,False,3,594,0,,742.9607950034551,1.2507757491640659,4083.333333333324,764.804302000357,5.339056439213672,245,1,3,4,7227.7268261116815,7233.617190657324,58.51268147133871,58.76920212635989,-120.03011278669636,20.0,kinematic,False,0,0.0,,,,22.11.24.08.2026~perturbed,event,66,108,34.50093300034496,12.331348999850889,4083.333333333324,500.0,10.600205999708123,7121.292332165661
22.11.24.08.2026~p010,voronoi,1,0,completed,True,False,3,392,0,,31.571306000842014,0.08053904592051535,2349.9999999999964,45.03121800007648,52.18601904119061,141,0,0,0,10821.353255947633,7882.665066394277,59.01103298110152,59.65090107783134,5.408172457315857,20.0,kinematic,False,0,0.0,,,,22.11.24.08.2026~perturbed,event,11,0,14.14694800041616,5.047248000209947,2349.9999999999964,100.0,0.053572999604512006,6979.295814035795
22.11.24.08.2026~p010,voronoi,1,0,completed,True,False,3,545,0,,125.6233589947442,0.2305015761371453,4483.333333333323,146.46163799989154,30.61097359389524,269,0,0,0,10821.353255947633,10515.421436822397,59.07516040694327,59.90750439630434,2.686456143574958,20.0,kinematic,False,0,0.0,,,,22.11.24.08.2026~perturbed,event,57,8,13.770805000149267,5.349131999992096,4483.333333333323,500.0,0.06937900025150157,6979.295814035795
22.11.24.08.2026~p010,prm,1,0,completed,True,False,3,434,0,,27.051340993239137,0.06233027878626529,2599.9999999999955,41.64392500024405,62.43407651859805,156,0,0,0,11776.30759943134,10043.114608783255,58.882503756598915,59.40124846747249,5.823091910229692,20.0,kinematic,False,0,0.0,,,,22.11.24.08.2026~perturbed,event,0,3,18.961789999593748,6.358208999699855,2599.9999999999955,100.0,0.031599000067217276,6979.295814035795
22.11.24.08.2026~p010,prm,1,0,completed,True,False,3,506,0,,35.56171800437369,0.07028007510745789,3149.9999999999936,53.43401699974493,58.95121079919989,189,1,0,1,11776.30759943134,10620.893084298808,58.61034409797694,59.15764605912854,-58.96170142904674,20.0,kinematic,False,0,0.0,,,,22.11.24.08.2026~perturbed,event,0,182,19.503841000187094,6.757403999927192,3149.9999999999936,500.0,0.06175599992275238,6979.295814035795
22.11.24.08.2026~p010,visibility,1,0,completed,True,False,3,558,0,,560.2850740015128,1.0040951146980517,4283.333333333323,581.5911019999476,7.364853620703621,257,0,2,2,7249.769710279685,6987.947254653246,59.138225738828424,59.99702690462063,-35.99464389194398,20.0,kinematic,False,0,0.0,,,,22.11.24.08.2026~perturbed,event,48,46,32.876187000056234,12.930609000250115,4283.333333333323,100.0,10.607989999698475,6979.295814035795
22.11.24.08.2026~p010,visibility,1,0,completed,True,False,3,565,0,,603.329753997059,1.0678402725611664,4283.333333333323,624.9398969998765,6.853992446147457,257,0,3,3,7249.769710279685,6988.115490333306,59.20486301625433,59.99702690462063,-35.99464389194398,20.0,kinematic,False,0,0.0,,,,22.11.24.08.2026~perturbed,event,52,80,33.08725300030346,15.104612999948586,4283.333333333323,500.0,10.36476000035691,6979.295814035795
22.11.24.08.2026~p011,voronoi,1,0,completed,True,False,3,484,0,,34.352079999735,0.07097537190027892,3699.999999999992,52.60466500021721,70.33596735165435,222,0,0,0,11891.440432935768,9220.734942334622,59.66842948583919,59.84459996665237,0.6876879003814622,20.0,kinematic,False,0,0.0,,,,22.11.24.08.2026~perturbed,event,1,0,13.704012999824045,4.792062999968039,3699.999999999992,100.0,0.05199899987928802,7206.151597590568
22.11.24.08.2026~p011,voronoi,1,0,completed,True,False,3,607,0,,133.53847899816174,0.21999749423090895,4999.999999999987,168.13958400007323,29.737197399024193,300,0,1,1,11891.440432935768,11311.203869603005,59.48060754963783,59.94787348774675,-19.7393650136504,20.0,kinematic,False,0,0.0,,,,22.11.24.08.2026~perturbed,event,59,5,13.888079000025755,8.535472999938065,4999.999999999987,500.0,0.06896199965922278,7206.151597590568
22.11.24.08.2026~p011,prm,1,0,completed,True,False,3,537,0,,92.13509799837993,0.1715737392893481,3966.6666666666574,111.06868099977873,35.71363800272878,238,0,0,0,12853.359211748513,12267.901164192524,59.05638882664863,59.679112741563564,0.7926382552444409,20.0,kinematic,False,0,0.0,,,,22.11.24.08.2026~perturbed,event,5,14,23.486754000714427,21.59658699974898,3966.6666666666574,100.0,0.048176999825955136,7206.151597590568
22.11.24.08.2026~p011,prm,1,0,completed,True,False,3,663,0,,187.5453390034636,0.28287381448486215,4599.999999999989,211.17727099999684,21.78264724332032,276,0,0,0,12853.359211748513,23225.181294049184,59.5220184385985,59.80919526559935,2.236726626638699,20.0,kinematic,False,0,0.0,,,,22.11.24.08.2026~perturbed,event,4,172,18.85515099957047,30.21740999975009,4599.999999999989,500.0,0.06581099978575367,7206.151597590568
22.11.24.08.2026~p011,visibility,1,0,completed,True,False,3,461,0,,211.75227599496793,0.45933248588930137,2699.9999999999955,227.32235800003764,11.877406269028533,162,0,2,2,7294.216489473021,7103.692737035357,59.0978355980915,59.68631196312219,-21.99928003603617,20.0,kinematic,False,0,0.0,,,,22.11.24.08.2026~perturbed,event,16,23,34.13021599953936,11.587341999984346,2699.9999999999955,100.0,0.06630600000789855,7206.151597590568
22.11.24.08.2026~p011,visibility,1,0,completed,True,False,3,556,0,,344.2248229980578,0.6191093938813989,4133.333333333324,364.33627799988244,11.344830539589191,248,1,3,4,7294.216489473021,7505.329229050738,59.3292154222251,59.96390970792852,-27.038360693095626,20.0,kinematic,False,0,0.0,,,,22.11.24.08.2026~perturbed,event,27,141,33.35500499997579,14.829035999810003,4133.333333333324,500.0,10.403593000319233,7206.151597590568
22.11.24.08.2026~p012,voronoi,1,0,completed,True,False,3,486,0,,49.399422995065834,0.10164490328202846,3433.333333333326,66.73040999976365,51.450805312682576,206,0,0,0,12711.692114869493,9098.209756831351,58.81455426020026,59.4726306914586,2.9419295415208637,20.0,kinematic,False,0,0.0,,,,22.11.24.08.2026~perturbed,event,8,4,13.622123000004649,4.624305000106688,3433.333333333326,100.0,0.06221900002856273,7524.220386424622
22.11.24.08.2026~p012,voronoi,1,0,timed_out,False,True,3,2050,0,,3159.879559993442,1.5414046634114351,30000.0,3261.962985000082,9.19691613238807,1801,0,0,0,12711.692114869493,20830.03014783992,105.33425343001922,199.58961384851503,1.8358198673154789,20.0,kinematic,False,0,0.0,,,,22.11.24.08.2026~perturbed,event,706,1,13.47153300048376,19.499130999975023,,500.0,4.47170699999333,7524.220386424622
22.11.24.08.2026~p012,prm,1,0,planning_failed,False,False,3,232,1,Y1,17.285363003338716,0.07450587501439102,2199.9999999999973,26.12512100040476,84.21013628859029,132,0,0,0,9430.3310093402,5556.729881842827,809.5816048015296,2311.54478650101,12.849064851811846,20.0,kinematic,False,0,0.0,,,,22.11.24.08.2026~perturbed,event,0,0,13.37717500018698,6.830396000168548,,100.0,0.02548000020397012,7524.220386424622
22.11.24.08.2026~p012,prm,1,0,planning_failed,False,False,3,237,1,Y1,25.48164300242206,0.10751748102287789,2199.9999999999973,38.47465800026839,57.180495275218576,132,0,0,0,9430.3310093402,5990.819971337713,809.6987794798429,2311.54478650101,12.849064851811846,20.0,kinematic,False,0,0.0,,,,22.11.24.08.2026~perturbed,event,1,12,13.349738000215439,6.975538000006054,,500.0,0.06863599992357194,7524.220386424622
22.11.24.08.2026~p012,visibility,1,0,planning_failed,False,False,3,357,1,Y1,399.001553002563,1.1176514089707648,3433.333333333326,415.4934160001176,8.263267722471817,206,0,3,3,5290.054983067077,5144.01990157519,809.8271562310015,2311.54478650101,-24.14503216753741,20.0,kinematic,False,0,0.0,,,,22.11.24.08.2026~perturbed,event,33,43,23.07977399959782,13.340687999971124,,100.0,10.874338999656175,7524.220386424622
22.11.24.08.2026~p012,visibility,1,0,planning_failed,False,False,3,357,1,Y1,383.4931020028307,1.0742103697558283,3433.333333333326,397.51794899984816,8.636926563873567,206,0,3,3,5290.054983067077,5144.01990157519,809.8271562310015,2311.54478650101,-24.14503216753741,20.0,kinematic,False,0,0.0,,,,22.11.24.08.2026~perturbed,event,33,43,21.529352000015933,14.733925000200543,,500.0,10.602953000216075,7524.220386424622
22.11.24.08.2026~p013,voronoi,1,0,completed,True,False,3,427,0,,28.073783001218544,0.06574656440566404,3233.3333333333267,43.6018690002129,74.15584256990311,194,0,0,0,12931.113461029328,8892.497788710867,58.93726376815971,59.212138174628215,13.544989277304694,20.0,kinematic,False,0,0.0,,,,22.11.24.08.2026~perturbed,event,0,0,13.926133000040863,4.75304999963555,3233.3333333333267,100.0,0.042098999983863905,7325.70188859472
22.11.24.08.2026~p013,voronoi,1,0,completed,True,False,3,486,0,,137.04811400157269,0.2819920041184623,3883.3333333333244,154.96539800005849,25.059357659519957,233,0,0,0,12931.113461029328,9353.676742889598,58.87603307710105,59.212138174628215,1.991339461387355,20.0,kinematic,False,0,0.0,,,,22.11.24.08.2026~perturbed,event,36,7,13.48018799944839,5.6807370001479285,3883.3333333333244,500.0,4.437777999555692,7325.70188859472
22.11.24.08.2026~p013,prm,1,0,completed,True,False,3,402,0,,39.58698699761953,0.09847509203387944,2699.9999999999955,53.53521899996849,50.4340890059978,162,0,0,0,10319.294555409646,8421.516714885962,58.605049849057,58.85553171849667,6.530937702729204,20.0,kinematic,False,0,0.0,,,,22.11.24.08.2026~perturbed,event,2,13,19.36617999945156,6.870850999803224,2699.9999999999955,100.0,0.0437340004282305,7325.70188859472
22.11.24.08.2026~p013,prm,1,0,completed,True,False,3,542,0,,37.49676400093449,0.06918222140393818,5083.33333333332,57.837129999825265,87.8904837316215,305,0,0,0,10319.294555409646,18546.015522662172,58.95700483802623,59.54818374827181,3.002957268156706,20.0,kinematic,False,0,0.0,,,,22.11.24.08.2026~perturbed,event,2,22,18.442692999997234,6.31066899995858,5083.33333333332,500.0,0.047045999963302165,7325.70188859472
22.11.24.08.2026~p013,visibility,1,0,completed,True,False,3,564,0,,549.8695439982839,0.9749459999969573,4433.333333333323,571.0528730000988,7.763437578104184,266,0,3,3,7420.757775862923,7486.174664394587,59.214889349713225,59.826666545497886,-16.765583991719637,20.0,kinematic,False,0,0.0,,,,22.11.24.08.2026~perturbed,event,46,30,33.131139999568404,15.465223000319384,4433.333333333323,100.0,10.826010000073438,7325.70188859472
22.11.24.08.2026~p013,visibility,1,0,completed,True,False,3,547,0,,481.47100899905126,0.8802029414973515,4649.999999999989,502.2681579998789,9.258002773890974,279,0,1,1,7420.757775862923,7453.828343238811,59.24172150630409,59.62596080747719,-2.7941383449258126,20.0,kinematic,False,0,0.0,,,,22.11.24.08.2026~perturbed,event,40,22,33.07674400002725,12.94912999992448,4649.999999999989,500.0,10.587551000298845,7325.70188859472
22.11.24.08.2026~p014,voronoi,1,0,completed,True,False,3,464,0,,42.88796900436864,0.09243096768182897,3233.3333333333267,59.506402000351954,54.33589033519793,194,0,0,0,12870.511918386357,9487.351016989525,58.661446434114076,59.13040159741858,0.5526157407676351,20.0,kinematic,False,0,0.0,,,,22.11.24.08.2026~perturbed,event,3,0,13.921402000050875,4.805832999863924,3233.3333333333267,100.0,0.05151699997441028,7357.992231244361
22.11.24.08.2026~p014,voronoi,1,0,completed,True,False,3,619,0,,108.62818900159255,0.17548980452599766,4683.333333333322,131.91221699980815,35.503408553433175,281,0,3,3,12870.511918386357,11382.968759936302,59.192426064170036,59.74878109198118,-110.82739960342683,20.0,kinematic,False,0,0.0,,,,22.11.24.08.2026~perturbed,event,93,2,13.924499000040669,5.247701999905985,4683.333333333322,500.0,0.06876299994473811,7357.992231244361
22.11.24.08.2026~p014,prm,1,0,completed,True,False,3,456,0,,31.045179994634964,0.06808153507595387,3099.999999999994,46.94642200001908,66.03272130086366,186,0,0,0,13763.568290367222,11727.316474255229,58.877969868163795,59.34120992008481,0.5413156195680529,20.0,kinematic,False,0,0.0,,,,22.11.24.08.2026~perturbed,event,0,14,22.036591000414774,8.417769000061526,3099.999999999994,100.0,0.039385000036418205,7357.992231244361
22.11.24.08.2026~p014,prm,1,0,completed,True,False,3,456,0,,37.32945299543644,0.08186283551630798,3099.999999999994,54.17476799993892,57.222210900902965,186,0,0,0,13763.568290367222,11727.316474255229,58.877969868163795,59.34120992008481,0.5413156195680529,20.0,kinematic,False,0,0.0,,,,22.11.24.08.2026~perturbed,event,1,78,20.03665500023999,6.704021000132343,3099.999999999994,500.0,0.06309199989118497,7357.992231244361
22.11.24.08.2026~p014,visibility,1,0,completed,True,False,3,508,0,,328.881745997478,0.647405011806059,3799.9999999999914,347.3323309999614,10.940530612453735,228,0,2,2,7464.432919517686,7400.502592077452,58.962344536968736,59.369251737543976,-43.84876899945641,20.0,kinematic,False,0,0.0,,,,22.11.24.08.2026~perturbed,event,27,40,32.719532000101026,14.732525999988866,3799.9999999999914,100.0,10.148565000235976,7357.992231244361
22.11.24.08.2026~p014,visibility,1,0,completed,True,False,3,525,0,,339.4114040020213,0.6464979123848025,3799.9999999999914,358.4165270003723,10.602189669663431,228,1,3,4,7464.432919517686,7283.006872217051,59.01042676080706,59.09434153516087,-71.53314353559,20.0,kinematic,False,0,0.0,,,,22.11.24.08.2026~perturbed,event,28,141,31.85308999991321,11.277085000074294,3799.9999999999914,500.0,10.093264999795792,7357.992231244361
22.11.24.08.2026~p015,voronoi,1,0,completed,True,False,3,379,0,,44.31227800478155,0.11691893932660039,2216.666666666664,58.00119100013035,38.21760602573975,133,0,0,0,12087.169131394918,8431.957684627501,58.32390710212125,58.701799986540145,8.779439961782742,20.0,kinematic,False,0,0.0,,,,22.11.24.08.2026~perturbed,event,12,1,13.575325000601879,4.682078000314505,2216.666666666664,100.0,0.05999200038786512,7227.891637856268
22.11.24.08.2026~p015,voronoi,1,0,completed,True,False,3,460,0,,137.5841130088702,0.29909589784537,3216.66666666666,155.06094000011217,20.74453222497125,193,0,0,0,12087.169131394918,9426.289834659394,59.37176417334282,59.974978487561216,4.784292950990761,20.0,kinematic,False,0,0.0,,,,22.11.24.08.2026~perturbed,event,64,1,14.065393000237236,5.1676510001925635,3216.66666666666,500.0,4.601419000209717,7227.891637856268
22.11.24.08.2026~p015,prm,1,0,completed,True,False,3,368,0,,46.456388996830356,0.12624018749138682,2366.6666666666633,59.96712399974058,39.46606921947602,142,0,0,0,10274.887554339664,8058.471127140114,58.99139967084946,59.41461394108228,3.4563578119010003,20.0,kinematic,False,0,0.0,,,,22.11.24.08.2026~perturbed,event,1,39,31.350821999694745,17.844545999651018,2366.6666666666633,100.0,0.06849600003988598,7227.891637856268
22.11.24.08.2026~p015,prm,1,0,completed,True,False,3,533,0,,43.1594910082822,0.08097465479977899,5083.33333333332,63.62900600015564,79.89018928444185,305,0,0,0,10274.887554339664,18375.20128112073,58.70331932732166,59.03854209569158,3.4106939343448914,20.0,kinematic,False,0,0.0,,,,22.11.24.08.2026~perturbed,event,2,32,21.57932999989498,8.26879700025529,5083.33333333332,500.0,0.055607000376767246,7227.891637856268
22.11.24.08.2026~p015,visibility,1,0,completed,True,False,3,636,0,,1179.866049004886,1.8551352971774937,4283.333333333323,1204.3473680000716,3.556559716193998,257,1,1,2,7335.6716888323135,7422.556963325837,59.08708371098751,59.8693439852888,-152.555286861501,20.0,kinematic,False,0,0.0,,,,22.11.24.08.2026~perturbed,event,99,102,34.6236209993549,49.06711000012365,4283.333333333323,100.0,10.638092000135657,7227.891637856268
22.11.24.08.2026~p015,visibility,1,0,completed,True,False,3,559,0,,603.7761799971122,1.0801005008892883,4283.333333333323,624.7818349997942,6.8557264206228625,257,0,2,2,7335.6716888323135,7161.3194584716275,59.560879147459076,59.8693439852888,-15.133972038750983,20.0,kinematic,False,0,0.0,,,,22.11.24.08.2026~perturbed,event,54,90,32.86767000054169,13.475818000188156,4283.333333333323,500.0,10.265952999816363,7227.891637856268
22.11.24.08.2026~p016,voronoi,1,0,completed,True,False,3,442,0,,32.27417899915963,0.07301850452298558,3049.999999999994,48.32311599966488,63.1167907305718,183,0,0,0,12640.02811666204,8897.028406465508,59.41628176502993,59.804101067077326,11.622401012105172,20.0,kinematic,False,0,0.0,,,,22.11.24.08.2026~perturbed,event,9,0,17.43871600001512,7.390475000192964,3049.999999999994,100.0,0.06034999978510314,7216.901048287933
22.11.24.08.2026~p016,voronoi,1,0,completed,True,False,3,448,0,,92.78620799886994,0.20711207142604898,3483.3333333333258,109.1513119999945,31.91288560355098,209,0,0,0,12640.02811666204,9703.586764395415,58.44057764140074,59.04348493455013,2.4306167035467467,20.0,kinematic,False,0,0.0,,,,22.11.24.08.2026~perturbed,event,34,4,13.82823299991287,5.2240189997974085,3483.3333333333258,500.0,0.06387299981724937,7216.901048287933
22.11.24.08.2026~p016,prm,1,0,completed,True,False,3,380,0,,37.80762600081289,0.09949375263371812,2549.999999999996,50.7357219998994,50.26044568765676,153,0,0,0,9936.007279932359,8136.674118789275,59.362588681991134,59.57670000444568,2.2670098143250073,20.0,kinematic,False,0,0.0,,,,22.11.24.08.2026~perturbed,event,1,12,24.068952000106947,11.450184000295849,2549.999999999996,100.0,0.045094000142853474,7216.901048287933
22.11.24.08.2026~p016,prm,1,0,completed,True,False,3,463,0,,35.57419400112849,0.07683411231345245,2966.666666666661,51.647650999711914,57.4404955354738,178,1,0,1,9936.007279932359,9255.976692886828,59.72737250493494,59.9105244759106,-117.62211643947565,20.0,kinematic,False,0,0.0,,,,22.11.24.08.2026~perturbed,event,0,184,20.510159000878048,7.8349960003833985,2966.666666666661,500.0,0.06139800007076701,7216.901048287933
22.11.24.08.2026~p016,visibility,1,0,completed,True,False,3,546,0,,800.2357159957683,1.465633179479429,3733.333333333325,820.794647999719,4.54843771512336,224,0,2,2,7310.2992631023935,7114.022527584781,59.41399569513049,59.559659288223635,-17.639707595206232,20.0,kinematic,False,0,0.0,,,,22.11.24.08.2026~perturbed,event,54,25,34.34395999920525,47.11316699967938,3733.333333333325,100.0,10.958334999941144,7216.901048287933
22.11.24.08.2026~p016,visibility,1,0,completed,True,False,3,550,0,,662.5521839978319,1.2046403345415124,3733.333333333325,683.5862289999568,5.461393420395484,224,0,2,2,7310.2992631023935,7115.257030156221,59.12210434612927,59.364585143227266,-17.639707595206232,20.0,kinematic,False,0,0.0,,,,22.11.24.08.2026~perturbed,event,54,41,33.54609400003028,19.539870000244264,3733.333333333325,500.0,10.575334999884944,7216.901048287933
22.11.24.08.2026~p017,voronoi,1,0,completed,True,False,3,603,0,,56.383392000498134,0.09350479602072659,5116.666666666654,78.96192599991991,64.79916240482589,307,0,0,0,13195.117988465398,10442.838697368483,58.40361046073406,58.73981460474147,1.0191449298635575,20.0,kinematic,False,0,0.0,,,,22.11.24.08.2026~perturbed,event,4,1,13.796583000384999,4.704069000126765,5116.666666666654,100.0,0.050490999910834944,7091.881392166338
22.11.24.08.2026~p017,voronoi,1,0,completed,True,False,3,1022,0,,272.0301799986373,0.2661743444213672,8016.666666666644,312.0146379997095,25.693239003338388,481,0,0,0,13195.117988465398,14768.74331916178,58.4761532616566,58.57983856043919,1.7432119547534342,20.0,kinematic,False,0,0.0,,,,22.11.24.08.2026~perturbed,event,128,1,13.67345100015882,6.428664999930334,8016.666666666644,500.0,0.08845399997881032,7091.881392166338
22.11.24.08.2026~p017,prm,1,0,completed,True,False,3,342,0,,31.394074994295806,0.09179554091899358,2199.9999999999973,43.12692199982848,51.01221923532467,132,0,0,0,10911.744248119367,7730.573393721483,58.928606446358735,59.043090723899645,6.513476763609958,20.0,kinematic,False,0,0.0,,,,22.11.24.08.2026~perturbed,event,1,13,18.607031999636092,6.368773999838595,2199.9999999999973,100.0,0.052006999794684816,7091.881392166338
22.11.24.08.2026~p017,prm,1,0,completed,True,False,3,573,0,,51.00657100410899,0.08901670332305234,5933.333333333318,73.50677099975655,80.71818762591228,356,0,0,0,10911.744248119367,15710.161230445456,58.879245183183095,59.193984071138196,0.3056001609769794,20.0,kinematic,False,0,0.0,,,,22.11.24.08.2026~perturbed,event,2,52,18.70289599901298,12.875689000338753,5933.333333333318,500.0,0.05817300007038284,7091.881392166338
22.11.24.08.2026~p017,visibility,1,0,completed,True,False,3,471,0,,457.3747059980633,0.9710715626285845,2899.9999999999945,473.80659500004185,6.12064084924723,174,0,2,2,7226.453056799834,7019.298814142585,58.53156585242149,58.71426209291651,-33.0704613210379,20.0,kinematic,False,0,0.0,,,,22.11.24.08.2026~perturbed,event,39,35,33.52248600049279,11.393350000162172,2899.9999999999945,100.0,10.583718999896519,7091.881392166338
22.11.24.08.2026~p017,visibility,1,0,completed,True,False,3,501,0,,247.3750299986932,0.49376253492753136,3183.333333333327,264.61959099970045,12.029847530589414,191,0,2,2,7226.453056799834,7437.109611069145,58.53423491276026,58.71426209291651,-33.0704613210379,20.0,kinematic,False,0,0.0,,,,22.11.24.08.2026~perturbed,event,19,156,32.936945999608724,11.42102599987993,3183.333333333327,500.0,0.08405000016864506,7091.881392166338
22.11.24.08.2026~p018,voronoi,1,0,completed,True,False,3,416,0,,31.12605400110624,0.07482224519496693,2666.666666666662,45.37936099995932,58.76386550857454,160,0,0,0,10049.289134110106,8092.042569255493,58.884075248475035,59.57187468503595,0.19479065092130554,20.0,kinematic,False,0,0.0,,,,22.11.24.08.2026~perturbed,event,7,0,13.62987799984694,4.661383999973623,2666.666666666662,100.0,0.04944599959344487,7291.546075944203
22.11.24.08.2026~p018,voronoi,1,0,completed,True,False,3,464,0,,101.56741600167152,0.2188952931070507,2933.3333333333276,120.43049300018538,24.35706489492501,176,0,1,1,10049.289134110106,8786.919063548563,58.89299158380097,59.79613440738239,-15.150988371040683,20.0,kinematic,False,0,0.0,,,,22.11.24.08.2026~perturbed,event,71,3,23.155960000167397,10.235972999907972,2933.3333333333276,500.0,0.07656399975530803,7291.546075944203
22.11.24.08.2026~p018,prm,1,0,completed,True,False,3,408,0,,48.365337998802715,0.1185424950951047,2399.9999999999964,62.00125099985598,38.7088963738098,144,0,0,0,13641.677354957155,9597.204455765115,59.525216290991274,59.804298156061904,3.319956032783182,20.0,kinematic,False,0,0.0,,,,22.11.24.08.2026~perturbed,event,3,25,20.10216499957096,6.771421999928862,2399.9999999999964,100.0,0.06465299975388916,7291.546075944203
22.11.24.08.2026~p018,prm,1,0,completed,True,False,3,419,0,,31.21852299909733,0.0745072147949817,2483.3333333333294,50.32878300016819,49.342209075968135,149,0,0,0,13641.677354957155,9655.90049012199,59.154392182557366,59.560726659160295,3.319956032783182,20.0,kinematic,False,0,0.0,,,,22.11.24.08.2026~perturbed,event,0,110,19.747560000269004,6.652330000179063,2483.3333333333294,500.0,0.059299999975337414,7291.546075944203
22.11.24.08.2026~p018,visibility,1,0,completed,True,False,3,524,0,,330.58189500025037,0.6308814790081114,3816.666666666658,349.62618100007603,10.916421235244474,229,0,2,2,7395.888582441739,7251.599211559059,59.072431723964975,59.33595437879222,-35.14642291807564,20.0,kinematic,False,0,0.0,,,,22.11.24.08.2026~perturbed,event,26,23,43.296041000303376,18.025324000063847,3816.666666666658,100.0,10.170865999953094,7291.546075944203
22.11.24.08.2026~p018,visibility,1,0,completed,True,False,3,565,0,,271.304457993665,0.48018488140471677,3816.666666666658,291.11977599995953,13.11029679641959,229,0,2,2,7395.888582441739,7881.407124253252,59.27116806969169,59.93216341597233,-35.14642291807564,20.0,kinematic,False,0,0.0,,,,22.11.24.08.2026~perturbed,event,21,159,32.44943099980446,10.985836000145355,3816.666666666658,500.0,0.08232200025304337,7291.546075944203
22.11.24.08.2026~p019,voronoi,1,0,planning_failed,False,False,3,268,1,Y1,21.663317003003613,0.08083327239926721,2299.999999999997,31.54900000026828,72.90246917431419,138,0,0,0,8949.958441002807,5687.728400729616,761.5341564259598,2164.7523946169918,13.707707147086694,20.0,kinematic,False,0,0.0,,,,22.11.24.08.2026~perturbed,event,0,0,13.37363800030289,4.612279999946622,,100.0,0.050921999900310766,7428.114019413999
22.11.24.08.2026~p019,voronoi,1,0,planning_failed,False,False,3,245,1,Y1,26.004042999375088,0.1061389510178575,2149.9999999999973,35.16519899994819,61.139992411337275,129,0,0,0,8949.958441002807,5643.717310724573,761.3304783418583,2164.7523946169918,4.280007175298493,20.0,kinematic,False,0,0.0,,,,22.11.24.08.2026~perturbed,event,14,0,13.25235300055283,5.144766999819694,,500.0,0.049654000122245634,7428.114019413999
22.11.24.08.2026~p019,prm,1,0,planning_failed,False,False,3,259,1,Y1,44.44529499778582,0.17160345558990664,2149.9999999999973,53.86499799988087,39.914602800222,129,0,1,1,7480.712344429152,5347.335619163455,760.5657766559638,2164.7523946169918,-5.345864600135485,20.0,kinematic,False,0,0.0,,,,22.11.24.08.2026~perturbed,event,4,2,13.705240000035701,6.843120000212366,,100.0,0.03836599989881506,7428.114019413999
22.11.24.08.2026~p019,prm,1,0,planning_failed,False,False,3,259,1,Y1,46.45166000182144,0.1793500386170712,2149.9999999999973,55.91437200018845,38.451652465894654,129,0,1,1,7480.712344429152,5347.335619163455,760.5657766559638,2164.7523946169918,-5.345864600135485,20.0,kinematic,False,0,0.0,,,,22.11.24.08.2026~perturbed,event,5,17,13.335481999547483,6.638551999913034,,500.0,0.05535299987968756,7428.114019413999
22.11.24.08.2026~p019,visibility,1,0,planning_failed,False,False,3,319,1,Y1,273.4342139997352,0.8571605454537155,2749.999999999995,285.46405599990976,9.633437002663706,165,0,2,2,5375.978466467253,5230.568239276954,760.8916126998898,2164.7523946169918,-28.382599760175623,20.0,kinematic,False,0,0.0,,,,22.11.24.08.2026~perturbed,event,23,43,21.766336999917257,11.154442000133713,,100.0,10.497189000034268,7428.114019413999
22.11.24.08.2026~p019,visibility,1,0,planning_failed,False,False,3,319,1,Y1,279.9557450002794,0.8776042163018164,2749.999999999995,292.02646700014157,9.416954662532905,165,0,2,2,5375.978466467253,5230.568239276954,760.8916126998898,2164.7523946169918,-28.382599760175623,20.0,kinematic,False,0,0.0,,,,22.11.24.08.2026~perturbed,event,24,50,22.386361000371835,11.503511000228173,,500.0,10.389133999979094,7428.114019413999
crowded,voronoi,1,0,completed,True,False,3,862,0,,48.365237002599315,0.056108163576101294,7233.333333333313,80.7350889999725,89.5934273799559,434,0,0,0,22854.683707277938,15988.049523122192,59.36835542849179,59.88894196843345,0.288954442116534,20.0,kinematic,False,0,0.0,,,,crowded,event,1,0,14.668121000340761,4.93150100010098,7233.333333333313,100.0,0.050895000185846584,4048.7344758812533
crowded,voronoi,1,0,completed,True,False,3,1011,0,,479.1334709934745,0.4739203471745544,7933.33333333331,517.2597689997929,15.337232487022371,476,0,0,0,22854.683707277938,25055.578962216823,58.602074920361524,59.493566530282145,0.5775341366036457,20.0,kinematic,False,0,0.0,,,,crowded,event,134,45,14.742505999493005,9.244452000075398,7933.33333333331,500.0,4.845431999910943,4048.7344758812533
crowded,prm,1,0,completed,True,False,3,694,0,,78.75930100772166,0.11348602450680355,4383.333333333323,103.97828299983303,42.15623884980253,263,0,0,0,11572.025797384194,13563.435283175304,59.53093388137125,59.646743109082216,0.44730053286707516,20.0,kinematic,False,0,0.0,,,,crowded,event,6,42,21.47110599980806,7.302517999960401,4383.333333333323,100.0,0.05930399993303581,4048.7344758812533
crowded,prm,1,0,completed,True,False,3,752,0,,77.4848170021869,0.10303832048163152,5033.333333333321,104.53866099987863,48.14805628072054,302,0,0,0,11572.025797384194,18398.760694127606,58.63727686310702,59.16682583042974,1.2523917820977033,20.0,kinematic,False,0,0.0,,,,crowded,event,5,221,21.242265999717347,7.616018000135227,5033.333333333321,500.0,0.06830400025137351,4048.7344758812533
crowded,visibility,1,0,completed,True,False,3,660,0,,419.0965229959147,0.634994731811992,3899.999999999991,442.88274300015473,8.805942569766437,234,0,5,5,5743.219306469773,5389.500367974684,58.776038646623114,59.676073306709064,-58.33154602111412,20.0,kinematic,False,0,0.0,,,,crowded,event,56,154,19.946957000229304,7.92554999998174,3899.999999999991,100.0,6.7278870001246105,4048.7344758812533
crowded,visibility,1,0,completed,True,False,3,676,0,,183.05044900534995,0.27078468787773663,4083.333333333324,206.96586999974897,19.72950097201184,245,0,3,3,5743.219306469773,6330.120396787195,59.15087017309789,59.610193363847095,-62.039438625146204,20.0,kinematic,False,0,0.0,,,,crowded,event,20,305,20.13697000029424,8.36576400024569,4083.333333333324,500.0,0.09691000013845041,4048.7344758812533
crowded~p000,voronoi,1,0,completed,True,False,3,821,0,,92.92094700549569,0.11318020341716893,5749.9999999999845,125.14780399988013,45.945672366775945,345,0,0,0,22853.976602495146,16668.341866506857,59.40783219879148,59.83426873388968,0.05489793907375429,20.0,kinematic,False,0,0.0,,,,crowded~perturbed,event,3,7,14.854041000035068,6.556260000252223,5749.9999999999845,100.0,0.05343099974197685,3955.13238902363
crowded~p000,voronoi,1,0,completed,True,False,3,996,0,,613.9404239975192,0.6164060481902803,6866.666666666648,650.1226059999681,10.562110290111931,412,0,0,0,22853.976602495146,22378.910955629493,54.76476007266957,59.539463712523215,63.33314293322488,20.0,kinematic,False,0,0.0,,,,crowded~perturbed,event,132,88,14.52725500030283,8.412031999796454,6866.666666666648,500.0,4.8984689997269015,3955.13238902363
crowded~p000,prm,1,0,completed,True,False,3,530,0,,100.6782119966374,0.1899588905596932,3866.666666666658,119.38835499995548,32.38730164820597,232,0,0,0,11758.260603989107,8440.431337770508,59.27366229694943,59.93918933283398,0.40626061134761926,20.0,kinematic,False,0,0.0,,,,crowded~perturbed,event,9,14,21.65983699978824,8.030166000025929,3866.666666666658,100.0,0.048535999667365104,3955.13238902363
crowded~p000,prm,1,0,completed,True,False,3,496,0,,50.14148400232443,0.10109170161758958,3533.3333333333258,67.58568300028855,52.27931680912717,212,0,0,0,11758.260603989107,11064.525529753071,59.33548009359429,59.788750759606664,18.246595251085267,20.0,kinematic,False,0,0.0,,,,crowded~perturbed,event,2,212,21.07158700027867,7.164803000250686,3533.3333333333258,500.0,0.07856699994590599,3955.13238902363
crowded~p000,visibility,1,0,completed,True,False,3,611,0,,497.2947710034532,0.8139030621987777,3433.333333333326,518.5247829999753,6.621348575606057,206,0,5,5,5189.413742487359,4497.306320532595,58.668943835871836,58.96471127353823,-53.48295587576443,20.0,kinematic,False,0,0.0,,,,crowded~perturbed,event,70,209,23.72876599929441,10.229260999949474,3433.333333333326,100.0,6.381500999850687,3955.13238902363
crowded~p000,visibility,1,0,completed,True,False,3,611,0,,457.1127159961179,0.7481386513848084,3433.333333333326,478.2962330000373,7.178257106058074,206,0,5,5,5189.413742487359,4497.306320532595,58.668943835871836,58.96471127353823,-53.48295587576443,20.0,kinematic,False,0,0.0,,,,crowded~perturbed,event,65,274,19.247624999934487,6.91055100014637,3433.333333333326,500.0,6.430258999898797,3955.13238902363
crowded~p001,voronoi,1,0,completed,True,False,3,1034,0,,182.42061199498494,0.17642225531429878,6816.666666666648,219.65424099971642,31.033621912519543,409,0,2,2,28669.54317234795,23512.53533892949,59.12924579003127,59.691167833263236,-1.7742365643581195,20.0,kinematic,False,0,0.0,,,,crowded~perturbed,event,31,12,14.585243000055925,6.138537000424549,6816.666666666648,100.0,0.06555199979629833,3943.079705988426
crowded~p001,voronoi,1,0,timed_out,False,True,3,2472,0,,3566.3195479933165,1.4426859012917947,30000.0,3680.1254130000416,8.15189609952558,1801,0,0,0,28669.54317234795,32235.441787895397,84.10933937174342,134.22495440168825,0.5603976843951273,20.0,kinematic,False,0,0.0,,,,crowded~perturbed,event,709,90,15.699087000029976,12.51636300003156,,500.0,4.931166999995185,3943.079705988426
crowded~p001,prm,1,0,planning_failed,False,False,3,349,1,B1,22.668402994895587,0.06495244411144867,3133.333333333327,35.50868000002083,88.24133517020314,188,0,0,0,7790.224197955545,5693.971479440821,497.9019716769865,1375.4300600175932,1.3891989926047756,20.0,kinematic,False,0,0.0,,,,crowded~perturbed,event,0,0,16.02214600006846,8.76765000020896,,100.0,0.025861999802145874,3943.079705988426
crowded~p001,prm,1,0,planning_failed,False,False,3,349,1,B1,30.822605996490893,0.0883169226260484,3133.333333333327,43.860896000296634,71.43796910378065,188,0,0,0,7790.224197955545,5693.971479440821,497.9019716769865,1375.4300600175932,1.3891989926047756,20.0,kinematic,False,0,0.0,,,,crowded~perturbed,event,1,76,14.182406000600167,7.329855000079988,,500.0,0.05685599990101764,3943.079705988426
crowded~p001,visibility,1,0,planning_failed,False,False,3,551,1,B1,457.58977999366834,0.8304714700429553,4716.666666666655,482.84101900026144,9.768570773942677,283,0,6,6,3252.4518750671996,4164.156245071708,498.16376209519854,1375.4300600175932,-74.03090569692523,20.0,kinematic,False,0,0.0,,,,crowded~perturbed,event,53,187,13.486960000136605,26.66557400016245,,100.0,6.566884000221762,3943.079705988426
crowded~p001,visibility,1,0,planning_failed,False,False,3,388,1,B1,28.269683999951667,0.07286001030915377,3466.6666666666592,42.69750200000999,81.19132277728679,208,1,4,5,3252.4518750671996,3019.6883018831077,497.85583504906793,1375.4300600175932,-155.69517626095717,20.0,kinematic,False,0,0.0,,,,crowded~perturbed,event,0,211,13.460852000207524,6.79073299988886,,500.0,0.06427000016628881,3943.079705988426
crowded~p002,voronoi,1,0,completed,True,False,3,1009,0,,112.49068801271278,0.11148730229208402,8700.000000000011,150.53107699986867,57.795374705301555,522,0,0,0,20837.515383618538,19829.17397302648,59.12965644012493,59.64883934539488,0.02984764848659438,20.0,kinematic,False,0,0.0,,,,crowded~perturbed,event,21,11,14.783554000132426,5.050027000379487,8700.000000000011,100.0,0.055548000091221184,4025.9042631455336
crowded~p002,voronoi,1,0,completed,True,False,3,1120,0,,441.90430699836725,0.3945574169628279,9200.000000000036,484.54859399998895,18.986743773319557,552,0,2,2,20837.515383618538,27995.184717772267,58.43021331856152,59.042298368952686,-38.55554784589603,20.0,kinematic,False,0,0.0,,,,crowded~perturbed,event,199,39,14.34662399969966,6.494011999620852,9200.000000000036,500.0,4.785888000242267,4025.9042631455336
crowded~p002,prm,1,0,completed,True,False,3,687,0,,107.47983999635835,0.15644809315336006,4516.666666666656,131.11880900032702,34.44713005786524,271,0,0,0,11845.245397444742,12786.800071915379,58.67146778234126,59.087530972180154,0.2279295174251672,20.0,kinematic,False,0,0.0,,,,crowded~perturbed,event,10,13,21.44552299978386,7.487468999897828,4516.666666666656,100.0,0.045234000026539434,4025.9042631455336
crowded~p002,prm,1,0,completed,True,False,3,643,0,,69.3707159925907,0.10788602798225615,4483.333333333323,91.74269499999355,48.86855932598926,269,0,0,0,11845.245397444742,15410.689678407016,59.112688854640645,59.33399090025338,0.0787922057791377,20.0,kinematic,False,0,0.0,,,,crowded~perturbed,event,5,175,20.750554999722226,7.094204000168247,4483.333333333323,500.0,0.06928299990249798,4025.9042631455336
crowded~p002,visibility,1,0,completed,True,False,3,593,0,,361.51209400532025,0.6096325362652956,3733.333333333325,382.49041900007796,9.760593070783726,224,0,5,5,5670.4278478362285,5361.016223176592,58.935982985155526,59.27363213614555,-82.41801636183372,20.0,kinematic,False,0,0.0,,,,crowded~perturbed,event,46,227,20.521884999652684,7.548361000317527,3733.333333333325,100.0,6.939658000192139,4025.9042631455336
crowded~p002,visibility,1,0,completed,True,False,3,629,0,,317.1687640010532,0.5042428680461896,3899.999999999991,339.0570340002341,11.502489578190842,234,0,4,4,5670.4278478362285,5518.73858777816,58.80685776234321,59.32913685615483,-57.692621435403225,20.0,kinematic,False,0,0.0,,,,crowded~perturbed,event,40,350,20.62219700019341,7.146156000089832,3899.999999999991,500.0,6.691429000056814,4025.9042631455336
crowded~p003,voronoi,1,0,completed,True,False,3,1007,0,,164.77347999216363,0.16362808340830548,6433.333333333316,199.85473099995943,32.190047746903836,386,0,2,2,22091.825185989335,17532.102964186703,59.356518538981526,59.67769466196895,-1.8366214057823527,20.0,kinematic,False,0,0.0,,,,crowded~perturbed,event,26,0,14.2998589999479,4.865753000103723,6433.333333333316,100.0,0.06238000014491263,3869.1293450662533
crowded~p003,voronoi,1,0,completed,True,False,3,1473,0,,261.1768819842837,0.1773094921821342,13766.66666666693,318.44423900020047,43.231011840218166,826,0,1,1,22091.825185989335,30957.116500163334,58.95524917641938,59.47871864957355,-43.05837576603312,20.0,kinematic,False,0,0.0,,,,crowded~perturbed,event,100,16,14.202847999513324,4.965835999882984,13766.66666666693,500.0,0.0677709999763465,3869.1293450662533
crowded~p003,prm,1,0,planning_failed,False,False,3,432,1,B5,31.97468600137654,0.07401547685503829,4033.3333333333244,48.008199999912904,84.01342548440978,242,0,0,0,7668.854568195833,7024.480953607979,426.00010675351814,1160.398310926037,0.21004913714770623,20.0,kinematic,False,0,0.0,,,,crowded~perturbed,event,1,17,14.864238999507506,7.6188089997231145,,100.0,0.05145900013303617,3869.1293450662533
crowded~p003,prm,1,0,planning_failed,False,False,3,432,1,B5,40.52578899791115,0.09380969675442395,4033.3333333333244,57.3225929997534,70.3620182246584,242,0,0,0,7668.854568195833,7034.598830415877,426.18037240061534,1160.398310926037,0.21004913714770623,20.0,kinematic,False,0,0.0,,,,crowded~perturbed,event,2,82,14.230282999506016,7.189289999587345,,500.0,0.06662699979642639,3869.1293450662533
crowded~p003,visibility,1,0,planning_failed,False,False,3,353,1,B5,268.2882069957486,0.7600232492797412,3566.666666666659,282.2771390001435,12.635336603240992,214,1,4,5,3278.6318318800227,2913.04309799976,426.40766693873434,1160.398310926037,-46.87226027061956,20.0,kinematic,False,0,0.0,,,,crowded~perturbed,event,33,90,15.24765799922534,7.987954999862268,,100.0,7.346309000240581,3869.1293450662533
crowded~p003,visibility,1,0,planning_failed,False,False,3,352,1,B5,255.40385399699517,0.7255791306732817,3549.9999999999923,269.3167029997312,13.181506978434737,213,1,4,5,3278.6318318800227,2912.8088534579592,426.40712071688995,1160.398310926037,-46.87226027061956,20.0,kinematic,False,0,0.0,,,,crowded~perturbed,event,30,99,15.01553900016006,11.183408999841049,,500.0,7.4201070001436165,3869.1293450662533
crowded~p004,voronoi,1,0,completed,True,False,3,999,0,,57.54499899194343,0.057602601593536966,9550.000000000055,96.15452499974708,99.31929880601224,573,0,0,0,22605.040398402878,16161.42903891666,58.56229007453934,59.142982723495464,0.6954792082143797,20.0,kinematic,False,0,0.0,,,,crowded~perturbed,event,2,0,14.659498999208154,5.091963999802829,9550.000000000055,100.0,0.03979299981438089,4025.1343726613795
crowded~p004,voronoi,1,0,completed,True,False,3,1239,0,,569.6289050001724,0.4597489144472739,8433.333333333332,614.1232379995927,13.732314316591495,506,0,0,0,22605.040398402878,25443.517626961304,58.558093156948225,58.90641736909832,0.133534068077239,20.0,kinematic,False,0,0.0,,,,crowded~perturbed,event,129,67,14.366976999554026,7.236814999941998,8433.333333333332,500.0,4.763673999605089,4025.1343726613795
crowded~p004,prm,1,0,completed,True,False,3,753,0,,91.13655399642084,0.1210312802077302,5433.333333333319,117.47699800025657,46.25018876734876,326,0,0,0,11500.05068084149,13030.308474860401,59.27896677632784,59.54036106774503,0.29580522959204814,20.0,kinematic,False,0,0.0,,,,crowded~perturbed,event,8,2,21.302043000105186,7.421967000027507,5433.333333333319,100.0,0.028450999707274605,4025.1343726613795
crowded~p004,prm,1,0,completed,True,False,3,923,0,,120.28847699184553,0.13032337702258454,8700.000000000011,157.36012000024857,55.287197289797874,522,0,0,0,11500.05068084149,23194.479373895992,59.176886616373004,59.59418472107774,1.925025983607327,20.0,kinematic,False,0,0.0,,,,crowded~perturbed,event,5,55,21.41326700029822,29.060527000183356,8700.000000000011,500.0,0.05072699968877714,4025.1343726613795
crowded~p004,visibility,1,0,completed,True,False,3,597,0,,181.67047399447256,0.3043056515820311,4249.99999999999,203.52797599980477,20.881650196354663,255,0,3,3,5182.922610061455,4654.016984768783,58.6242566120745,59.20028940591034,-54.74707489011378,20.0,kinematic,False,0,0.0,,,,crowded~perturbed,event,19,127,22.383861999969668,11.18206499995722,4249.99999999999,100.0,0.07696400007262127,4025.1343726613795
crowded~p004,visibility,1,0,completed,True,False,3,594,0,,122.80607999537096,0.20674424241644943,4016.666666666658,144.70420099996772,27.757775095054452,241,0,2,2,5182.922610061455,5196.147717861491,58.55882286055337,59.422952779840216,-54.74707489011378,20.0,kinematic,False,0,0.0,,,,crowded~perturbed,event,11,199,22.90180199952374,8.445091999874421,4016.666666666658,500.0,0.08594699966124608,4025.1343726613795
crowded~p005,voronoi,1,0,completed,True,False,3,1074,0,,70.43855499023266,0.0655852467320602,8750.000000000015,110.33912299990334,79.30097468699003,525,0,0,0,28946.821868396117,20150.25643011347,58.706022186079984,59.603916889968836,0.7224025675260748,20.0,kinematic,False,0,0.0,,,,crowded~perturbed,event,4,0,14.451412000198616,4.988130000128876,8750.000000000015,100.0,0.05488699980560341,3991.0195636026556
crowded~p005,voronoi,1,0,completed,True,False,3,1221,0,,370.2740149960846,0.30325472153651484,8650.00000000001,414.758835000157,20.85549304813901,519,0,3,3,28946.821868396117,23834.31614165189,58.85437185872743,59.59061859381784,-85.7877039913707,20.0,kinematic,False,0,0.0,,,,crowded~perturbed,event,119,18,14.576022000255762,6.841746000191051,8650.00000000001,500.0,4.595654000240756,3991.0195636026556
crowded~p005,prm,1,0,completed,True,False,3,934,0,,272.63769699129625,0.29190331583650564,7149.99999999998,306.99906300014845,23.289973363848745,429,0,0,0,12237.663518183987,14735.702545956632,59.33774960106468,59.88382258771334,0.04411010428862028,20.0,kinematic,False,0,0.0,,,,crowded~perturbed,event,31,56,21.19481599993378,7.959519999985787,7149.99999999998,100.0,0.06585699975403259,3991.0195636026556
crowded~p005,prm,1,0,completed,True,False,3,883,0,,123.52961400665663,0.13989763760663265,6066.666666666651,155.39417999980287,39.0405011736884,364,0,0,0,12237.663518183987,23108.691515273353,58.619307922200115,58.68560534970525,1.1749629517981646,20.0,kinematic,False,0,0.0,,,,crowded~perturbed,event,12,254,21.0975340000914,7.193964000180131,6066.666666666651,500.0,0.07152199987103813,3991.0195636026556
crowded~p005,visibility,1,0,completed,True,False,3,673,0,,417.7833290027593,0.6207776062448132,4383.333333333323,442.220713000097,9.912094129639652,263,0,7,7,4749.264055236585,4905.268896907831,58.72913651793908,59.05357171143458,-64.32274458847336,20.0,kinematic,False,0,0.0,,,,crowded~perturbed,event,54,250,21.809945999848424,7.5661480000235315,4383.333333333323,100.0,6.887268999889784,3991.0195636026556
crowded~p005,visibility,1,0,completed,True,False,3,569,0,,491.9960299966988,0.8646678910311051,3599.9999999999923,512.7630130000398,7.020787203307336,216,0,7,7,4749.264055236585,4708.812733091434,58.97379833449944,59.737401978945464,-59.23435304873557,20.0,kinematic,False,0,0.0,,,,crowded~perturbed,event,63,277,21.925674999693,7.982748999893374,3599.9999999999923,500.0,7.126255999992281,3991.0195636026556
crowded~p006,voronoi,1,0,completed,True,False,3,1049,0,,80.58845899813605,0.07682407912119738,6266.66666666665,117.3645559997567,53.39488240964027,376,0,0,0,30768.470747219515,19763.25310603034,58.81019904846551,59.60865218629005,0.21438682048182045,20.0,kinematic,False,0,0.0,,,,crowded~perturbed,event,5,1,14.761169999928825,5.237431999830733,6266.66666666665,100.0,0.055207000059454,3946.9744472854554
crowded~p006,voronoi,1,0,completed,True,False,3,1185,0,,530.8441599995604,0.4479697552738906,6849.999999999981,572.8859370001373,11.957004977062892,411,0,0,0,30768.470747219515,27125.01482770809,58.80808485915943,59.00677049091904,1.8133129554049674,20.0,kinematic,False,0,0.0,,,,crowded~perturbed,event,181,56,14.500912999665161,6.57296999997925,6849.999999999981,500.0,4.849987999932637,3946.9744472854554
crowded~p006,prm,1,0,completed,True,False,3,509,0,,47.13522200245279,0.09260357957259881,3566.666666666659,64.86301899985847,54.98767590010637,214,0,0,0,11920.896317544295,8734.876691322304,58.85509265441328,59.929508253102334,2.6479505577034104,20.0,kinematic,False,0,0.0,,,,crowded~perturbed,event,2,11,22.21651700028815,7.541639000010036,3566.666666666659,100.0,0.036841000110143796,3946.9744472854554
crowded~p006,prm,1,0,completed,True,False,3,507,0,,74.54560199903426,0.14703274556022536,3916.6666666666574,93.02887100011503,42.10162527568258,235,0,0,0,11920.896317544295,11758.330252026215,59.08130776806882,59.75501661157737,0.20932307055539923,20.0,kinematic,False,0,0.0,,,,crowded~perturbed,event,6,185,21.63343399979567,7.341098999859241,3916.6666666666574,500.0,0.0704150002093229,3946.9744472854554
crowded~p006,visibility,1,0,completed,True,False,3,629,0,,202.32246500654583,0.321657337053332,3849.9999999999914,223.97439300038968,17.189465047431977,231,0,4,4,4932.355767946943,4882.605252231373,59.228646333358625,59.85305929979886,-68.238794726797,20.0,kinematic,False,0,0.0,,,,crowded~perturbed,event,27,152,18.677180999929988,7.201874000202224,3849.9999999999914,100.0,0.07967600004121778,3946.9744472854554
crowded~p006,visibility,1,0,completed,True,False,3,623,0,,128.78581799441235,0.2067188089797951,3783.333333333325,150.10832500001925,25.20402071858999,227,0,4,4,4932.355767946943,4928.196043453139,59.13152333479695,59.85305929979886,-63.252458903433464,20.0,kinematic,False,0,0.0,,,,crowded~perturbed,event,14,254,18.476658999588835,6.555719000061799,3783.333333333325,500.0,0.07029599964880617,3946.9744472854554
crowded~p007,voronoi,1,0,completed,True,False,3,1103,0,,102.95732600025076,0.0933429972803724,10083.333333333414,144.82667899983426,69.62345199771482,605,0,0,0,22508.618309355305,20336.418517301383,58.83239279725285,59.67914494805031,2.0044419316396613,20.0,kinematic,False,0,0.0,,,,crowded~perturbed,event,9,2,14.394688000720635,4.942997000398464,10083.333333333414,100.0,0.05114899977343157,4040.627231090747
crowded~p007,voronoi,1,0,completed,True,False,3,1155,0,,456.944448003469,0.3956228987043022,8216.666666666655,498.97590499995204,16.467061003010645,493,0,2,2,22508.618309355305,25339.2824372836,59.12334532112701,59.88987518696476,-35.61317831011476,20.0,kinematic,False,0,0.0,,,,crowded~perturbed,event,148,38,15.871803999743861,6.267249999837077,8216.666666666655,500.0,4.759895999995933,4040.627231090747
crowded~p007,prm,1,0,completed,True,False,3,544,0,,54.99393000218333,0.10109178309224877,3566.666666666659,74.07617300032143,48.148635684124535,214,0,0,0,12787.602635555988,10029.907637992459,58.74997646489455,59.24204979654078,1.0452073523770764,20.0,kinematic,False,0,0.0,,,,crowded~perturbed,event,3,11,21.387512999808678,7.693060999827139,3566.666666666659,100.0,0.04243400007908349,4040.627231090747
crowded~p007,prm,1,0,completed,True,False,3,742,0,,158.0926419987918,0.21306285983664663,4816.666666666655,184.060301000045,26.1689600663289,289,0,0,0,12787.602635555988,17304.046282564257,59.42222565968799,59.896688321588904,0.4838905808162508,20.0,kinematic,False,0,0.0,,,,crowded~perturbed,event,4,256,21.298478000517207,31.945332999839593,4816.666666666655,500.0,0.07954100010465481,4040.627231090747
crowded~p007,visibility,1,0,completed,True,False,3,563,0,,388.3426820029854,0.6897738579093879,3599.9999999999923,408.4615830001894,8.813558361003372,216,1,4,5,5131.479432465025,4768.549186679575,59.21891679204278,59.53858330872544,-149.6484593492598,20.0,kinematic,False,0,0.0,,,,crowded~perturbed,event,51,173,21.205942000051436,7.444788000157132,3599.9999999999923,100.0,6.8614509996223205,4040.627231090747
crowded~p007,visibility,1,0,completed,True,False,3,769,0,,466.17666899282995,0.6062115331506241,5216.666666666653,494.222721999904,10.555295081450478,313,1,7,8,5131.479432465025,6270.4037614189065,59.19007701504385,59.39015656155284,-57.989809652940494,20.0,kinematic,False,0,0.0,,,,crowded~perturbed,event,62,365,21.100592999573564,8.267383000202244,5216.666666666653,500.0,6.6010959999402985,4040.627231090747
crowded~p008,voronoi,1,0,planning_failed,False,False,3,456,1,B5,78.36420799321786,0.17185133331846023,3983.333333333324,95.99126800003432,41.4968300380395,239,0,0,0,12612.089126153753,11061.762158274487,377.8787242639459,1015.1888297257807,1.5933920154305667,20.0,kinematic,False,0,0.0,,,,crowded~perturbed,event,3,7,14.55584599989379,5.023337999773503,,100.0,0.06081400033508544,3936.5908363538547
crowded~p008,voronoi,1,0,planning_failed,False,False,3,699,1,B5,115.3757279976162,0.1650582660910103,6099.999999999984,141.8813760001285,42.99366253675506,366,1,0,1,12612.089126153753,12872.729069753179,377.53644122295333,1015.1888297257807,-24.414871498494506,20.0,kinematic,False,0,0.0,,,,crowded~perturbed,event,75,1,14.320200999918598,6.246680000003835,,500.0,0.06984599986026296,3936.5908363538547
crowded~p008,prm,1,0,planning_failed,False,False,3,354,1,B5,21.412143997167732,0.06048628247787495,4016.666666666658,35.382199000196124,113.52224508839582,241,0,0,0,7199.828639951982,6005.121914635703,378.26240369878843,1015.1888297257807,0.27659641799351675,20.0,kinematic,False,0,0.0,,,,crowded~perturbed,event,0,0,14.329614999951445,7.165702999827772,,100.0,0.029563999760284787,3936.5908363538547
crowded~p008,prm,1,0,planning_failed,False,False,3,360,1,B5,28.471976995660953,0.07908882498794709,4116.666666666657,42.93973299991194,95.8708026124685,247,0,0,0,7199.828639951982,7990.88826701566,377.75000485636247,1015.1888297257807,3.6957702249905253,20.0,kinematic,False,0,0.0,,,,crowded~perturbed,event,1,20,14.303237000149238,7.124895000288234,,500.0,0.05679900004906813,3936.5908363538547
crowded~p008,visibility,1,0,planning_failed,False,False,3,335,1,B5,160.6237820019487,0.47947397612522,2999.999999999994,173.3734499998718,17.303687502337944,180,1,2,3,3250.721041039793,3120.1141952602534,378.0537047462347,1015.1888297257807,-39.72031946624375,20.0,kinematic,False,0,0.0,,,,crowded~perturbed,event,21,77,13.078844999654393,7.130993000373564,,100.0,6.480523000391258,3936.5908363538547
crowded~p008,visibility,1,0,planning_failed,False,False,3,357,1,B5,194.97819300113406,0.5461574033645211,2999.999999999994,208.62527000008413,14.379849574305089,180,2,3,5,3250.721041039793,3061.3732755877745,377.76825217756306,1015.1888297257807,-39.72031946624375,20.0,kinematic,False,0,0.0,,,,crowded~perturbed,event,26,159,13.271239000005153,6.874217000131466,,500.0,6.468699999913952,3936.5908363538547
crowded~p009,voronoi,1,0,completed,True,False,3,549,0,,41.63062099178205,0.07582991073184345,4349.99999999999,61.79065999958766,70.39898910335346,261,0,0,0,13846.901114205684,9827.174452728546,59.072226357399565,59.616252225764214,1.666167123570773,20.0,kinematic,False,0,0.0,,,,crowded~perturbed,event,9,0,14.56209900061367,5.06643000016993,4349.99999999999,100.0,0.04692900029112934,4544.085531561463
crowded~p009,voronoi,1,0,completed,True,False,3,889,0,,110.41394099902391,0.12420015860407639,8550.000000000004,144.68183999997564,59.09518430233845,513,0,1,1,13846.901114205684,17530.917746510095,58.75515496381021,59.50559369302363,-102.98495286876023,20.0,kinematic,False,0,0.0,,,,crowded~perturbed,event,77,0,14.381181999851833,5.886495000140712,8550.000000000004,500.0,0.06129300027168938,4544.085531561463
crowded~p009,prm,1,0,completed,True,False,3,671,0,,77.23645599844531,0.1151064918009617,4399.99999999999,100.46043499960433,43.798337126624226,264,0,0,0,11214.486790136621,13341.865666979953,59.152851476407555,59.85300366224403,5.495807409852347,20.0,kinematic,False,0,0.0,,,,crowded~perturbed,event,6,38,21.54439000014463,7.437618000039947,4399.99999999999,100.0,0.05475799980558804,4544.085531561463
crowded~p009,prm,1,0,completed,True,False,3,760,0,,66.54847499703465,0.08756378289083507,4916.666666666654,93.01850600013495,52.856865564574015,295,0,0,0,11214.486790136621,17559.830870855767,59.36844218377565,59.75794101135829,37.8690687179413,20.0,kinematic,False,0,0.0,,,,crowded~perturbed,event,4,195,22.06521399966732,7.989858999735588,4916.666666666654,500.0,0.06544800044139265,4544.085531561463
crowded~p009,visibility,1,0,completed,True,False,3,547,0,,309.25363300411846,0.5653631316345858,3983.333333333324,329.0166040001168,12.10678514368202,239,0,3,3,4933.197690594702,4896.849325350918,59.65876739244718,59.98463501939552,-42.38438204466178,20.0,kinematic,False,0,0.0,,,,crowded~perturbed,event,39,69,21.368535999954474,7.610266000028787,3983.333333333324,100.0,7.005577999734669,4544.085531561463
crowded~p009,visibility,1,0,completed,True,False,3,466,0,,109.44997200340367,0.23487118455666023,3016.666666666661,125.45918000023448,24.045005448473542,181,1,2,3,4933.197690594702,4935.937195420169,59.35554913878398,59.75443179588815,-42.38438204466178,20.0,kinematic,False,0,0.0,,,,crowded~perturbed,event,10,232,21.460787000251003,7.420022000133031,3016.666666666661,500.0,0.08235099994635675,4544.085531561463
crowded~p010,voronoi,1,0,completed,True,False,3,913,0,,53.950744994835986,0.05909172507649067,7783.333333333311,87.71099600016896,88.73839869881671,467,0,0,0,22679.277824602614,17931.84687336594,58.479704961165716,58.67600732800252,0.057102427988581894,20.0,kinematic,False,0,0.0,,,,crowded~perturbed,event,2,0,14.234982999823842,4.837116000089736,7783.333333333311,100.0,0.05223500011197757,3876.302185369622
crowded~p010,voronoi,1,0,completed,True,False,3,1285,0,,509.7000669870795,0.3966537486280774,9483.333333333385,556.7507900000237,17.033354067325135,569,0,0,0,22679.277824602614,30679.54819705397,58.576136507659164,59.209877060651756,2.729826981646255,20.0,kinematic,False,0,0.0,,,,crowded~perturbed,event,228,41,14.351753000028111,5.6617199998072465,9483.333333333385,500.0,4.718449999927543,3876.302185369622
crowded~p010,prm,1,0,completed,True,False,3,465,0,,46.026371998777904,0.09898144515866215,3033.3333333333276,61.96524999995745,48.9521680834889,182,0,0,0,12162.19344659128,8528.627111912736,58.949360801273826,59.614341463444696,1.3149385824073931,20.0,kinematic,False,0,0.0,,,,crowded~perturbed,event,2,41,21.38137900010406,7.331281999995554,3033.3333333333276,100.0,0.060742000187019585,3876.302185369622
crowded~p010,prm,1,0,completed,True,False,3,523,0,,76.96734600222044,0.14716509751858592,4299.99999999999,96.26648699986617,44.667673392984284,258,0,0,0,12162.19344659128,11794.75584197579,59.80851133918829,59.98722748408489,2.006278291127103,20.0,kinematic,False,0,0.0,,,,crowded~perturbed,event,5,151,20.520339000086096,15.282581000064965,4299.99999999999,500.0,0.06471000006058603,3876.302185369622
crowded~p010,visibility,1,0,completed,True,False,3,527,0,,255.78009899618337,0.48535123149180903,3683.3333333333253,274.5915829996193,13.41386102624432,221,0,4,4,4829.7822257720345,4440.331852982417,59.41006502402464,59.94583171748183,-42.394093885664546,20.0,kinematic,False,0,0.0,,,,crowded~perturbed,event,31,76,22.165465999933076,11.228924000079132,3683.3333333333253,100.0,6.662654000137991,3876.302185369622
crowded~p010,visibility,1,0,completed,True,False,3,506,0,,50.36651599630204,0.09953856916265226,3399.9999999999927,68.18299599990496,49.86580525157228,204,0,4,4,4829.7822257720345,4368.405710807164,59.260583519617796,59.78166547478361,-42.394093885664546,20.0,kinematic,False,0,0.0,,,,crowded~perturbed,event,2,134,21.20044200000848,7.140964999962307,3399.9999999999927,500.0,0.058786999943549745,3876.302185369622
crowded~p011,voronoi,1,0,timed_out,False,True,3,2220,0,,1511.7472220117634,0.6809672171224159,30000.0,1617.8166750000855,18.543510190979095,1801,0,2,2,23063.991390821007,24409.264587566493,74.97931399335765,106.95533064114152,-2.059069364562731,20.0,kinematic,False,0,0.0,,,,crowded~perturbed,event,300,0,14.55552000015814,9.194048999688675,,100.0,4.794395000317309,4105.886433137086
crowded~p011,voronoi,1,0,timed_out,False,True,3,2639,0,,588.1239800087315,0.22285865100747687,30000.0,700.6912289998581,42.814864462940314,1801,0,325,325,23063.991390821007,35193.87329651825,56.042356387940465,86.17387973949026,-2.0658454357966605,20.0,kinematic,False,0,0.0,,,,crowded~perturbed,event,461,54,14.157955999507976,5.411649000052421,,500.0,0.0812700000096811,4105.886433137086
crowded~p011,prm,1,0,planning_failed,False,False,3,430,1,B5,59.6959889990103,0.1388278813930472,4049.999999999991,76.01196599989635,53.28108471770765,243,0,0,0,6409.930623613207,6490.195085644553,388.4552905369769,1047.863063572717,0.3245016410250514,20.0,kinematic,False,0,0.0,,,,crowded~perturbed,event,5,21,14.588843999717938,7.445158999871637,,100.0,0.05297699999573524,4105.886433137086
crowded~p011,prm,1,0,planning_failed,False,False,3,395,1,B5,34.7152389981602,0.08788668100800051,3683.3333333333253,49.81356999996933,73.94236818071046,221,1,0,1,6409.930623613207,6003.516098906257,388.70543702307936,1047.863063572717,-166.37673999355854,20.0,kinematic,False,0,0.0,,,,crowded~perturbed,event,1,153,14.244400999814388,7.140960000015184,,500.0,0.06707000011374475,4105.886433137086
crowded~p011,visibility,1,0,planning_failed,False,False,3,450,1,B5,209.73782400733398,0.4660840533496311,3816.666666666658,226.5209090001008,16.84907006383662,229,2,2,4,3963.092606442525,3712.162197812427,388.45994155051307,1047.863063572717,-51.30792892096483,20.0,kinematic,False,0,0.0,,,,crowded~perturbed,event,28,81,13.073545999759517,7.29366099994877,,100.0,6.387440999787941,4105.886433137086
crowded~p011,visibility,1,0,planning_failed,False,False,3,450,1,B5,140.69944999937434,0.3126654444430541,3816.666666666658,161.60673200010933,23.61700295173394,229,2,2,4,3963.092606442525,3712.162197812427,388.45994155051307,1047.863063572717,-51.30792892096483,20.0,kinematic,False,0,0.0,,,,crowded~perturbed,event,17,128,13.200392000271677,6.954588000098738,,500.0,0.08307100006277324,4105.886433137086
crowded~p012,voronoi,1,0,completed,True,False,3,969,0,,56.04549501185829,0.0578384881443326,8816.666666666684,92.75131100002909,95.05705710902478,529,0,0,0,27306.08919402703,17680.564503481062,58.88342355436919,59.5688592504453,0.09798942833182878,20.0,kinematic,False,0,0.0,,,,crowded~perturbed,event,2,0,14.412844000162295,4.860150999775215,8816.666666666684,100.0,0.050148999889643164,4041.1479645112504
crowded~p012,voronoi,1,0,completed,True,False,3,1734,0,,467.3203900028966,0.26950426182404646,12250.00000000019,531.2813770001412,23.057461696040086,735,0,2,2,27306.08919402703,29995.143571765664,58.347024215944174,58.77920006037907,-68.15778981300986,20.0,kinematic,False,0,0.0,,,,crowded~perturbed,event,119,44,14.339008000661124,7.124598999780574,12250.00000000019,500.0,0.09885500003292691,4041.1479645112504
crowded~p012,prm,1,0,completed,True,False,3,664,0,,90.60970699511017,0.13646040210106955,4416.666666666656,113.57874799978163,38.88638274719447,265,0,0,0,11831.445238195809,12165.996408893401,59.37570461571372,59.943099020222014,4.693536711044771,20.0,kinematic,False,0,0.0,,,,crowded~perturbed,event,7,30,20.930957000473427,13.108800000281917,4416.666666666656,100.0,0.054772000112279784,4041.1479645112504
crowded~p012,prm,1,0,completed,True,False,3,693,0,,181.09947400125748,0.26132680231061683,3866.666666666658,204.39974400005667,18.917179596201382,232,0,1,1,11831.445238195809,17062.730029757888,59.07366283226023,59.77429465208481,-7.676063079373677,20.0,kinematic,False,0,0.0,,,,crowded~perturbed,event,3,217,21.330668999780755,29.99697900031606,3866.666666666658,500.0,0.0645229997644492,4041.1479645112504
crowded~p012,visibility,1,0,completed,True,False,3,609,0,,593.0413819928617,0.973795372730479,4049.999999999991,619.0188049999961,6.542612223226428,243,0,5,5,5086.187567059547,4944.253527073452,59.37552916279125,59.62242502243299,-70.83886302583767,20.0,kinematic,False,0,0.0,,,,crowded~perturbed,event,69,200,21.277790000112873,14.75287199991726,4049.999999999991,100.0,7.76367400021627,4041.1479645112504
crowded~p012,visibility,1,0,completed,True,False,3,604,0,,281.5743720034334,0.4661827351050222,3583.3333333333253,302.8108560001783,11.83356957760859,215,0,6,6,5086.187567059547,4920.207815668576,58.52823588017196,58.907051778426606,-65.54735576180974,20.0,kinematic,False,0,0.0,,,,crowded~perturbed,event,32,314,25.029019999692537,9.916655000324681,3583.3333333333253,500.0,6.772023999928933,4041.1479645112504
crowded~p013,voronoi,1,0,completed,True,False,3,921,0,,50.212875992656336,0.0545199522178679,7966.666666666643,84.94146699968042,93.7900762497617,478,0,0,0,23208.102387344145,17396.51109367245,59.64077498290425,59.784874819165964,0.3765554074455508,20.0,kinematic,False,0,0.0,,,,crowded~perturbed,event,1,0,14.488874000107899,4.963750999650074,7966.666666666643,100.0,0.05184400015423307,4055.0376003691017
crowded~p013,voronoi,1,0,completed,True,False,3,1258,0,,635.6386659899727,0.5052771589745411,8916.66666666669,682.1832420000646,13.070779400156894,535,0,0,0,23208.102387344145,26065.910250894427,58.6185492704895,58.79536775937235,10.214006707572139,20.0,kinematic,False,0,0.0,,,,crowded~perturbed,event,107,79,14.583131000108551,9.185315999729937,8916.66666666669,500.0,4.8349240000788996,4055.0376003691017
crowded~p013,prm,1,0,completed,True,False,3,698,0,,76.36142799856316,0.10940032664550596,4983.333333333321,101.0148699997444,49.332670856735554,299,0,0,0,11490.02385835259,13905.589587124592,59.69656573869944,59.74404114337956,0.3190658104397528,20.0,kinematic,False,0,0.0,,,,crowded~perturbed,event,5,28,21.932272000412922,11.989653999989969,4983.333333333321,100.0,0.0523419998899044,4055.0376003691017
crowded~p013,prm,1,0,completed,True,False,3,692,0,,68.5101799945187,0.09900315028109638,4983.333333333321,93.25435600021592,53.43807567897185,299,1,0,1,11490.02385835259,17353.525866099306,59.025305938353,59.59093126646151,-62.40318429065209,20.0,kinematic,False,0,0.0,,,,crowded~perturbed,event,4,209,21.692408000490104,7.455706000200735,4983.333333333321,500.0,0.07426100000884617,4055.0376003691017
crowded~p013,visibility,1,0,completed,True,False,3,652,0,,389.55351000367955,0.5974747085946005,4149.999999999991,412.88960600013525,10.051112790663545,249,0,5,5,5333.902077321544,5081.644964791341,59.200114716486304,59.969602638694575,-87.62912793351927,20.0,kinematic,False,0,0.0,,,,crowded~perturbed,event,52,204,21.147973999632086,10.406008000245492,4149.999999999991,100.0,6.576358000074833,4055.0376003691017
crowded~p013,visibility,1,0,completed,True,False,3,690,0,,154.70421799727774,0.22420901159025758,4949.999999999988,180.18999400010216,27.471003745064678,297,2,7,9,5333.902077321544,5367.735155545648,58.710301905876,59.36324646184255,-121.05310200623366,20.0,kinematic,False,0,0.0,,,,crowded~perturbed,event,15,463,23.913644000003842,9.861506999641279,4949.999999999988,500.0,0.08173200012606685,4055.0376003691017
crowded~p014,voronoi,1,0,completed,True,False,3,839,0,,47.56478000263087,0.05669222884699746,7883.33333333331,80.3467909995561,98.1163433568475,473,0,0,0,22516.7227179357,14969.323392591945,58.97023264908781,59.72004688122877,0.16797225184657805,20.0,kinematic,False,0,0.0,,,,crowded~perturbed,event,13,0,14.487241000551876,5.268526000236307,7883.33333333331,100.0,0.04518100013228832,4161.161187311811
crowded~p014,voronoi,1,0,completed,True,False,3,1401,0,,636.4101480012323,0.45425420985098663,9233.333333333372,687.171557000056,13.436722226459409,554,0,0,0,22516.7227179357,30329.70983185246,58.93167327707454,59.57866603462388,3.188159813978075,20.0,kinematic,False,0,0.0,,,,crowded~perturbed,event,178,61,14.412012999855506,9.432629000002635,9233.333333333372,500.0,4.771384999912698,4161.161187311811
crowded~p014,prm,1,0,completed,True,False,3,676,0,,68.25125800469323,0.10096339941522667,4283.333333333323,92.95050899982016,46.081870658089784,257,0,0,0,11546.313000297587,10834.02186323206,58.3194128556431,58.82101648482428,1.298507064923001,20.0,kinematic,False,0,0.0,,,,crowded~perturbed,event,4,35,21.268090999456035,8.256603999598155,4283.333333333323,100.0,0.05347600017557852,4161.161187311811
crowded~p014,prm,1,0,completed,True,False,3,614,0,,87.5189300090824,0.14253897395616025,4783.333333333322,110.36796700000195,43.339869921978696,287,0,0,0,11546.313000297587,16913.08885621095,59.33384510460536,59.953049510864304,0.3477257083079337,20.0,kinematic,False,0,0.0,,,,crowded~perturbed,event,3,94,21.008419999816397,24.41926900019098,4783.333333333322,500.0,0.05901199983782135,4161.161187311811
crowded~p014,visibility,1,0,completed,True,False,3,655,0,,433.5642080004618,0.6619300885503233,3899.999999999991,456.6932449997694,8.539648971602285,234,0,8,8,5397.618131793228,5357.459140037314,59.33590755380294,59.68935432859338,-60.45465768803517,20.0,kinematic,False,0,0.0,,,,crowded~perturbed,event,58,261,20.67356599991399,7.773542999984784,3899.999999999991,100.0,6.712868000249728,4161.161187311811
crowded~p014,visibility,1,0,completed,True,False,3,683,0,,223.04499099345776,0.32656660467563364,4166.666666666657,246.85083200029112,16.879289540582725,250,0,9,9,5397.618131793228,5611.615484369446,59.38896514146174,59.62468259802116,-50.9616739552319,20.0,kinematic,False,0,0.0,,,,crowded~perturbed,event,25,453,20.063860999925964,8.647243999803322,4166.666666666657,500.0,0.08810999997876934,4161.161187311811
crowded~p015,voronoi,1,0,completed,True,False,3,818,0,,62.09390500362133,0.07590941931983047,6783.333333333315,92.35253399992871,73.45042999403299,407,0,0,0,21370.50272757766,15117.398926383252,59.36733378334369,59.93117665013293,2.5715134158184014,20.0,kinematic,False,0,0.0,,,,crowded~perturbed,event,29,1,14.329751999866858,5.640362999656645,6783.333333333315,100.0,0.0534320001861488,3993.8982872550205
crowded~p015,voronoi,1,0,completed,True,False,3,1014,0,,237.91268999957538,0.23462789940786527,9216.666666666704,276.8067919996611,33.29638915318952,553,0,0,0,21370.50272757766,22059.69518834664,58.93298945957662,59.7050367483966,1.3768412005229322,20.0,kinematic,False,0,0.0,,,,crowded~perturbed,event,91,12,14.349717999721179,6.1783269998159085,9216.666666666704,500.0,0.06546899976456189,3993.8982872550205
crowded~p015,prm,1,0,completed,True,False,3,597,0,,70.56351400433414,0.11819684087828164,3883.3333333333244,90.97831700000825,42.684163231256214,233,0,0,0,10299.13481978672,11330.03158790355,58.92146571286933,59.04901744177305,2.728229383604713,20.0,kinematic,False,0,0.0,,,,crowded~perturbed,event,5,46,21.434566000607447,7.521765000092273,3883.3333333333244,100.0,0.05817299961563549,3993.8982872550205
crowded~p015,prm,1,0,completed,True,False,3,644,0,,120.49924599796213,0.1871106304316182,5783.3333333333185,145.06969900003241,39.865894623053066,347,0,0,0,10299.13481978672,14859.903107042543,58.414852814803886,59.12361353543823,0.05191360165852643,20.0,kinematic,False,0,0.0,,,,crowded~perturbed,event,12,179,21.168975999898976,7.250775000102294,5783.3333333333185,500.0,0.06670499988103984,3993.8982872550205
crowded~p015,visibility,1,0,completed,True,False,3,610,0,,259.2236330065134,0.4249567754205138,3633.3333333333253,279.9800140001025,12.97711676424159,218,0,3,3,5403.045006879804,5127.396292758469,59.34704968491378,59.620743213462994,-53.37711816933523,20.0,kinematic,False,0,0.0,,,,crowded~perturbed,event,35,101,18.48255799995968,6.8389890002436005,3633.3333333333253,100.0,6.312758999683865,3993.8982872550205
crowded~p015,visibility,1,0,completed,True,False,3,608,0,,214.11092899916184,0.35215613322230566,3566.666666666659,234.9298969998017,15.181833867103212,214,0,3,3,5403.045006879804,5277.508795936878,59.37768369793073,59.61467681916367,-52.9958794238013,20.0,kinematic,False,0,0.0,,,,crowded~perturbed,event,26,386,22.414327999740635,10.247882999919966,3566.666666666659,500.0,0.1108080000449263,3993.8982872550205
crowded~p016,voronoi,1,0,completed,True,False,3,680,0,,51.38534400430217,0.07556668235926789,4449.999999999989,77.89350799976091,57.12927963154064,267,0,0,0,16163.793883255745,10824.912654450789,59.64062450826157,59.67878615739843,0.8072235253322901,20.0,kinematic,False,0,0.0,,,,crowded~perturbed,event,32,1,14.366504000008717,4.932789000122284,4449.999999999989,100.0,0.05879899981664494,4290.028652002299
crowded~p016,voronoi,1,0,completed,True,False,3,801,0,,309.4616960015628,0.3863441897647476,4799.999999999988,337.71561000003203,14.21314223526574,288,0,1,1,16163.793883255745,15838.76369357606,59.56653198722412,59.92176918104406,-33.05368290789551,20.0,kinematic,False,0,0.0,,,,crowded~perturbed,event,125,33,14.323632000468933,5.323335999946721,4799.999999999988,500.0,4.695331000220904,4290.028652002299
crowded~p016,prm,1,0,completed,True,False,3,521,0,,46.8026109983839,0.0898322667915238,3799.9999999999914,65.29544500017437,58.19701512088391,228,0,0,0,11366.976942396337,9156.773539119935,58.50124651743303,58.82162689707327,1.2242553455180598,20.0,kinematic,False,0,0.0,,,,crowded~perturbed,event,2,6,22.17088299948955,7.514156999604893,3799.9999999999914,100.0,0.03216899995095446,4290.028652002299
crowded~p016,prm,1,0,completed,True,False,3,677,0,,79.29157300713996,0.11712196899134411,4433.333333333323,102.94315100009044,43.06584061458764,266,0,0,0,11366.976942396337,15595.362341316173,59.660467334075804,59.807364363475315,1.6308537639029055,20.0,kinematic,False,0,0.0,,,,crowded~perturbed,event,5,255,21.359121999921626,11.866427999848383,4433.333333333323,500.0,0.07228399999803514,4290.028652002299
crowded~p016,visibility,1,0,completed,True,False,3,702,0,,616.7347810082902,0.8785395740858835,4149.999999999991,641.3505489999807,6.470720273757988,249,1,6,7,5469.28757495627,5344.151562810491,58.89746048319108,59.75185521605586,-122.96651448232578,20.0,kinematic,False,0,0.0,,,,crowded~perturbed,event,84,248,22.530941000241,11.07526899977529,4149.999999999991,100.0,6.776513000204432,4290.028652002299
crowded~p016,visibility,1,0,completed,True,False,3,717,0,,325.2351930036639,0.45360556904276694,5633.3333333333185,352.4273939997329,15.984379844597404,338,0,5,5,5469.28757495627,6606.5608635545705,58.869278072829424,59.25761046904464,-76.81736163422536,20.0,kinematic,False,0,0.0,,,,crowded~perturbed,event,39,337,22.679781000078947,9.217986999829009,5633.3333333333185,500.0,6.886291000228084,4290.028652002299
crowded~p017,voronoi,1,0,planning_failed,False,False,3,751,1,B5,39.8547839999992,0.05306895339547164,6899.999999999981,68.64643200015053,100.51505663083627,414,0,0,0,21092.63184839622,14653.350501999044,372.2088127887533,999.4551765837225,0.9829254458379069,20.0,kinematic,False,0,0.0,,,,crowded~perturbed,event,0,0,14.5377540006848,5.142973000147322,,100.0,0.04364300002634991,3893.398816497762
crowded~p017,voronoi,1,0,planning_failed,False,False,3,758,1,B5,196.11237100161816,0.2587234445931638,6399.999999999983,225.1680189997387,28.423219373828616,384,0,0,0,21092.63184839622,16186.42435022361,372.4034779655283,999.4551765837225,8.518440906041974,20.0,kinematic,False,0,0.0,,,,crowded~perturbed,event,46,19,14.423804000216478,7.912055999895529,,500.0,0.08648899984109448,3893.398816497762
crowded~p017,prm,1,0,planning_failed,False,False,3,507,1,B5,45.774368998536374,0.09028475147640311,4516.666666666656,64.3920719999187,70.1432105907752,271,0,0,0,9089.448920604686,9213.58015492031,372.3312996312647,999.4551765837225,9.436822929962318,20.0,kinematic,False,0,0.0,,,,crowded~perturbed,event,3,2,14.649435000592348,7.4359160003041325,,100.0,0.0372949998563854,3893.398816497762
crowded~p017,prm,1,0,planning_failed,False,False,3,453,1,B5,33.6305679970792,0.07423966445271346,3916.6666666666574,50.40423600030408,77.70510928174824,235,0,0,0,9089.448920604686,7054.28051589871,371.89928874492534,999.4551765837225,54.716269892717804,20.0,kinematic,False,0,0.0,,,,crowded~perturbed,event,1,77,14.228708000246115,7.187885000348615,,500.0,0.059467000028234906,3893.398816497762
crowded~p017,visibility,1,0,planning_failed,False,False,3,468,1,B5,319.25055199781127,0.6821592991406223,3899.999999999991,337.21598000011,11.565288216764575,234,2,2,4,4038.91533130032,3725.2907277494537,372.4295073586066,999.4551765837225,-67.2230724342397,20.0,kinematic,False,0,0.0,,,,crowded~perturbed,event,42,166,13.405966000391345,8.875687999989168,,100.0,6.853708000107872,3893.398816497762
crowded~p017,visibility,1,0,planning_failed,False,False,3,468,1,B5,199.00968499950977,0.4252343696570722,3899.999999999991,216.6870099999869,17.998310097131462,234,2,2,4,4038.91533130032,3725.2907277494537,372.4295073586066,999.4551765837225,-67.2230724342397,20.0,kinematic,False,0,0.0,,,,crowded~perturbed,event,25,225,13.069088000065676,7.2126059999391146,,500.0,6.4070449998325785,3893.398816497762
crowded~p018,voronoi,1,0,completed,True,False,3,929,0,,50.34817399246094,0.054196096870248595,6283.333333333317,83.35091300023123,75.38409727216649,377,0,1,1,23088.23643920146,18636.35397675645,59.1891856912643,59.3683797837563,-57.274759796901776,20.0,kinematic,False,0,0.0,,,,crowded~perturbed,event,19,1,14.542644999892218,4.908927000087715,6283.333333333317,100.0,0.05305400009092409,4397.736558396944
crowded~p018,voronoi,1,0,completed,True,False,3,1078,0,,340.14756500710064,0.31553577458914717,9166.666666666702,381.2026760001572,24.0467007284674,550,0,1,1,23088.23643920146,22320.807018754458,58.57874461332181,58.98517250857573,-33.635971574313004,20.0,kinematic,False,0,0.0,,,,crowded~perturbed,event,136,22,14.424789999793575,9.117602000060288,9166.666666666702,500.0,4.728486999738379,4397.736558396944
crowded~p018,prm,1,0,completed,True,False,3,692,0,,90.53292499993404,0.1308279263004827,4333.333333333323,116.70827899979486,37.129613858335965,260,0,0,0,11580.765768076892,11352.167822419811,59.2122796305104,59.833152586346536,1.2026097526956505,20.0,kinematic,False,0,0.0,,,,crowded~perturbed,event,6,33,22.102037999957247,16.32573200004117,4333.333333333323,100.0,0.05344200008039479,4397.736558396944
crowded~p018,prm,1,0,completed,True,False,3,709,0,,71.5340010106047,0.10089421863272877,4933.333333333321,96.92953500007206,50.896079645173714,296,0,0,0,11580.765768076892,17263.755425671065,58.21680194313095,58.48058412355653,1.3853140969560798,20.0,kinematic,False,0,0.0,,,,crowded~perturbed,event,5,177,21.382825000273442,7.331899999826419,4933.333333333321,500.0,0.08213399996748194,4397.736558396944
crowded~p018,visibility,1,0,completed,True,False,3,745,0,,516.5891720039326,0.693408284569037,5016.666666666654,543.566612000177,9.229166317273771,301,1,6,7,5523.484560677217,6311.270878782048,58.977454852296795,59.64018125419472,-68.78074576344947,20.0,kinematic,False,0,0.0,,,,crowded~perturbed,event,69,278,21.77759900041565,7.771520000005694,5016.666666666654,100.0,6.811233999997057,4397.736558396944
crowded~p018,visibility,1,0,completed,True,False,3,717,0,,423.68297399434596,0.5909107029209846,5166.666666666653,451.0941680000542,11.4536321530675,310,1,7,8,5523.484560677217,6482.899844141943,59.47998216523441,59.71273720105604,-57.81624252006263,20.0,kinematic,False,0,0.0,,,,crowded~perturbed,event,51,462,25.87439099988842,11.78295399995477,5166.666666666653,500.0,7.056575999740744,4397.736558396944
crowded~p019,voronoi,1,0,completed,True,False,3,889,0,,53.72165599646905,0.06042930933236114,7149.99999999998,86.48957999957929,82.66891803653989,429,0,0,0,27522.735616737482,18795.506486912527,59.069247983902365,59.633214253091055,0.7869195082284364,20.0,kinematic,False,0,0.0,,,,crowded~perturbed,event,21,0,14.462980999724095,5.007604999718751,7149.99999999998,100.0,0.049961000058829086,3979.5590391405913
crowded~p019,voronoi,1,0,completed,True,False,3,1161,0,,300.74135801260127,0.25903648407631463,10766.66666666678,345.7415329999094,31.140796343578433,646,0,0,0,27522.735616737482,24503.856333910895,59.38987584703195,59.44355036798282,0.04244754206595758,20.0,kinematic,False,0,0.0,,,,crowded~perturbed,event,98,14,14.612949000365916,5.402395000146498,10766.66666666678,500.0,0.07330700009333668,3979.5590391405913
crowded~p019,prm,1,0,completed,True,False,3,738,0,,80.02481500307113,0.10843470867624813,4766.666666666655,105.36819400022068,45.23819271930078,286,0,0,0,11891.188143642361,13307.72362876219,59.09401546409074,59.60774528897807,0.1870996677236576,20.0,kinematic,False,0,0.0,,,,crowded~perturbed,event,6,23,21.527551999952266,7.545022000158497,4766.666666666655,100.0,0.0467589998152107,3979.5590391405913
crowded~p019,prm,1,0,completed,True,False,3,743,0,,72.36203600314184,0.09739170390732414,5083.33333333332,98.09184200003074,51.822182453579856,305,0,0,0,11891.188143642361,16831.164822968596,59.12433046522148,59.95221787572421,1.0855942362328506,20.0,kinematic,False,0,0.0,,,,crowded~perturbed,event,4,178,21.656695999809017,7.3622189997877285,5083.33333333332,500.0,0.0656739998703415,3979.5590391405913
crowded~p019,visibility,1,0,completed,True,False,3,592,0,,377.88316099749863,0.6383161503336126,3683.3333333333253,398.77655300006154,9.236584512361631,221,0,3,3,5172.962550540182,4835.375969809451,58.86607678814578,59.683007185085636,-79.14859148688046,20.0,kinematic,False,0,0.0,,,,crowded~perturbed,event,49,128,19.831587999760814,9.555165999699966,3683.3333333333253,100.0,6.864806000066892,3979.5590391405913
crowded~p019,visibility,1,0,completed,True,False,3,594,0,,296.2085439985458,0.49866758248913434,3633.3333333333253,316.7648459998418,11.470128012043167,218,0,3,3,5172.962550540182,5351.806262815073,59.16235043407655,59.683007185085636,-79.14859148688046,20.0,kinematic,False,0,0.0,,,,crowded~perturbed,event,37,221,20.225899000251957,7.6370839997252915,3633.3333333333253,500.0,6.779078999898047,3979.5590391405913
snapshot_1787566435,voronoi,1,0,completed,True,False,3,491,0,,47.649363010805246,0.09704554584685386,3449.9999999999927,65.15519799995673,52.95049521608827,207,0,0,0,14135.051375600542,10574.418907226705,59.238343325510634,59.87995887415972,1.9783441292636041,20.0,kinematic,False,0,0.0,,,,snapshot_1787566435,event,15,0,13.456434999625344,4.509466999934375,3449.9999999999927,100.0,0.05756799964728998,7202.889586042515
snapshot_1787566435,voronoi,1,0,completed,True,False,3,623,0,,105.06384100972355,0.16864179937355303,4866.666666666655,127.76143600012801,38.091828168413656,292,0,0,0,14135.051375600542,14758.93098633287,58.988895190520076,59.96032697665586,5.937228974040352,20.0,kinematic,False,0,0.0,,,,snapshot_1787566435,event,64,6,13.42858999987584,5.057648000274639,4866.666666666655,500.0,0.06928399989192258,7202.889586042515
snapshot_1787566435,prm,1,0,completed,True,False,3,394,0,,69.03605900424736,0.17521842386864814,2466.666666666663,82.79155999980503,29.79369716759138,148,0,0,0,11164.864366004127,8434.95426249992,59.39999366633478,59.74727105902825,1.553456874402542,20.0,kinematic,False,0,0.0,,,,snapshot_1787566435,event,6,27,19.487920999836206,10.191892999955598,2466.666666666663,100.0,0.06853200011391891,7202.889586042515
snapshot_1787566435,prm,1,0,completed,True,False,3,417,0,,30.113011008324975,0.07221345565545557,2466.666666666663,44.191101000251365,55.818176303247846,148,1,0,1,11164.864366004127,8727.423750463156,58.54265440013187,59.244970268335535,-92.85404335545314,20.0,kinematic,False,0,0.0,,,,snapshot_1787566435,event,0,85,19.431124000220734,6.810193000092113,2466.666666666663,500.0,0.05957099983788794,7202.889586042515
snapshot_1787566435,visibility,1,0,completed,True,False,3,519,0,,401.0778279935039,0.7727896493131096,3299.999999999993,419.23972299991874,7.871391518881985,198,0,1,1,7313.070734352056,7130.123261753748,58.45407626467851,58.714270135600884,-5.335646430264006,20.0,kinematic,False,0,0.0,,,,snapshot_1787566435,event,38,2,30.098961000021518,11.732988999938243,3299.999999999993,100.0,9.353709000151866,7202.889586042515
snapshot_1787566435,visibility,1,0,completed,True,False,3,515,0,,379.6550120014217,0.737194198061013,3633.3333333333253,398.49527900014436,9.117632064424052,218,1,3,4,7313.070734352056,7178.412333253493,59.278864258220075,59.96346221471705,-33.933173978687876,20.0,kinematic,False,0,0.0,,,,snapshot_1787566435,event,35,151,29.835785999694053,10.847474000001966,3633.3333333333253,500.0,9.419271999831835,7202.889586042515
snapshot_1787566435~p000,voronoi,1,0,completed,True,False,3,478,0,,42.76529500111792,0.08946714435380318,3883.3333333333244,60.41633199993157,64.2762181149581,233,0,0,0,14369.677164005052,9918.15579717295,59.095518688518105,59.74493683936617,4.852410555757444,20.0,kinematic,False,0,0.0,,,,snapshot_1787566435~perturbed,event,3,0,13.765439000053448,4.624833999969269,3883.3333333333244,100.0,0.05186800035517081,7188.966223789417
snapshot_1787566435~p000,voronoi,1,0,completed,True,False,3,484,0,,99.35388499980036,0.20527662190041396,3333.333333333326,116.67514900000242,28.569351416326516,200,0,0,0,14369.677164005052,11416.9407482727,49.78758967708558,59.01329346968976,1.796614860505116,20.0,kinematic,False,0,0.0,,,,snapshot_1787566435~perturbed,event,79,4,13.453976999244333,9.081193999918469,3333.333333333326,500.0,0.07822199995644041,7188.966223789417
snapshot_1787566435~p000,prm,1,0,completed,True,False,3,437,0,,35.961602009138005,0.08229199544425173,3116.6666666666606,51.25427100028901,60.80794060360524,187,0,0,0,11020.996570642626,10226.719138694156,58.728152071675034,59.621569912182096,0.7534009699952549,20.0,kinematic,False,0,0.0,,,,snapshot_1787566435~perturbed,event,1,27,19.846511000196188,6.674397000097088,3116.6666666666606,100.0,0.05447000012281933,7188.966223789417
snapshot_1787566435~p000,prm,1,0,completed,True,False,3,396,0,,35.276923001219984,0.08908313889196966,2433.3333333333294,48.987437000050704,49.67259939177489,146,1,0,1,11020.996570642626,8372.134060647622,59.297460752549625,59.83938021369248,-42.57927964096518,20.0,kinematic,False,0,0.0,,,,snapshot_1787566435~perturbed,event,0,83,25.249552999866864,12.177206000160368,2433.3333333333294,500.0,0.061160999848652864,7188.966223789417
snapshot_1787566435~p000,visibility,1,0,completed,True,False,3,616,0,,656.025093000153,1.0649758003249237,3616.666666666659,681.3376599998264,5.308185469547625,217,1,2,3,7312.391495559888,7693.737552989731,59.32143403159128,59.96579965795169,-86.753498293164,20.0,kinematic,False,0,0.0,,,,snapshot_1787566435~perturbed,event,62,88,30.342921999817918,15.133501000036631,3616.666666666659,100.0,9.443930000088585,7188.966223789417
snapshot_1787566435~p000,visibility,1,0,completed,True,False,3,554,0,,364.00264100439017,0.6570444783472746,3466.6666666666592,383.6060319999888,9.037049413932992,208,0,3,3,7312.391495559888,7612.332853528298,59.174861893370625,59.72527153928442,-61.62597643318452,20.0,kinematic,False,0,0.0,,,,snapshot_1787566435~perturbed,event,32,169,30.389047000426217,15.387817000373616,3466.6666666666592,500.0,9.506345999852783,7188.966223789417
snapshot_1787566435~p001,voronoi,1,0,completed,True,False,3,380,0,,27.800802001820557,0.07316000526794883,2433.3333333333294,41.209364000224014,59.04806813616686,146,0,0,0,12018.095999506579,7707.055024093187,59.623785117892815,59.83791918103521,3.153690982828607,20.0,kinematic,False,0,0.0,,,,snapshot_1787566435~perturbed,event,15,0,13.546510000196577,4.626245000054041,2433.3333333333294,100.0,0.05479199990077177,6972.244684394756
snapshot_1787566435~p001,voronoi,1,0,completed,True,False,3,791,0,,197.75228399748812,0.2500028874810216,6166.66666666665,228.3977520000917,26.999681970005437,370,0,0,0,12018.095999506579,18340.499134449925,58.797623347083764,59.89259133779197,1.7404391986867154,20.0,kinematic,False,0,0.0,,,,snapshot_1787566435~perturbed,event,117,2,13.68991399931474,5.128348000198457,6166.66666666665,500.0,0.10119100033989525,6972.244684394756
snapshot_1787566435~p001,prm,1,0,completed,True,False,3,463,0,,35.18272899236763,0.07598861553427133,3033.3333333333276,50.930114000038884,59.55873833958062,182,0,0,0,11200.211789545412,10203.351220790297,58.354564933945596,58.624019023374075,0.5590284036207152,20.0,kinematic,False,0,0.0,,,,snapshot_1787566435~perturbed,event,1,0,19.908587999907468,6.939085999874806,3033.3333333333276,100.0,0.026656000045477413,6972.244684394756
snapshot_1787566435~p001,prm,1,0,completed,True,False,3,433,0,,31.333945997630508,0.07236477135711433,2516.6666666666624,45.74516299999232,55.01492401867898,151,1,0,1,11200.211789545412,9050.824799188718,58.63571137251635,59.26541606702531,-131.54094250653566,20.0,kinematic,False,0,0.0,,,,snapshot_1787566435~perturbed,event,0,93,19.75814499974149,6.678835999991861,2516.6666666666624,500.0,0.05921000001762877,6972.244684394756
snapshot_1787566435~p001,visibility,1,0,completed,True,False,3,525,0,,348.1247170052484,0.663094699057616,3749.9999999999914,367.1274100001938,10.214437543625555,225,0,3,3,7253.846605092749,7019.580980214419,58.818492343630034,59.449690737339466,-67.45379850726118,20.0,kinematic,False,0,0.0,,,,snapshot_1787566435~perturbed,event,34,56,28.97367099967596,10.000282999953924,3749.9999999999914,100.0,8.927577000122255,6972.244684394756
snapshot_1787566435~p001,visibility,1,0,completed,True,False,3,594,0,,461.76698100362046,0.7773854899050849,4133.333333333324,483.4138390001499,8.550299970481486,248,1,2,3,7253.846605092749,7081.612049676809,59.01363278883215,59.83486926221652,-81.71961555878492,20.0,kinematic,False,0,0.0,,,,snapshot_1787566435~perturbed,event,45,205,33.446229999753996,14.105014000051597,4133.333333333324,500.0,8.891753999705543,6972.244684394756
snapshot_1787566435~p002,voronoi,1,0,completed,True,False,3,490,0,,29.83060099177237,0.06087877753422933,3016.666666666661,46.52867400000105,64.83457204618797,181,0,0,0,14465.877697806933,9308.246946927324,58.882047286950844,59.31568773520485,1.050482617609788,20.0,kinematic,False,0,0.0,,,,snapshot_1787566435~perturbed,event,13,0,13.646577000145044,4.652516000078322,3016.666666666661,100.0,0.05965099990135059,7150.053916998136
snapshot_1787566435~p002,voronoi,1,0,completed,True,False,3,497,0,,48.9311010082929,0.09845291953378853,4116.666666666657,67.50823699985631,60.98021292831894,247,0,0,0,14465.877697806933,9005.451514404294,58.52412290721329,59.034182971842895,1.4142661884679057,20.0,kinematic,False,0,0.0,,,,snapshot_1787566435~perturbed,event,38,0,13.56937300079153,4.851302999668405,4116.666666666657,500.0,0.062042000081419246,7150.053916998136
snapshot_1787566435~p002,prm,1,0,completed,True,False,3,446,0,,95.81117299831021,0.21482325784374487,3749.9999999999914,112.29225299985046,33.39500187964868,225,0,0,0,10574.6918767223,8378.188774254493,59.34879875046854,59.9034689821588,0.49711524060268175,20.0,kinematic,False,0,0.0,,,,snapshot_1787566435~perturbed,event,10,21,20.369728000332543,7.841192999876512,3749.9999999999914,100.0,0.06294200011325302,7150.053916998136
snapshot_1787566435~p002,prm,1,0,completed,True,False,3,493,0,,44.17798699250852,0.08961052128297875,3666.6666666666583,61.80500700020275,59.32636924795801,220,0,1,1,10574.6918767223,15984.374090269162,59.288904355202156,59.778705571332125,-21.780524860567937,20.0,kinematic,False,0,0.0,,,,snapshot_1787566435~perturbed,event,3,84,19.48837799955072,6.618077999974048,3666.6666666666583,500.0,0.06004100032441784,7150.053916998136
snapshot_1787566435~p002,visibility,1,0,completed,True,False,3,548,0,,693.1029869970189,1.2647864726222973,3483.3333333333258,713.5304500002349,4.881828565735603,209,1,3,4,7254.447149385145,7055.931100020229,59.42908524282249,59.84888836452775,-133.56608971011866,20.0,kinematic,False,0,0.0,,,,snapshot_1787566435~perturbed,event,69,71,30.88013399974443,13.532765999570984,3483.3333333333258,100.0,9.35658299977149,7150.053916998136
snapshot_1787566435~p002,visibility,1,0,completed,True,False,3,549,0,,473.1724839984963,0.8618806630209405,3499.9999999999923,492.57795299990903,7.105474328853363,210,1,3,4,7254.447149385145,7080.106765551096,59.39877346757614,59.84888836452775,-160.1891898763812,20.0,kinematic,False,0,0.0,,,,snapshot_1787566435~perturbed,event,46,178,29.374417000326503,10.00779900005,3499.9999999999923,500.0,9.234198000285687,7150.053916998136
snapshot_1787566435~p003,voronoi,1,0,completed,True,False,3,452,0,,32.24572100180012,0.07134009071194716,2999.999999999994,49.80736900006377,60.232051205036605,180,0,0,0,13292.892398206332,9435.302487377923,58.6412141919316,59.4816742668016,0.07295547397271207,20.0,kinematic,False,0,0.0,,,,snapshot_1787566435~perturbed,event,13,0,14.546542999596568,4.94305499978509,2999.999999999994,100.0,0.05724199991163914,7333.22276247976
snapshot_1787566435~p003,voronoi,1,0,completed,True,False,3,524,0,,83.71554400400782,0.15976248855726685,3366.6666666666597,102.17451000016808,32.950162096800085,202,0,0,0,13292.892398206332,11920.08546808924,58.66037197153626,59.27605207417647,14.555861708217492,20.0,kinematic,False,0,0.0,,,,snapshot_1787566435~perturbed,event,85,1,13.683474000117712,4.766567000388022,3366.6666666666597,500.0,0.06857600010334863,7333.22276247976
snapshot_1787566435~p003,prm,1,0,completed,True,False,3,447,0,,36.12511900064419,0.08081682103052391,3016.666666666661,51.74309900030494,58.30085025732384,181,0,0,0,11084.322826920616,10178.50963932901,58.61253559907408,58.83434380449399,3.056202984235995,20.0,kinematic,False,0,0.0,,,,snapshot_1787566435~perturbed,event,1,28,19.538437999926828,6.969873000343796,3016.666666666661,100.0,0.05464900004881201,7333.22276247976
snapshot_1787566435~p003,prm,1,0,completed,True,False,3,407,0,,29.72623499817928,0.07303743242795892,2533.3333333333294,43.62874299977193,58.06569612483615,152,1,0,1,11084.322826920616,8385.72968125844,58.83957328086933,58.97219306592321,-81.19649316859189,20.0,kinematic,False,0,0.0,,,,snapshot_1787566435~perturbed,event,0,76,19.65296500020486,6.638797000050545,2533.3333333333294,500.0,0.05859600014446187,7333.22276247976
snapshot_1787566435~p003,visibility,1,0,completed,True,False,3,534,0,,283.76737599910484,0.5313995805226682,3266.66666666666,302.5943669999833,10.795530330103071,196,1,2,3,7505.914368188667,7291.947539012471,58.83703432971502,59.17946775949644,-126.13475898473908,20.0,kinematic,False,0,0.0,,,,snapshot_1787566435~perturbed,event,27,64,29.019069999776548,10.565097999915452,3266.66666666666,100.0,8.51970399980928,7333.22276247976
snapshot_1787566435~p003,visibility,1,0,completed,True,False,3,515,0,,269.7775089964125,0.5238398232940049,3266.66666666666,287.6558650000334,11.356162220666981,196,0,1,1,7505.914368188667,7566.872737273699,58.82959917506298,59.19542234258589,-0.636474344674042,20.0,kinematic,False,0,0.0,,,,snapshot_1787566435~perturbed,event,26,106,28.59284700025455,9.753356000146596,3266.66666666666,500.0,8.55591400022604,7333.22276247976
snapshot_1787566435~p004,voronoi,1,0,completed,True,False,3,364,0,,25.234942003407923,0.06932676374562616,2283.3333333333303,37.904817999788065,60.23860432059315,137,0,0,0,15545.709390524316,7417.518166394561,58.8579373574047,59.7845410920104,2.37099163288849,20.0,kinematic,False,0,0.0,,,,snapshot_1787566435~perturbed,event,20,0,13.537254999846482,4.580010000154289,2283.3333333333303,100.0,0.05106000025989488,7093.100614829906
snapshot_1787566435~p004,voronoi,1,0,completed,True,False,3,488,0,,63.95050999662999,0.13104612704227456,3283.3333333333267,81.36376299989934,40.35375469712959,197,0,2,2,15545.709390524316,9338.822028595208,58.98969636135942,59.191508236410954,-61.815778103346574,20.0,kinematic,False,0,0.0,,,,snapshot_1787566435~perturbed,event,83,1,13.496322000264627,4.942598000070575,3283.3333333333267,500.0,0.06275899977481458,7093.100614829906
snapshot_1787566435~p004,prm,1,0,completed,True,False,3,395,0,,27.165176998096285,0.06877259999518047,2666.666666666662,40.74394999997821,65.44938982764528,160,0,0,0,9741.381945989175,8304.465479276923,59.16014355647451,59.49455390921423,2.3985776425759866,20.0,kinematic,False,0,0.0,,,,snapshot_1787566435~perturbed,event,0,12,19.644963999780884,6.801993999943079,2666.666666666662,100.0,0.03544299988789135,7093.100614829906
snapshot_1787566435~p004,prm,1,0,completed,True,False,3,454,0,,32.678702994871855,0.07197952201513624,2983.3333333333276,52.590003999739565,56.72814425623739,179,0,0,0,9741.381945989175,9018.1120673191,58.690584376500304,59.38852585655914,3.4642618785339323,20.0,kinematic,False,0,0.0,,,,snapshot_1787566435~perturbed,event,0,110,19.90226599991729,7.081200999891735,2983.3333333333276,500.0,0.06190799967953353,7093.100614829906
snapshot_1787566435~p004,visibility,1,0,completed,True,False,3,465,0,,296.50593199812647,0.6376471655873688,3383.333333333326,313.2275209995896,10.801520002253438,203,0,1,1,7118.020380767082,6938.133031176594,58.8199209830694,59.47372811096012,-6.822261683495867,20.0,kinematic,False,0,0.0,,,,snapshot_1787566435~perturbed,event,28,11,29.22755000008692,11.19760999972641,3383.333333333326,100.0,9.004258999993908,7093.100614829906
snapshot_1787566435~p004,visibility,1,0,completed,True,False,3,511,0,,348.7466439942182,0.68247875537029,3383.333333333326,367.70625799999834,9.201185075651722,203,0,3,3,7118.020380767082,7417.762697752074,58.720282925477015,59.17481393818296,-51.73850648543399,20.0,kinematic,False,0,0.0,,,,snapshot_1787566435~perturbed,event,34,102,28.958596999927977,9.99765100004879,3383.333333333326,500.0,8.961492000253202,7093.100614829906
snapshot_1787566435~p005,voronoi,1,0,completed,True,False,3,415,0,,31.352042000435176,0.07554708915767512,2516.6666666666624,45.448830999703205,55.37362812880923,151,0,0,0,13497.299203097034,8991.374957767373,58.91681538889666,59.69500991918578,4.028513148902277,20.0,kinematic,False,0,0.0,,,,snapshot_1787566435~perturbed,event,11,0,13.590418999683607,4.609243999766477,2516.6666666666624,100.0,0.05340000006981427,7513.811231718645
snapshot_1787566435~p005,voronoi,1,0,completed,True,False,3,505,0,,68.91907799399632,0.13647342177028976,3783.333333333325,87.89259100012714,43.04496306551996,227,0,0,0,13497.299203097034,11293.896073762022,58.300403511624474,58.49655742324855,2.310625279996856,20.0,kinematic,False,0,0.0,,,,snapshot_1787566435~perturbed,event,48,1,13.343244999759918,4.886775999693782,3783.333333333325,500.0,0.06946999974388746,7513.811231718645
snapshot_1787566435~p005,prm,1,0,completed,True,False,3,390,0,,41.62715299480624,0.10673628973027241,2583.333333333329,55.23451800036128,46.770270237832655,155,0,0,0,10403.700475234256,8370.275647994473,59.31435620972508,59.780106555774985,0.5005667159094571,20.0,kinematic,False,0,0.0,,,,snapshot_1787566435~perturbed,event,2,34,19.754219999867928,6.716768999922351,2583.333333333329,100.0,0.06426199979614466,7513.811231718645
snapshot_1787566435~p005,prm,1,0,completed,True,False,3,469,0,,48.39387299489317,0.10318523026629674,3749.9999999999914,65.37735899973995,57.35930691257974,225,0,0,0,10403.700475234256,13516.31382618087,58.43351231518983,58.66572543894379,0.5005667159094571,20.0,kinematic,False,0,0.0,,,,snapshot_1787566435~perturbed,event,3,37,20.057420000284765,9.830341999986558,3749.9999999999914,500.0,0.05902900011278689,7513.811231718645
snapshot_1787566435~p005,visibility,1,0,completed,True,False,3,518,0,,456.1805510020349,0.8806574343668627,3299.999999999993,474.91971900035423,6.948542812553824,198,0,2,2,7601.3694763938565,7620.119707606595,58.79816600093841,59.857350066467596,-8.967004374040812,20.0,kinematic,False,0,0.0,,,,snapshot_1787566435~perturbed,event,43,14,30.30878900017342,13.717622000058327,3299.999999999993,100.0,9.452589999909833,7513.811231718645
snapshot_1787566435~p005,visibility,1,0,completed,True,False,3,518,0,,235.81974300623187,0.45525046912399975,3299.999999999993,253.70840100003988,13.007058445807928,198,1,0,1,7601.3694763938565,7524.020241597314,59.11689369627723,59.857350066467596,-171.83364832739957,20.0,kinematic,False,0,0.0,,,,snapshot_1787566435~perturbed,event,20,150,29.672717000266857,9.946885999852384,3299.999999999993,500.0,0.09352999995826394,7513.811231718645
snapshot_1787566435~p006,voronoi,1,0,completed,True,False,3,367,0,,65.06689500065477,0.1772939918273972,2183.3333333333303,77.48749700022017,28.176588712461914,131,0,0,0,12812.399164505958,8348.678304786767,58.92731395647355,59.495600404237514,2.419176717565591,20.0,kinematic,False,0,0.0,,,,snapshot_1787566435~perturbed,event,13,5,14.13542999944184,5.21139599959497,2183.3333333333303,100.0,0.06236200033526984,7312.702685890687
snapshot_1787566435~p006,voronoi,1,0,completed,True,False,3,636,0,,82.28727799360058,0.12938251256855438,4683.333333333322,105.25977899987993,44.49309487281618,281,0,1,1,12812.399164505958,13757.505370943347,58.892399272523086,59.84737682566677,-26.416488544080835,20.0,kinematic,False,0,0.0,,,,snapshot_1787566435~perturbed,event,124,0,13.390943999638694,4.810274000192294,4683.333333333322,500.0,0.062368999806494685,7312.702685890687
snapshot_1787566435~p006,prm,1,0,completed,True,False,3,372,0,,39.822527000069385,0.10704980376362738,2566.6666666666624,52.65330800011725,48.746541559382116,154,0,0,0,10176.74873991122,8170.274413647305,58.963637909881726,59.02630768839104,1.4332559993643486,20.0,kinematic,False,0,0.0,,,,snapshot_1787566435~perturbed,event,2,13,19.671635999657155,6.718631999774516,2566.6666666666624,100.0,0.05176900003789342,7312.702685890687
snapshot_1787566435~p006,prm,1,0,completed,True,False,3,520,0,,34.377682998183445,0.06611092884266047,5066.666666666654,54.39131599996472,93.15212499491538,304,0,0,0,10176.74873991122,18187.069969765544,58.94117212274821,59.497823402802084,0.11200561282086596,20.0,kinematic,False,0,0.0,,,,snapshot_1787566435~perturbed,event,1,23,19.86230099964814,6.852627000171196,5066.666666666654,500.0,0.051451000217639375,7312.702685890687
snapshot_1787566435~p006,visibility,1,0,completed,True,False,3,559,0,,717.7678360039863,1.2840211735312814,3433.333333333326,737.4681870001041,4.655568055483919,206,1,2,3,7375.785336096294,7340.493253225493,58.66565448060867,59.34196387837724,-160.0966182495429,20.0,kinematic,False,0,0.0,,,,snapshot_1787566435~perturbed,event,74,72,29.382895000253484,9.85311600015848,3433.333333333326,100.0,9.203081000123348,7312.702685890687
snapshot_1787566435~p006,visibility,1,0,completed,True,False,3,511,0,,335.66356800020003,0.6568758669279844,3433.333333333326,353.5199049997573,9.711852953048524,206,1,2,3,7375.785336096294,7302.647693173093,59.02174734531798,59.39584310534214,-17.61827337839577,20.0,kinematic,False,0,0.0,,,,snapshot_1787566435~perturbed,event,31,141,29.278143999817985,10.011414000018704,3433.333333333326,500.0,9.31883100020059,7312.702685890687
snapshot_1787566435~p007,voronoi,1,0,completed,True,False,3,567,0,,43.417821008006285,0.07657464022576065,3933.3333333333244,66.31735300015862,59.31077094292223,236,0,0,0,12581.886876737592,10656.328110830049,59.14736803696181,59.72586319528097,1.1759993483028381,20.0,kinematic,False,0,0.0,,,,snapshot_1787566435~perturbed,event,19,0,14.01645100031601,4.836479000005056,3933.3333333333244,100.0,0.06177199975354597,7286.695646999251
snapshot_1787566435~p007,voronoi,1,0,completed,True,False,3,548,0,,115.93208099384356,0.21155489232453203,3483.3333333333258,135.11800500009485,25.779934608499293,209,0,0,0,12581.886876737592,10957.478415115054,58.894709267344716,59.30649665199882,0.8764545514600854,20.0,kinematic,False,0,0.0,,,,snapshot_1787566435~perturbed,event,60,10,13.491921000422735,5.327387000306771,3483.3333333333258,500.0,0.07177899988164427,7286.695646999251
snapshot_1787566435~p007,prm,1,0,completed,True,False,3,450,0,,38.83991200063974,0.0863109155569772,2916.666666666661,57.684167999923375,50.562689344336825,175,0,0,0,11117.846672117272,9827.316559707388,59.52860106035223,59.80891048930737,0.5430978881263115,20.0,kinematic,False,0,0.0,,,,snapshot_1787566435~perturbed,event,1,0,20.736596999995527,8.032927000385826,2916.666666666661,100.0,0.03956099999413709,7286.695646999251
snapshot_1787566435~p007,prm,1,0,completed,True,False,3,425,0,,31.704149006600346,0.07459799766258905,2499.999999999996,46.23282200009271,54.074138065701085,150,1,1,2,11117.846672117272,8857.912858469746,59.28244084438088,59.76097997658979,-38.121367163048205,20.0,kinematic,False,0,0.0,,,,snapshot_1787566435~perturbed,event,0,86,20.134919000156515,6.770583000161423,2499.999999999996,500.0,0.06267699973250274,7286.695646999251
snapshot_1787566435~p007,visibility,1,0,completed,True,False,3,515,0,,423.978567994709,0.8232593553295321,3333.333333333326,442.0661819999623,7.540349090384866,200,0,4,4,7380.063306057028,7187.129228678354,58.87452043731337,59.27579351005374,-12.840447626569613,20.0,kinematic,False,0,0.0,,,,snapshot_1787566435~perturbed,event,40,17,31.009298999379098,10.371007999765425,3333.333333333326,100.0,9.424603000297793,7286.695646999251
snapshot_1787566435~p007,visibility,1,0,completed,True,False,3,544,0,,576.3133230020685,1.0593994908126259,3666.6666666666583,596.9841450000786,6.14198332966812,220,0,4,4,7380.063306057028,7287.595083871897,58.454258480150166,58.73423864598169,-38.37257451025886,20.0,kinematic,False,0,0.0,,,,snapshot_1787566435~perturbed,event,54,80,31.476548000227922,14.229511999928945,3666.6666666666583,500.0,9.500369999841496,7286.695646999251
snapshot_1787566435~p008,voronoi,1,0,completed,True,False,3,437,0,,40.971473999888985,0.09375623340935695,3083.333333333327,56.39307799992821,54.67574111378089,185,0,0,0,11159.035110877712,9493.714508336932,59.24388873166416,59.69734736755799,1.5278881536640085,20.0,kinematic,False,0,0.0,,,,snapshot_1787566435~perturbed,event,10,0,13.47761599936348,4.557108999961201,3083.333333333327,100.0,0.052585000048566144,7292.859551933972
snapshot_1787566435~p008,voronoi,1,0,completed,True,False,3,625,0,,115.82800399946791,0.18532480639914867,4616.666666666655,138.40172699974573,33.35700187234757,277,0,0,0,11159.035110877712,11194.838983620977,58.69022940169904,59.305902485673194,11.990940807157926,20.0,kinematic,False,0,0.0,,,,snapshot_1787566435~perturbed,event,117,3,13.569733000167616,5.1314749998709885,4616.666666666655,500.0,0.0718769997547497,7292.859551933972
snapshot_1787566435~p008,prm,1,0,completed,True,False,3,427,0,,43.31033100834247,0.10142934662375286,2916.666666666661,58.2189639999342,50.09822343575123,175,0,0,0,11183.515263989906,8782.927640775019,58.8448543440259,59.94484674223948,1.5835959035070744,20.0,kinematic,False,0,0.0,,,,snapshot_1787566435~perturbed,event,2,9,21.095129999594064,7.559878999927605,2916.666666666661,100.0,0.03953399982492556,7292.859551933972
snapshot_1787566435~p008,prm,1,0,completed,True,False,3,453,0,,37.00923800215605,0.08169809713500233,3349.999999999993,52.938240000003134,63.28128777986942,201,0,0,0,11183.515263989906,10507.479958232232,58.96444815586948,59.94484674223948,1.5835959035070744,20.0,kinematic,False,0,0.0,,,,snapshot_1787566435~perturbed,event,1,80,19.840429999931075,6.704992000322818,3349.999999999993,500.0,0.058631000229070196,7292.859551933972
snapshot_1787566435~p008,visibility,1,0,completed,True,False,3,468,0,,85.34352599463091,0.18235796152698913,2966.666666666661,101.32262699971761,29.279409293986518,178,0,2,2,7371.087410703041,7265.276139624898,58.82440638890032,59.252135559080976,-30.971621850532813,20.0,kinematic,False,0,0.0,,,,snapshot_1787566435~perturbed,event,5,24,29.764218000309484,10.256108000248787,2966.666666666661,100.0,0.05493099979503313,7292.859551933972
snapshot_1787566435~p008,visibility,1,0,completed,True,False,3,554,0,,82.53584899694033,0.148981676889784,3333.333333333326,101.61963000018659,32.80206130771393,200,0,2,2,7371.087410703041,7737.660806676335,59.25436025037655,59.991530636567134,-54.608598614899705,20.0,kinematic,False,0,0.0,,,,snapshot_1787566435~perturbed,event,4,147,29.51649999977235,9.909680999953707,3333.333333333326,500.0,0.06297799973253859,7292.859551933972
snapshot_1787566435~p009,voronoi,1,0,completed,True,False,3,369,0,,46.159530003023974,0.1250935772439674,2349.9999999999964,60.253960999943956,39.0015853066022,141,0,1,1,10913.329656094711,8181.122313574588,58.96895742092852,59.37287603149875,-13.595854839228991,20.0,kinematic,False,0,0.0,,,,snapshot_1787566435~perturbed,event,14,2,17.78647299943259,8.312052999826847,2349.9999999999964,100.0,0.07752700003038626,7199.680457160344
snapshot_1787566435~p009,voronoi,1,0,completed,True,False,3,590,0,,76.2681780015555,0.12926809830772118,4916.666666666654,98.4472889999779,49.942123512083285,295,0,0,0,10913.329656094711,11936.829291057802,58.962093242656046,59.57904248976526,1.5616483576160647,20.0,kinematic,False,0,0.0,,,,snapshot_1787566435~perturbed,event,59,1,13.487216999692464,4.811316000086663,4916.666666666654,500.0,0.06456899973272812,7199.680457160344
snapshot_1787566435~p009,prm,1,0,completed,True,False,3,371,0,,33.16237099988939,0.08938644474363718,2483.3333333333294,45.89592699994682,54.10792407213404,149,0,0,0,10329.632477649626,7981.640203038231,58.72378825910254,59.6560426075387,0.885360228075939,20.0,kinematic,False,0,0.0,,,,snapshot_1787566435~perturbed,event,1,13,19.929780000438768,6.747570000243286,2483.3333333333294,100.0,0.04570900000544498,7199.680457160344
snapshot_1787566435~p009,prm,1,0,completed,True,False,3,461,0,,59.212092002326244,0.12844271584018707,3899.999999999991,76.18918200023472,51.18836949828357,234,0,0,0,10329.632477649626,11711.891554988386,59.11543259458272,59.88509085608052,1.0697415886707233,20.0,kinematic,False,0,0.0,,,,snapshot_1787566435~perturbed,event,3,58,22.191901999576658,14.664278000054765,3899.999999999991,500.0,0.06053000015526777,7199.680457160344
snapshot_1787566435~p009,visibility,1,0,completed,True,False,3,524,0,,443.3976809991691,0.8461787805327654,3466.6666666666592,463.5587679999844,7.478375787440129,208,1,2,3,7305.937906814672,7126.520625945455,58.27793904927146,58.42435362363664,-103.40240890548785,20.0,kinematic,False,0,0.0,,,,snapshot_1787566435~perturbed,event,44,76,29.812617000516184,10.059849000299437,3466.6666666666592,100.0,9.078411000245978,7199.680457160344
snapshot_1787566435~p009,visibility,1,0,completed,True,False,3,506,0,,280.5190409962961,0.5543854565144192,3466.6666666666592,298.2380120001835,11.623825693501894,208,1,2,3,7305.937906814672,7208.502484332094,58.34041342860491,58.42787010201585,-25.566161019731737,20.0,kinematic,False,0,0.0,,,,snapshot_1787566435~perturbed,event,25,147,29.45352299957449,11.273710000295978,3466.6666666666592,500.0,9.13737900009437,7199.680457160344
snapshot_1787566435~p010,voronoi,1,0,completed,True,False,3,506,0,,30.060009997214365,0.05940713438184657,3683.3333333333253,48.064125000109925,76.63373323294456,221,0,0,0,12848.22077387642,9982.85419403793,59.0346875885717,59.166342066055364,0.9766339495182024,20.0,kinematic,False,0,0.0,,,,snapshot_1787566435~perturbed,event,12,0,13.546649999625515,4.568482999729895,3683.3333333333253,100.0,0.053016000038041966,7598.944789192129
snapshot_1787566435~p010,voronoi,1,0,completed,True,False,3,487,0,,77.0631870041143,0.15824063039859199,3049.999999999994,93.80632400007016,32.513799389449616,183,0,0,0,12848.22077387642,10501.928997195402,59.27418998413859,59.727342374739244,11.120020652220802,20.0,kinematic,False,0,0.0,,,,snapshot_1787566435~perturbed,event,71,2,13.538315000459988,4.764883000007103,3049.999999999994,500.0,0.06818999963797978,7598.944789192129
snapshot_1787566435~p010,prm,1,0,completed,True,False,3,438,0,,33.865118995436205,0.07731762327725161,3033.3333333333276,48.68946800024787,62.299578490319206,182,0,0,0,11142.474752118938,10247.19296398652,59.60452967992086,59.81181130811675,0.1553389975869095,20.0,kinematic,False,0,0.0,,,,snapshot_1787566435~perturbed,event,1,0,19.48703900052351,6.671846000244841,3033.3333333333276,100.0,0.026373999844508944,7598.944789192129
snapshot_1787566435~p010,prm,1,0,completed,True,False,3,397,0,,29.948114003218507,0.0754360554237242,2316.6666666666633,43.20702699988033,53.617821625937836,139,1,1,2,11142.474752118938,8694.483342046027,58.65416388876951,59.245278960051344,-71.27052549985811,20.0,kinematic,False,0,0.0,,,,snapshot_1787566435~perturbed,event,0,85,19.71748400001161,6.752730999778578,2316.6666666666633,500.0,0.061051999637129484,7598.944789192129
snapshot_1787566435~p010,visibility,1,0,completed,True,False,3,551,0,,444.5032010025898,0.8067208729629578,3483.3333333333258,463.8067610003418,7.510311677691906,209,1,4,5,7755.290035058402,7582.614915869835,58.97621073188395,59.49066190974611,-40.05702887300626,20.0,kinematic,False,0,0.0,,,,snapshot_1787566435~perturbed,event,47,70,28.17195899979197,9.501973999704205,3483.3333333333258,100.0,8.510633999776474,7598.944789192129
snapshot_1787566435~p010,visibility,1,0,completed,True,False,3,511,0,,76.27296400005434,0.14926216046977367,3066.6666666666606,93.29222700034734,32.87162034040889,184,1,1,2,7755.290035058402,7891.267877357726,58.664451183194444,59.49066190974611,-96.59771889268004,20.0,kinematic,False,0,0.0,,,,snapshot_1787566435~perturbed,event,4,100,27.676140000494343,9.378218000165361,3066.6666666666606,500.0,0.061068000377417775,7598.944789192129
snapshot_1787566435~p011,voronoi,1,0,completed,True,False,3,381,0,,34.87260200245146,0.09152913911404582,2416.666666666663,48.189786999955686,50.14893854311672,145,0,0,0,9704.128484760271,8125.032629348425,59.58788694876122,59.862858595966244,2.1166578810120598,20.0,kinematic,False,0,0.0,,,,snapshot_1787566435~perturbed,event,10,1,13.389395000103832,4.540977000033308,2416.666666666663,100.0,0.05623500010187854,7184.367992824293
snapshot_1787566435~p011,voronoi,1,0,completed,True,False,3,583,0,,76.54487600029825,0.13129481303653215,4099.999999999991,97.12711699967258,42.21272211769461,246,0,0,0,9704.128484760271,10919.474159051297,59.01786389347538,59.32708605100905,1.7083098898602316,20.0,kinematic,False,0,0.0,,,,snapshot_1787566435~perturbed,event,58,5,13.371675000144023,4.872220000379457,4099.999999999991,500.0,0.06277600004978012,7184.367992824293
snapshot_1787566435~p011,prm,1,0,completed,True,False,3,386,0,,47.46150100390878,0.12295725648681032,2549.999999999996,60.86107999999513,41.898697821336725,153,0,0,0,10051.265046967206,8120.456479172071,58.90656820392687,59.406975384190964,2.241641592122761,20.0,kinematic,False,0,0.0,,,,snapshot_1787566435~perturbed,event,3,16,19.650767000257474,7.222146000003704,2549.999999999996,100.0,0.053325999942899216,7184.367992824293
snapshot_1787566435~p011,prm,1,0,completed,True,False,3,479,0,,35.14347800637552,0.07336843007594053,2949.9999999999945,51.324491999821475,57.4774320223229,177,1,0,1,10051.265046967206,9415.138773515231,58.555696936296876,59.57399318332538,-125.10672110041239,20.0,kinematic,False,0,0.0,,,,snapshot_1787566435~perturbed,event,0,193,18.990006999956677,6.5230079999309964,2949.9999999999945,500.0,0.06936199997653603,7184.367992824293
snapshot_1787566435~p011,visibility,1,0,completed,True,False,3,534,0,,281.92373299680185,0.5279470655370821,3649.999999999992,300.53189800037217,12.145133426054734,219,0,2,2,7280.188414196273,7167.903576362847,58.91492952395993,59.708626545425254,-40.288911087933144,20.0,kinematic,False,0,0.0,,,,snapshot_1787566435~perturbed,event,26,25,29.519557999719837,10.039134999715316,3649.999999999992,100.0,9.163334000277246,7184.367992824293
snapshot_1787566435~p011,visibility,1,0,completed,True,False,3,527,0,,301.9469079981718,0.572954284626512,3466.6666666666592,320.4389389998141,10.818493774468122,208,1,1,2,7280.188414196273,7501.756540052825,58.99199271202149,59.708626545425254,-97.80051768717419,20.0,kinematic,False,0,0.0,,,,snapshot_1787566435~perturbed,event,27,176,29.34140599973034,10.22651399989627,3466.6666666666592,500.0,9.14301600005274,7184.367992824293
snapshot_1787566435~p012,voronoi,1,0,completed,True,False,3,350,0,,24.405239001680457,0.06972925429051559,2416.666666666663,36.88897500023813,65.51189526548413,145,0,0,0,12089.390478480536,7759.1109637772915,58.57506842817187,59.119109571298246,1.1268296670240545,20.0,kinematic,False,0,0.0,,,,snapshot_1787566435~perturbed,event,0,0,13.51690800038341,4.625993999979983,2416.666666666663,100.0,0.049344000217388384,7362.795980666074
snapshot_1787566435~p012,voronoi,1,0,completed,True,False,3,507,0,,68.70649199936452,0.13551576331235604,3099.999999999994,86.10398600012559,36.002979002568736,186,0,0,0,12089.390478480536,9826.725128011612,59.16202222242435,59.57884454980051,3.148130018685805,20.0,kinematic,False,0,0.0,,,,snapshot_1787566435~perturbed,event,58,1,13.49139199965066,4.872719000104553,3099.999999999994,500.0,0.06385200003933278,7362.795980666074
snapshot_1787566435~p012,prm,1,0,completed,True,False,3,395,0,,34.836516995710554,0.08819371391319128,2499.999999999996,48.33103999999366,51.726592268660546,150,0,0,0,11216.262247387907,8546.049452049483,58.8208423151329,59.136998069352394,0.8637516199729305,20.0,kinematic,False,0,0.0,,,,snapshot_1787566435~perturbed,event,1,38,19.330289000208722,6.600990000151796,2499.999999999996,100.0,0.06220700015546754,7362.795980666074
snapshot_1787566435~p012,prm,1,0,completed,True,False,3,415,0,,29.866779002077237,0.07196814217368008,2483.3333333333294,43.98985599982552,56.45240878586143,149,1,1,2,11216.262247387907,8902.27519981819,59.31503933363128,59.453688029384224,-70.22786055781427,20.0,kinematic,False,0,0.0,,,,snapshot_1787566435~perturbed,event,0,83,19.336661000124877,6.678205000298476,2483.3333333333294,500.0,0.06087400015530875,7362.795980666074
snapshot_1787566435~p012,visibility,1,0,completed,True,False,3,573,0,,354.51698399810994,0.6187032879548167,4083.333333333324,374.9225250003292,10.89113899819633,245,0,4,4,7491.762415908024,7378.7259792515015,58.72311935084645,58.96128509015635,-55.77906147632093,20.0,kinematic,False,0,0.0,,,,snapshot_1787566435~perturbed,event,34,65,29.11977299982027,10.491859000012482,4083.333333333324,100.0,9.0072009998039,7362.795980666074
snapshot_1787566435~p012,visibility,1,0,completed,True,False,3,496,0,,292.43419200338394,0.5895850645229515,3499.9999999999923,310.2446890002284,11.281417939107463,210,1,2,3,7491.762415908024,7444.007442628936,58.98441105172984,59.447499690435016,-138.99200173596253,20.0,kinematic,False,0,0.0,,,,snapshot_1787566435~perturbed,event,27,143,29.047465000530792,9.893625000131578,3499.9999999999923,500.0,9.110440000313247,7362.795980666074
snapshot_1787566435~p013,voronoi,1,0,completed,True,False,3,440,0,,28.94322299880514,0.06578005227001169,2866.6666666666615,44.36997499988138,64.60825516972514,172,0,0,0,15431.865179897013,9010.129183933976,58.88782371282236,59.58175176427961,2.5131346868074047,20.0,kinematic,False,0,0.0,,,,snapshot_1787566435~perturbed,event,0,0,14.900221000516467,5.534870000246883,2866.6666666666615,100.0,0.05119500019645784,6899.767882732712
snapshot_1787566435~p013,voronoi,1,0,completed,True,False,3,677,0,,151.88465800110862,0.2243495686870142,4666.666666666655,176.51580400024613,26.437670513967962,280,0,1,1,15431.865179897013,13052.691542325174,59.09835180681957,59.405259316637135,-29.418049668470275,20.0,kinematic,False,0,0.0,,,,snapshot_1787566435~perturbed,event,98,6,13.683623999895644,5.845806000252196,4666.666666666655,500.0,0.07602599998790538,6899.767882732712
snapshot_1787566435~p013,prm,1,0,completed,True,False,3,426,0,,35.45893900309238,0.08323694601664879,2683.3333333333285,49.84194300004674,53.836852494510744,161,0,0,0,9907.227500124507,9137.251240656184,59.24154512564561,59.55441998242498,1.082381387353223,20.0,kinematic,False,0,0.0,,,,snapshot_1787566435~perturbed,event,1,11,20.052749000569747,7.056757000100333,2683.3333333333285,100.0,0.038083000163169345,6899.767882732712
snapshot_1787566435~p013,prm,1,0,completed,True,False,3,465,0,,42.62272000187295,0.09166176344488806,2949.9999999999945,58.76346900004137,50.201256838630776,177,0,0,0,9907.227500124507,9117.076600418568,58.92030982088854,59.18156792379048,1.082381387353223,20.0,kinematic,False,0,0.0,,,,snapshot_1787566435~perturbed,event,2,83,19.45200999989538,6.609361999835528,2949.9999999999945,500.0,0.06239499998628162,6899.767882732712
snapshot_1787566435~p013,visibility,1,0,completed,True,False,3,476,0,,343.0634869982896,0.7207216113409445,3299.999999999993,359.99409199985166,9.166817104324458,198,0,1,1,7016.6444512334165,6810.864971496485,59.49893415611626,59.903098412663766,-33.35572924947675,20.0,kinematic,False,0,0.0,,,,snapshot_1787566435~perturbed,event,31,25,31.127478999678715,11.148030999720504,3299.999999999993,100.0,9.601936000308342,6899.767882732712
snapshot_1787566435~p013,visibility,1,0,completed,True,False,3,503,0,,431.10376199729217,0.8570651331954119,3299.999999999993,449.32210499973735,7.344397178059873,198,0,2,2,7016.6444512334165,6927.816260620101,59.01338557363542,59.86985971852391,-35.55875135177027,20.0,kinematic,False,0,0.0,,,,snapshot_1787566435~perturbed,event,41,107,31.414945000051375,10.684318000130588,3299.999999999993,500.0,9.419235999757802,6899.767882732712
snapshot_1787566435~p014,voronoi,1,0,completed,True,False,3,524,0,,30.959693005115696,0.05908338359754904,4499.999999999989,50.40618299972266,89.27476218591573,270,0,0,0,15394.868054445362,10302.385812790506,58.56732189278236,58.98855843241971,2.418012337345516,20.0,kinematic,False,0,0.0,,,,snapshot_1787566435~perturbed,event,0,0,13.867154999843478,4.752469999857567,4499.999999999989,100.0,0.044580000121641206,7259.092983022352
snapshot_1787566435~p014,voronoi,1,0,completed,True,False,3,497,0,,70.15945800549162,0.1411659114798624,2949.9999999999945,87.52899500041167,33.703117463945745,177,0,3,3,15394.868054445362,9547.27661974296,58.6741059230078,59.46078930325194,-116.14460307268831,20.0,kinematic,False,0,0.0,,,,snapshot_1787566435~perturbed,event,97,3,14.143778999368806,4.994315000203642,2949.9999999999945,500.0,0.06883000014568097,7259.092983022352
snapshot_1787566435~p014,prm,1,0,completed,True,False,3,463,0,,37.27527800219832,0.08050815983196181,3116.6666666666606,53.28185200005464,58.493962759842965,187,0,0,0,11245.170016470529,10900.262909897707,58.60044252691974,58.709438184848985,4.521737710623029,20.0,kinematic,False,0,0.0,,,,snapshot_1787566435~perturbed,event,1,26,20.37043599966637,7.019283999852632,3116.6666666666606,100.0,0.05440700033432222,7259.092983022352
snapshot_1787566435~p014,prm,1,0,completed,True,False,3,429,0,,31.22103300120216,0.07277630070210293,2549.999999999996,45.84456599968689,55.62273181989359,153,1,0,1,11245.170016470529,9270.365357874409,58.94862920827398,59.75399822891169,-93.0382594045527,20.0,kinematic,False,0,0.0,,,,snapshot_1787566435~perturbed,event,0,98,19.621118000031856,6.60512500007826,2549.999999999996,500.0,0.0627270001132274,7259.092983022352
snapshot_1787566435~p014,visibility,1,0,completed,True,False,3,506,0,,338.50996199862493,0.6689920197601283,3383.333333333326,356.4676179998969,9.491278204502448,203,0,2,2,7419.024191609556,7324.658667124739,59.34446091852633,59.96711613982325,-58.51270428973223,20.0,kinematic,False,0,0.0,,,,snapshot_1787566435~perturbed,event,33,37,30.54472700023325,11.130108000088512,3383.333333333326,100.0,8.907917000215093,7259.092983022352
snapshot_1787566435~p014,visibility,1,0,completed,True,False,3,539,0,,410.71396199868104,0.761992508346347,3649.999999999992,430.3058279997458,8.482339216660918,219,1,2,3,7419.024191609556,7292.702907592869,59.578224450717634,59.96711613982325,-49.00840413847041,20.0,kinematic,False,0,0.0,,,,snapshot_1787566435~perturbed,event,40,155,28.968371999326337,11.124787000426295,3649.999999999992,500.0,9.039561999998114,7259.092983022352
snapshot_1787566435~p015,voronoi,1,0,completed,True,False,3,479,0,,30.229109000174503,0.06310878705673174,3166.66666666666,48.10429600001953,65.82918637174058,190,0,0,0,13178.072165322079,9458.912930758339,59.32533159896942,59.72091204719663,0.02827802057376516,20.0,kinematic,False,0,0.0,,,,snapshot_1787566435~perturbed,event,10,0,13.538609000079305,4.6184399998310255,3166.66666666666,100.0,0.05662400008077384,7029.709609909369
snapshot_1787566435~p015,voronoi,1,0,completed,True,False,3,669,0,,116.82999199501864,0.17463376979823414,5199.999999999987,143.13598600028854,36.32908917810162,312,0,0,0,13178.072165322079,12582.579924687752,59.08332692711906,59.9631000571408,0.9383197859473569,20.0,kinematic,False,0,0.0,,,,snapshot_1787566435~perturbed,event,58,0,18.45359999970242,9.34529799997108,5199.999999999987,500.0,0.0776140000198211,7029.709609909369
snapshot_1787566435~p015,prm,1,0,completed,True,False,3,534,0,,99.95953099951294,0.1871901329578894,4299.99999999999,120.08373699973163,35.808345971191756,258,0,0,0,11141.346917570172,8728.378913904955,58.781645722108685,59.95932318639267,0.2955722410518433,20.0,kinematic,False,0,0.0,,,,snapshot_1787566435~perturbed,event,10,7,21.41671699928338,9.845431999565335,4299.99999999999,100.0,0.046955000016168924,7029.709609909369
snapshot_1787566435~p015,prm,1,0,completed,True,False,3,594,0,,164.24191199575944,0.2765015353463964,5049.999999999987,189.99867500042456,26.579132722839795,303,0,0,0,11141.346917570172,12436.773696123471,58.91892407564251,59.42671601097554,0.07533077476384165,20.0,kinematic,False,0,0.0,,,,snapshot_1787566435~perturbed,event,17,99,28.52191700048934,14.937365000150749,5049.999999999987,500.0,0.1125270000557066,7029.709609909369
snapshot_1787566435~p015,visibility,1,0,completed,True,False,3,496,0,,271.6988750021301,0.5477799899236494,3199.9999999999936,289.06627600008505,11.070125662113044,192,1,2,3,7193.457424760943,6974.630401111603,58.628705381346286,58.9062840395696,-54.77008215367884,20.0,kinematic,False,0,0.0,,,,snapshot_1787566435~perturbed,event,26,66,28.092948999528744,9.543890999793803,3199.9999999999936,100.0,8.800989000064874,7029.709609909369
snapshot_1787566435~p015,visibility,1,0,completed,True,False,3,540,0,,248.88227699693743,0.46089310554988416,3199.9999999999936,267.30683800042243,11.97126128137035,192,0,2,2,7193.457424760943,7471.982341271312,59.33674646871062,59.58249352663722,-70.57912299372576,20.0,kinematic,False,0,0.0,,,,snapshot_1787566435~perturbed,event,23,139,27.76788600067448,9.366131999740901,3199.9999999999936,500.0,0.110428999960277,7029.709609909369
snapshot_1787566435~p016,voronoi,1,0,completed,True,False,3,471,0,,113.23997000545205,0.2404245647674141,3383.333333333326,130.10316899999452,26.005003255020394,203,0,0,0,13787.490883897237,10150.363177412226,59.446586905836675,59.755337635877574,8.734452493821294,20.0,kinematic,False,0,0.0,,,,snapshot_1787566435~perturbed,event,16,12,9.31647300012628,4.716438000286871,3383.333333333326,100.0,0.06582400010302081,7342.295227674629
snapshot_1787566435~p016,voronoi,1,0,completed,True,False,3,439,0,,149.02016900077797,0.3394536879288792,2499.999999999996,164.3048739997539,15.21561679298534,150,0,1,1,13787.490883897237,9883.127479426452,58.505699209276685,58.94902818166339,-10.884620507171661,20.0,kinematic,False,0,0.0,,,,snapshot_1787566435~perturbed,event,94,8,9.095898000396119,5.1026130004174775,2499.999999999996,500.0,4.720547000033548,7342.295227674629
snapshot_1787566435~p016,prm,1,0,completed,True,False,3,436,0,,32.77951100244536,0.0751823646845077,3049.999999999994,47.88490900000397,63.69438855986426,183,0,0,0,11060.562645993392,10597.853076711095,58.77763293282849,59.3397000409636,6.127433797458707,20.0,kinematic,False,0,0.0,,,,snapshot_1787566435~perturbed,event,1,30,16.77789099949223,9.897153000110848,3049.999999999994,100.0,0.060086999837949406,7342.295227674629
snapshot_1787566435~p016,prm,1,0,completed,True,False,3,393,0,,29.96116499934942,0.07623706106704688,2333.33333333333,43.02596900015487,54.23081426300779,140,1,0,1,11060.562645993392,8718.063048120786,59.164702899130525,59.3397000409636,-136.25134745162885,20.0,kinematic,False,0,0.0,,,,snapshot_1787566435~perturbed,event,1,105,13.648578000356792,6.960084000183997,2333.33333333333,500.0,0.06371199970089947,7342.295227674629
snapshot_1787566435~p016,visibility,1,0,completed,True,False,3,414,0,,45.34798799613782,0.10953620288922178,2716.666666666662,59.43252899987783,45.710097018961555,163,0,1,1,7538.724956364404,7341.548625673999,58.31352187928193,58.90770763637747,-80.44079618174045,20.0,kinematic,False,0,0.0,,,,snapshot_1787566435~perturbed,event,2,10,19.28391100045701,9.653739999976096,2716.666666666662,100.0,0.04221300014251028,7342.295227674629
snapshot_1787566435~p016,visibility,1,0,completed,True,False,3,420,0,,85.96687799945357,0.20468304285584185,2783.3333333333285,100.77391499999067,27.61958125109644,167,1,2,3,7538.724956364404,7435.352935576698,58.61727429935153,59.29888426541815,-80.44079618174045,20.0,kinematic,False,0,0.0,,,,snapshot_1787566435~perturbed,event,6,123,19.30063599957066,9.71589699975084,2783.3333333333285,500.0,0.06558899985975586,7342.295227674629
snapshot_1787566435~p017,voronoi,1,0,completed,True,False,3,563,0,,36.55850399945848,0.06493517584273265,4433.333333333323,56.863267999688105,77.96480028825708,266,0,0,0,14114.214777791385,10705.452002596621,59.703940703148724,59.78673788494777,1.2274504053218607,20.0,kinematic,False,0,0.0,,,,snapshot_1787566435~perturbed,event,1,0,13.700505000088015,4.680485999870143,4433.333333333323,100.0,0.0409409999519994,7414.589101446581
snapshot_1787566435~p017,voronoi,1,0,completed,True,False,3,647,0,,128.05192600171722,0.19791642349569896,4166.666666666657,150.66390700030752,27.655373802686217,250,0,0,0,14114.214777791385,13420.161799427908,59.037704435554964,59.12103876084895,2.326634495690371,20.0,kinematic,False,0,0.0,,,,snapshot_1787566435~perturbed,event,114,0,13.550791000852769,6.742303999999422,4166.666666666657,500.0,0.06724800005031284,7414.589101446581
snapshot_1787566435~p017,prm,1,0,completed,True,False,3,531,0,,38.20462799603774,0.07194845196993925,3416.6666666666592,56.19951300013781,60.79530736606705,205,0,0,0,11439.088973346768,11331.221287112618,59.265917189809464,59.91418866451602,1.4032774150832665,20.0,kinematic,False,0,0.0,,,,snapshot_1787566435~perturbed,event,1,29,20.379705999857833,7.136918000014703,3416.6666666666592,100.0,0.054226999964157585,7414.589101446581
snapshot_1787566435~p017,prm,1,0,completed,True,False,3,485,0,,32.883945996218245,0.06780195050766648,3416.6666666666592,49.5967780002502,68.88888360145943,205,1,0,1,11439.088973346768,9328.994857648559,59.65824925580197,59.91418866451602,-43.26394013305179,20.0,kinematic,False,0,0.0,,,,snapshot_1787566435~perturbed,event,0,89,20.074728000054165,6.794291999995039,3416.6666666666592,500.0,0.06167399988044053,7414.589101446581
snapshot_1787566435~p017,visibility,1,0,completed,True,False,3,505,0,,294.00374899387316,0.582185641572026,3233.3333333333267,311.71427000026597,10.372747238458373,194,0,1,1,7593.893913463141,7519.7299022731895,58.56854256911581,58.71200838583753,-28.38042861029419,20.0,kinematic,False,0,0.0,,,,snapshot_1787566435~perturbed,event,26,35,31.002521999653254,10.744442000031995,3233.3333333333267,100.0,9.4427099998029,7414.589101446581
snapshot_1787566435~p017,visibility,1,0,completed,True,False,3,574,0,,362.7805280048051,0.6320218257923433,4466.666666666656,383.94348399970113,11.63365665210803,268,1,3,4,7593.893913463141,7421.337884644415,59.3171275971375,59.760690671611236,-92.60878590467037,20.0,kinematic,False,0,0.0,,,,snapshot_1787566435~perturbed,event,32,144,31.508112999745208,10.805526999774884,4466.666666666656,500.0,9.705378000035125,7414.589101446581
snapshot_1787566435~p018,voronoi,1,0,completed,True,False,3,417,0,,71.12430299866901,0.1705618776946499,2649.9999999999955,86.67274600020392,30.57477837374347,159,0,1,1,13599.17627992378,9166.810470805196,58.78727021650189,59.33985151826451,-28.048227326091393,20.0,kinematic,False,0,0.0,,,,snapshot_1787566435~perturbed,event,16,9,13.692391999938991,5.366675000004761,2649.9999999999955,100.0,0.06360800034599379,7526.147802268445
snapshot_1787566435~p018,voronoi,1,0,completed,True,False,3,507,0,,76.12855799834506,0.15015494674229796,3866.666666666658,94.92951499987612,40.73197536795278,232,0,1,1,13599.17627992378,10094.090220165006,59.35609310085416,59.685052423297805,-11.563530961042375,20.0,kinematic,False,0,0.0,,,,snapshot_1787566435~perturbed,event,73,0,15.875925000273128,6.023034999998345,3866.666666666658,500.0,0.06217800000740681,7526.147802268445
snapshot_1787566435~p018,prm,1,0,completed,True,False,3,428,0,,36.04796399577026,0.08422421494338846,3299.999999999993,51.65386499993474,63.886797241680995,198,0,0,0,10536.847675712866,8532.299756031432,58.74650419973267,58.90358566233088,2.1596786225850053,20.0,kinematic,False,0,0.0,,,,snapshot_1787566435~perturbed,event,1,29,19.828184999369114,6.759353999768791,3299.999999999993,100.0,0.0618029998804559,7526.147802268445
snapshot_1787566435~p018,prm,1,0,completed,True,False,3,528,0,,36.87016000321819,0.06982984849094354,3299.999999999993,55.90738199998668,59.02619442993734,198,1,0,1,10536.847675712866,9937.607894792078,59.24730652892288,59.78374301579508,-121.29103759545231,20.0,kinematic,False,0,0.0,,,,snapshot_1787566435~perturbed,event,0,183,19.68357899977491,6.688505000056466,3299.999999999993,500.0,0.060989000303379726,7526.147802268445
snapshot_1787566435~p018,visibility,1,0,completed,True,False,3,594,0,,449.83258700585793,0.7572939175182793,4333.333333333323,472.9626090002057,9.162105525621875,260,0,4,4,7575.235799865382,7616.104043657526,59.36148552651997,59.73308430314937,-63.040688867165,20.0,kinematic,False,0,0.0,,,,snapshot_1787566435~perturbed,event,42,94,28.849110000010114,15.796958000009909,4333.333333333323,100.0,8.936406999964674,7526.147802268445
snapshot_1787566435~p018,visibility,1,0,completed,True,False,3,470,0,,65.56729800786343,0.13950488937843283,3199.9999999999936,81.75205899988214,39.14274501642347,192,0,0,0,7575.235799865382,8006.51989822426,58.969144412440265,59.64078661968157,0.708740770455023,20.0,kinematic,False,0,0.0,,,,snapshot_1787566435~perturbed,event,3,34,27.699736000158737,9.79604800022571,3199.9999999999936,500.0,0.05748800003857468,7526.147802268445
snapshot_1787566435~p019,voronoi,1,0,completed,True,False,3,437,0,,34.07574000220848,0.07797652174418415,3149.9999999999936,50.416651999967144,62.47935701882875,189,0,0,0,13728.289882761837,9220.754104852942,59.27726220075588,59.74127089787297,2.0710864807261373,20.0,kinematic,False,0,0.0,,,,snapshot_1787566435~perturbed,event,9,0,14.988176999850111,5.251228000361152,3149.9999999999936,100.0,0.054988000101729995,7409.506984183044
snapshot_1787566435~p019,voronoi,1,0,completed,True,False,3,938,0,,142.1866239998053,0.15158488699339584,6483.333333333316,176.07517299984465,36.8213940834182,389,0,0,0,13728.289882761837,18696.46919408717,59.276376996838394,59.64637736150259,0.582172494605885,20.0,kinematic,False,0,0.0,,,,snapshot_1787566435~perturbed,event,117,4,14.971497999795247,5.823774999953457,6483.333333333316,500.0,0.06610999980694032,7409.506984183044
snapshot_1787566435~p019,prm,1,0,completed,True,False,3,431,0,,37.62351399882391,0.08729353596014829,2999.999999999994,53.16069000036805,56.43267609918577,180,0,0,0,10811.883826251764,10035.899350486912,58.773096269935984,58.955258665338654,3.891807126037037,20.0,kinematic,False,0,0.0,,,,snapshot_1787566435~perturbed,event,1,26,21.21517200021117,7.158366000112437,2999.999999999994,100.0,0.05515400016520289,7409.506984183044
snapshot_1787566435~p019,prm,1,0,completed,True,False,3,497,0,,38.46651100229792,0.07739740644325538,4099.999999999991,56.63412800004153,72.39451095630861,246,0,0,0,10811.883826251764,11607.768531976873,58.62850633951721,58.70669619043624,3.891807126037037,20.0,kinematic,False,0,0.0,,,,snapshot_1787566435~perturbed,event,1,61,20.66119900018748,7.0487839998349955,4099.999999999991,500.0,0.059221999890723964,7409.506984183044
snapshot_1787566435~p019,visibility,1,0,completed,True,False,3,546,0,,430.72471099912946,0.7888730970680027,3449.9999999999927,450.55049500024325,7.657299322239409,207,0,2,2,7680.3173940504275,7605.1503050231495,58.853272439245096,59.62981896889657,-48.62030424868621,20.0,kinematic,False,0,0.0,,,,snapshot_1787566435~perturbed,event,41,47,29.93440099999134,10.291666999819427,3449.9999999999927,100.0,9.308962999966752,7409.506984183044
snapshot_1787566435~p019,visibility,1,0,completed,True,False,3,540,0,,384.1139440041843,0.7113221185262673,3449.9999999999927,403.7169040002482,8.545592136012893,207,0,2,2,7680.3173940504275,7747.713900807939,58.68879677789217,59.45791059720594,-48.62030424868621,20.0,kinematic,False,0,0.0,,,,snapshot_1787566435~perturbed,event,35,123,30.258602000230894,10.830860000169196,3449.9999999999927,500.0,9.428055999705975,7409.506984183044
random-s0-0000,voronoi,1,0,completed,True,False,3,670,0,,29.374551006640104,0.043842613442746425,6933.333333333314,61.5275200002543,112.68670236188063,416,0,0,0,17299.05853224711,16149.42472344788,59.056079326884095,59.84764833014267,5.291151152210972,20.0,kinematic,False,0,0.0,,,,random,event,1,0,4.000660000201606,3.948820000005071,6933.333333333314,100.0,0.047541999720124295,14555.329011589882
random-s0-0000,voronoi,1,0,completed,True,False,3,727,0,,125.14692300919705,0.17214157222723117,6733.333333333315,160.00283999983367,42.08258636746894,404,0,0,0,18150.898941829993,19548.737604673137,59.391174467911526,59.93061235094045,16.09064592150648,20.0,kinematic,False,0,0.0,,,,random,event,76,15,4.056126999785192,5.284185000164143,6733.333333333315,500.0,0.06453800006056554,14555.329011589882
random-s0-0000,prm,1,0,completed,True,False,3,432,0,,49.90847699673395,0.11552888193688415,2966.666666666661,67.72370399994543,43.805440214390096,178,0,0,0,14791.757420741425,14633.851862872576,58.896624074875795,59.36928257411776,35.695419563020664,20.0,kinematic,False,0,0.0,,,,random,event,6,1,7.402089999686723,7.355432999702316,2966.666666666661,100.0,0.029130999791959766,14555.329011589882
random-s0-0000,prm,1,0,completed,True,False,3,578,0,,36.46741899956396,0.06309242041447052,5399.999999999986,63.53365399991162,84.99432442540606,324,0,0,0,15048.266469606544,15807.762794540058,59.054999792170214,59.84440972600102,12.094149814075365,20.0,kinematic,False,0,0.0,,,,random,event,4,53,5.376608999995369,6.643405000431812,5399.999999999986,500.0,0.05277899981592782,14555.329011589882
random-s0-0000,visibility,1,0,completed,True,False,3,569,0,,221.94416700494912,0.39006004746036754,5249.999999999986,249.41637000029004,21.049139637441925,315,0,0,0,14560.834199030225,14486.74700837607,58.59739232174675,59.12268732782851,1.2420191240815939,20.0,kinematic,False,0,0.0,,,,random,event,18,0,9.471678999943833,17.831215000114753,5249.999999999986,100.0,0.046547999772883486,14555.329011589882
random-s0-0000,visibility,1,0,completed,True,False,3,617,0,,82.93561199934629,0.1344175234997509,6049.999999999984,111.50259499981985,54.25882689106705,363,0,0,0,14690.898895468003,14990.949522014585,58.68041911106611,59.15907891951394,0.9976986878374987,20.0,kinematic,False,0,0.0,,,,random,event,7,31,9.743820000039705,9.809457999836013,6049.999999999984,500.0,0.054615999943052884,14555.329011589882
random-s0-0001,voronoi,1,0,completed,True,False,3,421,0,,44.870515009733936,0.10658079574758654,2699.9999999999955,62.30705400002989,43.33377726378622,162,0,0,0,13745.188601491176,13824.153631083464,58.76895974856083,59.12875458041189,2.791386316923081,20.0,kinematic,False,0,0.0,,,,random,event,13,1,0.13202500031184172,4.287100000055943,2699.9999999999955,100.0,0.051323999741725856,13745.188601491176
random-s0-0001,voronoi,1,0,completed,True,False,3,536,0,,35.19291300472105,0.06565841978492733,3966.6666666666574,58.10113799998362,68.271755136152,238,0,0,0,13745.188601491176,16724.801475945336,59.05228021481897,59.51519443257582,8.764396188457994,20.0,kinematic,False,0,0.0,,,,random,event,61,2,0.08681800045451382,4.724842000086937,3966.6666666666574,500.0,0.06077499983803136,13745.188601491176
random-s0-0001,prm,1,0,completed,True,False,3,456,0,,16.134846998284047,0.03538343639974572,3483.3333333333258,37.010457000178576,94.1175444906427,209,0,0,0,13745.188601491176,13944.195759911987,58.87605850963404,59.4944385901591,0.5766042619444534,20.0,kinematic,False,0,0.0,,,,random,event,1,16,0.05147399951965781,6.660285999714688,3483.3333333333258,100.0,0.04080000007888884,13745.188601491176
random-s0-0001,prm,1,0,completed,True,False,3,419,0,,58.53467098859255,0.13970088541430203,2866.6666666666615,75.53499999994528,37.95150151146804,172,0,0,0,13745.188601491176,14418.909391001744,58.65012887638227,58.81664969040379,30.355061820531432,20.0,kinematic,False,0,0.0,,,,random,event,1,46,0.04612500015355181,15.598476999912236,2866.6666666666615,500.0,0.05758199995398172,13745.188601491176
random-s0-0001,visibility,1,0,completed,True,False,3,449,0,,142.83579800030566,0.3181198173726184,3333.333333333326,161.7570319999686,20.60703817398166,200,0,0,0,13745.188601491176,13612.53649399038,58.50302609694177,59.00713543240147,8.368059414130471,20.0,kinematic,False,0,0.0,,,,random,event,15,6,0.049437000143370824,9.479651999754424,3333.333333333326,100.0,0.05351900017558364,13745.188601491176
random-s0-0001,visibility,1,0,completed,True,False,3,467,0,,17.77508700024555,0.03806228479709967,3666.6666666666583,37.96120300012262,96.58984375850297,220,0,0,0,13745.188601491176,15197.194560029948,58.77880100280138,59.20266606966111,20.86392830608625,20.0,kinematic,False,0,0.0,,,,random,event,1,33,0.046692000069015194,8.242127999892546,3666.6666666666583,500.0,0.05299900021782378,13745.188601491176
random-s0-0002,voronoi,1,0,completed,True,False,3,349,0,,10.123854005541943,0.029008177666309292,2199.9999999999973,24.152642999979435,91.08733979970103,132,0,0,0,8903.552185905397,8728.162158757114,58.463342382760636,58.819910598228596,283.5999168083747,20.0,kinematic,False,0,0.0,,,,random,event,0,0,0.1013549999697716,0.06245600025067688,2199.9999999999973,100.0,0.03315499998279847,8903.552185905397
random-s0-0002,voronoi,1,0,completed,True,False,3,403,0,,89.74531899457361,0.22269309924211814,2549.999999999996,106.76571100020738,23.88407266819066,153,0,0,0,8903.552185905397,10176.324160328224,58.81253182268992,59.21413641636749,13.411313593114443,20.0,kinematic,False,0,0.0,,,,random,event,29,8,0.08324300006279373,4.64108899996063,2549.999999999996,500.0,0.08790399988356512,8903.552185905397
random-s0-0002,prm,1,0,completed,True,False,3,349,0,,5.740613002217287,0.016448747857356123,2199.9999999999973,19.948532999933377,110.28379881404535,132,0,0,0,8903.552185905397,8728.162158757114,58.463342382760636,58.819910598228596,283.5999168083747,20.0,kinematic,False,0,0.0,,,,random,event,0,0,0.05603700037681847,0.11072100005549146,2199.9999999999973,100.0,0.022699000055581564,8903.552185905397
random-s0-0002,prm,1,0,completed,True,False,3,349,0,,8.97205000228496,0.02570787966270762,2199.9999999999973,22.90550700035965,96.0467716329289,132,0,0,0,8903.552185905397,8728.162158757114,58.463342382760636,58.819910598228596,283.5999168083747,20.0,kinematic,False,0,0.0,,,,random,event,0,73,0.04641699979401892,0.14683100016554818,2199.9999999999973,500.0,0.062338000134332106,8903.552185905397
random-s0-0002,visibility,1,0,completed,True,False,3,349,0,,5.770588996711012,0.01653463895905734,2199.9999999999973,19.934321000164346,110.3624246836328,132,0,0,0,8903.552185905397,8728.162158757114,58.463342382760636,58.819910598228596,283.5999168083747,20.0,kinematic,False,0,0.0,,,,random,event,0,0,0.050426000143488636,0.052846000016870676,2199.9999999999973,100.0,0.024152999685611576,8903.552185905397
random-s0-0002,visibility,1,0,completed,True,False,3,349,0,,8.473349998894264,0.02427893982491193,2199.9999999999973,22.132272999897395,99.40235239327639,132,0,0,0,8903.552185905397,8728.162158757114,58.463342382760636,58.819910598228596,283.5999168083747,20.0,kinematic,False,0,0.0,,,,random,event,0,73,0.04647700006898958,0.08664399956614943,2199.9999999999973,500.0,0.0546649998796056,8903.552185905397
random-s0-0003,voronoi,1,0,completed,True,False,3,371,0,,19.367514000805386,0.05220354178114659,2533.3333333333294,34.706707000168535,72.99261590334766,152,0,0,0,9202.844274973424,9071.891118199685,58.651226413194074,59.60322568769384,10.73295921461505,20.0,kinematic,False,0,0.0,,,,random,event,8,0,4.104594999716937,4.039096999804315,2533.3333333333294,100.0,0.050830999953177525,8394.094221650837
random-s0-0003,voronoi,1,0,completed,True,False,3,414,0,,35.101533992929035,0.08478631399258221,2833.333333333328,52.17623599992294,54.30313779893039,170,0,0,0,9202.844274973424,9372.951215990084,58.80530246336315,59.766160362435144,93.20052812541877,20.0,kinematic,False,0,0.0,,,,random,event,46,1,4.8439499996675295,4.72917899969616,2833.333333333328,500.0,0.058727000123326434,8394.094221650837
random-s0-0003,prm,1,0,completed,True,False,3,343,0,,17.808930995215633,0.05192108161870447,2266.6666666666633,31.54381799959083,71.85771445600103,136,0,0,0,9126.115651196804,8377.646466010725,58.81237250405335,59.838696338574735,9.341040148479095,20.0,kinematic,False,0,0.0,,,,random,event,1,0,6.606616000226495,6.569368000327813,2266.6666666666633,100.0,0.024135999865393387,8394.094221650837
random-s0-0003,prm,1,0,completed,True,False,3,351,0,,27.247318996614922,0.07762768944904536,2383.33333333333,41.60531599973183,57.284346388540634,143,0,0,0,9126.115651196804,8611.680205566337,58.637180301040694,59.145859338485984,145.07677670484372,20.0,kinematic,False,0,0.0,,,,random,event,3,40,6.668635000096401,6.633138999859511,2383.33333333333,500.0,0.059376000081101665,8394.094221650837
random-s0-0003,visibility,1,0,completed,True,False,3,402,0,,25.46562899624405,0.06334733581155236,3249.999999999993,42.58982500005004,76.30930627200686,195,0,0,0,8407.107805585358,8230.861265259244,58.307394980225446,58.34412966986919,2.131616265514083,20.0,kinematic,False,0,0.0,,,,random,event,1,0,9.426550000625866,9.38974100017731,3249.999999999993,100.0,0.02583499963293434,8394.094221650837
random-s0-0003,visibility,1,0,completed,True,False,3,359,0,,26.54056500114166,0.07392915042100741,2533.3333333333294,41.49449399983496,61.05227679950515,152,0,0,0,8407.107805585358,8376.704082029059,58.44901778764977,58.748632189363995,9.955332146815294,20.0,kinematic,False,0,0.0,,,,random,event,1,37,11.300774999654095,11.2381330000062,2533.3333333333294,500.0,0.054008999995858176,8394.094221650837
random-s0-0004,voronoi,1,0,completed,True,False,3,422,0,,20.8609039982548,0.049433421796812316,2733.3333333333285,37.9686070000389,71.98929719308713,164,0,0,0,12038.07859282101,12363.696657044013,53.75163635456695,59.818062305401696,22.235350593378854,20.0,kinematic,False,0,0.0,,,,random,event,12,0,0.10029999975813553,4.046861999995599,2733.3333333333285,100.0,0.04995000017515849,12038.07859282101
random-s0-0004,voronoi,1,0,completed,True,False,3,624,0,,89.01754799944683,0.14265632692219044,5199.999999999987,117.14069100025881,44.39106475809075,312,0,0,0,14893.698936228066,18577.41897208163,58.27986793181194,58.43887094243858,9.715821694459379,20.0,kinematic,False,0,0.0,,,,random,event,84,3,4.053315999954066,4.73394799973903,5199.999999999987,500.0,0.06570499999725143,12038.07859282101
random-s0-0004,prm,1,0,completed,True,False,3,408,0,,26.887644001817534,0.06590108823974886,2516.6666666666624,43.40111600004093,57.98622013923073,151,0,0,0,12038.07859282101,12244.096397339128,59.78546326720348,59.95982351798105,22.235350593378854,20.0,kinematic,False,0,0.0,,,,random,event,3,14,0.05010499990021344,6.626229000175954,2516.6666666666624,100.0,0.0436549998994451,12038.07859282101
random-s0-0004,prm,1,0,completed,True,False,3,438,0,,38.24820299678322,0.0873246643762174,3016.666666666661,58.68032400030643,51.408486883114485,181,0,0,0,12259.408460993709,12882.228095011204,59.634725526321546,59.818062305401696,22.235350593378854,20.0,kinematic,False,0,0.0,,,,random,event,1,146,5.953568999757408,17.969465000078344,3016.666666666661,500.0,0.08573100012654322,12038.07859282101
random-s0-0004,visibility,1,0,completed,True,False,3,409,0,,71.95849599747817,0.17593764302561898,2533.3333333333294,88.66940999996586,28.57054460308583,152,0,0,0,12038.07859282101,11900.273317502844,59.34147078342726,59.818062305401696,22.235350593378854,20.0,kinematic,False,0,0.0,,,,random,event,7,15,0.048890000016399426,9.583967000253324,2533.3333333333294,100.0,0.055126999995991355,12038.07859282101
random-s0-0004,visibility,1,0,completed,True,False,3,428,0,,30.144330999519298,0.07043067990541892,2849.9999999999945,47.47271599990199,60.034483807622856,171,0,0,0,12174.573623195356,11905.697048506274,59.60924398996707,59.818062305401696,22.235350593378854,20.0,kinematic,False,0,0.0,,,,random,event,1,150,8.449303999896074,9.056704000158788,2849.9999999999945,500.0,0.0565260002076684,12038.07859282101
random-s0-0005,voronoi,1,0,completed,True,False,3,454,0,,50.17336299351882,0.11051401540422648,3016.666666666661,69.31953699995574,43.5182748936795,181,0,0,0,14966.38226559484,14567.38540986839,58.60846654182256,58.82967613214318,30.217652559876115,20.0,kinematic,False,0,0.0,,,,random,event,17,0,8.088765999673342,4.253977000189479,3016.666666666661,100.0,0.05236100014371914,13246.6520721813
random-s0-0005,voronoi,1,0,completed,True,False,3,795,0,,55.765672004326916,0.07014549937651185,5183.33333333332,89.81543600020814,57.710941060524476,311,0,0,0,15906.10692523602,21367.648546812918,58.35955015033105,58.41953764834024,15.618545104891865,20.0,kinematic,False,0,0.0,,,,random,event,125,1,8.276113999727386,5.87270600044576,5183.33333333332,500.0,0.063972999669204,13246.6520721813
random-s0-0005,prm,1,0,completed,True,False,3,406,0,,45.388938997348305,0.11179541624962637,2849.9999999999945,61.99975099980293,45.967926548754264,171,0,0,0,14702.004557488577,13609.610494816221,58.90376541014886,59.56282574302318,5.139540589752613,20.0,kinematic,False,0,0.0,,,,random,event,4,7,13.16447999988668,6.835841999873082,2849.9999999999945,100.0,0.0374589999410091,13246.6520721813
random-s0-0005,prm,1,0,completed,True,False,3,405,0,,22.60561999764832,0.055816345673205724,2916.666666666661,39.678418999756104,73.50763312128413,175,0,0,0,14702.004557488577,13531.641541551442,59.12513512597739,59.49467077114882,13.27137716407816,20.0,kinematic,False,0,0.0,,,,random,event,0,87,12.836194000556134,6.590191000213963,2916.666666666661,500.0,0.055839999731688295,13246.6520721813
random-s0-0005,visibility,1,0,completed,True,False,3,446,0,,41.92312800159925,0.0939980448466351,3349.999999999993,61.12192899990987,54.8084796212,201,0,0,0,13253.82609879347,13153.004651303483,59.659621360832205,59.91006619118003,2.637076658399195,20.0,kinematic,False,0,0.0,,,,random,event,2,17,16.76724600019952,8.493489000102272,3349.999999999993,100.0,0.051930000154243317,13246.6520721813
random-s0-0005,visibility,1,0,completed,True,False,3,466,0,,53.051952005716885,0.11384539057020791,3599.9999999999923,72.89824500003306,49.38390492114536,216,0,0,0,13253.82609879347,13523.155000013772,58.66279195183043,59.12570333840168,4.780081107797713,20.0,kinematic,False,0,0.0,,,,random,event,3,108,17.02846199987107,8.620523999979923,3599.9999999999923,500.0,0.05825500011269469,13246.6520721813
random-s0-0006,voronoi,1,0,completed,True,False,3,380,0,,38.8648219964125,0.10227584735898027,2433.3333333333294,54.61275100014973,44.55613915744069,146,0,0,0,9837.754192774079,10615.698854095705,59.14746464653303,59.83637549061495,255.2598931889001,20.0,kinematic,False,0,0.0,,,,random,event,5,2,0.13441899955068948,4.208655000184081,2433.3333333333294,100.0,0.05268499990052078,9837.754192774079
random-s0-0006,voronoi,1,0,completed,True,False,3,601,0,,205.94044999870675,0.34266297836723253,3983.333333333324,231.6735519998474,17.193733591721973,239,0,0,0,9837.754192774079,15765.3368338767,58.82693454286252,59.25441654283884,262.42338907644654,20.0,kinematic,False,0,0.0,,,,random,event,143,27,0.09697099949335097,4.5181670002421015,3983.333333333324,500.0,3.8554439997824375,9837.754192774079
random-s0-0006,prm,1,0,completed,True,False,3,376,0,,11.775037004554179,0.03131658777806962,2366.6666666666633,26.797616999829188,88.3163106138038,142,0,0,0,9837.754192774079,9703.408439490102,58.5367688488903,59.12007227810868,262.3196815414832,20.0,kinematic,False,0,0.0,,,,random,event,1,0,0.05001799945603125,5.37494299987884,2366.6666666666633,100.0,0.024808000034681754,9837.754192774079
random-s0-0006,prm,1,0,planning_failed,False,False,3,229,1,B2,11.779178002143453,0.0514374585246439,2083.3333333333308,22.609343000112858,92.14479754334,125,0,0,0,5652.132852996673,5533.936225495961,1434.6059890927056,4185.621339777405,316.66044594888643,20.0,kinematic,False,0,0.0,,,,random,event,0,191,0.1714689997243113,0.1340059998256038,,500.0,0.0890119999894523,9837.754192774079
random-s0-0006,visibility,1,0,completed,True,False,3,367,0,,16.72111799416598,0.0455616294118964,2216.666666666664,31.65887700015446,70.01722349961588,133,0,0,0,9837.754192774079,9660.45800397662,59.17862927494156,59.929869375840525,305.2595983878671,20.0,kinematic,False,0,0.0,,,,random,event,1,30,0.05386400061979657,9.311302000241994,2216.666666666664,100.0,0.05216899990045931,9837.754192774079
random-s0-0006,visibility,1,0,planning_failed,False,False,3,229,1,B2,11.058366998895508,0.04828981222225113,2083.3333333333308,21.354293000058533,97.56039843265334,125,0,0,0,5652.132852996673,5533.936225495961,1434.6059890927056,4185.621339777405,316.66044594888643,20.0,kinematic,False,0,0.0,,,,random,event,0,191,0.09627900044506532,0.0901030002751213,,500.0,0.07399300011456944,9837.754192774079
random-s0-0007,voronoi,1,0,completed,True,False,3,486,0,,30.917244006104738,0.06361572840762292,2999.999999999994,50.57171299995389,59.321700255688974,180,0,0,0,20348.934230638504,17327.65027228566,59.66303608593048,59.89244065975113,19.142487098196654,20.0,kinematic,False,0,0.0,,,,random,event,14,0,8.038540000598005,4.4033200001649675,2999.999999999994,100.0,0.05048599996371195,16887.320055715638
random-s0-0007,voronoi,1,0,completed,True,False,3,689,0,,286.73292899520675,0.41615809723542346,4099.999999999991,315.2598799997577,13.005143566010183,246,0,0,0,20152.736482845292,21225.860905308255,58.71327139178135,59.63774025536299,93.12839744080532,20.0,kinematic,False,0,0.0,,,,random,event,107,47,8.174846000201796,5.62582000020484,4099.999999999991,500.0,4.258785000274656,16887.320055715638
random-s0-0007,prm,1,0,completed,True,False,3,555,0,,49.18999400342727,0.08863061982599509,3499.9999999999923,71.55589800004236,48.91280939550113,210,0,0,0,24569.04734656432,19320.947480867864,59.03227056262633,59.89244065975113,34.203881388791245,20.0,kinematic,False,0,0.0,,,,random,event,3,15,13.272831000449514,11.683888999868941,3499.9999999999923,100.0,0.03904999994119862,16887.320055715638
random-s0-0007,prm,1,0,completed,True,False,3,551,0,,36.7762339960791,0.0667445263086735,3533.3333333333258,59.3652640000073,59.51853146535137,212,0,0,0,24548.41810991934,22187.433969179845,58.774630201104465,59.42736732767063,85.72173820769342,20.0,kinematic,False,0,0.0,,,,random,event,2,164,12.375259000236838,6.289188000209833,3533.3333333333258,500.0,0.06526899960590526,16887.320055715638
random-s0-0007,visibility,1,0,completed,True,False,3,478,0,,65.65970300789559,0.1373633954140075,2749.999999999995,84.01853799978198,32.730871846486195,165,0,0,0,16922.983366134755,16766.866995883858,59.49450600518019,59.89244065975113,35.9278780617054,20.0,kinematic,False,0,0.0,,,,random,event,5,19,17.145924000487867,8.766107000155898,2749.999999999995,100.0,0.04837300002691336,16887.320055715638
random-s0-0007,visibility,1,0,completed,True,False,3,535,0,,46.26976400049898,0.08648554018784856,3216.66666666666,67.60658800021702,47.57918957034682,193,0,1,1,17073.90805291314,16877.14188916014,58.92645738852452,59.89244065975113,-57.323608673964046,20.0,kinematic,False,0,0.0,,,,random,event,2,171,15.817045000858343,7.950797000376042,3216.66666666666,500.0,0.05888799978492898,16887.320055715638
random-s0-0008,voronoi,1,0,completed,True,False,3,401,0,,16.08323000027667,0.04010780548697424,2849.9999999999945,33.16298700019615,85.93918273957462,171,0,0,0,10107.820166732447,9277.701254837404,59.062838717102295,59.511218945103295,5.870052968313416,20.0,kinematic,False,0,0.0,,,,random,event,0,0,3.864966000037384,3.7892310001552687,2849.9999999999945,100.0,0.052119999963906594,8490.640731046497
random-s0-0008,voronoi,1,0,completed,True,False,3,412,0,,28.8975409998784,0.07013966262106408,3083.333333333327,46.41284499984977,66.43275871891299,185,0,1,1,9377.82366463584,9623.882719086658,59.62034926741129,59.949032755515766,-11.914348481457921,20.0,kinematic,False,0,0.0,,,,random,event,23,0,4.336028000125225,4.269996999937575,3083.333333333327,500.0,0.05192799972064677,8490.640731046497
random-s0-0008,prm,1,0,completed,True,False,3,345,0,,12.237173001267365,0.03547006667034019,2116.6666666666642,25.78391199995167,82.09253377341001,127,0,0,0,9595.408822258865,8397.136128156431,59.2397862487108,59.939322639156075,19.42029269616856,20.0,kinematic,False,0,0.0,,,,random,event,0,0,6.919107000157965,6.8774950000261015,2116.6666666666642,100.0,0.018931000340671744,8490.640731046497
random-s0-0008,prm,1,0,completed,True,False,3,360,0,,12.847448004777107,0.035687355568825296,2166.666666666664,27.041341999847646,80.12422854897035,130,0,0,0,9595.408822258865,8753.78629380609,58.68258030242402,59.511218945103295,352.05040255688607,20.0,kinematic,False,0,0.0,,,,random,event,0,20,6.118689999766502,6.082989999868005,2166.666666666664,500.0,0.05048299999543815,8490.640731046497
random-s0-0008,visibility,1,0,completed,True,False,3,383,0,,15.42512099558735,0.040274467351403,2549.999999999996,30.693987000177003,83.0781612041893,153,0,0,0,8498.94513851566,8320.548556241654,58.752381976835615,59.511218945103295,1.102068767574906,20.0,kinematic,False,0,0.0,,,,random,event,0,0,9.319129000232351,9.28029000033348,2549.999999999996,100.0,0.019337000139785232,8490.640731046497
random-s0-0008,visibility,1,0,completed,True,False,3,383,0,,15.86414100120237,0.04142073368460149,2549.999999999996,31.36226299966438,81.30790817063438,153,0,0,0,8498.94513851566,8320.548556241654,58.752381976835615,59.511218945103295,1.102068767574906,20.0,kinematic,False,0,0.0,,,,random,event,0,11,9.069965999970009,9.033771000304114,2549.999999999996,500.0,0.034035000226140255,8490.640731046497
random-s0-0009,voronoi,1,0,completed,True,False,3,644,0,,29.117745998973987,0.04521389130275464,6733.333333333315,59.94628100006594,112.32278668506406,404,0,0,0,13217.215493178584,11654.075393699704,59.47002898440156,59.838713055387366,4.772745895452829,20.0,kinematic,False,0,0.0,,,,random,event,0,0,8.005923999917286,4.081660999872838,6733.333333333315,100.0,0.05375699993237504,10795.134518156035
random-s0-0009,voronoi,1,0,completed,True,False,3,693,0,,61.729091001780034,0.08907516739073598,6766.666666666648,96.02499599986913,70.46776306739831,406,0,0,0,13232.437600641784,13107.830381390844,58.8577394231264,59.07961448054349,0.2881509971821572,20.0,kinematic,False,0,0.0,,,,random,event,61,1,9.134031000485265,5.055369999809045,6766.666666666648,500.0,0.05743300016547437,10795.134518156035
random-s0-0009,prm,1,0,completed,True,False,3,637,0,,62.959559997125325,0.09883761381024384,6549.999999999982,92.24099500033844,71.00964164551726,393,0,0,0,14594.667483205767,15169.21961007321,59.259912983785625,59.59311380914095,72.50343006379049,20.0,kinematic,False,0,0.0,,,,random,event,6,0,14.072609999857377,7.427516000007017,6549.999999999982,100.0,0.026603000151226297,10795.134518156035
random-s0-0009,prm,1,0,completed,True,False,3,490,0,,26.93758899158638,0.05497467141140078,4016.666666666658,47.67120199994679,84.25771740916332,241,0,0,0,14594.667483205767,13528.795331559639,58.82140732204505,59.59311380914095,1.2621177997958455,20.0,kinematic,False,0,0.0,,,,random,event,1,52,12.70366299968373,6.376681999881839,4016.666666666658,500.0,0.051748000259976834,10795.134518156035
random-s0-0009,visibility,1,0,completed,True,False,3,445,0,,160.1817249998021,0.35995893258382494,3449.9999999999927,179.30810999996538,19.240624420170725,207,0,1,1,10855.805245268768,10654.494602121347,59.4495715421747,59.67112325978564,-14.15648202525611,20.0,kinematic,False,0,0.0,,,,random,event,16,21,17.041605999565945,8.62553700017088,3449.9999999999927,100.0,0.053962000038154656,10795.134518156035
random-s0-0009,visibility,1,0,completed,True,False,3,466,0,,171.22469000241836,0.3674349570867347,3449.9999999999927,190.90328499987663,18.07197817471932,207,0,1,1,10855.805245268768,10663.85207723119,59.22732078680534,59.59311380914095,-14.15648202525611,20.0,kinematic,False,0,0.0,,,,random,event,18,127,16.490408000208845,8.290885999940656,3449.9999999999927,500.0,0.08093199994618772,10795.134518156035
random-s0-0010,voronoi,1,0,completed,True,False,3,357,0,,10.497035999378568,0.029403462183133243,2266.6666666666633,25.229761999980838,89.84098489190603,136,0,0,0,9791.475761128608,9611.721168802038,59.918197442189154,59.97765183298757,78.97949847625665,20.0,kinematic,False,0,0.0,,,,random,event,0,0,0.10280000060447492,0.07482699993488495,2266.6666666666633,100.0,0.04584299995258334,9791.475761128608
random-s0-0010,voronoi,1,0,completed,True,False,3,389,0,,12.240958002621483,0.03146775836149481,2466.666666666663,28.60863400019298,86.22105713436105,148,0,0,0,9791.475761128608,10326.99732876527,59.055299612226214,59.956748800174076,78.97949847625665,20.0,kinematic,False,0,0.0,,,,random,event,17,0,0.08705900063432637,0.10291600028722314,2466.666666666663,500.0,0.05042100019636564,9791.475761128608
random-s0-0010,prm,1,0,completed,True,False,3,357,0,,5.643912003961304,0.01580927732202046,2266.6666666666633,19.741259000056743,114.8187492327692,136,0,0,0,9791.475761128608,9611.721168802038,59.918197442189154,59.97765183298757,78.97949847625665,20.0,kinematic,False,0,0.0,,,,random,event,0,0,0.050005999582936056,0.047078000079636695,2266.6666666666633,100.0,0.02000499989662785,9791.475761128608
random-s0-0010,prm,1,0,completed,True,False,3,357,0,,6.889861992931401,0.019299333313533337,2266.6666666666633,20.86207000002105,108.65013235332718,136,0,0,0,9791.475761128608,9611.721168802038,59.918197442189154,59.97765183298757,78.97949847625665,20.0,kinematic,False,0,0.0,,,,random,event,0,29,0.04478599976209807,0.14471099984803004,2266.6666666666633,500.0,0.050955000006069895,9791.475761128608
random-s0-0010,visibility,1,0,completed,True,False,3,357,0,,5.659562998062029,0.015853117641630332,2266.6666666666633,20.091716000024462,112.81598180383914,136,0,0,0,9791.475761128608,9611.721168802038,59.918197442189154,59.97765183298757,78.97949847625665,20.0,kinematic,False,0,0.0,,,,random,event,0,0,0.046857999677740736,0.04600299962476129,2266.6666666666633,100.0,0.022259000161284348,9791.475761128608
random-s0-0010,visibility,1,0,completed,True,False,3,357,0,,6.805910999446496,0.019064176469037804,2266.6666666666633,20.747895000113203,109.24803054258257,136,0,0,0,9791.475761128608,9611.721168802038,59.918197442189154,59.97765183298757,78.97949847625665,20.0,kinematic,False,0,0.0,,,,random,event,0,29,0.04458900048120995,0.08760599985180306,2266.6666666666633,500.0,0.05277499985822942,9791.475761128608
random-s0-0011,voronoi,1,0,completed,True,False,3,469,0,,29.937082000287774,0.06383173134389718,3116.6666666666606,49.17979000038031,63.372915310182485,187,0,0,0,13936.109095844424,14853.261211866064,59.34979473625825,59.714049263284984,266.12794441409187,20.0,kinematic,False,0,0.0,,,,random,event,16,0,0.09805000036067213,3.98092200020983,3116.6666666666606,100.0,0.05041699978391989,13936.109095844424
random-s0-0011,voronoi,1,0,completed,True,False,3,577,0,,183.76192400592117,0.31847820451632786,3433.333333333326,207.41071500015096,16.553307447644773,206,0,0,0,13936.109095844424,16955.900441081234,58.94013364225344,59.410056054566745,326.29099431908594,20.0,kinematic,False,0,0.0,,,,random,event,98,26,0.09904399985316559,4.514275000019552,3433.333333333326,500.0,4.029159999845433,13936.109095844424
random-s0-0011,prm,1,0,completed,True,False,3,520,0,,29.3327320082426,0.05640910001585116,3833.3333333333244,51.34081699998205,74.66443966668206,230,0,0,0,13936.109095844424,14941.901530133193,59.5751786791996,59.713047374230875,82.4252800505979,20.0,kinematic,False,0,0.0,,,,random,event,3,12,0.04946199987898581,6.807175999711035,3833.3333333333244,100.0,0.039555999592266744,13936.109095844424
random-s0-0011,prm,1,0,completed,True,False,3,478,0,,20.153217001734447,0.042161541844632736,3833.3333333333244,40.991820999806805,93.51458998006922,230,0,0,0,13936.109095844424,14216.686588108263,59.07267312977635,59.45278149708778,42.73855537339216,20.0,kinematic,False,0,0.0,,,,random,event,1,197,0.07842299964977428,4.809870999906707,3833.3333333333244,500.0,0.0685529998918355,13936.109095844424
random-s0-0011,visibility,1,0,completed,True,False,3,419,0,,93.71095199639967,0.2236538233804288,2849.9999999999945,110.72458400030882,25.739541274700528,171,0,0,0,13936.109095844424,13869.871303023358,59.32974699782253,59.86400488238382,375.68509388542145,20.0,kinematic,False,0,0.0,,,,random,event,9,9,0.04756399994221283,10.495665999769699,2849.9999999999945,100.0,0.04465100028028246,13936.109095844424
random-s0-0011,visibility,1,0,completed,True,False,3,455,0,,23.330852000526647,0.05127659780335527,3449.9999999999927,42.50723499990272,81.16265384017305,207,0,0,0,13936.109095844424,13855.353007416592,59.005876930330054,59.45278149708778,42.73855537339216,20.0,kinematic,False,0,0.0,,,,random,event,1,194,0.08025999977689935,8.492945999933,3449.9999999999927,500.0,0.05897800019738497,13936.109095844424
random-s0-0012,voronoi,1,0,completed,True,False,3,443,0,,29.403853001895186,0.06637438600879275,2883.333333333328,47.341805000087334,60.90459232232504,173,0,0,0,16131.612286472511,15195.71788933859,59.23587422159079,59.98187593676782,4.481303890952773,20.0,kinematic,False,0,0.0,,,,random,event,7,1,4.126125999846408,4.17912399962006,2883.333333333328,100.0,0.051422000069578644,14969.883993399744
random-s0-0012,voronoi,1,0,completed,True,False,3,623,0,,117.73690100244494,0.18898378973105126,4249.99999999999,143.87451200036594,29.539631036171162,255,0,0,0,16105.317687068316,19780.075422152913,58.969796901939056,59.346710171712225,1.463428295987768,20.0,kinematic,False,0,0.0,,,,random,event,130,17,4.159661999892705,6.709736999710003,4249.99999999999,500.0,0.07625400030519813,14969.883993399744
random-s0-0012,prm,1,0,completed,True,False,3,421,0,,13.935746001152438,0.033101534444542606,2733.3333333333285,30.72790200030795,88.95281341713259,164,0,0,0,15402.567557088241,14854.153306233708,59.629303782596395,59.888855326982565,9.959169282673372,20.0,kinematic,False,0,0.0,,,,random,event,0,20,6.262002999847027,6.226523999885103,2733.3333333333285,100.0,0.04052900021633832,14969.883993399744
random-s0-0012,prm,1,0,completed,True,False,3,462,0,,145.38576499762712,0.3146878030251669,3416.6666666666592,165.10326099978556,20.694119825235294,205,0,0,0,15402.567557088241,16154.531687507962,59.30510350236445,59.888855326982565,91.59041327728295,20.0,kinematic,False,0,0.0,,,,random,event,1,136,6.307579999429436,19.677470000260655,3416.6666666666592,500.0,0.07669000024179695,14969.883993399744
random-s0-0012,visibility,1,0,completed,True,False,3,432,0,,16.992825997476757,0.03933524536452953,2916.666666666661,34.49280400036514,84.55870003017978,175,0,0,0,14969.893879773072,14790.902732047784,59.662003789315435,59.888855326982565,4.459945274664221,20.0,kinematic,False,0,0.0,,,,random,event,0,18,9.225014000094234,9.190838999984408,2916.666666666661,100.0,0.040297999930771766,14969.883993399744
random-s0-0012,visibility,1,0,completed,True,False,3,481,0,,28.619281996725476,0.059499546770739035,3733.333333333325,48.99831400007315,76.19309785491295,224,0,0,0,14969.893879773072,14791.995161851079,59.46488177303983,59.888855326982565,3.221621542265865,20.0,kinematic,False,0,0.0,,,,random,event,1,63,8.540091000213579,8.779054000115138,3733.333333333325,500.0,0.05576600005952059,14969.883993399744
random-s0-0013,voronoi,1,0,completed,True,False,3,445,0,,17.42780200584093,0.03916360001312569,3249.999999999993,36.14396200009651,89.91819989162548,195,0,0,0,12307.73338343244,11360.102722913589,59.17119971831763,59.70788886879185,2.64050715529919,20.0,kinematic,False,0,0.0,,,,random,event,0,0,4.169105000528361,4.0972070000862,3249.999999999993,100.0,0.03792100005739485,11317.360084386648
random-s0-0013,voronoi,1,0,completed,True,False,3,494,0,,36.04975399593968,0.07297521051809652,3949.999999999991,57.541339000181324,68.64629966270934,237,0,0,0,12308.127066759946,12534.840295167438,59.27634320716388,59.485358948600705,247.04961938317206,20.0,kinematic,False,0,0.0,,,,random,event,27,2,4.3449289992167905,4.334955000103946,3949.999999999991,500.0,0.048289000005752314,11317.360084386648
random-s0-0013,prm,1,0,completed,True,False,3,402,0,,19.22024600162331,0.04781155721796843,2533.3333333333294,35.20911599980536,71.95106327995664,152,0,0,0,11699.668016530512,11729.382198674672,59.10835546492226,59.519356108605756,84.10287347590628,20.0,kinematic,False,0,0.0,,,,random,event,1,1,6.585609000012482,6.549461999838968,2533.3333333333294,100.0,0.02304299960087519,11317.360084386648
random-s0-0013,prm,1,0,completed,True,False,3,398,0,,15.545030002613203,0.039057864328173875,2466.666666666663,31.44723100012925,78.43827860890279,148,0,0,0,11699.668016530512,11354.463475228566,59.24747258396119,59.93670746572257,150.25500808040704,20.0,kinematic,False,0,0.0,,,,random,event,0,84,6.0121030001027975,5.980861999887566,2466.666666666663,500.0,0.055480999890278326,11317.360084386648
random-s0-0013,visibility,1,0,completed,True,False,3,438,0,,25.682905001758627,0.058636769410407824,3133.333333333327,43.74902299969108,71.62064701091616,188,0,0,0,11381.549666014871,11212.611148556281,58.95481369211516,59.06906065655597,10.798315442228812,20.0,kinematic,False,0,0.0,,,,random,event,1,0,9.024115000102029,9.30988999971305,3133.333333333327,100.0,0.023770000098011224,11317.360084386648
random-s0-0013,visibility,1,0,completed,True,False,3,438,0,,40.89331700015464,0.09336373744327543,3133.333333333327,58.8175810003122,53.27205369626975,188,0,1,1,11393.633996965982,11196.826887718737,59.167238792742474,59.696006092066405,-12.86811336058389,20.0,kinematic,False,0,0.0,,,,random,event,3,75,7.887989999744605,7.851446999666223,3133.333333333327,500.0,0.05594300000666408,11317.360084386648
random-s0-0014,voronoi,1,0,completed,True,False,3,388,0,,43.495273996086325,0.11210122163939774,2399.9999999999964,59.40249200011749,40.40234540994087,144,0,0,0,9548.932997177195,10279.81491569787,59.06462824042165,59.94552590113568,217.86938861172928,20.0,kinematic,False,0,0.0,,,,random,event,12,1,0.10118099999090191,4.174906999651284,2399.9999999999964,100.0,0.049188000048161484,9548.932997177195
random-s0-0014,voronoi,1,0,completed,True,False,3,395,0,,16.5719099945818,0.04195420251792861,2433.3333333333294,32.50152999999045,74.86827030401474,146,0,0,0,9548.932997177195,10718.17805529422,59.65379292568104,59.94552590113568,183.09284746897873,20.0,kinematic,False,0,0.0,,,,random,event,39,0,0.08372399997824687,4.166415999861783,2433.3333333333294,500.0,0.052707000122609315,9548.932997177195
random-s0-0014,prm,1,0,completed,True,False,3,368,0,,12.381282000660576,0.03364478804527331,2133.3333333333308,26.930649999940215,79.21581296173939,128,0,0,0,9548.932997177195,9896.931745195994,59.06009882549376,59.94552590113568,106.56875683146001,20.0,kinematic,False,0,0.0,,,,random,event,1,7,0.058573000387696084,5.940705999819329,2133.3333333333308,100.0,0.030369999876711518,9548.932997177195
random-s0-0014,prm,1,0,completed,True,False,3,356,0,,7.269087000167929,0.020418783708336878,2133.3333333333308,21.171941999909905,100.76228875661991,128,0,0,0,9548.932997177195,9371.730492605342,59.06750152395191,59.94552590113568,106.56875683146001,20.0,kinematic,False,0,0.0,,,,random,event,0,39,0.04969200017512776,0.13910699999541976,2133.3333333333308,500.0,0.05173999988983269,9548.932997177195
random-s0-0014,visibility,1,0,completed,True,False,3,361,0,,15.521545999490627,0.04299597229775797,2133.3333333333308,29.575458000181243,72.13187817143043,128,0,0,0,9548.932997177195,9405.90826158198,59.246455865857115,59.94552590113568,106.56875683146001,20.0,kinematic,False,0,0.0,,,,random,event,1,7,0.047402999825862935,9.4405459999507,2133.3333333333308,100.0,0.026748999971459853,9548.932997177195
random-s0-0014,visibility,1,0,completed,True,False,3,356,0,,7.24594500297826,0.02035377809825354,2133.3333333333308,21.16025899977103,100.8179216216784,128,0,0,0,9548.932997177195,9371.730492605342,59.06750152395191,59.94552590113568,106.56875683146001,20.0,kinematic,False,0,0.0,,,,random,event,0,39,0.05037600021751132,0.07633399991391343,2133.3333333333308,500.0,0.054292000186251244,9548.932997177195
random-s0-0015,voronoi,1,0,completed,True,False,3,438,0,,79.57229799740162,0.18167191323607676,3083.333333333327,98.28090400014844,31.372659467282375,185,0,0,0,14141.701000393146,12257.04248615805,58.88913398156444,59.17983784936079,2.421930544842496,20.0,kinematic,False,0,0.0,,,,random,event,6,9,8.15716799979782,4.28109000040422,3083.333333333327,100.0,0.05487199996423442,10811.506667412943
random-s0-0015,voronoi,1,0,completed,True,False,3,602,0,,168.7723930035645,0.2803528122982799,4266.666666666657,194.3835259999105,21.94973388160796,256,0,0,0,13520.852977552364,13991.351176883636,58.875800033803955,59.82279152466978,91.69617685097592,20.0,kinematic,False,0,0.0,,,,random,event,81,13,8.085442999799852,4.679676000250765,4266.666666666657,500.0,3.900328999861813,10811.506667412943
random-s0-0015,prm,1,0,completed,True,False,3,410,0,,41.04155199956949,0.1001013463404134,2449.9999999999964,57.16466200010473,42.85864578357006,147,0,0,0,16082.098035046381,12277.244979697047,59.7615523324454,59.908187473126574,3.888650287282104,20.0,kinematic,False,0,0.0,,,,random,event,4,5,12.220430000070337,6.272414000250137,2449.9999999999964,100.0,0.032154999644262716,10811.506667412943
random-s0-0015,prm,1,0,completed,True,False,3,439,0,,33.21734999826731,0.07566594532634922,2649.9999999999955,50.6320899999082,52.33834905896241,159,1,0,1,16082.098035046381,13263.943298506329,58.9030782496397,59.321998317689804,-66.64802242535583,20.0,kinematic,False,0,0.0,,,,random,event,2,129,12.179848999949172,6.299826000031317,2649.9999999999955,500.0,0.0621889998910774,10811.506667412943
random-s0-0015,visibility,1,0,completed,True,False,3,442,0,,163.41950899368385,0.3697273959133119,3166.66666666666,182.4966350000068,17.351918114361627,190,0,2,2,10843.560033100148,10812.69630146745,59.45484093466721,59.886322763517455,-5.670412689677562,20.0,kinematic,False,0,0.0,,,,random,event,15,32,19.03557900004671,9.812245999910374,3166.66666666666,100.0,0.05615400004899129,10811.506667412943
random-s0-0015,visibility,1,0,completed,True,False,3,396,0,,34.60174400015603,0.08737814141453544,2366.6666666666633,50.16429000033895,47.17831482615765,142,0,0,0,10915.30250954315,10665.626635907332,58.77204148965361,59.17983784936079,56.05234537978404,20.0,kinematic,False,0,0.0,,,,random,event,1,86,16.971008000382426,8.614718999979232,2366.6666666666633,500.0,0.05632800002786098,10811.506667412943
random-s0-0016,voronoi,1,0,completed,True,False,3,417,0,,16.16665000346984,0.03876894485244566,2649.9999999999955,32.71062500016342,81.0134321795061,159,0,0,0,13858.511264816432,12890.026658008113,58.65051792462807,59.02898462002609,67.659590167852,20.0,kinematic,False,0,0.0,,,,random,event,0,0,4.147705999457685,4.057017999912205,2649.9999999999955,100.0,0.043978000121569494,13065.953796965861
random-s0-0016,voronoi,1,0,completed,True,False,3,450,0,,34.525103000305535,0.07672245111179007,2866.6666666666615,52.77307500000461,54.32062972768615,172,0,0,0,13666.962674619981,13658.687551669182,59.1306909971608,59.77041755370896,102.97366462894848,20.0,kinematic,False,0,0.0,,,,random,event,29,1,3.9813660000618256,4.322620999573701,2866.6666666666615,500.0,0.0517240000590391,13065.953796965861
random-s0-0016,prm,1,0,completed,True,False,3,402,0,,18.88630300118166,0.046980853236770294,2399.9999999999964,43.07870599996022,55.711979835285966,144,0,0,0,13124.921643470037,12898.231719529633,58.46654990825707,58.872642618694975,64.49938861548424,20.0,kinematic,False,0,0.0,,,,random,event,0,0,8.993043999907968,8.937280999816721,2399.9999999999964,100.0,0.0338139998348197,13065.953796965861
random-s0-0016,prm,1,0,completed,True,False,3,450,0,,47.31714999888936,0.10514922221975415,2816.6666666666615,75.57377400007681,37.27042487865961,169,0,0,0,13124.921643470037,14369.458919248744,59.15197510935342,59.44246954923562,106.09576872111171,20.0,kinematic,False,0,0.0,,,,random,event,4,26,10.434876999624976,10.38031799998862,2816.6666666666615,500.0,0.07899999991423101,13065.953796965861
random-s0-0016,visibility,1,0,completed,True,False,3,406,0,,17.926862002695998,0.04415483251895566,2466.666666666663,33.506051000131265,73.61854330899811,148,0,0,0,13073.956824875726,12891.820561999242,58.787212836988736,59.43906935710808,57.841269323282376,20.0,kinematic,False,0,0.0,,,,random,event,0,0,11.597974999858707,11.559663000298315,2466.666666666663,100.0,0.021985999865137273,13065.953796965861
random-s0-0016,visibility,1,0,completed,True,False,3,430,0,,32.28066400197349,0.07507131163249649,2699.9999999999955,49.00992299963036,55.090884350509164,162,0,0,0,13090.230448621824,12914.961801092322,58.817804115920175,59.85816102274744,116.91854117279064,20.0,kinematic,False,0,0.0,,,,random,event,2,19,8.848710999700415,8.79142999974647,2699.9999999999955,500.0,0.049853000291477656,13065.953796965861
random-s0-0017,voronoi,1,0,completed,True,False,3,460,0,,21.757850000085455,0.04729967391322925,3049.999999999994,40.54610799994407,75.2230029082989,183,0,0,0,11886.178190768407,12470.916451107396,59.69687635879156,59.98199574660817,68.34314841423486,20.0,kinematic,False,0,0.0,,,,random,event,12,0,0.09706499986350536,4.196738000246114,3049.999999999994,100.0,0.04488600006880006,11886.178190768407
random-s0-0017,voronoi,1,0,completed,True,False,3,610,0,,52.53596300053687,0.08612452950907683,4783.333333333322,78.99126400025125,60.555219540709054,287,0,0,0,15627.629678436253,18802.263429589773,58.86324149620136,59.110788741605525,79.02577933278036,20.0,kinematic,False,0,0.0,,,,random,event,91,2,4.07466700016812,4.2958950002685015,4783.333333333322,500.0,0.053219000164972385,11886.178190768407
random-s0-0017,prm,1,0,completed,True,False,3,427,0,,14.375009998275345,0.0336651288015816,2533.3333333333294,31.10819299990908,81.43620985445004,152,0,1,1,11886.178190768407,12013.79357738877,59.440912986177786,59.98199574660817,-78.94367212268345,20.0,kinematic,False,0,0.0,,,,random,event,1,32,0.052722000418725656,6.228704000022844,2533.3333333333294,100.0,0.04497199961406295,11886.178190768407
random-s0-0017,prm,1,0,completed,True,False,3,534,0,,22.855992005588632,0.04280148315653302,4316.666666666657,45.44397200015737,94.9887625723321,259,0,0,0,14565.689963388031,14829.220827516769,59.6113500382994,59.98199574660817,145.6723142805817,20.0,kinematic,False,0,0.0,,,,random,event,1,104,5.536570999538526,5.504737999672216,4316.666666666657,500.0,0.05294699985824991,11886.178190768407
random-s0-0017,visibility,1,0,completed,True,False,3,416,0,,113.97010599921487,0.27396660095965114,2349.9999999999964,129.89732100004403,18.091212212137922,141,0,0,0,11886.178190768407,11797.287009131564,59.75738655276414,59.98199574660817,71.22571446802428,20.0,kinematic,False,0,0.0,,,,random,event,12,1,0.04817200033357949,10.345615000005637,2349.9999999999964,100.0,0.03614899969761609,11886.178190768407
random-s0-0017,visibility,1,0,completed,True,False,3,428,0,,26.19635399787512,0.06120643457447458,2549.999999999996,42.855319999944186,59.50253084105584,153,0,0,0,12546.644353291606,11742.71679343922,59.80375431287805,59.98199574660817,39.0021758888017,20.0,kinematic,False,0,0.0,,,,random,event,1,89,8.412107999902219,8.378409999750147,2549.999999999996,500.0,0.054335000186256366,11886.178190768407
random-s0-0018,voronoi,1,0,completed,True,False,3,534,0,,65.60008900214598,0.12284660861825089,3566.666666666659,87.66283999966618,40.686186606323055,214,0,0,0,14777.231558401452,14815.053273806132,59.15996652645146,59.929967841414346,0.7778695002228062,20.0,kinematic,False,0,0.0,,,,random,event,18,6,7.812268000179756,4.075945999829855,3566.666666666659,100.0,0.0560629996471107,13651.135847006215
random-s0-0018,voronoi,1,0,completed,True,False,3,676,0,,103.78201900493877,0.153523696752868,4749.999999999988,132.12157699990712,35.951735574601315,285,0,0,0,16611.44566560894,20539.037358137713,59.86560278634166,59.9812398651708,60.59606796034899,20.0,kinematic,False,0,0.0,,,,random,event,142,11,11.550889000773168,4.118535000088741,4749.999999999988,500.0,0.075906999882136,13651.135847006215
random-s0-0018,prm,1,0,completed,True,False,3,513,0,,28.8437589933892,0.056225651059238206,3749.9999999999914,49.97907699998905,75.03139763867215,225,0,0,0,14727.606242970734,14597.958645745159,58.88724206550584,59.141071954050105,1.9726413133589915,20.0,kinematic,False,0,0.0,,,,random,event,1,0,12.997698999697604,6.821970999681071,3749.9999999999914,100.0,0.027588000193645712,13651.135847006215
random-s0-0018,prm,1,0,completed,True,False,3,528,0,,43.99700700196263,0.08332766477644438,3766.6666666666583,65.9877680000136,57.08128613572567,226,0,0,0,16769.510890383004,14881.167814961638,59.49442563189401,59.97156455007129,1.9726413133589915,20.0,kinematic,False,0,0.0,,,,random,event,2,183,18.835459000456467,6.428889000289928,3766.6666666666583,500.0,0.06308899992291117,13651.135847006215
random-s0-0018,visibility,1,0,completed,True,False,3,515,0,,87.28188000031878,0.1694793786413957,2983.3333333333276,108.21911200036993,27.567527382068423,179,0,0,0,13667.949237607969,13535.810565403313,59.06398119215384,59.55451202524133,0.8250927681462485,20.0,kinematic,False,0,0.0,,,,random,event,6,50,20.609906000572664,9.834751999733271,2983.3333333333276,100.0,0.049620000027061906,13651.135847006215
random-s0-0018,visibility,1,0,completed,True,False,3,542,0,,51.79574400290221,0.09556410332638784,3149.9999999999936,72.8038799998103,43.2669247848906,189,0,0,0,13756.30366379507,13552.964491692415,58.61058613021819,59.299530874698604,1.374903821298659,20.0,kinematic,False,0,0.0,,,,random,event,1,229,26.80195899984028,9.329249000074924,3149.9999999999936,500.0,0.05561400030273944,13651.135847006215
random-s0-0019,voronoi,1,0,completed,True,False,3,397,0,,19.828041006803687,0.04994468767456848,2683.3333333333285,36.325592000139295,73.86894983908422,161,0,0,0,12882.626982560483,12778.022386621013,58.75124028476003,59.59200577125771,371.44746883272376,20.0,kinematic,False,0,0.0,,,,random,event,3,0,0.10191399996983819,3.9796490000298945,2683.3333333333285,100.0,0.04876000002695946,12882.626982560483
random-s0-0019,voronoi,1,0,completed,True,False,3,584,0,,48.345606993279944,0.08278357361863004,4799.999999999988,73.64488799976243,65.17764002866664,288,0,0,0,12882.626982560483,16216.621070116256,59.000233693451726,59.408878212103325,19.801697727408794,20.0,kinematic,False,0,0.0,,,,random,event,67,3,0.08384000011574244,4.303173999687715,4799.999999999988,500.0,0.06010800007061334,12882.626982560483
random-s0-0019,prm,1,0,completed,True,False,3,422,0,,31.0543369955667,0.07358847629281208,2833.333333333328,47.92197100005069,59.123889819355114,170,0,0,0,12882.626982560483,13578.747060571153,58.492918145427005,58.559156109612935,291.8662218883129,20.0,kinematic,False,0,0.0,,,,random,event,3,25,0.05245200009085238,6.616086000121868,2833.333333333328,100.0,0.06005199975334108,12882.626982560483
random-s0-0019,prm,1,0,completed,True,False,3,398,0,,25.948744995275774,0.06519785174692405,2649.9999999999955,42.13451999976314,62.8937982446434,159,0,0,0,12882.626982560483,12740.91274081076,58.985515333272815,59.4105375395183,405.7674818056562,20.0,kinematic,False,0,0.0,,,,random,event,1,77,0.0763709995226236,16.29545900004814,2649.9999999999955,500.0,0.059502000112843234,12882.626982560483
random-s0-0019,visibility,1,0,completed,True,False,3,409,0,,41.90271399693302,0.1024516234643839,2666.666666666662,58.138478999808285,45.867499675652944,160,0,0,0,12882.626982560483,12725.463965100551,58.38911360668177,58.76441459847108,412.559659596856,20.0,kinematic,False,0,0.0,,,,random,event,4,8,0.048630000037519494,8.974518999821157,2666.666666666662,100.0,0.03236300017306348,12882.626982560483
random-s0-0019,visibility,1,0,completed,True,False,3,399,0,,16.55438599846093,0.04148968921920033,2649.9999999999955,32.46114699959435,81.63605555999334,159,0,0,0,12882.626982560483,12735.171108129005,58.71566105081013,59.4105375395183,405.7674818056562,20.0,kinematic,False,0,0.0,,,,random,event,1,77,0.04542700025922386,7.147396999698685,2649.9999999999955,500.0,0.055095999869081425,12882.626982560483
random-s0-0020,voronoi,1,0,completed,True,False,3,533,0,,44.67262599473543,0.08381355721338729,3866.666666666658,67.52822599992214,57.26000660332934,232,0,0,0,14989.407529101005,12988.47474323089,58.947382035008864,59.993241089457996,2.4260449664552937,20.0,kinematic,False,0,0.0,,,,random,event,28,1,12.40835499993409,4.558883000299829,3866.666666666658,100.0,0.049621000016486505,11625.879222693296
random-s0-0020,voronoi,1,0,completed,True,False,3,587,0,,125.64976000021488,0.21405410562217186,4399.99999999999,151.79805500019938,28.985878639842987,264,0,0,0,14476.147925052246,13666.249557308165,58.85480559195824,59.57067361843834,13.710706807138308,20.0,kinematic,False,0,0.0,,,,random,event,77,3,11.600807999911922,5.365510000046925,4399.99999999999,500.0,0.09453699976802454,11625.879222693296
random-s0-0020,prm,1,0,completed,True,False,3,450,0,,38.29364599596374,0.08509699110214165,2933.3333333333276,57.1846140001071,51.295849147951465,176,0,1,1,13052.245261894715,11953.832655138986,59.54888051042499,59.679747041413805,-132.9570856970207,20.0,kinematic,False,0,0.0,,,,random,event,2,15,18.253779000133363,6.164625000110391,2933.3333333333276,100.0,0.0459799998679955,11625.879222693296
random-s0-0020,prm,1,0,completed,True,False,3,588,0,,52.10727499161294,0.08861781461158663,4933.333333333321,78.01506700025129,63.2356482282766,296,0,0,0,13383.596737832833,15384.305749498204,59.06684552010116,59.59142085659006,47.09664009704892,20.0,kinematic,False,0,0.0,,,,random,event,4,143,17.65859500028455,5.994512000143004,4933.333333333321,500.0,0.0656719998914923,11625.879222693296
random-s0-0020,visibility,1,0,completed,True,False,3,490,0,,181.54955999671074,0.3705093061157362,3866.666666666658,202.64874499980579,19.080634655153496,232,0,1,1,11755.363123159075,11567.538851930058,58.76710560398042,59.72044333725087,-10.82976748671851,20.0,kinematic,False,0,0.0,,,,random,event,16,46,26.65917000012996,9.528336000130366,3866.666666666658,100.0,0.06716999996569939,11625.879222693296
random-s0-0020,visibility,1,0,completed,True,False,3,617,0,,92.8844070035666,0.15054198866056173,4749.999999999988,119.00405100004718,39.91460761279551,285,0,2,2,11900.470853111243,11650.295558930859,58.55623923648267,58.74801722433571,-15.3854637957009,20.0,kinematic,False,0,0.0,,,,random,event,6,92,26.136059000236855,9.092884999972739,4749.999999999988,500.0,0.05340799998521106,11625.879222693296
random-s0-0021,voronoi,1,0,completed,True,False,3,436,0,,24.358345998734876,0.05586776605214421,3066.6666666666606,42.367612999896664,72.38233286057773,184,0,0,0,19684.017213330426,15467.913353937449,58.8571402005113,59.11010557155801,37.08996249221053,20.0,kinematic,False,0,0.0,,,,random,event,1,1,4.00587700005417,3.96907000003921,3066.6666666666606,100.0,0.03716400033226819,15409.550782864822
random-s0-0021,voronoi,1,0,completed,True,False,3,493,0,,20.664026002123137,0.04191486004487452,3349.999999999993,41.3978669998869,80.92204364077853,201,0,0,0,19746.91300529216,16165.135907388165,58.753565312471885,59.03368514254482,37.08996249221053,20.0,kinematic,False,0,0.0,,,,random,event,75,0,4.089682000085304,4.025159999855532,3349.999999999993,500.0,0.06004499982736888,15409.550782864822
random-s0-0021,prm,1,0,planning_failed,False,False,3,253,1,B1,4.1396070005248475,0.016362083006027064,2366.6666666666633,15.444388999640069,153.23796018876618,142,0,0,0,7558.291137432125,7440.8298224021455,2656.240320154225,7851.2596454326995,37.08996249221053,20.0,kinematic,False,0,0.0,,,,random,event,0,0,0.20135200020376942,0.1644779999878665,,100.0,0.018366999938734807,15409.550782864822
random-s0-0021,prm,1,0,planning_failed,False,False,3,253,1,B1,4.133522999836714,0.01633803557247713,2366.6666666666633,15.139801999794145,156.32084664639888,142,0,0,0,7558.291137432125,7440.8298224021455,2656.240320154225,7851.2596454326995,37.08996249221053,20.0,kinematic,False,0,0.0,,,,random,event,0,0,0.17375200013702852,0.1407350000590668,,500.0,0.018211999758932507,15409.550782864822
random-s0-0021,visibility,1,0,planning_failed,False,False,3,253,1,B1,4.068361000463483,0.016080478262701512,2366.6666666666633,15.146817000186275,156.24844920471133,142,0,0,0,7558.291137432125,7440.8298224021455,2656.240320154225,7851.2596454326995,37.08996249221053,20.0,kinematic,False,0,0.0,,,,random,event,0,0,0.11206699991817004,0.07660599976588855,,100.0,0.018198000361735467,15409.550782864822
random-s0-0021,visibility,1,0,planning_failed,False,False,3,253,1,B1,4.106114000933303,0.016229699608432027,2366.6666666666633,15.328262999901199,154.39888177035573,142,0,0,0,7558.291137432125,7440.8298224021455,2656.240320154225,7851.2596454326995,37.08996249221053,20.0,kinematic,False,0,0.0,,,,random,event,0,0,0.10120900014953804,0.06926300011400599,,500.0,0.018590999843581812,15409.550782864822
random-s0-0022,voronoi,1,0,completed,True,False,3,368,0,,31.482073998631677,0.08554911412671651,2766.6666666666615,47.24967999982255,58.554188444811736,166,0,0,0,8431.786870381946,7973.232232148763,59.47345161246087,59.65816186975412,21.14138188916351,20.0,kinematic,False,0,0.0,,,,random,event,8,0,4.056795999986207,8.328618000177812,2766.6666666666615,100.0,0.05180300013307715,7651.11141385183
random-s0-0022,voronoi,1,0,planning_failed,False,False,3,243,1,B2,46.53234099987458,0.1914911152258213,2083.3333333333308,57.4628650001614,36.25529867554427,125,0,0,0,3604.3546568920046,5107.442784421613,1388.316443745378,4046.756756959825,511.09157859143386,20.0,kinematic,False,0,0.0,,,,random,event,29,0,3.8869539998813707,3.9639470001020527,,500.0,0.0628800003141805,7651.11141385183
random-s0-0022,prm,1,0,completed,True,False,3,411,0,,26.765224995870085,0.06512220193642357,3499.9999999999923,44.48233499988419,78.68291986041436,210,0,0,0,7652.239575789705,9302.993770212135,59.43356797360868,59.65816186975412,1.388195034455265,20.0,kinematic,False,0,0.0,,,,random,event,2,0,6.565518999650521,6.8447110002125555,3499.9999999999923,100.0,0.027951999982178677,7651.11141385183
random-s0-0022,prm,1,0,planning_failed,False,False,3,202,1,B2,9.788948003006226,0.048460138628743696,1699.9999999999989,18.60783799975252,91.35935082961323,102,0,0,0,3604.3546568920046,3485.2351617934355,1388.6773137578386,4046.756756959825,511.09157859143386,20.0,kinematic,False,0,0.0,,,,random,event,1,25,0.13896900054533035,5.352615999981936,,500.0,0.058894000176223926,7651.11141385183
random-s0-0022,visibility,1,0,completed,True,False,3,349,0,,47.82214299484622,0.13702619769296912,2466.666666666663,61.91505199967651,39.83953153555537,148,0,1,1,7652.328400242051,7475.590977886162,59.57630075765019,59.65816186975412,-173.11490428653246,20.0,kinematic,False,0,0.0,,,,random,event,1,58,31.436906999715575,31.403162999595224,2466.666666666663,100.0,0.05310500000632601,7651.11141385183
random-s0-0022,visibility,1,0,planning_failed,False,False,3,202,1,B2,11.796288002642541,0.05839746535961654,1699.9999999999989,20.287063000068883,83.7972455645367,102,0,0,0,3604.3546568920046,3485.925480345818,1388.654070863907,4046.756756959825,511.09157859143386,20.0,kinematic,False,0,0.0,,,,random,event,1,25,0.08408199983023223,7.496203999835416,,500.0,0.05364399976315326,7651.11141385183
random-s0-0023,voronoi,1,0,completed,True,False,3,497,0,,30.823933001101977,0.06201998591771021,3566.666666666659,51.46973799992338,69.29638279238895,214,0,0,0,16411.11563373796,15345.020594298436,58.693917005699426,59.284034127536316,2.2471628679974742,20.0,kinematic,False,0,0.0,,,,random,event,17,0,4.041182000491972,3.96761600040918,3566.666666666659,100.0,0.04488800004764926,14413.187553466782
random-s0-0023,voronoi,1,0,completed,True,False,3,663,0,,85.77794299662855,0.1293784962241758,3933.3333333333244,113.89571000017895,34.53451700092255,236,0,0,0,16680.26520489225,19656.56162403257,58.63078825665775,59.217788231461896,146.42630210073628,20.0,kinematic,False,0,0.0,,,,random,event,90,9,3.9338480000878917,5.057027000020753,3933.3333333333244,500.0,0.06259800011321204,14413.187553466782
random-s0-0023,prm,1,0,completed,True,False,3,530,0,,29.291369003658474,0.05526673396916693,4133.333333333324,52.02867800016975,79.4433664703116,248,0,0,0,15052.707400950214,14715.40334336246,58.55925047459488,58.83556395477015,0.12066106663129972,20.0,kinematic,False,0,0.0,,,,random,event,2,14,7.393365000552876,7.357528000284219,4133.333333333324,100.0,0.03732599998329533,14413.187553466782
random-s0-0023,prm,1,0,completed,True,False,3,517,0,,25.171153000428603,0.04868694971069362,3916.6666666666574,46.83960300008039,83.61869904533425,235,0,0,0,16400.70702839428,16848.663136769414,59.12782619799862,59.83234259011465,25.322108990495764,20.0,kinematic,False,0,0.0,,,,random,event,2,84,6.028262999734579,5.994239999836282,3916.6666666666574,500.0,0.05587499981629662,14413.187553466782
random-s0-0023,visibility,1,0,completed,True,False,3,437,0,,25.48625400822857,0.058320947387250736,2766.6666666666615,42.73942100007844,64.73336797570524,166,0,0,0,14443.72733421477,14252.817457015326,58.95135592083097,59.738317426743386,52.68780391928567,20.0,kinematic,False,0,0.0,,,,random,event,1,0,9.18969000076686,9.155286000350316,2766.6666666666615,100.0,0.023825999960536137,14413.187553466782
random-s0-0023,visibility,1,0,completed,True,False,3,479,0,,34.43756099341044,0.0718946993599383,3283.3333333333267,53.81173899968417,61.01518728752842,197,0,1,1,14587.090187647878,14363.880206068272,59.34710790118612,59.67632799446375,-9.327117838011475,20.0,kinematic,False,0,0.0,,,,random,event,2,69,8.448408999356616,8.416304999627755,3283.3333333333267,500.0,0.0543650003237417,14413.187553466782
random-s0-0024,voronoi,1,0,completed,True,False,3,409,0,,15.894353002295247,0.03886149878311796,2749.999999999995,32.72302200002741,84.03869300328347,165,0,0,0,11381.00891279355,11482.78714179459,59.04083082883267,59.52654888624306,99.11860744310576,20.0,kinematic,False,0,0.0,,,,random,event,1,0,0.10450499985381612,3.970320000007632,2749.999999999995,100.0,0.03504500000417465,11381.00891279355
random-s0-0024,voronoi,1,0,completed,True,False,3,470,0,,83.46733500638948,0.17759007448167974,3083.333333333327,102.6326460000746,30.042422693955352,185,0,0,0,11665.315887934283,13384.369737297315,58.968900886671015,59.341517865916494,7.768738563473505,20.0,kinematic,False,0,0.0,,,,random,event,75,7,0.10566299988568062,4.206427999633888,3083.333333333327,500.0,0.06896200011397013,11381.00891279355
random-s0-0024,prm,1,0,completed,True,False,3,408,0,,12.643194010252046,0.030988220613362857,2733.3333333333285,28.744103999997606,95.09196506294147,164,0,0,0,11381.00891279355,11315.517213021165,59.00116312308546,59.407545769001466,99.11860744310576,20.0,kinematic,False,0,0.0,,,,random,event,1,0,0.048146000153792556,5.949777999830985,2733.3333333333285,100.0,0.02436600016153534,11381.00891279355
random-s0-0024,prm,1,0,planning_failed,False,False,3,245,1,B1,4.2296689989598235,0.017263955097795197,2199.9999999999973,14.935370999864972,147.30132917487535,132,0,0,0,6897.231017982076,6779.63507438182,1533.791279470576,4483.777894811473,99.11860744310576,20.0,kinematic,False,0,0.0,,,,random,event,0,6,0.15691499947934062,0.12452499959181296,,500.0,0.019737999991775723,11381.00891279355
random-s0-0024,visibility,1,0,completed,True,False,3,403,0,,31.911025003410032,0.0791836848719852,2649.9999999999955,47.94446300002164,55.27228451800157,159,0,0,0,11381.00891279355,11208.38419686459,58.74125256662435,58.92655349687336,99.11860744310576,20.0,kinematic,False,0,0.0,,,,random,event,3,0,0.04680200026996317,8.465814999908616,2649.9999999999955,100.0,0.02377300006628502,11381.00891279355
random-s0-0024,visibility,1,0,planning_failed,False,False,3,245,1,B1,4.159332001108851,0.016976865310648372,2199.9999999999973,14.85820900006729,148.06629789566387,132,0,0,0,6897.231017982076,6779.63507438182,1533.791279470576,4483.777894811473,99.11860744310576,20.0,kinematic,False,0,0.0,,,,random,event,0,6,0.09756199960975209,0.06469199979619589,,500.0,0.019871999938914087,11381.00891279355
random-s0-0025,voronoi,1,0,completed,True,False,3,528,0,,28.08408400096596,0.0531895530321325,4133.333333333324,50.82792300026995,81.32013053752702,248,0,0,0,20177.03058539592,16220.09839677723,59.03212069692469,59.49896707636152,1.9711920756800225,20.0,kinematic,False,0,0.0,,,,random,event,16,0,7.7913690006425895,3.905646000021079,4133.333333333324,100.0,0.05060800003775512,15304.034964527582
random-s0-0025,voronoi,1,0,completed,True,False,3,584,0,,81.93097100456725,0.14029275856946447,4649.999999999989,109.00967399993533,42.65676457304833,279,0,0,0,17060.811098280814,18522.47624306126,59.02845749322458,59.35154510914779,13.915039259143725,20.0,kinematic,False,0,0.0,,,,random,event,63,7,8.324434000314795,4.3674480002664495,4649.999999999989,500.0,0.05930199995418661,15304.034964527582
random-s0-0025,prm,1,0,completed,True,False,3,507,0,,25.233936000404356,0.04977107692387447,3899.999999999991,46.44488800022373,83.97048992735658,234,0,0,0,16337.908774177544,15467.207705001321,58.9695072098215,59.49896707636152,2.2300033199195752,20.0,kinematic,False,0,0.0,,,,random,event,0,0,16.618256000583642,9.640157999911025,3899.999999999991,100.0,0.02257899996038759,15304.034964527582
random-s0-0025,prm,1,0,completed,True,False,3,558,0,,29.117201000644855,0.05218136380043881,4249.99999999999,52.764938000109396,80.54591099853427,255,0,0,0,16337.908774177544,15701.769421393532,59.758122120703035,59.910654608026356,2.595178827884041,20.0,kinematic,False,0,0.0,,,,random,event,1,46,12.105798999982653,6.2380770000345365,4249.99999999999,500.0,0.049406000016460894,15304.034964527582
random-s0-0025,visibility,1,0,completed,True,False,3,549,0,,83.85066099572214,0.15273344443665235,3816.666666666658,106.44316400021125,35.856381220113704,229,0,0,0,15318.840312885583,15302.375144200816,59.67857093694144,59.925790842883075,29.68278746568049,20.0,kinematic,False,0,0.0,,,,random,event,7,6,16.94245899989255,8.520540000063193,3816.666666666658,100.0,0.037107000025571324,15304.034964527582
random-s0-0025,visibility,1,0,completed,True,False,3,554,0,,49.3671420008468,0.08911036462246714,3716.6666666666583,71.91682199982097,51.68007377572817,223,0,1,1,15410.188057298696,15308.576690040722,59.749114364310934,59.99996164135303,-12.059680412206404,20.0,kinematic,False,0,0.0,,,,random,event,3,77,15.126540999972349,7.963741999901686,3716.6666666666583,500.0,0.049294999826088315,15304.034964527582
random-s0-0026,voronoi,1,0,completed,True,False,3,498,0,,27.052785001160373,0.0543228614481132,3166.66666666666,49.62550200025362,63.811277247139515,190,0,0,0,21718.31658384851,19381.1676533065,59.52222042549631,59.78496925097429,7.8303705302295725,20.0,kinematic,False,0,0.0,,,,random,event,1,0,7.830011999885755,4.0918770000644145,3166.66666666666,100.0,0.052628000048571266,18665.80343456122
random-s0-0026,voronoi,1,0,completed,True,False,3,720,0,,81.82922800142478,0.11365170555753441,4516.666666666656,113.13912200012055,39.92135157865061,271,0,0,0,23799.343031932975,23401.695302726,59.255054095425486,59.32587747930493,7.8303705302295725,20.0,kinematic,False,0,0.0,,,,random,event,142,2,8.028838999962318,4.5522499999606225,4516.666666666656,500.0,0.07268000035764999,18665.80343456122
random-s0-0026,prm,1,0,completed,True,False,3,530,0,,40.42221000236168,0.07626832075917298,4133.333333333324,62.95704800004387,65.6532265193,248,0,0,0,20045.18458523989,18999.213425650905,59.02993949730404,59.63286248149333,2.5828180324655534,20.0,kinematic,False,0,0.0,,,,random,event,3,8,12.382476999846403,6.552003999786393,4133.333333333324,100.0,0.025795000055950368,18665.80343456122
random-s0-0026,prm,1,0,completed,True,False,3,557,0,,29.19559399742866,0.05241578814619149,4216.666666666657,53.13018100014233,79.3648089897409,253,0,0,0,21628.20982691849,19414.873479461938,59.61502166084656,59.967671117429326,2.221403087195654,20.0,kinematic,False,0,0.0,,,,random,event,1,111,11.413679999805026,5.712571000003663,4216.666666666657,500.0,0.05709100014428259,18665.80343456122
random-s0-0026,visibility,1,0,completed,True,False,3,545,0,,46.6059330015014,0.08551547339725027,3633.3333333333253,68.36755599988464,53.144116097106874,218,0,1,1,18677.37697638367,18581.342840663332,59.54402582234868,59.93572947755875,-33.27427943403225,20.0,kinematic,False,0,0.0,,,,random,event,2,2,18.952827000248362,9.604327000033663,3633.3333333333253,100.0,0.023011999928712612,18665.80343456122
random-s0-0026,visibility,1,0,completed,True,False,3,840,0,,1705.4969240034552,2.0303534809564945,9366.666666666712,1756.7199250001977,5.331906659318877,562,0,1,1,18677.37697638367,20848.598538282888,59.038719269855086,59.63286248149333,-65.05853015121009,20.0,kinematic,False,0,0.0,,,,random,event,174,101,18.82199999954537,17.250845000035042,9366.666666666712,500.0,9.8489619999782,18665.80343456122
random-s0-0027,voronoi,1,0,completed,True,False,3,388,0,,34.59428700716671,0.08916053352362555,2433.3333333333294,52.18672799992419,46.62743625806286,146,0,0,0,9953.517914146989,8182.514497208407,58.731394318813535,59.267630277011726,125.23672780319214,20.0,kinematic,False,0,0.0,,,,random,event,21,1,14.26390100050412,7.419268000376178,2433.3333333333294,100.0,0.0671540001349058,8078.389497131097
random-s0-0027,voronoi,1,0,completed,True,False,3,444,0,,74.35650699517282,0.16746961034948835,3366.6666666666597,93.77841800005626,35.90022884225494,202,0,0,0,9953.517914146989,10614.559961458359,53.4056101471459,59.654930004624504,56.48243436120546,20.0,kinematic,False,0,0.0,,,,random,event,81,2,8.53915599964239,4.446435999852838,3366.6666666666597,500.0,0.06613699997615186,8078.389497131097
random-s0-0027,prm,1,0,completed,True,False,3,420,0,,34.77395500203784,0.08279513095723294,3316.6666666666597,52.41450699986672,63.27764690556173,199,0,0,0,9651.972688278707,10202.735077318212,59.273473696694964,59.937039162745315,58.35143027262501,20.0,kinematic,False,0,0.0,,,,random,event,2,17,13.423229000181891,6.9611220001206675,3316.6666666666597,100.0,0.050536999879113864,8078.389497131097
random-s0-0027,prm,1,0,completed,True,False,3,401,0,,38.00745199851008,0.0947816758067583,3016.666666666661,55.79135600009977,54.070502725570364,181,1,0,1,9651.972688278707,8782.74308684976,58.61667879655161,59.11538243479961,-123.7260183501538,20.0,kinematic,False,0,0.0,,,,random,event,2,122,13.428358000055596,6.803458999911527,3016.666666666661,500.0,0.08044300011533778,8078.389497131097
random-s0-0027,visibility,1,0,completed,True,False,3,405,0,,99.13035900035538,0.244766318519396,3049.999999999994,117.85447700003715,25.87937325451822,183,0,0,0,8088.558707180742,8075.8490427153665,59.15513350310139,59.82867930141309,0.6467329671626771,20.0,kinematic,False,0,0.0,,,,random,event,8,30,17.110751000018354,10.81681400000889,3049.999999999994,100.0,0.06379899969033431,8078.389497131097
random-s0-0027,visibility,1,0,completed,True,False,3,448,0,,51.42596100404262,0.11479009152688084,2966.666666666661,71.03875500024515,41.76124239024774,178,2,0,2,8088.558707180742,7917.8923488201235,59.0598185461929,59.44851924071059,-159.91744293328946,20.0,kinematic,False,0,0.0,,,,random,event,2,199,17.63958699984869,9.286544999667967,2966.666666666661,500.0,0.08819899994705338,8078.389497131097
random-s0-0028,voronoi,1,0,completed,True,False,3,507,0,,28.84697599665742,0.05689738855356493,3583.3333333333253,50.11569399994187,71.5012214205291,215,0,0,0,21341.853310975093,17110.290014575905,58.812226904245485,59.220498119952936,43.36205085555682,20.0,kinematic,False,0,0.0,,,,random,event,16,0,9.139844999936031,4.988492999927985,3583.3333333333253,100.0,0.050365999868517974,16181.839067627516
random-s0-0028,voronoi,1,0,completed,True,False,3,685,0,,69.20598900160257,0.10103064087825193,4333.333333333323,98.05374600000505,44.19345012410948,260,0,0,0,20436.431624029,21993.237453141955,58.880852296292524,59.8773066137397,89.08950112695948,20.0,kinematic,False,0,0.0,,,,random,event,145,2,4.336501000125281,5.199128999720415,4333.333333333323,500.0,0.07217500024125911,16181.839067627516
random-s0-0028,prm,1,0,completed,True,False,3,496,0,,44.60665799661001,0.08993277821897179,3666.6666666666583,65.53812499987544,55.94707914932915,220,0,0,0,17160.516903713862,16649.02702540469,58.86959069400812,59.45469512875755,56.98021329512238,20.0,kinematic,False,0,0.0,,,,random,event,3,13,12.409349999870756,10.549382000135665,3666.6666666666583,100.0,0.0432649999311252,16181.839067627516
random-s0-0028,prm,1,0,planning_failed,False,False,3,306,1,B1,12.74894800326365,0.04166322876883546,3083.333333333327,26.84257600003548,114.86726658906551,185,0,0,0,11772.268440539152,11490.378309341088,1597.932169814337,4675.561923448346,89.33917826558178,20.0,kinematic,False,0,0.0,,,,random,event,0,35,6.2431459996332705,6.119576999935816,,500.0,0.05214200018599513,16181.839067627516
random-s0-0028,visibility,1,0,completed,True,False,3,473,0,,110.1164670021717,0.2328043699834497,3249.999999999993,129.66974500022843,25.063672331539387,195,0,0,0,16243.63796520472,16138.261963325825,58.98387579051604,59.98413356401452,24.617107897650982,20.0,kinematic,False,0,0.0,,,,random,event,9,8,18.665116999727616,10.373385000093549,3249.999999999993,100.0,0.04263200025889091,16181.839067627516
random-s0-0028,visibility,1,0,planning_failed,False,False,3,302,1,B1,21.91300499771387,0.07255961919772805,3016.666666666661,35.6322149996231,84.66121644973713,181,0,0,0,11506.329985263867,11550.715466405378,1597.8921731069238,4675.561923448346,84.30246359213828,20.0,kinematic,False,0,0.0,,,,random,event,1,34,8.175625000149012,8.096128000033787,,500.0,0.055204000091180205,16181.839067627516
random-s0-0029,voronoi,1,0,completed,True,False,3,476,0,,20.11933000312638,0.04226750000656802,3483.3333333333258,41.13537000012002,84.67976180409129,209,0,0,0,11373.470327853658,12252.412952898227,58.63466712196683,59.18817614057886,77.06451280648662,20.0,kinematic,False,0,0.0,,,,random,event,15,0,0.10090899922943208,4.259967000052711,3483.3333333333258,100.0,0.05765800005974597,11373.470327853658
random-s0-0029,voronoi,1,0,completed,True,False,3,763,0,,163.4639730032177,0.21423849672767717,7149.99999999998,200.1602059999641,35.721386098100155,429,0,2,2,11373.470327853658,19378.798960742308,59.416270063368295,59.55995144719738,-13.576666653346138,20.0,kinematic,False,0,0.0,,,,random,event,108,7,0.08907699975679861,6.329481000193482,7149.99999999998,500.0,0.09796299991648993,11373.470327853658
random-s0-0029,prm,1,0,completed,True,False,3,430,0,,31.28389999619685,0.07275325580510895,2799.999999999995,50.24752000008448,55.72414320140153,168,0,0,0,11373.470327853658,11819.263636481473,58.90936602719231,59.18817614057886,125.06938676287768,20.0,kinematic,False,0,0.0,,,,random,event,4,23,0.05184900010135607,5.837816999701317,2799.999999999995,100.0,0.05087199997433345,11373.470327853658
random-s0-0029,prm,1,0,completed,True,False,3,377,0,,12.012746994969348,0.031864050384534076,2333.33333333333,27.182054999684624,85.84094665986078,140,0,0,0,11373.470327853658,11195.915724645656,59.18486773600006,59.694124432069245,29.778957903485946,20.0,kinematic,False,0,0.0,,,,random,event,0,147,0.04643800048143021,0.1085619996956666,2333.33333333333,500.0,0.06680699971184367,11373.470327853658
random-s0-0029,visibility,1,0,completed,True,False,3,412,0,,25.11757099728129,0.060964978148740995,2633.333333333329,41.702686000007816,63.14541306362941,158,0,0,0,11373.470327853658,11235.73097449803,58.97855719711228,59.64528993275952,68.74815884948526,20.0,kinematic,False,0,0.0,,,,random,event,2,0,0.04726599991045077,9.146144000169443,2633.333333333329,100.0,0.028525999823614256,11373.470327853658
random-s0-0029,visibility,1,0,completed,True,False,3,377,0,,14.086610005506373,0.03736501327720523,2333.33333333333,31.419087999893236,74.26483331856286,140,0,0,0,11373.470327853658,11195.915724645656,59.18486773600006,59.694124432069245,29.778957903485946,20.0,kinematic,False,0,0.0,,,,random,event,0,147,0.0749919995541859,0.18096900021191686,2333.33333333333,500.0,0.08776100003160536,11373.470327853658
random-s0-0030,voronoi,1,0,completed,True,False,3,562,0,,26.218384999083355,0.04665193060335117,5816.6666666666515,53.2056349998129,109.32425985869929,349,0,0,0,11800.277944070922,10680.437429680675,58.67674993176737,59.04307929064682,2.379089119285055,20.0,kinematic,False,0,0.0,,,,random,event,1,0,4.407345999879908,4.323178000049666,5816.6666666666515,100.0,0.043758000174420886,8983.034392555373
random-s0-0030,voronoi,1,0,completed,True,False,3,498,0,,24.26914600027885,0.048733224900158335,4233.333333333324,46.51465899996765,91.01073563360463,254,0,0,0,11800.277944070922,10160.453184358457,58.61134066610305,58.9123404447325,1.582868094534831,20.0,kinematic,False,0,0.0,,,,random,event,34,0,4.119765000268671,4.051787000207696,4233.333333333324,500.0,0.05733499983762158,8983.034392555373
random-s0-0030,prm,1,0,completed,True,False,3,488,0,,16.07834999322222,0.03294743851070127,4583.333333333322,38.11799000004612,120.24068775210279,275,0,0,0,9666.656638214357,9376.44450539257,58.8893405953327,59.68085128134283,1.945903682689817,20.0,kinematic,False,0,0.0,,,,random,event,0,1,6.807313999615872,6.75978400022359,4583.333333333322,100.0,0.02574700010882225,8983.034392555373
random-s0-0030,prm,1,0,completed,True,False,3,450,0,,20.627598004466563,0.04583910667659236,3949.999999999991,40.8858210003018,96.61050954488192,237,0,0,0,9666.656638214357,11771.99889875609,58.64271638088047,58.94097863798617,2.4663102353834176,20.0,kinematic,False,0,0.0,,,,random,event,1,52,6.300883000221802,6.2641189997521,3949.999999999991,500.0,0.05898100016565877,8983.034392555373
random-s0-0030,visibility,1,0,completed,True,False,3,542,0,,311.9031199994424,0.5754670110690819,5483.333333333319,337.6816540003347,16.23817364187598,329,0,1,1,9015.475750842312,8862.291595681214,58.80538142221874,59.42897376200093,-4.1226009033424305,20.0,kinematic,False,0,0.0,,,,random,event,32,7,9.23878900039199,26.35782100014694,5483.333333333319,100.0,8.22089999974196,8983.034392555373
random-s0-0030,visibility,1,0,completed,True,False,3,509,0,,35.659218001001136,0.07005740275245803,4933.333333333321,59.09837800027162,83.47662829782989,296,0,0,0,9015.475750842312,11144.915007124506,58.66666992730746,59.012839277267126,0.29494215922639455,20.0,kinematic,False,0,0.0,,,,random,event,2,19,8.996102000310202,8.95736400025271,4933.333333333321,500.0,0.04715800014309934,8983.034392555373
random-s0-0031,voronoi,1,0,completed,True,False,3,461,0,,63.964595990455564,0.13875183512029407,3049.999999999994,83.18736799992621,36.664220461966046,183,0,0,0,14059.479683638294,14393.948829597326,58.86091803864494,59.45895561642152,197.72189948806886,20.0,kinematic,False,0,0.0,,,,random,event,24,0,0.10295999982190551,3.9818889999878593,3049.999999999994,100.0,0.05292100013321033,14059.479683638294
random-s0-0031,voronoi,1,0,completed,True,False,3,637,0,,176.7501159938547,0.2774727095664909,4266.666666666657,204.13442299968665,20.901260081320075,256,0,0,0,14059.479683638294,19150.66493526837,59.71359538828792,59.861482057817284,6.302346722088572,20.0,kinematic,False,0,0.0,,,,random,event,152,18,0.08713699935469776,6.585679000181699,4266.666666666657,500.0,3.903084999819839,14059.479683638294
random-s0-0031,prm,1,0,completed,True,False,3,479,0,,118.06781000586852,0.2464881210978466,2866.6666666666615,137.34592599985262,20.871872578657612,172,0,0,0,14059.479683638294,17014.325045127138,59.3862335997571,59.82625224247311,267.40087179869886,20.0,kinematic,False,0,0.0,,,,random,event,17,9,0.050751999879139476,8.227822000208107,2866.6666666666615,100.0,0.05873400004929863,14059.479683638294
random-s0-0031,prm,1,0,completed,True,False,3,410,0,,14.499922997856629,0.0353656658484308,2449.9999999999964,31.61607800029742,77.49221772469528,147,0,0,0,14059.479683638294,13881.957974043866,59.173903198141865,59.45895561642152,127.60325542669779,20.0,kinematic,False,0,0.0,,,,random,event,0,174,0.045310000587051036,0.174167999830388,2449.9999999999964,500.0,0.07892300027378951,14059.479683638294
random-s0-0031,visibility,1,0,completed,True,False,3,433,0,,86.97439399793438,0.20086465126543737,2816.6666666666615,105.38593100000071,26.727160256966773,169,0,0,0,14059.479683638294,13968.20398985105,59.261870526268034,59.923254708820714,267.40087179869886,20.0,kinematic,False,0,0.0,,,,random,event,8,7,0.048548000449955,11.084691999712959,2816.6666666666615,100.0,0.038018999930500286,14059.479683638294
random-s0-0031,visibility,1,0,completed,True,False,3,410,0,,13.6325189987474,0.03325004633840829,2449.9999999999964,30.00479999991512,81.65360209056307,147,0,0,0,14059.479683638294,13881.957974043866,59.173903198141865,59.45895561642152,127.60325542669779,20.0,kinematic,False,0,0.0,,,,random,event,0,174,0.048271999730786774,0.1013569999486208,2449.9999999999964,500.0,0.05835799993292312,14059.479683638294
random-s0-0032,voronoi,1,0,completed,True,False,3,460,0,,61.82283100406494,0.134397458704489,3183.333333333327,81.37016099999528,39.121630020291,191,0,0,0,12429.023862756905,14206.049570709994,59.25157490653126,59.59793851448262,189.313260618892,20.0,kinematic,False,0,0.0,,,,random,event,17,0,0.09948100023393636,4.445879999821045,3183.333333333327,100.0,0.058261000049242284,12429.023862756905
random-s0-0032,voronoi,1,0,completed,True,False,3,442,0,,52.60079500203574,0.11900632353401751,3333.333333333326,71.93416600011915,46.33866657087267,200,0,0,0,12429.023862756905,14137.082455990654,46.64991787910558,59.249460618405536,19.240535626948912,20.0,kinematic,False,0,0.0,,,,random,event,96,7,0.0841400001263537,5.708036999749311,3333.333333333326,500.0,0.06508999967991258,12429.023862756905
random-s0-0032,prm,1,0,completed,True,False,3,416,0,,20.042365998051537,0.04817876441839312,2666.666666666662,36.806240000260004,72.45148286398785,160,0,0,0,12429.023862756905,12772.257576505905,58.94346034773221,59.5035055452656,4.300080350564286,20.0,kinematic,False,0,0.0,,,,random,event,2,0,0.05034400055592414,6.919912999819644,2666.666666666662,100.0,0.02399200002400903,12429.023862756905
random-s0-0032,prm,1,0,completed,True,False,3,391,0,,12.210599999889382,0.03122915600994727,2433.3333333333294,28.605600999981107,85.06492603790903,146,0,0,0,12429.023862756905,12252.633693285392,58.79672315717158,59.5035055452656,19.240535626948912,20.0,kinematic,False,0,0.0,,,,random,event,0,142,0.04669999998441199,0.1562449997436488,2433.3333333333294,500.0,0.06243899997571134,12429.023862756905
random-s0-0032,visibility,1,0,completed,True,False,3,402,0,,27.173055001640023,0.06759466418318413,2433.3333333333294,42.98976299969581,56.602622660435394,146,0,0,0,12429.023862756905,12281.542926657981,59.102820782471646,59.5035055452656,127.24668494583011,20.0,kinematic,False,0,0.0,,,,random,event,2,4,0.04843399938181392,8.272828000372101,2433.3333333333294,100.0,0.026263000108883716,12429.023862756905
random-s0-0032,visibility,1,0,completed,True,False,3,391,0,,11.9990039993354,0.03068798976812123,2433.3333333333294,27.680545000293932,87.90771039036589,146,0,0,0,12429.023862756905,12252.633693285392,58.79672315717158,59.5035055452656,19.240535626948912,20.0,kinematic,False,0,0.0,,,,random,event,0,142,0.046349000058398815,0.09118400021179696,2433.3333333333294,500.0,0.05786400015495019,12429.023862756905
random-s0-0033,voronoi,1,0,completed,True,False,3,553,0,,32.131516999925225,0.0581040090414561,3816.666666666658,55.35381800018513,68.95037785205518,229,0,0,0,22164.053338867765,17324.49083381923,59.07071838195043,59.96795666631387,1.6091154594221564,20.0,kinematic,False,0,0.0,,,,random,event,1,0,11.683776000154467,4.031287000088923,3816.666666666658,100.0,0.037197999972704565,17210.478738149646
random-s0-0033,voronoi,1,0,completed,True,False,3,776,0,,174.33558600032484,0.22465926030969696,5616.666666666652,209.3084500002078,26.834399980799034,337,0,0,0,21903.006182669007,20845.960237281917,58.85253171613391,59.46631899991559,12.562680264233023,20.0,kinematic,False,0,0.0,,,,random,event,64,21,11.721211999883963,6.205614000009518,5616.666666666652,500.0,0.09650799984228797,17210.478738149646
random-s0-0033,prm,1,0,completed,True,False,3,545,0,,77.58464799417197,0.14235715228288434,3449.9999999999927,100.68498300006468,34.265288598179296,207,0,0,0,17490.758922660727,17743.786768525235,58.58439133006942,58.96208359960903,7.942846953588003,20.0,kinematic,False,0,0.0,,,,random,event,4,0,19.943074000366323,30.365939999683178,3449.9999999999927,100.0,0.03732000004674774,17210.478738149646
random-s0-0033,prm,1,0,completed,True,False,3,571,0,,50.930603003052966,0.08919545184422586,4016.666666666658,76.19527799988646,52.71542767614344,241,0,0,0,17490.758922660727,19363.888060631274,58.5225849809759,58.78245335734552,5.7079541000831,20.0,kinematic,False,0,0.0,,,,random,event,4,141,17.396550999819738,6.281481999849348,4016.666666666658,500.0,0.05878199999642675,17210.478738149646
random-s0-0033,visibility,1,0,completed,True,False,3,526,0,,50.27198099742236,0.09557410836011855,3716.6666666666583,73.81714900020597,50.34963713724961,223,0,0,0,17230.71548280285,17401.14841747674,59.22789683449727,59.57012289714484,0.8416555974010294,20.0,kinematic,False,0,0.0,,,,random,event,1,11,30.336602999796014,11.548742000286438,3716.6666666666583,100.0,0.03707300038513495,17210.478738149646
random-s0-0033,visibility,1,0,completed,True,False,3,660,0,,213.6043270020309,0.3236429197000468,4616.666666666655,241.54097399969032,19.11338929465679,277,0,0,0,17230.71548280285,17709.114937077586,58.73889188174735,59.65485344280948,0.6280706440099095,20.0,kinematic,False,0,0.0,,,,random,event,19,214,27.826691000427672,11.152774999573012,4616.666666666655,500.0,0.07362199994531693,17210.478738149646
random-s0-0034,voronoi,1,0,completed,True,False,3,457,0,,33.15085700387499,0.07254016849863236,3033.3333333333276,51.86335999997027,58.487019223881106,182,0,0,0,12469.571560995622,14126.088181877047,58.56645113705472,59.13645845633048,218.02609707658308,20.0,kinematic,False,0,0.0,,,,random,event,19,2,0.10214099984295899,3.938562999792339,3033.3333333333276,100.0,0.056861999837565236,12469.571560995622
random-s0-0034,voronoi,1,0,completed,True,False,3,760,0,,60.383710998394236,0.07945225131367663,4899.999999999988,91.8398150001849,53.35376601085404,294,0,2,2,12469.571560995622,19734.811333029473,58.66425710144933,58.80899262475851,-71.6443409751898,20.0,kinematic,False,0,0.0,,,,random,event,180,2,0.0828249999358377,4.338851000284194,4899.999999999988,500.0,0.060506999943754636,12469.571560995622
random-s0-0034,prm,1,0,completed,True,False,3,466,0,,39.317285005381564,0.08437185623472439,3266.66666666666,58.50285900032759,55.83772695020543,196,0,0,0,12469.571560995622,16222.533896620782,59.17014325635099,59.92014425952119,119.27065384922554,20.0,kinematic,False,0,0.0,,,,random,event,4,31,0.04895000029137009,11.053066999920702,3266.66666666666,100.0,0.05862099988007685,12469.571560995622
random-s0-0034,prm,1,0,completed,True,False,3,390,0,,10.47883100591207,0.02686879745105659,2649.9999999999955,26.275301999703515,100.85516809777857,159,0,0,0,12469.571560995622,12292.548897005301,59.00755466343972,59.580507418542425,284.5224610711023,20.0,kinematic,False,0,0.0,,,,random,event,0,110,0.05066600033387658,0.1324659997408162,2649.9999999999955,500.0,0.057812000250123674,12469.571560995622
random-s0-0034,visibility,1,0,completed,True,False,3,418,0,,101.87438899856716,0.243718633967864,2649.9999999999955,118.61146599994754,22.341853527054184,159,0,0,0,12469.571560995622,12579.423514475502,59.3080452314926,59.78349397373159,391.1144398198377,20.0,kinematic,False,0,0.0,,,,random,event,11,33,0.047590000121999765,8.722591999685392,2649.9999999999955,100.0,0.06149699993329705,12469.571560995622
random-s0-0034,visibility,1,0,completed,True,False,3,390,0,,10.491715007901803,0.026901833353594366,2649.9999999999955,26.411260000259063,100.33599305652218,159,0,0,0,12469.571560995622,12292.548897005301,59.00755466343972,59.580507418542425,284.5224610711023,20.0,kinematic,False,0,0.0,,,,random,event,0,110,0.04799899988938705,0.09154000008493313,2649.9999999999955,500.0,0.05718200009141583,12469.571560995622
random-s0-0035,voronoi,1,0,completed,True,False,3,435,0,,22.066805996018957,0.05072828964602059,2649.9999999999955,39.32460700025331,67.38783174572922,159,0,0,0,15114.14184353776,13500.244038920966,58.60282583727161,59.04744136335719,91.17323047274868,20.0,kinematic,False,0,0.0,,,,random,event,3,0,5.41035899959752,5.341719999705674,2649.9999999999955,100.0,0.04075300012118532,12983.320177252066
random-s0-0035,voronoi,1,0,completed,True,False,3,591,0,,176.99702599929878,0.29948735363671536,3516.6666666666592,201.12757800006875,17.48475620118817,211,0,0,0,14877.393549632496,17922.51888396689,58.753677204018935,59.17689942611387,74.41057141769892,20.0,kinematic,False,0,0.0,,,,random,event,84,31,3.9577889997417515,4.283969999960391,3516.6666666666592,500.0,3.895548999935272,12983.320177252066
random-s0-0035,prm,1,0,completed,True,False,3,402,0,,19.48241400259576,0.048463716424367566,2433.3333333333294,35.10869100000491,69.30857471538853,146,0,0,0,13971.832273714324,12996.45957201459,59.37974168312235,59.67831250415683,91.17323047274868,20.0,kinematic,False,0,0.0,,,,random,event,1,1,6.617531000301824,6.58007899983204,2433.3333333333294,100.0,0.023552000129711814,12983.320177252066
random-s0-0035,prm,1,0,completed,True,False,3,453,0,,55.3099329986253,0.12209698233692119,2733.3333333333285,73.67014900000868,37.102318516187694,164,0,0,0,13971.832273714324,13924.960517445934,59.13788887197006,59.73651825303481,61.99465224239685,20.0,kinematic,False,0,0.0,,,,random,event,4,99,6.1705680004706664,18.632717999935267,2733.3333333333285,500.0,0.06445999997595209,12983.320177252066
random-s0-0035,visibility,1,0,completed,True,False,3,442,0,,105.96575599402058,0.23974152939823662,2666.666666666662,123.63641899992217,21.568617792693757,160,0,0,0,12986.12222718328,12906.97232555054,59.267225320512836,59.751127904890105,32.24303153680367,20.0,kinematic,False,0,0.0,,,,random,event,10,1,9.2985830001453,9.84633300004134,2666.666666666662,100.0,0.03379700001460151,12983.320177252066
random-s0-0035,visibility,1,0,completed,True,False,3,469,0,,45.67746100065051,0.09739330703763435,2983.3333333333276,64.31169400002545,46.388660409600575,179,0,0,0,13170.469665494711,13624.240621264265,59.24566219735751,59.431126294152655,78.66173582266515,20.0,kinematic,False,0,0.0,,,,random,event,3,91,9.153043999958754,9.118079000018042,2983.3333333333276,500.0,0.05551699996431125,12983.320177252066
random-s0-0036,voronoi,1,0,completed,True,False,3,326,0,,9.321787997578213,0.028594441710362614,1966.6666666666645,22.38755799999126,87.84641302403024,118,0,0,0,7074.484585942667,6899.379286931586,58.368433003693816,58.66762807506539,340.1177427714832,20.0,kinematic,False,0,0.0,,,,random,event,0,0,0.09741799976836774,0.0613340002928453,1966.6666666666645,100.0,0.03237099963371293,7074.484585942667
random-s0-0036,voronoi,1,0,completed,True,False,3,328,0,,13.706348000141588,0.041787646341895086,1999.9999999999977,26.800630000252568,74.62511142391615,120,0,0,0,7074.484585942667,6952.977931106261,58.664384672091415,59.55548308025818,340.1177427714832,20.0,kinematic,False,0,0.0,,,,random,event,3,0,0.0846039997668413,4.310430999794335,1999.9999999999977,500.0,0.03586799994081957,7074.484585942667
random-s0-0036,prm,1,0,completed,True,False,3,326,0,,5.466029997478472,0.0167669631824493,1966.6666666666645,18.933290999939345,103.87347168925703,118,0,0,0,7074.484585942667,6899.379286931586,58.368433003693816,58.66762807506539,340.1177427714832,20.0,kinematic,False,0,0.0,,,,random,event,0,0,0.07511700005125022,0.058321000324212946,1966.6666666666645,100.0,0.025149000066448934,7074.484585942667
random-s0-0036,prm,1,0,completed,True,False,3,328,0,,10.143546001472714,0.0309254451264412,1999.9999999999977,22.7910180001345,87.75386865071998,120,0,0,0,7074.484585942667,6917.387711971223,58.431017566984025,58.855381764936006,340.1177427714832,20.0,kinematic,False,0,0.0,,,,random,event,1,7,0.06717799988109618,4.598728000019037,1999.9999999999977,500.0,0.022559000171895605,7074.484585942667
random-s0-0036,visibility,1,0,completed,True,False,3,326,0,,5.10063800129501,0.015646128838328253,1966.6666666666645,17.59005799976876,111.80558169236954,118,0,0,0,7074.484585942667,6899.379286931586,58.368433003693816,58.66762807506539,340.1177427714832,20.0,kinematic,False,0,0.0,,,,random,event,0,0,0.04725600047095213,0.04667000030167401,1966.6666666666645,100.0,0.017872000171337277,7074.484585942667
random-s0-0036,visibility,1,0,completed,True,False,3,328,0,,13.918839996222232,0.04243548779336046,1999.9999999999977,26.43748999980744,75.65014681857336,120,0,0,0,7074.484585942667,6911.605889978374,58.199402039628076,58.43071958258711,340.1177427714832,20.0,kinematic,False,0,0.0,,,,random,event,1,7,0.046921999910409795,8.46808799997234,1999.9999999999977,500.0,0.020201000097586075,7074.484585942667
random-s0-0037,voronoi,1,0,completed,True,False,3,354,0,,14.336865001951082,0.04049961864957933,2433.3333333333294,28.7015569997493,84.7805341485336,146,0,0,0,10769.908159235723,8771.040807569776,59.221736618621,59.792722144709685,390.0299162955323,20.0,kinematic,False,0,0.0,,,,random,event,0,0,4.0992129993355775,4.031816999940929,2433.3333333333294,100.0,0.04626500003723777,8775.890058796569
random-s0-0037,voronoi,1,0,completed,True,False,3,622,0,,97.68541001449194,0.15705049841558189,4499.999999999989,124.11188299984133,36.25760798428739,270,0,0,0,11726.86475308648,14031.31179321939,58.29579717760881,58.389456355869484,306.92117176176043,20.0,kinematic,False,0,0.0,,,,random,event,80,4,8.03363899967735,4.429777000041213,4499.999999999989,500.0,0.06397600009222515,8775.890058796569
random-s0-0037,prm,1,0,completed,True,False,3,427,0,,26.553956996849593,0.062187252920022466,3649.999999999992,45.17023500011419,80.80542419119061,219,0,0,0,9469.019155972508,9719.640197036446,59.263798790911096,59.792722144709685,75.50184423806448,20.0,kinematic,False,0,0.0,,,,random,event,2,0,6.57577299989498,6.5408830000706075,3649.999999999992,100.0,0.024632000076962868,8775.890058796569
random-s0-0037,prm,1,0,completed,True,False,3,405,0,,24.82642900395149,0.06129982470111479,2916.666666666661,41.54393099997833,70.20680509671034,175,0,0,0,11895.908782422248,10505.287643678103,58.49024729464865,58.825093543413644,92.63669817422198,20.0,kinematic,False,0,0.0,,,,random,event,0,126,12.841554000260658,6.4135930001612,2916.666666666661,500.0,0.06307600006039138,8775.890058796569
random-s0-0037,visibility,1,0,completed,True,False,3,344,0,,14.373530003922497,0.04178351745326307,2266.6666666666633,28.179989000364003,80.43532829758679,136,0,0,0,8793.580486654382,8600.425685808179,59.001540041857794,59.792722144709685,271.7226219198316,20.0,kinematic,False,0,0.0,,,,random,event,0,0,8.8878459996522,8.851694999975734,2266.6666666666633,100.0,0.021597999875666574,8775.890058796569
random-s0-0037,visibility,1,0,completed,True,False,3,370,0,,35.245439999016526,0.0952579459432879,2349.9999999999964,50.02812300017467,46.97357924045624,141,0,0,0,8896.19987049633,8677.628290020097,58.81348689607813,59.828720759552375,288.1319681199703,20.0,kinematic,False,0,0.0,,,,random,event,1,125,15.630445000169857,8.589165000103094,2349.9999999999964,500.0,0.061778999679518165,8775.890058796569
random-s0-0038,voronoi,1,0,completed,True,False,3,414,0,,28.437189002488594,0.06868886232485168,2433.3333333333294,44.68319099987639,54.45746552299859,146,0,0,0,9840.503027046894,9347.186652247536,58.72071333636381,58.87919951508624,73.36012174591195,20.0,kinematic,False,0,0.0,,,,random,event,26,0,4.077783999946405,4.005191000032937,2433.3333333333294,100.0,0.05082200004835613,9031.348256080506
random-s0-0038,voronoi,1,0,completed,True,False,3,544,0,,85.30507099794704,0.15681079227563793,4799.999999999988,109.88881200000833,43.68051590183379,288,0,0,0,9840.503027046894,11107.957531442215,59.484929028851354,59.70783342717364,5.696018770545777,20.0,kinematic,False,0,0.0,,,,random,event,110,5,4.056195999964984,5.21352299983846,4799.999999999988,500.0,0.0645970003461116,9031.348256080506
random-s0-0038,prm,1,0,completed,True,False,3,465,0,,64.79168700025184,0.13933696129086418,3016.666666666661,83.40105600018433,36.17060516188181,181,0,0,0,9352.539478273135,13162.443719114872,59.13102290215008,59.96362435667856,14.035632118555952,20.0,kinematic,False,0,0.0,,,,random,event,7,24,6.407397999737441,11.89649299976736,3016.666666666661,100.0,0.051497999720595544,9031.348256080506
random-s0-0038,prm,1,0,completed,True,False,3,432,0,,30.3344430017205,0.0702186180595382,2899.9999999999945,47.903788999974495,60.538008799294325,174,0,0,0,9352.539478273135,11366.641842623641,59.17460456983329,59.69806728315165,70.65732500201543,20.0,kinematic,False,0,0.0,,,,random,event,2,155,5.952573000740813,5.921776000377577,2899.9999999999945,500.0,0.06907699980729376,9031.348256080506
random-s0-0038,visibility,1,0,completed,True,False,3,441,0,,220.3120809963366,0.49957387981028706,3199.9999999999936,238.74152700000195,13.403617042291797,192,0,1,1,9061.496718553466,9079.724184795621,58.66890052431612,59.18317750771966,-34.73200934215083,20.0,kinematic,False,0,0.0,,,,random,event,20,25,9.085961999971914,30.859845000122732,3199.9999999999936,100.0,0.06603100018764962,9031.348256080506
random-s0-0038,visibility,1,0,completed,True,False,3,402,0,,40.73387200560319,0.10132803981493331,2399.9999999999964,56.3013190003403,42.62777573622192,144,0,0,0,9061.496718553466,9129.306178369361,59.316853241030934,59.69806728315165,42.28994903185489,20.0,kinematic,False,0,0.0,,,,random,event,3,79,8.166217000507459,8.135032000154752,2399.9999999999964,500.0,0.05657700012307032,9031.348256080506
random-s0-0039,voronoi,1,0,completed,True,False,3,365,0,,10.93939599877558,0.029970947941850908,2549.999999999996,26.698619999933726,95.51055447833356,153,0,0,0,10492.322809776997,10315.554151319155,58.92288615261242,59.5809415801443,390.4739232975792,20.0,kinematic,False,0,0.0,,,,random,event,0,0,0.0975409998318355,0.09135799973591929,2549.999999999996,100.0,0.04373999991003075,10492.322809776997
random-s0-0039,voronoi,1,0,completed,True,False,3,365,0,,39.05210500397516,0.10699206850404153,2549.999999999996,54.0485900000931,47.179769166884896,153,0,0,0,10492.322809776997,10315.554151319155,58.92288615261242,59.5809415801443,390.4739232975792,20.0,kinematic,False,0,0.0,,,,random,event,0,7,0.08185700016838382,4.251241000019945,2549.999999999996,500.0,0.047913999878801405,10492.322809776997
random-s0-0039,prm,1,0,completed,True,False,3,365,0,,5.758691000210092,0.01577723561701395,2549.999999999996,20.25404999994862,125.90074577708975,153,0,0,0,10492.322809776997,10315.554151319155,58.92288615261242,59.5809415801443,390.4739232975792,20.0,kinematic,False,0,0.0,,,,random,event,0,0,0.04884300051344326,0.04922800007989281,2549.999999999996,100.0,0.01955399966391269,10492.322809776997
random-s0-0039,prm,1,0,completed,True,False,3,366,0,,27.04133800261843,0.07388343716562414,2566.6666666666624,41.84234499962258,61.34136761909051,154,0,0,0,10492.322809776997,10329.163333006625,59.001500543803246,59.816784753716775,390.4739232975792,20.0,kinematic,False,0,0.0,,,,random,event,1,2,0.04682400049205171,16.441581999970367,2566.6666666666624,500.0,0.020848000076512108,10492.322809776997
random-s0-0039,visibility,1,0,completed,True,False,3,365,0,,5.669387998295861,0.015532569858344824,2549.999999999996,20.184201000120083,126.33643511501025,153,0,0,0,10492.322809776997,10315.554151319155,58.92288615261242,59.5809415801443,390.4739232975792,20.0,kinematic,False,0,0.0,,,,random,event,0,0,0.05148800073584425,0.044997999793849885,2549.999999999996,100.0,0.01797499999156571,10492.322809776997
random-s0-0039,visibility,1,0,completed,True,False,3,366,0,,14.275928992901754,0.03900527047240916,2566.6666666666624,28.908564999710507,88.78568226033929,154,0,0,0,10492.322809776997,10338.490696083292,58.427561214502305,58.633863670540336,390.4739232975792,20.0,kinematic,False,0,0.0,,,,random,event,1,1,0.04549699951894581,8.380998000120599,2566.6666666666624,500.0,0.022973999875830486,10492.322809776997
random-s0-0040,voronoi,1,0,completed,True,False,3,362,0,,14.428599994516844,0.039858011034576916,2033.333333333331,28.699185000277794,70.84986327359643,122,0,0,0,11563.638138469167,9729.72760168614,59.29815959184282,59.798364915841745,13.234699295408547,20.0,kinematic,False,0,0.0,,,,random,event,0,0,3.9246800001819793,3.86059699985708,2033.333333333331,100.0,0.044273000185057754,9579.377220175526
random-s0-0040,voronoi,1,0,completed,True,False,3,416,0,,52.16277100271327,0.12539127644882997,2716.666666666662,69.16936700008591,39.27557507737909,163,0,0,0,11563.638138469167,9906.03291370102,59.29938060514184,59.798364915841745,2.1447759455906805,20.0,kinematic,False,0,0.0,,,,random,event,26,8,4.080514000179392,4.054423000070528,2716.666666666662,500.0,0.0604100000600738,9579.377220175526
random-s0-0040,prm,1,0,completed,True,False,3,410,0,,33.48170700155606,0.08166270000379527,2816.6666666666615,50.017510000088805,56.31361230620358,169,0,1,1,9637.977254653866,9450.205097638038,59.50624692008862,59.99224975223186,-37.40422281575616,20.0,kinematic,False,0,0.0,,,,random,event,3,4,6.6782539997802814,6.684971000140649,2816.6666666666615,100.0,0.023267999949894147,9579.377220175526
random-s0-0040,prm,1,0,planning_failed,False,False,3,292,1,B1,31.91231899882041,0.10928876369459045,2816.6666666666615,45.07428599981722,62.489435033493,169,0,1,1,6442.2704392529295,6313.226408329294,1105.1658100230036,3195.706815400937,-37.40422281575616,20.0,kinematic,False,0,0.0,,,,random,event,3,4,6.999130000167497,6.900482000219199,,500.0,0.04298000021663029,9579.377220175526
random-s0-0040,visibility,1,0,completed,True,False,3,433,0,,105.70588500195299,0.24412444573199304,3199.9999999999936,123.72972499997559,25.862823181742502,192,0,2,2,9597.369702647182,9413.593151974368,59.35715124240502,59.798364915841745,-12.993627839972078,20.0,kinematic,False,0,0.0,,,,random,event,10,7,9.116846000324585,9.080221000203892,3199.9999999999936,100.0,0.04416599995238357,9579.377220175526
random-s0-0040,visibility,1,0,planning_failed,False,False,3,315,1,B1,102.99769799348724,0.3269768190269436,3199.9999999999936,117.52453899998727,27.228356113784375,192,0,2,2,6401.662887246244,6276.614462665622,1105.01671434532,3195.706815400937,-12.993627839972078,20.0,kinematic,False,0,0.0,,,,random,event,10,7,9.11324299977423,9.122610000304121,,500.0,0.05543199995372561,9579.377220175526
random-s0-0041,voronoi,1,0,completed,True,False,3,362,0,,26.305314996989182,0.07266661601378227,2366.6666666666633,40.901402000145026,57.86272721551872,142,0,0,0,8944.177691801784,8075.919416784531,59.13679758148648,59.803051305990806,13.191462684963824,20.0,kinematic,False,0,0.0,,,,random,event,1,2,4.012003999832814,3.910766999979387,2366.6666666666633,100.0,0.050691000069491565,8190.526367064174
random-s0-0041,voronoi,1,0,completed,True,False,3,532,0,,159.1724350023469,0.2991963063953889,3466.6666666666592,181.24879199967836,19.126564256896184,208,0,0,0,9586.386614159868,14188.062273121073,59.704654111634454,59.879127631680305,131.70391399531718,20.0,kinematic,False,0,0.0,,,,random,event,126,14,3.9885969999886584,4.861295999944559,3466.6666666666592,500.0,4.037794999931066,8190.526367064174
random-s0-0041,prm,1,0,completed,True,False,3,361,0,,18.58740799843872,0.05148866481561973,2366.6666666666633,32.85567200009609,72.03221004457744,142,0,0,0,9424.171781966103,8113.870423444288,58.84729421165513,59.10792672641499,20.498335084384138,20.0,kinematic,False,0,0.0,,,,random,event,1,0,6.812786999944365,6.77106700004515,2366.6666666666633,100.0,0.023876999875938054,8190.526367064174
random-s0-0041,prm,1,0,completed,True,False,3,344,0,,17.452128996410465,0.05073293312910019,2016.6666666666645,31.22515499990186,64.58468073811011,121,0,0,0,9424.171781966103,8243.109544037507,59.01291176302848,59.827143168760344,67.03854302603278,20.0,kinematic,False,0,0.0,,,,random,event,0,102,7.007099000475137,6.969272000333149,2016.6666666666645,500.0,0.06787699976484873,8190.526367064174
random-s0-0041,visibility,1,0,completed,True,False,3,380,0,,29.97761599954174,0.07888846315668879,2333.33333333333,44.98143399996479,51.87325360359023,140,0,1,1,8204.137159000386,8081.549504400135,58.65186744718267,59.10792672641499,-4.29300528253836,20.0,kinematic,False,0,0.0,,,,random,event,2,2,8.153727999797411,8.0831710001803,2333.33333333333,100.0,0.025351999738632003,8190.526367064174
random-s0-0041,visibility,1,0,completed,True,False,3,365,0,,25.380340996889572,0.06953518081339609,2333.33333333333,39.75207399980718,58.69714705563911,140,0,1,1,8204.137159000386,8022.859265592475,58.49204749927784,59.10792672641499,-4.29300528253836,20.0,kinematic,False,0,0.0,,,,random,event,1,107,7.947038000111206,7.910623000043415,2333.33333333333,500.0,0.05794099979539169,8190.526367064174
random-s0-0042,voronoi,1,0,completed,True,False,3,395,0,,20.376087999466108,0.05158503291004078,3199.9999999999936,38.0100389998006,84.1882851005962,192,0,0,0,11802.219770311835,11262.686878972263,56.85649733220591,58.55977302251443,33.02984180564164,20.0,kinematic,False,0,0.0,,,,random,event,7,0,4.052765000324143,4.0343179998671985,3199.9999999999936,100.0,0.0504009999531263,10634.989764740681
random-s0-0042,voronoi,1,0,completed,True,False,3,698,0,,121.83751300062795,0.1745523108891518,4433.333333333323,150.39846799982115,29.47725061493708,266,0,0,0,11802.219770311835,16465.4547418255,59.016149108657565,59.86215947529194,8.422467984393649,20.0,kinematic,False,0,0.0,,,,random,event,147,12,4.088660999968852,4.33286700035751,4433.333333333323,500.0,0.08124099986162037,10634.989764740681
random-s0-0042,prm,1,0,completed,True,False,3,382,0,,19.72244699663861,0.051629442399577515,2716.666666666662,35.34660100012843,76.85793229897243,163,0,0,0,11119.259012967424,10609.89327572886,59.431675731272456,59.986210117994005,7.3022059732494995,20.0,kinematic,False,0,0.0,,,,random,event,1,0,6.6927329999089125,6.656752999788296,2716.666666666662,100.0,0.02642799972818466,10634.989764740681
random-s0-0042,prm,1,0,completed,True,False,3,516,0,,45.486173998142476,0.08815149999640015,4049.999999999991,67.46106600030544,60.03462797314312,243,0,0,0,11119.259012967424,13068.13981410287,59.08034634187117,59.83686998624536,1.5627388035350123,20.0,kinematic,False,0,0.0,,,,random,event,4,178,7.013229999301984,6.9822799996472895,4049.999999999991,500.0,0.07667899990337901,10634.989764740681
random-s0-0042,visibility,1,0,completed,True,False,3,436,0,,239.18228500588157,0.548583222490554,2966.666666666661,257.0608779997201,11.54071630716943,178,0,1,1,10663.51829729358,10493.846976782319,59.25100859631593,59.72235424441106,-11.022570195278917,20.0,kinematic,False,0,0.0,,,,random,event,25,18,9.022229000038351,9.15945599990664,2966.666666666661,100.0,8.728937999876507,10634.989764740681
random-s0-0042,visibility,1,0,completed,True,False,3,437,0,,132.69713899808266,0.30365478031597865,2966.666666666661,150.24151600027835,19.745984636238394,178,0,1,1,10663.51829729358,10511.268184676272,58.710451387441346,59.2169410863059,-11.022570195278917,20.0,kinematic,False,0,0.0,,,,random,event,13,201,8.970933999989938,8.938930000113032,2966.666666666661,500.0,0.07628799994563451,10634.989764740681
random-s0-0043,voronoi,1,0,completed,True,False,3,650,0,,51.11578899777669,0.0786396753811949,4933.333333333321,78.6084250003114,62.758328173014256,296,0,0,0,19031.087961068093,17569.250859333333,59.18287824371066,59.44873584068119,6.613749923309143,20.0,kinematic,False,0,0.0,,,,random,event,21,0,7.745892999537318,3.985355000168056,4933.333333333321,100.0,0.048519999836571515,16874.48183265393
random-s0-0043,voronoi,1,0,completed,True,False,3,666,0,,215.0854629908281,0.322951145631874,4816.666666666655,243.9076139999088,19.747914333943083,289,0,0,0,18763.358721643155,19213.800671806013,59.02617488122258,59.89739940751982,3.189383462030662,20.0,kinematic,False,0,0.0,,,,random,event,100,41,7.9558450001968595,4.39104600036444,4816.666666666655,500.0,3.9926039999045315,16874.48183265393
random-s0-0043,prm,1,0,completed,True,False,3,628,0,,48.911469011727604,0.07788450479574459,4599.999999999989,74.67557800009672,61.59979103200288,276,0,0,0,17602.07100516597,17894.41187471073,58.76371093289191,58.887823150658505,0.9590299921796941,20.0,kinematic,False,0,0.0,,,,random,event,4,11,13.006803000280343,6.703809000100591,4599.999999999989,100.0,0.036005999845656333,16874.48183265393
random-s0-0043,prm,1,0,completed,True,False,3,624,0,,35.16204100696996,0.056349424690656985,5083.33333333332,61.69689300031678,82.39204741326634,305,0,0,0,17602.07100516597,19129.11542886038,58.99333890485858,59.2148099029597,0.5014895028664057,20.0,kinematic,False,0,0.0,,,,random,event,2,135,12.135367000155384,6.0708609998982865,5083.33333333332,500.0,0.05789199985883897,16874.48183265393
random-s0-0043,visibility,1,0,completed,True,False,3,639,0,,295.7954649982639,0.4629037010927448,4699.999999999989,322.51313999995546,14.573049643808739,282,0,3,3,16900.006651146272,17054.952910629003,58.597759105233536,58.79284914076702,-15.584322513790198,20.0,kinematic,False,0,0.0,,,,random,event,32,38,17.64613899968026,9.042475999649469,4699.999999999989,100.0,7.911824000075285,16874.48183265393
random-s0-0043,visibility,1,0,completed,True,False,3,554,0,,208.59476800205812,0.3765248519892746,3666.6666666666583,230.99464300003092,15.873383984347063,220,0,1,1,16900.006651146272,16859.98407743407,58.616592948494116,59.05660730692201,-76.5434352498208,20.0,kinematic,False,0,0.0,,,,random,event,22,155,17.06053299994892,8.56180199980372,3666.6666666666583,500.0,0.08218199991461006,16874.48183265393
random-s0-0044,voronoi,1,0,completed,True,False,3,428,0,,48.603402000480855,0.11355935046841321,2566.6666666666624,65.8416030000808,38.982444984875485,154,0,0,0,14106.255543935124,13448.45686510361,59.04041165498748,59.96039714848765,27.19852984720103,20.0,kinematic,False,0,0.0,,,,random,event,20,0,4.045397000481898,4.045743999995466,2566.6666666666624,100.0,0.05151699997441028,13109.983850413751
random-s0-0044,voronoi,1,0,completed,True,False,3,687,0,,142.02856301153588,0.20673735518418615,4949.999999999988,171.51609900020048,28.860264598218283,297,0,0,0,14234.120061774258,17559.41759704092,59.134323173860686,59.60273521712796,106.19311661883114,20.0,kinematic,False,0,0.0,,,,random,event,112,5,4.064551000737993,4.580579000048601,4949.999999999988,500.0,0.07551199996669311,13109.983850413751
random-s0-0044,prm,1,0,completed,True,False,3,430,0,,33.70346200063068,0.07838014418751321,2499.999999999996,50.133862999700796,49.86649442942221,150,0,0,0,13910.776834546232,14046.210274379086,59.12905253153039,59.91086774552489,82.58616815096013,20.0,kinematic,False,0,0.0,,,,random,event,3,8,7.107008000275528,7.070388999636634,2499.999999999996,100.0,0.037043999782326864,13109.983850413751
random-s0-0044,prm,1,0,completed,True,False,3,415,0,,23.939760011217004,0.05768616870172772,2399.9999999999964,40.570149999894056,59.15679384981972,144,0,0,0,13910.776834546232,13204.338561511438,59.06815200969561,59.91086774552489,82.58616815096013,20.0,kinematic,False,0,0.0,,,,random,event,1,143,6.723396999859688,6.688999999823864,2399.9999999999964,500.0,0.08590800007368671,13109.983850413751
random-s0-0044,visibility,1,0,completed,True,False,3,423,0,,43.85939700296149,0.10368651773749761,2399.9999999999964,59.97313200032295,40.017920024371456,144,0,0,0,13129.407155414123,13045.373586720085,59.03982469281687,59.91086774552489,82.58616815096013,20.0,kinematic,False,0,0.0,,,,random,event,3,14,9.209543000451959,9.263468999961333,2399.9999999999964,100.0,0.03926599993064883,13109.983850413751
random-s0-0044,visibility,1,0,completed,True,False,3,424,0,,21.723791002841608,0.051235356138777374,2549.999999999996,38.14603399996486,66.84836489167773,153,0,0,0,13129.407155414123,12943.0390092319,59.494553190683554,59.91086774552489,82.58616815096013,20.0,kinematic,False,0,0.0,,,,random,event,0,150,9.169075000045268,9.13538700024219,2549.999999999996,500.0,0.05727300003854907,13109.983850413751
random-s0-0045,voronoi,1,0,completed,True,False,3,376,0,,19.46995199614321,0.05178178722378513,2416.666666666663,34.908507000182,69.22858851150704,145,0,0,0,7235.361652219222,8031.173539658911,58.561042924528586,59.02177858806326,98.68898450785696,20.0,kinematic,False,0,0.0,,,,random,event,18,1,0.10232800013909582,3.8878899999872374,2416.666666666663,100.0,0.04905200012217392,7235.361652219222
random-s0-0045,voronoi,1,0,completed,True,False,3,438,0,,82.5728080085355,0.18852239271355137,2916.666666666661,100.58385599995745,28.99736381818465,175,0,0,0,7235.361652219222,9285.643334333217,58.943235781902935,59.53477298757782,259.8088254236792,20.0,kinematic,False,0,0.0,,,,random,event,50,8,0.08340699969267007,4.311854999741627,2916.666666666661,500.0,0.0712689998181304,7235.361652219222
random-s0-0045,prm,1,0,completed,True,False,3,328,0,,7.492799001283856,0.0228438993941581,1916.6666666666647,20.18047999990813,94.97626749588663,115,1,1,2,7235.361652219222,7058.590085419863,58.92385559978634,59.26537079676585,-161.32455345251213,20.0,kinematic,False,0,0.0,,,,random,event,0,53,0.051048000386799686,0.1495890001024236,1916.6666666666647,100.0,0.057946999731939286,7235.361652219222
random-s0-0045,prm,1,0,completed,True,False,3,328,0,,9.339225001440354,0.028473246955610838,1916.6666666666647,22.284043000126985,86.01072375671428,115,1,1,2,7235.361652219222,7058.590085419863,58.92385559978634,59.26537079676585,-161.32455345251213,20.0,kinematic,False,0,0.0,,,,random,event,0,100,0.044718000026477966,0.08942300019043614,1916.6666666666647,500.0,0.06518100008179317,7235.361652219222
random-s0-0045,visibility,1,0,completed,True,False,3,328,0,,7.26890599798935,0.022161298774357775,1916.6666666666647,19.96437199977663,96.00435549328118,115,1,1,2,7235.361652219222,7058.590085419863,58.92385559978634,59.26537079676585,-161.32455345251213,20.0,kinematic,False,0,0.0,,,,random,event,0,53,0.07024999968052725,0.08897800034901593,1916.6666666666647,100.0,0.05387400005929521,7235.361652219222
random-s0-0045,visibility,1,0,completed,True,False,3,328,0,,9.004633997392375,0.027453152431074313,1916.6666666666647,22.028962999684154,87.0066678442442,115,1,1,2,7235.361652219222,7058.590085419863,58.92385559978634,59.26537079676585,-161.32455345251213,20.0,kinematic,False,0,0.0,,,,random,event,0,100,0.0694049995217938,0.09252400013792794,1916.6666666666647,500.0,0.05480600020746351,7235.361652219222
random-s0-0046,voronoi,1,0,completed,True,False,3,383,0,,15.23951199669682,0.039789848555344176,2216.666666666664,30.32763500004876,73.09065367817504,133,0,0,0,11067.822665498355,11342.690477488775,59.0868458658097,59.48826600836446,106.43851526806674,20.0,kinematic,False,0,0.0,,,,random,event,1,0,0.09975900002245908,4.12804600000527,2216.666666666664,100.0,0.0387720001526759,11067.822665498355
random-s0-0046,voronoi,1,0,completed,True,False,3,581,0,,263.68448099310626,0.4538459225354669,4816.666666666655,289.50432500005263,16.63763284595413,289,0,0,0,13653.040414660158,16375.416773973477,58.89873164624308,59.36655407099591,13.035148561281375,20.0,kinematic,False,0,0.0,,,,random,event,64,48,4.194949000066117,4.4588760001715855,4816.666666666655,500.0,3.9339250001830806,11067.822665498355
random-s0-0046,prm,1,0,completed,True,False,3,397,0,,18.93033499845842,0.04768346347218746,2399.9999999999964,34.07424399983938,70.43443135558076,144,0,0,0,11067.822665498355,11509.841701661935,59.16961171325838,59.7365635507105,104.57767520485879,20.0,kinematic,False,0,0.0,,,,random,event,2,0,0.049311999646306504,6.336169999940466,2399.9999999999964,100.0,0.024155000119208125,11067.822665498355
random-s0-0046,prm,1,0,completed,True,False,3,502,0,,32.850230005806225,0.06543870519084906,3916.6666666666574,54.21523199993317,72.24291997259157,235,0,0,0,12397.789771562555,12392.969088786309,58.91510754826583,58.96380903681465,126.93429375048487,20.0,kinematic,False,0,0.0,,,,random,event,2,211,5.982609000056982,6.353078999836725,3916.6666666666574,500.0,0.06471300002885982,11067.822665498355
random-s0-0046,visibility,1,0,completed,True,False,3,409,0,,39.55253799813363,0.09670547187807733,2599.9999999999955,55.580089000159205,46.779342148814266,156,0,0,0,11067.822665498355,10930.285319007282,58.921266752072334,58.99152866715237,98.2594481266807,20.0,kinematic,False,0,0.0,,,,random,event,4,0,0.04939099972034455,8.490157999858639,2599.9999999999955,100.0,0.024495000161550706,11067.822665498355
random-s0-0046,visibility,1,0,completed,True,False,3,524,0,,215.15603600209943,0.4106031221414111,4449.999999999989,238.1710810000186,18.684048379490882,267,0,1,1,11341.511544674711,11263.817181313265,59.17748514756204,59.56794881299462,-8.634044954606537,20.0,kinematic,False,0,0.0,,,,random,event,23,251,7.941340000343189,9.48803700021017,4449.999999999989,500.0,0.08962299989434541,11067.822665498355
random-s0-0047,voronoi,1,0,completed,True,False,3,347,0,,10.0656760032507,0.029007711824929974,2199.9999999999973,23.80013299989514,92.43645823364474,132,0,0,0,8979.215457601695,8801.597430905242,59.20600889881788,59.937569890530895,16.291599454789548,20.0,kinematic,False,0,0.0,,,,random,event,0,0,0.09650299989516498,0.06057700011297129,2199.9999999999973,100.0,0.04188599996268749,8979.215457601695
random-s0-0047,voronoi,1,0,completed,True,False,3,404,0,,46.43027499787422,0.1149264232620649,2466.666666666663,62.72204700007933,39.3269477742578,148,0,0,0,8979.215457601695,9618.908601496709,58.57574996864446,59.461052206119774,11.67663365968582,20.0,kinematic,False,0,0.0,,,,random,event,26,7,0.0824379999357916,4.417830999955186,2466.666666666663,500.0,0.06001599967930815,8979.215457601695
random-s0-0047,prm,1,0,completed,True,False,3,347,0,,5.532199997560383,0.015942939474237416,2199.9999999999973,19.173205999777565,114.7434602238937,132,0,0,0,8979.215457601695,8801.597430905242,59.20600889881788,59.937569890530895,16.291599454789548,20.0,kinematic,False,0,0.0,,,,random,event,0,0,0.049576000037632184,0.05567600010181195,2199.9999999999973,100.0,0.020075000065844506,8979.215457601695
random-s0-0047,prm,1,0,completed,True,False,3,347,0,,9.826316992985085,0.028317916406297074,2199.9999999999973,23.636471000372694,93.0765002933521,132,0,0,0,8979.215457601695,8801.597430905242,59.20600889881788,59.937569890530895,16.291599454789548,20.0,kinematic,False,0,0.0,,,,random,event,0,99,0.045216000216896646,0.17382199985149782,2199.9999999999973,500.0,0.06059700035621063,8979.215457601695
random-s0-0047,visibility,1,0,completed,True,False,3,347,0,,5.397778999395086,0.015555559076066532,2199.9999999999973,18.829624999852967,116.83716484089175,132,0,0,0,8979.215457601695,8801.597430905242,59.20600889881788,59.937569890530895,16.291599454789548,20.0,kinematic,False,0,0.0,,,,random,event,0,0,0.04635799950847286,0.045883999973739265,2199.9999999999973,100.0,0.017971000033867313,8979.215457601695
random-s0-0047,visibility,1,0,completed,True,False,3,347,0,,9.883241002626164,0.02848196254359125,2199.9999999999973,23.612691999915114,93.17023234826026,132,0,0,0,8979.215457601695,8801.597430905242,59.20600889881788,59.937569890530895,16.291599454789548,20.0,kinematic,False,0,0.0,,,,random,event,0,99,0.0463689998468908,0.1320609999311273,2199.9999999999973,500.0,0.06001499968988355,8979.215457601695
random-s0-0048,voronoi,1,0,completed,True,False,3,626,0,,74.46278598763456,0.1189501373604386,4149.999999999991,100.36087799971938,41.350774153366764,249,0,0,0,21040.948046694728,18191.025707577224,58.68150834042073,59.29598702173197,11.11927150606698,20.0,kinematic,False,0,0.0,,,,random,event,29,0,7.899447999989206,4.021346999707021,4149.999999999991,100.0,0.052211999900464434,15905.282696144324
random-s0-0048,voronoi,1,0,completed,True,False,3,976,0,,208.67690399245475,0.21380830327095773,7033.333333333314,250.1265109999622,28.119103829559183,422,0,0,0,22967.201428642707,23284.477645831863,58.65846886537204,59.04302359610046,2.7544500831608616,20.0,kinematic,False,0,0.0,,,,random,event,81,11,12.051298000187671,4.42957999985083,7033.333333333314,500.0,0.07366899990302045,15905.282696144324
random-s0-0048,prm,1,0,completed,True,False,3,589,0,,53.120210001452506,0.0901871137545883,3833.3333333333244,78.20059899995613,49.01923236336687,230,0,0,0,17444.448937213067,16581.667195570713,59.881986196664855,59.9841752756209,19.540638274783532,20.0,kinematic,False,0,0.0,,,,random,event,4,50,12.808094000320125,7.190223999714362,3833.3333333333244,100.0,0.06101300004957011,15905.282696144324
random-s0-0048,prm,1,0,completed,True,False,3,514,0,,42.58582600459704,0.08285180156536388,2999.999999999994,62.730401000408165,47.823701939677925,180,0,0,0,17922.25045804314,16770.767043070784,59.24742541979572,59.70420115656474,41.22396576960887,20.0,kinematic,False,0,0.0,,,,random,event,2,143,19.480737000321824,6.6800859999602835,2999.999999999994,500.0,0.06496500009234296,15905.282696144324
random-s0-0048,visibility,1,0,completed,True,False,3,563,0,,138.80085800337838,0.24653793606283905,3733.333333333325,162.21628499988583,23.014540946588394,224,0,0,0,15961.724293866037,16008.004925264016,58.61854157061112,59.27643178583821,40.00796307047517,20.0,kinematic,False,0,0.0,,,,random,event,14,6,18.796143000145094,10.076115000174468,3733.333333333325,100.0,0.04994199980501435,15905.282696144324
random-s0-0048,visibility,1,0,completed,True,False,3,595,0,,54.59142500467351,0.0917502941255017,4449.999999999989,79.91533800031903,55.68392890964466,267,0,1,1,16272.388150237208,16278.719402323322,59.21257893222471,59.679216831800865,-46.913144358102954,20.0,kinematic,False,0,0.0,,,,random,event,2,201,23.147866999806865,8.015579000129947,4449.999999999989,500.0,0.05742900020777597,15905.282696144324
random-s0-0049,voronoi,1,0,completed,True,False,3,437,0,,16.777343999820005,0.03839209153276889,2666.666666666662,34.10563199986427,78.18845481817415,160,0,0,0,16753.749713096262,15035.215653537933,59.400925903252336,59.46114760875951,21.90309412717326,20.0,kinematic,False,0,0.0,,,,random,event,0,0,3.968197999711265,3.8848399999551475,2666.666666666662,100.0,0.04928299995299312,15062.312749307093
random-s0-0049,voronoi,1,0,completed,True,False,3,650,0,,70.68388600646358,0.10874444000994397,4766.666666666655,98.60491500012358,48.34106562193863,286,0,0,0,16703.222782234992,18186.594690130893,58.83956947318305,59.85893517588937,10.252576093165345,20.0,kinematic,False,0,0.0,,,,random,event,86,9,3.9623849997951766,5.385594000017591,4766.666666666655,500.0,0.05990699992253212,15062.312749307093
random-s0-0049,prm,1,0,completed,True,False,3,442,0,,13.567772000897094,0.030696316744111073,2749.999999999995,30.870294000123977,89.08240394435346,165,0,0,0,15448.77921654741,15076.28580025084,59.251366453935255,59.46114760875951,3.981175098637067,20.0,kinematic,False,0,0.0,,,,random,event,0,0,6.378169000072376,6.332738999844878,2749.999999999995,100.0,0.023847000193200074,15062.312749307093
random-s0-0049,prm,1,0,completed,True,False,3,591,0,,215.5310640027892,0.3646887715783235,5233.33333333332,242.98132600006284,21.538006313011753,314,0,0,0,15448.77921654741,21357.1223416867,59.40200532721854,59.46114760875951,0.3633725806515429,20.0,kinematic,False,0,0.0,,,,random,event,1,118,6.396489000508154,17.62340499999482,5233.33333333332,500.0,0.07834699999875738,15062.312749307093
random-s0-0049,visibility,1,0,completed,True,False,3,602,0,,235.07947300322485,0.3904974634605064,5416.666666666652,262.40883599984954,20.64208945566817,325,0,1,1,15063.660777217949,15093.69054810518,59.121648447378256,59.46114760875951,-10.070996678030838,20.0,kinematic,False,0,0.0,,,,random,event,25,16,9.418693000498024,9.37400400016486,5416.666666666652,100.0,0.054306000038195634,15062.312749307093
random-s0-0049,visibility,1,0,completed,True,False,3,506,0,,48.88794199359836,0.09661648615335644,3583.3333333333253,69.84891999991305,51.30119883511135,215,0,0,0,15063.660777217949,16460.90420415457,59.455932897748994,59.87306184146157,0.047646350818922656,20.0,kinematic,False,0,0.0,,,,random,event,3,146,9.049103999586805,9.010676999878342,3583.3333333333253,500.0,0.05916999998589745,15062.312749307093
random-s0-0050,voronoi,1,0,completed,True,False,3,478,0,,22.195819005901285,0.04643476779477256,3016.666666666661,41.1063239998839,73.38692379000325,181,0,0,0,14240.139815121755,13769.888161397063,58.82273095915412,59.38490352016087,3.506956636835298,20.0,kinematic,False,0,0.0,,,,random,event,1,0,4.050791999816283,3.9743040001667396,3016.666666666661,100.0,0.04932999991069664,13178.701205214838
random-s0-0050,voronoi,1,0,completed,True,False,3,543,0,,114.78304699949149,0.21138682688672467,3066.6666666666606,137.87991200024408,22.241576906875544,184,0,0,0,14272.409061377664,16006.35549117734,59.1728975247316,59.55408653064963,14.140258748548831,20.0,kinematic,False,0,0.0,,,,random,event,99,0,4.15877899968109,12.420654000379727,3066.6666666666606,500.0,0.07990299991433858,13178.701205214838
random-s0-0050,prm,1,0,completed,True,False,3,407,0,,26.59758899926601,0.06535034152153811,2533.3333333333294,43.25084900028742,58.57303132515374,152,0,0,0,14112.047945389615,13378.449112545335,59.356088098391126,59.63063276604507,13.287732517760901,20.0,kinematic,False,0,0.0,,,,random,event,2,0,6.694283999877371,6.759541000064928,2533.3333333333294,100.0,0.02756200001385878,13178.701205214838
random-s0-0050,prm,1,0,completed,True,False,3,410,0,,69.48528099837858,0.16947629511799656,2583.333333333329,87.63702900023418,29.477646182259623,155,0,0,0,14112.047945389615,13590.288913859775,59.04312943784023,59.35867810512366,13.287732517760901,20.0,kinematic,False,0,0.0,,,,random,event,1,41,6.329879000077199,19.35687200011671,2583.333333333329,500.0,0.058025999805977335,13178.701205214838
random-s0-0050,visibility,1,0,completed,True,False,3,457,0,,87.93240599970886,0.19241226695778746,2899.9999999999945,106.42967000012504,27.248040889317682,174,0,0,0,13199.154481083107,13059.495503993963,58.88514729945072,59.2762934883897,1.3701872216678623,20.0,kinematic,False,0,0.0,,,,random,event,8,0,10.303988000487152,10.258020000037504,2899.9999999999945,100.0,0.035712000226340024,13178.701205214838
random-s0-0050,visibility,1,0,completed,True,False,3,465,0,,34.52067999978681,0.07423802150491786,2899.9999999999945,53.36083000020153,54.346980734539585,174,0,0,0,13199.154481083107,13147.810509497518,58.81194041303329,59.07895342400466,1.3701872216678623,20.0,kinematic,False,0,0.0,,,,random,event,2,47,8.992084000055911,8.948889000294002,2899.9999999999945,500.0,0.05332000000635162,13178.701205214838
random-s0-0051,voronoi,1,0,completed,True,False,3,723,0,,47.01603300873103,0.06502909129838316,5316.666666666653,78.38176899986138,67.83039901378159,319,0,0,0,16738.26954844714,17250.684569186298,59.16305910098898,59.98640902097167,2.2672545157364823,20.0,kinematic,False,0,0.0,,,,random,event,26,0,8.283967000352277,4.335445999913645,5316.666666666653,100.0,0.05091899993203697,14907.26778511228
random-s0-0051,voronoi,1,0,completed,True,False,3,764,0,,41.75645800296479,0.05465504974210051,7549.999999999978,77.90601499982586,96.91164411396032,453,0,0,0,16917.06618892851,20003.385434280255,59.455762569795866,59.97113839151059,163.80668153296375,20.0,kinematic,False,0,0.0,,,,random,event,94,0,8.022898000490386,4.286857000352029,7549.999999999978,500.0,0.05595700031335582,14907.26778511228
random-s0-0051,prm,1,0,completed,True,False,3,573,0,,64.16948900459829,0.11198863700627974,4049.999999999991,89.68719399990732,45.156948493718915,243,0,0,0,16263.197403657257,16055.35210054622,58.904876463236576,59.579897952084444,1.8555157253948664,20.0,kinematic,False,0,0.0,,,,random,event,6,22,13.63037799956146,6.997612999839475,4049.999999999991,100.0,0.045884999963163864,14907.26778511228
random-s0-0051,prm,1,0,completed,True,False,3,566,0,,40.143951001027744,0.07092570848238118,4083.333333333324,67.47307499972521,60.51796710539654,245,1,0,1,16263.197403657257,15804.91709092971,59.16048860839725,59.600330283074015,-40.43298755979876,20.0,kinematic,False,0,0.0,,,,random,event,2,184,12.824292999994213,6.555824000315624,4083.333333333324,500.0,0.07030100005067652,14907.26778511228
random-s0-0051,visibility,1,0,completed,True,False,3,576,0,,189.5659239980887,0.3291075069411262,4833.333333333321,216.5330099996936,22.321461902460786,290,0,0,0,14926.068259297019,15213.365995723376,59.46132489350524,59.76292041490835,0.3022942530258206,20.0,kinematic,False,0,0.0,,,,random,event,13,5,25.680437000119127,16.737441000259423,4833.333333333321,100.0,0.05290599983709399,14907.26778511228
random-s0-0051,visibility,1,0,completed,True,False,3,471,0,,39.32546299711248,0.08349355201085452,3566.666666666659,58.923909999975876,60.53004063491576,214,1,0,1,14926.068259297019,14745.331726455763,59.03101045315861,59.591306345774974,-110.25301304060883,20.0,kinematic,False,0,0.0,,,,random,event,1,78,19.415211000250565,9.857847000148467,3566.666666666659,500.0,0.05397599989009905,14907.26778511228
random-s0-0052,voronoi,1,0,completed,True,False,3,494,0,,39.502931999322755,0.0799654493913416,4266.666666666657,61.902372000076866,68.92573788063176,256,0,1,1,11839.387204061108,13109.369875762439,58.70249992149462,59.07412666442425,-110.17842749578543,20.0,kinematic,False,0,0.0,,,,random,event,56,2,4.004975000043487,4.01233599995976,4266.666666666657,100.0,0.057886999911715975,10238.474397439342
random-s0-0052,voronoi,1,0,completed,True,False,3,584,0,,185.5185189947406,0.3176686969088024,5016.666666666654,212.3619270000745,23.623192431592948,301,0,1,1,12008.372812006855,12730.375937885168,59.348751339352305,59.39427049049204,-106.8212249147563,20.0,kinematic,False,0,0.0,,,,random,event,92,30,3.992617999756476,4.324185999848851,5016.666666666654,500.0,3.8913869998395967,10238.474397439342
random-s0-0052,prm,1,0,completed,True,False,3,392,0,,38.91463999661937,0.09927204080770248,2516.6666666666624,54.79957399984414,45.92493121705326,151,0,1,1,10851.176873117434,10468.41686939729,58.53838822845382,58.83028800896438,-159.6019367330067,20.0,kinematic,False,0,0.0,,,,random,event,3,33,6.946982999579632,11.823851999906765,2516.6666666666624,100.0,0.057545999879948795,10238.474397439342
random-s0-0052,prm,1,0,completed,True,False,3,410,0,,29.292655003246182,0.07144550000791752,2766.6666666666615,52.33805899979416,52.86146868147217,166,0,1,1,10822.45056851847,10801.03646674726,59.18709107278723,59.39234829969175,-152.29853870262338,20.0,kinematic,False,0,0.0,,,,random,event,1,243,6.217679000201315,6.173175999720115,2766.6666666666615,500.0,0.0793369999882998,10238.474397439342
random-s0-0052,visibility,1,0,completed,True,False,3,399,0,,28.663230000802287,0.07183766917494308,2583.333333333329,45.64985700017132,56.5901736192434,155,0,1,1,10302.379532552835,10405.107766675123,58.842224816558115,59.210745970888816,-152.29853870262338,20.0,kinematic,False,0,0.0,,,,random,event,1,21,9.553570999742078,11.29877800030954,2583.333333333329,100.0,0.051433999942673836,10238.474397439342
random-s0-0052,visibility,1,0,completed,True,False,3,407,0,,35.6434190039181,0.08757596806859483,2716.666666666662,52.466180000010354,51.77938753433404,163,0,2,2,10302.379532552835,10112.346273222385,58.77515408523303,59.210745970888816,-152.29853870262338,20.0,kinematic,False,0,0.0,,,,random,event,1,240,9.692128000097,9.64697699964745,2716.666666666662,500.0,0.07913699982964317,10238.474397439342
random-s0-0053,voronoi,1,0,completed,True,False,3,373,0,,18.918346000191377,0.050719426273971524,2183.3333333333303,33.80050099985965,64.59470329574097,131,0,0,0,10986.224435090906,10808.460723049433,59.25457068048928,59.9950488540603,43.27169687997804,20.0,kinematic,False,0,0.0,,,,random,event,0,2,0.1013609999063192,3.9062149999153917,2183.3333333333303,100.0,0.048055999741336564,10986.224435090906
random-s0-0053,voronoi,1,0,completed,True,False,3,533,0,,96.40359900413387,0.18086979175259638,3599.9999999999923,119.40861800030689,30.14857771815716,216,0,0,0,10986.224435090906,14430.544973232936,58.34192423491911,58.73280169051836,43.27169687997804,20.0,kinematic,False,0,0.0,,,,random,event,73,11,0.0833520002743171,5.5751790000613255,3599.9999999999923,500.0,0.06779100021958584,10986.224435090906
random-s0-0053,prm,1,0,completed,True,False,3,373,0,,7.11257399598253,0.019068562991910266,2183.3333333333303,22.729542999968544,96.05707133382981,131,0,0,0,10986.224435090906,10808.460723049433,59.25457068048928,59.9950488540603,43.27169687997804,20.0,kinematic,False,0,0.0,,,,random,event,0,18,0.05356199972084141,0.17248699987248983,2183.3333333333303,100.0,0.03870499995173304,10986.224435090906
random-s0-0053,prm,1,0,completed,True,False,3,373,0,,13.705811000818358,0.03674480161077308,2183.3333333333303,62.23871099973621,35.07998957983857,131,0,0,0,10986.224435090906,10808.460723049433,59.25457068048928,59.9950488540603,43.27169687997804,20.0,kinematic,False,0,0.0,,,,random,event,0,121,0.051112000164721394,1.5340630002356193,2183.3333333333303,500.0,0.06972000028326875,10986.224435090906
random-s0-0053,visibility,1,0,completed,True,False,3,373,0,,6.655781997778831,0.0178439195650907,2183.3333333333303,21.17520299998432,103.1080237263816,131,0,0,0,10986.224435090906,10808.460723049433,59.25457068048928,59.9950488540603,43.27169687997804,20.0,kinematic,False,0,0.0,,,,random,event,0,18,0.048117999995156424,0.08673499996803002,2183.3333333333303,100.0,0.047341000026790425,10986.224435090906
random-s0-0053,visibility,1,0,completed,True,False,3,373,0,,10.924177000106283,0.02928733780189352,2183.3333333333303,25.42429799996171,85.87585518926102,131,0,0,0,10986.224435090906,10808.460723049433,59.25457068048928,59.9950488540603,43.27169687997804,20.0,kinematic,False,0,0.0,,,,random,event,0,121,0.04497900044952985,0.09122399978878093,2183.3333333333303,500.0,0.05803300018669688,10986.224435090906
random-s0-0054,voronoi,1,0,completed,True,False,3,358,0,,14.552334998825245,0.040648980443645934,2199.9999999999973,28.83350399997653,76.30012640856235,132,0,0,0,11509.935911100123,9446.39167086786,59.50384456875395,59.996090301181205,489.8469340961818,20.0,kinematic,False,0,0.0,,,,random,event,0,0,4.1222840000045835,4.015997999886167,2199.9999999999973,100.0,0.04372100011096336,9622.168927377626
random-s0-0054,voronoi,1,0,completed,True,False,3,414,0,,81.02578999523757,0.19571446858753036,2466.666666666663,97.7770779995808,25.22745327567713,148,0,0,0,11378.338021003843,10575.361547796874,59.18886782015562,59.811649650589416,454.3849108715016,20.0,kinematic,False,0,0.0,,,,random,event,53,6,4.110674000457948,4.629898999610305,2466.666666666663,500.0,0.06739999980709399,9622.168927377626
random-s0-0054,prm,1,0,completed,True,False,3,359,0,,12.419333005254884,0.03459424235447043,2216.666666666664,26.25463200001832,84.42954624788179,133,0,0,0,13514.924562942679,9445.618265593059,59.47960340020677,59.996090301181205,446.9516360555424,20.0,kinematic,False,0,0.0,,,,random,event,0,0,6.701471999804198,6.625690999953804,2216.666666666664,100.0,0.02012899994952022,9622.168927377626
random-s0-0054,prm,1,0,completed,True,False,3,368,0,,20.35624800282676,0.05531589131202924,2349.9999999999964,35.72187000008853,65.78602967857428,141,0,0,0,13514.924562942679,9478.20855013935,59.18513174358804,59.546675837083114,408.3338884019778,20.0,kinematic,False,0,0.0,,,,random,event,1,58,6.583393000255455,6.5390199997636955,2349.9999999999964,500.0,0.08756600027481909,9622.168927377626
random-s0-0054,visibility,1,0,completed,True,False,3,356,0,,25.118761998783157,0.070558320221301,2166.666666666664,38.877109000168275,55.73116732155381,130,0,0,0,9630.904506237648,9444.238560287049,59.68711318347599,59.996090301181205,447.3553151810154,20.0,kinematic,False,0,0.0,,,,random,event,1,0,10.127445999387419,10.085588999572792,2166.666666666664,100.0,0.020030000086990185,9622.168927377626
random-s0-0054,visibility,1,0,completed,True,False,3,359,0,,18.435346004025632,0.051351938729876416,2216.666666666664,32.42274800004452,68.3676370264365,133,0,0,0,9630.904506237648,9444.76444678589,59.746473126361025,59.996090301181205,504.6738703355728,20.0,kinematic,False,0,0.0,,,,random,event,0,79,9.574886000336846,9.534978999909072,2216.666666666664,500.0,0.05735000013373792,9622.168927377626
random-s0-0055,voronoi,1,0,completed,True,False,3,427,0,,28.95814300109123,0.06781766510794199,3099.999999999994,47.07291700015048,65.85527724976305,186,0,0,0,12111.193984191377,11987.144933733302,59.137437296409075,59.44537752220485,246.78878584770888,20.0,kinematic,False,0,0.0,,,,random,event,16,0,0.10265200035064481,4.083202999936475,3099.999999999994,100.0,0.04926999963572598,12111.193984191377
random-s0-0055,voronoi,1,0,completed,True,False,3,889,0,,295.7628430008299,0.3326916119244431,5466.666666666652,333.22718199997325,16.405224309303467,328,0,0,0,12111.193984191377,24104.267124914666,58.800420162367296,59.071548130303476,60.99702250939745,20.0,kinematic,False,0,0.0,,,,random,event,205,34,0.0825169995550823,5.243678999704571,5466.666666666652,500.0,3.996168000412581,12111.193984191377
random-s0-0055,prm,1,0,completed,True,False,3,411,0,,20.106783995288424,0.048921615560312465,2883.333333333328,37.04109899990726,77.84146289343485,173,0,0,0,12111.193984191377,12756.890847929952,59.13448829939466,59.44537752220485,152.09713954419192,20.0,kinematic,False,0,0.0,,,,random,event,2,15,0.07621399981871946,6.421530999887182,2883.333333333328,100.0,0.04720699962490471,12111.193984191377
random-s0-0055,prm,1,0,completed,True,False,3,390,0,,17.730180004946305,0.045462000012682836,2533.3333333333294,33.79380600017612,74.96442789900986,152,0,0,0,12111.193984191377,12243.059940145937,59.401638755501445,59.44537752220485,286.66213794874153,20.0,kinematic,False,0,0.0,,,,random,event,1,142,0.04801800014320179,5.461920000016107,2533.3333333333294,500.0,0.0611810000918922,12111.193984191377
random-s0-0055,visibility,1,0,completed,True,False,3,413,0,,16.82774900154982,0.04074515496743297,2916.666666666661,33.583497000108764,86.8482119851073,175,0,0,0,12111.193984191377,11933.464165117348,59.24581887519464,59.44537752220485,247.6855985081126,20.0,kinematic,False,0,0.0,,,,random,event,1,15,0.05107300012241467,9.167711999907624,2916.666666666661,100.0,0.03757500007850467,12111.193984191377
random-s0-0055,visibility,1,0,completed,True,False,3,401,0,,21.397125003659312,0.05335941397421275,2716.666666666662,37.92145099987465,71.63931218443203,163,0,0,0,12111.193984191377,12132.76300433097,59.00024227306776,59.44537752220485,275.0878795143387,20.0,kinematic,False,0,0.0,,,,random,event,1,157,0.045833999593014596,8.439529000042967,2716.666666666662,500.0,0.05842300015501678,12111.193984191377
random-s0-0056,voronoi,1,0,completed,True,False,3,445,0,,39.658946999679756,0.0891212292127635,3499.9999999999923,58.84714299963889,59.47612444025481,210,0,0,0,12672.988197140061,12671.4922742261,58.450034069109286,58.89364269868926,369.5154965615027,20.0,kinematic,False,0,0.0,,,,random,event,6,1,0.10203000010733376,3.8674649999848043,3499.9999999999923,100.0,0.05097999974168488,12672.988197140061
random-s0-0056,voronoi,1,0,completed,True,False,3,574,0,,42.63280599980135,0.07427318118432291,4083.333333333324,66.81902699983766,61.11033812783961,245,0,2,2,14345.140632351979,16131.674709798988,59.33230432874539,59.87492630544435,-84.9826604479388,20.0,kinematic,False,0,0.0,,,,random,event,135,2,3.8563959997190977,4.144792999795754,4083.333333333324,500.0,0.05687400016540778,12672.988197140061
random-s0-0056,prm,1,0,completed,True,False,3,414,0,,13.557119000779494,0.032746664253090564,2983.3333333333276,30.515654999817343,97.76402745905945,179,0,0,0,12672.988197140061,12531.678245945555,58.28867030885855,58.409551417937045,369.5154965615027,20.0,kinematic,False,0,0.0,,,,random,event,1,17,0.04963899982612929,5.64137799983655,2983.3333333333276,100.0,0.04585999977280153,12672.988197140061
random-s0-0056,prm,1,0,completed,True,False,3,414,0,,22.1536200006085,0.05351115942175966,2983.3333333333276,39.27389399996173,75.96224946108565,179,0,0,0,13034.135111217533,12700.062534675664,58.6016203462493,59.3484015301093,369.5154965615027,20.0,kinematic,False,0,0.0,,,,random,event,1,87,6.380618000093818,6.348684999920806,2983.3333333333276,500.0,0.06062900001779781,12672.988197140061
random-s0-0056,visibility,1,0,completed,True,False,3,395,0,,15.65145800486789,0.03962394431612124,2666.666666666662,31.605303000105778,84.37402630367876,160,0,0,0,12672.988197140061,12550.361201832027,58.73771647804278,59.756689925489724,339.03902595889963,20.0,kinematic,False,0,0.0,,,,random,event,1,17,0.04877099991063005,8.46284099998229,2666.666666666662,100.0,0.04615199986801599,12672.988197140061
random-s0-0056,visibility,1,0,completed,True,False,3,403,0,,24.647241998991376,0.06115940942677761,2799.999999999995,41.29829600015,67.79940751041701,168,0,0,0,12767.053155308993,12531.999446259131,58.52285752253186,59.112113058956965,285.61461600819246,20.0,kinematic,False,0,0.0,,,,random,event,1,91,7.460962999630283,7.429027999933169,2799.999999999995,500.0,0.057468000250082696,12672.988197140061
random-s0-0057,voronoi,1,0,completed,True,False,3,421,0,,25.286786999913602,0.060063627078179575,3049.999999999994,42.928795000079845,71.04788289525297,183,0,0,0,9523.76266352716,9231.941674119302,58.17568661739343,58.32158554158033,14.222505952329811,20.0,kinematic,False,0,0.0,,,,random,event,3,0,4.273101999388018,4.199074999633012,3049.999999999994,100.0,0.05089100022814819,8275.887220397888
random-s0-0057,voronoi,1,0,completed,True,False,3,661,0,,146.3313290064434,0.2213787125664802,3966.6666666666574,173.6155570001756,22.847414916064494,238,0,0,0,13080.774364557425,16146.777249134688,59.33225267266358,59.74041982509805,130.70019158767371,20.0,kinematic,False,0,0.0,,,,random,event,110,3,4.231527000229107,4.824454000299738,3966.6666666666574,500.0,0.07485399964934913,8275.887220397888
random-s0-0057,prm,1,0,completed,True,False,3,445,0,,24.90474799878939,0.05596572583997616,3399.9999999999927,43.50598100018033,78.15017434007292,204,0,0,0,9955.866873725907,11338.690863576425,58.523324006114315,58.76218723585978,17.006521545327217,20.0,kinematic,False,0,0.0,,,,random,event,2,0,5.948378000084631,5.9134240000275895,3399.9999999999927,100.0,0.025003999780892627,8275.887220397888
random-s0-0057,prm,1,0,planning_failed,False,False,3,360,1,B2,23.74893700471148,0.06596926945753188,4249.99999999999,41.10792699975718,103.38638579427987,255,0,0,0,10667.295695976842,8538.135097819659,1394.811820759223,4067.7071489968403,85.8389650726125,20.0,kinematic,False,0,0.0,,,,random,event,2,1,6.292094000400539,6.1816400002498995,,500.0,0.02748399992924533,8275.887220397888
random-s0-0057,visibility,1,0,completed,True,False,3,538,0,,418.0520739973872,0.7770484646791583,4183.333333333324,441.51242099997035,9.475007121789684,251,0,1,1,8299.931473641624,8418.808992056063,58.84812237079194,59.85157893067489,-1.5691315823340517,20.0,kinematic,False,0,0.0,,,,random,event,50,13,8.55017699950622,8.516355999745429,4183.333333333324,100.0,8.047012000133691,8275.887220397888
random-s0-0057,visibility,1,0,planning_failed,False,False,3,276,1,B2,19.857322002280853,0.07194681884884367,2849.9999999999945,32.675471999937145,87.22138734539097,171,0,0,0,4543.814861715258,4350.760920495744,1394.7510729690891,4067.7071489968403,52.661840075824074,20.0,kinematic,False,0,0.0,,,,random,event,1,9,7.525841000642686,7.448641000337375,,500.0,0.04777300000569085,8275.887220397888
random-s0-0058,voronoi,1,0,completed,True,False,3,383,0,,22.717067000940006,0.05931349086407312,2283.3333333333303,38.18510800010699,59.79643512667118,137,0,0,0,10840.179390377138,9838.147923881988,58.70177457116689,59.06138980725437,92.09236938825325,20.0,kinematic,False,0,0.0,,,,random,event,7,0,3.8951010005803255,3.8115250004011614,2283.3333333333303,100.0,0.04571999988911557,9300.210098348036
random-s0-0058,voronoi,1,0,completed,True,False,3,382,0,,27.618925998012855,0.07230085339793942,2316.6666666666633,43.16766900001312,53.666707522844455,139,0,0,0,10840.179390377138,9602.456725149807,58.79051413877218,59.65117080703615,87.17825454446478,20.0,kinematic,False,0,0.0,,,,random,event,34,3,3.7487410004359845,4.079407000062929,2316.6666666666633,500.0,0.051265999900351744,9300.210098348036
random-s0-0058,prm,1,0,completed,True,False,3,373,0,,41.85535900023751,0.1122127587137735,2216.666666666664,56.35863599991353,39.331446322974614,133,0,0,0,9968.60144446939,9776.716152836372,59.105569618843674,59.74864194910153,92.09236938825325,20.0,kinematic,False,0,0.0,,,,random,event,3,10,11.94606599983672,11.898355000084848,2216.666666666664,100.0,0.03392000007806928,9300.210098348036
random-s0-0058,prm,1,0,completed,True,False,3,371,0,,20.22140900589875,0.05450514556846024,2266.6666666666633,34.70475799986161,65.31285037848994,136,0,0,0,9968.60144446939,9424.887501265295,58.74159030634195,59.440906265697855,74.51128709008577,20.0,kinematic,False,0,0.0,,,,random,event,0,60,11.927193000701664,11.88235200015697,2266.6666666666633,500.0,0.057821999689622317,9300.210098348036
random-s0-0058,visibility,1,0,completed,True,False,3,364,0,,72.73854199729612,0.19983115933323112,2133.3333333333308,86.9350170000871,24.539402037859997,128,0,0,0,9339.571614841938,9185.836763767478,59.00157550139736,59.436006435926764,92.09236938825325,20.0,kinematic,False,0,0.0,,,,random,event,6,6,10.11360499978764,10.071109999898908,2133.3333333333308,100.0,0.03462000040599378,9300.210098348036
random-s0-0058,visibility,1,0,completed,True,False,3,357,0,,17.207289000907622,0.04819968907817261,2033.333333333331,30.965745000230527,65.66395652092962,122,0,0,0,9339.571614841938,9128.98284144648,59.156324773634616,59.440906265697855,92.09236938825325,20.0,kinematic,False,0,0.0,,,,random,event,0,47,9.651858999859542,9.611999999833643,2033.333333333331,500.0,0.05472900011227466,9300.210098348036
random-s0-0059,voronoi,1,0,completed,True,False,3,544,0,,24.205395000535646,0.044495211398043466,4249.99999999999,47.55307999994329,89.3738113284157,255,0,0,0,20290.664187434944,16247.27191625697,59.36178927698012,59.700324104715136,24.81244291403624,20.0,kinematic,False,0,0.0,,,,random,event,0,0,7.827672000075836,3.9875699999356584,4249.99999999999,100.0,0.03794999975070823,15687.29367141342
random-s0-0059,voronoi,1,0,completed,True,False,3,1232,0,,225.3709369920216,0.1829309553506669,9016.666666666693,278.560378000293,32.36880539649903,541,0,0,0,20313.56780323492,29174.46933933352,59.30294812391403,59.64852251319365,64.19792161406289,20.0,kinematic,False,0,0.0,,,,random,event,139,23,9.414599000137969,5.619737999950303,9016.666666666693,500.0,0.0667740000608319,15687.29367141342
random-s0-0059,prm,1,0,completed,True,False,3,537,0,,57.97032299778948,0.10795218435342548,3999.9999999999905,80.42575599984048,49.73531116086648,240,0,0,0,16367.58297601638,15718.82250491828,58.63706152931019,58.99526029598885,11.363578892870436,20.0,kinematic,False,0,0.0,,,,random,event,5,21,13.440635999813821,7.190913999693294,3999.9999999999905,100.0,0.05075699982626247,15687.29367141342
random-s0-0059,prm,1,0,completed,True,False,3,616,0,,72.47707000033188,0.11765758116936993,5333.333333333319,99.85660099982852,53.409922628374645,320,0,0,0,16367.58297601638,19322.168082128257,58.6686495803186,58.99526029598885,68.3385617710124,20.0,kinematic,False,0,0.0,,,,random,event,10,82,13.222742999914772,6.849681999938184,5333.333333333319,500.0,0.06563799979630858,15687.29367141342
random-s0-0059,visibility,1,0,completed,True,False,3,524,0,,214.10890100105462,0.40860477290277597,3766.6666666666583,236.35601600017253,15.936411225783687,226,1,1,2,15716.97956600925,15565.991385456951,58.88473132843887,58.99526029598885,-29.699649596053433,20.0,kinematic,False,0,0.0,,,,random,event,20,91,19.36995799997021,9.720099000332993,3766.6666666666583,100.0,0.07963300004121265,15687.29367141342
random-s0-0059,visibility,1,0,completed,True,False,3,547,0,,46.572624004056706,0.08514190859973804,3649.999999999992,68.80572099998972,53.04791443142551,219,0,1,1,15789.257771046547,16524.376681750684,59.108051282020064,59.454168002586016,-10.905142435194392,20.0,kinematic,False,0,0.0,,,,random,event,2,85,17.4220410003727,8.890991000043869,3649.999999999992,500.0,0.05395200014390866,15687.29367141342
random-s0-0060,voronoi,1,0,completed,True,False,3,565,0,,62.098798992337834,0.10990937874750059,4133.333333333324,86.14152800009833,47.983051024223826,248,0,0,0,10081.85873506374,11160.02747759215,58.49719764530437,59.15146746170506,2.8765142672054367,20.0,kinematic,False,0,0.0,,,,random,event,4,6,4.070880999734072,4.8730019998401986,4133.333333333324,100.0,0.05399200017563999,8442.582006385552
random-s0-0060,voronoi,1,0,completed,True,False,3,962,0,,134.00614600777772,0.13929952807461302,7666.666666666645,177.5772920000236,43.17368837151558,460,0,0,0,10961.41129712884,19131.460480086498,59.55341248934909,59.97089924274704,1.2605263749474318,20.0,kinematic,False,0,0.0,,,,random,event,278,3,3.947754999899189,4.605618999903527,7666.666666666645,500.0,0.0654420000500977,8442.582006385552
random-s0-0060,prm,1,0,completed,True,False,3,488,0,,33.4565940001994,0.06855859426270369,3166.66666666666,53.29163999977027,59.42145272092041,190,0,0,0,8955.458786197303,10440.838079818599,59.05367971716773,59.48115050069395,0.13235552121633987,20.0,kinematic,False,0,0.0,,,,random,event,2,75,6.361940000260802,7.318343999941135,3166.66666666666,100.0,0.06576599980689934,8442.582006385552
random-s0-0060,prm,1,0,completed,True,False,3,505,0,,134.7183920029238,0.2667690930750966,4866.666666666655,158.80043699962698,30.64643119765525,292,0,0,0,8955.458786197303,9080.758871584821,58.555449425191874,59.15146746170506,0.048967460971482524,20.0,kinematic,False,0,0.0,,,,random,event,18,138,5.981608000183769,10.171908999836887,4866.666666666655,500.0,0.08474499963995186,8442.582006385552
random-s0-0060,visibility,1,0,completed,True,False,3,389,0,,141.06594800159655,0.3626373984616878,2683.3333333333285,157.26252700005716,17.062763676259337,161,0,1,1,8476.60450743062,8306.204888409142,58.91696690463104,59.9346745925586,-19.471282750241386,20.0,kinematic,False,0,0.0,,,,random,event,14,85,8.830500999465585,9.088646000236622,2683.3333333333285,100.0,0.07149600014599855,8442.582006385552
random-s0-0060,visibility,1,0,completed,True,False,3,415,0,,91.67761900198457,0.2209099253059869,3366.6666666666597,113.4017459999086,29.687961476972085,202,0,1,1,8502.867784220545,8310.534891780679,58.749629524400916,59.15146746170506,-17.67452778277024,20.0,kinematic,False,0,0.0,,,,random,event,8,147,8.501819999764848,8.856553999976313,3366.6666666666597,500.0,0.07831499988242285,8442.582006385552
random-s0-0061,voronoi,1,0,completed,True,False,3,411,0,,23.630339002465917,0.057494742098457216,2616.6666666666624,40.3248520001398,64.88967812349543,157,0,0,0,13568.127852714893,13557.728083111479,58.68857197852848,59.031745672018154,129.5261272843926,20.0,kinematic,False,0,0.0,,,,random,event,3,0,0.09961899968402577,3.947761999825161,2616.6666666666624,100.0,0.044018999687978067,13568.127852714893
random-s0-0061,voronoi,1,0,completed,True,False,3,600,0,,136.45130400800554,0.22741884001334256,4116.666666666657,162.79077900026095,25.288082604851088,247,0,0,0,13568.127852714893,19305.203303838098,58.75088460504194,59.61220979898176,45.17126958492233,20.0,kinematic,False,0,0.0,,,,random,event,117,9,0.08725099996809149,4.339210999660281,4116.666666666657,500.0,0.12448699999367818,13568.127852714893
random-s0-0061,prm,1,0,completed,True,False,3,406,0,,13.123965997692721,0.03232503940318404,2616.6666666666624,29.42133999977159,88.93771210580404,157,0,0,0,13568.127852714893,13441.652912100162,58.521930260706576,59.031745672018154,129.5261272843926,20.0,kinematic,False,0,0.0,,,,random,event,1,6,0.05046899968874641,6.237987000076828,2616.6666666666624,100.0,0.021065000055386918,13568.127852714893
random-s0-0061,prm,1,0,completed,True,False,3,488,0,,15.83072899529725,0.03244001843298617,3999.9999999999905,36.69411600003514,109.0093027447823,240,0,0,0,13568.127852714893,15799.783977062161,58.738494472322834,59.51891505451462,88.00920864607411,20.0,kinematic,False,0,0.0,,,,random,event,1,80,0.047868999899947084,4.014641999674495,3999.9999999999905,500.0,0.057392000144318445,13568.127852714893
random-s0-0061,visibility,1,0,completed,True,False,3,405,0,,18.796832009684294,0.04641193088810937,2616.6666666666624,35.29739799978415,74.13199881426567,157,0,0,0,13568.127852714893,13395.891845045808,58.94387313389662,59.28004581565109,129.5261272843926,20.0,kinematic,False,0,0.0,,,,random,event,1,6,0.0583849996473873,11.862904999816237,2616.6666666666624,100.0,0.026677999812818598,13568.127852714893
random-s0-0061,visibility,1,0,completed,True,False,3,457,0,,28.911905006225425,0.06326456237686089,3483.3333333333258,48.18658599970149,72.28844420218739,209,0,0,0,13568.127852714893,13489.712573477318,58.318373332463295,58.51982791402062,7.727919882079192,20.0,kinematic,False,0,0.0,,,,random,event,2,89,0.04708600044978084,8.612060999894311,3483.3333333333258,500.0,0.054941000144026475,13568.127852714893
random-s0-0062,voronoi,1,0,completed,True,False,3,436,0,,53.81034200399881,0.12341821560550187,3049.999999999994,72.27335000015955,42.20089424377396,183,0,0,0,13441.75570821548,11566.759168802986,58.71230614942863,59.27489267107627,5.931771207621949,20.0,kinematic,False,0,0.0,,,,random,event,7,1,8.311868000419054,4.504018999796244,3049.999999999994,100.0,0.05207700041864882,11067.690982384896
random-s0-0062,voronoi,1,0,completed,True,False,3,761,0,,174.95552899890754,0.22990214060303224,6966.666666666647,210.60601200042584,33.07914432496144,418,0,1,1,13485.014681958677,20348.675291622352,58.76847593557189,59.31329419790569,-32.637418775932304,20.0,kinematic,False,0,0.0,,,,random,event,102,16,8.199545999104885,5.569806000039534,6966.666666666647,500.0,0.08553100042263395,11067.690982384896
random-s0-0062,prm,1,0,completed,True,False,3,414,0,,19.385069002964883,0.04682383817141276,2566.6666666666624,35.8018599999923,71.69087490614214,154,0,0,0,12241.069483100775,11265.073024880174,58.750174953223905,59.27489267107627,1.6879861829484923,20.0,kinematic,False,0,0.0,,,,random,event,0,0,12.531049999779498,6.357060000027559,2566.6666666666624,100.0,0.024538999696233077,11067.690982384896
random-s0-0062,prm,1,0,planning_failed,False,False,3,267,1,B2,24.341449003259186,0.0911664756676374,2599.9999999999955,37.16815300003873,69.95235948359571,156,0,0,0,7003.108143622441,6775.993507517894,1509.8955927859622,4411.076966002747,128.1373622024514,20.0,kinematic,False,0,0.0,,,,random,event,2,56,6.3748190000296745,6.254598999930749,,500.0,0.07756200011499459,11067.690982384896
random-s0-0062,visibility,1,0,completed,True,False,3,460,0,,75.99758000105794,0.16521213043708247,3066.6666666666606,94.6297720001894,32.40699625336224,184,0,1,1,11089.100033592402,10908.61936421609,58.723744055835674,59.27489267107627,-8.947220342320037,20.0,kinematic,False,0,0.0,,,,random,event,6,5,16.306086999975378,8.78376999980901,3066.6666666666606,100.0,0.03740700003618258,11067.690982384896
random-s0-0062,visibility,1,0,planning_failed,False,False,3,252,1,B2,24.625050998110964,0.09771845634171018,2366.6666666666633,36.10993399979634,65.54059796066122,142,0,0,0,6664.3584932763515,6550.822843499337,1509.8232525155584,4411.076966002747,1.3616775283068705,20.0,kinematic,False,0,0.0,,,,random,event,1,115,8.117008000226633,8.177303000138636,,500.0,0.057155999911628896,11067.690982384896
random-s0-0063,voronoi,1,0,completed,True,False,3,331,0,,13.799646001189103,0.04169077341748974,1933.3333333333314,26.973055000325985,71.67646873184984,116,0,0,0,9062.992696292209,7090.628154909201,58.73420410459345,59.39850840155871,5.585760988795926,20.0,kinematic,False,0,0.0,,,,random,event,0,0,4.094804000487784,4.015617000277416,1933.3333333333314,100.0,0.04814300018551876,7255.599050379607
random-s0-0063,voronoi,1,0,completed,True,False,3,432,0,,91.08584000296105,0.21084685185870614,3049.999999999994,109.62403000030463,27.822367048461167,183,0,0,0,7406.176846717752,9121.909448261253,58.80457155222198,59.32511496935795,6.669043029821296,20.0,kinematic,False,0,0.0,,,,random,event,43,0,4.151922999881208,8.18206200028726,3049.999999999994,500.0,0.08001600008356036,7255.599050379607
random-s0-0063,prm,1,0,completed,True,False,3,329,0,,11.887798001680494,0.036133124625168676,1899.9999999999982,24.75447599999825,76.75379595997639,114,0,0,0,8421.219145136856,7101.172987379785,58.935301501787585,59.39850840155871,9.776122480768208,20.0,kinematic,False,0,0.0,,,,random,event,0,0,6.721962000028725,6.682704000013473,1899.9999999999982,100.0,0.019953999981225934,7255.599050379607
random-s0-0063,prm,1,0,completed,True,False,3,381,0,,23.879379998106742,0.06267553805277361,2766.6666666666615,40.00032999965697,69.1660960469673,166,1,0,1,8421.219145136856,8407.959542895906,58.570064278252566,59.39850840155871,-149.2092791694103,20.0,kinematic,False,0,0.0,,,,random,event,1,116,6.890712999847892,6.852322999748139,2766.6666666666615,500.0,0.05997100015520118,7255.599050379607
random-s0-0063,visibility,1,0,completed,True,False,3,355,0,,14.583521004169597,0.041080340856815764,2333.33333333333,28.939028000422695,80.62929180963674,140,0,0,0,7256.115641415063,7078.867434229927,59.013495218306296,59.543326405662064,0.7453042451964791,20.0,kinematic,False,0,0.0,,,,random,event,0,0,8.676590999584732,8.63711699958003,2333.33333333333,100.0,0.023476000023947563,7255.599050379607
random-s0-0063,visibility,1,0,completed,True,False,3,361,0,,26.627571997778432,0.0737605872514638,2433.3333333333294,42.035595000015746,57.887448324031524,146,0,0,0,7256.115641415063,7079.382049138754,58.85424358284309,59.39850840155871,3.9694860196761965,20.0,kinematic,False,0,0.0,,,,random,event,1,77,8.577266999964195,9.157251000033284,2433.3333333333294,500.0,0.05552499987970805,7255.599050379607
random-s0-0064,voronoi,1,0,completed,True,False,3,411,0,,24.178417004350194,0.05882826521739707,2533.3333333333294,40.93371099997967,61.888679805615176,152,0,0,0,13485.981692498395,12061.159259673057,59.08236398129708,59.159938087108785,105.89716722027231,20.0,kinematic,False,0,0.0,,,,random,event,1,1,4.100460000245221,4.03318799999397,2533.3333333333294,100.0,0.043000999994546873,12159.077688395264
random-s0-0064,voronoi,1,0,completed,True,False,3,687,0,,358.22502600149164,0.5214338078624332,4549.999999999989,387.6703840001028,11.73677481640894,273,0,0,0,13469.008116804323,17127.15461774806,59.090533476719266,59.79116996775429,16.647754482371482,20.0,kinematic,False,0,0.0,,,,random,event,105,65,4.083673999957682,6.4093460000549385,4549.999999999989,500.0,4.100229999949079,12159.077688395264
random-s0-0064,prm,1,0,completed,True,False,3,400,0,,20.436161991256085,0.051090404978140214,2349.9999999999964,35.9499969999888,65.368572909776,141,0,0,0,14664.665814136884,12404.28192775981,58.775679270855115,58.98158689494626,168.27375726574644,20.0,kinematic,False,0,0.0,,,,random,event,1,15,6.599983999876713,6.559990999903675,2349.9999999999964,100.0,0.044813000386056956,12159.077688395264
random-s0-0064,prm,1,0,completed,True,False,3,488,0,,39.92423999170569,0.08181196719611822,3183.333333333327,60.36984799993661,52.73051761430093,191,0,0,0,14664.665814136884,14503.719568410423,59.18287335909478,59.67257491124836,168.27375726574644,20.0,kinematic,False,0,0.0,,,,random,event,3,244,6.198367000251892,6.161525000152324,3183.333333333327,500.0,0.07792699989295215,12159.077688395264
random-s0-0064,visibility,1,0,completed,True,False,3,402,0,,72.62975700041352,0.1806710373144615,2383.33333333333,88.30654399980631,26.989317273457758,143,0,0,0,12164.250920546761,12008.087570345851,58.682096163607525,58.98158689494626,165.37216658957954,20.0,kinematic,False,0,0.0,,,,random,event,6,15,9.439627000119799,9.714233000067907,2383.33333333333,100.0,0.05313399969963939,12159.077688395264
random-s0-0064,visibility,1,0,completed,True,False,3,447,0,,32.779430003756715,0.07333205817395239,2749.999999999995,51.02508499976466,53.89505965571011,165,0,0,0,12361.838654042871,12035.919330434996,58.968603517917494,59.60980998026198,100.69164792431587,20.0,kinematic,False,0,0.0,,,,random,event,1,202,9.409298000264243,9.371408999868436,2749.999999999995,500.0,0.0635169999441132,12159.077688395264
random-s0-0065,voronoi,1,0,completed,True,False,3,408,0,,68.73782700131414,0.16847506617969152,3016.666666666661,86.70179999990069,34.7935875226364,181,0,0,0,9023.542331164104,9753.295679906818,59.14185743944472,59.75608111219521,71.95904572868446,20.0,kinematic,False,0,0.0,,,,random,event,26,4,0.10359799989601015,4.1041190002033545,3016.666666666661,100.0,0.06633500015595928,9023.542331164104
random-s0-0065,voronoi,1,0,completed,True,False,3,1035,0,,204.55659900153478,0.1976392260884394,7466.666666666645,250.12695199984591,29.85150783219573,448,0,0,0,12917.526253251668,21582.308092775264,59.2311945607701,59.98504270726958,20.20973618657962,20.0,kinematic,False,0,0.0,,,,random,event,260,3,4.151070999796502,8.397853000133182,7466.666666666645,500.0,0.07697000000916887,9023.542331164104
random-s0-0065,prm,1,0,completed,True,False,3,447,0,,31.788815001618786,0.07111591722957222,3249.999999999993,50.39011100006974,64.49678191809292,195,0,0,0,9023.542331164104,10135.841831957314,59.25180368697153,59.52199779800948,115.0685902817437,20.0,kinematic,False,0,0.0,,,,random,event,4,20,0.05039300003772951,6.088088000069547,3249.999999999993,100.0,0.058912000440614065,9023.542331164104
random-s0-0065,prm,1,0,completed,True,False,3,385,0,,26.954093004860624,0.07001063118145617,2616.6666666666624,43.255170000065846,60.493732117170715,157,0,1,1,11069.433214936555,9186.583217479038,58.76287533411911,59.14771479253647,-4.257632052858185,20.0,kinematic,False,0,0.0,,,,random,event,1,228,5.859374000010575,6.187807000060275,2616.6666666666624,500.0,0.07539999978689593,9023.542331164104
random-s0-0065,visibility,1,0,completed,True,False,3,459,0,,162.2459429963783,0.3534769999921096,3249.999999999993,182.1774860000005,17.839745576464836,195,0,1,1,9023.542331164104,8960.07899075122,59.45772505899174,59.99518189042999,-85.21524814655552,20.0,kinematic,False,0,0.0,,,,random,event,17,62,0.04855199949815869,10.745420000148442,3249.999999999993,100.0,0.07740999990346609,9023.542331164104
random-s0-0065,visibility,1,0,completed,True,False,3,376,0,,30.928845004837058,0.08225756650222622,2466.666666666663,46.14503699986017,53.454647065818534,148,1,1,2,9823.42866528612,9124.201780982134,59.07861096435581,59.14771479253647,-90.86906863000058,20.0,kinematic,False,0,0.0,,,,random,event,1,222,8.62789800066821,8.591444000103365,2466.666666666663,500.0,0.07252199975482654,9023.542331164104
random-s0-0066,voronoi,1,0,completed,True,False,3,401,0,,31.66808000059973,0.07897276808129608,3116.6666666666606,48.85701099965445,63.79159516509726,187,0,0,0,10355.127552344575,9717.290136183057,58.65993718920287,59.46169142007339,9.77076282737869,20.0,kinematic,False,0,0.0,,,,random,event,24,1,3.9072159993338573,3.909958999884111,3116.6666666666606,100.0,0.05292900004860712,8847.478170693737
random-s0-0066,voronoi,1,0,completed,True,False,3,740,0,,68.16128499758634,0.09210984459133288,6466.666666666649,101.79531700032385,63.52617052753101,388,0,0,0,10570.030304525224,15559.19435040094,59.043034543757074,59.93327388762622,1.444781818757292,20.0,kinematic,False,0,0.0,,,,random,event,209,2,4.045074000259774,5.685971000275458,6466.666666666649,500.0,0.06186100017657736,8847.478170693737
random-s0-0066,prm,1,0,completed,True,False,3,349,0,,20.1708059998964,0.057796005730362185,2316.6666666666633,34.33565000023009,67.47117548819197,139,0,0,0,10863.657379132197,9018.002524794505,59.28512206543629,59.86407181287356,9.77076282737869,20.0,kinematic,False,0,0.0,,,,random,event,1,18,6.315281000297546,7.081451999965793,2316.6666666666633,100.0,0.05565900028159376,8847.478170693737
random-s0-0066,prm,1,0,completed,True,False,3,440,0,,28.045869005381974,0.06374061137586812,3833.3333333333244,47.48792100008359,80.7222816371889,230,0,0,0,10863.657379132197,10727.42834977678,58.52621135865842,59.46169142007339,9.77076282737869,20.0,kinematic,False,0,0.0,,,,random,event,2,70,6.2420459998975275,6.207926000115549,3833.3333333333244,500.0,0.059671000144589925,8847.478170693737
random-s0-0066,visibility,1,0,completed,True,False,3,352,0,,24.226077004186664,0.06882408239825756,2316.6666666666633,38.604978999956074,60.009530549655246,139,0,0,0,8848.394753230521,8670.45898216701,59.10594561039752,59.46169142007339,9.77076282737869,20.0,kinematic,False,0,0.0,,,,random,event,1,9,9.376214000440086,9.341793000203324,2316.6666666666633,100.0,0.024384999960602727,8847.478170693737
random-s0-0066,visibility,1,0,completed,True,False,3,507,0,,219.43157100486133,0.4328038875835529,3816.666666666658,241.64436899991415,15.794560752491666,229,0,2,2,8848.394753230521,9514.403933676971,58.93309163830039,59.46169142007339,-71.14957085136247,20.0,kinematic,False,0,0.0,,,,random,event,25,192,8.721659000457294,12.029172000438848,3816.666666666658,500.0,7.368265999957657,8847.478170693737
random-s0-0067,voronoi,1,0,completed,True,False,3,570,0,,41.931353991913056,0.0735637789331808,4066.6666666666574,66.28190799983713,61.35409781318682,244,0,0,0,16347.67478446686,16998.114252980988,59.69628686760013,59.97422680841824,79.36416018621969,20.0,kinematic,False,0,0.0,,,,random,event,21,0,4.073664000316057,4.089373000169871,4066.6666666666574,100.0,0.04832500007978524,14121.797072075444
random-s0-0067,voronoi,1,0,completed,True,False,3,677,0,,172.8691729995262,0.2553458980790638,5699.999999999985,203.31378099990616,28.035482749704094,342,0,0,0,16511.086400396125,21249.194609315935,58.535727338042456,58.90467897423217,19.941826234090968,20.0,kinematic,False,0,0.0,,,,random,event,88,19,4.095270999641798,4.534295999746973,5699.999999999985,500.0,3.905466000105662,14121.797072075444
random-s0-0067,prm,1,0,completed,True,False,3,448,0,,26.17766500407015,0.05843228795551373,3066.6666666666606,44.44398700024976,69.00071018942172,184,0,0,0,15548.186217309323,15025.517403749194,59.305093194344586,59.97422680841824,88.35712321650993,20.0,kinematic,False,0,0.0,,,,random,event,2,0,6.481684999926074,6.445582000196737,3066.6666666666606,100.0,0.026106999939656816,14121.797072075444
random-s0-0067,prm,1,0,completed,True,False,3,496,0,,27.845049005463807,0.056139211704564124,3383.333333333326,48.49327900001299,69.76911858924656,203,0,0,0,17685.230085795556,18312.903557372887,58.98800197185171,59.97422680841824,65.51956485107934,20.0,kinematic,False,0,0.0,,,,random,event,1,146,5.86252900029649,5.831208000017796,3383.333333333326,500.0,0.062229999912233325,14121.797072075444
random-s0-0067,visibility,1,0,completed,True,False,3,497,0,,52.43761899737365,0.10550828772107373,3399.9999999999927,73.80408999961219,46.06790761891188,204,0,0,0,14200.86317214134,14081.559266742046,59.28537052095023,59.97422680841824,109.4666041419822,20.0,kinematic,False,0,0.0,,,,random,event,4,0,8.510070999363961,9.025460999964707,3399.9999999999927,100.0,0.02709299997150083,14121.797072075444
random-s0-0067,visibility,1,0,completed,True,False,3,544,0,,83.57727199836518,0.1536346911734654,3716.6666666666583,105.98365200030457,35.06830154009014,223,0,0,0,14451.61072805296,14874.79843549337,58.934422179564045,59.97422680841824,54.112488682536195,20.0,kinematic,False,0,0.0,,,,random,event,7,140,7.572278999759874,14.515321000089898,3716.6666666666583,500.0,0.05640299968945328,14121.797072075444
random-s0-0068,voronoi,1,0,completed,True,False,3,489,0,,23.532043989689555,0.048122789344968414,3083.333333333327,43.23090099978799,71.32243978325708,185,0,0,0,16836.789875072598,14232.181091365537,58.92272730211183,59.4016062647049,3.57696529976522,20.0,kinematic,False,0,0.0,,,,random,event,13,0,8.257164000042394,4.129508999994869,3083.333333333327,100.0,0.051945999985036906,13005.497693391986
random-s0-0068,voronoi,1,0,completed,True,False,3,620,0,,105.56091499984177,0.17025954032232543,3999.9999999999905,131.87273099993035,30.33227544216175,240,0,0,0,15999.14432353229,17221.88009896339,58.776197656921205,59.27589661368017,40.0154395041574,20.0,kinematic,False,0,0.0,,,,random,event,121,10,8.176817999810737,5.782718999853387,3999.9999999999905,500.0,0.06946699977561366,13005.497693391986
random-s0-0068,prm,1,0,completed,True,False,3,409,0,,28.278671003590716,0.06914100489875481,2566.6666666666624,45.27947299993684,56.68499425049056,154,0,0,0,14547.310028680768,13033.42588965343,58.8809878571785,59.62648455677738,12.854234931603486,20.0,kinematic,False,0,0.0,,,,random,event,1,0,14.83348300007492,7.673432000046887,2566.6666666666624,100.0,0.026060000436700648,13005.497693391986
random-s0-0068,prm,1,0,completed,True,False,3,581,0,,49.338009000166494,0.08491912048221427,4399.99999999999,75.7663340000363,58.07328621704044,264,1,0,1,16032.029310102404,19979.247503811654,59.15476068202037,59.742048179082914,-94.37477390224359,20.0,kinematic,False,0,0.0,,,,random,event,3,119,12.468004999846016,13.626067000132025,4399.99999999999,500.0,0.059207000049354974,13005.497693391986
random-s0-0068,visibility,1,0,completed,True,False,3,478,0,,94.90528200058179,0.19854661506397864,3183.333333333327,114.28596499990817,27.854105561744916,191,0,0,0,13056.249304661333,12981.552811497095,58.82059087040091,59.65800922895514,4.131080701236215,20.0,kinematic,False,0,0.0,,,,random,event,8,11,17.431910000141215,9.719884000332968,3183.333333333327,100.0,0.047294000069086906,13005.497693391986
random-s0-0068,visibility,1,0,completed,True,False,3,505,0,,67.42995399963547,0.13352466138541677,2983.3333333333276,87.27081400002135,34.18477720779135,179,0,0,0,13234.57406397094,13212.33334807961,59.22153424949502,59.28933191101308,0.6184513024718967,20.0,kinematic,False,0,0.0,,,,random,event,5,85,15.282375999959186,8.494182000049477,2983.3333333333276,500.0,0.05735600007028552,13005.497693391986
random-s0-0069,voronoi,1,0,completed,True,False,3,474,0,,30.384509002487903,0.064102339667696,3449.9999999999927,50.44110900007581,68.39659294554383,207,0,0,0,16241.594477646855,17313.68957721679,59.32138614777427,59.54316206005893,2.6317264023678604,20.0,kinematic,False,0,0.0,,,,random,event,4,0,0.10075999989567208,4.300653999962378,3449.9999999999927,100.0,0.048891000005824026,16241.594477646855
random-s0-0069,voronoi,1,0,completed,True,False,3,667,0,,47.618402995794895,0.07139190853942264,6649.999999999982,95.19467600011922,69.85684787657299,399,0,0,0,16241.594477646855,18967.517858154068,49.83371890871245,59.48636693187308,2.6317264023678604,20.0,kinematic,False,0,0.0,,,,random,event,51,1,0.10206900014964049,6.663261999619863,6649.999999999982,500.0,0.0859909996506758,16241.594477646855
random-s0-0069,prm,1,0,completed,True,False,3,465,0,,34.421035003106226,0.07402373118947575,3516.6666666666592,60.38975599994956,58.232834500434095,211,0,0,0,16241.594477646855,16795.717678170346,58.68259433920495,59.389827294460304,2.6317264023678604,20.0,kinematic,False,0,0.0,,,,random,event,2,34,0.08850799940773868,10.443508000207657,3516.6666666666592,100.0,0.09881300002234639,16241.594477646855
random-s0-0069,prm,1,0,completed,True,False,3,437,0,,12.473322002733767,0.028543070944470863,3116.6666666666606,31.063990000347985,100.33053276902764,187,0,0,0,16241.594477646855,16065.702877970822,58.63053322534447,59.54316206005893,2.6317264023678604,20.0,kinematic,False,0,0.0,,,,random,event,0,117,0.04650800019589951,0.2037219996964268,3116.6666666666606,500.0,0.06554999981744913,16241.594477646855
random-s0-0069,visibility,1,0,completed,True,False,3,457,0,,17.466272996443877,0.03821941574714196,3449.9999999999927,36.671418999958405,94.07871563420836,207,0,0,0,16241.594477646855,16066.16704957298,58.828819939397874,59.54316206005893,2.6317264023678604,20.0,kinematic,False,0,0.0,,,,random,event,1,4,0.0480060002701066,9.762276999936148,3449.9999999999927,100.0,0.024570999812567607,16241.594477646855
random-s0-0069,visibility,1,0,completed,True,False,3,437,0,,12.060676006058202,0.02759880092919497,3116.6666666666606,30.46230799964178,102.31223014038565,187,0,0,0,16241.594477646855,16065.702877970822,58.63053322534447,59.54316206005893,2.6317264023678604,20.0,kinematic,False,0,0.0,,,,random,event,0,117,0.047588000143150566,0.09799500003282446,3116.6666666666606,500.0,0.05839300001753145,16241.594477646855
random-s0-0070,voronoi,1,0,completed,True,False,3,457,0,,26.508692006700585,0.05800589060547174,3216.66666666666,46.44164399996953,69.26254950554228,193,0,0,0,11238.361452735357,12109.54035893207,59.08267273393938,59.58985057965804,5.510202916663957,20.0,kinematic,False,0,0.0,,,,random,event,11,0,0.10234399996988941,4.188002000319102,3216.66666666666,100.0,0.0490050001644704,11238.361452735357
random-s0-0070,voronoi,1,0,completed,True,False,3,488,0,,112.72979499653957,0.23100367827159748,2799.999999999995,133.2090949999838,21.019585787294297,168,0,0,0,11238.361452735357,13716.39335969498,58.86649654201915,59.66407127440822,2.4191202712559345,20.0,kinematic,False,0,0.0,,,,random,event,97,6,0.1276279999729013,8.240047000072082,2799.999999999995,500.0,0.09030499995787977,11238.361452735357
random-s0-0070,prm,1,0,completed,True,False,3,383,0,,14.749016002042481,0.038509180161990814,2383.33333333333,29.9347520003721,79.61760743178043,143,0,0,0,11238.361452735357,11286.449799671816,58.737193026530576,59.49090215710317,2.0921857707067204,20.0,kinematic,False,0,0.0,,,,random,event,1,29,0.07612399986101082,6.929732000116928,2383.33333333333,100.0,0.05772699978479068,11238.361452735357
random-s0-0070,prm,1,0,completed,True,False,3,377,0,,12.59809099838094,0.03341668699835793,2283.3333333333303,28.493583999988914,80.13499928033688,137,0,0,0,11238.361452735357,11062.547486851507,58.604655294615384,59.093288961357565,2.0921857707067204,20.0,kinematic,False,0,0.0,,,,random,event,0,140,0.04806500010090531,0.17610900022191345,2283.3333333333303,500.0,0.08505599998898106,11238.361452735357
random-s0-0070,visibility,1,0,completed,True,False,3,403,0,,16.63867300067068,0.04128702977833915,2716.666666666662,32.87966200014125,82.62453143998229,163,0,0,0,11238.361452735357,11096.57192459911,58.48744340520946,58.74165329313981,2.0921857707067204,20.0,kinematic,False,0,0.0,,,,random,event,1,23,0.047060999804671155,8.95432700008314,2716.666666666662,100.0,0.05425600011221832,11238.361452735357
random-s0-0070,visibility,1,0,completed,True,False,3,377,0,,11.822356007087365,0.031359034501558,2283.3333333333303,26.74913999999262,85.36099976799105,137,0,0,0,11238.361452735357,11062.547486851507,58.604655294615384,59.093288961357565,2.0921857707067204,20.0,kinematic,False,0,0.0,,,,random,event,0,140,0.045915000100649195,0.0868420002007042,2283.3333333333303,500.0,0.06077499983803136,11238.361452735357
random-s0-0071,voronoi,1,0,completed,True,False,3,446,0,,27.31564299983802,0.06124583632250677,2783.3333333333285,45.85608199977287,60.697146636887005,167,0,0,0,9541.013617277564,10197.832328318003,58.62646862068649,58.96911817604274,85.54120207606206,20.0,kinematic,False,0,0.0,,,,random,event,18,0,0.10146900012841797,4.254213999956846,2783.3333333333285,100.0,0.05368200027078274,9541.013617277564
random-s0-0071,voronoi,1,0,completed,True,False,3,442,0,,110.33151200081193,0.2496188054317012,2766.6666666666615,128.86790599986853,21.469012359597773,166,0,0,0,9541.013617277564,11307.822872938343,58.75353302113368,58.891142100307206,85.54120207606206,20.0,kinematic,False,0,0.0,,,,random,event,85,16,0.08703899948159233,4.44515599974693,2766.6666666666615,500.0,3.836257000330079,9541.013617277564
random-s0-0071,prm,1,0,completed,True,False,3,359,0,,21.657792997757497,0.060328114199881606,2349.9999999999964,36.081571000067925,65.13020178626846,141,0,0,0,9541.013617277564,9729.419185694529,59.33306325496434,59.688720509824954,85.54120207606206,20.0,kinematic,False,0,0.0,,,,random,event,2,12,0.05075799981568707,9.091854999951465,2349.9999999999964,100.0,0.037520999740081606,9541.013617277564
random-s0-0071,prm,1,0,completed,True,False,3,360,0,,15.31279099845051,0.042535530551251415,2433.3333333333294,30.067387000144663,80.9293249633439,146,1,0,1,9541.013617277564,9733.45067772558,59.40188059543288,59.56674782906351,-136.01550024537391,20.0,kinematic,False,0,0.0,,,,random,event,1,78,0.045729000248684315,5.950633000338712,2433.3333333333294,500.0,0.06081400033508544,9541.013617277564
random-s0-0071,visibility,1,0,completed,True,False,3,426,0,,134.4933190030133,0.3157120164389984,2566.6666666666624,151.81091700014804,16.90699665995799,154,0,0,0,9541.013617277564,9585.530657527155,59.048371539136234,59.850795599846954,44.541342070623784,20.0,kinematic,False,0,0.0,,,,random,event,13,12,0.05655599989040638,11.697596999965754,2566.6666666666624,100.0,0.05499000008057919,9541.013617277564
random-s0-0071,visibility,1,0,completed,True,False,3,358,0,,18.216721997760033,0.05088469831776545,2399.9999999999964,32.58653900002173,73.65004304379781,144,1,0,1,9541.013617277564,9401.697621869567,58.93566816538569,59.341351079025316,-136.01550024537391,20.0,kinematic,False,0,0.0,,,,random,event,1,75,0.04794000005858834,9.478140999817697,2399.9999999999964,500.0,0.05457499992189696,9541.013617277564
random-s0-0072,voronoi,1,0,completed,True,False,3,609,0,,78.43892600794788,0.1287995500951525,5166.666666666653,106.34252499994545,48.58514189567441,310,0,0,0,16682.529134067918,15867.34959367719,58.82478690680449,59.47841716440945,5.195736314727782,20.0,kinematic,False,0,0.0,,,,random,event,69,0,8.34591500051829,4.17511600016951,5166.666666666653,100.0,0.05725500022890628,13812.915641030424
random-s0-0072,voronoi,1,0,completed,True,False,3,705,0,,119.00074699860852,0.1687953858136291,4066.6666666666574,147.5254900001346,27.565857714913857,244,0,1,1,17589.24521258351,18960.772079936913,59.08826014502247,59.50496539641057,-39.212859020046324,20.0,kinematic,False,0,0.0,,,,random,event,103,10,7.880847000251379,4.35048999997889,4066.6666666666574,500.0,0.06819600002927473,13812.915641030424
random-s0-0072,prm,1,0,completed,True,False,3,586,0,,74.4670469994162,0.12707687201265563,4399.99999999999,99.17421499994816,44.366370835426224,264,0,0,0,14080.330993320598,15208.07609444559,59.17377692607253,59.59995997912141,4.915364367011449,20.0,kinematic,False,0,0.0,,,,random,event,9,12,11.894860000211338,6.033150999883219,4399.99999999999,100.0,0.03754699991986854,13812.915641030424
random-s0-0072,prm,1,0,completed,True,False,3,498,0,,34.47863099836468,0.06923419879189695,3649.999999999992,59.05540599997039,61.80636536478679,219,0,0,0,14765.333501496536,16478.17401652603,59.4468671208702,59.57651590316984,80.09863955289507,20.0,kinematic,False,0,0.0,,,,random,event,2,172,11.241875999985496,5.701839000266773,3649.999999999992,500.0,0.06457500012402306,13812.915641030424
random-s0-0072,visibility,1,0,completed,True,False,3,525,0,,111.27023800645475,0.21194331048848522,3733.333333333325,133.10057899980166,28.048963884213368,224,0,1,1,13831.407230900895,13684.488119813948,58.937816785756034,59.47841716440945,-169.03860555692353,20.0,kinematic,False,0,0.0,,,,random,event,9,32,21.078878000480472,11.788560000240977,3733.333333333325,100.0,0.05008100015402306,13812.915641030424
random-s0-0072,visibility,1,0,completed,True,False,3,581,0,,194.20903799573352,0.33426684680849145,4366.666666666656,220.1794779998636,19.83230547339821,262,0,0,0,13831.407230900895,13946.214967661148,59.461927955027726,59.52995084682254,7.98431975024954,20.0,kinematic,False,0,0.0,,,,random,event,18,130,17.66272500026389,9.301738999965892,4366.666666666656,500.0,0.07783999990351731,13812.915641030424
random-s0-0073,voronoi,1,0,completed,True,False,3,378,0,,11.252993996095029,0.029769825386494784,2166.666666666664,26.110660000085772,82.98015701861027,130,0,0,0,10485.48810150925,10421.867553027318,58.65670942593152,59.07663091451444,106.0981457851745,20.0,kinematic,False,0,0.0,,,,random,event,9,0,0.10490499971638201,0.09781600010683178,2166.666666666664,100.0,0.04890399986834382,10485.48810150925
random-s0-0073,voronoi,1,0,completed,True,False,3,466,0,,122.62062100990079,0.2631343798495725,2766.6666666666615,141.87689299978956,19.50047402483479,166,0,0,0,10485.48810150925,12418.08430452674,58.79315707378853,59.90510179992506,73.17148673203278,20.0,kinematic,False,0,0.0,,,,random,event,68,10,0.08269699992524693,5.361504000120476,2766.6666666666615,500.0,3.8116589998935524,10485.48810150925
random-s0-0073,prm,1,0,completed,True,False,3,367,0,,6.905050997374929,0.018814852853882638,2083.3333333333308,22.093040000072506,94.29817414563563,125,1,0,1,10485.48810150925,10307.742070855906,59.248676884449175,59.79928616784543,-58.62831590789904,20.0,kinematic,False,0,0.0,,,,random,event,0,9,0.0487760003125004,0.20090299994990346,2083.3333333333308,100.0,0.02847299992936314,10485.48810150925
random-s0-0073,prm,1,0,completed,True,False,3,367,0,,15.6227869997565,0.042568901906693456,2083.3333333333308,30.823127999610733,67.58993874209136,125,1,0,1,10485.48810150925,10307.742070855906,59.248676884449175,59.79928616784543,-58.62831590789904,20.0,kinematic,False,0,0.0,,,,random,event,0,189,0.045885000417911215,0.38417300038418034,2083.3333333333308,500.0,0.08935400001064409,10485.48810150925
random-s0-0073,visibility,1,0,completed,True,False,3,367,0,,6.272312002238323,0.017090768398469545,2083.3333333333308,20.86435999990499,99.85129346612202,125,1,0,1,10485.48810150925,10307.742070855906,59.248676884449175,59.79928616784543,-58.62831590789904,20.0,kinematic,False,0,0.0,,,,random,event,0,9,0.04966100004821783,0.07621699978699326,2083.3333333333308,100.0,0.025877999632939463,10485.48810150925
random-s0-0073,visibility,1,0,completed,True,False,3,367,0,,13.68516600177827,0.03728928065879638,2083.3333333333308,28.31772900026408,73.56992975368549,125,1,0,1,10485.48810150925,10307.742070855906,59.248676884449175,59.79928616784543,-58.62831590789904,20.0,kinematic,False,0,0.0,,,,random,event,0,189,0.04538400025921874,0.10458399992785417,2083.3333333333308,500.0,0.0745889997233462,10485.48810150925
random-s0-0074,voronoi,1,0,completed,True,False,3,361,0,,16.09982100308116,0.044597842113798226,2199.9999999999973,31.204320999677293,70.50305629219585,132,0,0,0,9610.029207965576,9553.692916384653,58.92551703336303,59.85442358384722,134.45694098331325,20.0,kinematic,False,0,0.0,,,,random,event,1,0,0.12369999967631884,4.589123999721778,2199.9999999999973,100.0,0.05863700016561779,9610.029207965576
random-s0-0074,voronoi,1,0,completed,True,False,3,415,0,,22.672930997941876,0.05463356866973946,2399.9999999999964,39.816548000089824,60.27644586352845,144,0,0,0,9610.029207965576,10742.01077170657,58.858754924521236,59.17397048744585,136.91573002983262,20.0,kinematic,False,0,0.0,,,,random,event,57,0,0.08317899983012467,4.52520499993625,2399.9999999999964,500.0,0.06030400027157157,9610.029207965576
random-s0-0074,prm,1,0,completed,True,False,3,358,0,,11.765940003442665,0.03286575419956052,2199.9999999999973,26.55794100019193,82.8377470973408,132,0,0,0,9610.029207965576,9484.643228951296,58.88943289504456,59.74617116889181,134.45694098331325,20.0,kinematic,False,0,0.0,,,,random,event,1,11,0.05200099985813722,5.2284199996393,2199.9999999999973,100.0,0.031738999950903235,9610.029207965576
random-s0-0074,prm,1,0,completed,True,False,3,357,0,,8.800305998192925,0.0246507170817729,2199.9999999999973,24.54455399993094,89.63291816205694,132,0,0,0,9610.029207965576,9433.537293958165,58.830638002471176,59.56978649117168,134.45694098331325,20.0,kinematic,False,0,0.0,,,,random,event,0,56,0.047278999772970565,0.17645199977778248,2199.9999999999973,500.0,0.0602509999225731,9610.029207965576
random-s0-0074,visibility,1,0,completed,True,False,3,358,0,,15.799644997514406,0.04413308658523577,2199.9999999999973,30.27765500019086,72.66084510131742,132,0,0,0,9610.029207965576,9435.342680956986,58.308611645170004,58.80957003206022,134.45694098331325,20.0,kinematic,False,0,0.0,,,,random,event,1,11,0.0666119999550574,9.536367000237078,2199.9999999999973,100.0,0.029381999866018305,9610.029207965576
random-s0-0074,visibility,1,0,completed,True,False,3,357,0,,7.964841002376488,0.022310478998253468,2199.9999999999973,22.366766999766696,98.36021451034676,132,0,0,0,9610.029207965576,9433.537293958165,58.830638002471176,59.56978649117168,134.45694098331325,20.0,kinematic,False,0,0.0,,,,random,event,0,56,0.049715000386640895,0.10727499966378673,2199.9999999999973,500.0,0.05511600011232076,9610.029207965576
random-s0-0075,voronoi,1,0,completed,True,False,3,415,0,,44.34484300736585,0.10685504339124302,2516.6666666666624,61.27197400019213,41.073699807007536,151,0,0,0,12081.033652493912,12420.137054851108,59.58191487159414,59.89014596561137,284.3176692839726,20.0,kinematic,False,0,0.0,,,,random,event,16,3,0.10070499956782442,6.003993999911472,2516.6666666666624,100.0,0.05137900006957352,12081.033652493912
random-s0-0075,voronoi,1,0,completed,True,False,3,532,0,,167.16236300271703,0.31421496805022,3783.333333333325,190.57764899980612,19.85192572785476,227,0,0,0,14278.64691526598,14964.514069782237,58.7187489893393,59.32804882811015,59.188396038586944,20.0,kinematic,False,0,0.0,,,,random,event,92,24,4.058734999944136,4.493690000344941,3783.333333333325,500.0,3.9929069998834166,12081.033652493912
random-s0-0075,prm,1,0,completed,True,False,3,431,0,,27.092761002677435,0.06286023434495924,2833.333333333328,45.28670100035015,62.56435710146829,170,0,0,0,12081.033652493912,12426.041332551864,59.53716168912757,59.87316925221603,95.271311285227,20.0,kinematic,False,0,0.0,,,,random,event,3,24,0.05075699982626247,6.228773999737314,2833.333333333328,100.0,0.052722999953402905,12081.033652493912
random-s0-0075,prm,1,0,planning_failed,False,False,3,250,1,B1,5.2455990053204005,0.020982396021281602,2516.6666666666624,16.927096000017627,148.67681182076603,151,0,0,0,7496.247932310253,7378.780805287407,1567.4176157354998,4584.78572018366,407.95651995494006,20.0,kinematic,False,0,0.0,,,,random,event,0,22,0.16921799988267594,0.13622899996335036,,500.0,0.054100999932416016,12081.033652493912
random-s0-0075,visibility,1,0,completed,True,False,3,415,0,,95.67677000404728,0.23054643374469225,2683.3333333333285,112.94631300006586,23.757600067314847,161,0,0,0,12081.033652493912,12035.946509184803,58.88978477391509,59.34824169076743,237.45240815107758,20.0,kinematic,False,0,0.0,,,,random,event,10,14,0.05032699982621125,9.303964000082487,2683.3333333333285,100.0,0.05424499977380037,12081.033652493912
random-s0-0075,visibility,1,0,planning_failed,False,False,3,250,1,B1,5.33886699940922,0.02135546799763688,2516.6666666666624,17.368323000027885,144.89980792403628,151,0,0,0,7496.247932310253,7378.780805287407,1567.4176157354998,4584.78572018366,407.95651995494006,20.0,kinematic,False,0,0.0,,,,random,event,0,22,0.10244399982184405,0.08241199975600466,,500.0,0.05493300022862968,12081.033652493912
random-s0-0076,voronoi,1,0,completed,True,False,3,558,0,,35.69243500896846,0.06396493729205817,5399.999999999986,61.85215100003916,87.30496696867613,324,0,0,0,11111.706575541059,11019.139037130624,59.0557721495256,59.79889940552833,0.5482064129106732,20.0,kinematic,False,0,0.0,,,,random,event,34,0,9.534503999930166,5.392512000071292,5399.999999999986,100.0,0.05151599998498568,7788.486104027697
random-s0-0076,voronoi,1,0,completed,True,False,3,412,0,,38.001885000539914,0.09223758495276678,2716.666666666662,55.55803000015658,48.89782209086618,163,0,0,0,12736.49748766837,10112.585218129989,59.39024390934012,59.542610208351626,0.592059534181999,20.0,kinematic,False,0,0.0,,,,random,event,21,0,8.198914999866247,4.276122999726795,2716.666666666662,500.0,0.059889000112889335,7788.486104027697
random-s0-0076,prm,1,0,completed,True,False,3,326,0,,16.6659129981781,0.05112243250974877,2083.3333333333308,29.465165000146953,70.70496069928474,125,0,0,0,10164.987731108013,7920.645102543123,59.38228254688514,59.89190350591709,0.5768709349373182,20.0,kinematic,False,0,0.0,,,,random,event,0,0,11.249970000335452,5.9547050000219315,2083.3333333333308,100.0,0.02583700006653089,7788.486104027697
random-s0-0076,prm,1,0,completed,True,False,3,389,0,,40.06479700183263,0.10299433676563659,3066.6666666666606,56.82193600023311,53.96976735629141,184,0,0,0,10164.987731108013,8577.956270872442,59.2511646631653,59.89190350591709,0.5768709349373182,20.0,kinematic,False,0,0.0,,,,random,event,4,61,12.174959999811108,6.327234999844222,3066.6666666666606,500.0,0.06409500019799452,7788.486104027697
random-s0-0076,visibility,1,0,completed,True,False,3,462,0,,158.57739000512083,0.3432411039071879,3416.6666666666592,178.90868399990723,19.097265656866778,205,0,1,1,7869.397705309059,7776.817142420111,58.69508615527085,58.924986568614194,-24.45612884179647,20.0,kinematic,False,0,0.0,,,,random,event,16,37,18.522790999213612,9.569875999659416,3416.6666666666592,100.0,0.07006900023043272,7788.486104027697
random-s0-0076,visibility,1,0,completed,True,False,3,469,0,,205.4936539989285,0.4381527803815106,3533.3333333333258,226.16552199997386,15.622776195452701,212,0,1,1,7869.397705309059,8257.411057485811,58.5559345046937,58.924986568614194,-24.45612884179647,20.0,kinematic,False,0,0.0,,,,random,event,22,37,17.296212000474043,9.143763999873045,3533.3333333333258,500.0,7.619670999702066,7788.486104027697
random-s0-0077,voronoi,1,0,completed,True,False,3,386,0,,19.31885599879024,0.05004884973779855,2533.3333333333294,35.07381500003248,72.22862221663036,152,0,0,0,9705.06650857556,10252.879323610177,58.79270652143384,58.94885994914766,10.137565048552347,20.0,kinematic,False,0,0.0,,,,random,event,12,0,0.14686799977425835,3.8576279998778773,2533.3333333333294,100.0,0.04759900002682116,9705.06650857556
random-s0-0077,voronoi,1,0,completed,True,False,3,462,0,,31.275557995286363,0.06769601297681031,2849.9999999999945,50.08291100011775,56.905637932932734,171,0,0,0,9705.06650857556,12184.071273987278,59.36988458713932,59.976617621360326,13.435073198380707,20.0,kinematic,False,0,0.0,,,,random,event,37,0,0.0911110000743065,4.2752239996843855,2849.9999999999945,500.0,0.05217200032348046,9705.06650857556
random-s0-0077,prm,1,0,completed,True,False,3,368,0,,24.087085000701336,0.06545403532799277,2249.999999999997,38.91634999990856,57.81631627851233,135,0,0,0,9705.06650857556,9900.321197422923,59.362143202607264,59.75423659019529,10.137565048552347,20.0,kinematic,False,0,0.0,,,,random,event,3,4,0.05161799981578952,6.213113999820052,2249.999999999997,100.0,0.027219999992667,9705.06650857556
random-s0-0077,prm,1,0,completed,True,False,3,357,0,,7.357227996635629,0.020608481783293078,2183.3333333333303,21.393729000010353,102.05482799806774,131,1,0,1,9705.06650857556,9528.055381431404,59.00370904805198,59.350628963016554,-80.38123742227073,20.0,kinematic,False,0,0.0,,,,random,event,0,42,0.047686000016256,0.10526800042498508,2183.3333333333303,500.0,0.0558269998691685,9705.06650857556
random-s0-0077,visibility,1,0,completed,True,False,3,368,0,,60.10971900286677,0.16334162772518143,2366.6666666666633,74.91199000014603,31.59262845189468,142,0,0,0,9705.06650857556,9611.977792339061,59.219671338229695,59.99851583354968,10.137565048552347,20.0,kinematic,False,0,0.0,,,,random,event,6,5,0.047431999973923666,9.136780000062572,2366.6666666666633,100.0,0.03210400018360815,9705.06650857556
random-s0-0077,visibility,1,0,completed,True,False,3,357,0,,7.398262998322025,0.020723425765607914,2183.3333333333303,21.38211700003012,102.11025097890236,131,1,0,1,9705.06650857556,9528.055381431404,59.00370904805198,59.350628963016554,-80.38123742227073,20.0,kinematic,False,0,0.0,,,,random,event,0,42,0.046195000322768465,0.0900219997674867,2183.3333333333303,500.0,0.05480500021803891,9705.06650857556
random-s0-0078,voronoi,1,0,completed,True,False,3,558,0,,29.536053003084817,0.052931994629184256,4649.999999999989,53.86613100017712,86.32511586890655,279,0,0,0,14564.808752194858,13834.283071537418,58.78168817126427,59.49620852843273,0.0430051246818266,20.0,kinematic,False,0,0.0,,,,random,event,1,0,8.165205999830505,4.100068000298052,4649.999999999989,100.0,0.04882199982603197,12372.286066798048
random-s0-0078,voronoi,1,0,completed,True,False,3,577,0,,104.66980000273907,0.18140346620925316,4549.999999999989,130.22473499995613,34.93959884043167,273,0,0,0,14469.007752460082,15725.061882478776,58.92502047866328,59.7585049268875,0.004681110230762897,20.0,kinematic,False,0,0.0,,,,random,event,41,7,8.52571799987345,5.045962000167492,4549.999999999989,500.0,0.07449799977621296,12372.286066798048
random-s0-0078,prm,1,0,completed,True,False,3,469,0,,19.98460500180954,0.04261109808488175,2883.333333333328,38.9000949999172,74.12149850378168,173,0,0,0,14124.916449331176,13316.997524526698,58.82594221671164,59.78836510986551,0.6064401997623179,20.0,kinematic,False,0,0.0,,,,random,event,0,0,11.517536000155815,5.984110000099463,2883.333333333328,100.0,0.030139000045892317,12372.286066798048
random-s0-0078,prm,1,0,completed,True,False,3,558,0,,42.96916500197767,0.07700567204655497,4849.999999999988,67.35244799983775,72.00926089593167,291,0,0,0,16402.09234725748,18812.045690408784,58.650727272818415,59.28669751869554,1.371391093674589,20.0,kinematic,False,0,0.0,,,,random,event,2,108,9.945552000317548,12.749066000196763,4849.999999999988,500.0,0.05778500008091214,12372.286066798048
random-s0-0078,visibility,1,0,completed,True,False,3,546,0,,212.9802169993127,0.3900736575078987,3433.333333333326,235.54039800001192,14.576409662571567,206,0,2,2,12416.532810185552,12229.567799319197,58.737390621785295,59.56523380704055,-16.50213557633853,20.0,kinematic,False,0,0.0,,,,random,event,22,29,16.888041000129306,10.218480999810708,3433.333333333326,100.0,0.06882199977553682,12372.286066798048
random-s0-0078,visibility,1,0,completed,True,False,3,512,0,,211.99616599415094,0.41405501170732606,3183.333333333327,232.8369560000283,13.67194189453731,191,0,2,2,12488.046768345463,12284.444279552545,58.564399674895206,59.31069669533646,-34.48410944731222,20.0,kinematic,False,0,0.0,,,,random,event,24,170,15.271390000179963,8.16571399991517,3183.333333333327,500.0,6.960536999940814,12372.286066798048
random-s0-0079,voronoi,1,0,completed,True,False,3,524,0,,29.065564001484745,0.055468633590619744,3349.999999999993,51.25912099993002,65.35422251982368,201,0,0,0,18697.279715422854,16439.623393467933,59.3935357321214,59.56352902223523,9.408595408525969,20.0,kinematic,False,0,0.0,,,,random,event,45,0,12.069009999777336,4.128876999857312,3349.999999999993,100.0,0.053308999667933676,15823.01457365769
random-s0-0079,voronoi,1,0,completed,True,False,3,947,0,,127.69905900631784,0.13484589124215188,6133.333333333317,167.3644150000655,36.64657946153557,368,0,0,0,18774.778526075035,24022.4560808413,58.70918519992431,59.6141665482313,5.870925430885137,20.0,kinematic,False,0,0.0,,,,random,event,84,3,11.781220000102621,4.6187390003069595,6133.333333333317,500.0,0.05930500037720776,15823.01457365769
random-s0-0079,prm,1,0,completed,True,False,3,599,0,,66.40657800517147,0.11086240067641313,4116.666666666657,90.9998799997993,45.23815489290465,247,0,0,0,16967.772952688145,20086.53869006592,58.891228765561436,59.53896240980148,30.988418469715867,20.0,kinematic,False,0,0.0,,,,random,event,6,11,19.16043199980777,6.589618999896629,4116.666666666657,100.0,0.03007500026797061,15823.01457365769
random-s0-0079,prm,1,0,completed,True,False,3,747,0,,66.13494799603359,0.08853406692909449,5049.999999999987,97.94170199984364,51.561284895866415,303,1,0,1,16967.772952688145,21642.82907447971,58.66753653798033,59.125820434310434,-145.96574698753162,20.0,kinematic,False,0,0.0,,,,random,event,4,328,19.417580000208545,7.156081000175618,5049.999999999987,500.0,0.07820600012564682,15823.01457365769
random-s0-0079,visibility,1,0,completed,True,False,3,586,0,,364.1237519918832,0.6213715904298348,3299.999999999993,387.86534899963954,8.508107281331439,198,1,0,1,15866.867543816652,16063.898636969938,59.121906523601496,59.59070822435146,-10.713858087426843,20.0,kinematic,False,0,0.0,,,,random,event,35,79,29.112302999692474,9.815057000196248,3299.999999999993,100.0,9.063912999863533,15823.01457365769
random-s0-0079,visibility,1,0,completed,True,False,3,604,0,,112.4848140029826,0.18623313576652747,4399.99999999999,138.58889399989494,31.748575755307822,264,1,1,2,15866.867543816652,15985.481423729709,59.27774347979991,59.94349040420925,-167.6075062815019,20.0,kinematic,False,0,0.0,,,,random,event,8,272,27.331376999882195,9.296316000018123,4399.99999999999,500.0,0.07628699995620991,15823.01457365769
random-s0-0080,voronoi,1,0,completed,True,False,3,390,0,,15.975195003193221,0.04096203846972621,2583.333333333329,32.52716799988775,79.42078859562086,155,0,0,0,11878.269856980232,11857.62952432045,58.692796056449815,59.25104745103959,84.37936995925418,20.0,kinematic,False,0,0.0,,,,random,event,1,0,0.09935899970514583,4.050832999837439,2583.333333333329,100.0,0.04783199983648956,11878.269856980232
random-s0-0080,voronoi,1,0,completed,True,False,3,410,0,,105.25096300443693,0.2567096658644803,2716.666666666662,122.50739999990401,22.175531165209534,163,0,0,0,11878.269856980232,13034.257291760943,58.74770655722,59.02346153899738,79.24022260825876,20.0,kinematic,False,0,0.0,,,,random,event,47,19,0.08866999996826053,5.7230239999626065,2716.666666666662,500.0,4.007550000096671,11878.269856980232
random-s0-0080,prm,1,0,completed,True,False,3,387,0,,12.412083003709995,0.03207256590105942,2533.3333333333294,28.147337000064,90.00259361400936,152,0,0,0,11878.269856980232,11800.530951228035,58.92732984250035,59.9546488091912,84.37936995925418,20.0,kinematic,False,0,0.0,,,,random,event,1,0,0.049604000196268316,6.126265999682801,2533.3333333333294,100.0,0.024330000087502412,11878.269856980232
random-s0-0080,prm,1,0,completed,True,False,3,391,0,,16.913527001179318,0.04325710230480644,2599.9999999999955,33.03918000028716,78.69444701646341,156,0,0,0,11878.269856980232,11781.854794629122,58.4007309215836,58.50934415337773,84.37936995925418,20.0,kinematic,False,0,0.0,,,,random,event,1,51,0.045654000587092014,8.321215999785636,2599.9999999999955,500.0,0.05352700009098044,11878.269856980232
random-s0-0080,visibility,1,0,completed,True,False,3,385,0,,14.75590799782367,0.03832703376058096,2499.999999999996,30.315944999983913,82.46485471593654,150,0,0,0,11878.269856980232,11710.77873514405,58.453463109045224,58.53304860882581,84.37936995925418,20.0,kinematic,False,0,0.0,,,,random,event,1,0,0.0493970001116395,8.468882000215672,2499.999999999996,100.0,0.02300200003446662,11878.269856980232
random-s0-0080,visibility,1,0,completed,True,False,3,390,0,,16.692460001195286,0.042801179490244326,2583.333333333329,32.38934099999824,79.7587494396218,155,0,0,0,11878.269856980232,12022.371155218098,58.88333327407958,59.82265910392889,84.37936995925418,20.0,kinematic,False,0,0.0,,,,random,event,1,47,0.045508999846788356,8.412373000282969,2583.333333333329,500.0,0.05451400011224905,11878.269856980232
random-s0-0081,voronoi,1,0,completed,True,False,3,423,0,,33.100603995535494,0.07825201890197517,2649.9999999999955,50.478547000238905,52.49754910709798,159,0,0,0,13286.063690323199,13390.313049184151,59.110596042729384,59.21087749780964,8.421545178401487,20.0,kinematic,False,0,0.0,,,,random,event,3,2,0.10278599984303582,4.196778999812523,2649.9999999999955,100.0,0.0490130000798672,13286.063690323199
random-s0-0081,voronoi,1,0,completed,True,False,3,709,0,,269.22523200346404,0.37972529196539356,5399.999999999986,303.35032599987244,17.801200582860943,324,0,0,0,13286.063690323199,21658.635471844507,59.024844220224956,59.46702404936115,6.06048657995143,20.0,kinematic,False,0,0.0,,,,random,event,116,51,0.08488700041198172,8.344051000221953,5399.999999999986,500.0,4.065860000082466,13286.063690323199
random-s0-0081,prm,1,0,completed,True,False,3,463,0,,26.186015997609502,0.056557269973238664,2849.9999999999945,44.99982800007274,63.333575408230175,171,0,0,0,13286.063690323199,14625.786336447254,59.03546455612934,59.576807612917435,60.71635262057336,20.0,kinematic,False,0,0.0,,,,random,event,3,5,0.05031200043958961,6.09323399976347,2849.9999999999945,100.0,0.026337999770476017,13286.063690323199
random-s0-0081,prm,1,0,completed,True,False,3,401,0,,14.278357000875985,0.035606875313905204,2299.999999999997,30.067197999869677,76.49532224485853,138,1,0,1,13286.063690323199,13109.104262928478,58.986475798241365,59.83528427591682,-30.989160349121732,20.0,kinematic,False,0,0.0,,,,random,event,0,193,0.04571799991026637,0.12611700003617443,2299.999999999997,500.0,0.06524499985971488,13286.063690323199
random-s0-0081,visibility,1,0,completed,True,False,3,559,0,,298.84482000079515,0.534606118069401,4266.666666666657,323.4178359998623,13.192428467885962,256,1,0,1,13286.063690323199,13299.044884186116,58.91116216197499,59.83528427591682,-13.12642080749967,20.0,kinematic,False,0,0.0,,,,random,event,31,10,0.05256099984762841,10.645883000051981,4266.666666666657,100.0,8.94370500009245,13286.063690323199
random-s0-0081,visibility,1,0,completed,True,False,3,401,0,,14.340953998271289,0.035762977551798726,2299.999999999997,30.124521999823628,76.34975917670869,138,1,0,1,13286.063690323199,13109.104262928478,58.986475798241365,59.83528427591682,-30.989160349121732,20.0,kinematic,False,0,0.0,,,,random,event,0,193,0.0482350001220766,0.11318499991830322,2299.999999999997,500.0,0.061331999859248754,13286.063690323199
random-s0-0082,voronoi,1,0,completed,True,False,3,451,0,,34.066997000081756,0.07553657871415023,3299.999999999993,53.299971999877016,61.91372858521591,198,0,0,0,13815.543779054793,13177.162847579473,58.49754578600142,59.22792290985546,78.00699363523489,20.0,kinematic,False,0,0.0,,,,random,event,26,0,4.05920100001822,3.9921739999044803,3299.999999999993,100.0,0.05087400040793,12650.073572219666
random-s0-0082,voronoi,1,0,completed,True,False,3,889,0,,130.79355100762768,0.14712435433928872,5899.9999999999845,167.9182600000786,35.13614302576279,354,0,1,1,13693.0174894469,21153.44637693396,58.69692929604486,59.29283403665904,-81.22505351618655,20.0,kinematic,False,0,0.0,,,,random,event,161,3,4.0542470001128095,5.132220999712445,5899.9999999999845,500.0,0.07017200005066115,12650.073572219666
random-s0-0082,prm,1,0,completed,True,False,3,461,0,,49.65540299735949,0.1077123709270271,3766.6666666666583,69.71981400010918,54.02577044541111,226,0,0,0,12861.8503030868,12632.967575769677,58.82863762992621,59.97503812528233,40.9733180844612,20.0,kinematic,False,0,0.0,,,,random,event,5,13,7.271140000284504,7.233024000015575,3766.6666666666583,100.0,0.038563999623875134,12650.073572219666
random-s0-0082,prm,1,0,completed,True,False,3,465,0,,48.76909300173793,0.1048797698962106,3833.3333333333244,69.21695600021849,55.38142031731682,230,0,0,0,12861.8503030868,13644.368775610657,58.8085031857809,59.97503812528233,62.51779290093907,20.0,kinematic,False,0,0.0,,,,random,event,2,155,6.520417000501766,21.999281000262272,3833.3333333333244,500.0,0.07773399966026773,12650.073572219666
random-s0-0082,visibility,1,0,completed,True,False,3,450,0,,54.48355599401111,0.12107456887558025,3299.999999999993,73.09864200033189,45.14447751279716,198,0,0,0,12655.701399152467,12523.463317821659,59.20076113436911,59.97503812528233,5.129580952929075,20.0,kinematic,False,0,0.0,,,,random,event,4,7,9.441363999485475,9.762410999883286,3299.999999999993,100.0,0.03445100037424709,12650.073572219666
random-s0-0082,visibility,1,0,completed,True,False,3,443,0,,42.38040899690532,0.09566683746479755,3466.6666666666592,61.114247999739746,56.724361014495706,208,0,0,0,12655.701399152467,12480.08314232273,58.958557155585545,59.97503812528233,20.94710875469471,20.0,kinematic,False,0,0.0,,,,random,event,2,196,9.22123000054853,9.177965000162658,3466.6666666666592,500.0,0.058924999848386506,12650.073572219666
random-s0-0083,voronoi,1,0,planning_failed,False,False,3,267,1,B0,23.841449996325537,0.08929382021095707,2216.666666666664,35.546753000289755,62.35918838068262,133,0,0,0,8652.653106737685,8637.028768912402,2141.052609301703,6303.976143673134,306.13454812609086,20.0,kinematic,False,0,0.0,,,,random,event,3,0,3.9635439998164657,4.107028999897011,,100.0,0.04834100036532618,14956.62925041082
random-s0-0083,voronoi,1,0,planning_failed,False,False,3,480,1,B0,136.04228099848115,0.28342141874683574,4216.666666666657,158.70298900017588,26.569547890884298,253,0,0,0,8652.653106737685,14132.052846829152,2140.819000128574,6303.976143673134,260.83260099743495,20.0,kinematic,False,0,0.0,,,,random,event,79,5,4.245756000273104,6.259102000058192,,500.0,4.064029000346636,14956.62925041082
random-s0-0083,prm,1,0,planning_failed,False,False,3,265,1,B0,12.79198799511505,0.048271652811754905,2216.666666666664,24.619899000299483,90.03557108986108,133,0,0,0,8652.653106737685,8537.815339733581,2140.63352777739,6303.976143673134,306.13454812609086,20.0,kinematic,False,0,0.0,,,,random,event,1,19,0.20985699939046754,6.781452000268473,,100.0,0.07610399961777148,14956.62925041082
random-s0-0083,prm,1,0,planning_failed,False,False,3,266,1,B0,8.999101994959346,0.03383121050736596,2216.666666666664,21.02466500036826,105.43172348419523,133,0,0,0,8652.653106737685,8534.926963920534,2140.5674288300947,6303.976143673134,306.13454812609086,20.0,kinematic,False,0,0.0,,,,random,event,0,114,0.1726999994389189,0.14044999988982454,,500.0,0.06316500002867542,14956.62925041082
random-s0-0083,visibility,1,0,planning_failed,False,False,3,268,1,B0,14.445776995216875,0.05390215296722715,2233.3333333333303,26.206950999949186,85.21912119184184,134,0,0,0,8652.653106737685,8537.771065311259,2140.53510070129,6303.976143673134,306.13454812609086,20.0,kinematic,False,0,0.0,,,,random,event,1,19,0.10960100053125643,9.134127999914199,,100.0,0.0544380000064848,14956.62925041082
random-s0-0083,visibility,1,0,planning_failed,False,False,3,266,1,B0,8.895686997675512,0.03344243232208839,2216.666666666664,20.52810099985436,107.98206159850784,133,0,0,0,8652.653106737685,8534.926963920534,2140.5674288300947,6303.976143673134,306.13454812609086,20.0,kinematic,False,0,0.0,,,,random,event,0,114,0.10773899975902168,0.08546600020054029,,500.0,0.05919199975323863,14956.62925041082
random-s0-0084,voronoi,1,0,completed,True,False,3,407,0,,16.27511899687306,0.039988007363324474,2699.9999999999955,32.910300999901665,82.0411821820792,162,0,0,0,11771.35647727512,11743.167239304461,59.07174113895392,59.75258676647867,120.99943770793914,20.0,kinematic,False,0,0.0,,,,random,event,13,0,0.1056890005202149,4.004872999757936,2699.9999999999955,100.0,0.04982899963579257,11771.35647727512
random-s0-0084,voronoi,1,0,completed,True,False,3,448,0,,27.79196799701822,0.06203564285048709,3033.3333333333276,46.36681800002407,65.42034722615111,182,0,0,0,11771.35647727512,13034.62666522208,59.148624292771906,59.27439717516962,120.99943770793914,20.0,kinematic,False,0,0.0,,,,random,event,65,2,0.08509799954481423,4.473951999898418,3033.3333333333276,500.0,0.06104000021878164,11771.35647727512
random-s0-0084,prm,1,0,completed,True,False,3,388,0,,18.572340997252468,0.04786685824034141,2566.6666666666624,34.061091000239685,75.3547990182875,154,0,0,0,11771.35647727512,11746.465543227088,59.71653693726612,59.96902724516854,120.99943770793914,20.0,kinematic,False,0,0.0,,,,random,event,2,7,0.050238999392604455,6.253665000258479,2566.6666666666624,100.0,0.02492500016160193,11771.35647727512
random-s0-0084,prm,1,0,completed,True,False,3,393,0,,12.033282004267676,0.030619038178798158,2649.9999999999955,27.937105000091833,94.85592726917426,159,0,0,0,11771.35647727512,12561.651475872739,59.49132831514666,59.96902724516854,120.99943770793914,20.0,kinematic,False,0,0.0,,,,random,event,1,45,0.0507160002598539,3.507479999825591,2649.9999999999955,500.0,0.05859100019733887,11771.35647727512
random-s0-0084,visibility,1,0,completed,True,False,3,387,0,,61.05130900368749,0.15775532042296508,2549.999999999996,76.4926930000911,33.33651751543064,153,0,0,0,11771.35647727512,11634.181779338964,59.77948541555107,59.96902724516854,120.99943770793914,20.0,kinematic,False,0,0.0,,,,random,event,6,5,0.047621000248909695,9.1983719999007,2549.999999999996,100.0,0.03651200040621916,11771.35647727512
random-s0-0084,visibility,1,0,completed,True,False,3,403,0,,16.565228001582,0.041104784123032256,2816.6666666666615,32.80617800010077,85.85781210654925,169,0,0,0,11771.35647727512,12158.14281670803,59.568209526293685,59.96902724516854,120.99943770793914,20.0,kinematic,False,0,0.0,,,,random,event,1,49,0.0449710000793857,7.644445999630989,2816.6666666666615,500.0,0.054162999731488526,11771.35647727512
random-s0-0085,voronoi,1,0,completed,True,False,3,511,0,,23.489665994929965,0.045968035215127136,4999.999999999987,46.906750999824,106.59446440915825,300,0,0,0,12778.241836266203,12185.17117918198,58.859938509158404,59.4897011869612,19.817932538958956,20.0,kinematic,False,0,0.0,,,,random,event,1,0,4.073150000294845,4.038912999931199,4999.999999999987,100.0,0.03707899986693519,11778.67074146291
random-s0-0085,voronoi,1,0,completed,True,False,3,643,0,,65.7880980002119,0.1023143048214804,7099.99999999998,97.3243469998124,72.95194079250966,426,0,1,1,12778.241836266203,15028.249802350107,58.276225710965996,59.04292042791789,-90.48492324652454,20.0,kinematic,False,0,0.0,,,,random,event,135,0,4.080595000232279,4.127794000396534,7099.99999999998,500.0,0.058975000229111174,11778.67074146291
random-s0-0085,prm,1,0,completed,True,False,3,403,0,,18.923052994978207,0.04695546648877967,3199.9999999999936,35.86669100013751,89.219270324874,192,0,0,0,12241.178962107571,11801.807619214329,59.08161192757252,59.4897011869612,0.8224734921932679,20.0,kinematic,False,0,0.0,,,,random,event,1,9,6.464573999892309,6.425683000088611,3199.9999999999936,100.0,0.03493699978207587,11778.67074146291
random-s0-0085,prm,1,0,completed,True,False,3,396,0,,36.00053399895842,0.09091043939130913,3049.999999999994,53.21364300016285,57.316128497172436,183,0,0,0,13184.638924030109,11892.630982441735,59.252804469913464,59.4897011869612,10.811339159723133,20.0,kinematic,False,0,0.0,,,,random,event,3,106,6.3713819999975385,6.942889000129071,3049.999999999994,500.0,0.06174500003908179,11778.67074146291
random-s0-0085,visibility,1,0,completed,True,False,3,500,0,,44.832649001818936,0.08966529800363787,4799.999999999988,67.6337329996386,70.97050224960431,288,0,1,1,11785.7722044866,11611.38429396812,59.28839110161749,59.661678907522116,-3.947584774200209,20.0,kinematic,False,0,0.0,,,,random,event,3,12,9.449962000417145,9.412007000264566,4799.999999999988,100.0,0.041446000068390276,11778.67074146291
random-s0-0085,visibility,1,0,completed,True,False,3,524,0,,109.95658999763691,0.20984082060617731,5216.666666666653,134.43477999999232,38.804442322641144,313,0,0,0,11785.7722044866,11674.910893613034,58.89295045355707,59.4897011869612,0.6911511583637093,20.0,kinematic,False,0,0.0,,,,random,event,10,120,9.08093500038376,13.01106599976265,5216.666666666653,500.0,0.06307900002866518,11778.67074146291
random-s0-0086,voronoi,1,0,completed,True,False,3,368,0,,34.63645700503548,0.09412080707890076,2166.666666666664,49.21128099977068,44.02784529581257,130,0,0,0,10401.77871106621,9376.0835050843,59.639647585853965,59.94800844757805,31.19146691391549,20.0,kinematic,False,0,0.0,,,,random,event,9,1,7.944917000259011,3.967465000187076,2166.666666666664,100.0,0.05183399980523973,9141.923576771966
random-s0-0086,voronoi,1,0,completed,True,False,3,557,0,,139.7336409950185,0.2508682962208591,4016.666666666658,163.71430600020176,24.534610107083175,241,0,0,0,10401.77871106621,12990.722167751963,58.88802095600689,59.253258353717094,14.764464064114236,20.0,kinematic,False,0,0.0,,,,random,event,81,23,7.990360000349028,4.420206999839138,4016.666666666658,500.0,3.993324000020948,9141.923576771966
random-s0-0086,prm,1,0,completed,True,False,3,484,0,,37.53095200545431,0.07754328926746758,3216.66666666666,57.0605660000183,56.37284892452046,193,0,0,0,13248.84238452409,12984.243028435301,58.791715231670764,59.45738552830437,13.546657873034832,20.0,kinematic,False,0,0.0,,,,random,event,3,17,11.226427000110561,5.7439130000602745,3216.66666666666,100.0,0.0500889996146725,9141.923576771966
random-s0-0086,prm,1,0,completed,True,False,3,429,0,,63.03383099293569,0.14693200697654007,2799.999999999995,81.17702699973961,34.492517199588704,168,0,0,0,13248.84238452409,10661.276068392901,58.88183802009424,59.24635610542895,227.07028253295147,20.0,kinematic,False,0,0.0,,,,random,event,4,100,10.162142000353924,18.266276999838738,2799.999999999995,500.0,0.0666789997012529,9141.923576771966
random-s0-0086,visibility,1,0,completed,True,False,3,393,0,,44.433264990857424,0.11306174297928098,2516.6666666666624,60.30041900021388,41.73547561349012,151,0,1,1,9189.832689806859,8992.975923554879,58.86000847977085,59.45738552830437,-17.53009154365205,20.0,kinematic,False,0,0.0,,,,random,event,2,13,18.787069000154588,9.80903199979366,2516.6666666666624,100.0,0.047880999773042277,9141.923576771966
random-s0-0086,visibility,1,0,completed,True,False,3,398,0,,27.677590003349906,0.06954168342550228,2516.6666666666624,43.96210599998085,57.24627174748541,151,0,1,1,9189.832689806859,8993.209571189695,58.69520364244426,59.45738552830437,-17.53009154365205,20.0,kinematic,False,0,0.0,,,,random,event,0,98,16.045148000102927,8.029812000131642,2516.6666666666624,500.0,0.056213999869214604,9141.923576771966
random-s0-0087,voronoi,1,0,completed,True,False,3,481,0,,23.246399002346152,0.0483293118551895,3416.6666666666592,44.65942700016967,76.50493739325582,205,0,0,0,16555.991072624245,14577.472064501188,58.700083151167014,58.83987841952148,27.842441599660106,20.0,kinematic,False,0,0.0,,,,random,event,11,0,7.970881999881385,4.043088999878819,3416.6666666666592,100.0,0.05007800018574926,13890.362764084235
random-s0-0087,voronoi,1,0,completed,True,False,3,657,0,,70.82636700215517,0.10780268950099721,4133.333333333324,98.7714349998896,41.84745653779297,248,0,0,0,16643.064960817086,17278.809124652602,59.68573952536175,59.957363275135556,1.2518606661973308,20.0,kinematic,False,0,0.0,,,,random,event,89,1,7.928382999125461,5.2882749996570055,4133.333333333324,500.0,0.06398999994416954,13890.362764084235
random-s0-0087,prm,1,0,completed,True,False,3,450,0,,27.10562999754984,0.060234733327888534,2783.3333333333285,44.97824400004902,61.881769624672216,167,0,0,0,18155.114280347312,16111.969258080955,58.33181374764507,58.576971292941636,17.171351429982508,20.0,kinematic,False,0,0.0,,,,random,event,1,0,13.112401999933354,6.555379000019457,2783.3333333333285,100.0,0.024445999770250637,13890.362764084235
random-s0-0087,prm,1,0,completed,True,False,3,425,0,,33.60292700017453,0.07906571058864596,2749.999999999995,51.530213999740226,53.36674906907738,165,0,0,0,18155.114280347312,14627.237313248439,59.00567769160219,59.96201942857708,5.262219126571466,20.0,kinematic,False,0,0.0,,,,random,event,2,95,12.95392499969239,6.643531999998231,2749.999999999995,500.0,0.06257500035644625,13890.362764084235
random-s0-0087,visibility,1,0,completed,True,False,3,596,0,,56.52286500071568,0.09483702181328135,5183.33333333332,83.13543999975082,62.34805918329002,311,0,0,0,13924.61522205289,13871.02672469231,58.482253364094476,58.676190160994025,54.24209777156835,20.0,kinematic,False,0,0.0,,,,random,event,3,10,19.016298000224197,10.023193000051833,5183.33333333332,100.0,0.02856799983419478,13890.362764084235
random-s0-0087,visibility,1,0,completed,True,False,3,464,0,,50.52964499873269,0.10890009698002735,3149.9999999999936,69.6914770001058,45.19921424531168,189,0,0,0,14019.347319324983,14230.113138945442,59.271180181909415,59.98263354283448,1.7654912983329325,20.0,kinematic,False,0,0.0,,,,random,event,3,52,17.648361999818007,9.15189699981056,3149.9999999999936,500.0,0.05423099992185598,13890.362764084235
random-s0-0088,voronoi,1,0,completed,True,False,3,443,0,,41.94300400195061,0.09467946727302622,2899.9999999999945,60.61173399984909,47.84552113304026,174,0,0,0,14033.176824850874,14372.436910422031,59.52197554113647,59.93106991249641,62.00156497031983,20.0,kinematic,False,0,0.0,,,,random,event,4,3,0.12699699982476886,4.139464999752818,2899.9999999999945,100.0,0.05225999984759255,14033.176824850874
random-s0-0088,voronoi,1,0,completed,True,False,3,964,0,,319.9086010040446,0.3318553952324114,6266.66666666665,361.7223340002056,17.324522368760032,376,0,0,0,15507.559260879145,22457.852351471207,59.0336931307471,59.893725918879035,16.69377694441215,20.0,kinematic,False,0,0.0,,,,random,event,218,16,4.202327000257355,8.285596999940026,6266.66666666665,500.0,3.9697709999018116,14033.176824850874
random-s0-0088,prm,1,0,completed,True,False,3,416,0,,57.823182998617995,0.13899803605437017,2533.3333333333294,74.85467800006518,33.843353562099665,152,1,0,1,14033.176824850874,15088.857345544719,58.72926984576018,59.40558926594947,-81.85446721481581,20.0,kinematic,False,0,0.0,,,,random,event,8,60,0.04996000006940449,7.669295999676251,2533.3333333333294,100.0,0.06026999972164049,14033.176824850874
random-s0-0088,prm,1,0,completed,True,False,3,536,0,,40.402994995929475,0.07537872200733112,3649.999999999992,63.78076600003624,57.22728384914534,219,0,0,0,14626.510783338104,16732.344997482935,59.44135528958625,59.720721985752384,8.752108313798658,20.0,kinematic,False,0,0.0,,,,random,event,3,243,6.071543000416568,6.1925670001983235,3649.999999999992,500.0,0.08332399966093362,14033.176824850874
random-s0-0088,visibility,1,0,completed,True,False,3,477,0,,167.968524007847,0.35213527045670234,3349.999999999993,188.20446500012622,17.79979024407177,201,0,1,1,14033.176824850874,13999.026735531741,59.57129471476926,59.93430555055219,-154.28604038761839,20.0,kinematic,False,0,0.0,,,,random,event,18,75,0.04747700040752534,10.219320000032894,3349.999999999993,100.0,0.0709580003785959,14033.176824850874
random-s0-0088,visibility,1,0,completed,True,False,3,564,0,,48.64588900090894,0.08625157624274635,4116.666666666657,72.45366699999067,56.81792015671459,247,1,1,2,14160.166484480593,14089.831043515613,59.100652518758615,59.999526330957735,-46.90940825320263,20.0,kinematic,False,0,0.0,,,,random,event,2,335,9.402018999480788,9.360632999687368,4116.666666666657,500.0,0.06711200012432528,14033.176824850874
random-s0-0089,voronoi,1,0,completed,True,False,3,387,0,,65.8475410077699,0.17014868477459924,2366.6666666666633,81.77463999982137,28.94132785753423,142,0,0,0,10046.753766704122,10537.566820189364,59.12321494780047,59.63353923001239,792.3299220276695,20.0,kinematic,False,0,0.0,,,,random,event,20,1,0.10042200028692605,4.415047000293271,2366.6666666666633,100.0,0.06042199993316899,10046.753766704122
random-s0-0089,voronoi,1,0,completed,True,False,3,553,0,,119.79064400111383,0.21661960940526914,3933.3333333333244,143.70478999990155,27.370927116180464,236,0,0,0,10046.753766704122,13149.91705236219,58.5776730217429,58.89122663784711,488.5412755771316,20.0,kinematic,False,0,0.0,,,,random,event,75,9,0.08599300008427235,4.320620999806124,3933.3333333333244,500.0,0.07884400019975146,10046.753766704122
random-s0-0089,prm,1,0,completed,True,False,3,390,0,,16.569958999753,0.04248707435834102,2416.666666666663,32.69838100004563,73.90783863773838,145,0,0,0,10046.753766704122,10617.955884713843,59.47537871675261,59.90163453822523,792.3299220276695,20.0,kinematic,False,0,0.0,,,,random,event,1,1,0.054737999562348705,6.6285100001550745,2416.666666666663,100.0,0.026203999823337654,10046.753766704122
random-s0-0089,prm,1,0,completed,True,False,3,362,0,,9.966168001483311,0.027530850832826827,2249.999999999997,24.803511999834882,90.71296032654469,135,0,0,0,10046.753766704122,9869.53764126625,59.07204181262535,59.385099056465755,714.2620728629057,20.0,kinematic,False,0,0.0,,,,random,event,0,90,0.0511030002599,0.18868100005420274,2249.999999999997,500.0,0.06577999965884374,10046.753766704122
random-s0-0089,visibility,1,0,completed,True,False,3,382,0,,15.852658006224374,0.04149910472833606,2283.3333333333303,30.68298500011224,74.41692303812611,137,0,0,0,10046.753766704122,9932.623654057068,59.43836858121964,59.79060413162636,792.3299220276695,20.0,kinematic,False,0,0.0,,,,random,event,1,1,0.04902899991066079,9.419944000001124,2283.3333333333303,100.0,0.025908000225172145,10046.753766704122
random-s0-0089,visibility,1,0,completed,True,False,3,362,0,,9.558845000356087,0.026405649172254384,2249.999999999997,23.887411000032444,94.19187370271901,135,0,0,0,10046.753766704122,9869.53764126625,59.07204181262535,59.385099056465755,714.2620728629057,20.0,kinematic,False,0,0.0,,,,random,event,0,90,0.044922000142832985,0.09415799968337524,2249.999999999997,500.0,0.05610000016531558,10046.753766704122
random-s0-0090,voronoi,1,0,completed,True,False,3,383,0,,11.024195001937187,0.028783798960671507,2316.6666666666633,26.378882999779307,87.82277349219241,139,0,0,0,11870.003814557276,11691.478354288018,59.50848675642002,59.572859450716976,10.690097406967055,20.0,kinematic,False,0,0.0,,,,random,event,0,0,0.10260099998049554,0.06363499960571062,2316.6666666666633,100.0,0.032607000321149826,11870.003814557276
random-s0-0090,voronoi,1,0,completed,True,False,3,583,0,,86.31057099819373,0.1480455763262328,4683.333333333322,111.82056999996348,41.882574318256935,281,0,0,0,11870.003814557276,14557.379506325258,59.43564398183984,59.99563204050629,10.690097406967055,20.0,kinematic,False,0,0.0,,,,random,event,82,10,0.0830599997243553,4.735392999918986,4683.333333333322,500.0,0.0619600000391074,11870.003814557276
random-s0-0090,prm,1,0,completed,True,False,3,383,0,,5.93521899645566,0.015496655343226267,2316.6666666666633,20.67086599981849,112.07400148048978,139,0,0,0,11870.003814557276,11691.478354288018,59.50848675642002,59.572859450716976,10.690097406967055,20.0,kinematic,False,0,0.0,,,,random,event,0,0,0.05115299973112997,0.03709300017362693,2316.6666666666633,100.0,0.01808400020308909,11870.003814557276
random-s0-0090,prm,1,0,completed,True,False,3,406,0,,21.465260006607423,0.05287009853844193,2516.6666666666624,37.714124000103766,66.73008411012644,151,0,0,0,11870.003814557276,12795.830830821495,59.21011386185277,59.572859450716976,10.690097406967055,20.0,kinematic,False,0,0.0,,,,random,event,2,32,0.044859000354335876,7.709005999913643,2516.6666666666624,500.0,0.05987699978504679,11870.003814557276
random-s0-0090,visibility,1,0,completed,True,False,3,383,0,,6.016176999310119,0.01570803394075749,2316.6666666666633,20.91121299963561,110.78585765000972,139,0,0,0,11870.003814557276,11691.478354288018,59.50848675642002,59.572859450716976,10.690097406967055,20.0,kinematic,False,0,0.0,,,,random,event,0,0,0.04731500030175084,0.044675000026472844,2316.6666666666633,100.0,0.018430000181979267,11870.003814557276
random-s0-0090,visibility,1,0,completed,True,False,3,398,0,,40.21687600197765,0.10104742714064736,2533.3333333333294,56.113035999715066,45.14696608727771,152,0,0,0,11870.003814557276,11883.188920603428,58.788404044469395,59.304280942014024,10.690097406967055,20.0,kinematic,False,0,0.0,,,,random,event,4,30,0.04452099938134779,8.417095999902813,2533.3333333333294,500.0,0.05471900021802867,11870.003814557276
random-s0-0091,voronoi,1,0,completed,True,False,3,398,0,,33.008439000695944,0.08293577638365815,2449.9999999999964,49.242422000133956,49.75384841942444,147,0,0,0,12492.56919830052,12475.301989314421,59.18416016183801,59.223069631050265,28.580814441528446,20.0,kinematic,False,0,0.0,,,,random,event,8,0,0.12719800042759744,5.668058000082965,2449.9999999999964,100.0,0.04690200012191781,12492.56919830052
random-s0-0091,voronoi,1,0,completed,True,False,3,600,0,,106.61044800190211,0.17768408000317018,3983.333333333324,132.01014300011593,30.174449044645197,239,0,0,0,12492.56919830052,15418.741469942788,58.81106864543989,59.98078597273453,5.827854155174862,20.0,kinematic,False,0,0.0,,,,random,event,77,14,0.11029100005544024,4.716514999927313,3983.333333333324,500.0,0.06434400029320386,12492.56919830052
random-s0-0091,prm,1,0,completed,True,False,3,392,0,,19.024227999125287,0.04853119387531961,2416.666666666663,35.24795699968308,68.56189329464942,145,0,0,0,12492.56919830052,12369.095057903472,59.06841210677566,59.46534279751488,28.580814441528446,20.0,kinematic,False,0,0.0,,,,random,event,2,1,0.05085799966764171,6.316296000022703,2416.666666666663,100.0,0.025237000045308378,12492.56919830052
random-s0-0091,prm,1,0,completed,True,False,3,526,0,,54.355361995476414,0.10333719010546846,3933.3333333333244,76.66824999978417,51.30328830179895,236,0,0,0,12492.56919830052,14804.520623021583,58.996230093251576,59.429112491028256,28.580814441528446,20.0,kinematic,False,0,0.0,,,,random,event,4,182,0.04792000027009635,14.782264000132272,3933.3333333333244,500.0,0.07580600004075677,12492.56919830052
random-s0-0091,visibility,1,0,completed,True,False,3,399,0,,15.69558900564516,0.03933731580362196,2533.3333333333294,31.667713999922853,79.99735419296451,152,0,0,0,12492.56919830052,12342.090034676676,59.529634547087475,59.98752811787761,28.580814441528446,20.0,kinematic,False,0,0.0,,,,random,event,1,1,0.051682000048458576,9.018427999762935,2533.3333333333294,100.0,0.02415000017208513,12492.56919830052
random-s0-0091,visibility,1,0,completed,True,False,3,583,0,,71.28979500203059,0.12228095197603875,4666.666666666655,96.55097299992121,48.333709352369375,280,0,0,0,12492.56919830052,16224.961108882024,59.17290515834691,59.99666290764098,28.580814441528446,20.0,kinematic,False,0,0.0,,,,random,event,7,50,0.07101499977579806,8.843350999995891,4666.666666666655,500.0,0.051127000006090384,12492.56919830052
random-s0-0092,voronoi,1,0,completed,True,False,3,404,0,,43.98751499456921,0.10887998761031983,2533.3333333333294,60.70952700019916,41.72876084712402,152,0,0,0,13435.482844662452,10480.631706553198,58.74581335348659,59.23184907833818,2.276908883937949,20.0,kinematic,False,0,0.0,,,,random,event,4,2,8.561697000004642,4.5540340001934965,2533.3333333333294,100.0,0.04994199980501435,9189.487953149364
random-s0-0092,voronoi,1,0,planning_failed,False,False,3,387,1,B1,40.416937012196286,0.10443652974727723,3683.3333333333253,58.485279999786144,62.97880993895889,221,0,1,1,11594.169630229448,9797.488660431412,1094.6396780210507,3165.9537915137043,-72.91764943801489,20.0,kinematic,False,0,0.0,,,,random,event,53,0,11.775422000027902,4.176799000106257,,500.0,0.053235999985190574,9189.487953149364
random-s0-0092,prm,1,0,completed,True,False,3,378,0,,19.722493997505808,0.05217591004631166,2316.6666666666633,35.17164899994896,65.86744530147067,139,0,0,0,10373.96153093193,9448.984312519951,58.41558516820692,58.63344535650566,2.5524789212789187,20.0,kinematic,False,0,0.0,,,,random,event,0,0,13.270498000565567,6.739989000379865,2316.6666666666633,100.0,0.0286139998024737,9189.487953149364
random-s0-0092,prm,1,0,planning_failed,False,False,3,328,1,B1,44.3422879998252,0.13518990243849147,3583.3333333333253,60.6907329997739,59.04251203139489,215,0,0,0,7208.007739418227,7919.491056644057,1094.9110228257457,3165.9537915137043,9.565327394074416,20.0,kinematic,False,0,0.0,,,,random,event,4,37,13.32083200031775,6.660301000010804,,500.0,0.07120999998733168,9189.487953149364
random-s0-0092,visibility,1,0,completed,True,False,3,483,0,,275.11987499474344,0.5696063664487442,3049.999999999994,295.6106180004099,10.317626682799888,183,0,3,3,9269.997114682661,9081.734698144908,58.73078866761559,59.821867477505954,-30.044957205521143,20.0,kinematic,False,0,0.0,,,,random,event,26,34,23.118859000078373,13.29327400026159,3049.999999999994,100.0,9.029163000377594,9189.487953149364
random-s0-0092,visibility,1,0,planning_failed,False,False,3,388,1,B1,418.78149200465487,1.0793337422800384,3433.333333333326,437.18604700006836,7.853254596967477,206,0,2,2,6104.043323168957,6054.611617485315,1094.680861212353,3165.9537915137043,-50.080215177236795,20.0,kinematic,False,0,0.0,,,,random,event,43,53,18.2359550003639,10.6172300002072,,500.0,9.063614000297093,9189.487953149364
random-s0-0093,voronoi,1,0,completed,True,False,3,425,0,,16.588265003065317,0.039031211771918393,3216.66666666666,34.546283000054245,93.11180211953943,193,0,0,0,11488.188539160525,10077.88519088801,59.23397728591658,59.82348448076028,9.784776796238134,20.0,kinematic,False,0,0.0,,,,random,event,0,0,4.054768999594671,3.970806999859633,3216.66666666666,100.0,0.03492399991955608,9963.151000246353
random-s0-0093,voronoi,1,0,completed,True,False,3,648,0,,40.90383100037798,0.06312319598823762,6733.333333333315,71.85385599996152,93.70872640901722,404,0,0,0,11442.928322897731,12172.761751597918,58.680217310799854,59.05699312445271,6.637869265696253,20.0,kinematic,False,0,0.0,,,,random,event,35,0,4.0286209996338584,4.272254000170506,6733.333333333315,500.0,0.05289799992169719,9963.151000246353
random-s0-0093,prm,1,0,completed,True,False,3,429,0,,13.66670900142708,0.03185713053945706,3283.3333333333267,31.673200999648543,103.66281997736066,197,0,0,0,10583.916532981246,9973.238799611054,58.63503717528824,59.13693706692116,9.787728368619298,20.0,kinematic,False,0,0.0,,,,random,event,0,0,6.603178999739612,6.556325000019569,3283.3333333333267,100.0,0.020620999748643953,9963.151000246353
random-s0-0093,prm,1,0,completed,True,False,3,388,0,,20.84161300535925,0.05371549743649291,2599.9999999999955,36.73005700011345,70.78671290904789,156,0,0,0,10583.916532981246,9926.470341358206,58.983571264376515,59.13693706692116,2.630252788286896,20.0,kinematic,False,0,0.0,,,,random,event,1,83,5.89576099991973,5.85404200000994,2599.9999999999955,500.0,0.05999299992254237,9963.151000246353
random-s0-0093,visibility,1,0,completed,True,False,3,374,0,,24.870481996458693,0.06649861496379329,2366.6666666666633,39.62342700015142,59.728974645671585,142,0,0,0,9980.534315828812,9887.981229841072,59.089937109875535,59.39136395263713,2.6014336357441437,20.0,kinematic,False,0,0.0,,,,random,event,1,0,9.25533000008727,9.60877299985441,2366.6666666666633,100.0,0.020447999759198865,9963.151000246353
random-s0-0093,visibility,1,0,completed,True,False,3,415,0,,63.74581500449494,0.1536043735048071,3049.999999999994,81.15854800007583,37.580761055473104,183,0,1,1,9980.534315828812,9801.359674291287,58.892436113189376,59.13693706692116,-15.607582862988181,20.0,kinematic,False,0,0.0,,,,random,event,5,77,8.553069999379659,12.675815999955375,3049.999999999994,500.0,0.05658200007019332,9963.151000246353
random-s0-0094,voronoi,1,0,completed,True,False,3,358,0,,10.187105000113661,0.028455600558976706,2249.999999999997,24.661747999743966,91.23440885144703,135,0,0,0,9684.885134750148,9508.954298176555,58.643612191197974,58.91569537170408,267.7557593152768,20.0,kinematic,False,0,0.0,,,,random,event,0,0,0.1006590005090402,0.06113699964771513,2249.999999999997,100.0,0.03169899991917191,9684.885134750148
random-s0-0094,voronoi,1,0,completed,True,False,3,454,0,,80.08438400884188,0.1763973216053786,3049.999999999994,99.09132400025555,30.779687634329402,183,0,0,0,11976.50740298608,10797.10207560446,59.282396479745636,59.88008823001582,45.83217501111142,20.0,kinematic,False,0,0.0,,,,random,event,60,15,8.015981000426109,4.0670520002095145,3049.999999999994,500.0,0.06648600037806318,9684.885134750148
random-s0-0094,prm,1,0,completed,True,False,3,358,0,,5.640872004278208,0.015756625710274325,2249.999999999997,20.12762300000759,111.78667247489426,135,0,0,0,9684.885134750148,9508.954298176555,58.643612191197974,58.91569537170408,267.7557593152768,20.0,kinematic,False,0,0.0,,,,random,event,0,0,0.04957200007993379,0.04853099972024211,2249.999999999997,100.0,0.01800800009732484,9684.885134750148
random-s0-0094,prm,1,0,completed,True,False,3,383,0,,23.08662499763159,0.06027839424969083,2366.6666666666633,38.401991999762686,61.62874745355107,142,0,0,0,13770.15427069799,11100.521241524293,58.69826738081121,59.62923129279116,267.7557593152768,20.0,kinematic,False,0,0.0,,,,random,event,1,63,10.565421999672253,5.337397999937821,2366.6666666666633,500.0,0.05711799985874677,9684.885134750148
random-s0-0094,visibility,1,0,completed,True,False,3,358,0,,5.5601999983991846,0.015531284911729566,2249.999999999997,19.6956559998398,114.2383884049507,135,0,0,0,9684.885134750148,9508.954298176555,58.643612191197974,58.91569537170408,267.7557593152768,20.0,kinematic,False,0,0.0,,,,random,event,0,0,0.05023699986850261,0.04618499997377512,2249.999999999997,100.0,0.01774300017132191,9684.885134750148
random-s0-0094,visibility,1,0,completed,True,False,3,447,0,,35.27872400081833,0.07892331991234526,2866.6666666666615,52.92859500013947,54.161019514292946,172,0,0,0,9725.884868505991,9537.68164578933,58.967491116576895,59.43546711944332,267.7557593152768,20.0,kinematic,False,0,0.0,,,,random,event,1,64,16.927052000028198,8.73769000008906,2866.6666666666615,500.0,0.050937999731104355,9684.885134750148
random-s0-0095,voronoi,1,0,completed,True,False,3,380,0,,10.959638001622807,0.028841152635849493,2199.9999999999973,26.357568000094034,83.46748835067592,132,0,0,0,11537.816509068462,11360.814991689918,59.00050579284842,59.74373956895933,34.119690830030095,20.0,kinematic,False,0,0.0,,,,random,event,0,0,0.10071299993796856,0.061144000028434675,2199.9999999999973,100.0,0.03217999983462505,11537.816509068462
random-s0-0095,voronoi,1,0,completed,True,False,3,553,0,,140.62593899825515,0.25429645388472905,3366.6666666666597,164.5275999999285,20.4626255209954,202,0,0,0,11537.816509068462,16189.138174912452,58.95635052324326,59.66761337276094,1.7342257537457897,20.0,kinematic,False,0,0.0,,,,random,event,118,8,0.08384399961869349,6.378790999860939,3366.6666666666597,500.0,3.949317000206065,11537.816509068462
random-s0-0095,prm,1,0,completed,True,False,3,380,0,,10.75612499653289,0.028305592096139184,2199.9999999999973,32.30156999961764,68.10814458944377,132,0,0,0,11537.816509068462,11360.814991689918,59.00050579284842,59.74373956895933,34.119690830030095,20.0,kinematic,False,0,0.0,,,,random,event,0,0,0.05260399984763353,4.754349999984697,2199.9999999999973,100.0,0.01926000004459638,11537.816509068462
random-s0-0095,prm,1,0,completed,True,False,3,383,0,,15.986299000360304,0.041739684074047795,2249.999999999997,31.210152999847196,72.09192470190752,135,0,0,0,11537.816509068462,11414.108538631068,58.92805723203617,59.74373956895933,34.119690830030095,20.0,kinematic,False,0,0.0,,,,random,event,1,112,0.04654200029108324,5.096517999845673,2249.999999999997,500.0,0.06177500017656712,11537.816509068462
random-s0-0095,visibility,1,0,completed,True,False,3,380,0,,5.9495660011634754,0.015656752634640725,2199.9999999999973,20.73066299999482,106.122992786123,132,0,0,0,11537.816509068462,11360.814991689918,59.00050579284842,59.74373956895933,34.119690830030095,20.0,kinematic,False,0,0.0,,,,random,event,0,0,0.04774999979417771,0.040455999624100514,2199.9999999999973,100.0,0.01810100002330728,11537.816509068462
random-s0-0095,visibility,1,0,completed,True,False,3,387,0,,20.42529000027571,0.052778527132495374,2316.6666666666633,36.259141999835265,63.89193287246534,139,0,0,0,11537.816509068462,11541.687037980479,59.35720282046204,59.74373956895933,34.119690830030095,20.0,kinematic,False,0,0.0,,,,random,event,1,115,0.046166000629455084,8.017160999770567,2316.6666666666633,500.0,0.08158799982993514,11537.816509068462
random-s0-0096,voronoi,1,0,completed,True,False,3,621,0,,46.18898499484203,0.07437839773726575,3983.333333333324,72.5854629999958,54.87783873932931,239,0,0,0,18116.284017235143,15553.628531422954,58.80629978702954,59.99144406064008,5.1634293915334695,20.0,kinematic,False,0,0.0,,,,random,event,10,0,11.649433999991743,4.021770999770524,3983.333333333324,100.0,0.047715000164316734,13923.297048915101
random-s0-0096,voronoi,1,0,completed,True,False,3,865,0,,62.78119799162596,0.07257941964349822,5799.9999999999845,99.28374300034193,58.418426065786115,348,0,0,0,18339.943577412,18528.092435387807,59.04954311026785,59.08965771466937,0.12830964316711402,20.0,kinematic,False,0,0.0,,,,random,event,226,0,11.563039000520803,4.074642999967182,5799.9999999999845,500.0,0.06062800002837321,13923.297048915101
random-s0-0096,prm,1,0,completed,True,False,3,465,0,,44.90490800435509,0.0965696946330217,2933.3333333333276,63.510219999898254,46.18679219404415,176,0,0,0,14578.54536824789,14658.78904044688,59.073952044468534,59.517114420803,1.9414621372207534,20.0,kinematic,False,0,0.0,,,,random,event,3,6,18.768855000416806,6.586105000224052,2933.3333333333276,100.0,0.028344999918772373,13923.297048915101
random-s0-0096,prm,1,0,completed,True,False,3,465,0,,31.55518199855578,0.06786060644850705,2966.666666666661,50.56862399987949,58.66615367413855,178,0,0,0,14614.932928884125,14090.061243747186,58.88224639015264,59.646317715004315,1.397606658401827,20.0,kinematic,False,0,0.0,,,,random,event,1,64,16.91334099996311,5.768993999936356,2966.666666666661,500.0,0.05740200003856444,13923.297048915101
random-s0-0096,visibility,1,0,completed,True,False,3,538,0,,245.4028379988813,0.45613910408714,3449.9999999999927,267.41456299987476,12.901316821708056,207,0,1,1,13944.36695759045,13768.193536919345,59.148894187845535,59.975461032482826,-8.18249321488014,20.0,kinematic,False,0,0.0,,,,random,event,23,25,28.852499000095122,13.036224000188668,3449.9999999999927,100.0,0.09114999966186588,13923.297048915101
random-s0-0096,visibility,1,0,completed,True,False,3,501,0,,221.47377500596122,0.4420634231655913,3033.3333333333276,241.8786880002699,12.540721790792675,182,0,1,1,13944.36695759045,13927.563668029159,59.64428764144949,59.985846830803474,-8.823826822918079,20.0,kinematic,False,0,0.0,,,,random,event,22,76,26.432513000145264,9.06157899999016,3033.3333333333276,500.0,0.09775599983186112,13923.297048915101
random-s0-0097,voronoi,1,0,completed,True,False,3,432,0,,26.988513998730923,0.06247341203409936,3016.666666666661,45.3083920001518,66.58074880822419,181,0,0,0,12754.676067971719,13029.435152056009,59.03720010556793,59.770322519193485,36.79194314364682,20.0,kinematic,False,0,0.0,,,,random,event,8,0,6.133297000360471,6.063135000204056,3016.666666666661,100.0,0.05009200003769365,12637.01597113648
random-s0-0097,voronoi,1,0,completed,True,False,3,897,0,,188.7098679999326,0.2103788940913407,5466.666666666652,227.03661800005648,24.07834786662164,328,1,0,1,14281.696380161437,23867.375918254307,58.75755033434959,59.30966509427003,-3.947991615890885,20.0,kinematic,False,0,0.0,,,,random,event,259,1,4.103102000044601,4.957468999691628,5466.666666666652,500.0,0.09699600013846066,12637.01597113648
random-s0-0097,prm,1,0,completed,True,False,3,413,0,,19.860220997543365,0.04808770217322849,2949.9999999999945,36.741789000188874,80.29004793383442,177,0,0,0,12744.610622162247,12830.111541339611,59.56252366665624,59.88889940344062,31.120822934042337,20.0,kinematic,False,0,0.0,,,,random,event,1,7,6.0218349999558995,6.4204930004052585,2949.9999999999945,100.0,0.03595099997255602,12637.01597113648
random-s0-0097,prm,1,0,completed,True,False,3,488,0,,28.517998999632255,0.05843852254023003,4283.333333333323,50.208804000249074,85.31040359599234,257,0,0,0,12744.610622162247,13006.855572936638,59.665648862238065,59.82732333030735,31.120822934042337,20.0,kinematic,False,0,0.0,,,,random,event,2,61,5.842701000347006,5.951638999704301,4283.333333333323,500.0,0.05571899964706972,12637.01597113648
random-s0-0097,visibility,1,0,completed,True,False,3,445,0,,27.57681000366574,0.06197035955879942,3399.9999999999927,46.43169500013755,73.22584282115741,204,0,0,0,12643.095669911509,12557.973687169346,59.4107616848272,59.82732333030735,1.1847719952401974,20.0,kinematic,False,0,0.0,,,,random,event,1,5,9.822653000355785,9.781831000054808,3399.9999999999927,100.0,0.03514200034260284,12637.01597113648
random-s0-0097,visibility,1,0,completed,True,False,3,460,0,,75.8789630008323,0.1649542673931137,3816.666666666658,95.83690199997363,39.824603957541406,229,0,1,1,12643.095669911509,12559.827653101567,59.19706149046297,59.82732333030735,-63.846175056746716,20.0,kinematic,False,0,0.0,,,,random,event,6,139,9.528222999506397,9.487810999871726,3816.666666666658,500.0,0.07314399999813759,12637.01597113648
random-s0-0098,voronoi,1,0,completed,True,False,3,630,0,,28.121813999860024,0.044637799999777815,5849.9999999999845,58.06926100012788,100.74176766236273,351,0,1,1,17024.849529747687,15660.968822669376,59.626160541797184,59.757827220800024,-67.15883858103737,20.0,kinematic,False,0,0.0,,,,random,event,1,0,3.986937999343354,3.966498999943724,5849.9999999999845,100.0,0.05275000012261444,13840.38446228189
random-s0-0098,voronoi,1,0,completed,True,False,3,1296,0,,360.11187000485734,0.27786409722597016,11383.333333333478,425.35396899984335,26.762024485394353,683,0,2,2,17076.80321689727,34016.64639519636,59.03653936627908,59.66827915096899,-152.66554584294312,20.0,kinematic,False,0,0.0,,,,random,event,333,53,3.954777999297221,8.355995999863808,11383.333333333478,500.0,3.5515419999683218,13840.38446228189
random-s0-0098,prm,1,0,completed,True,False,3,544,0,,21.661944993411453,0.039819751826123996,4466.666666666656,52.610217000164994,84.90112608075059,268,0,1,1,15794.123114693248,15020.360335865564,58.86614222691819,59.46137842011143,-66.33490877868874,20.0,kinematic,False,0,0.0,,,,random,event,1,0,6.1179649992482155,6.1046060000080615,4466.666666666656,100.0,0.02368000014030258,13840.38446228189
random-s0-0098,prm,1,0,completed,True,False,3,514,0,,40.31143400561632,0.07842691440781385,3999.9999999999905,63.020093999966775,63.47181900430201,240,0,0,0,15794.123114693248,14267.798805099046,59.56674095791717,59.763032787593815,1.2639573189577789,20.0,kinematic,False,0,0.0,,,,random,event,3,123,5.992364000121597,9.760618000200338,3999.9999999999905,500.0,0.06847999975434504,13840.38446228189
random-s0-0098,visibility,1,0,completed,True,False,3,523,0,,302.20337500395544,0.5778267208488632,4133.333333333324,325.782978999996,12.687382704955175,248,0,2,2,13891.854781125689,13721.111715736102,58.572189615445005,59.46137842011143,-14.749040993102057,20.0,kinematic,False,0,0.0,,,,random,event,30,55,10.498803000245971,10.631817000103183,4133.333333333324,100.0,9.052758000052563,13840.38446228189
random-s0-0098,visibility,1,0,completed,True,False,3,530,0,,40.26763100318931,0.0759766622701685,4266.666666666657,63.58449000026667,67.1023179811423,256,0,0,0,13891.854781125689,14284.260981596784,59.26103723698075,59.763032787593815,0.8537438821956016,20.0,kinematic,False,0,0.0,,,,random,event,2,139,9.330338999461674,9.298761999616545,4266.666666666657,500.0,0.057838999964587856,13840.38446228189
random-s0-0099,voronoi,1,0,completed,True,False,3,502,0,,27.505206002842897,0.054791247017615334,3366.6666666666597,48.87416600013239,68.88438089475613,202,0,0,0,23142.80548879392,18400.012750205762,59.51885141536019,59.87245334760721,0.6374138122565967,20.0,kinematic,False,0,0.0,,,,random,event,1,0,7.966193999891402,4.066636000061408,3366.6666666666597,100.0,0.05052999995314167,16415.849012901483
random-s0-0099,voronoi,1,0,completed,True,False,3,796,0,,115.4173479990277,0.14499666834048705,5716.6666666666515,150.7656489998226,37.91756746043244,343,0,0,0,23438.240059802545,21595.156625846586,59.49697159430719,59.93107334758879,100.21233783934014,20.0,kinematic,False,0,0.0,,,,random,event,123,14,7.9666769997857045,5.456932000015513,5716.6666666666515,500.0,0.05820400019729277,16415.849012901483
random-s0-0099,prm,1,0,completed,True,False,3,702,0,,49.74587300648636,0.07086306696080678,5149.999999999987,86.85003699974914,59.297614346610615,309,0,0,0,17150.19031856431,17405.03629562976,58.884027465230496,59.87245334760721,6.504785419199379,20.0,kinematic,False,0,0.0,,,,random,event,4,8,12.681434000114677,6.73194599994531,5149.999999999987,100.0,0.034916999993583886,16415.849012901483
random-s0-0099,prm,1,0,completed,True,False,3,659,0,,40.83886500029621,0.06197096358163309,4983.333333333321,69.00481599996056,72.21718167230776,299,0,0,0,17150.19031856431,18697.526666631325,59.20313491263434,59.87245334760721,0.015538879198572886,20.0,kinematic,False,0,0.0,,,,random,event,3,30,12.94941900005142,6.5027509999708855,4983.333333333321,500.0,0.0486180001644243,16415.849012901483
random-s0-0099,visibility,1,0,completed,True,False,3,509,0,,208.3609350020197,0.40935350688019584,3333.333333333326,229.45054299998446,14.52745890138753,200,0,0,0,16426.354943375947,16537.798913162755,59.28158213332325,59.87245334760721,38.68240302771119,20.0,kinematic,False,0,0.0,,,,random,event,18,4,19.07666799979779,14.332283999920037,3333.333333333326,100.0,0.0503290002598078,16415.849012901483
random-s0-0099,visibility,1,0,completed,True,False,3,572,0,,59.68659600648607,0.10434719581553509,4383.333333333323,83.8750819998495,52.260256906111735,263,0,0,0,16426.354943375947,18252.28503698889,59.26589823109101,59.87245334760721,2.365176701761726,20.0,kinematic,False,0,0.0,,,,random,event,3,104,18.782883000312722,9.792092000225239,4383.333333333323,500.0,0.056910999774117954,16415.849012901483
random-s0-0100,voronoi,1,0,completed,True,False,3,417,0,,12.175194004157674,0.02919710792363951,2649.9999999999955,28.979037000226526,91.44541276438139,159,0,0,0,14613.045833720567,14436.23891580942,58.9356393037163,59.37508801649074,296.9983652335899,20.0,kinematic,False,0,0.0,,,,random,event,0,0,0.16412200011473033,0.24664499960636022,2649.9999999999955,100.0,0.03250200006732484,14613.045833720567
random-s0-0100,voronoi,1,0,completed,True,False,3,495,0,,140.14408399907552,0.28311936161429396,2916.666666666661,160.19663000042783,18.206791657595243,175,0,0,0,14791.439883109288,15512.214315781872,58.88187540850215,59.22052105749349,387.35283202629853,20.0,kinematic,False,0,0.0,,,,random,event,46,27,4.094104999694537,6.017884000357299,2916.666666666661,500.0,4.154921000008471,14613.045833720567
random-s0-0100,prm,1,0,completed,True,False,3,417,0,,6.986083999436232,0.016753199039415426,2649.9999999999955,25.676007999663852,103.20919046429215,159,0,0,0,14613.045833720567,14436.23891580942,58.9356393037163,59.37508801649074,296.9983652335899,20.0,kinematic,False,0,0.0,,,,random,event,0,0,0.10879699993893155,0.07008000011410331,2649.9999999999955,100.0,0.025709000055940123,14613.045833720567
random-s0-0100,prm,1,0,completed,True,False,3,446,0,,17.431301006581634,0.03908363454390501,2683.3333333333285,36.28483900001811,73.95191510514871,161,0,0,0,17429.783742716107,15211.873565819118,59.01516199176657,59.61365608064154,380.0405519264889,20.0,kinematic,False,0,0.0,,,,random,event,0,57,6.538626000292425,6.500741000309063,2683.3333333333285,500.0,0.059858999975404004,14613.045833720567
random-s0-0100,visibility,1,0,completed,True,False,3,417,0,,6.7474850070539105,0.01618101920156813,2649.9999999999955,22.593333999793686,117.29123289303803,159,0,0,0,14613.045833720567,14436.23891580942,58.9356393037163,59.37508801649074,296.9983652335899,20.0,kinematic,False,0,0.0,,,,random,event,0,0,0.05205999968893593,0.055265999890252715,2649.9999999999955,100.0,0.02017699989664834,14613.045833720567
random-s0-0100,visibility,1,0,completed,True,False,3,431,0,,26.609637004639808,0.061739296994523914,2649.9999999999955,43.778591000318556,60.53187047478784,159,0,0,0,14650.996917348442,14455.375927392795,59.04955418602856,59.69143402510762,412.76474349279226,20.0,kinematic,False,0,0.0,,,,random,event,1,77,8.943429999817454,8.901985999727913,2649.9999999999955,500.0,0.05495100003827247,14613.045833720567
random-s0-0101,voronoi,1,0,completed,True,False,3,637,0,,30.050843995468313,0.04717557927075088,4533.333333333322,58.362967999983084,77.67482512771859,272,0,0,0,10036.230158382092,11218.849646612736,59.31990486688617,59.87140918675132,1.6731219877684964,20.0,kinematic,False,0,0.0,,,,random,event,12,0,4.383051000331761,4.313241000090784,4533.333333333322,100.0,0.05325500023900531,9986.137155531105
random-s0-0101,voronoi,1,0,completed,True,False,3,487,0,,51.09879600604472,0.10492565914998916,3016.666666666661,70.92579299978752,42.532716788597604,181,0,0,0,12989.890919474594,11861.580745294597,59.22795647623587,59.99469051871554,0.24309000739577868,20.0,kinematic,False,0,0.0,,,,random,event,26,3,4.05795799997577,4.096602000117855,3016.666666666661,500.0,0.05956599989076494,9986.137155531105
random-s0-0101,prm,1,0,completed,True,False,3,371,0,,13.109892002830748,0.03533663612622843,2633.333333333329,28.654872000061005,91.89827591369882,158,0,1,1,10190.031522460056,9902.410701074723,59.191015850228716,59.972380055479064,-173.61265080046752,20.0,kinematic,False,0,0.0,,,,random,event,0,11,6.449337000049127,6.3865329998407105,2633.333333333329,100.0,0.0374559999727353,9986.137155531105
random-s0-0101,prm,1,0,completed,True,False,3,397,0,,24.340125994513073,0.06131014104411354,2433.3333333333294,40.66076200024327,59.844754835602224,146,0,1,1,10190.031522460056,10202.559105913357,59.5507389413514,59.99461529039851,-128.39540665762468,20.0,kinematic,False,0,0.0,,,,random,event,2,92,6.541648000165878,6.509226999696693,2433.3333333333294,500.0,0.061327999901550356,9986.137155531105
random-s0-0101,visibility,1,0,completed,True,False,3,434,0,,209.27061400061575,0.48219035484012845,3683.3333333333253,228.81409199999325,16.09749338923336,221,0,2,2,9990.595083177595,9811.259378412768,59.61632811155376,59.972380055479064,-173.61265080046752,20.0,kinematic,False,0,0.0,,,,random,event,24,20,9.845654000400827,9.812237999994977,3683.3333333333253,100.0,7.691175999752886,9986.137155531105
random-s0-0101,visibility,1,0,completed,True,False,3,418,0,,226.2465830012843,0.5412597679456562,3683.3333333333253,246.0554559997945,14.96952513557107,221,0,2,2,9990.595083177595,9821.840807050592,59.49616697447279,59.611896644236154,-169.82772860206973,20.0,kinematic,False,0,0.0,,,,random,event,26,70,9.219890000167652,9.187529000428185,3683.3333333333253,500.0,7.587616999899183,9986.137155531105
random-s0-0102,voronoi,1,0,completed,True,False,3,368,0,,22.652193995782,0.061554874988538046,2316.6666666666633,37.89187900019897,61.13887006380704,139,0,0,0,12806.231912308747,10237.182102072351,58.6978246456226,59.063365681493345,161.52096568146408,20.0,kinematic,False,0,0.0,,,,random,event,0,2,3.999291000127414,4.098978000001807,2316.6666666666633,100.0,0.0424220002059883,10324.538530539983
random-s0-0102,voronoi,1,0,completed,True,False,3,526,0,,115.34723100021438,0.21929131368862048,3733.333333333325,138.10340000009091,27.032885021881192,224,0,0,0,12543.613164201455,13748.215086567528,58.9300327890249,59.5013055493228,161.52096568146408,20.0,kinematic,False,0,0.0,,,,random,event,81,11,4.013262999706058,4.32933399997637,3733.333333333325,500.0,0.0995630002762482,10324.538530539983
random-s0-0102,prm,1,0,completed,True,False,3,368,0,,13.283032999424904,0.03609519836800246,2316.6666666666633,28.088809000109904,82.47650039763519,139,0,0,0,10388.300072801017,10152.545805101761,58.859571891794495,59.1302655559024,161.52096568146408,20.0,kinematic,False,0,0.0,,,,random,event,0,9,6.595374999960768,6.551832999775797,2316.6666666666633,100.0,0.0299309999718389,10324.538530539983
random-s0-0102,prm,1,0,completed,True,False,3,428,0,,36.41238599720964,0.08507566821777954,3133.333333333327,55.91363699977592,56.038803795680195,188,0,0,0,10388.300072801017,10869.020344621324,59.4425197022905,59.933727122847856,161.52096568146408,20.0,kinematic,False,0,0.0,,,,random,event,3,101,6.809846000123798,6.771411000045191,3133.333333333327,500.0,0.09642099985285313,10324.538530539983
random-s0-0102,visibility,1,0,completed,True,False,3,366,0,,15.938021995225427,0.04354650818367603,2316.6666666666633,30.391162999876542,76.2282992156659,139,0,0,0,10328.45302649224,10148.001443384006,58.99186786364718,59.52715347146049,161.52096568146408,20.0,kinematic,False,0,0.0,,,,random,event,0,7,9.809331000269594,9.766707000380848,2316.6666666666633,100.0,0.023290000171982683,10324.538530539983
random-s0-0102,visibility,1,0,completed,True,False,3,446,0,,38.584263998473034,0.08651180268715927,3433.333333333326,57.66657200001646,59.537669992458476,206,0,0,0,10333.755078378297,10791.521234474569,58.817806510995105,59.063365681493345,83.26060683744288,20.0,kinematic,False,0,0.0,,,,random,event,2,105,9.511936999842874,9.47191799969005,3433.333333333326,500.0,0.05702499993276433,10324.538530539983
random-s0-0103,voronoi,1,0,completed,True,False,3,497,0,,31.52975800276181,0.06344015694720687,3249.999999999993,52.46829299994715,61.942171436819315,195,0,0,0,15278.473710512813,14421.591367136476,58.89768182530207,59.18335887024485,114.66507472725141,20.0,kinematic,False,0,0.0,,,,random,event,24,0,4.097930999705568,4.030619999866758,3249.999999999993,100.0,0.051375000111875124,13565.610793754275
random-s0-0103,voronoi,1,0,completed,True,False,3,536,0,,44.68309000003501,0.08336397388066233,3416.6666666666592,67.09544599971196,50.92248237952435,205,0,0,0,16383.754383334657,15055.915763071804,59.185201275769124,59.8722468990575,239.3782509412992,20.0,kinematic,False,0,0.0,,,,random,event,54,4,7.601194000017131,4.141942999922321,3416.6666666666592,500.0,0.060353000208124286,13565.610793754275
random-s0-0103,prm,1,0,completed,True,False,3,430,0,,21.164491000035923,0.04921974651171145,2583.333333333329,37.91306599987365,68.13833872844623,155,1,0,1,13631.676839023286,14471.703939662417,59.12797204221048,59.32493499108921,-64.15760813422116,20.0,kinematic,False,0,0.0,,,,random,event,1,19,6.868767000469234,6.827947000147105,2583.333333333329,100.0,0.050816000111808535,13565.610793754275
random-s0-0103,prm,1,0,completed,True,False,3,433,0,,44.946466003693786,0.10380246190229511,2633.333333333329,62.004720000004454,42.46988508831489,158,0,0,0,15551.985645565554,13905.818476738696,58.82175347108839,59.32493499108921,158.4959768102267,20.0,kinematic,False,0,0.0,,,,random,event,1,43,13.692489000277419,14.516376000301534,2633.333333333329,500.0,0.053542999921774026,13565.610793754275
random-s0-0103,visibility,1,0,completed,True,False,3,459,0,,27.978618996712612,0.060955596942729,2999.999999999994,46.23919000005117,64.88002925649593,180,1,0,1,13584.70868195416,13458.077532927366,59.58951471312389,59.774952343863866,-64.15760813422116,20.0,kinematic,False,0,0.0,,,,random,event,1,19,9.886255999390414,9.843461999935244,2999.999999999994,100.0,0.050843999815697316,13565.610793754275
random-s0-0103,visibility,1,0,completed,True,False,3,439,0,,44.94880300944715,0.10238907291445819,2649.9999999999955,62.00340800023696,42.73958618516369,159,1,0,1,13711.67842381532,13510.246076863183,58.74913289246005,59.76098894589061,-90.78125241381785,20.0,kinematic,False,0,0.0,,,,random,event,2,41,19.516138000199135,9.826448000239907,2649.9999999999955,500.0,0.05353400001695263,13565.610793754275
random-s0-0104,voronoi,1,0,completed,True,False,3,437,0,,20.768425997630402,0.0475250022829071,2916.666666666661,38.80232200026512,75.16732288976759,175,0,0,0,16780.78859139266,14475.313427110057,58.89797131580582,59.700049995426006,9.800452979262474,20.0,kinematic,False,0,0.0,,,,random,event,1,0,4.023985999992874,4.161328999998659,2916.666666666661,100.0,0.03718800007845857,14159.553604860565
random-s0-0104,voronoi,1,0,completed,True,False,3,616,0,,145.14241099732317,0.23562079707357658,3983.333333333324,171.19106200016176,23.268348749010972,239,0,0,0,17249.635767135747,18866.741801943874,59.10173721567833,59.85325346958441,164.7518234408842,20.0,kinematic,False,0,0.0,,,,random,event,121,8,7.889719000104378,4.738026000268292,3983.333333333324,500.0,0.16125000001920853,14159.553604860565
random-s0-0104,prm,1,0,completed,True,False,3,425,0,,14.082012995913828,0.033134148225679595,2699.9999999999955,30.84433200001513,87.53634217134841,162,0,0,0,14876.94903661043,14205.564064741227,58.895189051320926,59.29903986536804,10.780568391124177,20.0,kinematic,False,0,0.0,,,,random,event,0,0,7.204864999948768,7.160884000313672,2699.9999999999955,100.0,0.0225660000978678,14159.553604860565
random-s0-0104,prm,1,0,completed,True,False,3,480,0,,50.29718899731961,0.10478581041108252,3366.6666666666597,70.45795800013366,47.78263183074754,202,0,0,0,15169.681866043746,17069.81664817303,58.94839067662622,59.29903986536804,10.780568391124177,20.0,kinematic,False,0,0.0,,,,random,event,3,86,12.17403300006481,14.734109000073659,3366.6666666666597,500.0,0.058555000123305945,14159.553604860565
random-s0-0104,visibility,1,0,completed,True,False,3,470,0,,52.86839000564214,0.11248593618221732,3016.666666666661,71.48998000002393,42.19705568060938,181,0,1,1,14161.685158102671,13985.040142139074,58.78990165506533,59.16931722179579,-0.5271036940702345,20.0,kinematic,False,0,0.0,,,,random,event,4,1,8.895769999526237,9.112904000176059,3016.666666666661,100.0,0.024514000415365444,14159.553604860565
random-s0-0104,visibility,1,0,completed,True,False,3,587,0,,209.0686930018819,0.3561647240236489,4049.999999999991,233.08147400030066,17.375898352156323,243,0,2,2,14237.112623602305,14484.212956603867,58.58044058832843,58.983177676601244,-130.07964630889157,20.0,kinematic,False,0,0.0,,,,random,event,24,174,16.345543000170437,8.3880299998782,4049.999999999991,500.0,0.07137900001907838,14159.553604860565
random-s0-0105,voronoi,1,0,completed,True,False,3,330,0,,9.5546369971089,0.028953445445784546,2133.3333333333308,22.697796000102244,93.98856758267283,128,0,0,0,7529.604550153554,7353.859088379708,58.58182059128094,59.26627336609133,185.74100125635346,20.0,kinematic,False,0,0.0,,,,random,event,0,0,0.10145899977942463,0.0631120001344243,2133.3333333333308,100.0,0.04207699976177537,7529.604550153554
random-s0-0105,voronoi,1,0,completed,True,False,3,348,0,,19.59476000183713,0.05630678161447451,2266.6666666666633,33.42249200022707,67.81860151694445,136,0,0,0,7529.604550153554,7751.537280362652,59.14211494187731,59.73890593745831,93.11930340821993,20.0,kinematic,False,0,0.0,,,,random,event,13,1,0.10690199997043237,4.53769400019155,2266.6666666666633,500.0,0.0497790001645626,7529.604550153554
random-s0-0105,prm,1,0,completed,True,False,3,330,0,,5.081885003164643,0.015399651524741344,2133.3333333333308,18.100080999829515,117.86319262070842,128,0,0,0,7529.604550153554,7353.859088379708,58.58182059128094,59.26627336609133,185.74100125635346,20.0,kinematic,False,0,0.0,,,,random,event,0,0,0.05676099954143865,0.044301000343693886,2133.3333333333308,100.0,0.017891999959829263,7529.604550153554
random-s0-0105,prm,1,0,completed,True,False,3,330,0,,10.117473996615445,0.030659012110955893,2133.3333333333308,23.188583999854018,91.99929298601248,128,0,0,0,7529.604550153554,7430.330288382632,58.68757645848276,59.58354096769681,185.74100125635346,20.0,kinematic,False,0,0.0,,,,random,event,1,15,0.046953000037319725,4.055943999901501,2133.3333333333308,500.0,0.04322199993112008,7529.604550153554
random-s0-0105,visibility,1,0,completed,True,False,3,330,0,,5.172531002699543,0.015674336371816797,2133.3333333333308,17.982764999942447,118.6321087630383,128,0,0,0,7529.604550153554,7353.859088379708,58.58182059128094,59.26627336609133,185.74100125635346,20.0,kinematic,False,0,0.0,,,,random,event,0,0,0.0475299998470291,0.04466900008992525,2133.3333333333308,100.0,0.01867199989646906,7529.604550153554
random-s0-0105,visibility,1,0,completed,True,False,3,330,0,,13.562179002292396,0.04109751212815878,2133.3333333333308,26.533941000252526,80.40016872401381,128,0,0,0,7529.604550153554,7356.033855051566,58.73673562401754,59.731018464301144,185.74100125635346,20.0,kinematic,False,0,0.0,,,,random,event,1,15,0.04483499969865079,7.742247999885876,2133.3333333333308,500.0,0.046812999698886415,7529.604550153554
random-s0-0106,voronoi,1,0,completed,True,False,3,399,0,,15.488837000702915,0.038819140352638885,2283.3333333333303,31.087666000075842,73.44820718698405,137,0,0,0,13094.751129942839,12063.633843826705,59.232432361505595,59.916584497762706,220.31237973980132,20.0,kinematic,False,0,0.0,,,,random,event,0,0,4.051983000408654,3.9701390001027903,2283.3333333333303,100.0,0.03430600008869078,12101.735168350393
random-s0-0106,voronoi,1,0,completed,True,False,3,474,0,,49.18333100295058,0.10376230169398856,2766.6666666666615,67.90053100030491,40.745876739229594,166,0,0,0,12920.225685435935,13700.808154141669,59.19046487318942,59.504334455544864,335.3197089799221,20.0,kinematic,False,0,0.0,,,,random,event,71,0,4.0447540000059234,4.334277999987535,2766.6666666666615,500.0,0.05826599999636528,12101.735168350393
random-s0-0106,prm,1,0,completed,True,False,3,389,0,,12.291476995869743,0.0315976272387397,2283.3333333333303,26.90480800038131,84.86711123532157,137,0,0,0,12317.937083099567,11959.60052827578,59.3093298233998,59.916584497762706,162.4520025114831,20.0,kinematic,False,0,0.0,,,,random,event,0,0,6.051419999948848,6.008967000070697,2283.3333333333303,100.0,0.02259399980175658,12101.735168350393
random-s0-0106,prm,1,0,completed,True,False,3,395,0,,18.725836994690326,0.0474071822650388,2283.3333333333303,33.90992999993614,67.33524172234004,137,0,0,0,12317.937083099567,11993.69917796562,59.40808365048454,59.916584497762706,220.31237973980132,20.0,kinematic,False,0,0.0,,,,random,event,1,67,6.210296000062954,6.168180000258872,2283.3333333333303,500.0,0.05239500023890287,12101.735168350393
random-s0-0106,visibility,1,0,completed,True,False,3,398,0,,25.13599099802377,0.06315575627644164,2283.3333333333303,40.4045070004031,56.51184738649454,137,0,0,0,12130.07517490409,11936.034370439058,59.10511645983454,59.916584497762706,149.4077427247522,20.0,kinematic,False,0,0.0,,,,random,event,1,0,9.510337999927287,9.468062999985705,2283.3333333333303,100.0,0.02309499996044906,12101.735168350393
random-s0-0106,visibility,1,0,completed,True,False,3,406,0,,27.19248299854371,0.06697655910971358,2399.9999999999964,43.29212599986931,55.43733287682017,144,0,0,0,12154.485116078222,12051.694481900515,59.29619763804607,59.916584497762706,220.31237973980132,20.0,kinematic,False,0,0.0,,,,random,event,1,74,9.445930999845586,9.407930999714154,2399.9999999999964,500.0,0.056396999752905685,12101.735168350393
random-s0-0107,voronoi,1,0,completed,True,False,3,363,0,,14.763327997115994,0.040670325060925605,2283.3333333333303,29.25145499966675,78.05879513888603,137,0,0,0,9682.577714367191,9604.375775833025,59.87907158318277,59.929248713138165,709.710300370767,20.0,kinematic,False,0,0.0,,,,random,event,1,0,0.09928700001182733,3.997873999651347,2283.3333333333303,100.0,0.04518100013228832,9682.577714367191
random-s0-0107,voronoi,1,0,completed,True,False,3,454,0,,24.248334995263576,0.053410429504985854,3399.9999999999927,43.61028300036196,77.96326384700996,204,0,0,0,9682.577714367191,12099.307058669128,50.43690740037747,58.958309702195294,554.9300053416031,20.0,kinematic,False,0,0.0,,,,random,event,71,1,0.0871610004651302,4.288198999802262,3399.9999999999927,500.0,0.06107100034569157,9682.577714367191
random-s0-0107,prm,1,0,completed,True,False,3,368,0,,13.222960005805362,0.03593195653751457,2366.6666666666633,28.44066700026815,83.2141759067869,142,0,0,0,9682.577714367191,9695.185394292683,59.64001293063802,59.929248713138165,709.710300370767,20.0,kinematic,False,0,0.0,,,,random,event,1,0,0.0491650002913957,7.069406000027811,2366.6666666666633,100.0,0.026778000119520584,9682.577714367191
random-s0-0107,prm,1,0,completed,True,False,3,355,0,,15.511224000420043,0.043693588733577586,2166.666666666664,29.879418999826157,72.51368129612125,130,0,0,0,9682.577714367191,9531.342714343764,59.889942970824016,59.93191364776854,709.710300370767,20.0,kinematic,False,0,0.0,,,,random,event,1,85,0.047092999921005685,6.033410000327422,2166.666666666664,500.0,0.06255199969018577,9682.577714367191
random-s0-0107,visibility,1,0,completed,True,False,3,356,0,,33.546786997249,0.09423254774508147,2166.666666666664,47.522809999918536,45.59214126164631,130,0,0,0,9682.577714367191,9529.126688606113,59.67444726576977,59.929248713138165,709.710300370767,20.0,kinematic,False,0,0.0,,,,random,event,3,6,0.05123699929754366,9.617070999865973,2166.666666666664,100.0,0.035044000014750054,9682.577714367191
random-s0-0107,visibility,1,0,completed,True,False,3,356,0,,17.75073699946006,0.049861620785000164,2166.666666666664,31.80453100003433,68.1244652425255,130,0,0,0,9682.577714367191,9522.697159145282,59.65888608821793,59.929248713138165,709.710300370767,20.0,kinematic,False,0,0.0,,,,random,event,1,85,0.047712000196042936,8.651336000184529,2166.666666666664,500.0,0.057376000313524855,9682.577714367191
random-s0-0108,voronoi,1,0,completed,True,False,3,334,0,,9.877796004730044,0.02957423953511989,2033.333333333331,23.319275000176276,87.19539236609889,122,0,0,0,7879.0907409586625,7702.437183175076,58.88451926119524,59.600429019428965,19.77782147827287,20.0,kinematic,False,0,0.0,,,,random,event,0,0,0.09819700062507764,0.06905600002937717,2033.333333333331,100.0,0.042459000269445824,7879.0907409586625
random-s0-0108,voronoi,1,0,completed,True,False,3,379,0,,109.19243299804293,0.28810668337214496,2149.9999999999973,124.65759499991691,17.247244341601732,129,0,0,0,7879.0907409586625,8747.897580028413,59.34846101665361,59.69022030923894,90.32300886820491,20.0,kinematic,False,0,0.0,,,,random,event,20,21,0.08488399998896057,4.443946999799664,2149.9999999999973,500.0,4.1570100001990795,7879.0907409586625
random-s0-0108,prm,1,0,completed,True,False,3,334,0,,5.507700996986387,0.016490122745468225,2033.333333333331,18.80700199990315,108.11576099921731,122,0,0,0,7879.0907409586625,7702.437183175076,58.88451926119524,59.600429019428965,19.77782147827287,20.0,kinematic,False,0,0.0,,,,random,event,0,0,0.051887000154238194,0.0727320002624765,2033.333333333331,100.0,0.02301399990756181,7879.0907409586625
random-s0-0108,prm,1,0,completed,True,False,3,334,0,,9.557057999700191,0.0286139461068868,2033.333333333331,23.05333200001769,88.2012775130194,122,0,0,0,7879.0907409586625,7702.437183175076,58.88451926119524,59.600429019428965,19.77782147827287,20.0,kinematic,False,0,0.0,,,,random,event,0,87,0.11713000003510388,0.23331500005951966,2033.333333333331,500.0,0.06888000007165829,7879.0907409586625
random-s0-0108,visibility,1,0,completed,True,False,3,334,0,,5.307154006914061,0.01588968265543132,2033.333333333331,18.321817000014562,110.9788037579305,122,0,0,0,7879.0907409586625,7702.437183175076,58.88451926119524,59.600429019428965,19.77782147827287,20.0,kinematic,False,0,0.0,,,,random,event,0,0,0.049221000608667964,0.04907099992124131,2033.333333333331,100.0,0.019518000044627115,7879.0907409586625
random-s0-0108,visibility,1,0,completed,True,False,3,334,0,,8.888806998584187,0.02661319460653948,2033.333333333331,22.162954000123136,91.74468950853907,122,0,0,0,7879.0907409586625,7702.437183175076,58.88451926119524,59.600429019428965,19.77782147827287,20.0,kinematic,False,0,0.0,,,,random,event,0,87,0.0476180002806359,0.0877790002959955,2033.333333333331,500.0,0.05823099991175695,7879.0907409586625
random-s0-0109,voronoi,1,0,completed,True,False,3,453,0,,30.283571000381926,0.06685115011121838,2849.9999999999945,49.49285900011091,57.58406480404795,171,0,0,0,17214.179069632795,14405.98831788086,58.740491002261905,59.19226983217583,8.700855337880256,20.0,kinematic,False,0,0.0,,,,random,event,2,0,8.44054099979985,4.252869000083592,2849.9999999999945,100.0,0.05047800004831515,13941.075246806635
random-s0-0109,voronoi,1,0,completed,True,False,3,863,0,,98.2203879939334,0.11381273232205492,5949.9999999999845,138.36817399987922,43.00121789570757,357,0,0,0,17553.570237981025,19978.745030858456,58.46821985345548,58.91911392118566,15.878592729234128,20.0,kinematic,False,0,0.0,,,,random,event,218,2,9.741010000198003,5.349211000066134,5949.9999999999845,500.0,0.06758600011380622,13941.075246806635
random-s0-0109,prm,1,0,completed,True,False,3,427,0,,26.557032002074266,0.06219445433741046,2583.333333333329,43.12938600014604,59.897289827510676,155,0,0,0,15167.881962466636,14268.58415455067,58.845922064023796,59.30094049645286,2.8132015346107266,20.0,kinematic,False,0,0.0,,,,random,event,1,2,13.377395999668806,6.747401000211539,2583.333333333329,100.0,0.02420999999230844,13941.075246806635
random-s0-0109,prm,1,0,planning_failed,False,False,3,329,1,B1,19.944377999308927,0.06062120972434324,2883.333333333328,34.72797900030855,83.02623464808333,173,0,0,0,12164.809928698547,11005.57967378381,1040.0664257113042,3003.0720337680877,3.289986394276866,20.0,kinematic,False,0,0.0,,,,random,event,0,42,12.916476000555122,6.546377000177017,,500.0,0.05658700001731631,13941.075246806635
random-s0-0109,visibility,1,0,completed,True,False,3,531,0,,36.95085900153572,0.06958730508763789,3816.666666666658,59.74417100014762,63.883498637167925,229,0,1,1,14001.068830240954,13813.248956334675,58.337086102047685,58.725190055461965,-20.888207445941504,20.0,kinematic,False,0,0.0,,,,random,event,1,2,18.125463999695057,9.324983999704273,3816.666666666658,100.0,0.030252000215114094,13941.075246806635
random-s0-0109,visibility,1,0,planning_failed,False,False,3,417,1,B1,49.51538300520042,0.11874192567194346,3849.9999999999914,67.99339999997756,56.623142834470144,231,0,1,1,10997.996796472866,10877.75445784969,1040.4141296120772,3003.0720337680877,-20.888207445941504,20.0,kinematic,False,0,0.0,,,,random,event,3,79,15.749253000194585,8.283663000383967,,500.0,0.05436199990072055,13941.075246806635
random-s0-0110,voronoi,1,0,completed,True,False,3,389,0,,26.817039000434306,0.0689384036000882,2333.33333333333,42.426093999893055,54.99759966918499,140,0,0,0,11905.466164799756,11821.988944596422,58.78400779478977,59.63515644486318,143.59167657567428,20.0,kinematic,False,0,0.0,,,,random,event,2,2,0.09894200002236175,3.9520469999843044,2333.33333333333,100.0,0.04915299996355316,11905.466164799756
random-s0-0110,voronoi,1,0,completed,True,False,3,444,0,,35.423645002083504,0.07978298423892681,2833.333333333328,53.9228079996974,52.544246830566166,170,0,0,0,11905.466164799756,12453.805113866127,59.26763548713115,59.8840697172439,145.09791003395299,20.0,kinematic,False,0,0.0,,,,random,event,84,3,0.08384799957639189,4.344497000147385,2833.333333333328,500.0,0.05287600015435601,11905.466164799756
random-s0-0110,prm,1,0,completed,True,False,3,384,0,,6.822996996561415,0.017768221345212016,2333.33333333333,22.198249000211945,105.11339580482459,140,0,0,0,11905.466164799756,11727.640618434536,59.275182121741636,59.63515644486318,102.31522484757545,20.0,kinematic,False,0,0.0,,,,random,event,0,8,0.06923499995536986,0.17482699968240922,2333.33333333333,100.0,0.02733999963311362,11905.466164799756
random-s0-0110,prm,1,0,completed,True,False,3,384,0,,9.050330998888967,0.023568570309606685,2333.33333333333,24.375818999942567,95.72327942453246,140,0,0,0,11905.466164799756,11727.640618434536,59.275182121741636,59.63515644486318,102.31522484757545,20.0,kinematic,False,0,0.0,,,,random,event,0,65,0.046021999423828674,0.20981199986636057,2333.33333333333,500.0,0.058738999996421626,11905.466164799756
random-s0-0110,visibility,1,0,completed,True,False,3,384,0,,6.534267000915861,0.017016320314885054,2333.33333333333,21.580493000328715,108.12233683900494,140,0,0,0,11905.466164799756,11727.640618434536,59.275182121741636,59.63515644486318,102.31522484757545,20.0,kinematic,False,0,0.0,,,,random,event,0,8,0.05125799998495495,0.08177500012607197,2333.33333333333,100.0,0.023227999918162823,11905.466164799756
random-s0-0110,visibility,1,0,completed,True,False,3,384,0,,8.702515000550193,0.02266279948059946,2333.33333333333,24.189837999983865,96.45923769042547,140,0,0,0,11905.466164799756,11727.640618434536,59.275182121741636,59.63515644486318,102.31522484757545,20.0,kinematic,False,0,0.0,,,,random,event,0,65,0.04612299971995526,0.0842109998302476,2333.33333333333,500.0,0.05423100037660333,11905.466164799756
random-s0-0111,voronoi,1,0,completed,True,False,3,443,0,,33.995143004631245,0.07673847179374998,2766.6666666666615,52.22209400017164,52.97885348407454,166,0,0,0,11936.74978409123,11202.868761652157,59.000871635838514,59.86481862106115,16.362743503906444,20.0,kinematic,False,0,0.0,,,,random,event,7,1,4.094074000022374,4.476597999655496,2766.6666666666615,100.0,0.045323999984248076,10525.759271124349
random-s0-0111,voronoi,1,0,completed,True,False,3,700,0,,162.20231799798057,0.23171759713997225,4483.333333333323,192.65987000017049,23.27071711057085,269,0,0,0,11975.798868005028,17810.344404654097,58.74514395872156,58.94533416994835,1.853729882056598,20.0,kinematic,False,0,0.0,,,,random,event,166,1,4.023386999961076,4.435609000211116,4483.333333333323,500.0,0.09075300022232113,10525.759271124349
random-s0-0111,prm,1,0,completed,True,False,3,460,0,,33.66398599973763,0.0731825782602992,2783.3333333333285,52.127871999800846,53.39434023594829,167,0,0,0,12052.164912935898,12961.493885198686,58.994371366008785,59.63081051179833,3.7338021436069653,20.0,kinematic,False,0,0.0,,,,random,event,3,25,6.13840300047741,6.100905000039347,2783.3333333333285,100.0,0.05285199995341827,10525.759271124349
random-s0-0111,prm,1,0,completed,True,False,3,441,0,,27.236551004534704,0.06176088663159797,3066.6666666666606,45.570820000193635,67.29452458072139,184,1,0,1,12052.164912935898,12680.193307360727,58.926334515848396,59.42940104446954,-137.1726858785214,20.0,kinematic,False,0,0.0,,,,random,event,1,179,6.121366000115813,6.305075000000215,3066.6666666666606,500.0,0.07665899966013967,10525.759271124349
random-s0-0111,visibility,1,0,completed,True,False,3,558,0,,218.0510649977805,0.3907725179171693,4049.999999999991,242.10942800027624,16.727973104770502,243,0,0,0,10578.568921714594,10849.8290762733,58.463444830742674,58.81791157539643,1.2833666352892692,20.0,kinematic,False,0,0.0,,,,random,event,22,63,9.157616000265989,9.60923599996022,4049.999999999991,100.0,0.09310699988418492,10525.759271124349
random-s0-0111,visibility,1,0,completed,True,False,3,395,0,,21.999672999299946,0.05569537468177201,2299.999999999997,37.526477000028535,61.29005928262991,138,1,1,2,10578.568921714594,10379.453700890455,59.48917849724511,59.93141093530638,-137.1726858785214,20.0,kinematic,False,0,0.0,,,,random,event,0,168,9.15381300046647,9.122150000166585,2299.999999999997,500.0,0.057610000112617854,10525.759271124349
random-s0-0112,voronoi,1,0,completed,True,False,3,314,0,,9.096910997413943,0.02897105413189154,1866.666666666665,21.38243700028397,87.29906074980482,112,0,0,0,6242.350268288592,6065.3834590726965,58.98893640529844,59.80250651444295,672.348014221275,20.0,kinematic,False,0,0.0,,,,random,event,0,0,0.1268780006284942,0.06023200012350571,1866.666666666665,100.0,0.03325299985590391,6242.350268288592
random-s0-0112,voronoi,1,0,completed,True,False,3,335,0,,10.025106998909905,0.02992569253405942,2016.6666666666645,23.308042000280693,86.52235424332846,121,0,0,0,6242.350268288592,6483.302778732403,58.4925119041695,58.74156632723426,642.3690264643798,20.0,kinematic,False,0,0.0,,,,random,event,13,0,0.08261000039055943,0.09400599992659409,2016.6666666666645,500.0,0.04855999986830284,6242.350268288592
random-s0-0112,prm,1,0,completed,True,False,3,314,0,,5.105951001496578,0.016260990450626046,1866.666666666665,17.56316599994534,106.2830395540573,112,0,0,0,6242.350268288592,6065.3834590726965,58.98893640529844,59.80250651444295,672.348014221275,20.0,kinematic,False,0,0.0,,,,random,event,0,0,0.05441000030259602,0.04771900012201513,1866.666666666665,100.0,0.02167899992855382,6242.350268288592
random-s0-0112,prm,1,0,completed,True,False,3,314,0,,6.157159001304535,0.019608786628358393,1866.666666666665,18.355704999976297,101.69408729705971,112,0,0,0,6242.350268288592,6065.3834590726965,58.98893640529844,59.80250651444295,672.348014221275,20.0,kinematic,False,0,0.0,,,,random,event,0,26,0.04573700016408111,0.15276500016625505,1866.666666666665,500.0,0.05188699969949084,6242.350268288592
random-s0-0112,visibility,1,0,completed,True,False,3,314,0,,5.0506979928286455,0.0160850254548683,1866.666666666665,17.431031999876723,107.08870631870026,112,0,0,0,6242.350268288592,6065.3834590726965,58.98893640529844,59.80250651444295,672.348014221275,20.0,kinematic,False,0,0.0,,,,random,event,0,0,0.047050000375747913,0.05019699983677128,1866.666666666665,100.0,0.01989600013985182,6242.350268288592
random-s0-0112,visibility,1,0,completed,True,False,3,314,0,,6.409848002476792,0.020413528670308257,1866.666666666665,19.3150909999531,96.64291339197923,112,0,0,0,6242.350268288592,6065.3834590726965,58.98893640529844,59.80250651444295,672.348014221275,20.0,kinematic,False,0,0.0,,,,random,event,0,26,0.045712999963143375,0.10358000008636736,1866.666666666665,500.0,0.05319399997461005,6242.350268288592
random-s0-0113,voronoi,1,0,completed,True,False,3,415,0,,35.97747900357717,0.08669272049054741,2466.666666666663,52.62557099968035,46.87201715458148,148,0,0,0,16056.289950847615,13010.819368400202,59.52247184302528,59.916392738221816,50.8129780342247,20.0,kinematic,False,0,0.0,,,,random,event,10,0,7.941512000343209,4.02236800027822,2466.666666666663,100.0,0.05046700016464456,12742.931870503551
random-s0-0113,voronoi,1,0,completed,True,False,3,708,0,,150.94090399543347,0.21319336722518853,4983.333333333321,184.20555900002,27.053110451095453,299,0,0,0,16445.793055339767,20090.353551652443,59.3591051294479,59.96677724755029,55.05378478104009,20.0,kinematic,False,0,0.0,,,,random,event,185,3,7.9160629993566545,6.788878000406839,4983.333333333321,500.0,0.09231399963027798,12742.931870503551
random-s0-0113,prm,1,0,completed,True,False,3,416,0,,34.107937000953825,0.08199023317536977,2583.333333333329,50.893271999939316,50.759820145507824,155,0,0,0,13142.034632876681,12827.125036972531,58.768292588752395,58.84271199073857,33.080780252750884,20.0,kinematic,False,0,0.0,,,,random,event,2,21,12.901319999855332,7.061555999825941,2583.333333333329,100.0,0.05733899979531998,12742.931870503551
random-s0-0113,prm,1,0,completed,True,False,3,517,0,,28.819282997119444,0.0557432939982968,3349.999999999993,50.20994000005885,66.71985666575317,201,1,0,1,13715.245388382385,12717.318747727111,58.6793875875991,58.69830961819904,-58.91003709700192,20.0,kinematic,False,0,0.0,,,,random,event,0,183,12.669507999817142,6.473643999925116,3349.999999999993,500.0,0.08000100024219137,12742.931870503551
random-s0-0113,visibility,1,0,completed,True,False,3,455,0,,55.8390239975779,0.12272312966500637,3266.66666666666,75.1250829998753,43.48303570822121,196,0,1,1,12759.916345004289,12684.857078742842,59.02299471257191,59.223145947377645,-76.59544678580825,20.0,kinematic,False,0,0.0,,,,random,event,3,16,20.03817800004981,10.546009999870876,3266.66666666666,100.0,0.04915799991067615,12742.931870503551
random-s0-0113,visibility,1,0,completed,True,False,3,453,0,,57.10048599758011,0.126049637963753,2833.333333333328,78.92891600022267,35.89727918378272,170,0,0,0,12802.033658152544,12967.317480146437,58.882721773627736,59.37314933218143,5.95804525166281,20.0,kinematic,False,0,0.0,,,,random,event,2,82,18.670098000256985,12.532061999991129,2833.333333333328,500.0,0.09643599969422212,12742.931870503551
random-s0-0114,voronoi,1,0,completed,True,False,3,466,0,,24.177694000627525,0.05188346352065992,2683.3333333333285,44.030084000041825,60.94317997055785,161,0,0,0,18026.781566307003,16668.433592332203,59.582161242149965,59.96046880760373,245.63311921203888,20.0,kinematic,False,0,0.0,,,,random,event,1,0,4.074451999713347,3.990367999904265,2683.3333333333285,100.0,0.0546719998055778,16409.3251823519
random-s0-0114,voronoi,1,0,completed,True,False,3,996,0,,324.78581099712756,0.326090171683863,7299.999999999979,368.5763619996578,19.80593644257294,438,0,1,1,22436.303497988323,28493.082334508108,59.50639206414102,59.86015778448134,-15.430274923924713,20.0,kinematic,False,0,0.0,,,,random,event,269,50,11.582405999888579,6.38993099983054,7299.999999999979,500.0,3.9994170001591556,16409.3251823519
random-s0-0114,prm,1,0,completed,True,False,3,468,0,,14.439356998082076,0.030853326918978793,2716.666666666662,33.305363999716064,81.56844244938509,163,0,0,0,16550.107330042054,16329.667756473593,59.53441075044743,59.96046880760373,245.63311921203888,20.0,kinematic,False,0,0.0,,,,random,event,0,0,6.33326000024681,6.292327000210207,2716.666666666662,100.0,0.03258199967604014,16409.3251823519
random-s0-0114,prm,1,0,completed,True,False,3,754,0,,158.53607499775535,0.21026004641612114,5316.666666666653,192.180265999923,27.664997959097338,319,0,0,0,21592.702533423522,25169.918939640505,59.31626783020155,59.884622876845555,3.757592734851727,20.0,kinematic,False,0,0.0,,,,random,event,7,251,19.872641999882035,21.333421999770508,5316.666666666653,500.0,0.09014200031742803,16409.3251823519
random-s0-0114,visibility,1,0,completed,True,False,3,467,0,,25.839512000857212,0.05533086081554007,2699.9999999999955,43.93530000015744,61.45400167952239,162,0,0,0,16450.03908068516,16329.223115840268,59.58978578542878,59.96046880760373,245.63311921203888,20.0,kinematic,False,0,0.0,,,,random,event,1,0,9.33960600013961,9.274789000301098,2699.9999999999955,100.0,0.02509099977032747,16409.3251823519
random-s0-0114,visibility,1,0,completed,True,False,3,771,0,,86.33998100913232,0.11198441116618978,6649.999999999982,120.50652000016271,55.18373611644418,399,0,0,0,16593.07281743385,20296.39572299828,59.26193463698911,59.76906564218783,287.47504403438427,20.0,kinematic,False,0,0.0,,,,random,event,5,169,25.68786900064879,8.79150800028583,6649.999999999982,500.0,0.05530600037673139,16409.3251823519
random-s0-0115,voronoi,1,0,completed,True,False,3,445,0,,29.79541400100061,0.06695598651910249,3199.9999999999936,48.69406399984655,65.71642900888449,192,0,0,0,13040.385331990408,13167.249182564661,58.87340155509458,59.58212922238346,130.15668244932658,20.0,kinematic,False,0,0.0,,,,random,event,20,0,4.061110000748158,4.127172000153223,3199.9999999999936,100.0,0.05169099995327997,12250.59689443035
random-s0-0115,voronoi,1,0,completed,True,False,3,593,0,,98.5382880016914,0.16616911973303777,4099.999999999991,124.0376330001709,33.05448435955193,246,0,0,0,13119.943313122705,18211.617617004096,58.40678559467913,59.030554541420535,5.743774350170071,20.0,kinematic,False,0,0.0,,,,random,event,116,11,4.195791000256577,4.975109999577398,4099.999999999991,500.0,0.07292500004041358,12250.59689443035
random-s0-0115,prm,1,0,completed,True,False,3,401,0,,26.35910400067587,0.06573342643560068,2933.3333333333276,43.11799900006008,68.03036785935359,176,0,0,0,13592.452628416224,12817.76865138839,59.34653029186173,59.72869444735454,174.73313194905762,20.0,kinematic,False,0,0.0,,,,random,event,2,21,6.790758000079222,6.748103000063566,2933.3333333333276,100.0,0.05298500036587939,12250.59689443035
random-s0-0115,prm,1,0,completed,True,False,3,491,0,,59.047215002919984,0.1202590936923014,4399.99999999999,81.96553099969606,53.68110163303042,264,0,0,0,13592.452628416224,15602.857984292013,59.151467305060144,59.72869444735454,201.09863501333382,20.0,kinematic,False,0,0.0,,,,random,event,2,49,7.640402000561153,19.53594399992653,4399.99999999999,500.0,0.06606800025110715,12250.59689443035
random-s0-0115,visibility,1,0,completed,True,False,3,426,0,,26.74834999606901,0.06278955398138265,3349.999999999993,44.95570499966561,74.51779479434059,201,0,0,0,12262.597373800012,12159.169327114992,59.54883782316222,59.72869444735454,174.73313194905762,20.0,kinematic,False,0,0.0,,,,random,event,1,17,9.369991999847116,9.323537000000215,3349.999999999993,100.0,0.04612799966707826,12250.59689443035
random-s0-0115,visibility,1,0,completed,True,False,3,512,0,,82.4351199994453,0.1610060937489166,4099.999999999991,105.03612100001192,39.03419091418585,246,0,1,1,12262.597373800012,13926.880363296594,59.44579558044302,59.72869444735454,-6.369972826375289,20.0,kinematic,False,0,0.0,,,,random,event,6,125,11.432320999574586,12.22406199985926,4099.999999999991,500.0,0.07209900013549486,12250.59689443035
random-s0-0116,voronoi,1,0,completed,True,False,3,382,0,,15.212000005703885,0.03982198954372745,2349.9999999999964,30.847760000142443,76.18057194393191,141,0,0,0,11948.346634474696,11539.839888357128,59.047330336439124,59.674035170129116,4.937835136649113,20.0,kinematic,False,0,0.0,,,,random,event,0,0,4.11778800025786,4.029428000194457,2349.9999999999964,100.0,0.04258600029061199,11707.580765292774
random-s0-0116,voronoi,1,0,completed,True,False,3,448,0,,62.69873999326592,0.13995254462782572,2783.3333333333285,82.21563400002196,33.854063976841495,167,0,0,0,12875.827745090464,12811.775697442026,59.33397168326329,59.85888416113838,5.204398772363845,20.0,kinematic,False,0,0.0,,,,random,event,51,0,4.160764000516792,10.21923300004346,2783.3333333333285,500.0,0.07872200012570829,11707.580765292774
random-s0-0116,prm,1,0,completed,True,False,3,382,0,,12.427726998794242,0.032533316750770265,2349.9999999999964,27.396904999932303,85.77611230194809,141,0,0,0,16457.141568946055,11671.847000965068,59.54345985378626,59.674035170129116,13.188507565825859,20.0,kinematic,False,0,0.0,,,,random,event,0,0,6.3626360001762805,6.318658000054711,2349.9999999999964,100.0,0.018929999896499794,11707.580765292774
random-s0-0116,prm,1,0,completed,True,False,3,382,0,,18.096045007496286,0.047371845569362005,2366.6666666666633,33.796395999615925,70.02719067126445,142,0,0,0,18497.568024976186,11599.29212827919,58.662949972359,59.46611224904069,17.873698472106526,20.0,kinematic,False,0,0.0,,,,random,event,1,44,6.10848900032579,6.066671000098722,2366.6666666666633,500.0,0.056367000070167705,11707.580765292774
random-s0-0116,visibility,1,0,completed,True,False,3,390,0,,15.881498999533505,0.04072179230649617,2349.9999999999964,30.918458000087412,76.00637780814789,141,0,0,0,11708.086951444187,11529.417282088782,59.43546200554105,59.674035170129116,0.14817352056684285,20.0,kinematic,False,0,0.0,,,,random,event,0,0,9.670909000305983,9.618513000077655,2349.9999999999964,100.0,0.021236000065982807,11707.580765292774
random-s0-0116,visibility,1,0,completed,True,False,3,412,0,,23.69235100104561,0.0575057063132175,2516.6666666666624,39.8764219999066,63.111646944466514,151,0,0,0,11708.086951444187,11556.82305996822,59.09598143901525,59.58975979764101,5.674832060519918,20.0,kinematic,False,0,0.0,,,,random,event,1,48,7.998478000445175,7.9435669999838865,2516.6666666666624,500.0,0.05410899984781281,11707.580765292774
random-s0-0117,voronoi,1,0,completed,True,False,3,572,0,,46.63472900256238,0.08152924650797619,4566.666666666656,71.39822399994955,63.96050785058579,274,0,0,0,15245.976149843582,14261.586911915398,58.849605782564886,59.135877892014875,17.3930537931154,20.0,kinematic,False,0,0.0,,,,random,event,23,0,4.206568999961746,4.265458000190847,4566.666666666656,100.0,0.05187199985812185,12742.941772943741
random-s0-0117,voronoi,1,0,completed,True,False,3,669,0,,184.28864899806285,0.2754688325830536,4616.666666666655,212.71057100011603,21.703983233932163,277,0,1,1,18574.414361090476,17261.45761655698,59.0257762603627,59.2804900821698,-4.262497677323211,20.0,kinematic,False,0,0.0,,,,random,event,63,24,8.201559000099223,4.252939000252809,4616.666666666655,500.0,3.836902999864833,12742.941772943741
random-s0-0117,prm,1,0,completed,True,False,3,519,0,,21.676918997400207,0.04176670327052063,4533.333333333322,44.44086499961486,102.00821548753855,272,0,0,0,14786.119548951281,17794.348067844134,59.01018300518194,59.386341766116814,10.934231339902198,20.0,kinematic,False,0,0.0,,,,random,event,1,1,6.606819000808173,6.562010000379814,4533.333333333322,100.0,0.026664999950298807,12742.941772943741
random-s0-0117,prm,1,0,completed,True,False,3,496,0,,42.40959900107555,0.08550322379249102,3766.6666666666583,63.93186600007539,58.91688921862873,226,0,0,0,20659.133799697847,13964.876601341773,58.5464859345524,58.739231577810614,28.79976625463624,20.0,kinematic,False,0,0.0,,,,random,event,3,149,13.272101999973529,7.057543999962945,3766.6666666666583,500.0,0.06977299972277251,12742.941772943741
random-s0-0117,visibility,1,0,completed,True,False,3,447,0,,247.64098900141107,0.5540066868040516,3333.333333333326,267.6286349997099,12.455069814696545,200,0,1,1,12797.246980228769,12615.89491965595,58.93462095198661,59.15965560653081,-34.39876795209307,20.0,kinematic,False,0,0.0,,,,random,event,24,12,9.917267999753676,16.715054000087548,3333.333333333326,100.0,8.561359000395896,12742.941772943741
random-s0-0117,visibility,1,0,completed,True,False,3,671,0,,207.88689499477186,0.30981653501456313,5199.999999999987,236.7609100001573,21.963085037967343,312,0,2,2,12954.194689848371,13864.239616050088,59.27096905381467,59.8924530505212,-59.2696480156613,20.0,kinematic,False,0,0.0,,,,random,event,21,182,17.30495499987228,8.785334000094736,5199.999999999987,500.0,0.07473300001947791,12742.941772943741
random-s0-0118,voronoi,1,0,completed,True,False,3,444,0,,25.39540200268675,0.057196851357402594,3049.999999999994,44.45514000008188,68.60848936690732,183,0,0,0,14075.22217253775,12236.464849054331,59.546887622080924,59.9677853168015,2.671648543280469,20.0,kinematic,False,0,0.0,,,,random,event,1,0,7.839287000479089,3.988535000189586,3049.999999999994,100.0,0.04800199985766085,11897.598268608288
random-s0-0118,voronoi,1,0,completed,True,False,3,454,0,,21.550744008436595,0.04746859913752554,3049.999999999994,39.96853900025599,76.31001973778575,183,0,0,0,13949.752772346497,12185.975964079395,59.43252735689996,59.9677853168015,17.212817138457524,20.0,kinematic,False,0,0.0,,,,random,event,0,0,7.968026000071404,4.02613599999313,3049.999999999994,500.0,0.037972999962221365,11897.598268608288
random-s0-0118,prm,1,0,completed,True,False,3,461,0,,20.509300998583058,0.04448872233965956,3483.3333333333258,39.568043000144826,88.03400596083502,209,0,0,0,13169.532852381022,11934.896826097125,59.173698884414755,59.9677853168015,1.7509531144875154,20.0,kinematic,False,0,0.0,,,,random,event,0,0,12.428733999968244,6.258559999878344,3483.3333333333258,100.0,0.0249669997174351,11897.598268608288
random-s0-0118,prm,1,0,completed,True,False,3,504,0,,36.4897549975467,0.07240030753481487,3483.3333333333258,56.70692100011365,61.426952334907135,209,0,0,0,13169.532852381022,13215.12930786034,59.20791467508486,59.9677853168015,1.7509531144875154,20.0,kinematic,False,0,0.0,,,,random,event,3,16,12.300162000428827,6.155278000278486,3483.3333333333258,500.0,0.04744199986816966,11897.598268608288
random-s0-0118,visibility,1,0,completed,True,False,3,458,0,,48.84454400053073,0.10664747598369155,2983.3333333333276,68.69624699993437,43.42789400614822,179,0,1,1,11972.464796375842,11769.959423108145,59.30468679247022,59.9677853168015,-40.81743484447048,20.0,kinematic,False,0,0.0,,,,random,event,2,4,18.222360999970988,13.0708799997592,2983.3333333333276,100.0,0.02786799996101763,11897.598268608288
random-s0-0118,visibility,1,0,completed,True,False,3,521,0,,101.36221100447074,0.19455318810838912,3999.9999999999905,123.23930499997005,32.45717752141626,240,0,1,1,11972.464796375842,11936.029169264708,59.65013423858068,59.9677853168015,-25.073261695415596,20.0,kinematic,False,0,0.0,,,,random,event,9,70,17.336140000224987,8.737670999835245,3999.9999999999905,500.0,0.05109200037622941,11897.598268608288
random-s0-0119,voronoi,1,0,completed,True,False,3,418,0,,16.491806004069076,0.03945408134944755,2999.999999999994,34.67844199985848,86.50907673453834,180,0,0,0,13083.541838091958,13354.64115395184,59.411290980703846,59.9139302196641,132.72802779011386,20.0,kinematic,False,0,0.0,,,,random,event,1,0,0.11921099985556793,4.027622999728919,2999.999999999994,100.0,0.035522999951353995,13083.541838091958
random-s0-0119,voronoi,1,0,completed,True,False,3,551,0,,21.40081699781149,0.03883995825374136,5133.33333333332,46.41424100009317,110.5982393059711,308,0,0,0,14779.0937599523,14185.734736827606,59.063758669982285,59.86355768466225,191.00550160295614,20.0,kinematic,False,0,0.0,,,,random,event,11,0,4.167415999745572,4.108616999928927,5133.33333333332,500.0,0.0500149999425048,13083.541838091958
random-s0-0119,prm,1,0,completed,True,False,3,412,0,,13.110841003708629,0.03182242962065201,2899.9999999999945,29.807685999912792,97.2903431688216,174,0,0,0,13083.541838091958,13211.858800041384,59.017968831940784,59.22612363393543,115.87930021780375,20.0,kinematic,False,0,0.0,,,,random,event,1,0,0.05032399985793745,6.5577440000197385,2899.9999999999945,100.0,0.021174999801587546,13083.541838091958
random-s0-0119,prm,1,0,completed,True,False,3,511,0,,85.31440400429346,0.1669557808303199,4549.999999999989,108.78521999984514,41.82553475560803,273,0,0,0,15670.867883485973,14533.545374333426,58.79284338628611,59.22612363393543,211.54740046402412,20.0,kinematic,False,0,0.0,,,,random,event,6,42,6.78004300016255,13.308578999840392,4549.999999999989,500.0,0.0581539998165681,13083.541838091958
random-s0-0119,visibility,1,0,completed,True,False,3,458,0,,115.8178899891027,0.2528774890591762,3666.6666666666583,137.76916099959635,26.614567730998967,220,0,1,1,13083.541838091958,12948.427034332724,58.9627579355618,59.22612363393543,-50.44778879791315,20.0,kinematic,False,0,0.0,,,,random,event,12,26,0.06535799957418931,9.48139899992384,3666.6666666666583,100.0,0.05044900035500177,13083.541838091958
random-s0-0119,visibility,1,0,completed,True,False,3,532,0,,116.91905800125824,0.21977266541589893,4899.999999999988,140.77804599992305,34.80656351774243,294,0,0,0,13294.32747594558,13227.230798268003,59.183675641443074,59.23108420188179,109.78571716899393,20.0,kinematic,False,0,0.0,,,,random,event,12,23,8.769155999289069,8.737553999708325,4899.999999999988,500.0,0.05488700026035076,13083.541838091958
random-s0-0120,voronoi,1,0,completed,True,False,3,543,0,,24.833932993260532,0.04573468322884076,4183.333333333324,48.491110000213666,86.2701087542622,251,0,0,0,16247.316383792848,14815.62908988194,58.67760518810757,59.56837602474057,2.2223376825486127,20.0,kinematic,False,0,0.0,,,,random,event,1,0,4.039599999941856,3.995392999968317,4183.333333333324,100.0,0.047853000069153495,14223.578079016352
random-s0-0120,voronoi,1,0,completed,True,False,3,830,0,,181.23750400263816,0.21835843855739537,5683.3333333333185,217.17860099988684,26.168937948616218,341,0,0,0,16123.577774958536,20120.93396053623,58.69362713839976,59.13697401779648,4.519723984501297,20.0,kinematic,False,0,0.0,,,,random,event,213,17,4.057960999944044,4.426576999776444,5683.3333333333185,500.0,0.09123700010604807,14223.578079016352
random-s0-0120,prm,1,0,completed,True,False,3,448,0,,32.80476200461635,0.07322491518887578,2849.9999999999945,51.4005760001055,55.44684946709828,171,0,0,0,15888.74139189181,14208.165422941785,59.391996009874696,59.56837602474057,0.4171682477485774,20.0,kinematic,False,0,0.0,,,,random,event,3,0,6.196704000103637,6.567864999851736,2849.9999999999945,100.0,0.026990000151272397,14223.578079016352
random-s0-0120,prm,1,0,completed,True,False,3,560,0,,85.4791739961911,0.15264138213605552,4966.666666666654,111.31144599994514,44.619550326110236,298,0,0,0,15600.930399173514,14994.646320650541,59.225518736163245,59.56837602474057,1.4001248237084951,20.0,kinematic,False,0,0.0,,,,random,event,3,171,5.788219999885769,19.640303999949538,4966.666666666654,500.0,0.08479899997837492,14223.578079016352
random-s0-0120,visibility,1,0,completed,True,False,3,543,0,,169.40934500007643,0.3119877440148737,4649.999999999989,193.68954499987012,24.007490956742693,279,0,1,1,14239.062340694905,14140.842720640052,59.23405522438256,59.56837602474057,-5.691606779921614,20.0,kinematic,False,0,0.0,,,,random,event,16,2,9.738229000504361,9.782292999716447,4649.999999999989,100.0,0.04112399983569048,14223.578079016352
random-s0-0120,visibility,1,0,completed,True,False,3,556,0,,44.62026699911803,0.08025227877539214,5016.666666666654,70.20505700029389,71.45734055376742,301,0,0,0,14239.062340694905,14390.975115274676,58.890804130542826,59.56837602474057,0.6017612356335462,20.0,kinematic,False,0,0.0,,,,random,event,2,172,9.623187999750371,9.582752999904187,5016.666666666654,500.0,0.06194000025061541,14223.578079016352
random-s0-0121,voronoi,1,0,completed,True,False,3,407,0,,16.323650003414514,0.04010724816563763,2833.333333333328,33.75016700010747,83.95020188564715,170,0,0,0,14817.152810695039,13486.075529161266,58.57920369214375,59.20554548280631,114.72389654775475,20.0,kinematic,False,0,0.0,,,,random,event,0,0,4.259523999735393,4.188092999811488,2833.333333333328,100.0,0.04579300002660602,13653.28685996007
random-s0-0121,voronoi,1,0,completed,True,False,3,505,0,,24.27331799754029,0.04806597623275305,3416.6666666666592,45.89468699987265,74.44579950346191,205,0,0,0,14084.64173691877,15469.401285418122,58.834034279497956,59.247924973363254,151.22764048220415,20.0,kinematic,False,0,0.0,,,,random,event,89,0,0.12666800012084423,4.6811530000923085,3416.6666666666592,500.0,0.06116600025052321,13653.28685996007
random-s0-0121,prm,1,0,completed,True,False,3,414,0,,19.827594002435944,0.0478927391363187,2949.9999999999945,37.08679700002904,79.54313229038584,177,0,0,0,15046.881010157438,13622.284037813475,58.78409376847304,59.20554548280631,136.8810899082602,20.0,kinematic,False,0,0.0,,,,random,event,1,0,6.380522000199562,6.815306000135024,2949.9999999999945,100.0,0.02228499988632393,13653.28685996007
random-s0-0121,prm,1,0,planning_failed,False,False,3,238,1,B2,4.1011410016835725,0.017231684881023415,2066.6666666666642,14.373351999893202,143.78459990975105,124,0,0,0,6303.5813828678065,6186.233161957768,2489.0178993340996,7349.705477092262,267.7457007514884,20.0,kinematic,False,0,0.0,,,,random,event,0,0,0.19366300011824933,0.15492600005018176,,500.0,0.02758799973889836,13653.28685996007
random-s0-0121,visibility,1,0,completed,True,False,3,410,0,,16.81005099817412,0.04100012438579054,2883.333333333328,34.22392999982549,84.24904250762641,173,0,0,0,13661.53002257555,13478.637916878253,58.67312087114582,59.20554548280631,100.458617222942,20.0,kinematic,False,0,0.0,,,,random,event,0,0,9.903986999688641,9.8698910001076,2883.333333333328,100.0,0.026670000352169154,13653.28685996007
random-s0-0121,visibility,1,0,planning_failed,False,False,3,238,1,B2,4.170298001099582,0.01752226050882177,2066.6666666666642,14.749436999863974,140.11834259746485,124,0,0,0,6303.5813828678065,6186.233161957768,2489.0178993340996,7349.705477092262,267.7457007514884,20.0,kinematic,False,0,0.0,,,,random,event,0,0,0.14135700030237786,0.1007270002446603,,500.0,0.026059999981953297,13653.28685996007
random-s0-0122,voronoi,1,0,completed,True,False,3,341,0,,40.570709001258365,0.11897568622069901,1933.3333333333314,54.67360300008295,35.36136686163519,116,0,0,0,7928.980346744422,7893.8772638200135,59.670523168642745,59.97946840456906,289.09748453812864,20.0,kinematic,False,0,0.0,,,,random,event,8,0,0.10237599963147659,3.9357410000775417,1933.3333333333314,100.0,0.049323999974149046,7928.980346744422
random-s0-0122,voronoi,1,0,completed,True,False,3,369,0,,36.06034700487726,0.09772451762839365,2249.999999999997,51.17006799991941,43.97101836963633,135,0,0,0,7928.980346744422,8469.775006396916,59.08358382194664,59.94780764578968,289.09748453812864,20.0,kinematic,False,0,0.0,,,,random,event,43,0,0.08347800030605868,4.266919999736274,2249.999999999997,500.0,0.052632000006269664,7928.980346744422
random-s0-0122,prm,1,0,completed,True,False,3,339,0,,41.52898499569346,0.1225043805182698,1933.3333333333314,55.03513500025292,35.129074060133526,116,0,0,0,7928.980346744422,7857.713061811433,59.026577172977206,59.84075211272739,289.09748453812864,20.0,kinematic,False,0,0.0,,,,random,event,6,0,0.05121100048199878,6.4566880000711535,1933.3333333333314,100.0,0.02693800024644588,7928.980346744422
random-s0-0122,prm,1,0,completed,True,False,3,336,0,,7.345528002133506,0.021861690482540195,1899.9999999999982,20.42599300011716,93.01873353178473,114,0,0,0,7928.980346744422,7750.593996499467,59.46211674831948,59.91677136637429,289.09748453812864,20.0,kinematic,False,0,0.0,,,,random,event,0,48,0.0477619996672729,0.156809999680263,1899.9999999999982,500.0,0.05238899984760792,7928.980346744422
random-s0-0122,visibility,1,0,completed,True,False,3,348,0,,146.53549799777466,0.42107901723498464,1966.6666666666645,160.46026899994104,12.256408885039244,118,0,0,0,7928.980346744422,7761.750647919304,59.64060333350062,59.84075211272739,289.09748453812864,20.0,kinematic,False,0,0.0,,,,random,event,15,0,0.04859999990003416,10.277039999891713,1966.6666666666645,100.0,0.038873999983479735,7928.980346744422
random-s0-0122,visibility,1,0,completed,True,False,3,336,0,,7.287146994713112,0.021687937484265212,1899.9999999999982,20.05278799970256,94.7499170702937,114,0,0,0,7928.980346744422,7750.593996499467,59.46211674831948,59.91677136637429,289.09748453812864,20.0,kinematic,False,0,0.0,,,,random,event,0,48,0.04736000028060516,0.09850000014921534,1899.9999999999982,500.0,0.05493499975273153,7928.980346744422
random-s0-0123,voronoi,1,0,completed,True,False,3,395,0,,19.819525994080323,0.050176015174886894,2616.6666666666624,35.94865800005209,72.78899442262548,157,0,0,0,13147.977163979784,11937.50844965608,58.933482505083965,59.151629008586816,89.28454388653176,20.0,kinematic,False,0,0.0,,,,random,event,1,0,4.047607999382308,3.9791639997019956,2616.6666666666624,100.0,0.048799000069266185,11921.425156186953
random-s0-0123,voronoi,1,0,completed,True,False,3,455,0,,101.08492099561772,0.22216466152883016,2833.333333333328,120.09305099991252,23.59281665127645,170,0,0,0,12946.747144625493,13592.009719639518,59.05381140378523,59.65327126892115,85.7042091138627,20.0,kinematic,False,0,0.0,,,,random,event,99,11,4.088987000613997,6.930746000307408,2833.333333333328,500.0,0.08491399967169855,11921.425156186953
random-s0-0123,prm,1,0,completed,True,False,3,394,0,,19.7055160074342,0.05001400001886852,2599.9999999999955,35.83740600015517,72.54989381733539,156,0,0,0,13171.38592181314,12087.681887328934,59.2152498668007,59.92325890972637,71.96914847106058,20.0,kinematic,False,0,0.0,,,,random,event,1,0,6.739738999840483,6.70094799988874,2599.9999999999955,100.0,0.025507999907858903,11921.425156186953
random-s0-0123,prm,1,0,completed,True,False,3,412,0,,18.442084000525938,0.04476233980710179,2916.666666666661,35.56995500002813,81.99804207411435,175,0,0,0,14736.192082451755,13083.711736418772,58.85337343153646,59.151629008586816,6.2427774898674215,20.0,kinematic,False,0,0.0,,,,random,event,0,123,6.963907999761432,6.922596999629604,2916.666666666661,500.0,0.05820800015499117,11921.425156186953
random-s0-0123,visibility,1,0,completed,True,False,3,433,0,,25.267571005315403,0.058354667448765364,3266.66666666666,43.17854300006729,75.65486094937407,196,0,0,0,11935.67059432422,11756.244403999477,59.08536957505144,59.151629008586816,1.2082943851296193,20.0,kinematic,False,0,0.0,,,,random,event,1,0,9.213785999691027,9.176931999718363,3266.66666666666,100.0,0.021428999843919883,11921.425156186953
random-s0-0123,visibility,1,0,completed,True,False,3,433,0,,19.271942000614217,0.044507949193104426,3266.66666666666,37.253759000122955,87.68690071398912,196,0,0,0,11935.67059432422,11756.831092877015,58.85187051982669,59.151629008586816,1.2082943851296193,20.0,kinematic,False,0,0.0,,,,random,event,0,74,8.929337000154192,8.891575000234297,3266.66666666666,500.0,0.057004000154847745,11921.425156186953
random-s0-0124,voronoi,1,0,completed,True,False,3,543,0,,28.85584799469143,0.05314152485210208,3516.6666666666592,51.01456100010182,68.93456687120448,211,0,0,0,18900.541516124293,20660.543800108797,59.25271602878703,59.81893669414036,117.51080031842753,20.0,kinematic,False,0,0.0,,,,random,event,2,0,4.202889000225696,4.328194000208896,3516.6666666666592,100.0,0.0420270002905454,18675.284714010028
random-s0-0124,voronoi,1,0,completed,True,False,3,1002,0,,235.34518999531429,0.23487543911708011,9850.00000000007,284.5920100003241,34.610950602544506,591,0,0,0,20745.665391179293,27208.93435229997,59.60347382656773,59.91785905840524,7.641700281489875,20.0,kinematic,False,0,0.0,,,,random,event,95,17,4.5591129996864765,6.799418999889895,9850.00000000007,500.0,0.08230200000980403,18675.284714010028
random-s0-0124,prm,1,0,completed,True,False,3,528,0,,35.79138899931422,0.06778672158961027,3399.9999999999927,57.78034900004059,58.84353519563553,204,0,0,0,19118.163083816245,19571.44217387595,59.40955448864539,59.92838603807016,79.75261996123186,20.0,kinematic,False,0,0.0,,,,random,event,3,5,7.225574000585766,7.188929000221833,3399.9999999999927,100.0,0.028395000299497042,18675.284714010028
random-s0-0124,prm,1,0,completed,True,False,3,522,0,,31.823002001601708,0.06096360536705308,3416.6666666666592,55.193641999721876,61.90326535588784,205,0,0,0,19118.163083816245,18698.532094239847,58.976065864102786,59.81893669414036,12.716484970602608,20.0,kinematic,False,0,0.0,,,,random,event,1,222,6.777650000003632,6.745781000063289,3416.6666666666592,500.0,0.09166199970422895,18675.284714010028
random-s0-0124,visibility,1,0,completed,True,False,3,548,0,,102.39233999755015,0.18684733576195284,3683.3333333333253,125.32061000001704,29.391281556424154,221,0,0,0,18676.72578172294,18609.139187904508,59.41524038112984,59.83857557543796,2.024977738000871,20.0,kinematic,False,0,0.0,,,,random,event,10,0,8.92921100012245,8.892228000149771,3683.3333333333253,100.0,0.03664799987745937,18675.284714010028
random-s0-0124,visibility,1,0,completed,True,False,3,509,0,,25.07274399886228,0.04925882907438562,3233.3333333333267,46.07431700014786,70.17647886832377,194,0,0,0,18676.72578172294,18500.156092611163,58.78126414405832,59.81893669414036,12.716484970602608,20.0,kinematic,False,0,0.0,,,,random,event,0,208,8.492637000017567,8.460764000119525,3233.3333333333267,500.0,0.05822100001751096,18675.284714010028
random-s0-0125,voronoi,1,0,completed,True,False,3,1162,0,,84.53776598753393,0.0727519500753304,8800.000000000016,135.78617900020618,64.80777399286458,528,0,0,0,27684.778284135296,25400.695428910447,58.40121047360683,58.60874892864475,0.6601233977104073,20.0,kinematic,False,0,0.0,,,,random,event,21,0,11.59557799974209,4.453308999927685,8800.000000000016,100.0,0.0563700000384415,20397.462707022813
random-s0-0125,voronoi,1,0,completed,True,False,3,1052,0,,218.3584899867128,0.20756510455010724,10283.333333333423,268.615938000039,38.28266263683851,617,0,0,0,29541.144464006167,28419.241717063163,59.14954694580331,59.83147029081627,2.5213649774467797,20.0,kinematic,False,0,0.0,,,,random,event,50,26,11.461240000244288,8.150758000283531,10283.333333333423,500.0,0.07202599999800441,20397.462707022813
random-s0-0125,prm,1,0,completed,True,False,3,741,0,,116.99603699571526,0.15788938865818522,5033.333333333321,148.35640699993746,33.92730678180581,302,0,0,0,20995.93033535344,23977.524101743962,59.46018089340205,59.8770316007737,0.7310904604836992,20.0,kinematic,False,0,0.0,,,,random,event,5,5,20.263505000002624,32.74451600009343,5033.333333333321,100.0,0.03543799994076835,20397.462707022813
random-s0-0125,prm,1,0,completed,True,False,3,733,0,,78.47195299473242,0.10705587038844805,6266.66666666665,111.94528299984086,55.979729549440314,376,0,0,0,20995.93033535344,24438.281848561866,58.96389451122523,59.34178665084269,1.379146353268112,20.0,kinematic,False,0,0.0,,,,random,event,3,45,20.219464000092557,24.08151400004499,6266.66666666665,500.0,0.05319299998518545,20397.462707022813
random-s0-0125,visibility,1,0,completed,True,False,3,886,0,,137.59488200093983,0.15529896388367928,6816.666666666648,176.33263900006568,38.65799721096506,409,0,1,1,20431.781190896254,20552.566607554065,59.537551385827264,59.89012523220977,-0.8835147011077709,20.0,kinematic,False,0,0.0,,,,random,event,10,3,29.279135999786376,10.561721000158286,6816.666666666648,100.0,0.03509199996187817,20397.462707022813
random-s0-0125,visibility,1,0,completed,True,False,3,867,0,,136.4829509975607,0.15741978200410692,6933.333333333314,174.185753999609,39.80425019918034,416,0,1,1,20431.781190896254,22447.0687669697,59.48339396307197,59.89012523220977,-31.654014538826203,20.0,kinematic,False,0,0.0,,,,random,event,10,161,28.067427000223688,9.527104999961011,6933.333333333314,500.0,0.06034700027157669,20397.462707022813
random-s0-0126,voronoi,1,0,completed,True,False,3,566,0,,49.705828002061025,0.08781948410258132,3749.9999999999914,72.93095000022731,51.41849927895226,225,0,0,0,20842.671664282203,20468.15393176644,59.12482181037691,59.43052005360656,1.0590844145992548,20.0,kinematic,False,0,0.0,,,,random,event,46,0,4.09928699991724,4.162647000157449,3749.9999999999914,100.0,0.05451300012282445,19658.682538037858
random-s0-0126,voronoi,1,0,completed,True,False,3,785,0,,226.11076998964563,0.288039197439039,6166.66666666665,260.6797660000666,23.65610020788907,370,0,1,1,20842.671664282203,26712.233911834075,58.87097656782788,59.54395136205881,-76.6602297142896,20.0,kinematic,False,0,0.0,,,,random,event,99,33,4.123171999708575,8.88910499998019,6166.66666666665,500.0,4.112464999707299,19658.682538037858
random-s0-0126,prm,1,0,completed,True,False,3,538,0,,28.24139699805528,0.05249330297036297,3666.6666666666583,50.42211899990434,72.719408453929,220,0,0,0,19981.35306709775,20075.493964099565,58.789427143403394,59.58607755326725,2.4782943219265405,20.0,kinematic,False,0,0.0,,,,random,event,2,2,6.619574000069406,6.592971999907604,3666.6666666666583,100.0,0.029954999718029285,19658.682538037858
random-s0-0126,prm,1,0,completed,True,False,3,660,0,,53.780820995143586,0.08148609241688422,5199.999999999987,83.39890900015234,62.35093554989417,312,0,0,0,19981.35306709775,25519.340334698776,59.456220168278755,59.70145444871141,6.68923809651892,20.0,kinematic,False,0,0.0,,,,random,event,1,102,6.306721000328253,17.974697000227025,5199.999999999987,500.0,0.05843500002811197,19658.682538037858
random-s0-0126,visibility,1,0,completed,True,False,3,597,0,,182.97293200248532,0.3064873232872451,4016.666666666658,207.8926220001449,19.320871650095683,241,0,1,1,19690.070477784153,19739.19940954996,59.23784601253241,59.5826152853429,-44.39924825846148,20.0,kinematic,False,0,0.0,,,,random,event,18,20,9.650458000123763,9.648134000144637,4016.666666666658,100.0,0.054783999985374976,19658.682538037858
random-s0-0126,visibility,1,0,completed,True,False,3,727,0,,72.76001099899077,0.1000825460783917,6366.66666666665,105.99100800027372,60.06798866041738,382,1,2,3,19690.070477784153,21285.920872596555,58.76121099852224,59.23276698898597,-77.75729899209098,20.0,kinematic,False,0,0.0,,,,random,event,5,90,9.018659999583178,9.514817999843217,6366.66666666665,500.0,0.05429700013337424,19658.682538037858
random-s0-0127,voronoi,1,0,completed,True,False,3,407,0,,15.800623999439267,0.03882217198879427,2699.9999999999955,32.50408800022342,83.06647459179402,162,0,0,0,13383.4849497731,11736.884218204148,59.71991349881771,59.99486854087283,120.96768287654027,20.0,kinematic,False,0,0.0,,,,random,event,0,0,4.04701300067245,3.97043000020858,2699.9999999999955,100.0,0.03839800001514959,10911.577881633595
random-s0-0127,voronoi,1,0,completed,True,False,3,453,0,,27.930521002417663,0.061656779254785125,3116.6666666666606,47.051218999968114,66.23987078143018,187,0,0,0,11441.003091197403,12311.782441970481,59.27300257561763,59.55984046544849,134.57985335890896,20.0,kinematic,False,0,0.0,,,,random,event,82,1,0.11819199971796479,4.306799000005412,3116.6666666666606,500.0,0.05961700026091421,10911.577881633595
random-s0-0127,prm,1,0,completed,True,False,3,380,0,,25.915940002505522,0.06819984211185663,2283.3333333333303,40.66361900004267,56.151749142911605,137,0,0,0,14050.948388853516,11297.42507186282,59.42417672262739,59.99486854087283,138.01077025786407,20.0,kinematic,False,0,0.0,,,,random,event,2,9,7.0399229998656665,6.998405999638635,2283.3333333333303,100.0,0.038469999708468094,10911.577881633595
random-s0-0127,prm,1,0,planning_failed,False,False,3,110,2,"B0,B2",1.9641880007839063,0.017856254552580966,1799.9999999999984,8.170986000095581,220.2916514578464,108,0,0,0,2334.097557943969,2274.117446603982,2879.153478343204,4748.459743959087,3.1721427752836746,20.0,kinematic,False,0,0.0,,,,random,event,0,0,0.18282500013810932,0.11739100000340841,,500.0,0.025719999939610716,10911.577881633595
random-s0-0127,visibility,1,0,completed,True,False,3,388,0,,24.105369992412307,0.06212724224848533,2299.999999999997,39.33173799987344,58.47694805674231,138,0,0,0,11068.725427442641,10781.814346469811,59.25675690480966,59.99486854087283,55.877631290332346,20.0,kinematic,False,0,0.0,,,,random,event,1,4,8.667133000017202,8.918355000332667,2299.999999999997,100.0,0.027417000183049822,10911.577881633595
random-s0-0127,visibility,1,0,planning_failed,False,False,3,110,2,"B0,B2",1.96889399921929,0.017899036356539,1799.9999999999984,8.304681000026903,216.7452307914256,108,0,0,0,2334.097557943969,2274.117446603982,2879.153478343204,4748.459743959087,3.1721427752836746,20.0,kinematic,False,0,0.0,,,,random,event,0,0,0.14104599995334866,0.07710799991400563,,500.0,0.027176000003237277,10911.577881633595
random-s0-0128,voronoi,1,0,completed,True,False,3,507,0,,23.270429000604054,0.045898282052473476,4266.666666666657,45.80886499979897,93.14063264141954,256,0,0,0,16766.709106830123,12592.831232531054,59.08174638304723,59.948247965978666,0.9264879812882896,20.0,kinematic,False,0,0.0,,,,random,event,0,0,7.815941999979259,3.9216300001498894,4266.666666666657,100.0,0.0466820001747692,12468.80728224657
random-s0-0128,voronoi,1,0,completed,True,False,3,494,0,,49.73203399731574,0.10067213359780514,3366.6666666666597,70.57336000025316,47.70449737201945,202,0,0,0,16865.141423907895,13721.930153019974,58.56324628532477,58.6961775981714,0.42710894805671273,20.0,kinematic,False,0,0.0,,,,random,event,37,1,7.972504999997909,4.478460999962408,3366.6666666666597,500.0,0.059453000176290516,12468.80728224657
random-s0-0128,prm,1,0,completed,True,False,3,407,0,,26.191588998244697,0.06435279852148575,2649.9999999999955,42.43099999985134,62.45433763072471,159,0,0,0,12661.519288862015,12390.57501830813,58.946687989680264,59.65261256098445,1.3163844990373263,20.0,kinematic,False,0,0.0,,,,random,event,1,0,13.805015000343701,7.217950000267592,2649.9999999999955,100.0,0.024294000013469486,12468.80728224657
random-s0-0128,prm,1,0,completed,True,False,3,398,0,,30.049589000554988,0.07550147990089193,2483.3333333333294,45.838657000331295,54.17552554638286,149,0,0,0,12661.519288862015,12731.923588370693,58.494094772111026,59.34526503554736,111.07970514140322,20.0,kinematic,False,0,0.0,,,,random,event,2,46,13.216539000495686,6.876759000078891,2483.3333333333294,500.0,0.06135000012363889,12468.80728224657
random-s0-0128,visibility,1,0,completed,True,False,3,472,0,,260.9073250005167,0.552769756357027,3733.333333333325,281.3199870001881,13.270771739836702,224,0,1,1,12498.095497710096,12308.483344146829,58.71228782129233,59.332956529358,-5.938051981173828,20.0,kinematic,False,0,0.0,,,,random,event,26,8,23.372539000320103,13.691137000023446,3733.333333333325,100.0,8.652797999729955,12468.80728224657
random-s0-0128,visibility,1,0,completed,True,False,3,400,0,,60.648091004168236,0.1516202275104206,2533.3333333333294,76.71994500014989,33.02053114517196,152,0,0,0,12498.095497710096,12364.467942600419,58.69017534370894,59.568788442525715,4.657263400965519,20.0,kinematic,False,0,0.0,,,,random,event,4,35,19.458471000234567,9.862095000244153,2533.3333333333294,500.0,0.05701500003851834,12468.80728224657
random-s0-0129,voronoi,1,0,completed,True,False,3,380,0,,15.601438994963246,0.041056418407798015,2683.3333333333285,31.774535000295145,84.44917709443753,161,0,0,0,10519.08521216602,9599.448320948954,58.67412265791673,59.86542415218716,0.6052373260187665,20.0,kinematic,False,0,0.0,,,,random,event,0,0,4.136547999678442,4.064464999828488,2683.3333333333285,100.0,0.0455979998150724,9484.538206886064
random-s0-0129,voronoi,1,0,completed,True,False,3,396,0,,22.448743000950344,0.056688744951894805,2683.3333333333285,39.11746799985849,68.59680522632588,161,0,0,0,10247.996571114189,10001.49944324587,58.79056691756642,59.544081949804756,0.6052373260187665,20.0,kinematic,False,0,0.0,,,,random,event,18,0,4.174441999566625,4.446161000032589,2683.3333333333285,500.0,0.05014000043956912,9484.538206886064
random-s0-0129,prm,1,0,completed,True,False,3,355,0,,12.372424000204774,0.034851898592126125,2266.6666666666633,26.465377000022272,85.6464907590304,136,0,0,0,11952.492109953584,9391.780345537587,59.00135257965294,59.86542415218716,7.305651875777244,20.0,kinematic,False,0,0.0,,,,random,event,0,0,6.558700999903522,6.522307000068395,2266.6666666666633,100.0,0.023112000235414598,9484.538206886064
random-s0-0129,prm,1,0,completed,True,False,3,356,0,,17.142698996849504,0.048153648867554785,2266.6666666666633,31.545573999665066,71.85371446056837,136,0,0,0,11952.492109953584,9396.901751598289,58.449474055197385,59.078950037455,7.305651875777244,20.0,kinematic,False,0,0.0,,,,random,event,1,18,6.327357000373013,6.295993000094313,2266.6666666666633,500.0,0.05239000029177987,9484.538206886064
random-s0-0129,visibility,1,0,completed,True,False,3,393,0,,16.293007000058424,0.041458033079029066,2899.9999999999945,32.43440699998246,89.41122308792521,174,0,0,0,9493.937448299745,9314.330787605522,59.14815526520476,59.86542415218716,0.8649345226586433,20.0,kinematic,False,0,0.0,,,,random,event,0,0,9.467681999922206,9.432343999833392,2899.9999999999945,100.0,0.02331199993932387,9484.538206886064
random-s0-0129,visibility,1,0,completed,True,False,3,395,0,,25.525247999667044,0.0646208810118153,2899.9999999999945,41.877360999933444,69.24982689345214,174,0,0,0,9493.937448299745,9320.663816626595,58.88077607294378,59.519358094110466,0.8649345226586433,20.0,kinematic,False,0,0.0,,,,random,event,1,17,9.706762999485363,9.673824999936187,2899.9999999999945,500.0,0.053358000059233746,9484.538206886064
random-s0-0130,voronoi,1,0,completed,True,False,3,426,0,,21.49456000279315,0.05045671362158016,3199.9999999999936,40.12618000024304,79.74843356583187,192,0,0,0,11915.743249554615,12103.468362238322,58.319169497442864,58.49101756306786,114.51685949971215,20.0,kinematic,False,0,0.0,,,,random,event,16,1,0.11816099959105486,3.8818240000182413,3199.9999999999936,100.0,0.05392799994297093,11915.743249554615
random-s0-0130,voronoi,1,0,completed,True,False,3,547,0,,50.59171099355808,0.09248941680723598,3866.666666666658,74.20061099992381,52.11098149408269,232,0,0,0,11915.743249554615,15160.089043617714,58.936245439109086,59.3233438039164,153.6248328015846,20.0,kinematic,False,0,0.0,,,,random,event,113,0,0.083523000284913,4.241336999712075,3866.666666666658,500.0,0.06368699996528449,11915.743249554615
random-s0-0130,prm,1,0,completed,True,False,3,409,0,,15.239509999901202,0.0372604156476802,2999.999999999994,34.55227599988575,86.82496053255403,180,0,0,0,11915.743249554615,11798.47359113127,59.09428202311347,59.933359160992396,144.0789466880223,20.0,kinematic,False,0,0.0,,,,random,event,1,16,0.053965000006428454,6.356399000196689,2999.999999999994,100.0,0.050505999752203934,11915.743249554615
random-s0-0130,prm,1,0,completed,True,False,3,390,0,,14.432771002248046,0.03700710513396935,2683.3333333333285,30.699230000209354,87.40718686804293,161,0,0,0,11915.743249554615,11829.446386604068,58.9038613864758,59.362097251079405,171.68677532388114,20.0,kinematic,False,0,0.0,,,,random,event,1,83,0.0453679999736778,4.609159999745316,2683.3333333333285,500.0,0.05848299997524009,11915.743249554615
random-s0-0130,visibility,1,0,completed,True,False,3,391,0,,72.64824500180111,0.1858011381120233,2699.9999999999955,88.64291700001559,30.45928644247482,162,0,0,0,11915.743249554615,11763.6139612917,58.7729300003177,58.96930309260509,155.0666226221897,20.0,kinematic,False,0,0.0,,,,random,event,7,18,0.04711400060841697,9.661783999945328,2699.9999999999955,100.0,0.053452999964065384,11915.743249554615
random-s0-0130,visibility,1,0,completed,True,False,3,396,0,,17.93941800315224,0.04530156061402081,2783.3333333333285,34.35977600020124,81.00557271726764,167,0,0,0,11915.743249554615,11768.271490477686,58.49030693297444,58.85846934528016,163.14367133309565,20.0,kinematic,False,0,0.0,,,,random,event,1,74,0.04586399973049993,8.33619600007296,2783.3333333333285,500.0,0.056058000154735055,11915.743249554615
random-s0-0131,voronoi,1,0,completed,True,False,3,480,0,,19.196043994725187,0.03999175832234414,3983.333333333324,40.23309300009714,99.00639091614723,239,0,0,0,12224.802217141578,12583.762179907902,59.24332294190878,59.89151630806685,35.23862443470284,20.0,kinematic,False,0,0.0,,,,random,event,16,0,0.11651800014078617,3.8842620001560135,3983.333333333324,100.0,0.05318000012266566,12224.802217141578
random-s0-0131,voronoi,1,0,completed,True,False,3,805,0,,146.70984800659426,0.1822482583932848,5283.33333333332,180.29970700035847,29.303061115472673,317,0,0,0,12224.802217141578,19960.447548286014,58.736078191984234,59.31765907921585,365.21722129210843,20.0,kinematic,False,0,0.0,,,,random,event,172,2,0.09044500029631308,7.9916959998627135,5283.33333333332,500.0,0.07017000007181196,12224.802217141578
random-s0-0131,prm,1,0,completed,True,False,3,420,0,,14.46612899962929,0.03444316428483164,3549.9999999999923,32.247228999949584,110.08697832627858,213,0,0,0,12224.802217141578,12220.951919575942,59.237139861053976,59.882098030323085,49.01611269953642,20.0,kinematic,False,0,0.0,,,,random,event,1,17,0.04953600046064821,6.405775999610341,3549.9999999999923,100.0,0.04750700009026332,12224.802217141578
random-s0-0131,prm,1,0,completed,True,False,3,405,0,,14.123170999482682,0.0348720271592165,3299.999999999993,31.68802299978779,104.14029300666984,198,0,0,0,12224.802217141578,13595.982570686723,59.4080811203404,59.882098030323085,35.31314087665521,20.0,kinematic,False,0,0.0,,,,random,event,1,83,0.04554599991024588,3.8416229999711504,3299.999999999993,500.0,0.05836999980601831,12224.802217141578
random-s0-0131,visibility,1,0,completed,True,False,3,422,0,,74.66576100023303,0.17693308293894083,3583.3333333333253,93.13691899978949,38.473822967468195,215,0,0,0,12224.802217141578,12101.963790290185,59.27889586355804,59.882098030323085,22.895155360181604,20.0,kinematic,False,0,0.0,,,,random,event,7,57,0.05052199958299752,9.545317000174691,3583.3333333333253,100.0,0.05873600002814783,12224.802217141578
random-s0-0131,visibility,1,0,completed,True,False,3,423,0,,19.00009700057126,0.04491748699898643,3599.9999999999923,37.37157100022159,96.32990809989353,216,0,0,0,12224.802217141578,13118.361526785393,59.45460307167102,59.894996621625204,41.412835859890805,20.0,kinematic,False,0,0.0,,,,random,event,1,99,0.06618999987040297,7.580875000257947,3599.9999999999923,500.0,0.057158999879902694,12224.802217141578
random-s0-0132,voronoi,1,0,completed,True,False,3,416,0,,24.681507001787395,0.059330545677373545,2583.333333333329,41.49835999987772,62.25145604165902,155,0,0,0,12864.894591970304,12664.012930344968,59.48235806167645,59.8537953266697,0.6324168420644867,20.0,kinematic,False,0,0.0,,,,random,event,2,0,3.9886330005174386,4.057988000113255,2583.333333333329,100.0,0.04921100025967462,12227.687424469155
random-s0-0132,voronoi,1,0,completed,True,False,3,419,0,,73.10694800025885,0.17447958949942446,2733.3333333333285,90.7978479999656,30.103503480989595,164,0,0,0,14506.478245012386,13803.886574477583,58.64769055933539,59.747950115944015,7.349721740217149,20.0,kinematic,False,0,0.0,,,,random,event,55,8,4.190817999642604,4.434631000094669,2733.3333333333285,500.0,0.06652399997619796,12227.687424469155
random-s0-0132,prm,1,0,completed,True,False,3,395,0,,20.457124996937637,0.0517901898656649,2383.33333333333,36.27737399983744,65.69751529821342,143,0,0,0,12405.055299585969,12189.251453693898,58.50136401646838,58.88571531118038,0.839831067915469,20.0,kinematic,False,0,0.0,,,,random,event,1,0,6.224224000106915,6.182635000186565,2383.33333333333,100.0,0.027763999696617248,12227.687424469155
random-s0-0132,prm,1,0,completed,True,False,3,427,0,,22.23874699757289,0.05208137470157585,2949.9999999999945,40.349814999899536,73.11062020996476,177,0,0,0,12405.055299585969,12189.831717282188,59.15870484732642,59.74698961939179,37.566629272998966,20.0,kinematic,False,0,0.0,,,,random,event,1,124,5.877513000086765,5.838134999976319,2949.9999999999945,500.0,0.06031300017639296,12227.687424469155
random-s0-0132,visibility,1,0,completed,True,False,3,401,0,,26.766689994929038,0.06674985036141905,2499.999999999996,42.79440499976772,58.41885171703089,150,0,0,0,12230.340244949231,12078.292190365799,59.1955648549511,59.41937709532563,0.02418207749889234,20.0,kinematic,False,0,0.0,,,,random,event,1,0,9.925134000241087,9.885878000204684,2499.999999999996,100.0,0.026852999781112885,12227.687424469155
random-s0-0132,visibility,1,0,completed,True,False,3,400,0,,27.702695000243693,0.06925673750060923,2499.999999999996,43.89357599984578,56.95594271035879,150,0,0,0,12230.340244949231,12051.47300061976,59.07492166956333,59.28160215834728,0.02418207749889234,20.0,kinematic,False,0,0.0,,,,random,event,1,68,9.749469000325917,9.711742000035883,2499.999999999996,500.0,0.05758699990110472,12227.687424469155
random-s0-0133,voronoi,1,0,completed,True,False,3,392,0,,22.98264599949107,0.058629198978293544,2366.6666666666633,38.489620000291325,61.48843939349752,142,0,0,0,14388.433604653492,11779.709358755354,58.59114947691188,59.12936766264767,39.531381146874025,20.0,kinematic,False,0,0.0,,,,random,event,6,1,4.00254300029701,3.9343820003523433,2366.6666666666633,100.0,0.04910400002700044,11837.62870483797
random-s0-0133,voronoi,1,0,completed,True,False,3,467,0,,23.16871300808998,0.04961180515650959,3266.66666666666,42.61159499992573,76.66145016802008,196,0,0,0,14388.433604653492,13697.371408571416,59.134283733224834,59.63042059657757,13.248859891527559,20.0,kinematic,False,0,0.0,,,,random,event,53,0,4.025566000109393,4.036579000057827,3266.66666666666,500.0,0.05369200016502873,11837.62870483797
random-s0-0133,prm,1,0,completed,True,False,3,385,0,,19.594344998495217,0.05089440259349407,2366.6666666666633,34.44450599999982,68.70955462873167,142,0,0,0,12703.613244465327,11753.717954364129,59.38588371765462,59.81581356378938,31.629634456319252,20.0,kinematic,False,0,0.0,,,,random,event,1,13,6.750094999460998,6.713478999699873,2366.6666666666633,100.0,0.03630699984569219,11837.62870483797
random-s0-0133,prm,1,0,completed,True,False,3,398,0,,21.8554490020324,0.05491318844731759,2449.9999999999964,37.408010000035574,65.49399446796733,147,0,0,0,12703.613244465327,11881.396696839569,59.22642732097208,59.29290871984908,50.665604400516315,20.0,kinematic,False,0,0.0,,,,random,event,2,40,6.3731610002832895,6.318931000350858,2449.9999999999964,500.0,0.05871400026080664,11837.62870483797
random-s0-0133,visibility,1,0,completed,True,False,3,393,0,,25.17383099984727,0.06405554961793199,2366.6666666666633,40.49961100008659,58.43677527326382,142,0,0,0,11845.531891578768,11690.71931226868,59.20902535556047,59.28523847750692,31.02155480787286,20.0,kinematic,False,0,0.0,,,,random,event,1,0,9.606959999473474,9.572188999754871,2366.6666666666633,100.0,0.026527000045462046,11837.62870483797
random-s0-0133,visibility,1,0,completed,True,False,3,407,0,,25.01885200263132,0.061471380841845995,2366.6666666666633,40.55777199982913,58.35297527380533,142,0,0,0,11845.531891578768,11662.745335888492,58.97037510129578,59.212469926526815,0.433161523973979,20.0,kinematic,False,0,0.0,,,,random,event,1,30,9.218966999924305,9.187080999708996,2366.6666666666633,500.0,0.05214100019657053,11837.62870483797
random-s0-0134,voronoi,1,0,completed,True,False,3,330,0,,9.61740800039479,0.029143660607256937,2033.333333333331,23.10980800029938,87.98573027119004,122,0,0,0,7423.75272692261,7247.981191052679,58.59051195664376,59.38299625066599,250.83959892284713,20.0,kinematic,False,0,0.0,,,,random,event,0,0,0.10091099920828128,0.06020800037731533,2033.333333333331,100.0,0.04077700032212306,7423.75272692261
random-s0-0134,voronoi,1,0,completed,True,False,3,398,0,,35.32655899607562,0.08876019848260205,2849.9999999999945,52.52654800005985,54.25827716675285,171,0,1,1,7423.75272692261,8672.799991245734,58.832081593813825,59.494034089022115,-119.66825293163733,20.0,kinematic,False,0,0.0,,,,random,event,62,2,0.08727000067665358,4.9561380001250654,2849.9999999999945,500.0,0.05951100001766463,7423.75272692261
random-s0-0134,prm,1,0,completed,True,False,3,330,0,,5.214178999722208,0.015800542423400628,2033.333333333331,18.27475099980802,111.26462589584348,122,0,0,0,7423.75272692261,7247.981191052679,58.59051195664376,59.38299625066599,250.83959892284713,20.0,kinematic,False,0,0.0,,,,random,event,0,0,0.05021600009058602,0.047634000111429486,2033.333333333331,100.0,0.019351999981154222,7423.75272692261
random-s0-0134,prm,1,0,completed,True,False,3,330,0,,7.011543005774001,0.021247100017496974,2033.333333333331,20.21270600016578,100.59678962909044,122,0,0,0,7423.75272692261,7247.981191052679,58.59051195664376,59.38299625066599,250.83959892284713,20.0,kinematic,False,0,0.0,,,,random,event,0,36,0.04832199965676409,0.16249800000878167,2033.333333333331,500.0,0.05334800016498775,7423.75272692261
random-s0-0134,visibility,1,0,completed,True,False,3,330,0,,5.1748700020652905,0.0156814242486827,2033.333333333331,18.024685000000318,112.80825897003443,122,0,0,0,7423.75272692261,7247.981191052679,58.59051195664376,59.38299625066599,250.83959892284713,20.0,kinematic,False,0,0.0,,,,random,event,0,0,0.04799499993168865,0.04716400007964694,2033.333333333331,100.0,0.01810000003388268,7423.75272692261
random-s0-0134,visibility,1,0,completed,True,False,3,330,0,,6.700462996832357,0.020304433323734414,2033.333333333331,19.56481699971846,103.92805275728318,122,0,0,0,7423.75272692261,7247.981191052679,58.59051195664376,59.38299625066599,250.83959892284713,20.0,kinematic,False,0,0.0,,,,random,event,0,36,0.04493200003707898,0.09096600024349755,2033.333333333331,500.0,0.053976999879523646,7423.75272692261
random-s0-0135,voronoi,1,0,completed,True,False,3,378,0,,15.573169997878722,0.04119886242825059,2483.3333333333294,31.24065599968162,79.49043494344797,149,0,0,0,10663.091175010846,10485.123030081104,59.752951638707295,59.82124168280088,430.8600629195312,20.0,kinematic,False,0,0.0,,,,random,event,1,0,0.1244640002369124,4.170845000317058,2483.3333333333294,100.0,0.04837100004806416,10663.091175010846
random-s0-0135,voronoi,1,0,completed,True,False,3,573,0,,54.704825000044366,0.09547089877843694,3683.3333333333253,78.41260299983333,46.97374136835063,221,0,0,0,10663.091175010846,16375.434144670882,58.46958095802986,58.52101953236292,352.74792068701004,20.0,kinematic,False,0,0.0,,,,random,event,105,4,0.09364800007460872,5.073715999969863,3683.3333333333253,500.0,0.06457400013459846,10663.091175010846
random-s0-0135,prm,1,0,completed,True,False,3,383,0,,13.07045399744311,0.034126511742671305,2566.6666666666624,28.447372999835352,90.22508569355483,154,0,0,0,10663.091175010846,10572.400017691889,59.15101939199064,59.78585526939115,430.8600629195312,20.0,kinematic,False,0,0.0,,,,random,event,1,0,0.05050799973105313,6.827170000178739,2566.6666666666624,100.0,0.025348999770358205,10663.091175010846
random-s0-0135,prm,1,0,completed,True,False,3,366,0,,11.808486996415013,0.032263625673265066,2283.3333333333303,26.666935000321246,85.62413840607569,137,0,0,0,10663.091175010846,10484.502352825286,59.52960739518566,59.78585526939115,430.8600629195312,20.0,kinematic,False,0,0.0,,,,random,event,0,114,0.045365000005404,0.8372900001631933,2283.3333333333303,500.0,0.07108899990271311,10663.091175010846
random-s0-0135,visibility,1,0,completed,True,False,3,370,0,,15.796083003351669,0.04269211622527478,2349.9999999999964,30.407369999920775,77.28389531900059,141,0,0,0,10663.091175010846,10535.492872807361,59.219696219974104,59.78585526939115,430.8600629195312,20.0,kinematic,False,0,0.0,,,,random,event,1,0,0.04997199994249968,9.460768999815627,2349.9999999999964,100.0,0.027631999728328083,10663.091175010846
random-s0-0135,visibility,1,0,completed,True,False,3,366,0,,10.41338000277392,0.028451857931076283,2283.3333333333303,25.02262400003019,91.25075504993302,137,0,0,0,10663.091175010846,10484.502352825286,59.52960739518566,59.78585526939115,430.8600629195312,20.0,kinematic,False,0,0.0,,,,random,event,0,114,0.046137000026647,0.08927399994718144,2283.3333333333303,500.0,0.058523999996396014,10663.091175010846
random-s0-0136,voronoi,1,0,completed,True,False,3,557,0,,162.84040299979097,0.29235260861721896,3549.9999999999923,186.23773000035726,19.061658451234248,213,0,0,0,15328.67543047605,17716.66086280742,59.21184687367357,59.8988020104151,62.861055171881446,20.0,kinematic,False,0,0.0,,,,random,event,78,3,0.13210700035415357,4.675821000091673,3549.9999999999923,100.0,3.7967289999869536,15328.67543047605
random-s0-0136,voronoi,1,0,completed,True,False,3,652,0,,164.46079699562688,0.25224048618961176,4783.333333333322,192.98892000006163,24.7855334561787,287,0,0,0,16444.05061836881,18963.913007711173,58.95302762727431,59.60597280006872,289.98792512808143,20.0,kinematic,False,0,0.0,,,,random,event,133,26,3.9134069997999177,5.390469999838388,4783.333333333322,500.0,3.6675360001936497,15328.67543047605
random-s0-0136,prm,1,0,completed,True,False,3,501,0,,217.8068389962391,0.4347441896132517,3183.333333333327,238.51710000008097,13.346352665415798,191,0,1,1,15328.67543047605,16697.693369447472,59.104322149261854,59.685001577463055,-150.43648991469126,20.0,kinematic,False,0,0.0,,,,random,event,36,20,0.049371999921277165,6.5180219999092515,3183.333333333327,100.0,5.5625630002396065,15328.67543047605
random-s0-0136,prm,1,0,completed,True,False,3,492,0,,22.021074991698697,0.04475828250345264,3216.66666666666,42.447240999990754,75.78034734147647,193,0,1,1,17303.871919591642,15581.20421726074,58.69323613524031,59.7906563997395,-141.94947325387406,20.0,kinematic,False,0,0.0,,,,random,event,0,200,6.0861779998049315,6.053743999927974,3216.66666666666,500.0,0.061780000123690115,15328.67543047605
random-s0-0136,visibility,1,0,completed,True,False,3,472,0,,130.87977300210696,0.27728765466548083,2799.999999999995,149.98862900029053,18.668081831687196,168,0,1,1,15328.67543047605,15282.501540118898,58.426248411845194,58.87785069829703,-142.17350870411454,20.0,kinematic,False,0,0.0,,,,random,event,14,12,0.04852999973081751,9.265634999792383,2799.999999999995,100.0,0.050025000291498145,15328.67543047605
random-s0-0136,visibility,1,0,completed,True,False,3,458,0,,25.822671997502766,0.05638137990721128,2699.9999999999955,44.057012000394025,61.28422871655136,162,0,1,1,15744.24051378583,15193.34614876582,58.71526049010418,59.85672946433109,-141.94947325387406,20.0,kinematic,False,0,0.0,,,,random,event,0,231,9.667186999649857,9.6189589999085,2699.9999999999955,500.0,0.07262999997692532,15328.67543047605
random-s0-0137,voronoi,1,0,completed,True,False,3,376,0,,23.1605039994065,0.06159708510480452,2399.9999999999964,38.85462900007042,61.768701999333125,144,0,0,0,13013.408124258774,9461.369826713018,58.405117965270875,58.90845157798414,1.6836355613380078,20.0,kinematic,False,0,0.0,,,,random,event,4,0,8.10929799990845,4.131679999773041,2399.9999999999964,100.0,0.04525400026977877,9039.254575578241
random-s0-0137,voronoi,1,0,completed,True,False,3,462,0,,39.46194599575392,0.08541546752327689,3199.9999999999936,59.15600300022561,54.09425650322909,192,0,0,0,13046.637073934911,10035.92040799382,59.49395902730453,59.74125623903604,9.42213027234996,20.0,kinematic,False,0,0.0,,,,random,event,38,0,8.111867999559763,4.2544740003904735,3199.9999999999936,500.0,0.06012600033500348,9039.254575578241
random-s0-0137,prm,1,0,completed,True,False,3,382,0,,34.20623300326042,0.08954511257398017,2383.33333333333,49.21946900003604,48.422573053999926,143,0,0,0,10620.725165549884,10354.570273885669,59.046904551346394,59.305958752091705,9.178052230132607,20.0,kinematic,False,0,0.0,,,,random,event,2,20,13.419062000139093,7.0192169996516895,2383.33333333333,100.0,0.05933700003879494,9039.254575578241
random-s0-0137,prm,1,0,completed,True,False,3,490,0,,63.64913300558328,0.12989618980731282,3533.3333333333258,84.657462999985,41.736820454139426,212,1,0,1,10620.725165549884,11438.286617623738,58.85871693722472,59.537032345464056,-121.66973852375597,20.0,kinematic,False,0,0.0,,,,random,event,1,144,13.226807000592089,25.92274200014799,3533.3333333333258,500.0,0.07935299981909338,9039.254575578241
random-s0-0137,visibility,1,0,completed,True,False,3,473,0,,45.62103100352033,0.09645038267129033,3766.6666666666583,66.50364999995872,56.63849528061988,226,0,2,2,9136.271539259016,8943.86764475345,58.78884435543432,59.40407978191061,-15.475587466172442,20.0,kinematic,False,0,0.0,,,,random,event,2,5,18.54900199941767,9.56859899997653,3766.6666666666583,100.0,0.02785600008792244,9039.254575578241
random-s0-0137,visibility,1,0,completed,True,False,3,473,0,,60.47223000314261,0.12784826639142202,3766.6666666666583,80.68588400010412,46.68309349702108,226,0,1,1,9136.271539259016,9771.28204236834,58.85482830131073,59.60203161953986,-15.475587466172442,20.0,kinematic,False,0,0.0,,,,random,event,4,58,16.900766000617296,8.58012000026065,3766.6666666666583,500.0,0.05331700003807782,9039.254575578241
random-s0-0138,voronoi,1,0,completed,True,False,3,461,0,,39.930269996602874,0.08661663773666567,3133.333333333327,60.493248000057065,51.79641425982568,188,0,1,1,14134.547754328461,14644.569917585733,58.67583566516487,59.3007980416992,-32.62403412067903,20.0,kinematic,False,0,0.0,,,,random,event,16,0,0.10060100021291873,4.540046999863989,3133.333333333327,100.0,0.058941999668604694,14134.547754328461
random-s0-0138,voronoi,1,0,completed,True,False,3,643,0,,106.59076099773301,0.16577101243815398,4549.999999999989,134.43456899995,33.84546128162677,273,0,0,0,17912.475261635584,17096.87041803222,58.95744339594995,59.386067060395895,58.36534613976701,20.0,kinematic,False,0,0.0,,,,random,event,141,15,4.334565999670303,4.605695000009291,4549.999999999989,500.0,0.06782700029361877,14134.547754328461
random-s0-0138,prm,1,0,completed,True,False,3,651,0,,31.055297994498687,0.047703990774959584,5599.999999999985,59.98224899985871,93.36095417184468,336,0,0,0,14134.547754328461,21777.82534424164,59.21572920894791,59.79707570437923,81.70420895843716,20.0,kinematic,False,0,0.0,,,,random,event,3,0,0.04907499987893971,6.6613630001484125,5599.999999999985,100.0,0.027167000098415883,14134.547754328461
random-s0-0138,prm,1,0,completed,True,False,3,462,0,,19.014824999885604,0.04115762986988226,3266.66666666666,38.55731200019363,84.72236515476636,196,0,1,1,16688.828937384525,15526.433765783186,59.02412666894295,59.31375259434282,-33.04901621553026,20.0,kinematic,False,0,0.0,,,,random,event,0,106,6.65922899997895,6.6245070001969,3266.66666666666,500.0,0.06163099988043541,14134.547754328461
random-s0-0138,visibility,1,0,completed,True,False,3,452,0,,60.47396500298419,0.13379195797120394,3066.6666666666606,79.04009300000325,38.79887472635608,184,0,1,1,14134.547754328461,14208.034187815148,58.726253847528845,59.074064078102545,-22.207062844306705,20.0,kinematic,False,0,0.0,,,,random,event,6,1,0.048085999878821895,9.145079999598238,3066.6666666666606,100.0,0.027244999728281982,14134.547754328461
random-s0-0138,visibility,1,0,completed,True,False,3,636,0,,55.608644006042596,0.08743497485226823,6166.66666666665,85.2383890000965,72.34611938359919,370,0,1,1,14219.181433070586,18791.54136276809,59.108163871841036,59.552278658276705,-33.510931974782466,20.0,kinematic,False,0,0.0,,,,random,event,4,60,9.031457999753911,8.999880999908783,6166.66666666665,500.0,0.05395700009103166,14134.547754328461
random-s0-0139,voronoi,1,0,completed,True,False,3,387,0,,31.465878999370034,0.08130718087692515,2433.3333333333294,47.29890399994474,51.445871416728224,146,0,0,0,12167.291317044319,11055.07468749227,58.68292973326772,59.77267127099138,4.997838863966024,20.0,kinematic,False,0,0.0,,,,random,event,0,3,7.913236000149482,4.042264999952749,2433.3333333333294,100.0,0.0495530002808664,11207.7544584415
random-s0-0139,voronoi,1,0,completed,True,False,3,639,0,,369.2751259950455,0.5778953458451417,4183.333333333324,397.89545099984025,10.513649560007167,251,0,0,0,12079.267959600385,17440.168737427608,46.51354667369268,59.18697675086254,7.001460358635029,20.0,kinematic,False,0,0.0,,,,random,event,154,40,8.278148000044894,4.776542999934463,4183.333333333324,500.0,4.255662000105076,11207.7544584415
random-s0-0139,prm,1,0,completed,True,False,3,440,0,,27.541954998923757,0.06259535227028126,3366.6666666666597,46.32897099963884,72.66871234184987,202,0,0,0,11396.557826222135,11266.021273627788,59.48519076075874,59.77267127099138,0.33379764687327906,20.0,kinematic,False,0,0.0,,,,random,event,1,0,13.847830000031536,7.004275000326743,3366.6666666666597,100.0,0.02444199981255224,11207.7544584415
random-s0-0139,prm,1,0,completed,True,False,3,448,0,,36.51310899931559,0.08150247544490087,3366.6666666666597,56.17766700015636,59.92891564288864,202,0,0,0,11396.557826222135,11158.991946244963,59.760916237429136,59.85197293036796,0.33379764687327906,20.0,kinematic,False,0,0.0,,,,random,event,1,245,12.691112000084104,6.666134000170132,3366.6666666666597,500.0,0.08715700005268445,11207.7544584415
random-s0-0139,visibility,1,0,completed,True,False,3,400,0,,30.088789996625565,0.07522197499156391,2699.9999999999955,48.01644300005137,56.23073745793929,162,0,0,0,11210.568691392882,11032.080255934594,59.090629542950495,59.77267127099138,1.332444312592827,20.0,kinematic,False,0,0.0,,,,random,event,0,30,21.604309999929683,12.119089999941934,2699.9999999999955,100.0,0.05389600028138375,11207.7544584415
random-s0-0139,visibility,1,0,completed,True,False,3,451,0,,58.46373000258609,0.12963133038267424,3316.6666666666597,85.69884100006675,38.701417988419195,199,0,0,0,11210.568691392882,11031.58969653624,59.489205396836745,59.957110921245544,18.14061792166214,20.0,kinematic,False,0,0.0,,,,random,event,0,202,33.912673000031646,17.378680000092572,3316.6666666666597,500.0,0.11757700031012064,11207.7544584415
random-s0-0140,voronoi,1,0,completed,True,False,3,424,0,,29.12066799808599,0.0686808207502028,3083.333333333327,47.42427800010773,65.01592566841656,185,0,0,0,11315.679228788831,9887.386900778438,59.557971986178245,59.92054546379034,14.739567269929864,20.0,kinematic,False,0,0.0,,,,random,event,25,0,4.075163999914366,4.079971999999543,3083.333333333327,100.0,0.05057599992142059,9094.929799920865
random-s0-0140,voronoi,1,0,completed,True,False,3,467,0,,107.86119899785263,0.23096616487762875,2833.333333333328,127.29468199995608,22.258065213865773,170,0,0,0,11423.218686288212,11660.157653458486,58.30539934502438,58.457956067967395,203.02638350646384,20.0,kinematic,False,0,0.0,,,,random,event,92,17,4.047569000249496,4.174356000021362,2833.333333333328,500.0,3.5079219996987376,9094.929799920865
random-s0-0140,prm,1,0,completed,True,False,3,415,0,,27.785204003976105,0.0669522988047617,2699.9999999999955,45.01108000022214,59.985230302998076,162,0,0,0,9967.105459837278,11604.329318469077,58.950331268015105,59.50000945842563,222.25154621467289,20.0,kinematic,False,0,0.0,,,,random,event,2,21,6.519317999845953,6.4938539999275235,2699.9999999999955,100.0,0.05254400002741022,9094.929799920865
random-s0-0140,prm,1,0,completed,True,False,3,428,0,,50.60211099953449,0.11822923130732357,3249.999999999993,69.14537300008305,47.002421984130294,195,0,0,0,9967.105459837278,9809.722981379204,58.9887592594014,59.50000945842563,1.176177859645179,20.0,kinematic,False,0,0.0,,,,random,event,5,122,6.757232000381919,6.688906000363204,3249.999999999993,500.0,0.07067000024107983,9094.929799920865
random-s0-0140,visibility,1,0,completed,True,False,3,409,0,,44.249057998968055,0.10818840586544756,2849.9999999999945,61.008408999896346,46.7148717155505,171,0,0,0,9095.09989621285,8954.908258936868,59.256148679764216,59.822408956652936,0.6805929674474385,20.0,kinematic,False,0,0.0,,,,random,event,3,16,10.003222999785066,9.959360999800992,2849.9999999999945,100.0,0.05015099986849236,9094.929799920865
random-s0-0140,visibility,1,0,completed,True,False,3,431,0,,63.52182800083028,0.14738243155645078,3299.999999999993,81.87050300011833,40.30755741167516,198,0,1,1,9095.09989621285,9082.29706047583,59.36182618483365,59.50000945842563,-41.05514990153091,20.0,kinematic,False,0,0.0,,,,random,event,5,135,9.654487999796402,9.608440999727463,3299.999999999993,500.0,0.05580000015470432,9094.929799920865
random-s0-0141,voronoi,1,0,completed,True,False,3,491,0,,42.61350899651006,0.08678922402547874,3449.9999999999927,63.32485499979157,54.48097749313991,207,0,0,0,20988.20311096199,17773.461478486763,58.818199242773886,59.824563926066375,21.72447837599475,20.0,kinematic,False,0,0.0,,,,random,event,17,0,7.982296000136557,4.097637999620929,3449.9999999999927,100.0,0.04979499999535619,17003.647853373437
random-s0-0141,voronoi,1,0,completed,True,False,3,665,0,,152.78417100807928,0.22975063309485608,4949.999999999988,182.79093799992552,27.080117067958835,297,0,0,0,21271.735672341114,21432.971443426948,59.418302867358875,59.9721103257581,4.014130394265152,20.0,kinematic,False,0,0.0,,,,random,event,90,14,8.502511000187951,5.442975999812916,4949.999999999988,500.0,0.0899450001270452,17003.647853373437
random-s0-0141,prm,1,0,completed,True,False,3,535,0,,40.569835995938774,0.07583146915128743,3716.6666666666583,62.86964899982195,59.117025874873015,223,0,0,0,17614.393094221497,17460.509290639624,58.292025198422046,58.5702207565826,8.911931152778578,20.0,kinematic,False,0,0.0,,,,random,event,3,0,11.615130999871326,6.589513999642804,3716.6666666666583,100.0,0.027927000246563694,17003.647853373437
random-s0-0141,prm,1,0,completed,True,False,3,616,0,,60.1095030056058,0.09758036202208734,4816.666666666655,86.73667799985196,55.53206299502128,289,0,1,1,17614.393094221497,20342.905296292352,58.82114021843493,59.877713136064614,-32.08796765710153,20.0,kinematic,False,0,0.0,,,,random,event,6,85,11.562389999653533,9.882272999675479,4816.666666666655,500.0,0.05938399999649846,17003.647853373437
random-s0-0141,visibility,1,0,completed,True,False,3,548,0,,44.01031300903924,0.08031079016248036,4716.666666666655,67.85393900008785,69.51205392306774,283,0,0,0,17060.508059901145,16901.163936204248,58.59311005510822,58.69309465725683,2.5496104963990547,20.0,kinematic,False,0,0.0,,,,random,event,2,1,17.192753000017547,8.758940000006987,4716.666666666655,100.0,0.027552000119612785,17003.647853373437
random-s0-0141,visibility,1,0,completed,True,False,3,521,0,,47.23602200192545,0.0906641497157878,4266.666666666657,69.72240000004604,61.19506308824481,256,0,0,0,17098.10066038148,18174.78743290841,58.714474153121394,59.478526062069385,14.333509596484873,20.0,kinematic,False,0,0.0,,,,random,event,2,100,17.537652000100934,8.904129000256944,4266.666666666657,500.0,0.05729600025006221,17003.647853373437
random-s0-0142,voronoi,1,0,completed,True,False,3,410,0,,35.978996002086205,0.08775364878557611,3183.333333333327,53.53971099975752,59.45742466461473,191,0,0,0,11318.0920241905,10797.81636559953,58.96654106148579,59.44778435351272,4.084893615439654,20.0,kinematic,False,0,0.0,,,,random,event,3,2,4.034516000047006,4.112031000204297,3183.333333333327,100.0,0.04999699967811466,10810.885143742471
random-s0-0142,voronoi,1,0,completed,True,False,3,577,0,,125.7951900010994,0.21801592721161075,3616.666666666659,149.69042900020213,24.160974691720437,217,0,0,0,11318.0920241905,13710.992817131246,59.017701644605815,59.29808171262488,7.589181689289461,20.0,kinematic,False,0,0.0,,,,random,event,81,12,4.0419600004497624,4.440677000275173,3616.666666666659,500.0,0.08380999997825711,10810.885143742471
random-s0-0142,prm,1,0,completed,True,False,3,406,0,,13.270688996271929,0.032686426099191944,3116.6666666666606,30.192367000381637,103.22697344753611,187,0,0,0,11272.176421240138,10839.390146789154,59.27563263761703,59.44778435351272,175.12467723904632,20.0,kinematic,False,0,0.0,,,,random,event,0,0,6.260640999698808,6.192917999669589,3116.6666666666606,100.0,0.02554499997131643,10810.885143742471
random-s0-0142,prm,1,0,completed,True,False,3,408,0,,17.2554710006807,0.042292821080099754,3149.9999999999936,34.72844099997019,90.70375488501477,189,0,0,0,11272.176421240138,10843.664699958108,59.157593977057786,59.44778435351272,180.29315412327867,20.0,kinematic,False,0,0.0,,,,random,event,0,90,6.268504000217945,6.228924999959418,3149.9999999999936,500.0,0.06221200010259054,10810.885143742471
random-s0-0142,visibility,1,0,completed,True,False,3,412,0,,17.80371800487046,0.0432129077788118,3216.66666666666,38.31772400008049,83.94722678883285,193,0,0,0,10820.762587585848,10641.265051882101,59.34128119351513,59.44778435351272,0.8374750532296957,20.0,kinematic,False,0,0.0,,,,random,event,0,0,9.618474000035349,9.572211999966385,3216.66666666666,100.0,0.03221599990865798,10810.885143742471
random-s0-0142,visibility,1,0,completed,True,False,3,412,0,,29.00506200057862,0.07040063592373451,3216.66666666666,46.61883199969452,68.99929768055404,193,0,0,0,10820.762587585848,10641.265051882101,59.34128119351513,59.44778435351272,0.8374750532296957,20.0,kinematic,False,0,0.0,,,,random,event,1,110,9.534145000543504,9.493019000274217,3216.66666666666,500.0,0.05781600020782207,10810.885143742471
random-s0-0143,voronoi,1,0,completed,True,False,3,506,0,,89.49000800384965,0.17685772332776611,4083.333333333324,111.92153399997551,36.483893558269294,245,0,0,0,13918.629568304232,15069.087340989929,59.0658762682662,59.69814625799258,41.87374688991457,20.0,kinematic,False,0,0.0,,,,random,event,70,0,0.10104800003318815,4.097490999811271,4083.333333333324,100.0,0.057854999795381445,13918.629568304232
random-s0-0143,voronoi,1,0,completed,True,False,3,600,0,,40.07425800045894,0.0667904300007649,5216.666666666653,66.85214599974643,78.03289765277603,313,0,0,0,14905.94653348996,17518.911774738353,59.2881921612038,59.76047309990647,34.731926381528496,20.0,kinematic,False,0,0.0,,,,random,event,54,2,4.054687999996531,4.259456999989197,5216.666666666653,500.0,0.05004899958294118,13918.629568304232
random-s0-0143,prm,1,0,completed,True,False,3,421,0,,18.672451001748414,0.04435261520605324,2733.3333333333285,35.36295100002462,77.29370021555683,164,0,0,0,13918.629568304232,13979.0662799274,59.50616853811903,59.945007554487376,179.9488314283659,20.0,kinematic,False,0,0.0,,,,random,event,2,0,0.04999899965696386,6.1965709996911755,2733.3333333333285,100.0,0.021874999674764695,13918.629568304232
random-s0-0143,prm,1,0,completed,True,False,3,429,0,,27.105156996185542,0.06318218414029264,2916.666666666661,45.461359999990236,64.15704824200789,175,0,0,0,14422.881672162343,14145.7232614178,59.02046707425609,59.78915164929507,452.4988452116929,20.0,kinematic,False,0,0.0,,,,random,event,1,80,6.221804000233533,10.554875999787328,2916.666666666661,500.0,0.059031999626313336,13918.629568304232
random-s0-0143,visibility,1,0,completed,True,False,3,466,0,,193.15061899214925,0.4144863068501057,3499.9999999999923,213.06965099984154,16.426553399679598,210,0,0,0,13918.629568304232,13800.476796701481,58.86906049560158,59.64451068156667,70.43133192701066,20.0,kinematic,False,0,0.0,,,,random,event,19,20,0.049403999582864344,12.085460999969655,3499.9999999999923,100.0,0.08875100002114777,13918.629568304232
random-s0-0143,visibility,1,0,completed,True,False,3,468,0,,32.31854299792758,0.06905671580753757,3566.666666666659,52.109937999830436,68.44503761793507,214,0,0,0,13982.245533056193,13820.478731624029,58.55747988812835,58.67175095542252,67.63424430850827,20.0,kinematic,False,0,0.0,,,,random,event,1,162,9.79241200047909,9.752144000231056,3566.666666666659,500.0,0.05752800007030601,13918.629568304232
random-s0-0144,voronoi,1,0,completed,True,False,3,505,0,,38.819597995370714,0.07687049107994201,3849.9999999999914,60.16655900020851,63.98903417406086,231,0,0,0,16239.442187253495,13772.65931881884,59.206323249255014,59.57621926071935,18.277627994778896,20.0,kinematic,False,0,0.0,,,,random,event,4,0,8.122345999709069,4.039682999973593,3849.9999999999914,100.0,0.05026799999541254,12667.16850850229
random-s0-0144,voronoi,1,0,completed,True,False,3,543,0,,33.7488440004563,0.06215256721999319,4299.99999999999,57.19135699973776,75.18618591301666,258,0,0,0,19946.94544930123,13529.696030189958,58.504433595063944,59.070657096739104,18.075833489531675,20.0,kinematic,False,0,0.0,,,,random,event,55,0,7.935134000490507,4.207423000025301,4299.99999999999,500.0,0.05876699970031041,12667.16850850229
random-s0-0144,prm,1,0,completed,True,False,3,494,0,,52.41120400614818,0.10609555466831616,2999.999999999994,72.06074899977466,41.631540632603965,180,0,0,0,15194.430548498216,14341.060861624657,58.72162853648124,59.17669163287277,2.182071341538972,20.0,kinematic,False,0,0.0,,,,random,event,5,5,12.567761999889626,6.3921859996298735,2999.999999999994,100.0,0.03169799992974731,12667.16850850229
random-s0-0144,prm,1,0,completed,True,False,3,792,0,,81.05983699442731,0.10234827903336782,5233.33333333332,113.17764800014629,46.23999019070052,314,0,0,0,15194.430548498216,21188.979927911663,58.941293979352395,59.331564633208515,15.182012099535427,20.0,kinematic,False,0,0.0,,,,random,event,8,53,12.311709000186966,14.725475999966875,5233.33333333332,500.0,0.051466000059008365,12667.16850850229
random-s0-0144,visibility,1,0,completed,True,False,3,456,0,,44.55813900631256,0.09771521711910648,3483.3333333333258,63.66085700028634,54.717034885623015,209,0,1,1,12677.579743819493,12496.62674943249,59.22791834267639,59.57621926071935,-7.562888689716345,20.0,kinematic,False,0,0.0,,,,random,event,2,2,18.238330999793106,9.537482000268938,3483.3333333333258,100.0,0.02068699996016221,12667.16850850229
random-s0-0144,visibility,1,0,completed,True,False,3,478,0,,54.9807670008704,0.11502252510642343,3483.3333333333258,75.79248699994423,45.958820870146255,209,0,1,1,12682.712574157355,12501.787960457008,58.88541537607031,59.57621926071935,-7.562888689716345,20.0,kinematic,False,0,0.0,,,,random,event,3,61,18.129116000181966,9.427088999927946,3483.3333333333258,500.0,0.05490200010171975,12667.16850850229
random-s0-0145,voronoi,1,0,completed,True,False,3,370,0,,14.885021005284216,0.04022978650076815,2416.666666666663,30.09092199999941,80.31215084292566,145,0,0,0,10831.906942440884,10654.574458318762,59.11082804070787,59.8408768076452,169.98889097804113,20.0,kinematic,False,0,0.0,,,,random,event,0,1,0.10244799977954244,3.955872000005911,2416.666666666663,100.0,0.04411100007928326,10831.906942440884
random-s0-0145,voronoi,1,0,completed,True,False,3,493,0,,63.12540400904254,0.12804341583984288,3616.666666666659,84.099839999908,43.00444170489046,217,0,0,0,10831.906942440884,12435.021427313332,58.655031484847534,59.31839940368884,133.193846648813,20.0,kinematic,False,0,0.0,,,,random,event,58,1,0.08374799972443725,4.448315999979968,3616.666666666659,500.0,0.061361999996734085,10831.906942440884
random-s0-0145,prm,1,0,completed,True,False,3,370,0,,6.388305001564731,0.017265689193418192,2416.666666666663,21.033616999829974,114.89543936671463,145,0,0,0,10831.906942440884,10654.574458318762,59.11082804070787,59.8408768076452,169.98889097804113,20.0,kinematic,False,0,0.0,,,,random,event,0,7,0.05013000009057578,0.17232099980901694,2416.666666666663,100.0,0.020866999875579495,10831.906942440884
random-s0-0145,prm,1,0,completed,True,False,3,377,0,,12.375588992199482,0.03282649600052913,2416.666666666663,27.34443999997893,88.3787222070931,145,0,0,0,10831.906942440884,10683.166834739412,59.10135222493458,59.8408768076452,169.98889097804113,20.0,kinematic,False,0,0.0,,,,random,event,1,52,0.07058799974402064,3.838718000224617,2416.666666666663,500.0,0.06076799991205917,10831.906942440884
random-s0-0145,visibility,1,0,completed,True,False,3,370,0,,6.299270998624706,0.017025056753039745,2416.666666666663,20.98900999999387,115.13962148130707,145,0,0,0,10831.906942440884,10654.574458318762,59.11082804070787,59.8408768076452,169.98889097804113,20.0,kinematic,False,0,0.0,,,,random,event,0,7,0.04790599996340461,0.08542000023226137,2416.666666666663,100.0,0.03568800002540229,10831.906942440884
random-s0-0145,visibility,1,0,completed,True,False,3,372,0,,16.168660999937856,0.043464142472951224,2416.666666666663,30.97666699977708,78.01570991107772,145,0,0,0,10831.906942440884,10684.987881904388,58.7754007518411,59.8408768076452,169.98889097804113,20.0,kinematic,False,0,0.0,,,,random,event,1,52,0.045527000565925846,7.679113999984111,2416.666666666663,500.0,0.05522399987967219,10831.906942440884
random-s0-0146,voronoi,1,0,completed,True,False,3,436,0,,40.542618006384146,0.09298765597794528,2699.9999999999955,58.066581999810296,46.49834564067877,162,0,0,0,12906.40738904591,13184.684164584058,59.104250967214284,59.950119196743124,212.55346224964597,20.0,kinematic,False,0,0.0,,,,random,event,7,0,0.10055699976874166,4.112225999961083,2699.9999999999955,100.0,0.04991000014342717,12906.40738904591
random-s0-0146,voronoi,1,0,completed,True,False,3,880,0,,205.18404800168355,0.23316369091100403,5416.666666666652,241.75610100019185,22.40550142998192,325,0,0,0,12906.40738904591,22884.724335414616,59.269668815620776,59.586784220905606,6.895787359077389,20.0,kinematic,False,0,0.0,,,,random,event,172,15,0.08702000013727229,4.520094000326935,5416.666666666652,500.0,0.09501900012764963,12906.40738904591
random-s0-0146,prm,1,0,completed,True,False,3,419,0,,20.13890799753426,0.04806421956452091,2666.666666666662,36.79609199980405,72.47146427074003,160,0,0,0,12906.40738904591,13442.050450712102,58.61694368195804,59.270320588959514,212.55346224964597,20.0,kinematic,False,0,0.0,,,,random,event,2,23,0.05021500055590877,6.041836999884254,2666.666666666662,100.0,0.05990099998598453,12906.40738904591
random-s0-0146,prm,1,0,completed,True,False,3,396,0,,13.219989995377546,0.03338381311964027,2399.9999999999964,29.048140999748284,82.62146620745175,144,0,0,0,12906.40738904591,12728.559241305958,59.282715913317396,59.84671192955514,212.55346224964597,20.0,kinematic,False,0,0.0,,,,random,event,0,169,0.04540799955066177,0.11509599971759599,2399.9999999999964,500.0,0.0649920002615545,12906.40738904591
random-s0-0146,visibility,1,0,completed,True,False,3,402,0,,76.41791100468254,0.19009430598179736,2399.9999999999964,92.05799400024262,26.070522457763648,144,0,0,0,12906.40738904591,12784.056299482523,59.27998180503881,59.80894359365412,212.55346224964597,20.0,kinematic,False,0,0.0,,,,random,event,8,25,0.04781100005857297,8.818865999728587,2399.9999999999964,100.0,0.05446700015454553,12906.40738904591
random-s0-0146,visibility,1,0,completed,True,False,3,396,0,,13.031248005518137,0.032907191933126606,2399.9999999999964,28.5474229999636,84.07063572789237,144,0,0,0,12906.40738904591,12728.559241305958,59.282715913317396,59.84671192955514,212.55346224964597,20.0,kinematic,False,0,0.0,,,,random,event,0,169,0.04556200019578682,0.10901799987550476,2399.9999999999964,500.0,0.05778500008091214,12906.40738904591
random-s0-0147,voronoi,1,0,completed,True,False,3,440,0,,20.61035200540573,0.046841709103194844,2766.6666666666615,38.10534900003404,72.60572962247872,166,0,0,0,15869.037636162615,15730.695785839313,58.63839200241682,58.90372228539593,328.77730373763586,20.0,kinematic,False,0,0.0,,,,random,event,1,1,0.10029100030806148,3.9578870000696043,2766.6666666666615,100.0,0.046719999772903975,15869.037636162615
random-s0-0147,voronoi,1,0,completed,True,False,3,794,0,,134.09609500513398,0.16888676952787654,6483.333333333316,168.9016969999102,38.385246853598886,389,0,0,0,15869.037636162615,21037.69328585767,58.34564517442167,58.68506393547756,3.021280691961067,20.0,kinematic,False,0,0.0,,,,random,event,118,16,0.08214100034820149,4.3436700002530415,6483.333333333316,500.0,0.06501400002889568,15869.037636162615
random-s0-0147,prm,1,0,completed,True,False,3,436,0,,13.60736100059512,0.031209543579346605,2766.6666666666615,30.84003899994059,89.71021945439146,166,0,0,0,15869.037636162615,16001.998203912053,58.79151139439443,59.106687183131,402.9255634645933,20.0,kinematic,False,0,0.0,,,,random,event,1,0,0.05093200024930411,6.683591999717464,2766.6666666666615,100.0,0.023752000288368436,15869.037636162615
random-s0-0147,prm,1,0,completed,True,False,3,432,0,,13.749346996519307,0.03182719212157247,2766.6666666666615,31.211363000238634,88.64293003306226,166,0,0,0,15869.037636162615,15692.086838646963,58.98359917188481,59.68295051560214,206.8378284763117,20.0,kinematic,False,0,0.0,,,,random,event,0,166,0.04577400068228599,0.14985500001785113,2766.6666666666615,500.0,0.06403600036719581,15869.037636162615
random-s0-0147,visibility,1,0,completed,True,False,3,432,0,,15.40584099757325,0.03566166897586401,2766.6666666666615,32.57177099976616,84.9406274742176,166,0,0,0,15869.037636162615,15698.211354391668,59.03382742828825,59.83363528481245,109.65432848252237,20.0,kinematic,False,0,0.0,,,,random,event,1,0,0.0484689999211696,8.563543000036589,2766.6666666666615,100.0,0.023688999590376625,15869.037636162615
random-s0-0147,visibility,1,0,completed,True,False,3,432,0,,13.421472000572976,0.031068222223548554,2766.6666666666615,30.621897999935754,90.34928751550495,166,0,0,0,15869.037636162615,15692.086838646963,58.98359917188481,59.68295051560214,206.8378284763117,20.0,kinematic,False,0,0.0,,,,random,event,0,166,0.04695800043919007,0.08492599999954109,2766.6666666666615,500.0,0.057624999953986844,15869.037636162615
random-s0-0148,voronoi,1,0,completed,True,False,3,557,0,,33.118212994395435,0.05945819209047654,4499.999999999989,57.16258199981894,78.7228260615352,270,0,0,0,15397.068801165939,14496.672723480002,58.770001140520804,59.13553259920261,6.943859845550605,20.0,kinematic,False,0,0.0,,,,random,event,6,1,7.754749000014272,3.915971999958856,4499.999999999989,100.0,0.04742500004795147,12426.35837851017
random-s0-0148,voronoi,1,0,completed,True,False,3,604,0,,32.03631500628035,0.05304025663291448,5266.666666666653,58.70293599991783,89.71726161488797,316,0,0,0,17075.80656848073,15096.98437199538,58.3996962631341,58.58200188748526,11.669697463249321,20.0,kinematic,False,0,0.0,,,,random,event,47,0,7.555856000180938,4.099914000107674,5266.666666666653,500.0,0.06110899994382635,12426.35837851017
random-s0-0148,prm,1,0,completed,True,False,3,468,0,,26.78872700289503,0.05724086966430562,3433.333333333326,45.93554300026881,74.74241315299646,206,0,0,0,16102.022850383804,12676.555576340907,58.90857295600085,59.07526198840972,15.795941673248933,20.0,kinematic,False,0,0.0,,,,random,event,1,0,12.407595000695437,6.359076000080677,3433.333333333326,100.0,0.024666999706823844,12426.35837851017
random-s0-0148,prm,1,0,completed,True,False,3,483,0,,23.59508500330776,0.04885110766730385,3183.333333333327,43.27639800021643,73.55818599591876,191,0,0,0,17338.597459720586,13915.60337520412,59.422944977196956,59.94437293969205,131.7539132312649,20.0,kinematic,False,0,0.0,,,,random,event,0,95,11.411039999984496,5.9058919996459736,3183.333333333327,500.0,0.06006600006003282,12426.35837851017
random-s0-0148,visibility,1,0,completed,True,False,3,457,0,,139.79727099604133,0.30590212471781475,2949.9999999999945,158.26753900000767,18.639324391085978,177,0,1,1,12491.235105918351,12280.001485352004,59.14311551853972,59.84167318522333,-0.04349920370799509,20.0,kinematic,False,0,0.0,,,,random,event,13,13,18.00307999974393,9.903615999974136,2949.9999999999945,100.0,0.053186000059213256,12426.35837851017
random-s0-0148,visibility,1,0,completed,True,False,3,420,0,,59.83343399930163,0.14246055714119438,2783.3333333333285,76.76167099998565,36.259415631192404,167,0,0,0,12649.432837419128,12571.574689465971,58.485100552731744,58.57577898444372,17.22584116974511,20.0,kinematic,False,0,0.0,,,,random,event,4,82,17.689663000510336,9.061379000286252,2783.3333333333285,500.0,0.057792999996308936,12426.35837851017
random-s0-0149,voronoi,1,0,completed,True,False,3,362,0,,10.504844003662583,0.0290189060874657,2533.3333333333294,25.22997000005489,100.40968472526197,152,0,0,0,10257.268802649407,10080.472283063116,58.93217319542965,59.64919263987706,54.741136999315785,20.0,kinematic,False,0,0.0,,,,random,event,0,0,0.12441099988791393,0.08114599995678873,2533.3333333333294,100.0,0.03444700041654869,10257.268802649407
random-s0-0149,voronoi,1,0,completed,True,False,3,631,0,,23.031116003039642,0.03649939144697249,5716.6666666666515,51.84477400007381,110.26505133687172,343,0,0,0,10257.268802649407,13542.439630130715,58.82078305459007,59.65819679587006,54.741136999315785,20.0,kinematic,False,0,0.0,,,,random,event,185,0,0.0836679996609746,0.10948700037261005,5716.6666666666515,500.0,0.060243999996600905,10257.268802649407
random-s0-0149,prm,1,0,completed,True,False,3,362,0,,5.946339994352456,0.01642635357555927,2533.3333333333294,20.620255999801884,122.85654132313726,152,0,0,0,10257.268802649407,10080.472283063116,58.93217319542965,59.64919263987706,54.741136999315785,20.0,kinematic,False,0,0.0,,,,random,event,0,0,0.055684999551885994,0.15442699987033848,2533.3333333333294,100.0,0.019489999885990983,10257.268802649407
random-s0-0149,prm,1,0,completed,True,False,3,362,0,,8.330446002219105,0.023012281774085926,2533.3333333333294,22.994219999873167,110.1726143938478,152,0,0,0,10257.268802649407,10080.472283063116,58.93217319542965,59.64919263987706,54.741136999315785,20.0,kinematic,False,0,0.0,,,,random,event,0,56,0.051017000259889755,0.15439299977515475,2533.3333333333294,500.0,0.058692000038718106,10257.268802649407
random-s0-0149,visibility,1,0,completed,True,False,3,362,0,,5.608358000699809,0.015492701659391738,2533.3333333333294,20.26108399968507,125.03444205515886,152,0,0,0,10257.268802649407,10080.472283063116,58.93217319542965,59.64919263987706,54.741136999315785,20.0,kinematic,False,0,0.0,,,,random,event,0,0,0.050982999709958676,0.047157000153674744,2533.3333333333294,100.0,0.017911000213644,10257.268802649407
random-s0-0149,visibility,1,0,completed,True,False,3,362,0,,8.089154000572307,0.022345729283348915,2533.3333333333294,22.64314200010631,111.88082172171316,152,0,0,0,10257.268802649407,10080.472283063116,58.93217319542965,59.64919263987706,54.741136999315785,20.0,kinematic,False,0,0.0,,,,random,event,0,56,0.045309000142879086,0.10916200017163646,2533.3333333333294,500.0,0.05444999987957999,10257.268802649407
random-s0-0150,voronoi,1,0,completed,True,False,3,497,0,,26.94618499481294,0.05421767604590128,3399.9999999999927,47.40527900003144,71.72197003624296,204,0,0,0,15840.998160322428,16365.480614591352,58.81632857482756,59.569910670377546,215.68583805017255,20.0,kinematic,False,0,0.0,,,,random,event,3,0,0.09916799990605796,3.9632259999962116,3399.9999999999927,100.0,0.047788999836484436,15840.998160322428
random-s0-0150,voronoi,1,0,completed,True,False,3,804,0,,311.0052140004882,0.38682240547324404,5066.666666666654,345.07814099970346,14.682664778442192,304,0,0,0,15840.998160322428,24294.193369870205,58.50259391892047,58.63541153440243,120.7144276008517,20.0,kinematic,False,0,0.0,,,,random,event,257,50,0.0842169997667952,4.278109999631852,5066.666666666654,500.0,4.003936000117392,15840.998160322428
random-s0-0150,prm,1,0,completed,True,False,3,456,0,,36.61646499767812,0.08029926534578535,2683.3333333333285,54.518067999651976,49.219156727095644,161,0,0,0,15840.998160322428,16768.473366925096,58.99051237114461,59.71974534261812,290.8807232914698,20.0,kinematic,False,0,0.0,,,,random,event,5,0,0.048810999487614026,6.2182480000956275,2683.3333333333285,100.0,0.025008000193338376,15840.998160322428
random-s0-0150,prm,1,0,completed,True,False,3,434,0,,26.98544800205127,0.06217845161762966,2516.6666666666624,48.39462000018102,52.003025680483674,151,0,0,0,15840.998160322428,15850.907987628989,59.31138089247147,59.953549253990545,125.55065147432464,20.0,kinematic,False,0,0.0,,,,random,event,1,220,0.04569299971990404,5.7213100003536965,2516.6666666666624,500.0,0.11716199969669105,15840.998160322428
random-s0-0150,visibility,1,0,completed,True,False,3,471,0,,93.10854799696244,0.1976826921379245,3083.333333333327,112.09169700032362,27.507241087842797,185,0,0,0,15840.998160322428,15693.327978707071,58.73140633733245,59.192080408082795,262.62595372010486,20.0,kinematic,False,0,0.0,,,,random,event,9,13,0.04782699943461921,9.875147000002471,3083.333333333327,100.0,0.04412499993122765,15840.998160322428
random-s0-0150,visibility,1,0,completed,True,False,3,435,0,,25.270316996738984,0.0580926827511241,2533.3333333333294,42.370302000108495,59.790306269868985,152,0,0,0,15840.998160322428,15703.37827697774,59.32515431278125,59.953549253990545,125.55065147432464,20.0,kinematic,False,0,0.0,,,,random,event,1,220,0.049571999625186436,9.233919000052992,2533.3333333333294,500.0,0.059966999742755434,15840.998160322428
random-s0-0151,voronoi,1,0,completed,True,False,3,400,0,,47.15601700354455,0.11789004250886137,2983.3333333333276,64.5587560002241,46.21113413838042,179,0,0,0,9141.704838678903,7921.86113474935,58.50815788337667,58.834491561978524,160.9319911071242,20.0,kinematic,False,0,0.0,,,,random,event,23,2,3.982153000379185,4.0144950003195845,2983.3333333333276,100.0,0.06454200001826393,6988.655249085747
random-s0-0151,voronoi,1,0,completed,True,False,3,680,0,,218.4468280006513,0.32124533529507543,4216.666666666657,246.97627400018973,17.073164957794358,253,0,0,0,9412.464316836067,15212.648954240392,59.15091997562558,59.88514205213301,45.460501455554095,20.0,kinematic,False,0,0.0,,,,random,event,255,26,5.059641999650921,4.980616000011651,4216.666666666657,500.0,3.735621000032552,6988.655249085747
random-s0-0151,prm,1,0,completed,True,False,3,361,0,,20.73646399549034,0.05744172851936382,2283.3333333333303,35.20168499971987,64.86431923220438,137,0,0,0,7059.553817883652,6868.654482224232,58.77131771988735,58.98773438136173,205.26430635897623,20.0,kinematic,False,0,0.0,,,,random,event,1,31,6.943076999505138,6.902501999775268,2283.3333333333303,100.0,0.060324000060063554,6988.655249085747
random-s0-0151,prm,1,0,completed,True,False,3,357,0,,49.54150699586535,0.13877172827973486,2149.9999999999973,64.01951599991662,33.58350912872877,129,0,0,0,7059.553817883652,7006.211084740689,58.544095467853474,59.08577405104387,263.1361692786322,20.0,kinematic,False,0,0.0,,,,random,event,2,104,6.939706999673945,25.960908999877574,2149.9999999999973,500.0,0.07355300022027222,6988.655249085747
random-s0-0151,visibility,1,0,completed,True,False,3,352,0,,62.61033299824703,0.17787026419956542,2133.3333333333308,76.84774800009109,27.760518542857003,128,0,0,0,6993.492099137223,6886.769551443385,58.828139601508504,59.09009752425661,220.03048363374512,20.0,kinematic,False,0,0.0,,,,random,event,5,27,9.363849000237678,9.459929000058764,2133.3333333333308,100.0,0.054813999668112956,6988.655249085747
random-s0-0151,visibility,1,0,completed,True,False,3,397,0,,121.87691599638129,0.30699475062060777,2749.999999999995,138.4219540000231,19.86679078377651,165,0,0,0,6993.492099137223,7335.812250946103,58.79385979719982,59.524524805897975,194.45450047029084,20.0,kinematic,False,0,0.0,,,,random,event,11,143,8.660997000333737,9.496983000190085,2749.999999999995,500.0,0.0780010000198672,6988.655249085747
random-s0-0152,voronoi,1,0,completed,True,False,3,523,0,,24.99617699686496,0.047793837470105086,3899.999999999991,47.78453799963245,81.61635883201359,234,0,0,0,20241.020762456177,17677.353982695266,59.20985614711145,59.659111126285644,143.26048063427692,20.0,kinematic,False,0,0.0,,,,random,event,1,0,4.21716800019567,4.374301000098058,3899.999999999991,100.0,0.050690000080066966,17542.20628840492
random-s0-0152,voronoi,1,0,completed,True,False,3,771,0,,191.58292799920673,0.24848628793671432,4866.666666666655,224.53057499978968,21.674850592936902,292,0,0,0,18009.6149578302,25894.989700971542,59.24964889295115,59.557073162567555,3.5214830910798582,20.0,kinematic,False,0,0.0,,,,random,event,201,23,0.12308900068092044,4.5924410001134675,4866.666666666655,500.0,3.7449520000336634,17542.20628840492
random-s0-0152,prm,1,0,completed,True,False,3,546,0,,44.63879100376289,0.08175602747941921,3599.9999999999923,67.3350830002164,53.46395726561179,216,0,0,0,18134.048811882712,18288.158235790543,59.301688020727376,59.88441176965516,8.211446611829984,20.0,kinematic,False,0,0.0,,,,random,event,3,24,7.453981000253407,12.47647100035465,3599.9999999999923,100.0,0.050133000058849575,17542.20628840492
random-s0-0152,prm,1,0,planning_failed,False,False,3,290,1,B0,5.910570002470195,0.020381275870586878,2466.666666666663,18.59182599991982,132.67479303417,148,0,0,0,10692.451789884552,10573.769971568017,2322.8121056123005,6849.754498520367,150.65649064483148,20.0,kinematic,False,0,0.0,,,,random,event,0,26,0.15875700000833604,0.12593300016305875,,500.0,0.05730199973186245,17542.20628840492
random-s0-0152,visibility,1,0,completed,True,False,3,487,0,,165.71649899969998,0.3402802854203285,3299.999999999993,185.70767700020951,17.769863116624254,198,0,0,0,17545.674159927767,17459.28258024051,59.41655988694395,59.659111126285644,146.32858391288158,20.0,kinematic,False,0,0.0,,,,random,event,16,21,9.604602999843337,9.808656000132032,3299.999999999993,100.0,0.056617000154801644,17542.20628840492
random-s0-0152,visibility,1,0,planning_failed,False,False,3,290,1,B0,5.771287998413754,0.019900993097978464,2466.666666666663,18.555422000190447,132.9350885493925,148,0,0,0,10692.451789884552,10573.769971568017,2322.8121056123005,6849.754498520367,150.65649064483148,20.0,kinematic,False,0,0.0,,,,random,event,0,26,0.09393400023327558,0.0880989996403514,,500.0,0.05387600003814441,17542.20628840492
random-s0-0153,voronoi,1,0,completed,True,False,3,424,0,,16.763082005581964,0.03953557076788199,3016.666666666661,34.45197799965172,87.56149405114438,181,0,0,0,14258.31794101942,14218.172477934544,58.623720714272416,59.37599108609318,26.247039398109877,20.0,kinematic,False,0,0.0,,,,random,event,1,0,0.1000279999061604,4.2287589999432385,3016.666666666661,100.0,0.04162899995208136,14258.31794101942
random-s0-0153,voronoi,1,0,completed,True,False,3,498,0,,72.44198001035329,0.14546582331396243,3149.9999999999936,93.21356500004185,33.79336473182395,189,0,0,0,14258.31794101942,15482.1784061195,58.360882803839296,58.80335870455508,1.5586872949959343,20.0,kinematic,False,0,0.0,,,,random,event,93,5,0.10652900073182536,4.417692000060924,3149.9999999999936,500.0,0.067065999701299,14258.31794101942
random-s0-0153,prm,1,0,completed,True,False,3,422,0,,19.33550300054776,0.04581872748944967,2983.3333333333276,36.425949999738805,81.90131852030544,179,0,0,0,14258.31794101942,14102.444427317341,58.64365013922903,59.37599108609318,26.247039398109877,20.0,kinematic,False,0,0.0,,,,random,event,2,0,0.050442000429029576,6.330963999971573,2983.3333333333276,100.0,0.02380500018261955,14258.31794101942
random-s0-0153,prm,1,0,completed,True,False,3,468,0,,21.797810999032663,0.04657651922870227,2866.6666666666615,41.032962999906886,69.86253141585624,172,0,0,0,14258.31794101942,15487.105196482964,59.274570150755835,59.97738225789566,26.247039398109877,20.0,kinematic,False,0,0.0,,,,random,event,2,131,0.04674899992096471,4.463894999844342,2866.6666666666615,500.0,0.06372899997586501,14258.31794101942
random-s0-0153,visibility,1,0,completed,True,False,3,416,0,,69.59411099433055,0.16729353604406383,2883.333333333328,86.57775600022433,33.30339646740044,173,0,0,0,14258.31794101942,14113.958974346056,59.12985029651919,59.566712115096955,26.247039398109877,20.0,kinematic,False,0,0.0,,,,random,event,7,0,0.07011999969108729,9.336059999895951,2883.333333333328,100.0,0.025774000278033782,14258.31794101942
random-s0-0153,visibility,1,0,completed,True,False,3,489,0,,27.662563998092082,0.05656966052779567,3683.3333333333253,48.291891000189935,76.27229452080968,221,0,0,0,14258.31794101942,15445.485985627565,58.921379413950795,59.37599108609318,2.6307933814710225,20.0,kinematic,False,0,0.0,,,,random,event,2,94,0.04626599957191502,7.700741000007838,3683.3333333333253,500.0,0.05596799974227906,14258.31794101942
random-s0-0154,voronoi,1,0,completed,True,False,3,361,0,,18.452676001288637,0.051115445986949136,2383.33333333333,33.06431800001519,72.08173274078221,143,0,0,0,12772.580925561022,9194.902922550456,58.72930523916592,59.43665984325526,362.2341043803417,20.0,kinematic,False,0,0.0,,,,random,event,0,0,8.051935999901616,4.093446000297263,2383.33333333333,100.0,0.036531000205286546,9299.099536291036
random-s0-0154,voronoi,1,0,planning_failed,False,False,3,241,1,B2,58.58983000189255,0.24311132780868278,2049.9999999999977,69.63954599996214,29.437297020878226,123,1,0,1,5616.068906692497,5023.195522091001,1582.2802905147182,4629.133639246117,-1.1945167725053523,20.0,kinematic,False,0,0.0,,,,random,event,12,0,7.8231920001599065,4.09580499990625,,500.0,3.671268999823951,9299.099536291036
random-s0-0154,prm,1,0,planning_failed,False,False,3,264,1,B0,11.128335997909744,0.04215278787087024,2433.3333333333294,22.831710999980714,106.57691547231764,146,0,0,0,8100.637550421528,7552.975349390102,590.7563158034053,1655.3519897592776,361.3861799943503,20.0,kinematic,False,0,0.0,,,,random,event,0,0,6.741480000073352,6.5540370001144765,,100.0,0.023848999717301922,9299.099536291036
random-s0-0154,prm,1,0,planning_failed,False,False,3,119,2,"B0,B2",2.1908129988332803,0.018410193267506557,1949.999999999998,8.743318000142608,223.02745936590577,117,0,0,0,3014.613907285641,2956.2321948034114,2114.2891138292084,4629.133639246117,846.8341881725601,20.0,kinematic,False,0,0.0,,,,random,event,0,0,0.2687100000002829,0.18812799999068375,,500.0,0.022773999717173865,9299.099536291036
random-s0-0154,visibility,1,0,planning_failed,False,False,3,254,1,B0,13.739897995037609,0.054094086594636256,2266.6666666666633,24.966236999716784,90.78927940531752,136,0,0,0,7677.214696721461,7527.811483878336,590.9676888591024,1655.3519897592776,361.8065706945629,20.0,kinematic,False,0,0.0,,,,random,event,0,0,9.680924000349478,9.5780179999565,,100.0,0.022729999727744143,9299.099536291036
random-s0-0154,visibility,1,0,planning_failed,False,False,3,119,2,"B0,B2",2.080021998153825,0.017479176455074158,1949.999999999998,8.798880000085774,221.61911515795066,117,0,0,0,3014.613907285641,2956.2321948034114,2114.2891138292084,4629.133639246117,846.8341881725601,20.0,kinematic,False,0,0.0,,,,random,event,0,0,0.2171439991798252,0.11354999969626078,,500.0,0.022559000171895605,9299.099536291036
random-s0-0155,voronoi,1,0,completed,True,False,3,379,0,,36.29391699678308,0.09576231397568095,2599.9999999999955,52.47978199986392,49.542888726304874,156,0,0,0,11255.22994541669,10615.401936084912,58.69371222198229,59.31053682642426,101.05220517216549,20.0,kinematic,False,0,0.0,,,,random,event,3,2,4.260592999798973,4.2063440000674746,2599.9999999999955,100.0,0.05124400013301056,10249.12540390235
random-s0-0155,voronoi,1,0,completed,True,False,3,550,0,,106.29871200308116,0.19327038546014758,3433.333333333326,141.84355299994422,24.205071437647057,206,0,0,0,11116.542432806127,14292.502234006788,59.13177983370986,59.54112843489942,287.61038618668874,20.0,kinematic,False,0,0.0,,,,random,event,116,2,4.0282519998982025,10.901766000188218,3433.333333333326,500.0,0.08001700007298496,10249.12540390235
random-s0-0155,prm,1,0,completed,True,False,3,427,0,,22.34956200254601,0.052340894619545685,2899.9999999999945,41.29919500019241,70.21928635622277,174,0,0,0,10530.157389389333,12355.579092554202,59.0351890347251,59.89495246014738,31.84582513974098,20.0,kinematic,False,0,0.0,,,,random,event,1,61,6.165512999814382,6.128860999979224,2899.9999999999945,100.0,0.07014499988144962,10249.12540390235
random-s0-0155,prm,1,0,completed,True,False,3,366,0,,17.687613997168228,0.04832681419991319,2633.333333333329,33.13052300018171,79.48360287940174,158,1,0,1,10530.157389389333,10123.89493333552,58.46154717196024,59.122116742910215,-124.39590655428137,20.0,kinematic,False,0,0.0,,,,random,event,0,147,6.139158999758365,6.106304000240925,2633.333333333329,500.0,0.05938699996477226,10249.12540390235
random-s0-0155,visibility,1,0,completed,True,False,3,393,0,,164.21198699936213,0.41784220610524714,2566.6666666666624,181.6472270002123,14.1299523755662,154,0,0,0,10253.75189745364,10179.993875941509,58.33456601158733,58.79738927741524,12.14092411829941,20.0,kinematic,False,0,0.0,,,,random,event,15,118,10.076432999539975,16.380373000174586,2566.6666666666624,100.0,0.08889099990483373,10249.12540390235
random-s0-0155,visibility,1,0,completed,True,False,3,362,0,,27.782470998317876,0.07674715745391679,2566.6666666666624,47.77321199981088,53.726064445422324,154,1,0,1,10256.175152502135,10073.55872132831,58.67621543556541,59.122116742910215,-124.39590655428137,20.0,kinematic,False,0,0.0,,,,random,event,0,147,8.554902000014408,8.522911999989446,2566.6666666666624,500.0,0.05770799998572329,10249.12540390235
random-s0-0156,voronoi,1,0,completed,True,False,3,432,0,,17.20147199694111,0.039818222215141454,2916.666666666661,34.92001199992956,83.52421719306811,175,0,0,0,13797.908617217217,13840.179873280553,58.264901087763796,58.39880673488978,2.7883851674606603,20.0,kinematic,False,0,0.0,,,,random,event,1,0,0.10131699991688947,4.1189620001205185,2916.666666666661,100.0,0.038530999972863356,13797.908617217217
random-s0-0156,voronoi,1,0,completed,True,False,3,797,0,,294.2345920050684,0.3691776562171498,5116.666666666654,328.0736550000256,15.59609127001147,307,0,0,0,13797.908617217217,22458.382333265123,59.15456170839019,59.6709378924985,9.19889857691723,20.0,kinematic,False,0,0.0,,,,random,event,141,46,0.0835880000522593,5.473946000165597,5116.666666666654,500.0,4.043898999952944,13797.908617217217
random-s0-0156,prm,1,0,completed,True,False,3,441,0,,13.579332003700983,0.030792136062814023,3066.6666666666606,31.481573000291974,97.41148152407185,184,0,0,0,13797.908617217217,14311.183721096717,58.831427727054894,59.9929500155788,2.7883851674606603,20.0,kinematic,False,0,0.0,,,,random,event,1,0,0.052595999477489386,6.2920840000515454,3066.6666666666606,100.0,0.023274999875866342,13797.908617217217
random-s0-0156,prm,1,0,completed,True,False,3,408,0,,14.399934004813986,0.03529395589415193,2516.6666666666624,30.854030000227795,81.5668704103834,151,0,0,0,13797.908617217217,13622.66582246262,58.414264918200054,58.74146158901427,2.7883851674606603,20.0,kinematic,False,0,0.0,,,,random,event,0,184,0.04524099995251163,0.14814999985901522,2516.6666666666624,500.0,0.06763999999748194,13797.908617217217
random-s0-0156,visibility,1,0,completed,True,False,3,415,0,,15.513489996919816,0.0373819036070357,2633.333333333329,31.93529000009221,82.4584130385453,158,0,0,0,13797.908617217217,13709.878033904255,58.74449505281839,59.73215199286926,2.7883851674606603,20.0,kinematic,False,0,0.0,,,,random,event,1,0,0.048507000428799074,8.64969900021606,2633.333333333329,100.0,0.023952999981702305,13797.908617217217
random-s0-0156,visibility,1,0,completed,True,False,3,408,0,,13.989872006277437,0.03428890197617019,2516.6666666666624,30.109829000139143,83.58289469711144,151,0,0,0,13797.908617217217,13622.66582246262,58.414264918200054,58.74146158901427,2.7883851674606603,20.0,kinematic,False,0,0.0,,,,random,event,0,184,0.04544200010059285,0.11136600005556829,2516.6666666666624,500.0,0.05848899991178769,13797.908617217217
random-s0-0157,voronoi,1,0,completed,True,False,3,405,0,,17.11602099931042,0.04226178024521092,3133.333333333327,35.0610779996714,89.36785495764545,188,0,0,0,11970.84403689931,11812.943400048915,59.6939076337726,59.920282431627456,16.013649629590844,20.0,kinematic,False,0,0.0,,,,random,event,1,0,0.09744399949340732,4.157286000008753,3133.333333333327,100.0,0.045870000121794874,11970.84403689931
random-s0-0157,voronoi,1,0,completed,True,False,3,521,0,,110.31595200392985,0.21173887140869455,3549.9999999999923,136.50572599999578,26.006235079106514,213,0,0,0,13312.95738042062,15302.686698396457,58.755159961218205,59.58321566616243,1.0758834891674098,20.0,kinematic,False,0,0.0,,,,random,event,74,0,4.245482999976957,7.702217000314704,3549.9999999999923,500.0,0.10828599988599308,11970.84403689931
random-s0-0157,prm,1,0,completed,True,False,3,421,0,,26.464359001238336,0.06286071021671814,3166.66666666666,44.628759999795875,70.95573945323922,190,0,0,0,11970.84403689931,12311.347458096052,59.31074602656562,59.920282431627456,16.013649629590844,20.0,kinematic,False,0,0.0,,,,random,event,3,4,0.05152299991095788,6.888753000112047,3166.66666666666,100.0,0.029222999728517607,11970.84403689931
random-s0-0157,prm,1,0,completed,True,False,3,426,0,,21.338946003197634,0.05009142254271745,3483.3333333333258,40.176304999931745,86.70118701406821,209,0,0,0,12891.169934909502,12490.61062966743,59.18059914310576,59.920282431627456,16.013649629590844,20.0,kinematic,False,0,0.0,,,,random,event,1,91,6.339339000533073,6.303346000095189,3483.3333333333258,500.0,0.06382599985954585,11970.84403689931
random-s0-0157,visibility,1,0,completed,True,False,3,393,0,,59.194819004005694,0.15062294911960736,2933.3333333333276,75.89498099969205,38.64989877716986,176,0,0,0,11970.84403689931,11837.062665770867,59.25782978907438,59.920282431627456,16.013649629590844,20.0,kinematic,False,0,0.0,,,,random,event,6,0,0.04894400035482249,9.385844999997062,2933.3333333333276,100.0,0.029974999961268622,11970.84403689931
random-s0-0157,visibility,1,0,completed,True,False,3,393,0,,25.055976998373808,0.06375566666252877,2933.3333333333276,41.53440399977626,70.62418262578485,176,0,0,0,12059.964830193045,12179.297427918811,59.77304005642727,59.920282431627456,16.013649629590844,20.0,kinematic,False,0,0.0,,,,random,event,1,72,8.385995000480762,8.35397400032889,2933.3333333333276,500.0,0.05745799990108935,11970.84403689931
random-s0-0158,voronoi,1,0,completed,True,False,3,405,0,,11.833618999389728,0.029218812344172167,2349.9999999999964,27.873863999957393,84.3083685851229,141,0,0,0,13648.500273768967,13470.841997545944,59.21942540767384,59.36591623501269,56.79391782978294,20.0,kinematic,False,0,0.0,,,,random,event,0,0,0.11163800036229077,0.08015200000954792,2349.9999999999964,100.0,0.039603000004717615,13648.500273768967
random-s0-0158,voronoi,1,0,completed,True,False,3,541,0,,216.36480400457003,0.39993494270715346,3433.333333333326,239.34079299988298,14.344956788603124,206,0,0,0,13648.500273768967,16191.082425762253,58.9841034831201,59.898928409436294,111.68919410165239,20.0,kinematic,False,0,0.0,,,,random,event,95,42,0.0831270003800455,5.284571000174765,3433.333333333326,500.0,4.121889000089141,13648.500273768967
random-s0-0158,prm,1,0,completed,True,False,3,405,0,,7.856985000671557,0.01939996296462113,2349.9999999999964,25.00462299985884,93.98262073430433,141,0,0,0,13648.500273768967,13470.841997545944,59.21942540767384,59.36591623501269,56.79391782978294,20.0,kinematic,False,0,0.0,,,,random,event,0,12,0.049360000502929324,0.18684599990592687,2349.9999999999964,100.0,0.02730899996095104,13648.500273768967
random-s0-0158,prm,1,0,completed,True,False,3,404,0,,15.612787009558815,0.03864551239989806,2349.9999999999964,32.11753799996586,73.16874662069347,141,0,0,0,13648.500273768967,14202.986921461837,58.99655628106202,59.36591623501269,88.55617619232464,20.0,kinematic,False,0,0.0,,,,random,event,1,138,0.04532000002654968,2.6418180000291613,2349.9999999999964,500.0,0.066374000198266,13648.500273768967
random-s0-0158,visibility,1,0,completed,True,False,3,405,0,,7.323770001676166,0.018083382720188064,2349.9999999999964,23.432004999904166,100.29018003408618,141,0,0,0,13648.500273768967,13470.841997545944,59.21942540767384,59.36591623501269,56.79391782978294,20.0,kinematic,False,0,0.0,,,,random,event,0,12,0.04697199983638711,0.09071399972526706,2349.9999999999964,100.0,0.039403000300808344,13648.500273768967
random-s0-0158,visibility,1,0,completed,True,False,3,407,0,,21.342489998005476,0.05243855036364982,2349.9999999999964,37.070621000111714,63.39251775666004,141,0,0,0,13648.500273768967,13533.768347492794,58.80633355608674,59.36591623501269,70.42227705368691,20.0,kinematic,False,0,0.0,,,,random,event,1,142,0.04802900002687238,8.69237000006251,2349.9999999999964,500.0,0.06198900018716813,13648.500273768967
random-s0-0159,voronoi,1,0,completed,True,False,3,509,0,,27.428314999724535,0.053886669940519716,3883.3333333333244,49.325371999657364,78.72892136242378,233,0,0,0,15978.49712725154,11088.127051356143,58.85928958905382,59.169752040820825,1.2357532060762253,20.0,kinematic,False,0,0.0,,,,random,event,3,0,8.023783000226103,4.150425000261748,3883.3333333333244,100.0,0.03805500000453321,10134.00885541139
random-s0-0159,voronoi,1,0,completed,True,False,3,561,0,,29.7247450012037,0.052985285207136724,4566.666666666656,54.09838000014133,84.41411122948091,274,0,0,0,17993.444892075488,12357.378792117768,58.793750259901024,59.13790750635833,1.5058455346908488,20.0,kinematic,False,0,0.0,,,,random,event,16,0,8.085220999873854,4.119253999760986,4566.666666666656,500.0,0.05031000000599306,10134.00885541139
random-s0-0159,prm,1,0,completed,True,False,3,371,0,,24.873603998912586,0.0670447547140501,2499.999999999996,39.96062800024447,62.561579362183735,150,0,0,0,11292.744689862586,10109.435645027617,58.9828412191472,59.7222731440685,12.367292678375463,20.0,kinematic,False,0,0.0,,,,random,event,1,4,12.359576999187993,6.386461999682069,2499.999999999996,100.0,0.02611799982332741,10134.00885541139
random-s0-0159,prm,1,0,completed,True,False,3,371,0,,26.763395998841588,0.07213853368959997,2499.999999999996,41.66484899997158,60.00261755422901,150,0,0,0,11292.744689862586,10112.826637917526,59.314296419196914,59.7222731440685,12.367292678375463,20.0,kinematic,False,0,0.0,,,,random,event,2,11,11.720365000655875,6.028651000178797,2499.999999999996,500.0,0.03825800013146363,10134.00885541139
random-s0-0159,visibility,1,0,completed,True,False,3,555,0,,537.920760993984,0.9692265963855567,4666.666666666655,564.657084999908,8.264603049596758,280,0,3,3,10179.350917607018,10082.769979645838,58.77105005672278,59.35158126446068,-74.50516167045296,20.0,kinematic,False,0,0.0,,,,random,event,56,33,17.95313500042539,10.5662900000425,4666.666666666655,100.0,8.965403999809496,10134.00885541139
random-s0-0159,visibility,1,0,completed,True,False,3,539,0,,398.5985209910723,0.7395148812450321,4399.99999999999,423.48773200001233,10.389911365838248,264,0,1,1,10239.218137124819,10126.985233278876,58.824268745720595,59.35158126446068,-17.740836217896913,20.0,kinematic,False,0,0.0,,,,random,event,45,43,16.398684000250796,9.341604000383086,4399.99999999999,500.0,8.174460999725852,10134.00885541139
random-s0-0160,voronoi,1,0,completed,True,False,3,385,0,,39.51120800093122,0.10262651428813303,2483.3333333333294,55.37024700015536,44.84959825673816,149,0,0,0,11367.972932796316,11427.04577516541,58.66381930238922,59.090973091554744,181.9728442853139,20.0,kinematic,False,0,0.0,,,,random,event,6,1,0.12357800005702302,4.196826999759651,2483.3333333333294,100.0,0.04888600005870103,11367.972932796316
random-s0-0160,voronoi,1,0,completed,True,False,3,836,0,,52.64251599965064,0.06296951674599359,6316.66666666665,92.83087800031353,68.04488767891773,379,0,0,0,11367.972932796316,22459.059612293022,59.143650235635384,59.6528220097369,6.271927365909875,20.0,kinematic,False,0,0.0,,,,random,event,153,0,0.08431800051766913,4.182223999578127,6316.66666666665,500.0,0.07022099998721387,11367.972932796316
random-s0-0160,prm,1,0,completed,True,False,3,386,0,,20.830492997447436,0.053965007765407864,2483.3333333333294,36.03605099988272,68.91247138432043,149,0,0,0,11367.972932796316,11646.517245193347,58.99134939684449,59.493891880872475,68.71372452164152,20.0,kinematic,False,0,0.0,,,,random,event,2,14,0.052644000334112206,6.978502000038134,2483.3333333333294,100.0,0.050086999635823304,11367.972932796316
random-s0-0160,prm,1,0,completed,True,False,3,378,0,,11.925926999538206,0.03155007142734975,2483.3333333333294,27.148336000209383,91.4727640513281,149,0,0,0,11367.972932796316,11191.047701727606,58.97507702290256,59.40228145141844,181.9728442853139,20.0,kinematic,False,0,0.0,,,,random,event,0,143,0.04735199991046102,0.16946799996730988,2483.3333333333294,500.0,0.06153599997560377,11367.972932796316
random-s0-0160,visibility,1,0,completed,True,False,3,393,0,,24.51738399850001,0.06238520101399493,2483.3333333333294,40.11779900019974,61.90103632856243,149,0,0,0,11367.972932796316,11198.53870234174,58.73319278491592,58.983305721861,181.9728442853139,20.0,kinematic,False,0,0.0,,,,random,event,2,14,0.07264600071721361,8.972120000180439,2483.3333333333294,100.0,0.030632000289188,11367.972932796316
random-s0-0160,visibility,1,0,completed,True,False,3,378,0,,11.842337995858543,0.03132893649698027,2483.3333333333294,27.01762900005633,91.91529476284362,149,0,0,0,11367.972932796316,11191.047701727606,58.97507702290256,59.40228145141844,181.9728442853139,20.0,kinematic,False,0,0.0,,,,random,event,0,143,0.04695800043919007,0.09525399991616723,2483.3333333333294,500.0,0.05773899965788587,11367.972932796316
random-s0-0161,voronoi,1,0,completed,True,False,3,442,0,,21.669059994565032,0.049025022612138085,3349.999999999993,41.038393000235374,81.63087672513832,201,0,0,0,14719.960849143743,13220.328033693533,59.271520393076514,59.604390819124646,220.35730717576007,20.0,kinematic,False,0,0.0,,,,random,event,12,1,4.027140000744112,3.9713490000394813,3349.999999999993,100.0,0.052039999900443945,12720.798358627302
random-s0-0161,voronoi,1,0,completed,True,False,3,636,0,,54.35474999694634,0.08546344339142506,4783.333333333322,82.61939600015467,57.8960094712429,287,0,0,0,14719.960849143743,18183.42461976526,58.90338278077609,59.40252024794416,211.09888279298121,20.0,kinematic,False,0,0.0,,,,random,event,87,1,3.996217999883811,5.170129000362067,4783.333333333322,500.0,0.0696310003149847,12720.798358627302
random-s0-0161,prm,1,0,completed,True,False,3,477,0,,15.897855997991428,0.03332883857021264,4066.6666666666574,37.80017000008229,107.5832904100115,244,0,0,0,13824.118606096752,13460.111860203891,58.80566080206569,59.604390819124646,15.83477704490707,20.0,kinematic,False,0,0.0,,,,random,event,0,12,6.341804999919987,6.3056509998205,4066.6666666666574,100.0,0.036290000025474,12720.798358627302
random-s0-0161,prm,1,0,completed,True,False,3,494,0,,37.80309500780277,0.0765244838214631,4349.99999999999,60.54536600004212,71.84695192026692,261,0,0,0,13824.118606096752,17335.853579152863,58.74790155551805,59.604390819124646,22.693751074422636,20.0,kinematic,False,0,0.0,,,,random,event,2,117,5.971679000140284,11.894895999830624,4349.99999999999,500.0,0.06043299981683958,12720.798358627302
random-s0-0161,visibility,1,0,completed,True,False,3,441,0,,16.579416997046792,0.0375950498799247,3466.6666666666592,38.02168800029904,91.1760326537684,208,0,0,0,12741.179542383394,12553.444452729178,58.74338354093067,59.604390819124646,0.652704213995321,20.0,kinematic,False,0,0.0,,,,random,event,0,0,9.166617000119004,9.131364000040776,3466.6666666666592,100.0,0.023489999875891954,12720.798358627302
random-s0-0161,visibility,1,0,completed,True,False,3,414,0,,29.661502005637885,0.07164614011023644,3016.666666666661,47.03314700009287,64.13916267734976,181,0,0,0,12741.179542383394,12908.411986323143,59.32450231670487,59.83175015893422,220.35730717576007,20.0,kinematic,False,0,0.0,,,,random,event,1,112,10.05783499977042,10.00662900014504,3016.666666666661,500.0,0.05805499995403807,12720.798358627302
random-s0-0162,voronoi,1,0,completed,True,False,3,506,0,,19.41687599673969,0.03837327272082943,3449.9999999999927,41.323731999909796,83.48713518923033,207,0,0,0,17225.870358178145,17356.454695180735,59.553231495231245,59.732315540791305,0.617738035618089,20.0,kinematic,False,0,0.0,,,,random,event,1,0,0.1027419998536061,4.215448000195465,3449.9999999999927,100.0,0.04425799988894141,17225.870358178145
random-s0-0162,voronoi,1,0,completed,True,False,3,532,0,,21.801772006256215,0.040980774447850025,3383.333333333326,43.77603300008559,77.28734427184645,203,0,0,0,17303.591212494564,18494.020029129024,58.47430676103548,59.13523936939183,87.73409151045388,20.0,kinematic,False,0,0.0,,,,random,event,82,1,0.11728200024663238,4.457596000065678,3383.333333333326,500.0,0.0511020002704754,17225.870358178145
random-s0-0162,prm,1,0,completed,True,False,3,502,0,,14.860651001072256,0.02960289044038298,3383.333333333326,34.8471810002593,97.09058914430268,203,0,0,0,17225.870358178145,17658.175185621163,59.24579328121279,59.732315540791305,4.243218489580272,20.0,kinematic,False,0,0.0,,,,random,event,1,0,0.05030700003771926,6.478224000147748,3383.333333333326,100.0,0.024482000299030915,17225.870358178145
random-s0-0162,prm,1,0,planning_failed,False,False,3,282,1,B1,5.61792699909347,0.019921726947139964,2483.3333333333294,17.82764200015663,139.29679165149892,149,0,0,0,9993.110632457956,9875.21341824902,2450.2189799763746,7232.7597257201905,78.05233297202562,20.0,kinematic,False,0,0.0,,,,random,event,0,27,0.18312500014872057,0.14960999988034018,,500.0,0.05306799994286848,17225.870358178145
random-s0-0162,visibility,1,0,completed,True,False,3,454,0,,98.40215400527086,0.21674483261072877,2783.3333333333285,116.35171299985814,23.921722006247748,167,0,0,0,17225.870358178145,17131.714953165836,59.395253719579785,59.732315540791305,87.79078465537725,20.0,kinematic,False,0,0.0,,,,random,event,11,4,0.04880500000581378,9.321472999999969,2783.3333333333285,100.0,0.03172900005665724,17225.870358178145
random-s0-0162,visibility,1,0,planning_failed,False,False,3,282,1,B1,5.5695760011076345,0.01975026950747388,2483.3333333333294,17.945919999874604,138.37871412280236,149,0,0,0,9993.110632457956,9875.21341824902,2450.2189799763746,7232.7597257201905,78.05233297202562,20.0,kinematic,False,0,0.0,,,,random,event,0,27,0.11270100003457628,0.09546699993734364,,500.0,0.05509099992195843,17225.870358178145
random-s0-0163,voronoi,1,0,completed,True,False,3,514,0,,79.43463299670839,0.15454208754223422,3349.999999999993,100.54883100019651,33.31714517887777,201,0,0,0,12615.659168031285,13862.563034390601,59.50431973104428,59.763545633210356,2.4721685267350892,20.0,kinematic,False,0,0.0,,,,random,event,29,0,0.10116200019183452,5.016237999825535,3349.999999999993,100.0,0.05741400036640698,12615.659168031285
random-s0-0163,voronoi,1,0,completed,True,False,3,831,0,,598.3750780019363,0.7200662791840389,6399.999999999983,636.8483700002798,10.049487918132177,384,0,0,0,12615.659168031285,22827.96747047513,58.81506174544186,59.53981668986134,14.544517411846499,20.0,kinematic,False,0,0.0,,,,random,event,179,99,0.08288800017908216,8.229133999975602,6399.999999999983,500.0,4.174322999915603,12615.659168031285
random-s0-0163,prm,1,0,completed,True,False,3,507,0,,52.36168899818949,0.10327749309307592,3099.999999999994,72.8034420003496,42.58040437133601,186,0,0,0,12615.659168031285,15653.777679791798,59.060530816043446,59.36731988051983,1.431095336886358,20.0,kinematic,False,0,0.0,,,,random,event,6,21,0.048908999815466814,10.536770999806322,3099.999999999994,100.0,0.059347000387788285,12615.659168031285
random-s0-0163,prm,1,0,completed,True,False,3,393,0,,18.374952001067868,0.04675560305615233,2299.999999999997,35.634916000162775,64.54343823876253,138,0,0,0,12615.659168031285,12438.789496798294,58.95655707766371,59.36731988051983,27.6256810036422,20.0,kinematic,False,0,0.0,,,,random,event,0,274,0.04552799964585574,0.13810500013278215,2299.999999999997,500.0,0.08150700023179525,12615.659168031285
random-s0-0163,visibility,1,0,completed,True,False,3,516,0,,106.02753300008771,0.20547971511644905,4049.999999999991,130.03860600019834,31.144597166735345,243,0,0,0,12615.659168031285,12654.732395171508,59.166283977711664,59.55309805204961,0.5618513249224009,20.0,kinematic,False,0,0.0,,,,random,event,10,43,0.05190499950913363,15.536666000116384,4049.999999999991,100.0,0.05626600022878847,12615.659168031285
random-s0-0163,visibility,1,0,completed,True,False,3,393,0,,17.6411090055808,0.04488831808035827,2299.999999999997,33.27446000002965,69.12208342368133,138,0,0,0,12615.659168031285,12438.789496798294,58.95655707766371,59.36731988051983,27.6256810036422,20.0,kinematic,False,0,0.0,,,,random,event,0,274,0.0462910002170247,0.1154569999926025,2299.999999999997,500.0,0.0759099998504098,12615.659168031285
random-s0-0164,voronoi,1,0,completed,True,False,3,426,0,,21.736346005127416,0.051024286397012716,2766.6666666666615,46.21106600006897,59.870219541408815,166,0,0,0,14219.252160309577,13144.445014362956,59.00863791712262,59.997071154977775,0.8959971375931275,20.0,kinematic,False,0,0.0,,,,random,event,0,0,4.035813999507809,3.953056999762339,2766.6666666666615,100.0,0.07572599997729412,12725.525223801065
random-s0-0164,voronoi,1,0,completed,True,False,3,517,0,,106.94343599880085,0.20685384139033047,4099.999999999991,131.592525999622,31.15678469468523,246,0,0,0,14221.679888333823,14060.319954226745,58.363219961485605,58.44978834833324,6.674907978721109,20.0,kinematic,False,0,0.0,,,,random,event,35,1,7.298723000076279,8.089298999948369,4099.999999999991,500.0,0.07391999997707899,12725.525223801065
random-s0-0164,prm,1,0,completed,True,False,3,504,0,,15.575357002035162,0.03090348611514913,4066.6666666666574,41.10888100012744,98.92428516003757,244,0,0,0,13763.08534572272,12943.86912734847,58.60485394454539,58.78571923724606,3.3712021679462794,20.0,kinematic,False,0,0.0,,,,random,event,0,0,6.799539999519766,6.757527999980084,4066.6666666666574,100.0,0.024895000024116598,12725.525223801065
random-s0-0164,prm,1,0,completed,True,False,3,421,0,,18.93284599918843,0.044971130639402446,2683.3333333333285,35.79560100024537,74.96265625809536,161,0,0,0,13763.08534572272,12767.284936208187,58.85590370207374,59.53886850983113,3.551961361304791,20.0,kinematic,False,0,0.0,,,,random,event,1,41,6.543606000377622,6.5075870002146985,2683.3333333333285,500.0,0.05474899990076665,12725.525223801065
random-s0-0164,visibility,1,0,completed,True,False,3,530,0,,55.752703995040065,0.1051937811227171,4499.999999999989,79.01586600019073,56.950587619822166,270,0,0,0,12740.959226701194,12801.10618330639,58.9676929543782,59.874236266744504,0.5369111514525855,20.0,kinematic,False,0,0.0,,,,random,event,4,0,9.212548000505194,9.535760000289883,4499.999999999989,100.0,0.02428500010864809,12725.525223801065
random-s0-0164,visibility,1,0,completed,True,False,3,468,0,,204.71793900014745,0.4374314935900587,3466.6666666666592,224.76678600014566,15.423393857953785,208,0,1,1,12740.959226701194,12562.572618506734,58.83103336878978,59.464257509979255,-8.168893957221655,20.0,kinematic,False,0,0.0,,,,random,event,21,56,9.371508000185713,9.420717000011791,3466.6666666666592,500.0,0.1097189997381065,12725.525223801065
random-s0-0165,voronoi,1,0,completed,True,False,3,424,0,,16.793041992968938,0.03960623111549278,2583.333333333329,34.4892749999417,74.90251196459467,155,0,0,0,14151.269162434743,14401.365948813429,58.90900045361985,59.50223485682455,27.58159106309239,20.0,kinematic,False,0,0.0,,,,random,event,1,0,0.10084199993798393,3.948553000100219,2583.333333333329,100.0,0.04561300011118874,14151.269162434743
random-s0-0165,voronoi,1,0,completed,True,False,3,538,0,,102.73942000139868,0.19096546468661466,3299.999999999993,126.43799299985403,26.099749938325917,198,0,0,0,14544.091101832873,16190.970415067253,59.25298240883975,59.968073093138166,265.9673032193877,20.0,kinematic,False,0,0.0,,,,random,event,84,2,0.11296299953755806,17.134720000285597,3299.999999999993,500.0,0.07598999991387245,14151.269162434743
random-s0-0165,prm,1,0,completed,True,False,3,443,0,,15.292918998056848,0.03452126184662945,2783.3333333333285,34.377530999790906,80.9637356839343,167,0,0,0,14151.269162434743,15805.23261800292,59.374342220240884,59.9853697636208,27.58159106309239,20.0,kinematic,False,0,0.0,,,,random,event,1,0,0.12840000044889166,7.2313400000894035,2783.3333333333285,100.0,0.02614899995023734,14151.269162434743
random-s0-0165,prm,1,0,planning_failed,False,False,3,257,1,B0,12.691966000147659,0.0493850817126368,2249.999999999997,24.53513299997212,91.7052293950293,135,0,0,0,7923.3249301860305,7819.4414830061305,2115.5065181409977,6227.944232248712,250.34456892123092,20.0,kinematic,False,0,0.0,,,,random,event,1,47,0.18756400004349416,6.140006999885372,,500.0,0.07030400001895032,14151.269162434743
random-s0-0165,visibility,1,0,completed,True,False,3,417,0,,52.771220996874035,0.1265496906399857,2583.333333333329,69.17706900003395,37.34378126561073,155,0,0,0,14151.269162434743,14034.799109016825,58.83050482033277,59.50223485682455,27.58159106309239,20.0,kinematic,False,0,0.0,,,,random,event,5,0,0.05752500055677956,9.908794999773818,2583.333333333329,100.0,0.026290999812772498,14151.269162434743
random-s0-0165,visibility,1,0,planning_failed,False,False,3,258,1,B0,15.010767001967906,0.05818126744948801,2266.6666666666633,26.45510699994702,85.67973913963768,136,0,0,0,7923.3249301860305,7819.5350336749425,2115.171390327232,6227.944232248712,250.34456892123092,20.0,kinematic,False,0,0.0,,,,random,event,1,47,0.09909500022331486,8.790901000338636,,500.0,0.05772899976363988,14151.269162434743
random-s0-0166,voronoi,1,0,completed,True,False,3,398,0,,38.97931399887966,0.09793797487155693,2383.33333333333,54.875292999895464,43.43181062081746,143,0,0,0,11600.589562963,11344.033221005435,58.49825526662064,59.25146574456968,0.7142035991495561,20.0,kinematic,False,0,0.0,,,,random,event,5,1,3.9924049997352995,4.077430000052118,2383.33333333333,100.0,0.050440999984857626,11373.18190957233
random-s0-0166,voronoi,1,0,completed,True,False,3,722,0,,151.96112800003903,0.2104724764543477,7133.333333333313,186.0822140001801,38.33431030289874,428,0,0,0,12992.404892236147,17489.542226527206,58.71796791979386,59.56188693054861,7.923806478312429,20.0,kinematic,False,0,0.0,,,,random,event,54,5,7.932476999940263,5.3940729999339965,7133.333333333313,500.0,0.0668349998704798,11373.18190957233
random-s0-0166,prm,1,0,completed,True,False,3,393,0,,19.296791998385743,0.04910125190428942,2383.33333333333,34.64180999981181,68.79933044336532,143,0,0,0,12171.046228816987,11381.928903816472,58.40842071362287,59.18398088133942,15.582002671156943,20.0,kinematic,False,0,0.0,,,,random,event,1,0,6.508787999791821,6.467274999977235,2383.33333333333,100.0,0.025888999971357407,11373.18190957233
random-s0-0166,prm,1,0,completed,True,False,3,406,0,,32.9549320017577,0.08116978325556083,2466.666666666663,49.33081099989067,50.0025565497419,148,0,0,0,13193.044032077505,12136.457615637133,59.40738255554675,59.855696682717856,25.802080318812216,20.0,kinematic,False,0,0.0,,,,random,event,2,69,12.554315999750543,6.462732999807486,2466.666666666663,500.0,0.06333100009214832,11373.18190957233
random-s0-0166,visibility,1,0,completed,True,False,3,428,0,,67.96726699985811,0.15880202570060306,2716.666666666662,85.0715560000026,31.933901228591363,163,0,1,1,11385.160403750735,11232.311921798704,59.15610385511568,59.93611466999873,-2.4254604891461042,20.0,kinematic,False,0,0.0,,,,random,event,5,17,9.525979000045481,13.470234000124037,2716.666666666662,100.0,0.054198000270844204,11373.18190957233
random-s0-0166,visibility,1,0,completed,True,False,3,628,0,,163.49715199430648,0.2603457834304243,5366.666666666653,192.05578600031004,27.94326991355517,322,0,1,1,11394.587884199413,11537.845575585128,58.87322827826017,59.93611466999873,-2.4254604891461042,20.0,kinematic,False,0,0.0,,,,random,event,14,60,18.638748999819654,13.005318999603332,5366.666666666653,500.0,0.055889000122988364,11373.18190957233
random-s0-0167,voronoi,1,0,completed,True,False,3,407,0,,46.22930400137193,0.11358551351688435,2516.6666666666624,63.46460900022066,39.65464699637418,151,0,0,0,12040.991240153213,12569.547880700715,58.65843917801045,59.18960640934537,25.463275226839897,20.0,kinematic,False,0,0.0,,,,random,event,5,4,0.1003379993562703,4.05245100000684,2516.6666666666624,100.0,0.05186299995330046,12040.991240153213
random-s0-0167,voronoi,1,0,completed,True,False,3,549,0,,142.930923997028,0.26034776684340255,5283.33333333332,168.90631300020686,31.279667642303277,317,0,0,0,12040.991240153213,15232.997531040408,59.242739186117895,59.808516205309715,8.122809461970604,20.0,kinematic,False,0,0.0,,,,random,event,75,20,0.10106199988513254,5.6786189998092595,5283.33333333332,500.0,3.7626510002155555,12040.991240153213
random-s0-0167,prm,1,0,completed,True,False,3,393,0,,20.55074499321563,0.05229197199291509,2283.3333333333303,36.014562000218575,63.40028051207377,137,0,1,1,12040.991240153213,12005.786738401332,58.51959123519327,59.18960640934537,-147.03035480938436,20.0,kinematic,False,0,0.0,,,,random,event,2,47,0.06242800009204075,6.357875000048807,2283.3333333333303,100.0,0.05434600006992696,12040.991240153213
random-s0-0167,prm,1,0,planning_failed,False,False,3,257,1,B1,4.177015999175637,0.016252980541539445,2133.3333333333308,15.211182999792072,140.24769364503024,128,0,0,0,7882.3550923278235,7765.116360488217,1425.291626554999,4158.63614782539,25.463275226839897,20.0,kinematic,False,0,0.0,,,,random,event,0,0,0.1010470004985109,0.06873899974380038,,500.0,0.02344799986531143,12040.991240153213
random-s0-0167,visibility,1,0,completed,True,False,3,394,0,,73.39685400211238,0.1862864314774426,2299.999999999997,89.11314999977549,25.80988327767329,138,0,1,1,12040.991240153213,11910.831658398014,58.97531928216328,59.687226006883265,-153.50875882664002,20.0,kinematic,False,0,0.0,,,,random,event,6,47,0.04700799991042004,14.889324999785458,2299.999999999997,100.0,0.04674100000556791,12040.991240153213
random-s0-0167,visibility,1,0,planning_failed,False,False,3,257,1,B1,4.274264997548016,0.016631381313416405,2133.3333333333308,15.1585589997012,140.73457334403503,128,0,0,0,7882.3550923278235,7765.116360488217,1425.291626554999,4158.63614782539,25.463275226839897,20.0,kinematic,False,0,0.0,,,,random,event,0,0,0.09427999975741841,0.08617200001026504,,500.0,0.022351999632519437,12040.991240153213
random-s0-0168,voronoi,1,0,completed,True,False,3,370,0,,10.927266006547143,0.029533151369046332,2166.666666666664,25.667513999906078,84.41279769729908,130,0,0,0,10632.161496773344,10456.89612502966,58.42179058122741,58.812679219163094,221.2925242264052,20.0,kinematic,False,0,0.0,,,,random,event,0,0,0.10055699976874166,0.09452499989492935,2166.666666666664,100.0,0.04615800025931094,10632.161496773344
random-s0-0168,voronoi,1,0,completed,True,False,3,565,0,,48.16651099736191,0.08525046194223347,3716.6666666666583,71.87588700026026,51.70950678707033,223,0,0,0,11376.487043141318,13354.359460048883,59.47422624169817,59.98329317225294,189.91588064939322,20.0,kinematic,False,0,0.0,,,,random,event,131,0,4.085566999492585,4.209951000120782,3716.6666666666583,500.0,0.05868300013389671,10632.161496773344
random-s0-0168,prm,1,0,completed,True,False,3,370,0,,6.085560002247803,0.0164474594655346,2166.666666666664,20.43441800014989,106.03026064411381,130,0,0,0,10632.161496773344,10456.89612502966,58.42179058122741,58.812679219163094,221.2925242264052,20.0,kinematic,False,0,0.0,,,,random,event,0,0,0.05048499951954,0.07167199964897009,2166.666666666664,100.0,0.024360999759664992,10632.161496773344
random-s0-0168,prm,1,0,completed,True,False,3,430,0,,16.85458800284323,0.03919671628568193,2916.666666666661,34.375444000033895,84.84738892867203,175,0,0,0,10993.179407945385,10769.021175730577,58.22940674773031,58.43628875437777,221.2925242264052,20.0,kinematic,False,0,0.0,,,,random,event,0,85,6.781612999930076,6.730313999923965,2916.666666666661,500.0,0.05411399979493581,10632.161496773344
random-s0-0168,visibility,1,0,completed,True,False,3,370,0,,5.808071997762454,0.01569749188584447,2166.666666666664,19.951819999732834,108.59493854173087,130,0,0,0,10632.161496773344,10456.89612502966,58.42179058122741,58.812679219163094,221.2925242264052,20.0,kinematic,False,0,0.0,,,,random,event,0,0,0.047044999973877566,0.06459199994424125,2166.666666666664,100.0,0.01800800009732484,10632.161496773344
random-s0-0168,visibility,1,0,completed,True,False,3,422,0,,19.242023004153452,0.04559721091031624,2783.3333333333285,36.09215699998458,77.11740069551725,167,0,0,0,10762.093738406358,10563.870666821795,58.71910359889056,59.70461827215252,51.22907359120262,20.0,kinematic,False,0,0.0,,,,random,event,0,87,9.211292999680154,9.176742999898124,2783.3333333333285,500.0,0.052301999858173076,10632.161496773344
random-s0-0169,voronoi,1,0,completed,True,False,3,429,0,,16.410484001426084,0.03825287646020066,2533.3333333333294,33.60766900004819,75.37962044703835,152,0,0,0,15838.496900598493,14620.064997125295,58.4386455284556,58.72175003498884,5.109800534706352,20.0,kinematic,False,0,0.0,,,,random,event,0,0,4.034364999824902,3.954481000164378,2533.3333333333294,100.0,0.03686699983518338,14718.549587950645
random-s0-0169,voronoi,1,0,completed,True,False,3,600,0,,98.9553029939998,0.16492550498999967,3766.6666666666583,123.9771259997724,30.381948575526533,226,0,0,0,15838.496900598493,19293.08139686827,59.29657285639573,59.91974137531749,88.35587074107849,20.0,kinematic,False,0,0.0,,,,random,event,108,8,4.160564000358136,7.578772999750072,3766.6666666666583,500.0,0.07987199978742865,14718.549587950645
random-s0-0169,prm,1,0,completed,True,False,3,449,0,,36.77251500675993,0.08189869711973259,2866.6666666666615,55.291584999849874,51.84634635947667,172,0,0,0,14880.473880848524,14721.387824857376,58.649780571589076,58.959603447929624,3.831406015598077,20.0,kinematic,False,0,0.0,,,,random,event,4,0,6.515095999930054,6.746239000221976,2866.6666666666615,100.0,0.0262100002146326,14718.549587950645
random-s0-0169,prm,1,0,completed,True,False,3,496,0,,34.7613930011903,0.07008345363143205,3383.333333333326,55.57303300020067,60.88084725052004,203,0,0,0,14880.473880848524,15989.805567814816,58.509935031775285,59.122382083187226,19.304919429137726,20.0,kinematic,False,0,0.0,,,,random,event,4,94,6.242284000109066,6.191726999986713,3383.333333333326,500.0,0.062728000102652,14718.549587950645
random-s0-0169,visibility,1,0,completed,True,False,3,458,0,,26.192737000656052,0.057189382097502295,3016.666666666661,44.940541999949346,67.12572951768274,181,0,0,0,14720.758931576926,14543.402488287476,58.993106084599454,59.988810597159414,0.09309726541692953,20.0,kinematic,False,0,0.0,,,,random,event,1,0,9.428507999928115,9.387866999986727,3016.666666666661,100.0,0.0237310000557045,14718.549587950645
random-s0-0169,visibility,1,0,completed,True,False,3,487,0,,55.2185189994816,0.1133850492802497,3016.666666666661,74.66295499989428,40.40379417973656,181,0,0,0,14720.758931576926,14944.900656040212,59.11702708300694,59.988810597159414,0.09309726541692953,20.0,kinematic,False,0,0.0,,,,random,event,4,86,8.98238699983267,8.94173699998646,3016.666666666661,500.0,0.05588000021816697,14718.549587950645
random-s0-0170,voronoi,1,0,completed,True,False,3,369,0,,43.09458999796334,0.11678750676954834,2199.9999999999973,58.21212299997569,37.79281508081944,132,0,0,0,9021.349597066626,9352.917414310577,59.33822347671526,59.85788984170679,290.97961558203633,20.0,kinematic,False,0,0.0,,,,random,event,13,1,0.10450199988554232,4.15527099994506,2199.9999999999973,100.0,0.050022999857901596,9021.349597066626
random-s0-0170,voronoi,1,0,completed,True,False,3,709,0,,53.30815500337849,0.07518780677486388,5083.33333333332,83.65892199981317,60.76259664623305,305,0,0,0,9021.349597066626,13059.257442909047,59.05018539642876,59.45595037370496,237.52361118098872,20.0,kinematic,False,0,0.0,,,,random,event,110,1,0.08576800019000075,4.1385160002391785,5083.33333333332,500.0,0.06409100024029613,9021.349597066626
random-s0-0170,prm,1,0,completed,True,False,3,501,0,,16.20674800096822,0.03234879840512619,4299.99999999999,39.91148900013286,107.73840083955965,258,0,0,0,9021.349597066626,16325.65164200231,59.18372763230554,59.66803588822095,23.707008692598492,20.0,kinematic,False,0,0.0,,,,random,event,1,1,0.04870999964623479,7.258223000008002,4299.99999999999,100.0,0.024932999622251373,9021.349597066626
random-s0-0170,prm,1,0,completed,True,False,3,349,0,,11.246066002513544,0.032223684820955716,2199.9999999999973,25.91403899987199,84.8960673405973,132,0,0,0,9021.349597066626,8843.267361007918,59.36074535290252,59.66803588822095,290.766062587027,20.0,kinematic,False,0,0.0,,,,random,event,0,117,0.047543999698973494,0.16440699982922524,2199.9999999999973,500.0,0.06909299963808735,9021.349597066626
random-s0-0170,visibility,1,0,completed,True,False,3,387,0,,15.397729000596883,0.03978741343823484,2399.9999999999964,30.886738999925,77.70324992890393,144,0,0,0,9021.349597066626,8984.128071662668,59.23844111331147,59.66803588822095,290.97961558203633,20.0,kinematic,False,0,0.0,,,,random,event,1,1,0.04785800001627649,8.613252000031935,2399.9999999999964,100.0,0.024646999918331858,9021.349597066626
random-s0-0170,visibility,1,0,completed,True,False,3,349,0,,11.23334600333692,0.03218723783191094,2199.9999999999973,25.499322000086977,86.27680375158576,132,0,0,0,9021.349597066626,8843.267361007918,59.36074535290252,59.66803588822095,290.766062587027,20.0,kinematic,False,0,0.0,,,,random,event,0,117,0.04576199989969609,0.4819040000256791,2199.9999999999973,500.0,0.07765300006212783,9021.349597066626
random-s0-0171,voronoi,1,0,completed,True,False,3,476,0,,47.0140900088154,0.09876909665717522,3249.999999999993,66.98554199965656,48.51793242214352,195,0,0,0,12555.693875708448,12837.248082643317,58.87790592562366,59.28848179025779,86.13701698811502,20.0,kinematic,False,0,0.0,,,,random,event,37,1,0.10081100026582135,4.238285000155884,3249.999999999993,100.0,0.054103000366012566,12555.693875708448
random-s0-0171,voronoi,1,0,completed,True,False,3,574,0,,123.34495099958076,0.2148866742152975,3849.9999999999914,147.65402300008645,26.074467337728667,231,0,0,0,12555.693875708448,17477.637957319297,58.907188482253524,59.84662261576968,219.57713896959945,20.0,kinematic,False,0,0.0,,,,random,event,84,14,0.08334899985129596,9.18019800019465,3849.9999999999914,500.0,0.10208999992755707,12555.693875708448
random-s0-0171,prm,1,0,completed,True,False,3,410,0,,27.57587300720843,0.06725822684684983,2499.999999999996,43.67010699979801,57.247398088847355,150,0,0,0,12555.693875708448,13102.158276516924,59.20367932037458,59.5176642859746,5.8615409759545685,20.0,kinematic,False,0,0.0,,,,random,event,3,26,0.05091700040793512,6.805104999784817,2499.999999999996,100.0,0.060910000229341676,12555.693875708448
random-s0-0171,prm,1,0,completed,True,False,3,458,0,,33.43747599819835,0.07300758951571693,3433.333333333326,53.00433399997928,64.77457736445983,206,0,0,0,12555.693875708448,13527.88345438267,59.3671682692038,59.891423076004166,50.32258237429599,20.0,kinematic,False,0,0.0,,,,random,event,4,122,0.048876999699132284,6.337200999951165,3433.333333333326,500.0,0.06786399990232894,12555.693875708448
random-s0-0171,visibility,1,0,completed,True,False,3,429,0,,136.34433200377316,0.31781895571975094,2549.999999999996,153.45546000025934,16.617199544386928,153,0,1,1,12555.693875708448,12477.719075659641,59.26686120912911,59.74815732489417,-21.52089306244099,20.0,kinematic,False,0,0.0,,,,random,event,14,18,0.05092800029160571,9.804955999697995,2549.999999999996,100.0,0.0777860000198416,12555.693875708448
random-s0-0171,visibility,1,0,completed,True,False,3,396,0,,137.07672300415652,0.34615334091958716,2399.9999999999964,164.07616800006508,14.627352827980749,144,0,0,0,12555.693875708448,12381.472896393436,59.426608513765295,59.903858797270665,50.32258237429599,20.0,kinematic,False,0,0.0,,,,random,event,5,148,0.053357999604486395,33.85277600000336,2399.9999999999964,500.0,0.056711000070208684,12555.693875708448
random-s0-0172,voronoi,1,0,completed,True,False,3,584,0,,23.41775799732204,0.04009890068034596,5083.33333333332,49.52435899986085,102.64309192467495,305,0,0,0,14692.659139765945,14235.404001267665,59.25833887479471,59.84017470495192,1.9225806736542381,20.0,kinematic,False,0,0.0,,,,random,event,0,0,5.612350999854243,5.509671000254457,5083.33333333332,100.0,0.03682300030050101,13346.927692857325
random-s0-0172,voronoi,1,0,completed,True,False,3,501,0,,166.58879399801663,0.3325125628702927,3066.6666666666606,187.81834599985814,16.327833419792636,184,0,0,0,14171.114387166992,14832.697849245567,59.56264767328231,59.72013100569562,99.43096947551777,20.0,kinematic,False,0,0.0,,,,random,event,33,16,10.747697999704542,10.667426000054547,3066.6666666666606,500.0,4.0340410000681,13346.927692857325
random-s0-0172,prm,1,0,completed,True,False,3,562,0,,38.127906997488026,0.06784325088521001,4716.666666666655,63.06427400022585,74.79142099772311,283,0,0,0,14460.39389739818,16110.983424491438,59.23352312962415,59.84017470495192,3.010567624433122,20.0,kinematic,False,0,0.0,,,,random,event,2,0,6.745030000729457,6.697800000438292,4716.666666666655,100.0,0.027286000204185257,13346.927692857325
random-s0-0172,prm,1,0,completed,True,False,3,532,0,,26.270991998444515,0.04938156390685059,3299.999999999993,47.62777299993104,69.28730427947515,198,0,0,0,18379.063294517007,16403.98612864045,58.764632921048225,59.28645962211082,3.9752153244710655,20.0,kinematic,False,0,0.0,,,,random,event,2,71,6.348322000121698,6.303444999957719,3299.999999999993,500.0,0.05519799969988526,13346.927692857325
random-s0-0172,visibility,1,0,completed,True,False,3,413,0,,16.619321002053766,0.04024048668778152,2516.6666666666624,33.127866000086215,75.96826993504843,151,0,0,0,13401.98978433748,13188.499340226455,59.363759425171644,59.84017470495192,86.61547905594944,20.0,kinematic,False,0,0.0,,,,random,event,0,0,9.84217900031581,9.797519000130706,2516.6666666666624,100.0,0.023459000203729374,13346.927692857325
random-s0-0172,visibility,1,0,completed,True,False,3,471,0,,37.83980399748543,0.08033928661886504,3016.666666666661,57.3726650000026,52.580208129891204,181,0,0,0,13595.961208964909,13302.686207257742,59.044946867669154,59.535841493162216,108.68070603458023,20.0,kinematic,False,0,0.0,,,,random,event,2,54,9.15152500010663,9.107513999879302,3016.666666666661,500.0,0.0623450000603043,13346.927692857325
random-s0-0173,voronoi,1,0,completed,True,False,3,431,0,,24.676993003140524,0.057255204183620706,2466.666666666663,41.68844900004842,59.16906783132656,148,0,0,0,14839.332573862648,13866.419373200504,58.78769671196306,59.88744104718027,241.73766243340668,20.0,kinematic,False,0,0.0,,,,random,event,6,0,4.165843000009772,4.077408000284777,2466.666666666663,100.0,0.042799000311788404,13746.030560169027
random-s0-0173,voronoi,1,0,completed,True,False,3,797,0,,135.36133999605227,0.16983856963118227,6866.666666666648,172.0232089996898,39.91709436532503,412,0,0,0,14839.332573862648,20715.72378095642,58.87372379814318,59.12574733113487,20.844347316692563,20.0,kinematic,False,0,0.0,,,,random,event,238,14,4.196509999474074,4.429181999967113,6866.666666666648,500.0,0.08144699995682458,13746.030560169027
random-s0-0173,prm,1,0,planning_failed,False,False,3,294,1,B1,11.365150998699391,0.03865697618605235,2516.6666666666624,23.984282000128587,104.92983140596704,151,0,0,0,10731.025515150097,10314.031717884132,1192.4290825681267,3459.9284067737585,2.9071058441359696,20.0,kinematic,False,0,0.0,,,,random,event,0,0,6.572877000053268,6.448811000154819,,100.0,0.024748000214458443,13746.030560169027
random-s0-0173,prm,1,0,planning_failed,False,False,3,324,1,B1,14.113615004134772,0.043560540136218434,3016.666666666661,28.687111999715853,105.15755879143713,181,0,0,0,10731.025515150097,10511.217152520781,1192.367363124568,3459.9284067737585,197.28038246977167,20.0,kinematic,False,0,0.0,,,,random,event,0,45,6.495428000562242,6.377309000072273,,500.0,0.05567900007008575,13746.030560169027
random-s0-0173,visibility,1,0,planning_failed,False,False,3,333,1,B1,15.984301002390566,0.04800090391108278,3166.66666666666,31.021588999919913,102.0794475316798,190,0,0,0,10299.986178425215,10179.892205732573,1192.6412759886914,3459.9284067737585,0.6132837739060619,20.0,kinematic,False,0,0.0,,,,random,event,0,0,9.869722000075853,9.771598000043014,,100.0,0.0262869998550741,13746.030560169027
random-s0-0173,visibility,1,0,planning_failed,False,False,3,348,1,B1,50.905208994208806,0.14627933619025518,3166.66666666666,66.92928600023151,47.313617937829285,190,0,0,0,10299.986178425215,10283.315127361364,1192.7968352196938,3459.9284067737585,0.6132837739060619,20.0,kinematic,False,0,0.0,,,,random,event,4,62,9.180006999940815,9.086657999887393,,500.0,0.05827099994348828,13746.030560169027
random-s0-0174,voronoi,1,0,completed,True,False,3,455,0,,22.174721000737918,0.048735650551072346,3433.333333333326,41.55987199965239,82.61173983793894,206,0,0,0,15580.737879241211,14316.79558582498,58.814141089553196,59.51642937564399,18.91336696869513,20.0,kinematic,False,0,0.0,,,,random,event,29,0,4.295025999454083,4.28048999992825,3433.333333333326,100.0,0.04369899988887482,13776.031367171588
random-s0-0174,voronoi,1,0,completed,True,False,3,3502,0,,754.187063988411,0.21535895602181923,26966.666666666417,913.0455320000692,29.53485420118607,1618,0,1,1,15455.758159650382,46789.44403294514,59.350899143813656,59.47544851811981,-8.945175679123565,20.0,kinematic,False,0,0.0,,,,random,event,942,70,4.082391999872925,8.682201000283385,26966.666666666417,500.0,0.10736299964264617,13776.031367171588
random-s0-0174,prm,1,0,completed,True,False,3,487,0,,32.84871000005296,0.06745114989743935,3966.6666666666574,53.63440399969477,73.95750434160192,238,0,0,0,16089.048003654678,14388.79323832241,58.90091374800659,59.51642937564399,8.141061358221322,20.0,kinematic,False,0,0.0,,,,random,event,3,0,6.226304999927379,6.327924000288476,3966.6666666666574,100.0,0.023473000055673765,13776.031367171588
random-s0-0174,prm,1,0,completed,True,False,3,466,0,,32.77255599914497,0.07032737338872311,3616.666666666659,56.5275870003461,63.9805599104118,217,0,1,1,16089.048003654678,14159.430756662485,58.76760659125019,59.51642937564399,-153.83118636148214,20.0,kinematic,False,0,0.0,,,,random,event,1,323,6.082912000692886,6.05078400030834,3616.666666666659,500.0,0.08020599989322363,13776.031367171588
random-s0-0174,visibility,1,0,completed,True,False,3,419,0,,33.74541099947237,0.08053797374575744,2833.333333333328,50.719401000151265,55.8629100001571,170,0,0,0,13813.101660957294,13652.2613165772,59.17156429338331,59.52968439704505,0.3727503044030982,20.0,kinematic,False,0,0.0,,,,random,event,2,24,9.648795999055437,9.615565999865794,2833.333333333328,100.0,0.05027699990023393,13776.031367171588
random-s0-0174,visibility,1,0,completed,True,False,3,409,0,,34.424877997935255,0.08416840586292239,2666.666666666662,51.24279800020304,52.03983331776879,160,0,0,0,13813.101660957294,13666.473585265263,58.72300548158383,59.51642937564399,10.024099057192103,20.0,kinematic,False,0,0.0,,,,random,event,1,307,8.24503299963908,8.211638999910065,2666.666666666662,500.0,0.0762300001042604,13776.031367171588
random-s0-0175,voronoi,1,0,completed,True,False,3,399,0,,20.099156001379015,0.050373824564859684,2616.6666666666624,37.485483000182285,69.8048006118512,157,0,0,0,12084.619813419844,11336.440625817311,58.24107527253553,58.66997723903662,4.298953626736619,20.0,kinematic,False,0,0.0,,,,random,event,1,0,4.061344000092504,3.9949940000951756,2616.6666666666624,100.0,0.044892000005347654,11023.736554185123
random-s0-0175,voronoi,1,0,completed,True,False,3,491,0,,176.0263869987284,0.3585058798344774,3066.6666666666606,196.30660700022418,15.621820954111639,184,0,0,0,12247.37457264553,14459.960772804608,58.29786024490389,58.79608209195106,12.630299790301194,20.0,kinematic,False,0,0.0,,,,random,event,101,26,4.08666000021185,4.190656999981002,3066.6666666666606,500.0,3.940134999993461,11023.736554185123
random-s0-0175,prm,1,0,completed,True,False,3,467,0,,29.02486299899465,0.062151740897204814,3799.9999999999914,49.25403000015649,77.15104733537373,228,0,0,0,11200.919490727887,13715.64998704903,59.44872748876398,59.9449517693716,7.418325122137617,20.0,kinematic,False,0,0.0,,,,random,event,2,18,6.7687400000977505,6.782369999655202,3799.9999999999914,100.0,0.04779900018547778,11023.736554185123
random-s0-0175,prm,1,0,completed,True,False,3,406,0,,27.6996139991752,0.06822565024427389,2916.666666666661,45.27335500006302,64.42347086189218,175,0,0,0,11200.919490727887,11846.608150795748,58.75650757654015,58.868229243261645,118.22575285784774,20.0,kinematic,False,0,0.0,,,,random,event,1,155,6.42696699969747,6.838620000053197,2916.666666666661,500.0,0.07125100000848761,11023.736554185123
random-s0-0175,visibility,1,0,completed,True,False,3,435,0,,34.984294002697425,0.08042366437401707,3399.9999999999927,53.79684199988333,63.200735835151185,204,0,1,1,11027.209084436226,10940.920685441391,58.98970715877698,59.5678279899721,-42.02672382599232,20.0,kinematic,False,0,0.0,,,,random,event,2,16,9.15046899990557,9.112098000059632,3399.9999999999927,100.0,0.04759400007969816,11023.736554185123
random-s0-0175,visibility,1,0,completed,True,False,3,408,0,,43.14764800483317,0.10575403922753228,2949.9999999999945,63.52029500021672,46.44184980548232,177,0,0,0,11027.209084436226,10894.126528651152,59.10598027628246,59.91664734248854,67.8838641654024,20.0,kinematic,False,0,0.0,,,,random,event,1,147,14.443446999848675,14.381192000200826,2949.9999999999945,500.0,0.10917999998127925,11023.736554185123
random-s0-0176,voronoi,1,0,completed,True,False,3,377,0,,10.991674004799279,0.029155633964984825,2166.666666666664,25.56992600011654,84.73496038497683,130,0,0,0,11280.028414667486,11103.213910788316,58.93816795972282,59.81932929601796,740.6499643404622,20.0,kinematic,False,0,0.0,,,,random,event,0,0,0.10158800023418735,0.10312199992768001,2166.666666666664,100.0,0.03347099982420332,11280.028414667486
random-s0-0176,voronoi,1,0,completed,True,False,3,633,0,,379.1687629968692,0.599002785145133,3749.9999999999914,406.32003100017755,9.229178268098607,225,0,0,0,11280.028414667486,16518.504312077752,58.87653039364286,59.109567870395324,723.197447742295,20.0,kinematic,False,0,0.0,,,,random,event,114,67,0.08899800059225527,6.832280000253377,3749.9999999999914,500.0,4.08077800011597,11280.028414667486
random-s0-0176,prm,1,0,completed,True,False,3,377,0,,6.287849000273127,0.016678644563058693,2166.666666666664,21.381073000156903,101.33573121661219,130,0,0,0,11280.028414667486,11103.213910788316,58.93816795972282,59.81932929601796,740.6499643404622,20.0,kinematic,False,0,0.0,,,,random,event,0,0,0.05106499929752317,0.35971400029666256,2166.666666666664,100.0,0.02012799996009562,11280.028414667486
random-s0-0176,prm,1,0,completed,True,False,3,374,0,,17.931186002897448,0.047944347601330074,2166.666666666664,32.688276000044425,66.2826839403742,130,0,0,0,11280.028414667486,11105.755289200662,58.81364059518461,59.81932929601796,742.8245513587062,20.0,kinematic,False,0,0.0,,,,random,event,1,159,0.04599500016411184,5.041251999955421,2166.666666666664,500.0,0.07030000006125192,11280.028414667486
random-s0-0176,visibility,1,0,completed,True,False,3,377,0,,5.944988997271139,0.015769201584273577,2166.666666666664,20.17721900028846,107.38182832013115,130,0,0,0,11280.028414667486,11103.213910788316,58.93816795972282,59.81932929601796,740.6499643404622,20.0,kinematic,False,0,0.0,,,,random,event,0,0,0.048438999328936916,0.07554500007245224,2166.666666666664,100.0,0.018458999875292648,11280.028414667486
random-s0-0176,visibility,1,0,completed,True,False,3,379,0,,21.271928998885414,0.05612646173848394,2166.666666666664,35.916591999921366,60.324951394926536,130,0,0,0,11280.028414667486,11124.054289646634,58.664359434071535,59.81932929601796,740.8713924790084,20.0,kinematic,False,0,0.0,,,,random,event,1,159,0.04620499976226711,8.961233999798424,2166.666666666664,500.0,0.0573050001548836,11280.028414667486
random-s0-0177,voronoi,1,0,completed,True,False,3,361,0,,14.62840500562379,0.040521897522503576,2049.9999999999977,28.6069129997486,71.66100026304876,123,0,0,0,9307.048883738149,9350.971290199783,58.55584385936743,59.00321735694962,54.4931412584053,20.0,kinematic,False,0,0.0,,,,random,event,2,0,0.10448399962115218,4.1159779998451995,2049.9999999999977,100.0,0.04648000003726338,9307.048883738149
random-s0-0177,voronoi,1,0,completed,True,False,3,413,0,,39.63106100218283,0.09595898547744028,2666.666666666662,56.68295499981468,47.04530077296394,160,0,0,0,9307.048883738149,10115.622324527434,59.041893319473424,59.93585004190353,102.23246956928301,20.0,kinematic,False,0,0.0,,,,random,event,43,0,0.08292400025311508,5.548859000100492,2666.666666666662,500.0,0.06045600002835272,9307.048883738149
random-s0-0177,prm,1,0,completed,True,False,3,359,0,,11.910274003639643,0.03317625070651711,2033.333333333331,25.54458100030388,79.59940048768631,122,0,0,0,9307.048883738149,9229.909573029614,58.42057134316898,58.458960446541944,62.952007118499864,20.0,kinematic,False,0,0.0,,,,random,event,1,1,0.0513330001012946,6.1809819999325555,2033.333333333331,100.0,0.02109500019287225,9307.048883738149
random-s0-0177,prm,1,0,completed,True,False,3,354,0,,7.92348300183221,0.022382720344158787,2033.333333333331,21.518016000300122,94.49446144593308,122,0,0,0,9307.048883738149,9131.58660612429,58.48742587128655,58.65952403089464,62.952007118499864,20.0,kinematic,False,0,0.0,,,,random,event,0,51,0.04969099973095581,0.15782699983901693,2033.333333333331,500.0,0.060121999922557734,9307.048883738149
random-s0-0177,visibility,1,0,completed,True,False,3,362,0,,14.719428001626511,0.040661403319410254,2066.6666666666642,28.417331000127888,72.72557252675712,124,0,0,0,9307.048883738149,9172.388846435058,58.30864743226584,58.45480929220119,62.952007118499864,20.0,kinematic,False,0,0.0,,,,random,event,1,1,0.04758100021717837,8.911961999729101,2066.6666666666642,100.0,0.020152000161033357,9307.048883738149
random-s0-0177,visibility,1,0,completed,True,False,3,354,0,,7.592388993998611,0.02144742653671924,2033.333333333331,21.14488600000186,96.16194352304156,122,0,0,0,9307.048883738149,9131.58660612429,58.48742587128655,58.65952403089464,62.952007118499864,20.0,kinematic,False,0,0.0,,,,random,event,0,51,0.04625799965651822,0.07307399982892093,2033.333333333331,500.0,0.05415700024968828,9307.048883738149
random-s0-0178,voronoi,1,0,completed,True,False,3,459,0,,17.638598996654764,0.038428320254149814,3216.66666666666,36.40856399988479,88.34917704188605,193,0,0,0,15965.345687921174,15789.72472424039,59.150012124545306,59.82868913456566,191.7215470021378,20.0,kinematic,False,0,0.0,,,,random,event,1,0,0.10353299967391649,4.120245999729377,3216.66666666666,100.0,0.037925000015093246,15965.345687921174
random-s0-0178,voronoi,1,0,completed,True,False,3,575,0,,117.28587100242294,0.20397542783030076,3499.9999999999923,140.7803340002829,24.861427022846524,210,0,0,0,15965.345687921174,19438.845918079704,59.33450440931338,59.99910670198988,143.52285169700917,20.0,kinematic,False,0,0.0,,,,random,event,117,19,0.08730599938644446,4.4196959997861995,3499.9999999999923,500.0,0.07851999998820247,15965.345687921174
random-s0-0178,prm,1,0,completed,True,False,3,452,0,,13.426227001218649,0.029704042038094357,3099.999999999994,31.368056999781402,98.82665030931298,186,0,0,0,15965.345687921174,16304.240337295101,59.34759423718291,59.82868913456566,191.7215470021378,20.0,kinematic,False,0,0.0,,,,random,event,1,0,0.05050200070400024,5.8238199999323115,3099.999999999994,100.0,0.02600700008770218,15965.345687921174
random-s0-0178,prm,1,0,completed,True,False,3,437,0,,57.3547810022319,0.13124663844904325,2783.3333333333285,74.96953500003656,37.12619177019,167,0,0,0,15965.345687921174,15931.234094766354,59.07814957855262,59.82868913456566,191.7215470021378,20.0,kinematic,False,0,0.0,,,,random,event,2,139,0.04555500026981463,11.912593000033667,2783.3333333333285,500.0,0.06859899986011442,15965.345687921174
random-s0-0178,visibility,1,0,completed,True,False,3,440,0,,136.53983499671085,0.3103178068107065,2899.9999999999945,154.2612459998054,18.799277687693856,174,0,0,0,15965.345687921174,15879.078119939863,59.35924723563746,59.82868913456566,191.7215470021378,20.0,kinematic,False,0,0.0,,,,random,event,16,0,0.0478460001431813,8.41532799995548,2899.9999999999945,100.0,0.03858199988826527,15965.345687921174
random-s0-0178,visibility,1,0,completed,True,False,3,474,0,,18.631211000865733,0.03930635232250155,3466.6666666666592,37.99367000010534,91.24326938295373,208,0,0,0,15965.345687921174,17131.50043760259,58.93196476450216,59.82868913456566,191.7215470021378,20.0,kinematic,False,0,0.0,,,,random,event,1,73,0.051884000185964396,7.437814000240905,3466.6666666666592,500.0,0.05523799973161658,15965.345687921174
random-s0-0179,voronoi,1,0,completed,True,False,3,558,0,,44.57871699560201,0.07989017382724374,3983.333333333324,68.23502499992173,58.37666701723774,239,0,0,0,17472.167906951938,16669.988491595876,58.84527068979467,59.44508638153046,2.6921847008026702,20.0,kinematic,False,0,0.0,,,,random,event,6,0,4.1023970002243,4.016890999992029,3983.333333333324,100.0,0.048460000016348204,15576.995968746874
random-s0-0179,voronoi,1,0,completed,True,False,3,698,0,,140.94662800061997,0.2019292664765329,4299.99999999999,169.76957199995013,25.328449317179484,258,0,0,0,17490.23656998485,21448.97328483872,59.44892741269084,59.86769431051881,39.82989165333575,20.0,kinematic,False,0,0.0,,,,random,event,123,12,3.973195000071428,4.526520000126766,4299.99999999999,500.0,0.08059099991442054,15576.995968746874
random-s0-0179,prm,1,0,completed,True,False,3,439,0,,27.025815994875302,0.061562223222950574,2616.6666666666624,44.46245300005103,58.851153953733935,157,0,0,0,15740.300583502007,15420.169685094377,59.434901072589604,59.508781839299644,10.381929550403612,20.0,kinematic,False,0,0.0,,,,random,event,2,16,6.717450999985886,6.672851000075752,2616.6666666666624,100.0,0.03847900006803684,15576.995968746874
random-s0-0179,prm,1,0,completed,True,False,3,484,0,,25.53757399755341,0.05276358263957316,3199.9999999999936,45.44165299967062,70.41997349927364,192,0,0,0,15740.300583502007,15553.470522874168,59.033209725858654,59.25280421343162,22.337898858958653,20.0,kinematic,False,0,0.0,,,,random,event,1,131,6.90905900000871,6.870506000268506,3199.9999999999936,500.0,0.06733899999744608,15576.995968746874
random-s0-0179,visibility,1,0,completed,True,False,3,481,0,,84.50040899742817,0.17567652598217914,2966.666666666661,103.23972900005174,28.735707613734384,178,0,0,0,15579.635892414452,15582.489261138238,59.59246823066817,59.73570112397099,5.732464422635928,20.0,kinematic,False,0,0.0,,,,random,event,7,0,9.803390999877593,10.55685400024231,2966.666666666661,100.0,0.026729000182967866,15576.995968746874
random-s0-0179,visibility,1,0,completed,True,False,3,512,0,,81.82767900871113,0.15981968556388892,3783.333333333325,104.45818000016516,36.21864111865,227,0,1,1,15579.635892414452,15591.307790301951,59.00316155479576,59.44508638153046,-50.48474503070739,20.0,kinematic,False,0,0.0,,,,random,event,7,95,9.49741400017956,9.46028699991075,3783.333333333325,500.0,0.05507399964699289,15576.995968746874
random-s0-0180,voronoi,1,0,completed,True,False,3,426,0,,20.186710999951174,0.04738664553979149,2483.3333333333294,37.31157500033078,66.55664718820671,149,0,0,0,17106.723051186014,13725.36262943635,58.87492762081487,59.65836730890859,40.86472078775276,20.0,kinematic,False,0,0.0,,,,random,event,0,0,7.8490069995496015,3.9068090000000666,2483.3333333333294,100.0,0.039244999697984895,13705.64997659755
random-s0-0180,voronoi,1,0,completed,True,False,3,770,0,,183.28714500148635,0.23803525324868358,5666.6666666666515,216.61821499992584,26.159696065580594,340,0,0,0,17027.580411630413,22389.305264988834,58.56932077788843,59.00703352855862,6.2947293667472195,20.0,kinematic,False,0,0.0,,,,random,event,107,25,7.886660000167467,4.43197999993572,5666.6666666666515,500.0,3.6705040001834277,13705.64997659755
random-s0-0180,prm,1,0,completed,True,False,3,428,0,,19.685027992636606,0.04599305605756216,2483.3333333333294,36.138637000021845,68.71685097951614,149,0,0,0,15086.527930776323,14005.948195881494,58.930766463317035,59.65836730890859,39.174047123455125,20.0,kinematic,False,0,0.0,,,,random,event,0,2,12.378777999856538,6.219604999841977,2483.3333333333294,100.0,0.02499999982319423,13705.64997659755
random-s0-0180,prm,1,0,completed,True,False,3,626,0,,80.48151500224776,0.12856472045087503,5699.999999999985,108.54790499979572,52.51137735003465,342,0,0,0,15086.527930776323,18797.455268174497,58.97204573779431,59.65836730890859,108.86284790967841,20.0,kinematic,False,0,0.0,,,,random,event,6,57,12.423752999438875,15.22860099976242,5699.999999999985,500.0,0.05872200017620344,13705.64997659755
random-s0-0180,visibility,1,0,completed,True,False,3,418,0,,92.98250899928462,0.22244619377819286,2533.3333333333294,119.707925000057,21.162620046518416,152,0,0,0,13746.925415877158,13621.7995745944,59.284871759342195,59.65836730890859,31.606171826421246,20.0,kinematic,False,0,0.0,,,,random,event,7,0,18.97055300014472,9.98986500007959,2533.3333333333294,100.0,0.04140500004723435,13705.64997659755
random-s0-0180,visibility,1,0,completed,True,False,3,522,0,,83.98465100162866,0.1608901360184457,3316.6666666666597,111.1931350001214,29.827980537314993,199,0,0,0,13770.261028339983,13934.927353978968,58.527278239681756,58.90862686441251,46.14557334469862,20.0,kinematic,False,0,0.0,,,,random,event,2,160,33.01523000027373,17.078010000204813,3316.6666666666597,500.0,0.10227499979009735,13705.64997659755
random-s0-0181,voronoi,1,0,completed,True,False,3,520,0,,43.69056199993793,0.08402031153834216,3666.6666666666583,65.35738200000196,56.101798365585516,220,0,0,0,14762.846528074817,14945.409186969911,58.820195425553216,59.45787253336014,100.32295041939085,20.0,kinematic,False,0,0.0,,,,random,event,28,3,0.09610999995857128,4.077052999946318,3666.6666666666583,100.0,0.05730899965783465,14762.846528074817
random-s0-0181,voronoi,1,0,completed,True,False,3,1308,0,,194.7660899973016,0.1489037385300471,10300.000000000091,253.82511099996918,40.579121425071854,618,0,0,0,16255.314692974644,29723.408616195622,59.506653463730466,59.85787219264297,126.7803895737215,20.0,kinematic,False,0,0.0,,,,random,event,241,9,4.004743000223243,4.549644000235276,10300.000000000091,500.0,0.07880999964982038,14762.846528074817
random-s0-0181,prm,1,0,completed,True,False,3,504,0,,23.70501600080388,0.047033761906356907,3199.9999999999936,44.815374000336305,71.40406771961739,192,0,0,0,14762.846528074817,15549.816720066061,58.81975545203351,59.080976319222145,51.67407707878385,20.0,kinematic,False,0,0.0,,,,random,event,2,24,0.05372099985834211,6.919053999808966,3199.9999999999936,100.0,0.050581999857968185,14762.846528074817
random-s0-0181,prm,1,0,completed,True,False,3,560,0,,88.62597399684091,0.15826066785150164,3599.9999999999923,112.05925200010824,32.12586141478541,216,0,0,0,15067.724738288878,19029.319659696568,59.167220859649234,59.66333063795845,179.14562689461593,20.0,kinematic,False,0,0.0,,,,random,event,9,179,6.632753000303637,16.910276000089652,3599.9999999999923,500.0,0.08775900005275616,14762.846528074817
random-s0-0181,visibility,1,0,completed,True,False,3,511,0,,55.90711300555995,0.10940726615569461,3749.9999999999914,77.92509599994446,48.123136094726966,225,0,0,0,14762.846528074817,14651.39513081701,59.011078414618034,59.954731101477364,48.06272688400321,20.0,kinematic,False,0,0.0,,,,random,event,5,28,0.04809599977306789,9.147956000106205,3749.9999999999914,100.0,0.05411099982666201,14762.846528074817
random-s0-0181,visibility,1,0,completed,True,False,3,588,0,,157.40967899546376,0.267703535706571,3583.3333333333253,180.66693300033876,19.833919100882763,215,0,0,0,14815.714110025703,16451.041777471964,58.84892267243875,59.18073494145915,87.19655281958103,20.0,kinematic,False,0,0.0,,,,random,event,17,195,8.758072999626165,8.725566000066465,3583.3333333333253,500.0,0.07503699998778757,14762.846528074817
random-s0-0182,voronoi,1,0,completed,True,False,3,366,0,,15.101926000170351,0.041262092896640304,2349.9999999999964,30.426148000060493,77.23619828561026,141,0,0,0,13027.455656527285,9364.349950966181,58.53622486232314,59.318827067515514,6.461070103961305,20.0,kinematic,False,0,0.0,,,,random,event,0,0,4.257282000253326,4.188815000361501,2349.9999999999964,100.0,0.044534000153362285,9201.55549129195
random-s0-0182,voronoi,1,0,completed,True,False,3,490,0,,88.39184099088016,0.18039151222628602,3266.66666666666,111.18099299983442,29.381520874449514,196,0,0,0,13027.455656527285,11751.950920538387,58.228523418268026,58.452104344683065,0.29638314880497774,20.0,kinematic,False,0,0.0,,,,random,event,67,4,4.226483999445918,5.523886999981187,3266.66666666666,500.0,0.08434899973508436,9201.55549129195
random-s0-0182,prm,1,0,completed,True,False,3,400,0,,12.76556599941614,0.03191391499854035,2916.666666666661,29.631914000219695,98.4299112991836,175,0,0,0,9346.083895896238,9144.768106912676,58.57508529029348,59.318827067515514,0.8850919264440336,20.0,kinematic,False,0,0.0,,,,random,event,0,0,6.107222000082402,6.068840000352793,2916.666666666661,100.0,0.022871000055602053,9201.55549129195
random-s0-0182,prm,1,0,completed,True,False,3,373,0,,19.29120800741657,0.05171905632015167,2466.666666666663,34.842055999888544,70.79566908091054,148,0,0,0,9346.083895896238,9449.506668212203,58.75420132818851,59.318827067515514,8.963015439463618,20.0,kinematic,False,0,0.0,,,,random,event,1,70,5.940681999618391,5.902593999962846,2466.666666666663,500.0,0.059129000419488875,9201.55549129195
random-s0-0182,visibility,1,0,completed,True,False,3,401,0,,16.011720998449164,0.0399294787991251,2933.3333333333276,32.81496199997491,89.39011824348815,176,0,0,0,9210.473892065002,9033.239022919992,58.5819669369229,59.318827067515514,0.31214351044883415,20.0,kinematic,False,0,0.0,,,,random,event,0,0,8.961469999576366,8.92161899992061,2933.3333333333276,100.0,0.024713999664527364,9201.55549129195
random-s0-0182,visibility,1,0,completed,True,False,3,412,0,,52.851124001790595,0.12827942718881213,3099.999999999994,70.94968899991727,43.69293288943957,186,0,1,1,9210.473892065002,9092.345877261912,58.92950817742051,59.735946370219494,-33.34860604583034,20.0,kinematic,False,0,0.0,,,,random,event,4,49,9.180349999951432,9.14147999992565,3099.999999999994,500.0,0.06005200020808843,9201.55549129195
random-s0-0183,voronoi,1,0,completed,True,False,3,387,0,,51.55265599523773,0.13321099740371506,2566.6666666666624,67.98891600010393,37.75125149315131,154,0,0,0,8637.259787658168,9177.057359804736,58.79992706358223,59.22716002938245,122.80910343865185,20.0,kinematic,False,0,0.0,,,,random,event,39,0,0.10210799973719986,4.331713000283344,2566.6666666666624,100.0,0.056198000038421014,8637.259787658168
random-s0-0183,voronoi,1,0,completed,True,False,3,481,0,,24.78194099967368,0.05152170686002844,4016.666666666658,46.49320499993337,86.3925527756672,241,0,0,0,9709.480957632899,10358.127694219733,59.598772655340845,59.852223275292374,218.33554712356909,20.0,kinematic,False,0,0.0,,,,random,event,99,0,4.218421999667044,4.152799999701529,4016.666666666658,500.0,0.05097800021758303,8637.259787658168
random-s0-0183,prm,1,0,completed,True,False,3,365,0,,77.32087099657292,0.21183800273033676,2516.6666666666624,92.42786200002229,27.228441859512618,151,0,0,0,8637.259787658168,9777.669320396413,58.67885693017694,59.22407379148823,164.72717738788873,20.0,kinematic,False,0,0.0,,,,random,event,11,7,0.05213700023887213,10.770374999992782,2516.6666666666624,100.0,0.06604999998671701,8637.259787658168
random-s0-0183,prm,1,0,completed,True,False,3,482,0,,23.93428799632602,0.049656199162502114,4566.666666666656,45.969161999892094,99.34196030541901,274,1,0,1,10578.126908686454,10983.651109868615,58.3206958715237,58.393031123184976,-29.250934056781688,20.0,kinematic,False,0,0.0,,,,random,event,1,47,6.194431000039913,6.7048810001324455,4566.666666666656,500.0,0.053390000175568275,8637.259787658168
random-s0-0183,visibility,1,0,completed,True,False,3,391,0,,140.28608600483494,0.3587879437463809,2916.666666666661,157.97911999970893,18.46235544717577,175,0,0,0,8637.259787658168,8648.474541757567,58.75872714379946,59.87080922204073,61.50119422188973,20.0,kinematic,False,0,0.0,,,,random,event,14,7,0.04941400038660504,10.543426000367617,2916.666666666661,100.0,0.06641599975409918,8637.259787658168
random-s0-0183,visibility,1,0,completed,True,False,3,425,0,,102.27661300632462,0.2406508541325285,3616.666666666659,121.60342300012417,29.741487348287606,217,1,0,1,8867.81164032238,9035.177917379624,58.38614642012033,58.5213504363453,-29.250934056781688,20.0,kinematic,False,0,0.0,,,,random,event,9,91,9.062266000455566,10.426039999856584,3616.666666666659,500.0,0.0740620002943615,8637.259787658168
random-s0-0184,voronoi,1,0,completed,True,False,3,437,0,,29.784460993141693,0.06815666131153705,2933.3333333333276,49.969118000262824,58.702923940300465,176,0,0,0,15939.65018821702,13556.513928491433,58.486015149475485,58.86427437444274,432.494142060355,20.0,kinematic,False,0,0.0,,,,random,event,3,0,4.098901999896043,4.463591999865457,2933.3333333333276,100.0,0.04643600004783366,13321.640047140332
random-s0-0184,voronoi,1,0,completed,True,False,3,536,0,,74.65615099908973,0.13928386380427188,3333.333333333326,96.86807700018107,34.41106127591544,200,0,0,0,16130.355518739536,15964.99903774446,58.93106049268295,59.559846119026965,474.4808154624851,20.0,kinematic,False,0,0.0,,,,random,event,81,6,4.015130000425415,4.471556999760651,3333.333333333326,500.0,0.08560600008422625,13321.640047140332
random-s0-0184,prm,1,0,completed,True,False,3,452,0,,82.16491600387599,0.18178078761919467,2816.6666666666615,102.17143699992448,27.5680439599645,169,0,0,0,13431.509702935356,15827.79640091226,58.77939400646786,59.42258100017741,275.12580033375787,20.0,kinematic,False,0,0.0,,,,random,event,10,10,6.773455999791622,7.628847999967547,2816.6666666666615,100.0,0.05578200034506153,13321.640047140332
random-s0-0184,prm,1,0,planning_failed,False,False,3,261,1,B0,9.472198003550147,0.03629194637375535,2366.6666666666633,23.312327999974514,101.51996259958467,142,0,0,0,8232.96955279704,8115.3158537148165,1735.4413978085065,5088.6704943432915,434.5600749769511,20.0,kinematic,False,0,0.0,,,,random,event,0,86,0.2676489998520992,0.22094699988883804,,500.0,0.07745499988232041,13321.640047140332
random-s0-0184,visibility,1,0,completed,True,False,3,421,0,,119.84659199924863,0.2846712399032034,2616.6666666666624,137.69667399992613,19.003121794126024,157,0,0,0,13326.268182518354,13203.164692107664,59.207825237378465,59.71335021538219,429.0723994241388,20.0,kinematic,False,0,0.0,,,,random,event,12,0,10.083054999995511,10.025432000020373,2616.6666666666624,100.0,0.03774700007852516,13321.640047140332
random-s0-0184,visibility,1,0,planning_failed,False,False,3,261,1,B0,7.991222001692222,0.030617708818744146,2366.6666666666633,20.159218000117107,117.39873375311062,142,0,0,0,8232.96955279704,8115.3158537148165,1735.4413978085065,5088.6704943432915,434.5600749769511,20.0,kinematic,False,0,0.0,,,,random,event,0,86,0.11798899959103437,0.10831200006578001,,500.0,0.058348999573354376,13321.640047140332
random-s0-0185,voronoi,1,0,completed,True,False,3,535,0,,28.429221004898864,0.05313873085027825,3866.666666666658,51.15891100012959,75.58148895422858,232,0,0,0,18379.377882631856,16561.188942066296,59.49783812439487,59.845036011278005,1.535056217991098,20.0,kinematic,False,0,0.0,,,,random,event,2,0,4.053319000377087,4.081397999925684,3866.666666666658,100.0,0.044813999920734204,16481.86601305819
random-s0-0185,voronoi,1,0,completed,True,False,3,563,0,,164.54627100665675,0.292266911201877,3866.666666666658,188.53280900020764,20.509250815132127,232,0,0,0,18319.670379543553,18416.966707427935,58.880847689348194,59.48623022950717,2.3047828388657763,20.0,kinematic,False,0,0.0,,,,random,event,89,30,3.9699700000710436,4.7905699998409546,3866.666666666658,500.0,4.129134999857342,16481.86601305819
random-s0-0185,prm,1,0,completed,True,False,3,570,0,,17.285074000028544,0.030324691228120253,4449.999999999989,41.442833000019164,107.37682918534868,267,0,0,0,19463.067339642184,18697.908252228135,59.24342388576619,59.436549016704,4.87867182743156,20.0,kinematic,False,0,0.0,,,,random,event,0,0,6.643722000262642,6.608386000152677,4449.999999999989,100.0,0.027828999918710906,16481.86601305819
random-s0-0185,prm,1,0,completed,True,False,3,587,0,,34.723771999779274,0.05915463713761376,4733.333333333322,60.16518200021892,78.6723014203813,284,0,0,0,19585.612537916815,17981.10764241178,59.18277646296942,59.436549016704,0.34709469283129124,20.0,kinematic,False,0,0.0,,,,random,event,1,84,5.889168999601679,14.423537999846303,4733.333333333322,500.0,0.06269499999689288,16481.86601305819
random-s0-0185,visibility,1,0,completed,True,False,3,486,0,,18.04857600154719,0.037136987657504505,3049.999999999994,37.784505000217905,80.7209198580848,183,0,0,0,16484.098770842218,16306.384926807976,59.111875681997276,59.436549016704,0.217051475064153,20.0,kinematic,False,0,0.0,,,,random,event,0,0,9.43169600031979,9.395557000061672,3049.999999999994,100.0,0.02479900012986036,16481.86601305819
random-s0-0185,visibility,1,0,completed,True,False,3,488,0,,44.90814300334023,0.09202488320356604,3049.999999999994,64.86795199998596,47.018595561651985,183,0,0,0,16484.098770842218,16338.195780129288,58.484774191131294,58.68714868408523,0.217051475064153,20.0,kinematic,False,0,0.0,,,,random,event,3,85,10.267116999784776,10.23132699992857,3049.999999999994,500.0,0.05542799999602721,16481.86601305819
random-s0-0186,voronoi,1,0,completed,True,False,3,405,0,,16.075839004770387,0.039693429641408366,2816.6666666666615,33.474937999926624,84.14255066500304,169,0,0,0,11439.37439088455,11519.713156402104,58.91409895454749,59.371411314058975,216.96724405869634,20.0,kinematic,False,0,0.0,,,,random,event,1,0,0.10508400009712204,3.9947010000105365,2816.6666666666615,100.0,0.04522299968812149,11439.37439088455
random-s0-0186,voronoi,1,0,completed,True,False,3,763,0,,364.09132900098484,0.4771839174324834,5683.3333333333185,398.27015899982143,14.270045608252229,341,0,0,0,11439.37439088455,20980.085348436285,40.111834886101455,59.75940458134746,75.67327433475344,20.0,kinematic,False,0,0.0,,,,random,event,173,61,0.08321199948113644,4.5264700002007885,5683.3333333333185,500.0,4.03614499964533,11439.37439088455
random-s0-0186,prm,1,0,completed,True,False,3,384,0,,19.300690006730292,0.05026221355919347,2466.666666666663,34.67034599998442,71.1462950692148,148,0,0,0,11439.37439088455,11472.037298090405,59.339067670002294,59.72098311403786,216.96724405869634,20.0,kinematic,False,0,0.0,,,,random,event,2,5,0.05255699988993001,6.5293769998788775,2466.666666666663,100.0,0.02808799990816624,11439.37439088455
random-s0-0186,prm,1,0,completed,True,False,3,384,0,,24.28309000288209,0.06323721354917211,2433.3333333333294,39.803848000246944,61.133117916595225,146,0,0,0,11439.37439088455,11510.926590542666,59.58514290667623,59.9813694639893,220.93882138353763,20.0,kinematic,False,0,0.0,,,,random,event,2,134,0.04543700015346985,6.273168999996415,2433.3333333333294,500.0,0.0660629998492368,11439.37439088455
random-s0-0186,visibility,1,0,completed,True,False,3,394,0,,26.351712999712618,0.06688252030383914,2633.333333333329,42.21813399999519,62.37446054185221,158,0,0,0,11439.37439088455,11281.99452564539,59.34265911408502,59.731757446286046,216.96724405869634,20.0,kinematic,False,0,0.0,,,,random,event,2,5,0.04810900054508238,9.886374999950931,2633.333333333329,100.0,0.02658399989741156,11439.37439088455
random-s0-0186,visibility,1,0,completed,True,False,3,386,0,,20.479540001360874,0.05305580311233387,2499.999999999996,36.04838600040239,69.35123253429681,150,0,0,0,11439.37439088455,11263.586697001909,59.13980885972271,59.371411314058975,216.96724405869634,20.0,kinematic,False,0,0.0,,,,random,event,1,134,0.08307400003104704,8.84777099963685,2499.999999999996,500.0,0.057607000144344056,11439.37439088455
random-s0-0187,voronoi,1,0,completed,True,False,3,442,0,,40.956180007015064,0.09266104073985308,2866.6666666666615,59.173758999804704,48.444897115225054,172,0,0,0,17472.51576978471,15310.86717864548,58.98411428449446,59.279905740097135,1.0019920180602924,20.0,kinematic,False,0,0.0,,,,random,event,5,0,7.9946750001909095,4.116572999919299,2866.6666666666615,100.0,0.05022100003770902,15405.018564113054
random-s0-0187,voronoi,1,0,completed,True,False,3,781,0,,144.99776700404254,0.1856565518617702,6716.666666666648,180.8975920002922,37.12966321108242,403,0,0,0,17618.03390550866,25299.45044022811,59.44720927041798,59.65195258777898,1.4170310172673908,20.0,kinematic,False,0,0.0,,,,random,event,94,19,8.033760000216716,4.470752000088396,6716.666666666648,500.0,0.07081700005073799,15405.018564113054
random-s0-0187,prm,1,0,completed,True,False,3,470,0,,29.74176500174508,0.06328035106754272,2849.9999999999945,48.752942999726656,58.45800939680654,171,0,0,0,16099.19549601777,16418.171924361406,59.48214659585949,59.88560007879606,0.09288876579225303,20.0,kinematic,False,0,0.0,,,,random,event,1,0,14.498672000172519,8.359528000255523,2849.9999999999945,100.0,0.025693999759823782,15405.018564113054
random-s0-0187,prm,1,0,completed,True,False,3,458,0,,23.498930997448042,0.05130770960141494,2849.9999999999945,42.02945599990926,67.8095857344941,171,0,0,0,16099.19549601777,15531.732615345116,59.0478077120944,59.57682155928975,0.09288876579225303,20.0,kinematic,False,0,0.0,,,,random,event,0,97,12.048397000398836,6.058882000161248,2849.9999999999945,500.0,0.06132499993327656,15405.018564113054
random-s0-0187,visibility,1,0,completed,True,False,3,446,0,,38.844642012918484,0.08709560989443606,2866.6666666666615,58.906783999645995,48.66445716479598,172,0,0,0,15405.837423415274,15244.127637806148,58.95996054746964,59.98032321996362,0.2698814720296525,20.0,kinematic,False,0,0.0,,,,random,event,1,0,20.042278000346414,10.037276999810274,2866.6666666666615,100.0,0.03575900018404354,15405.018564113054
random-s0-0187,visibility,1,0,completed,True,False,3,539,0,,51.259442997434235,0.09510100741639005,4566.666666666656,75.32289699975081,60.62786813260467,274,0,0,0,15405.837423415274,15231.900786639557,58.90911067616688,59.57682155928975,0.2698814720296525,20.0,kinematic,False,0,0.0,,,,random,event,2,89,18.608007000239013,9.943426000063482,4566.666666666656,500.0,0.05863800015504239,15405.018564113054
random-s0-0188,voronoi,1,0,completed,True,False,3,393,0,,12.138399001287326,0.03088651145365732,2666.666666666662,29.860511000151746,89.30412030300187,160,0,0,0,12696.412611118878,12517.603828313651,59.60292760174112,59.871300383807146,29.94377717744868,20.0,kinematic,False,0,0.0,,,,random,event,0,0,0.19505300042510498,0.13396100030149682,2666.666666666662,100.0,0.045944000248709926,12696.412611118878
random-s0-0188,voronoi,1,0,completed,True,False,3,459,0,,46.0402889980287,0.10030564051858104,2883.333333333328,65.07339199970374,44.30894478877718,173,0,0,0,12696.412611118878,13712.356834938491,59.83656910869518,59.89247340317361,29.94377717744868,20.0,kinematic,False,0,0.0,,,,random,event,58,3,0.15208999957394553,4.625132000001031,2883.333333333328,500.0,0.06319500016616075,12696.412611118878
random-s0-0188,prm,1,0,completed,True,False,3,393,0,,6.429573998502747,0.016360239181940833,2666.666666666662,22.573255999759567,118.13389555742712,160,0,0,0,12696.412611118878,12517.603828313651,59.60292760174112,59.871300383807146,29.94377717744868,20.0,kinematic,False,0,0.0,,,,random,event,0,0,0.05532399973162683,0.08325099997819052,2666.666666666662,100.0,0.021297999865055317,12696.412611118878
random-s0-0188,prm,1,0,completed,True,False,3,393,0,,13.042704000326921,0.033187541985564686,2666.666666666662,29.330019000099128,90.91936376371422,160,0,0,0,12696.412611118878,12527.279503075013,59.59901910886436,59.871300383807146,29.94377717744868,20.0,kinematic,False,0,0.0,,,,random,event,1,70,0.045926999518997036,3.793110000060551,2666.666666666662,500.0,0.05995299989081104,12696.412611118878
random-s0-0188,visibility,1,0,completed,True,False,3,393,0,,6.258420996800851,0.015924735360816414,2666.666666666662,22.060549999878276,120.87942805965291,160,0,0,0,12696.412611118878,12517.603828313651,59.60292760174112,59.871300383807146,29.94377717744868,20.0,kinematic,False,0,0.0,,,,random,event,0,0,0.04821599986826186,0.052956999752495904,2666.666666666662,100.0,0.01887700000224868,12696.412611118878
random-s0-0188,visibility,1,0,completed,True,False,3,395,0,,17.84263199488123,0.045171220240205645,2666.666666666662,34.29568000001382,77.75517693964917,160,0,0,0,12696.412611118878,12524.163595217453,59.266395554437224,59.871300383807146,29.94377717744868,20.0,kinematic,False,0,0.0,,,,random,event,1,70,0.045759999920846894,8.422685999903479,2666.666666666662,500.0,0.056147999657696346,12696.412611118878
random-s0-0189,voronoi,1,0,completed,True,False,3,392,0,,51.694524994672975,0.13187378825171678,2216.666666666664,67.45085100010328,32.86343513535907,133,0,0,0,12972.956163261297,11251.156622824155,59.16718987733035,59.53656657354308,59.5450127009216,20.0,kinematic,False,0,0.0,,,,random,event,13,8,9.662250000019412,5.076064000149927,2216.666666666664,100.0,0.05752500010203221,11189.028063405201
random-s0-0189,voronoi,1,0,completed,True,False,3,491,0,,136.85746400005883,0.27873210590643344,2999.999999999994,157.24966600009793,19.07794195250072,180,0,0,0,12964.08273405899,13822.37253724611,58.801504935503935,58.989168453639316,68.67580860003645,20.0,kinematic,False,0,0.0,,,,random,event,68,14,8.429370999692765,4.287213999759842,2999.999999999994,500.0,3.890438999860635,11189.028063405201
random-s0-0189,prm,1,0,completed,True,False,3,418,0,,29.75153299712474,0.07117591626106397,2549.999999999996,46.65178300001571,54.660290261556284,153,0,0,0,13251.254342742024,11150.321970676763,59.14760631065216,59.8150751326852,22.18450199888767,20.0,kinematic,False,0,0.0,,,,random,event,1,62,13.422760000139533,6.808751999869855,2549.999999999996,100.0,0.06355400000757072,11189.028063405201
random-s0-0189,prm,1,0,completed,True,False,3,429,0,,39.11318799646324,0.0911729323926882,2816.6666666666615,56.96510200004923,49.44547745502549,169,0,0,0,12724.828946601843,11394.152111395455,58.97379887530363,59.53656657354308,6.5072495476614165,20.0,kinematic,False,0,0.0,,,,random,event,2,206,12.316043999817339,6.303824000042368,2816.6666666666615,500.0,0.07432600023093983,11189.028063405201
random-s0-0189,visibility,1,0,completed,True,False,3,393,0,,46.33376799984035,0.1178976284983215,2199.9999999999973,61.78432100023201,35.60773938086551,132,0,0,0,11199.9913894698,11060.217156834702,59.35063178483647,59.568296017938266,49.925944080110014,20.0,kinematic,False,0,0.0,,,,random,event,2,60,19.26932600008513,9.71579399993061,2199.9999999999973,100.0,0.05219200011197245,11189.028063405201
random-s0-0189,visibility,1,0,completed,True,False,3,471,0,,33.663193003121705,0.07147174735270001,2883.333333333328,52.43933600013406,54.984169390054,173,0,0,0,11199.9913894698,11020.802724369183,59.12937795745929,59.53656657354308,25.7980478757178,20.0,kinematic,False,0,0.0,,,,random,event,0,219,17.312443000719213,8.69821000014781,2883.333333333328,500.0,0.07218300015665591,11189.028063405201
random-s0-0190,voronoi,1,0,completed,True,False,3,472,0,,23.064626998348103,0.04886573516599174,3716.6666666666583,43.70934300004592,85.03140087607251,223,0,0,0,14102.880544651642,12732.892981510173,59.25359140152162,59.54590330853376,6.063870959964646,20.0,kinematic,False,0,0.0,,,,random,event,1,0,4.065101999913168,4.588307999711105,3716.6666666666583,100.0,0.048395000249001896,11936.648285383184
random-s0-0190,voronoi,1,0,completed,True,False,3,490,0,,24.196574996494746,0.04938076529896887,3899.999999999991,45.99159899998995,84.79809540870374,234,0,0,0,14115.722096369998,13783.217029363619,59.12491086200734,59.64755073045202,126.57460662097407,20.0,kinematic,False,0,0.0,,,,random,event,71,0,4.235008000250673,4.170599000190123,3899.999999999991,500.0,0.0501720001011563,11936.648285383184
random-s0-0190,prm,1,0,completed,True,False,3,448,0,,20.801567997295933,0.04643207142253557,3316.6666666666597,39.96794199974829,82.98317353161559,199,0,0,0,13274.209253122888,12911.112058950152,59.03104826512233,59.54590330853376,71.65594814990448,20.0,kinematic,False,0,0.0,,,,random,event,1,0,6.60533000018404,6.569633000253816,3316.6666666666597,100.0,0.02943600020444137,11936.648285383184
random-s0-0190,prm,1,0,completed,True,False,3,415,0,,21.945114001937327,0.052879792775752596,2766.6666666666615,39.47998400008146,70.07770486079612,166,0,0,0,14694.605164315093,13381.014975222435,59.07251948179817,59.54590330853376,7.304820210773187,20.0,kinematic,False,0,0.0,,,,random,event,1,73,6.514865000099235,6.483211000158917,2766.6666666666615,500.0,0.055217999943124596,11936.648285383184
random-s0-0190,visibility,1,0,completed,True,False,3,474,0,,20.878282000012405,0.04404700843884474,3749.9999999999914,41.71420400007264,89.8974363742734,225,0,0,0,11950.330933115558,11768.198613703833,59.58414083444759,59.85724897402113,0.7481396081202263,20.0,kinematic,False,0,0.0,,,,random,event,0,0,11.966705999839178,11.93242499994085,3749.9999999999914,100.0,0.02817899985529948,11936.648285383184
random-s0-0190,visibility,1,0,completed,True,False,3,478,0,,28.519042006792006,0.05966326779663599,3816.666666666658,49.16440600027272,77.63068807635928,229,0,0,0,11981.943890384133,11793.660741702923,59.09523534572375,59.54590330853376,0.13112739993536593,20.0,kinematic,False,0,0.0,,,,random,event,1,53,9.248553999441356,9.21722899965971,3816.666666666658,500.0,0.05181100004847394,11936.648285383184
random-s0-0191,voronoi,1,0,completed,True,False,3,441,0,,87.2728979979911,0.19789772788660112,2633.333333333329,105.73041299994657,24.90611034816122,158,0,0,0,11045.528684458695,13230.631627775154,59.13461098521622,59.798813990222484,14.049758132706017,20.0,kinematic,False,0,0.0,,,,random,event,21,1,0.10096299956785515,5.152065000402217,2633.333333333329,100.0,0.07543200035797781,11045.528684458695
random-s0-0191,voronoi,1,0,completed,True,False,3,579,0,,199.9279949945958,0.345298782374086,3549.9999999999923,224.46787999979279,15.81518032781915,213,0,0,0,11045.528684458695,16974.830994950404,58.54430740937456,58.6782607827306,5.412847509849911,20.0,kinematic,False,0,0.0,,,,random,event,148,11,0.08367700002054335,4.819677000341471,3549.9999999999923,500.0,4.1488010001558,11045.528684458695
random-s0-0191,prm,1,0,completed,True,False,3,481,0,,53.0123500047921,0.11021278587274864,3799.9999999999914,73.55449500028044,51.66237631004744,228,0,0,0,11045.528684458695,13883.498762868961,59.36843514913216,59.98161428144674,0.9029029811187286,20.0,kinematic,False,0,0.0,,,,random,event,7,2,0.05213700023887213,6.590113999664027,3799.9999999999914,100.0,0.03384000001460663,11045.528684458695
random-s0-0191,prm,1,0,completed,True,False,3,375,0,,10.294232999513042,0.027451287998701446,2233.3333333333303,25.199707000410854,88.62536906865299,134,1,0,1,11045.528684458695,10870.514764386002,58.337973357563925,58.55680095352959,-133.30150204545498,20.0,kinematic,False,0,0.0,,,,random,event,0,105,0.05377899969971622,0.19071399992753868,2233.3333333333303,500.0,0.059222999880148564,11045.528684458695
random-s0-0191,visibility,1,0,completed,True,False,3,504,0,,79.90027199957694,0.15853228571344632,3833.3333333333244,101.1788109999543,37.88672050450421,230,0,0,0,11045.528684458695,11422.830325008388,59.28478622486972,59.8985269644201,5.032733596183135,20.0,kinematic,False,0,0.0,,,,random,event,8,21,0.051186999826313695,8.969973000148457,3833.3333333333244,100.0,0.0536590000592696,11045.528684458695
random-s0-0191,visibility,1,0,completed,True,False,3,375,0,,10.210318999725132,0.027227517332600353,2233.3333333333303,24.982401999750437,89.39626115037458,134,1,0,1,11045.528684458695,10870.514764386002,58.337973357563925,58.55680095352959,-133.30150204545498,20.0,kinematic,False,0,0.0,,,,random,event,0,105,0.054351000017049955,0.08643000001029577,2233.3333333333303,500.0,0.05742799976360402,11045.528684458695
random-s0-0192,voronoi,1,0,completed,True,False,3,385,0,,11.238950999995723,0.02919208051946941,2333.33333333333,26.952120999794715,86.57327315171604,140,0,0,0,12039.425588764741,11860.384371160657,59.68040586802854,59.872405956315205,217.8201101000302,20.0,kinematic,False,0,0.0,,,,random,event,0,0,0.10134199965250446,0.06630500001847395,2333.33333333333,100.0,0.04185399984635296,12039.425588764741
random-s0-0192,voronoi,1,0,completed,True,False,3,679,0,,283.8212199881127,0.4179988512343339,3983.333333333324,313.16354599994156,12.719658415587322,239,0,0,0,12039.425588764741,19153.847103662483,58.99086532383124,59.19812799055606,69.36889417957633,20.0,kinematic,False,0,0.0,,,,random,event,140,35,0.08269899990409613,5.608006999864301,3983.333333333324,500.0,4.032149000067875,12039.425588764741
random-s0-0192,prm,1,0,completed,True,False,3,385,0,,6.205105999924854,0.016117158441363258,2333.33333333333,21.37749499979691,109.14905293419538,140,0,0,0,12039.425588764741,11860.384371160657,59.68040586802854,59.872405956315205,217.8201101000302,20.0,kinematic,False,0,0.0,,,,random,event,0,0,0.05031599994254066,0.04734599997391342,2333.33333333333,100.0,0.019799999790848233,12039.425588764741
random-s0-0192,prm,1,0,completed,True,False,3,384,0,,21.64596500006155,0.056369700520993625,2333.33333333333,37.45581800012587,62.295618088636814,140,0,0,0,12039.425588764741,11871.245598436519,59.36830008173221,59.872405956315205,217.8201101000302,20.0,kinematic,False,0,0.0,,,,random,event,1,193,0.045898999815108255,6.845638999948278,2333.33333333333,500.0,0.0823620002847747,12039.425588764741
random-s0-0192,visibility,1,0,completed,True,False,3,385,0,,6.165004001559282,0.016012997406647488,2333.33333333333,21.404447999884724,109.01160979932284,140,0,0,0,12039.425588764741,11860.384371160657,59.68040586802854,59.872405956315205,217.8201101000302,20.0,kinematic,False,0,0.0,,,,random,event,0,0,0.04830700027014245,0.04434199991010246,2333.33333333333,100.0,0.020368000150483567,12039.425588764741
random-s0-0192,visibility,1,0,completed,True,False,3,386,0,,23.451225007647736,0.06075446893172989,2333.33333333333,39.27764299987757,59.40614444050532,140,0,0,0,12039.425588764741,11868.574207926944,59.81991912399385,59.872405956315205,217.8201101000302,20.0,kinematic,False,0,0.0,,,,random,event,1,193,0.053002000640844926,9.373931000027369,2333.33333333333,500.0,0.07286599975486752,12039.425588764741
random-s0-0193,voronoi,1,0,completed,True,False,3,407,0,,24.235119994500565,0.05954574937223726,2566.6666666666624,40.54825000002893,63.29907373721014,154,0,0,0,16545.661343933705,12478.38998538461,58.64882506935379,59.52674381022307,5.041680299851208,20.0,kinematic,False,0,0.0,,,,random,event,1,1,4.395689999455499,4.321537999658176,2566.6666666666624,100.0,0.04686900001615868,12591.72559304088
random-s0-0193,voronoi,1,0,completed,True,False,3,647,0,,87.44101400179716,0.13514839876630164,5466.666666666652,117.42266200008089,46.555465304158126,328,0,0,0,16729.38418336962,15363.623200342634,58.43564307202695,58.520338185882224,27.813179324106017,20.0,kinematic,False,0,0.0,,,,random,event,97,3,4.132331000164413,4.582885999752762,5466.666666666652,500.0,0.062412999795924406,12591.72559304088
random-s0-0193,prm,1,0,planning_failed,False,False,3,254,1,B0,4.536469999948167,0.017860118110032155,2133.3333333333308,15.660925000247516,136.22013599449676,128,0,0,0,7598.248181456845,7481.828450059005,1703.2990476606246,4993.4774115840355,128.28029898188902,20.0,kinematic,False,0,0.0,,,,random,event,0,0,0.29178400018281536,0.2572450002844562,,100.0,0.02726299999267212,12591.72559304088
random-s0-0193,prm,1,0,planning_failed,False,False,3,254,1,B0,6.942257999071444,0.027331724405793085,2133.3333333333308,18.203519000053348,117.19345766755751,128,0,0,0,7598.248181456845,7481.828450059005,1703.2990476606246,4993.4774115840355,128.28029898188902,20.0,kinematic,False,0,0.0,,,,random,event,0,59,0.19689499958985834,0.1657109996813233,,500.0,0.06385599999703118,12591.72559304088
random-s0-0193,visibility,1,0,planning_failed,False,False,3,254,1,B0,4.127995994622324,0.01625195273473356,2133.3333333333308,14.858671000183676,143.5749760733621,128,0,0,0,7598.248181456845,7481.828450059005,1703.2990476606246,4993.4774115840355,128.28029898188902,20.0,kinematic,False,0,0.0,,,,random,event,0,0,0.12298900037421845,0.09079200026462786,,100.0,0.01825400022426038,12591.72559304088
random-s0-0193,visibility,1,0,planning_failed,False,False,3,254,1,B0,6.7568330046015035,0.026601704742525604,2133.3333333333308,17.75651999969341,120.14366178565201,128,0,0,0,7598.248181456845,7481.828450059005,1703.2990476606246,4993.4774115840355,128.28029898188902,20.0,kinematic,False,0,0.0,,,,random,event,0,59,0.11270899994997308,0.11813299988716608,,500.0,0.05907800004933961,12591.72559304088
random-s0-0194,voronoi,1,0,completed,True,False,3,412,0,,16.27812999959133,0.03951002427085274,2566.6666666666624,33.00786499994501,77.75924515781126,154,0,0,0,12693.4245578829,13222.328697840174,58.65213584503544,58.963316385684536,20.21649836161933,20.0,kinematic,False,0,0.0,,,,random,event,1,0,0.09943700024450663,4.064713999923697,2566.6666666666624,100.0,0.045652000153495464,12693.4245578829
random-s0-0194,voronoi,1,0,completed,True,False,3,682,0,,81.79837999523443,0.11993897360005049,4299.99999999999,110.89960600020277,38.77380772653176,258,0,1,1,12693.4245578829,17797.837879306568,58.64957876001795,59.24640793532123,-112.22406584040854,20.0,kinematic,False,0,0.0,,,,random,event,103,8,0.08643399951324682,4.721268999674066,4299.99999999999,500.0,0.06290700002864469,12693.4245578829
random-s0-0194,prm,1,0,completed,True,False,3,407,0,,12.903380003535858,0.03170363637232398,2566.6666666666624,28.895374000057927,88.82621372755088,154,0,0,0,12693.4245578829,12530.764435514833,58.654638999925815,58.970825850355666,20.21649836161933,20.0,kinematic,False,0,0.0,,,,random,event,1,0,0.05003100022804574,6.349310000132391,2566.6666666666624,100.0,0.024587000098108547,12693.4245578829
random-s0-0194,prm,1,0,completed,True,False,3,395,0,,15.117445005216723,0.03827201267143474,2566.6666666666624,31.144861000029778,82.41059950995474,154,0,0,0,12693.4245578829,12533.22819524995,58.53915137947362,58.83203963416545,20.21649836161933,20.0,kinematic,False,0,0.0,,,,random,event,1,113,0.045637000312126474,3.801949999797216,2566.6666666666624,500.0,0.06411100002878811,12693.4245578829
random-s0-0194,visibility,1,0,completed,True,False,3,398,0,,32.7758100020219,0.08235128141211533,2566.6666666666624,48.571870000159834,52.842657008227526,154,0,0,0,12693.4245578829,12571.721713270352,58.36273718485455,58.83203963416545,20.21649836161933,20.0,kinematic,False,0,0.0,,,,random,event,3,0,0.04891799972028821,9.047242000178812,2566.6666666666624,100.0,0.02445600011924398,12693.4245578829
random-s0-0194,visibility,1,0,completed,True,False,3,394,0,,18.903475995557528,0.04797836547095819,2566.6666666666624,34.93942300019626,73.46047662699654,154,0,0,0,12693.4245578829,12517.956740883721,58.99121021194235,59.98053948640529,20.21649836161933,20.0,kinematic,False,0,0.0,,,,random,event,1,113,0.04579399956128327,7.806845999766665,2566.6666666666624,500.0,0.05790900013380451,12693.4245578829
random-s0-0195,voronoi,1,0,completed,True,False,3,380,0,,15.153613996972126,0.039877931570979276,2699.9999999999955,30.916841000362183,87.33104394360231,162,0,0,0,12234.693839812317,9848.866281214734,59.523845986978245,59.855533925704606,4.082398880293994,20.0,kinematic,False,0,0.0,,,,random,event,0,0,4.172361999735585,4.070396999850345,2699.9999999999955,100.0,0.0476949999210774,9774.090564509954
random-s0-0195,voronoi,1,0,completed,True,False,3,421,0,,17.680360997474054,0.041996106882361176,2816.6666666666615,35.04676300008214,80.36881085594297,169,0,0,0,12234.693839812317,11144.411267349366,59.29961425225798,59.83616763722203,383.44899997179766,20.0,kinematic,False,0,0.0,,,,random,event,48,0,4.064811999342055,4.000100999746792,2816.6666666666615,500.0,0.059316000260878354,9774.090564509954
random-s0-0195,prm,1,0,completed,True,False,3,359,0,,11.457328994765703,0.03191456544502981,2349.9999999999964,25.719679000303586,91.3697251031888,141,0,0,0,11196.025646161166,9729.95297353933,59.31495915816302,59.855533925704606,16.10881497860055,20.0,kinematic,False,0,0.0,,,,random,event,0,0,5.703770999843982,5.6629549999343,2349.9999999999964,100.0,0.020101999780308688,9774.090564509954
random-s0-0195,prm,1,0,completed,True,False,3,365,0,,13.224507003087638,0.03623152603585654,2449.9999999999964,28.26955000000453,86.66568799289709,147,0,0,0,11196.025646161166,10048.616959645175,59.271609775257836,59.855533925704606,437.3279398311196,20.0,kinematic,False,0,0.0,,,,random,event,0,42,5.632355000216194,5.5931000001692155,2449.9999999999964,500.0,0.052752000101463636,9774.090564509954
random-s0-0195,visibility,1,0,completed,True,False,3,411,0,,34.81256800068877,0.08470211192381696,3216.66666666666,51.82917599995562,62.06285561378429,193,0,1,1,9782.30902614685,9602.99729339514,59.396145317822096,59.855533925704606,-1.546544168573348,20.0,kinematic,False,0,0.0,,,,random,event,2,1,9.383937000166043,9.37374200020713,3216.66666666666,100.0,0.024670000129844993,9774.090564509954
random-s0-0195,visibility,1,0,completed,True,False,3,412,0,,55.474356992817775,0.13464649755538294,3216.66666666666,73.57738099972266,43.718145752956126,193,0,1,1,9782.30902614685,9604.446171786463,58.92008071840624,59.22391175177134,-1.546544168573348,20.0,kinematic,False,0,0.0,,,,random,event,4,76,9.263678000024811,9.564598999986629,3216.66666666666,500.0,0.05518399984794087,9774.090564509954
random-s0-0196,voronoi,1,0,completed,True,False,3,450,0,,33.95386999636685,0.07545304443637077,3049.999999999994,53.00155199984147,57.54548470597836,183,0,0,0,11465.109700536861,12106.015064903608,59.41546529001752,59.74124353037443,267.79424145419927,20.0,kinematic,False,0,0.0,,,,random,event,41,0,0.10012500024458859,4.075666000062483,3049.999999999994,100.0,0.049608000153966714,11465.109700536861
random-s0-0196,voronoi,1,0,completed,True,False,3,654,0,,76.63996899782433,0.1171864969385693,5316.666666666653,105.89523099997677,50.20685649826685,319,0,1,1,11465.109700536861,18259.969448573218,58.83621760238892,59.947471642383604,-152.14580694826154,20.0,kinematic,False,0,0.0,,,,random,event,110,2,0.10799700021379977,4.3504390000634885,5316.666666666653,500.0,0.0648330001240538,11465.109700536861
random-s0-0196,prm,1,0,completed,True,False,3,472,0,,34.833757006708765,0.07380033264133214,3149.9999999999936,54.614595000202826,57.676890215670284,189,0,0,0,11465.109700536861,12851.92638646575,58.68249395513598,59.193204287077755,98.23388587613061,20.0,kinematic,False,0,0.0,,,,random,event,4,26,0.049856000259751454,6.484755000201403,3149.9999999999936,100.0,0.051572999836935196,11465.109700536861
random-s0-0196,prm,1,0,completed,True,False,3,380,0,,11.303788001896464,0.029746810531306483,2266.6666666666633,27.500500999849464,82.42274083221506,136,1,0,1,11465.109700536861,11289.907393529924,58.400769002311414,58.778312259303256,-93.47409372028386,20.0,kinematic,False,0,0.0,,,,random,event,0,114,0.045674000375584,0.13311499969859142,2266.6666666666633,500.0,0.06679799980702228,11465.109700536861
random-s0-0196,visibility,1,0,completed,True,False,3,422,0,,144.47520100156908,0.342358296212249,2633.333333333329,161.49720799967326,16.305751448895986,158,0,0,0,11465.109700536861,11326.274133408959,59.127897557938915,59.64740265412088,287.68935588685775,20.0,kinematic,False,0,0.0,,,,random,event,15,16,0.04898899942418211,10.562487000242982,2633.333333333329,100.0,0.055655000323895365,11465.109700536861
random-s0-0196,visibility,1,0,completed,True,False,3,380,0,,10.618885998610494,0.02794443683844867,2266.6666666666633,25.81836999979714,87.7927873326036,136,1,0,1,11465.109700536861,11289.907393529924,58.400769002311414,58.778312259303256,-93.47409372028386,20.0,kinematic,False,0,0.0,,,,random,event,0,114,0.04772400052388548,0.08986500006358256,2266.6666666666633,500.0,0.05789499982711277,11465.109700536861
random-s0-0197,voronoi,1,0,completed,True,False,3,447,0,,26.011912992998987,0.05819219908948319,3049.999999999994,44.48135300026479,68.56805816994456,183,0,0,0,15172.428629227175,12730.537706090558,58.80964598158235,59.37645237035592,24.98018393737425,20.0,kinematic,False,0,0.0,,,,random,event,18,0,4.340881999723933,4.271831000096427,3049.999999999994,100.0,0.04964200024915044,12313.85670803074
random-s0-0197,voronoi,1,0,completed,True,False,3,660,0,,122.00348999658672,0.1848537727221011,4349.99999999999,150.14237999957913,28.97249930374211,261,0,1,1,15172.428629227175,20551.589533281356,58.47878703700392,58.90206869943942,-141.9591800279017,20.0,kinematic,False,0,0.0,,,,random,event,202,2,3.9961550005500612,4.614786999809439,4349.99999999999,500.0,0.0689459998284292,12313.85670803074
random-s0-0197,prm,1,0,completed,True,False,3,396,0,,18.087038005432987,0.04567433839755805,2399.9999999999964,33.468890999756695,71.70838137473523,144,0,0,0,13518.505733206035,12222.83254726674,59.24436915999007,59.53379900163096,3.1734998601378095,20.0,kinematic,False,0,0.0,,,,random,event,1,4,6.336210999961622,6.299459999809187,2399.9999999999964,100.0,0.033071999951062026,12313.85670803074
random-s0-0197,prm,1,0,completed,True,False,3,461,0,,21.742121002262138,0.04716295228256429,3416.6666666666592,40.79725799965672,83.7474583878997,205,0,0,0,13518.505733206035,12310.3520639623,58.60179901779043,58.85470631486783,4.820517777807538,20.0,kinematic,False,0,0.0,,,,random,event,1,85,5.931409999902826,5.864191000000574,3416.6666666666592,500.0,0.05928899963691947,12313.85670803074
random-s0-0197,visibility,1,0,completed,True,False,3,427,0,,26.141511994410394,0.06122133956536392,2849.9999999999945,44.23881699995036,64.42306086085422,171,0,0,0,12330.578604972674,12163.082797031899,58.4572039055862,58.85470631486783,4.48581109324067,20.0,kinematic,False,0,0.0,,,,random,event,1,4,9.589824000158842,9.553590999985317,2849.9999999999945,100.0,0.02486199991835747,12313.85670803074
random-s0-0197,visibility,1,0,completed,True,False,3,443,0,,37.28077700043286,0.08415525282264755,3116.6666666666606,55.578399000296486,56.07694217046509,187,0,0,0,12330.578604972674,12151.048094880061,59.002707749221486,59.774299532229286,0.6805824147247108,20.0,kinematic,False,0,0.0,,,,random,event,2,98,9.20114599966837,9.16297100002339,3116.6666666666606,500.0,0.054410999837273266,12313.85670803074
random-s0-0198,voronoi,1,0,completed,True,False,3,364,0,,18.432216001201596,0.050637956047257134,2516.6666666666624,33.66267399997014,74.76134149856588,151,0,0,0,9178.32716984422,7810.948760857598,59.40183387246009,59.57476346140595,153.111266541521,20.0,kinematic,False,0,0.0,,,,random,event,1,0,3.974453999489924,3.89513399977659,2516.6666666666624,100.0,0.03680200006783707,7530.29563883345
random-s0-0198,voronoi,1,0,completed,True,False,3,492,0,,64.57284299722232,0.13124561584801286,3633.3333333333253,85.82633600008194,42.333548216830046,218,0,0,0,8939.043171059224,10903.570896452216,59.376949967484926,59.74463269170496,145.1170841475008,20.0,kinematic,False,0,0.0,,,,random,event,64,0,3.985723999903712,4.19470699989688,3633.3333333333253,500.0,0.06353099979605759,7530.29563883345
random-s0-0198,prm,1,0,completed,True,False,3,345,0,,23.905408999326028,0.0692910405777566,2166.666666666664,37.415633999899,57.908057008268585,130,0,0,0,10751.382356119932,7700.70126903866,58.934632171620564,59.35862022747338,70.38486696657324,20.0,kinematic,False,0,0.0,,,,random,event,2,4,6.38880499991501,6.343825999920227,2166.666666666664,100.0,0.02299800007676822,7530.29563883345
random-s0-0198,prm,1,0,completed,True,False,3,390,0,,19.156832002863666,0.04912008205862479,2966.666666666661,35.48627299960572,83.60040139181771,178,0,1,1,10751.382356119932,7804.130133520111,58.897007218323104,59.35862022747338,-72.72152507208848,20.0,kinematic,False,0,0.0,,,,random,event,1,81,6.2053130000094825,6.165268999666296,2966.666666666661,500.0,0.058024999816552736,7530.29563883345
random-s0-0198,visibility,1,0,completed,True,False,3,407,0,,265.5407059914978,0.6524341670552772,3249.999999999993,283.21681999977955,11.475307151610991,195,0,1,1,7531.424683625228,7519.312306583234,59.37211848532737,59.96751678236021,-176.29411240514736,20.0,kinematic,False,0,0.0,,,,random,event,27,35,9.494740999343776,9.480266000082338,3249.999999999993,100.0,9.056488000169338,7530.29563883345
random-s0-0198,visibility,1,0,completed,True,False,3,399,0,,34.64193300033003,0.08682188721887225,3116.6666666666606,51.27100599975165,60.788092722069024,187,0,0,0,7617.212969591583,7447.9060925183885,58.993568959202,59.35862022747338,55.72608971736173,20.0,kinematic,False,0,0.0,,,,random,event,2,34,9.261172000151419,9.223595000094065,3116.6666666666606,500.0,0.05492799982675933,7530.29563883345
random-s0-0199,voronoi,1,0,completed,True,False,3,404,0,,59.33607999531887,0.14687148513692788,2466.666666666663,75.63216800008377,32.613988622723745,148,0,0,0,10276.623000215273,10855.076617229895,59.627444780417726,59.81714348294224,65.37367793149195,20.0,kinematic,False,0,0.0,,,,random,event,34,0,0.1023579998218338,4.098182000234374,2466.666666666663,100.0,0.05186800035517081,10276.623000215273
random-s0-0199,voronoi,1,0,completed,True,False,3,510,0,,94.18649799954437,0.18467940784224388,3349.999999999993,115.19683000005898,29.080661334155444,201,0,0,0,10276.623000215273,12475.075723730612,58.61244542448956,58.99017639322741,117.90786718378467,20.0,kinematic,False,0,0.0,,,,random,event,78,7,0.08245699973485898,4.939551000006759,3349.999999999993,500.0,0.07292999998753658,10276.623000215273
random-s0-0199,prm,1,0,completed,True,False,3,376,0,,19.638059999579127,0.052228882977604064,2116.6666666666642,33.89608999987104,62.44574718425392,127,0,0,0,10276.623000215273,10653.194081319543,59.26588530835883,59.58913756424586,81.48706558545274,20.0,kinematic,False,0,0.0,,,,random,event,2,5,0.05319499996403465,6.645722000030219,2116.6666666666642,100.0,0.025221999749192037,10276.623000215273
random-s0-0199,prm,1,0,completed,True,False,3,364,0,,8.757757000694255,0.024059771979929274,2099.9999999999973,22.723654999936116,92.4147105738888,126,0,0,0,10276.623000215273,10097.889207863434,59.57793078394709,59.744352081113284,81.48706558545274,20.0,kinematic,False,0,0.0,,,,random,event,0,70,0.1011999997899693,0.11999700018350268,2099.9999999999973,500.0,0.060059000134060625,10276.623000215273
random-s0-0199,visibility,1,0,completed,True,False,3,377,0,,15.36123899722952,0.04074599203509156,2133.3333333333308,29.68798699976105,71.85847034190972,128,0,0,0,10276.623000215273,10154.046410886058,59.03390812406443,59.58913756424586,81.48706558545274,20.0,kinematic,False,0,0.0,,,,random,event,1,1,0.0524229994880443,8.994275999612,2133.3333333333308,100.0,0.02470600020387792,10276.623000215273
random-s0-0199,visibility,1,0,completed,True,False,3,364,0,,8.469377999063,0.0232675219754478,2099.9999999999973,22.32818499987843,94.05153173047567,126,0,0,0,10276.623000215273,10097.889207863434,59.57793078394709,59.744352081113284,81.48706558545274,20.0,kinematic,False,0,0.0,,,,random,event,0,70,0.045049000618746504,0.10107100024470128,2099.9999999999973,500.0,0.05409599998529302,10276.623000215273
