scenario,planner,trial,seed,status,completed,timed_out,robot_count,planner_calls,failed_plans,failed_robots,planning_time_ms_total,planning_time_ms_mean,simulated_duration_ms,wall_time_ms,realtime_factor,ticks,robot_collision_episodes,obstacle_collision_episodes,collision_episodes,planned_path_length_mm,travelled_distance_mm,mean_final_error_mm,max_final_error_mm,minimum_clearance_mm,dt_ms,backend,physics_validation_passed,missed_frames,max_frame_gap_ms,max_final_speed_mmps,evidence_directory,error,scenario_set,replan_policy,replan_count,replan_failures,planning_time_ms_initial,planning_time_ms_max_call,time_to_goal_ms,prediction_horizon_ms,planning_clearance_mm,planning_time_ms_p95_call,straight_line_mm,replan_period_ms,rebuild_calls,check_calls,planning_time_ms_rebuild,planning_time_ms_check,replans_active_blocked,replans_route_finished,replans_route_blocked,replans_scheduled,replans_other,direct_path_switches,path_shift_mm_mean,path_shift_mm_max,heading_change_rad_per_m,sharp_turns,minimum_robot_clearance_mm,minimum_obstacle_clearance_mm,contact_time_ms,obstacle_episodes_obstacle_initiated,obstacle_episodes_robot_initiated
random-s42-0000,voronoi,1,42,completed,True,False,6,804,0,,30.602799990447238,0.03806318406772045,2483.3333333333294,92.63850000570528,26.806709231911025,149,0,1,1,24157.807690392838,22856.613350500134,58.663961378239264,59.40502394453306,-135.69057533389147,20.0,kinematic,False,0,0.0,,,,random,event,32,0,6.122599981608801,3.34399999701418,2483.3333333333294,0.0,0.0,0.03989999822806567,22936.423914934687,16.666666666666668,38,766,12.947599971084855,17.655200019362383,32,0,0,0,0,5,19.903073729862513,153.8794881812651,0.23775141579089817,0,93.13441819652263,-135.69057533389147,499.99999999999824,1,0
random-s42-0000,voronoi,2,43,completed,True,False,6,804,0,,31.026500219013542,0.03859017440175814,2483.3333333333294,93.08260001125745,26.678813580980698,149,0,1,1,24157.807690392838,22856.613350500134,58.663961378239264,59.40502394453306,-135.69057533389147,20.0,kinematic,False,0,0.0,,,,random,event,32,0,5.648500024108216,2.836700004991144,2483.3333333333294,0.0,0.0,0.041799998143687844,22936.423914934687,16.666666666666668,38,766,12.339600041741505,18.686900177272037,32,0,0,0,0,5,19.903073729862513,153.8794881812651,0.23775141579089817,0,93.13441819652263,-135.69057533389147,499.99999999999824,1,0
random-s42-0000,voronoi,3,44,completed,True,False,6,804,0,,30.812800017884,0.03832437813169652,2483.3333333333294,90.52179999707732,27.433539030526443,149,0,1,1,24157.807690392838,22856.613350500134,58.663961378239264,59.40502394453306,-135.69057533389147,20.0,kinematic,False,0,0.0,,,,random,event,32,0,5.5622999934712425,3.917499998351559,2483.3333333333294,0.0,0.0,0.04169999738223851,22936.423914934687,16.666666666666668,38,766,13.785900009679608,17.026900008204393,32,0,0,0,0,5,19.903073729862513,153.8794881812651,0.23775141579089817,0,93.13441819652263,-135.69057533389147,499.99999999999824,1,0
random-s42-0000,voronoi,4,45,completed,True,False,6,804,0,,28.13619996595662,0.034995273589498284,2483.3333333333294,87.13679999345914,28.499248693086493,149,0,1,1,24157.807690392838,22856.613350500134,58.663961378239264,59.40502394453306,-135.69057533389147,20.0,kinematic,False,0,0.0,,,,random,event,32,0,5.559099998208694,2.7479999989736825,2483.3333333333294,0.0,0.0,0.026699999580159783,22936.423914934687,16.666666666666668,38,766,12.133799988077953,16.002399977878667,32,0,0,0,0,5,19.903073729862513,153.8794881812651,0.23775141579089817,0,93.13441819652263,-135.69057533389147,499.99999999999824,1,0
random-s42-0000,voronoi,5,46,completed,True,False,6,804,0,,28.611800051294267,0.03558681598419685,2483.3333333333294,88.3417000004556,28.110545001064303,149,0,1,1,24157.807690392838,22856.613350500134,58.663961378239264,59.40502394453306,-135.69057533389147,20.0,kinematic,False,0,0.0,,,,random,event,32,0,5.565100029343739,3.0682999931741506,2483.3333333333294,0.0,0.0,0.03290000313427299,22936.423914934687,16.666666666666668,38,766,12.349400029052049,16.26240002224222,32,0,0,0,0,5,19.903073729862513,153.8794881812651,0.23775141579089817,0,93.13441819652263,-135.69057533389147,499.99999999999824,1,0
random-s42-0000,voronoi,6,47,completed,True,False,6,804,0,,28.465499824960716,0.0354048505285581,2483.3333333333294,84.18479999818373,29.498595154789303,149,0,1,1,24157.807690392838,22856.613350500134,58.663961378239264,59.40502394453306,-135.69057533389147,20.0,kinematic,False,0,0.0,,,,random,event,32,0,5.580800003372133,2.781600007438101,2483.3333333333294,0.0,0.0,0.02820001100189984,22936.423914934687,16.666666666666668,38,766,12.214200047310442,16.251299777650274,32,0,0,0,0,5,19.903073729862513,153.8794881812651,0.23775141579089817,0,93.13441819652263,-135.69057533389147,499.99999999999824,1,0
random-s42-0000,voronoi,7,48,completed,True,False,6,804,0,,31.84180006792303,0.039604228940202775,2483.3333333333294,93.88760000001639,26.450067243521996,149,0,1,1,24157.807690392838,22856.613350500134,58.663961378239264,59.40502394453306,-135.69057533389147,20.0,kinematic,False,0,0.0,,,,random,event,32,0,5.717100008041598,3.9567999920109287,2483.3333333333294,0.0,0.0,0.0425000034738332,22936.423914934687,16.666666666666668,38,766,14.144499989924952,17.69730007799808,32,0,0,0,0,5,19.903073729862513,153.8794881812651,0.23775141579089817,0,93.13441819652263,-135.69057533389147,499.99999999999824,1,0
random-s42-0000,voronoi,8,49,completed,True,False,6,804,0,,28.36519986158237,0.03528009933032633,2483.3333333333294,84.43479999550618,29.41125381318483,149,0,1,1,24157.807690392838,22856.613350500134,58.663961378239264,59.40502394453306,-135.69057533389147,20.0,kinematic,False,0,0.0,,,,random,event,32,0,5.473400015034713,2.7858000103151426,2483.3333333333294,0.0,0.0,0.03199999628122896,22936.423914934687,16.666666666666668,38,766,12.175800031400286,16.189399830182083,32,0,0,0,0,5,19.903073729862513,153.8794881812651,0.23775141579089817,0,93.13441819652263,-135.69057533389147,499.99999999999824,1,0
random-s42-0000,voronoi,9,50,completed,True,False,6,804,0,,30.08289982972201,0.03741654207676867,2483.3333333333294,91.5891000040574,27.113852338578692,149,0,1,1,24157.807690392838,22856.613350500134,58.663961378239264,59.40502394453306,-135.69057533389147,20.0,kinematic,False,0,0.0,,,,random,event,32,0,5.50779998593498,2.746999991359189,2483.3333333333294,0.0,0.0,0.04289999196771532,22936.423914934687,16.666666666666668,38,766,12.545499950647354,17.537399879074655,32,0,0,0,0,5,19.903073729862513,153.8794881812651,0.23775141579089817,0,93.13441819652263,-135.69057533389147,499.99999999999824,1,0
random-s42-0000,voronoi,10,51,completed,True,False,6,804,0,,33.72259993921034,0.04194353226269943,2483.3333333333294,123.29589998989832,20.141248277816132,149,0,1,1,24157.807690392838,22856.613350500134,58.663961378239264,59.40502394453306,-135.69057533389147,20.0,kinematic,False,0,0.0,,,,random,event,32,0,5.129399985889904,2.759200011496432,2483.3333333333294,0.0,0.0,0.06079999729990959,22936.423914934687,16.666666666666668,38,766,11.918499993043952,21.80409994616639,32,0,0,0,0,5,19.903073729862513,153.8794881812651,0.23775141579089817,0,93.13441819652263,-135.69057533389147,499.99999999999824,1,0
random-s42-0000,voronoi,11,52,completed,True,False,6,804,0,,115.48649992619175,0.14363992528133304,2483.3333333333294,184.48159999388736,13.461143731491989,149,0,1,1,24157.807690392838,22856.613350500134,58.663961378239264,59.40502394453306,-135.69057533389147,20.0,kinematic,False,0,0.0,,,,random,event,32,0,73.74159999017138,70.67960000131279,2483.3333333333294,0.0,0.0,0.03949999518226832,22936.423914934687,16.666666666666668,38,766,97.34330006176606,18.143199864425696,32,0,0,0,0,5,19.903073729862513,153.8794881812651,0.23775141579089817,0,93.13441819652263,-135.69057533389147,499.99999999999824,1,0
random-s42-0000,voronoi,12,53,completed,True,False,6,804,0,,33.287500045844354,0.04140236324109994,2483.3333333333294,93.26370000781026,26.62700850518868,149,0,1,1,24157.807690392838,22856.613350500134,58.663961378239264,59.40502394453306,-135.69057533389147,20.0,kinematic,False,0,0.0,,,,random,event,32,0,8.049399999435991,4.881800006842241,2483.3333333333294,0.0,0.0,0.04470000567380339,22936.423914934687,16.666666666666668,38,766,15.31089999480173,17.976600051042624,32,0,0,0,0,5,19.903073729862513,153.8794881812651,0.23775141579089817,0,93.13441819652263,-135.69057533389147,499.99999999999824,1,0
random-s42-0000,voronoi,13,54,completed,True,False,6,804,0,,30.983399890828878,0.03853656702839413,2483.3333333333294,90.09699999296572,27.56288592880134,149,0,1,1,24157.807690392838,22856.613350500134,58.663961378239264,59.40502394453306,-135.69057533389147,20.0,kinematic,False,0,0.0,,,,random,event,32,0,6.704499988700263,3.3016999950632453,2483.3333333333294,0.0,0.0,0.035599994589574635,22936.423914934687,16.666666666666668,38,766,13.362799974856898,17.62059991597198,32,0,0,0,0,5,19.903073729862513,153.8794881812651,0.23775141579089817,0,93.13441819652263,-135.69057533389147,499.99999999999824,1,0
random-s42-0000,voronoi,14,55,completed,True,False,6,804,0,,37.77949998038821,0.04698942783630374,2483.3333333333294,111.5362999989884,22.26479929274911,149,0,1,1,24157.807690392838,22856.613350500134,58.663961378239264,59.40502394453306,-135.69057533389147,20.0,kinematic,False,0,0.0,,,,random,event,32,0,6.051799980923533,6.880400003865361,2483.3333333333294,0.0,0.0,0.04539999645203352,22936.423914934687,16.666666666666668,38,766,17.07249999162741,20.7069999887608,32,0,0,0,0,5,19.903073729862513,153.8794881812651,0.23775141579089817,0,93.13441819652263,-135.69057533389147,499.99999999999824,1,0
random-s42-0000,voronoi,15,56,completed,True,False,6,804,0,,34.60610008914955,0.04304241304620591,2483.3333333333294,101.5995999914594,24.442353449640372,149,0,1,1,24157.807690392838,22856.613350500134,58.663961378239264,59.40502394453306,-135.69057533389147,20.0,kinematic,False,0,0.0,,,,random,event,32,0,5.783099972177297,3.8475000037578866,2483.3333333333294,0.0,0.0,0.05499999679159373,22936.423914934687,16.666666666666668,38,766,14.533799985656515,20.072300103493035,32,0,0,0,0,5,19.903073729862513,153.8794881812651,0.23775141579089817,0,93.13441819652263,-135.69057533389147,499.99999999999824,1,0
random-s42-0000,voronoi,16,57,completed,True,False,6,804,0,,32.63300009712111,0.04058830857850885,2483.3333333333294,99.46930001024157,24.965826974530234,149,0,1,1,24157.807690392838,22856.613350500134,58.663961378239264,59.40502394453306,-135.69057533389147,20.0,kinematic,False,0,0.0,,,,random,event,32,0,5.682999981218018,3.661400012788363,2483.3333333333294,0.0,0.0,0.04549999721348286,22936.423914934687,16.666666666666668,38,766,13.575499979197048,19.057500117924064,32,0,0,0,0,5,19.903073729862513,153.8794881812651,0.23775141579089817,0,93.13441819652263,-135.69057533389147,499.99999999999824,1,0
random-s42-0000,voronoi,17,58,completed,True,False,6,804,0,,29.76170000329148,0.03701703980508891,2483.3333333333294,88.0475000012666,28.204472963997905,149,0,1,1,24157.807690392838,22856.613350500134,58.663961378239264,59.40502394453306,-135.69057533389147,20.0,kinematic,False,0,0.0,,,,random,event,32,0,5.310599997756071,2.824199997121468,2483.3333333333294,0.0,0.0,0.03480000304989517,22936.423914934687,16.666666666666668,38,766,12.019200017675757,17.742499985615723,32,0,0,0,0,5,19.903073729862513,153.8794881812651,0.23775141579089817,0,93.13441819652263,-135.69057533389147,499.99999999999824,1,0
random-s42-0000,voronoi,18,59,completed,True,False,6,804,0,,34.891199829871766,0.04339701471377085,2483.3333333333294,92.1851000020979,26.93855442231787,149,0,1,1,24157.807690392838,22856.613350500134,58.663961378239264,59.40502394453306,-135.69057533389147,20.0,kinematic,False,0,0.0,,,,random,event,32,0,10.49859999329783,5.53300000319723,2483.3333333333294,0.0,0.0,0.03429999924264848,22936.423914934687,16.666666666666668,38,766,17.566299997270107,17.32489983260166,32,0,0,0,0,5,19.903073729862513,153.8794881812651,0.23775141579089817,0,93.13441819652263,-135.69057533389147,499.99999999999824,1,0
random-s42-0000,voronoi,19,60,completed,True,False,6,804,0,,28.85009984311182,0.03588320876008933,2483.3333333333294,88.40020000934601,28.09194247378153,149,0,1,1,24157.807690392838,22856.613350500134,58.663961378239264,59.40502394453306,-135.69057533389147,20.0,kinematic,False,0,0.0,,,,random,event,32,0,5.597200011834502,2.8033999988110736,2483.3333333333294,0.0,0.0,0.034200013033114374,22936.423914934687,16.666666666666668,38,766,12.27530010510236,16.57479973800946,32,0,0,0,0,5,19.903073729862513,153.8794881812651,0.23775141579089817,0,93.13441819652263,-135.69057533389147,499.99999999999824,1,0
random-s42-0000,voronoi,20,61,completed,True,False,6,804,0,,30.894099953002296,0.03842549745398296,2483.3333333333294,90.94829999958165,27.304890067706076,149,0,1,1,24157.807690392838,22856.613350500134,58.663961378239264,59.40502394453306,-135.69057533389147,20.0,kinematic,False,0,0.0,,,,random,event,32,0,6.869599994388409,3.901200005202554,2483.3333333333294,0.0,0.0,0.03850000211969018,22936.423914934687,16.666666666666668,38,766,13.897699987865053,16.996399965137243,32,0,0,0,0,5,19.903073729862513,153.8794881812651,0.23775141579089817,0,93.13441819652263,-135.69057533389147,499.99999999999824,1,0
random-s42-0000,voronoi,21,62,completed,True,False,6,804,0,,31.2106999772368,0.038819278578652736,2483.3333333333294,93.78389999619685,26.479313970031466,149,0,1,1,24157.807690392838,22856.613350500134,58.663961378239264,59.40502394453306,-135.69057533389147,20.0,kinematic,False,0,0.0,,,,random,event,32,0,5.557900032727048,3.0522000015480444,2483.3333333333294,0.0,0.0,0.04499999340623617,22936.423914934687,16.666666666666668,38,766,12.652100063860416,18.558599913376383,32,0,0,0,0,5,19.903073729862513,153.8794881812651,0.23775141579089817,0,93.13441819652263,-135.69057533389147,499.99999999999824,1,0
random-s42-0000,voronoi,22,63,completed,True,False,6,804,0,,36.10630030743778,0.04490833371571863,2483.3333333333294,100.75589999905787,24.6470264605502,149,0,1,1,24157.807690392838,22856.613350500134,58.663961378239264,59.40502394453306,-135.69057533389147,20.0,kinematic,False,0,0.0,,,,random,event,32,0,6.802199975936674,5.363000003853813,2483.3333333333294,0.0,0.0,0.052400006097741425,22936.423914934687,16.666666666666668,38,766,16.683199952240102,19.423100355197676,32,0,0,0,0,5,19.903073729862513,153.8794881812651,0.23775141579089817,0,93.13441819652263,-135.69057533389147,499.99999999999824,1,0
random-s42-0000,voronoi,23,64,completed,True,False,6,804,0,,32.74010006862227,0.040721517498286404,2483.3333333333294,97.41289999510627,25.49285909215396,149,0,1,1,24157.807690392838,22856.613350500134,58.663961378239264,59.40502394453306,-135.69057533389147,20.0,kinematic,False,0,0.0,,,,random,event,32,0,6.4504000038141385,3.2177999964915216,2483.3333333333294,0.0,0.0,0.05250000685919076,22936.423914934687,16.666666666666668,38,766,13.770799967460334,18.969300101161934,32,0,0,0,0,5,19.903073729862513,153.8794881812651,0.23775141579089817,0,93.13441819652263,-135.69057533389147,499.99999999999824,1,0
random-s42-0000,voronoi,24,65,completed,True,False,6,804,0,,36.60339988709893,0.04552661677499867,2483.3333333333294,109.65759999817237,22.646249173561326,149,0,1,1,24157.807690392838,22856.613350500134,58.663961378239264,59.40502394453306,-135.69057533389147,20.0,kinematic,False,0,0.0,,,,random,event,32,0,7.26070003292989,4.3557000026339665,2483.3333333333294,0.0,0.0,0.044800006435252726,22936.423914934687,16.666666666666668,38,766,14.071100056753494,22.532299830345437,32,0,0,0,0,5,19.903073729862513,153.8794881812651,0.23775141579089817,0,93.13441819652263,-135.69057533389147,499.99999999999824,1,0
random-s42-0000,voronoi,25,66,completed,True,False,6,804,0,,33.41879998333752,0.04156567162106657,2483.3333333333294,99.59610000078101,24.93404192848772,149,0,1,1,24157.807690392838,22856.613350500134,58.663961378239264,59.40502394453306,-135.69057533389147,20.0,kinematic,False,0,0.0,,,,random,event,32,0,6.1399000260280445,4.596600003424101,2483.3333333333294,0.0,0.0,0.04339999577496201,22936.423914934687,16.666666666666668,38,766,14.814500042120926,18.604299941216595,32,0,0,0,0,5,19.903073729862513,153.8794881812651,0.23775141579089817,0,93.13441819652263,-135.69057533389147,499.99999999999824,1,0
random-s42-0000,voronoi,26,67,completed,True,False,6,804,0,,34.8676002031425,0.04336766194420709,2483.3333333333294,110.66789999313187,22.43950895867227,149,0,1,1,24157.807690392838,22856.613350500134,58.663961378239264,59.40502394453306,-135.69057533389147,20.0,kinematic,False,0,0.0,,,,random,event,32,0,6.33690002723597,4.315199999837205,2483.3333333333294,0.0,0.0,0.04710000939667225,22936.423914934687,16.666666666666668,38,766,14.931000012438744,19.936600190703757,32,0,0,0,0,5,19.903073729862513,153.8794881812651,0.23775141579089817,0,93.13441819652263,-135.69057533389147,499.99999999999824,1,0
random-s42-0000,voronoi,27,68,completed,True,False,6,804,0,,35.8192999556195,0.044551368104004355,2483.3333333333294,106.91820000647567,23.226479057662047,149,0,1,1,24157.807690392838,22856.613350500134,58.663961378239264,59.40502394453306,-135.69057533389147,20.0,kinematic,False,0,0.0,,,,random,event,32,0,7.918100003735162,4.803499992704019,2483.3333333333294,0.0,0.0,0.04739999712910503,22936.423914934687,16.666666666666668,38,766,15.491000027395785,20.328299928223714,32,0,0,0,0,5,19.903073729862513,153.8794881812651,0.23775141579089817,0,93.13441819652263,-135.69057533389147,499.99999999999824,1,0
random-s42-0000,voronoi,28,69,completed,True,False,6,804,0,,38.45519981405232,0.047829850514990446,2483.3333333333294,112.92390000016894,21.991211190276054,149,0,1,1,24157.807690392838,22856.613350500134,58.663961378239264,59.40502394453306,-135.69057533389147,20.0,kinematic,False,0,0.0,,,,random,event,32,0,7.402700022794306,4.912599993986078,2483.3333333333294,0.0,0.0,0.052400006097741425,22936.423914934687,16.666666666666668,38,766,17.024400032823905,21.430799781228416,32,0,0,0,0,5,19.903073729862513,153.8794881812651,0.23775141579089817,0,93.13441819652263,-135.69057533389147,499.99999999999824,1,0
random-s42-0000,voronoi,29,70,completed,True,False,6,804,0,,37.02179988613352,0.04604701478374816,2483.3333333333294,112.56839999987278,22.060661192094194,149,0,1,1,24157.807690392838,22856.613350500134,58.663961378239264,59.40502394453306,-135.69057533389147,20.0,kinematic,False,0,0.0,,,,random,event,32,0,6.753499998012558,3.4728999889921397,2483.3333333333294,0.0,0.0,0.0501000031363219,22936.423914934687,16.666666666666668,38,766,15.009299997473136,22.012499888660386,32,0,0,0,0,5,19.903073729862513,153.8794881812651,0.23775141579089817,0,93.13441819652263,-135.69057533389147,499.99999999999824,1,0
random-s42-0000,voronoi,30,71,completed,True,False,6,804,0,,38.16910009481944,0.047474005093059005,2483.3333333333294,110.58839999896009,22.455640314505693,149,0,1,1,24157.807690392838,22856.613350500134,58.663961378239264,59.40502394453306,-135.69057533389147,20.0,kinematic,False,0,0.0,,,,random,event,32,0,6.991300004301593,4.944000000250526,2483.3333333333294,0.0,0.0,0.043199994252063334,22936.423914934687,16.666666666666668,38,766,16.936999978497624,21.232100116321817,32,0,0,0,0,5,19.903073729862513,153.8794881812651,0.23775141579089817,0,93.13441819652263,-135.69057533389147,499.99999999999824,1,0
random-s42-0000,voronoi,31,72,completed,True,False,6,804,0,,39.049400031217374,0.048568905511464394,2483.3333333333294,114.71379999420606,21.64807837817906,149,0,1,1,24157.807690392838,22856.613350500134,58.663961378239264,59.40502394453306,-135.69057533389147,20.0,kinematic,False,0,0.0,,,,random,event,32,0,7.099199996446259,5.13150000188034,2483.3333333333294,0.0,0.0,0.04339999577496201,22936.423914934687,16.666666666666668,38,766,17.366199957905337,21.683200073312037,32,0,0,0,0,5,19.903073729862513,153.8794881812651,0.23775141579089817,0,93.13441819652263,-135.69057533389147,499.99999999999824,1,0
random-s42-0000,voronoi,32,73,completed,True,False,6,804,0,,39.86170009011403,0.049579228967803514,2483.3333333333294,116.92869999387767,21.2380137080405,149,0,1,1,24157.807690392838,22856.613350500134,58.663961378239264,59.40502394453306,-135.69057533389147,20.0,kinematic,False,0,0.0,,,,random,event,32,0,8.568100005504675,4.876499995589256,2483.3333333333294,0.0,0.0,0.04430000262800604,22936.423914934687,16.666666666666668,38,766,17.241600042325445,22.620100047788583,32,0,0,0,0,5,19.903073729862513,153.8794881812651,0.23775141579089817,0,93.13441819652263,-135.69057533389147,499.99999999999824,1,0
random-s42-0000,voronoi,33,74,completed,True,False,6,804,0,,37.85569983301684,0.04708420377240901,2483.3333333333294,115.05550000583753,21.583786374465657,149,0,1,1,24157.807690392838,22856.613350500134,58.663961378239264,59.40502394453306,-135.69057533389147,20.0,kinematic,False,0,0.0,,,,random,event,32,0,7.3419999826001,3.6294999881647527,2483.3333333333294,0.0,0.0,0.04430000262800604,22936.423914934687,16.666666666666668,38,766,15.93229996797163,21.923399865045212,32,0,0,0,0,5,19.903073729862513,153.8794881812651,0.23775141579089817,0,93.13441819652263,-135.69057533389147,499.99999999999824,1,0
random-s42-0000,voronoi,34,75,completed,True,False,6,804,0,,42.884899899945594,0.05333942773625074,2483.3333333333294,124.88550000125542,19.8848812176623,149,0,1,1,24157.807690392838,22856.613350500134,58.663961378239264,59.40502394453306,-135.69057533389147,20.0,kinematic,False,0,0.0,,,,random,event,32,0,8.01989997853525,5.207800000789575,2483.3333333333294,0.0,0.0,0.051000009989365935,22936.423914934687,16.666666666666668,38,766,18.643699964741245,24.24119993520435,32,0,0,0,0,5,19.903073729862513,153.8794881812651,0.23775141579089817,0,93.13441819652263,-135.69057533389147,499.99999999999824,1,0
random-s42-0000,voronoi,35,76,completed,True,False,6,804,0,,40.0728000968229,0.04984179116520261,2483.3333333333294,120.69409999821801,20.57543271270091,149,0,1,1,24157.807690392838,22856.613350500134,58.663961378239264,59.40502394453306,-135.69057533389147,20.0,kinematic,False,0,0.0,,,,random,event,32,0,7.664499979000539,3.9461999986087903,2483.3333333333294,0.0,0.0,0.04549999721348286,22936.423914934687,16.666666666666668,38,766,17.082600010326132,22.99020008649677,32,0,0,0,0,5,19.903073729862513,153.8794881812651,0.23775141579089817,0,93.13441819652263,-135.69057533389147,499.99999999999824,1,0
random-s42-0000,voronoi,36,77,completed,True,False,6,804,0,,41.875800117850304,0.05208432850478893,2483.3333333333294,120.57769999955781,20.59529526058663,149,0,1,1,24157.807690392838,22856.613350500134,58.663961378239264,59.40502394453306,-135.69057533389147,20.0,kinematic,False,0,0.0,,,,random,event,32,0,9.98980000440497,5.304700011038221,2483.3333333333294,0.0,0.0,0.04600000102072954,22936.423914934687,16.666666666666668,38,766,19.228500008466654,22.64730010938365,32,0,0,0,0,5,19.903073729862513,153.8794881812651,0.23775141579089817,0,93.13441819652263,-135.69057533389147,499.99999999999824,1,0
random-s42-0000,voronoi,37,78,completed,True,False,6,804,0,,40.580900124041364,0.050473756373185776,2483.3333333333294,120.11669999628793,20.674338650746098,149,0,1,1,24157.807690392838,22856.613350500134,58.663961378239264,59.40502394453306,-135.69057533389147,20.0,kinematic,False,0,0.0,,,,random,event,32,0,7.751400000415742,3.9506000030087307,2483.3333333333294,0.0,0.0,0.04680000711232424,22936.423914934687,16.666666666666668,38,766,16.914900013944134,23.66600011009723,32,0,0,0,0,5,19.903073729862513,153.8794881812651,0.23775141579089817,0,93.13441819652263,-135.69057533389147,499.99999999999824,1,0
random-s42-0000,voronoi,38,79,completed,True,False,6,804,0,,42.25139968912117,0.05255149215064822,2483.3333333333294,124.5442999934312,19.939357589743626,149,0,1,1,24157.807690392838,22856.613350500134,58.663961378239264,59.40502394453306,-135.69057533389147,20.0,kinematic,False,0,0.0,,,,random,event,32,0,7.850399997550994,4.286299998057075,2483.3333333333294,0.0,0.0,0.047900000936351717,22936.423914934687,16.666666666666668,38,766,18.021700001554564,24.229699687566608,32,0,0,0,0,5,19.903073729862513,153.8794881812651,0.23775141579089817,0,93.13441819652263,-135.69057533389147,499.99999999999824,1,0
random-s42-0000,voronoi,39,80,completed,True,False,6,804,0,,43.38019994611386,0.05395547256979336,2483.3333333333294,128.43730000895448,19.334985500008134,149,0,1,1,24157.807690392838,22856.613350500134,58.663961378239264,59.40502394453306,-135.69057533389147,20.0,kinematic,False,0,0.0,,,,random,event,32,0,8.079500024905428,4.080800004885532,2483.3333333333294,0.0,0.0,0.0518000015290454,22936.423914934687,16.666666666666668,38,766,17.94170001812745,25.438499927986413,32,0,0,0,0,5,19.903073729862513,153.8794881812651,0.23775141579089817,0,93.13441819652263,-135.69057533389147,499.99999999999824,1,0
random-s42-0000,voronoi,40,81,completed,True,False,6,804,0,,46.539500093786046,0.05788495036540553,2483.3333333333294,136.6161999903852,18.177444062330103,149,0,1,1,24157.807690392838,22856.613350500134,58.663961378239264,59.40502394453306,-135.69057533389147,20.0,kinematic,False,0,0.0,,,,random,event,32,0,8.74590000603348,5.020199998398311,2483.3333333333294,0.0,0.0,0.0518000015290454,22936.423914934687,16.666666666666668,38,766,20.094400009838864,26.44510008394718,32,0,0,0,0,5,19.903073729862513,153.8794881812651,0.23775141579089817,0,93.13441819652263,-135.69057533389147,499.99999999999824,1,0
random-s42-0000,voronoi,41,82,completed,True,False,6,804,0,,49.789100186899304,0.06192674152599416,2483.3333333333294,148.11460000055376,16.76629672783132,149,0,1,1,24157.807690392838,22856.613350500134,58.663961378239264,59.40502394453306,-135.69057533389147,20.0,kinematic,False,0,0.0,,,,random,event,32,0,9.259599988581613,5.05519998841919,2483.3333333333294,0.0,0.0,0.060600010328926146,22936.423914934687,16.666666666666668,38,766,21.088099980261177,28.701000206638128,32,0,0,0,0,5,19.903073729862513,153.8794881812651,0.23775141579089817,0,93.13441819652263,-135.69057533389147,499.99999999999824,1,0
random-s42-0000,voronoi,42,83,completed,True,False,6,804,0,,53.559099993435666,0.06661579601173591,2483.3333333333294,158.15600000496488,15.701796537945901,149,0,1,1,24157.807690392838,22856.613350500134,58.663961378239264,59.40502394453306,-135.69057533389147,20.0,kinematic,False,0,0.0,,,,random,event,32,0,9.740099994814955,6.0501999978441745,2483.3333333333294,0.0,0.0,0.06409999332390726,22936.423914934687,16.666666666666668,38,766,22.96420001948718,30.594899973948486,32,0,0,0,0,5,19.903073729862513,153.8794881812651,0.23775141579089817,0,93.13441819652263,-135.69057533389147,499.99999999999824,1,0
random-s42-0000,voronoi,43,84,completed,True,False,6,804,0,,56.12399998062756,0.06980597012515866,2483.3333333333294,161.9563999993261,15.333344859132845,149,0,1,1,24157.807690392838,22856.613350500134,58.663961378239264,59.40502394453306,-135.69057533389147,20.0,kinematic,False,0,0.0,,,,random,event,32,0,10.980399994878098,5.483799992362037,2483.3333333333294,0.0,0.0,0.060999998822808266,22936.423914934687,16.666666666666668,38,766,23.564299975987524,32.559700004640035,32,0,0,0,0,5,19.903073729862513,153.8794881812651,0.23775141579089817,0,93.13441819652263,-135.69057533389147,499.99999999999824,1,0
random-s42-0000,voronoi,44,85,completed,True,False,6,804,0,,55.1955997798359,0.06865124350725858,2483.3333333333294,164.60459999507293,15.086658169988338,149,0,1,1,24157.807690392838,22856.613350500134,58.663961378239264,59.40502394453306,-135.69057533389147,20.0,kinematic,False,0,0.0,,,,random,event,32,0,10.309899982530624,5.210399991483428,2483.3333333333294,0.0,0.0,0.06230000872164965,22936.423914934687,16.666666666666668,38,766,22.98849995713681,32.20709982269909,32,0,0,0,0,5,19.903073729862513,153.8794881812651,0.23775141579089817,0,93.13441819652263,-135.69057533389147,499.99999999999824,1,0
random-s42-0000,voronoi,45,86,completed,True,False,6,804,0,,54.944099858403206,0.06833843265970548,2483.3333333333294,165.2850000100443,15.024553548007491,149,0,1,1,24157.807690392838,22856.613350500134,58.663961378239264,59.40502394453306,-135.69057533389147,20.0,kinematic,False,0,0.0,,,,random,event,32,0,10.66670000727754,5.268299995805137,2483.3333333333294,0.0,0.0,0.06179999036248773,22936.423914934687,16.666666666666668,38,766,23.506599958636798,31.437499899766408,32,0,0,0,0,5,19.903073729862513,153.8794881812651,0.23775141579089817,0,93.13441819652263,-135.69057533389147,499.99999999999824,1,0
random-s42-0000,voronoi,46,87,completed,True,False,6,804,0,,63.636600083555095,0.07915000010392424,2483.3333333333294,210.30220000830013,11.808403969313293,149,0,1,1,24157.807690392838,22856.613350500134,58.663961378239264,59.40502394453306,-135.69057533389147,20.0,kinematic,False,0,0.0,,,,random,event,32,0,11.947300008614548,6.310000011580996,2483.3333333333294,0.0,0.0,0.09020000288728625,22936.423914934687,16.666666666666668,38,766,25.197999988449737,38.43860009510536,32,0,0,0,0,5,19.903073729862513,153.8794881812651,0.23775141579089817,0,93.13441819652263,-135.69057533389147,499.99999999999824,1,0
random-s42-0000,voronoi,47,88,completed,True,False,6,804,0,,58.96189967461396,0.07333569611270394,2483.3333333333294,172.1255000011297,14.427457484899278,149,0,1,1,24157.807690392838,22856.613350500134,58.663961378239264,59.40502394453306,-135.69057533389147,20.0,kinematic,False,0,0.0,,,,random,event,32,0,11.071700020693243,6.737999996403232,2483.3333333333294,0.0,0.0,0.07059999916236848,22936.423914934687,16.666666666666668,38,766,25.584699993487448,33.37719968112651,32,0,0,0,0,5,19.903073729862513,153.8794881812651,0.23775141579089817,0,93.13441819652263,-135.69057533389147,499.99999999999824,1,0
random-s42-0000,voronoi,48,89,completed,True,False,6,804,0,,63.82290013425518,0.0793817165848945,2483.3333333333294,188.82020001183264,13.151841451167346,149,0,1,1,24157.807690392838,22856.613350500134,58.663961378239264,59.40502394453306,-135.69057533389147,20.0,kinematic,False,0,0.0,,,,random,event,32,0,11.689299994031899,6.357300007948652,2483.3333333333294,0.0,0.0,0.08850000449456275,22936.423914934687,16.666666666666668,38,766,26.609199980157427,37.21370015409775,32,0,0,0,0,5,19.903073729862513,153.8794881812651,0.23775141579089817,0,93.13441819652263,-135.69057533389147,499.99999999999824,1,0
random-s42-0000,voronoi,49,90,completed,True,False,6,804,0,,63.260800248826854,0.07868258737416275,2483.3333333333294,194.3872999981977,12.775183015332555,149,0,1,1,24157.807690392838,22856.613350500134,58.663961378239264,59.40502394453306,-135.69057533389147,20.0,kinematic,False,0,0.0,,,,random,event,32,0,12.13280000956729,7.1386000054189935,2483.3333333333294,0.0,0.0,0.08149999484885484,22936.423914934687,16.666666666666668,38,766,27.29880003607832,35.962000212748535,32,0,0,0,0,5,19.903073729862513,153.8794881812651,0.23775141579089817,0,93.13441819652263,-135.69057533389147,499.99999999999824,1,0
random-s42-0000,voronoi,50,91,completed,True,False,6,804,0,,78.38900019123685,0.09749875645676225,2483.3333333333294,219.82770001341123,11.296726177737503,149,0,1,1,24157.807690392838,22856.613350500134,58.663961378239264,59.40502394453306,-135.69057533389147,20.0,kinematic,False,0,0.0,,,,random,event,32,0,14.086000010138378,11.159900008351542,2483.3333333333294,0.0,0.0,0.09390000195708126,22936.423914934687,16.666666666666668,38,766,38.503400020999834,39.88560017023701,32,0,0,0,0,5,19.903073729862513,153.8794881812651,0.23775141579089817,0,93.13441819652263,-135.69057533389147,499.99999999999824,1,0
random-s42-0000,voronoi,51,92,completed,True,False,6,804,0,,65.8836999500636,0.08194490043540249,2483.3333333333294,194.8007999890251,12.748065374850812,149,0,1,1,24157.807690392838,22856.613350500134,58.663961378239264,59.40502394453306,-135.69057533389147,20.0,kinematic,False,0,0.0,,,,random,event,32,0,12.57730001816526,6.978100005653687,2483.3333333333294,0.0,0.0,0.09490000957157463,22936.423914934687,16.666666666666668,38,766,27.216700051212683,38.66699989885092,32,0,0,0,0,5,19.903073729862513,153.8794881812651,0.23775141579089817,0,93.13441819652263,-135.69057533389147,499.99999999999824,1,0
random-s42-0000,voronoi,52,93,completed,True,False,6,804,0,,68.53789983142633,0.08524614406893823,2483.3333333333294,192.8475000022445,12.877187069080112,149,0,1,1,24157.807690392838,22856.613350500134,58.663961378239264,59.40502394453306,-135.69057533389147,20.0,kinematic,False,0,0.0,,,,random,event,32,0,14.97679999738466,8.354499994311482,2483.3333333333294,0.0,0.0,0.08530000923201442,22936.423914934687,16.666666666666668,38,766,30.891699963831343,37.64619986759499,32,0,0,0,0,5,19.903073729862513,153.8794881812651,0.23775141579089817,0,93.13441819652263,-135.69057533389147,499.99999999999824,1,0
random-s42-0000,voronoi,53,94,completed,True,False,6,804,0,,64.29339964233804,0.07996691497803239,2483.3333333333294,188.4721999958856,13.176125356352507,149,0,1,1,24157.807690392838,22856.613350500134,58.663961378239264,59.40502394453306,-135.69057533389147,20.0,kinematic,False,0,0.0,,,,random,event,32,0,11.882699996931478,8.00209998851642,2483.3333333333294,0.0,0.0,0.07840000034775585,22936.423914934687,16.666666666666668,38,766,28.608299951883964,35.68509969045408,32,0,0,0,0,5,19.903073729862513,153.8794881812651,0.23775141579089817,0,93.13441819652263,-135.69057533389147,499.99999999999824,1,0
random-s42-0000,voronoi,54,95,completed,True,False,6,804,0,,61.59529957221821,0.07661106911967439,2483.3333333333294,180.3129999898374,13.77234771465891,149,0,1,1,24157.807690392838,22856.613350500134,58.663961378239264,59.40502394453306,-135.69057533389147,20.0,kinematic,False,0,0.0,,,,random,event,32,0,12.155499978689477,6.5119999926537275,2483.3333333333294,0.0,0.0,0.07339999137911946,22936.423914934687,16.666666666666668,38,766,27.021799949579872,34.57349962263834,32,0,0,0,0,5,19.903073729862513,153.8794881812651,0.23775141579089817,0,93.13441819652263,-135.69057533389147,499.99999999999824,1,0
random-s42-0000,voronoi,55,96,completed,True,False,6,804,0,,65.27849983831402,0.08119216397800251,2483.3333333333294,191.97490000806283,12.93571885298042,149,0,1,1,24157.807690392838,22856.613350500134,58.663961378239264,59.40502394453306,-135.69057533389147,20.0,kinematic,False,0,0.0,,,,random,event,32,0,11.811899996246211,6.794299988541752,2483.3333333333294,0.0,0.0,0.08670000534038991,22936.423914934687,16.666666666666668,38,766,27.746199935791083,37.53229990252294,32,0,0,0,0,5,19.903073729862513,153.8794881812651,0.23775141579089817,0,93.13441819652263,-135.69057533389147,499.99999999999824,1,0
random-s42-0000,voronoi,56,97,completed,True,False,6,804,0,,75.16729988856241,0.0934916665280627,2483.3333333333294,289.6972000016831,8.572168917472801,149,0,1,1,24157.807690392838,22856.613350500134,58.663961378239264,59.40502394453306,-135.69057533389147,20.0,kinematic,False,0,0.0,,,,random,event,32,0,12.076500002876855,6.307500007096678,2483.3333333333294,0.0,0.0,0.1432999997632578,22936.423914934687,16.666666666666668,38,766,26.472499972442165,48.694799916120246,32,0,0,0,0,5,19.903073729862513,153.8794881812651,0.23775141579089817,0,93.13441819652263,-135.69057533389147,499.99999999999824,1,0
random-s42-0000,voronoi,57,98,completed,True,False,6,804,0,,64.51220010058023,0.08023905485146794,2483.3333333333294,189.70810000610072,13.090286251633268,149,0,1,1,24157.807690392838,22856.613350500134,58.663961378239264,59.40502394453306,-135.69057533389147,20.0,kinematic,False,0,0.0,,,,random,event,32,0,12.617099986528046,6.425900006433949,2483.3333333333294,0.0,0.0,0.08779999916441739,22936.423914934687,16.666666666666668,38,766,27.47469997848384,37.03750012209639,32,0,0,0,0,5,19.903073729862513,153.8794881812651,0.23775141579089817,0,93.13441819652263,-135.69057533389147,499.99999999999824,1,0
random-s42-0000,voronoi,58,99,completed,True,False,6,804,0,,70.30419986404013,0.08744303465676632,2483.3333333333294,204.53109999652952,12.14159281094888,149,0,1,1,24157.807690392838,22856.613350500134,58.663961378239264,59.40502394453306,-135.69057533389147,20.0,kinematic,False,0,0.0,,,,random,event,32,0,15.08129999274388,7.974399995873682,2483.3333333333294,0.0,0.0,0.09330001194030046,22936.423914934687,16.666666666666668,38,766,31.354499980807304,38.949699883232825,32,0,0,0,0,5,19.903073729862513,153.8794881812651,0.23775141579089817,0,93.13441819652263,-135.69057533389147,499.99999999999824,1,0
random-s42-0000,voronoi,59,100,completed,True,False,6,804,0,,69.66540013672784,0.08664850763274606,2483.3333333333294,199.71519999671727,12.434373214327943,149,0,1,1,24157.807690392838,22856.613350500134,58.663961378239264,59.40502394453306,-135.69057533389147,20.0,kinematic,False,0,0.0,,,,random,event,32,0,13.63889999629464,7.799200000590645,2483.3333333333294,0.0,0.0,0.09010000212583691,22936.423914934687,16.666666666666668,38,766,31.410800002049655,38.254600134678185,32,0,0,0,0,5,19.903073729862513,153.8794881812651,0.23775141579089817,0,93.13441819652263,-135.69057533389147,499.99999999999824,1,0
random-s42-0000,voronoi,60,101,completed,True,False,6,804,0,,68.65640032629017,0.085393532744142,2483.3333333333294,203.2720999995945,12.216793811537753,149,0,1,1,24157.807690392838,22856.613350500134,58.663961378239264,59.40502394453306,-135.69057533389147,20.0,kinematic,False,0,0.0,,,,random,event,32,0,17.597000012756325,9.93709999602288,2483.3333333333294,0.0,0.0,0.07599999662488699,22936.423914934687,16.666666666666668,38,766,33.26820002985187,35.3882002964383,32,0,0,0,0,5,19.903073729862513,153.8794881812651,0.23775141579089817,0,93.13441819652263,-135.69057533389147,499.99999999999824,1,0
random-s42-0000,voronoi,61,102,completed,True,False,6,804,0,,74.5104999805335,0.09267475121956903,2483.3333333333294,220.0278999953298,11.286447461372124,149,0,1,1,24157.807690392838,22856.613350500134,58.663961378239264,59.40502394453306,-135.69057533389147,20.0,kinematic,False,0,0.0,,,,random,event,32,0,13.371099994401447,8.810599989374168,2483.3333333333294,0.0,0.0,0.0973999995039776,22936.423914934687,16.666666666666668,38,766,31.503899983363226,43.00659999717027,32,0,0,0,0,5,19.903073729862513,153.8794881812651,0.23775141579089817,0,93.13441819652263,-135.69057533389147,499.99999999999824,1,0
random-s42-0000,voronoi,62,103,completed,True,False,6,804,0,,66.1378000077093,0.08226094528322052,2483.3333333333294,192.9439000086859,12.87075327710042,149,0,1,1,24157.807690392838,22856.613350500134,58.663961378239264,59.40502394453306,-135.69057533389147,20.0,kinematic,False,0,0.0,,,,random,event,32,0,12.487200001487508,6.7639000044437125,2483.3333333333294,0.0,0.0,0.09279999358113855,22936.423914934687,16.666666666666668,38,766,28.20439999049995,37.93340001720935,32,0,0,0,0,5,19.903073729862513,153.8794881812651,0.23775141579089817,0,93.13441819652263,-135.69057533389147,499.99999999999824,1,0
random-s42-0000,voronoi,63,104,completed,True,False,6,804,0,,70.776099775685,0.08802997484537935,2483.3333333333294,197.0488000079058,12.602631090540493,149,0,1,1,24157.807690392838,22856.613350500134,58.663961378239264,59.40502394453306,-135.69057533389147,20.0,kinematic,False,0,0.0,,,,random,event,32,0,13.585399981820956,8.298200002172962,2483.3333333333294,0.0,0.0,0.09760000102687627,22936.423914934687,16.666666666666668,38,766,31.068699914612807,39.70739986107219,32,0,0,0,0,5,19.903073729862513,153.8794881812651,0.23775141579089817,0,93.13441819652263,-135.69057533389147,499.99999999999824,1,0
random-s42-0000,voronoi,64,105,completed,True,False,6,804,0,,60.68619967845734,0.07548034785877779,2483.3333333333294,182.8661000035936,13.580063955454445,149,0,1,1,24157.807690392838,22856.613350500134,58.663961378239264,59.40502394453306,-135.69057533389147,20.0,kinematic,False,0,0.0,,,,random,event,32,0,11.600000027101487,5.730300006689504,2483.3333333333294,0.0,0.0,0.07570000889245421,22936.423914934687,16.666666666666668,38,766,25.33880007104017,35.347399607417174,32,0,0,0,0,5,19.903073729862513,153.8794881812651,0.23775141579089817,0,93.13441819652263,-135.69057533389147,499.99999999999824,1,0
random-s42-0000,voronoi,65,106,completed,True,False,6,804,0,,68.5231000679778,0.08522773640295746,2483.3333333333294,199.42739998805337,12.452317652850574,149,0,1,1,24157.807690392838,22856.613350500134,58.663961378239264,59.40502394453306,-135.69057533389147,20.0,kinematic,False,0,0.0,,,,random,event,32,0,13.875400007236749,7.19770000432618,2483.3333333333294,0.0,0.0,0.09549999958835542,22936.423914934687,16.666666666666668,38,766,29.96360008546617,38.559499982511625,32,0,0,0,0,5,19.903073729862513,153.8794881812651,0.23775141579089817,0,93.13441819652263,-135.69057533389147,499.99999999999824,1,0
random-s42-0000,voronoi,66,107,completed,True,False,6,804,0,,67.89280007069465,0.08444378118245603,2483.3333333333294,195.28870000794996,12.716216213391947,149,0,1,1,24157.807690392838,22856.613350500134,58.663961378239264,59.40502394453306,-135.69057533389147,20.0,kinematic,False,0,0.0,,,,random,event,32,0,13.658799973200075,7.506299996748567,2483.3333333333294,0.0,0.0,0.08440000237897038,22936.423914934687,16.666666666666668,38,766,28.888799977721646,39.004000092973,32,0,0,0,0,5,19.903073729862513,153.8794881812651,0.23775141579089817,0,93.13441819652263,-135.69057533389147,499.99999999999824,1,0
random-s42-0000,voronoi,67,108,completed,True,False,6,804,0,,62.010299967369065,0.07712723876538441,2483.3333333333294,191.08699999924283,12.995825636192778,149,0,1,1,24157.807690392838,22856.613350500134,58.663961378239264,59.40502394453306,-135.69057533389147,20.0,kinematic,False,0,0.0,,,,random,event,32,0,11.445000025560148,5.723300011595711,2483.3333333333294,0.0,0.0,0.07860000187065452,22936.423914934687,16.666666666666668,38,766,26.002700047683902,36.00759991968516,32,0,0,0,0,5,19.903073729862513,153.8794881812651,0.23775141579089817,0,93.13441819652263,-135.69057533389147,499.99999999999824,1,0
random-s42-0000,voronoi,68,109,completed,True,False,6,804,0,,69.77590038150083,0.08678594574813536,2483.3333333333294,209.12299999326933,11.874989041919138,149,0,1,1,24157.807690392838,22856.613350500134,58.663961378239264,59.40502394453306,-135.69057533389147,20.0,kinematic,False,0,0.0,,,,random,event,32,0,12.729200010653585,6.515799992484972,2483.3333333333294,0.0,0.0,0.10409999231342226,22936.423914934687,16.666666666666668,38,766,28.383399985614233,41.3925003958866,32,0,0,0,0,5,19.903073729862513,153.8794881812651,0.23775141579089817,0,93.13441819652263,-135.69057533389147,499.99999999999824,1,0
random-s42-0000,voronoi,69,110,completed,True,False,6,804,0,,63.22170019848272,0.07863395547074965,2483.3333333333294,183.301199998823,13.547829110498324,149,0,1,1,24157.807690392838,22856.613350500134,58.663961378239264,59.40502394453306,-135.69057533389147,20.0,kinematic,False,0,0.0,,,,random,event,32,0,13.197000007494353,6.869899996672757,2483.3333333333294,0.0,0.0,0.07069999992381781,22936.423914934687,16.666666666666668,38,766,28.128200050559826,35.093500147922896,32,0,0,0,0,5,19.903073729862513,153.8794881812651,0.23775141579089817,0,93.13441819652263,-135.69057533389147,499.99999999999824,1,0
random-s42-0000,voronoi,70,111,completed,True,False,6,804,0,,61.65639996470418,0.07668706463271664,2483.3333333333294,177.4546999949962,13.994181801909747,149,0,1,1,24157.807690392838,22856.613350500134,58.663961378239264,59.40502394453306,-135.69057533389147,20.0,kinematic,False,0,0.0,,,,random,event,32,0,11.709099999279715,7.75689999863971,2483.3333333333294,0.0,0.0,0.06739998934790492,22936.423914934687,16.666666666666668,38,766,27.372699943953194,34.283700020750985,32,0,0,0,0,5,19.903073729862513,153.8794881812651,0.23775141579089817,0,93.13441819652263,-135.69057533389147,499.99999999999824,1,0
random-s42-0000,voronoi,71,112,completed,True,False,6,804,0,,66.08749988663476,0.08219838294357557,2483.3333333333294,195.88640000438318,12.677415753609042,149,0,1,1,24157.807690392838,22856.613350500134,58.663961378239264,59.40502394453306,-135.69057533389147,20.0,kinematic,False,0,0.0,,,,random,event,32,0,11.858200014103204,5.822899998747744,2483.3333333333294,0.0,0.0,0.09220000356435776,22936.423914934687,16.666666666666668,38,766,26.702900024247356,39.384599862387404,32,0,0,0,0,5,19.903073729862513,153.8794881812651,0.23775141579089817,0,93.13441819652263,-135.69057533389147,499.99999999999824,1,0
random-s42-0000,voronoi,72,113,completed,True,False,6,804,0,,71.32759994419757,0.08871592032860394,2483.3333333333294,202.1658000012394,12.2836470526573,149,0,1,1,24157.807690392838,22856.613350500134,58.663961378239264,59.40502394453306,-135.69057533389147,20.0,kinematic,False,0,0.0,,,,random,event,32,0,15.008999995188788,7.685899996431544,2483.3333333333294,0.0,0.0,0.08369999704882503,22936.423914934687,16.666666666666668,38,766,32.186999946134165,39.14059999806341,32,0,0,0,0,5,19.903073729862513,153.8794881812651,0.23775141579089817,0,93.13441819652263,-135.69057533389147,499.99999999999824,1,0
random-s42-0000,voronoi,73,114,completed,True,False,6,804,0,,60.465700036729686,0.07520609457304687,2483.3333333333294,181.824700004654,13.657843699287092,149,0,1,1,24157.807690392838,22856.613350500134,58.663961378239264,59.40502394453306,-135.69057533389147,20.0,kinematic,False,0,0.0,,,,random,event,32,0,11.421400005929172,5.652499996358529,2483.3333333333294,0.0,0.0,0.07530000584665686,22936.423914934687,16.666666666666668,38,766,25.37980006309226,35.085899973637424,32,0,0,0,0,5,19.903073729862513,153.8794881812651,0.23775141579089817,0,93.13441819652263,-135.69057533389147,499.99999999999824,1,0
random-s42-0000,voronoi,74,115,completed,True,False,6,804,0,,61.65120023069903,0.07668059730186447,2483.3333333333294,184.60729999060277,13.451977974109045,149,0,1,1,24157.807690392838,22856.613350500134,58.663961378239264,59.40502394453306,-135.69057533389147,20.0,kinematic,False,0,0.0,,,,random,event,32,0,11.416399996960536,5.775800003902987,2483.3333333333294,0.0,0.0,0.08320000779349357,22936.423914934687,16.666666666666668,38,766,25.341099986690097,36.310100244008936,32,0,0,0,0,5,19.903073729862513,153.8794881812651,0.23775141579089817,0,93.13441819652263,-135.69057533389147,499.99999999999824,1,0
random-s42-0000,voronoi,75,116,completed,True,False,6,804,0,,63.219600036973134,0.07863134332956857,2483.3333333333294,192.0215999998618,12.93257286333994,149,0,1,1,24157.807690392838,22856.613350500134,58.663961378239264,59.40502394453306,-135.69057533389147,20.0,kinematic,False,0,0.0,,,,random,event,32,0,12.083600013284013,6.143999999039806,2483.3333333333294,0.0,0.0,0.0855999969644472,22936.423914934687,16.666666666666668,38,766,26.817500009201467,36.40210002777167,32,0,0,0,0,5,19.903073729862513,153.8794881812651,0.23775141579089817,0,93.13441819652263,-135.69057533389147,499.99999999999824,1,0
random-s42-0000,voronoi,76,117,completed,True,False,6,804,0,,64.74779974087141,0.08053208922993957,2483.3333333333294,187.79380001069512,13.223723750155223,149,0,1,1,24157.807690392838,22856.613350500134,58.663961378239264,59.40502394453306,-135.69057533389147,20.0,kinematic,False,0,0.0,,,,random,event,32,0,12.668200011830777,6.593999991309829,2483.3333333333294,0.0,0.0,0.07520000508520752,22936.423914934687,16.666666666666668,38,766,28.445900010410696,36.30189973046072,32,0,0,0,0,5,19.903073729862513,153.8794881812651,0.23775141579089817,0,93.13441819652263,-135.69057533389147,499.99999999999824,1,0
random-s42-0000,voronoi,77,118,completed,True,False,6,804,0,,66.6495998884784,0.0828975122991025,2483.3333333333294,194.52399999136105,12.76620537025568,149,0,1,1,24157.807690392838,22856.613350500134,58.663961378239264,59.40502394453306,-135.69057533389147,20.0,kinematic,False,0,0.0,,,,random,event,32,0,13.879600024665706,7.1347000048263,2483.3333333333294,0.0,0.0,0.08849998994264752,22936.423914934687,16.666666666666668,38,766,29.000999944400974,37.64859994407743,32,0,0,0,0,5,19.903073729862513,153.8794881812651,0.23775141579089817,0,93.13441819652263,-135.69057533389147,499.99999999999824,1,0
random-s42-0000,voronoi,78,119,completed,True,False,6,804,0,,66.53269995877054,0.08275211437658027,2483.3333333333294,194.6643999981461,12.756997855575953,149,0,1,1,24157.807690392838,22856.613350500134,58.663961378239264,59.40502394453306,-135.69057533389147,20.0,kinematic,False,0,0.0,,,,random,event,32,0,12.379199979477562,6.837399996584281,2483.3333333333294,0.0,0.0,0.09280000813305378,22936.423914934687,16.666666666666668,38,766,28.170099962153472,38.362599996617064,32,0,0,0,0,5,19.903073729862513,153.8794881812651,0.23775141579089817,0,93.13441819652263,-135.69057533389147,499.99999999999824,1,0
random-s42-0000,voronoi,79,120,completed,True,False,6,804,0,,60.86149996554013,0.07569838304171658,2483.3333333333294,182.60060000466183,13.59980927373694,149,0,1,1,24157.807690392838,22856.613350500134,58.663961378239264,59.40502394453306,-135.69057533389147,20.0,kinematic,False,0,0.0,,,,random,event,32,0,11.356699978932738,5.885999999009073,2483.3333333333294,0.0,0.0,0.07149999146349728,22936.423914934687,16.666666666666668,38,766,25.387599991518073,35.47389997402206,32,0,0,0,0,5,19.903073729862513,153.8794881812651,0.23775141579089817,0,93.13441819652263,-135.69057533389147,499.99999999999824,1,0
random-s42-0000,voronoi,80,121,completed,True,False,6,804,0,,67.53440003376454,0.08399800999224445,2483.3333333333294,196.7688000004273,12.620564506811734,149,0,1,1,24157.807690392838,22856.613350500134,58.663961378239264,59.40502394453306,-135.69057533389147,20.0,kinematic,False,0,0.0,,,,random,event,32,0,12.280899987672456,6.834899992099963,2483.3333333333294,0.0,0.0,0.09359999967273325,22936.423914934687,16.666666666666668,38,766,28.381200012518093,39.15320002124645,32,0,0,0,0,5,19.903073729862513,153.8794881812651,0.23775141579089817,0,93.13441819652263,-135.69057533389147,499.99999999999824,1,0
random-s42-0000,voronoi,81,122,completed,True,False,6,804,0,,65.24649992934428,0.08115236309619936,2483.3333333333294,191.10130000626668,12.99485316558231,149,0,1,1,24157.807690392838,22856.613350500134,58.663961378239264,59.40502394453306,-135.69057533389147,20.0,kinematic,False,0,0.0,,,,random,event,32,0,12.241399992490187,6.507799989776686,2483.3333333333294,0.0,0.0,0.09000000136438757,22936.423914934687,16.666666666666668,38,766,27.583399962168187,37.663099967176095,32,0,0,0,0,5,19.903073729862513,153.8794881812651,0.23775141579089817,0,93.13441819652263,-135.69057533389147,499.99999999999824,1,0
random-s42-0000,voronoi,82,123,completed,True,False,6,804,0,,65.6685002904851,0.08167723916727003,2483.3333333333294,193.10289999702945,12.860155561472826,149,0,1,1,24157.807690392838,22856.613350500134,58.663961378239264,59.40502394453306,-135.69057533389147,20.0,kinematic,False,0,0.0,,,,random,event,32,0,12.955700032762252,7.451900004525669,2483.3333333333294,0.0,0.0,0.08510000770911574,22936.423914934687,16.666666666666668,38,766,29.057600040687248,36.61090024979785,32,0,0,0,0,5,19.903073729862513,153.8794881812651,0.23775141579089817,0,93.13441819652263,-135.69057533389147,499.99999999999824,1,0
random-s42-0000,voronoi,83,124,completed,True,False,6,804,0,,67.17259997094516,0.08354800991411089,2483.3333333333294,201.06249999662396,12.35105170469395,149,0,1,1,24157.807690392838,22856.613350500134,58.663961378239264,59.40502394453306,-135.69057533389147,20.0,kinematic,False,0,0.0,,,,random,event,32,0,12.532400010968558,8.805100005702116,2483.3333333333294,0.0,0.0,0.0855999969644472,22936.423914934687,16.666666666666668,38,766,30.03640001406893,37.136199956876226,32,0,0,0,0,5,19.903073729862513,153.8794881812651,0.23775141579089817,0,93.13441819652263,-135.69057533389147,499.99999999999824,1,0
random-s42-0000,voronoi,84,125,completed,True,False,6,804,0,,71.66109984973446,0.08913072120613738,2483.3333333333294,205.94749999872874,12.058089238027451,149,0,1,1,24157.807690392838,22856.613350500134,58.663961378239264,59.40502394453306,-135.69057533389147,20.0,kinematic,False,0,0.0,,,,random,event,32,0,12.239799965755083,9.776399994734675,2483.3333333333294,0.0,0.0,0.08959999831859022,22936.423914934687,16.666666666666668,38,766,31.50479999021627,40.156299859518185,32,0,0,0,0,5,19.903073729862513,153.8794881812651,0.23775141579089817,0,93.13441819652263,-135.69057533389147,499.99999999999824,1,0
random-s42-0000,voronoi,85,126,completed,True,False,6,804,0,,61.5707999386359,0.07658059693860186,2483.3333333333294,182.46919999364763,13.60960279005872,149,0,1,1,24157.807690392838,22856.613350500134,58.663961378239264,59.40502394453306,-135.69057533389147,20.0,kinematic,False,0,0.0,,,,random,event,32,0,12.428999994881451,6.641200001467951,2483.3333333333294,0.0,0.0,0.07680000271648169,22936.423914934687,16.666666666666668,38,766,26.483999958145432,35.08679998049047,32,0,0,0,0,5,19.903073729862513,153.8794881812651,0.23775141579089817,0,93.13441819652263,-135.69057533389147,499.99999999999824,1,0
random-s42-0000,voronoi,86,127,completed,True,False,6,804,0,,62.69779986178037,0.07798233813654275,2483.3333333333294,186.9359000120312,13.284411037010559,149,0,1,1,24157.807690392838,22856.613350500134,58.663961378239264,59.40502394453306,-135.69057533389147,20.0,kinematic,False,0,0.0,,,,random,event,32,0,12.424400003510527,6.118000004789792,2483.3333333333294,0.0,0.0,0.07790001109242439,22936.423914934687,16.666666666666668,38,766,26.21720003662631,36.48059982515406,32,0,0,0,0,5,19.903073729862513,153.8794881812651,0.23775141579089817,0,93.13441819652263,-135.69057533389147,499.99999999999824,1,0
random-s42-0000,voronoi,87,128,completed,True,False,6,804,0,,60.34230036311783,0.0750526123919376,2483.3333333333294,177.96619998989627,13.95396054685843,149,0,1,1,24157.807690392838,22856.613350500134,58.663961378239264,59.40502394453306,-135.69057533389147,20.0,kinematic,False,0,0.0,,,,random,event,32,0,11.296099997707643,5.780600011348724,2483.3333333333294,0.0,0.0,0.0712000037310645,22936.423914934687,16.666666666666668,38,766,25.24809996248223,35.0942004006356,32,0,0,0,0,5,19.903073729862513,153.8794881812651,0.23775141579089817,0,93.13441819652263,-135.69057533389147,499.99999999999824,1,0
random-s42-0000,voronoi,88,129,completed,True,False,6,804,0,,64.20209992211312,0.079853358112081,2483.3333333333294,190.35449999500997,13.045834657958853,149,0,1,1,24157.807690392838,22856.613350500134,58.663961378239264,59.40502394453306,-135.69057533389147,20.0,kinematic,False,0,0.0,,,,random,event,32,0,11.930600012419745,6.153299997095019,2483.3333333333294,0.0,0.0,0.07739999273326248,22936.423914934687,16.666666666666668,38,766,26.587699991068803,37.61439993104432,32,0,0,0,0,5,19.903073729862513,153.8794881812651,0.23775141579089817,0,93.13441819652263,-135.69057533389147,499.99999999999824,1,0
random-s42-0000,voronoi,89,130,completed,True,False,6,804,0,,65.7714998233132,0.08180534803894678,2483.3333333333294,192.16200000664685,12.92312389154688,149,0,1,1,24157.807690392838,22856.613350500134,58.663961378239264,59.40502394453306,-135.69057533389147,20.0,kinematic,False,0,0.0,,,,random,event,32,0,12.390600008075126,6.256699998630211,2483.3333333333294,0.0,0.0,0.08509999315720052,22936.423914934687,16.666666666666668,38,766,27.380800049286336,38.39069977402687,32,0,0,0,0,5,19.903073729862513,153.8794881812651,0.23775141579089817,0,93.13441819652263,-135.69057533389147,499.99999999999824,1,0
random-s42-0000,voronoi,90,131,completed,True,False,6,804,0,,62.783100045635365,0.0780884328925813,2483.3333333333294,179.94619999080896,13.800421089526589,149,0,1,1,24157.807690392838,22856.613350500134,58.663961378239264,59.40502394453306,-135.69057533389147,20.0,kinematic,False,0,0.0,,,,random,event,32,0,14.579199996660464,7.606999992276542,2483.3333333333294,0.0,0.0,0.06899998697917908,22936.423914934687,16.666666666666668,38,766,28.44679995905608,34.336300086579286,32,0,0,0,0,5,19.903073729862513,153.8794881812651,0.23775141579089817,0,93.13441819652263,-135.69057533389147,499.99999999999824,1,0
random-s42-0000,voronoi,91,132,completed,True,False,6,804,0,,62.748900076257996,0.07804589561723631,2483.3333333333294,187.40840000100434,13.250917959493924,149,0,1,1,24157.807690392838,22856.613350500134,58.663961378239264,59.40502394453306,-135.69057533389147,20.0,kinematic,False,0,0.0,,,,random,event,32,0,11.807299990323372,6.089700007578358,2483.3333333333294,0.0,0.0,0.08739999611862004,22936.423914934687,16.666666666666668,38,766,26.127100019948557,36.62180005630944,32,0,0,0,0,5,19.903073729862513,153.8794881812651,0.23775141579089817,0,93.13441819652263,-135.69057533389147,499.99999999999824,1,0
random-s42-0000,voronoi,92,133,completed,True,False,6,804,0,,71.1182998638833,0.08845559684562598,2483.3333333333294,199.45889999507926,12.450351091851976,149,0,1,1,24157.807690392838,22856.613350500134,58.663961378239264,59.40502394453306,-135.69057533389147,20.0,kinematic,False,0,0.0,,,,random,event,32,0,12.877599976491183,7.433499995386228,2483.3333333333294,0.0,0.0,0.08760001219343394,22936.423914934687,16.666666666666668,38,766,29.27409998665098,41.84419987723231,32,0,0,0,0,5,19.903073729862513,153.8794881812651,0.23775141579089817,0,93.13441819652263,-135.69057533389147,499.99999999999824,1,0
random-s42-0000,voronoi,93,134,completed,True,False,6,804,0,,65.71599989547394,0.08173631827795266,2483.3333333333294,192.08930000604596,12.928014903772189,149,0,1,1,24157.807690392838,22856.613350500134,58.663961378239264,59.40502394453306,-135.69057533389147,20.0,kinematic,False,0,0.0,,,,random,event,32,0,12.015100015560165,6.5411999967182055,2483.3333333333294,0.0,0.0,0.08870000601746142,22936.423914934687,16.666666666666668,38,766,27.229600003920496,38.48639989155345,32,0,0,0,0,5,19.903073729862513,153.8794881812651,0.23775141579089817,0,93.13441819652263,-135.69057533389147,499.99999999999824,1,0
random-s42-0000,voronoi,94,135,completed,True,False,6,804,0,,60.614299931330606,0.07539092031260025,2483.3333333333294,183.9909000118496,13.497044327591174,149,0,1,1,24157.807690392838,22856.613350500134,58.663961378239264,59.40502394453306,-135.69057533389147,20.0,kinematic,False,0,0.0,,,,random,event,32,0,11.199000000488013,5.730700009735301,2483.3333333333294,0.0,0.0,0.07249999907799065,22936.423914934687,16.666666666666668,38,766,25.088200040045194,35.52609989128541,32,0,0,0,0,5,19.903073729862513,153.8794881812651,0.23775141579089817,0,93.13441819652263,-135.69057533389147,499.99999999999824,1,0
random-s42-0000,voronoi,95,136,completed,True,False,6,804,0,,64.66350033588242,0.08042723922373435,2483.3333333333294,187.63469999248628,13.234936466617173,149,0,1,1,24157.807690392838,22856.613350500134,58.663961378239264,59.40502394453306,-135.69057533389147,20.0,kinematic,False,0,0.0,,,,random,event,32,0,12.101999978767708,6.810599996242672,2483.3333333333294,0.0,0.0,0.08090000483207405,22936.423914934687,16.666666666666668,38,766,27.709899994079024,36.953600341803394,32,0,0,0,0,5,19.903073729862513,153.8794881812651,0.23775141579089817,0,93.13441819652263,-135.69057533389147,499.99999999999824,1,0
random-s42-0000,voronoi,96,137,completed,True,False,6,804,0,,67.62330025958363,0.08410858241241745,2483.3333333333294,199.50659999449272,12.447374339504961,149,0,1,1,24157.807690392838,22856.613350500134,58.663961378239264,59.40502394453306,-135.69057533389147,20.0,kinematic,False,0,0.0,,,,random,event,32,0,12.668800016399473,6.792700005462393,2483.3333333333294,0.0,0.0,0.09190000128000975,22936.423914934687,16.666666666666668,38,766,28.537800084450282,39.08550017513335,32,0,0,0,0,5,19.903073729862513,153.8794881812651,0.23775141579089817,0,93.13441819652263,-135.69057533389147,499.99999999999824,1,0
random-s42-0000,voronoi,97,138,completed,True,False,6,804,0,,61.006000061752275,0.07587810952954263,2483.3333333333294,181.41419999301434,13.688748363848886,149,0,1,1,24157.807690392838,22856.613350500134,58.663961378239264,59.40502394453306,-135.69057533389147,20.0,kinematic,False,0,0.0,,,,random,event,32,0,11.899699995410629,5.85750000027474,2483.3333333333294,0.0,0.0,0.07560000813100487,22936.423914934687,16.666666666666668,38,766,26.00840004743077,34.997600014321506,32,0,0,0,0,5,19.903073729862513,153.8794881812651,0.23775141579089817,0,93.13441819652263,-135.69057533389147,499.99999999999824,1,0
random-s42-0000,voronoi,98,139,completed,True,False,6,804,0,,62.89909979386721,0.078232711186402,2483.3333333333294,187.2299000096973,13.263551031137167,149,0,1,1,24157.807690392838,22856.613350500134,58.663961378239264,59.40502394453306,-135.69057533389147,20.0,kinematic,False,0,0.0,,,,random,event,32,0,12.334399987594225,6.325399997876957,2483.3333333333294,0.0,0.0,0.07830001413822174,22936.423914934687,16.666666666666668,38,766,26.7327000037767,36.16639979009051,32,0,0,0,0,5,19.903073729862513,153.8794881812651,0.23775141579089817,0,93.13441819652263,-135.69057533389147,499.99999999999824,1,0
random-s42-0000,voronoi,99,140,completed,True,False,6,804,0,,64.59259983967058,0.08033905452695346,2483.3333333333294,185.93310000142083,13.356058352785775,149,0,1,1,24157.807690392838,22856.613350500134,58.663961378239264,59.40502394453306,-135.69057533389147,20.0,kinematic,False,0,0.0,,,,random,event,32,0,12.472199989133514,7.257799996295944,2483.3333333333294,0.0,0.0,0.07759999425616115,22936.423914934687,16.666666666666668,38,766,28.714199987007305,35.87839985266328,32,0,0,0,0,5,19.903073729862513,153.8794881812651,0.23775141579089817,0,93.13441819652263,-135.69057533389147,499.99999999999824,1,0
random-s42-0000,voronoi,100,141,completed,True,False,6,804,0,,69.3813000107184,0.08629514926706269,2483.3333333333294,208.3870000060415,11.916930198435283,149,0,1,1,24157.807690392838,22856.613350500134,58.663961378239264,59.40502394453306,-135.69057533389147,20.0,kinematic,False,0,0.0,,,,random,event,32,0,11.087300008512102,7.677899993723258,2483.3333333333294,0.0,0.0,0.10600000678095967,22936.423914934687,16.666666666666668,38,766,28.32250008941628,41.058799921302125,32,0,0,0,0,5,19.903073729862513,153.8794881812651,0.23775141579089817,0,93.13441819652263,-135.69057533389147,499.99999999999824,1,0
random-s42-0000,voronoi,101,142,completed,True,False,6,804,0,,68.45409981906414,0.08514191519784096,2483.3333333333294,201.26349999918602,12.338716823186385,149,0,1,1,24157.807690392838,22856.613350500134,58.663961378239264,59.40502394453306,-135.69057533389147,20.0,kinematic,False,0,0.0,,,,random,event,32,0,13.481000016327016,6.792100000893697,2483.3333333333294,0.0,0.0,0.08850000449456275,22936.423914934687,16.666666666666668,38,766,29.303799994522706,39.150299824541435,32,0,0,0,0,5,19.903073729862513,153.8794881812651,0.23775141579089817,0,93.13441819652263,-135.69057533389147,499.99999999999824,1,0
random-s42-0000,voronoi,102,143,completed,True,False,6,804,0,,69.1849999857368,0.08605099500713531,2483.3333333333294,205.61930000258144,12.077335801173103,149,0,1,1,24157.807690392838,22856.613350500134,58.663961378239264,59.40502394453306,-135.69057533389147,20.0,kinematic,False,0,0.0,,,,random,event,32,0,12.019599977065809,6.952200012165122,2483.3333333333294,0.0,0.0,0.0999000039882958,22936.423914934687,16.666666666666668,38,766,27.68749992537778,41.497500060359016,32,0,0,0,0,5,19.903073729862513,153.8794881812651,0.23775141579089817,0,93.13441819652263,-135.69057533389147,499.99999999999824,1,0
random-s42-0000,voronoi,103,144,completed,True,False,6,804,0,,73.47910024691373,0.09139191572999221,2483.3333333333294,211.2459000054514,11.755652219850159,149,0,1,1,24157.807690392838,22856.613350500134,58.663961378239264,59.40502394453306,-135.69057533389147,20.0,kinematic,False,0,0.0,,,,random,event,32,0,13.437900022836402,8.234299995820038,2483.3333333333294,0.0,0.0,0.09760000102687627,22936.423914934687,16.666666666666668,38,766,31.886400014627725,41.592700232286006,32,0,0,0,0,5,19.903073729862513,153.8794881812651,0.23775141579089817,0,93.13441819652263,-135.69057533389147,499.99999999999824,1,0
random-s42-0000,voronoi,104,145,completed,True,False,6,804,0,,72.1776999271242,0.08977325861582611,2483.3333333333294,211.5635999944061,11.737999038582206,149,0,1,1,24157.807690392838,22856.613350500134,58.663961378239264,59.40502394453306,-135.69057533389147,20.0,kinematic,False,0,0.0,,,,random,event,32,0,13.718500005779788,7.10280000930652,2483.3333333333294,0.0,0.0,0.10279999696649611,22936.423914934687,16.666666666666668,38,766,30.447999990428798,41.7296999366954,32,0,0,0,0,5,19.903073729862513,153.8794881812651,0.23775141579089817,0,93.13441819652263,-135.69057533389147,499.99999999999824,1,0
random-s42-0000,voronoi,105,146,completed,True,False,6,804,0,,75.0351002352545,0.09332723909857525,2483.3333333333294,216.9560000038473,11.446253310760211,149,0,1,1,24157.807690392838,22856.613350500134,58.663961378239264,59.40502394453306,-135.69057533389147,20.0,kinematic,False,0,0.0,,,,random,event,32,0,14.326100019388832,7.913399997050874,2483.3333333333294,0.0,0.0,0.10949998977594078,22936.423914934687,16.666666666666668,38,766,32.61529999144841,42.419800243806094,32,0,0,0,0,5,19.903073729862513,153.8794881812651,0.23775141579089817,0,93.13441819652263,-135.69057533389147,499.99999999999824,1,0
random-s42-0000,voronoi,106,147,completed,True,False,6,804,0,,69.81600006110966,0.08683582097152943,2483.3333333333294,210.69979999447241,11.786120980648668,149,0,1,1,24157.807690392838,22856.613350500134,58.663961378239264,59.40502394453306,-135.69057533389147,20.0,kinematic,False,0,0.0,,,,random,event,32,0,12.423899985151365,6.34870000067167,2483.3333333333294,0.0,0.0,0.10089999705087394,22936.423914934687,16.666666666666668,38,766,28.272199968341738,41.543800092767924,32,0,0,0,0,5,19.903073729862513,153.8794881812651,0.23775141579089817,0,93.13441819652263,-135.69057533389147,499.99999999999824,1,0
random-s42-0000,voronoi,107,148,completed,True,False,6,804,0,,75.62250005139504,0.0940578358848197,2483.3333333333294,224.55929999705404,11.05869733903654,149,0,1,1,24157.807690392838,22856.613350500134,58.663961378239264,59.40502394453306,-135.69057533389147,20.0,kinematic,False,0,0.0,,,,random,event,32,0,13.453199979267083,7.481699998606928,2483.3333333333294,0.0,0.0,0.1033000007737428,22936.423914934687,16.666666666666668,38,766,30.799100029980764,44.82340002141427,32,0,0,0,0,5,19.903073729862513,153.8794881812651,0.23775141579089817,0,93.13441819652263,-135.69057533389147,499.99999999999824,1,0
random-s42-0000,voronoi,108,149,completed,True,False,6,804,0,,70.80079984734766,0.08806069632754684,2483.3333333333294,207.981400002609,11.940170290719157,149,0,1,1,24157.807690392838,22856.613350500134,58.663961378239264,59.40502394453306,-135.69057533389147,20.0,kinematic,False,0,0.0,,,,random,event,32,0,12.678400016739033,7.04579999728594,2483.3333333333294,0.0,0.0,0.10000000474974513,22936.423914934687,16.666666666666668,38,766,29.04669995768927,41.75409988965839,32,0,0,0,0,5,19.903073729862513,153.8794881812651,0.23775141579089817,0,93.13441819652263,-135.69057533389147,499.99999999999824,1,0
random-s42-0000,voronoi,109,150,completed,True,False,6,804,0,,72.39930008654483,0.09004888070465775,2483.3333333333294,215.92400000372436,11.500960214198031,149,0,1,1,24157.807690392838,22856.613350500134,58.663961378239264,59.40502394453306,-135.69057533389147,20.0,kinematic,False,0,0.0,,,,random,event,32,0,13.63900002615992,6.805599987274036,2483.3333333333294,0.0,0.0,0.09299999510403723,22936.423914934687,16.666666666666668,38,766,29.66030006064102,42.739000025903806,32,0,0,0,0,5,19.903073729862513,153.8794881812651,0.23775141579089817,0,93.13441819652263,-135.69057533389147,499.99999999999824,1,0
random-s42-0000,voronoi,110,151,completed,True,False,6,804,0,,69.2486002080841,0.08613009976129864,2483.3333333333294,203.87829998799134,12.180469100829272,149,0,1,1,24157.807690392838,22856.613350500134,58.663961378239264,59.40502394453306,-135.69057533389147,20.0,kinematic,False,0,0.0,,,,random,event,32,0,13.618700002552941,7.052999993902631,2483.3333333333294,0.0,0.0,0.09180000051856041,22936.423914934687,16.666666666666668,38,766,30.063899990636855,39.184700217447244,32,0,0,0,0,5,19.903073729862513,153.8794881812651,0.23775141579089817,0,93.13441819652263,-135.69057533389147,499.99999999999824,1,0
random-s42-0000,voronoi,111,152,completed,True,False,6,804,0,,67.81269989733119,0.0843441541011582,2483.3333333333294,195.14820000040345,12.725371452712325,149,0,1,1,24157.807690392838,22856.613350500134,58.663961378239264,59.40502394453306,-135.69057533389147,20.0,kinematic,False,0,0.0,,,,random,event,32,0,14.461099985055625,7.893200003309175,2483.3333333333294,0.0,0.0,0.09519999730400741,22936.423914934687,16.666666666666668,38,766,29.37809999275487,38.43459990457632,32,0,0,0,0,5,19.903073729862513,153.8794881812651,0.23775141579089817,0,93.13441819652263,-135.69057533389147,499.99999999999824,1,0
random-s42-0000,voronoi,112,153,completed,True,False,6,804,0,,70.55779987422284,0.08775845755500353,2483.3333333333294,209.5817000081297,11.848998902275344,149,0,1,1,24157.807690392838,22856.613350500134,58.663961378239264,59.40502394453306,-135.69057533389147,20.0,kinematic,False,0,0.0,,,,random,event,32,0,11.155199987115338,7.764699999825098,2483.3333333333294,0.0,0.0,0.10910000128205866,22936.423914934687,16.666666666666668,38,766,29.127000030712225,41.43079984351061,32,0,0,0,0,5,19.903073729862513,153.8794881812651,0.23775141579089817,0,93.13441819652263,-135.69057533389147,499.99999999999824,1,0
random-s42-0000,voronoi,113,154,completed,True,False,6,804,0,,71.86970004113391,0.08939017418051481,2483.3333333333294,210.9865000093123,11.770105353772506,149,0,1,1,24157.807690392838,22856.613350500134,58.663961378239264,59.40502394453306,-135.69057533389147,20.0,kinematic,False,0,0.0,,,,random,event,32,0,13.91359997796826,7.669399987207726,2483.3333333333294,0.0,0.0,0.09989998943638057,22936.423914934687,16.666666666666668,38,766,30.43339995201677,41.43630008911714,32,0,0,0,0,5,19.903073729862513,153.8794881812651,0.23775141579089817,0,93.13441819652263,-135.69057533389147,499.99999999999824,1,0
random-s42-0000,voronoi,114,155,completed,True,False,6,804,0,,65.8364998671459,0.08188619386460934,2483.3333333333294,196.31840000511147,12.649519012322186,149,0,1,1,24157.807690392838,22856.613350500134,58.663961378239264,59.40502394453306,-135.69057533389147,20.0,kinematic,False,0,0.0,,,,random,event,32,0,12.340899993432686,6.68720000248868,2483.3333333333294,0.0,0.0,0.09079999290406704,22936.423914934687,16.666666666666668,38,766,27.905399925657548,37.931099941488355,32,0,0,0,0,5,19.903073729862513,153.8794881812651,0.23775141579089817,0,93.13441819652263,-135.69057533389147,499.99999999999824,1,0
random-s42-0000,voronoi,115,156,completed,True,False,6,804,0,,72.20719980250578,0.08980995000311665,2483.3333333333294,203.88020000245888,12.180355587758788,149,0,1,1,24157.807690392838,22856.613350500134,58.663961378239264,59.40502394453306,-135.69057533389147,20.0,kinematic,False,0,0.0,,,,random,event,32,0,13.815600002999417,8.086200003162958,2483.3333333333294,0.0,0.0,0.08420000085607171,22936.423914934687,16.666666666666668,38,766,31.325399977504276,40.88179982500151,32,0,0,0,0,5,19.903073729862513,153.8794881812651,0.23775141579089817,0,93.13441819652263,-135.69057533389147,499.99999999999824,1,0
random-s42-0000,voronoi,116,157,completed,True,False,6,804,0,,68.96610006515402,0.08577873142432092,2483.3333333333294,212.06309999979567,11.710350991453591,149,0,1,1,24157.807690392838,22856.613350500134,58.663961378239264,59.40502394453306,-135.69057533389147,20.0,kinematic,False,0,0.0,,,,random,event,32,0,11.219999985769391,7.306300001800992,2483.3333333333294,0.0,0.0,0.11110000195913017,22936.423914934687,16.666666666666668,38,766,27.00219996040687,41.963900104747154,32,0,0,0,0,5,19.903073729862513,153.8794881812651,0.23775141579089817,0,93.13441819652263,-135.69057533389147,499.99999999999824,1,0
random-s42-0000,voronoi,117,158,completed,True,False,6,804,0,,68.82060017960612,0.08559776141742054,2483.3333333333294,200.91970000066794,12.359829988423602,149,0,1,1,24157.807690392838,22856.613350500134,58.663961378239264,59.40502394453306,-135.69057533389147,20.0,kinematic,False,0,0.0,,,,random,event,32,0,13.735699991229922,7.143499999074265,2483.3333333333294,0.0,0.0,0.0864000030560419,22936.423914934687,16.666666666666668,38,766,29.778299998724833,39.042300180881284,32,0,0,0,0,5,19.903073729862513,153.8794881812651,0.23775141579089817,0,93.13441819652263,-135.69057533389147,499.99999999999824,1,0
random-s42-0000,voronoi,118,159,completed,True,False,6,804,0,,63.558700087014586,0.07905310956096341,2483.3333333333294,189.56710000929888,13.10002280570581,149,0,1,1,24157.807690392838,22856.613350500134,58.663961378239264,59.40502394453306,-135.69057533389147,20.0,kinematic,False,0,0.0,,,,random,event,32,0,12.993300013476983,6.612900004256517,2483.3333333333294,0.0,0.0,0.08110000635497272,22936.423914934687,16.666666666666668,38,766,27.406300068832934,36.15240001818165,32,0,0,0,0,5,19.903073729862513,153.8794881812651,0.23775141579089817,0,93.13441819652263,-135.69057533389147,499.99999999999824,1,0
random-s42-0000,voronoi,119,160,completed,True,False,6,804,0,,68.58269999793265,0.08530186566907046,2483.3333333333294,199.906000008923,12.422505243576898,149,0,1,1,24157.807690392838,22856.613350500134,58.663961378239264,59.40502394453306,-135.69057533389147,20.0,kinematic,False,0,0.0,,,,random,event,32,0,14.762599996174686,7.67249999626074,2483.3333333333294,0.0,0.0,0.08659999002702534,22936.423914934687,16.666666666666668,38,766,30.72609989612829,37.85660010180436,32,0,0,0,0,5,19.903073729862513,153.8794881812651,0.23775141579089817,0,93.13441819652263,-135.69057533389147,499.99999999999824,1,0
random-s42-0000,voronoi,120,161,completed,True,False,6,804,0,,67.18129976070486,0.08355883054814037,2483.3333333333294,197.43070000549778,12.578253196003342,149,0,1,1,24157.807690392838,22856.613350500134,58.663961378239264,59.40502394453306,-135.69057533389147,20.0,kinematic,False,0,0.0,,,,random,event,32,0,12.742699997033924,6.768099992768839,2483.3333333333294,0.0,0.0,0.08800000068731606,22936.423914934687,16.666666666666668,38,766,28.61679991474375,38.56449984596111,32,0,0,0,0,5,19.903073729862513,153.8794881812651,0.23775141579089817,0,93.13441819652263,-135.69057533389147,499.99999999999824,1,0
random-s42-0000,voronoi,121,162,completed,True,False,6,804,0,,63.125200002104975,0.07851393035087684,2483.3333333333294,186.16139999357983,13.339679081801986,149,0,1,1,24157.807690392838,22856.613350500134,58.663961378239264,59.40502394453306,-135.69057533389147,20.0,kinematic,False,0,0.0,,,,random,event,32,0,12.36100000096485,6.436800002120435,2483.3333333333294,0.0,0.0,0.072900002123788,22936.423914934687,16.666666666666668,38,766,27.32889998878818,35.796300013316795,32,0,0,0,0,5,19.903073729862513,153.8794881812651,0.23775141579089817,0,93.13441819652263,-135.69057533389147,499.99999999999824,1,0
random-s42-0000,voronoi,122,163,completed,True,False,6,804,0,,66.08049993519671,0.08218967653631432,2483.3333333333294,193.8884999981383,12.808048612254849,149,0,1,1,24157.807690392838,22856.613350500134,58.663961378239264,59.40502394453306,-135.69057533389147,20.0,kinematic,False,0,0.0,,,,random,event,32,0,12.367799979983829,6.482600001618266,2483.3333333333294,0.0,0.0,0.0855999969644472,22936.423914934687,16.666666666666668,38,766,27.475599985336885,38.60489994985983,32,0,0,0,0,5,19.903073729862513,153.8794881812651,0.23775141579089817,0,93.13441819652263,-135.69057533389147,499.99999999999824,1,0
random-s42-0000,voronoi,123,164,completed,True,False,6,804,0,,62.02220010163728,0.07714203992740955,2483.3333333333294,191.8461000022944,12.94440352607444,149,0,1,1,24157.807690392838,22856.613350500134,58.663961378239264,59.40502394453306,-135.69057533389147,20.0,kinematic,False,0,0.0,,,,random,event,32,0,11.45570000517182,6.376799996360205,2483.3333333333294,0.0,0.0,0.07399999594781548,22936.423914934687,16.666666666666668,38,766,26.07569999236148,35.9465001092758,32,0,0,0,0,5,19.903073729862513,153.8794881812651,0.23775141579089817,0,93.13441819652263,-135.69057533389147,499.99999999999824,1,0
random-s42-0000,voronoi,124,165,completed,True,False,6,804,0,,56.58990005031228,0.0703854478237715,2483.3333333333294,166.73130000708625,14.89422401929203,149,0,1,1,24157.807690392838,22856.613350500134,58.663961378239264,59.40502394453306,-135.69057533389147,20.0,kinematic,False,0,0.0,,,,random,event,32,0,11.560399987502024,6.290599994827062,2483.3333333333294,0.0,0.0,0.072900002123788,22936.423914934687,16.666666666666668,38,766,24.144399954820983,32.4455000954913,32,0,0,0,0,5,19.903073729862513,153.8794881812651,0.23775141579089817,0,93.13441819652263,-135.69057533389147,499.99999999999824,1,0
random-s42-0000,voronoi,125,166,completed,True,False,6,804,0,,97.01499980292283,0.12066542264045128,2483.3333333333294,335.69100000022445,7.397676235977935,149,0,1,1,24157.807690392838,22856.613350500134,58.663961378239264,59.40502394453306,-135.69057533389147,20.0,kinematic,False,0,0.0,,,,random,event,32,0,50.272400010726415,39.37640000367537,2483.3333333333294,0.0,0.0,0.06659999780822545,22936.423914934687,16.666666666666668,38,766,64.28849996882491,32.72649983409792,32,0,0,0,0,5,19.903073729862513,153.8794881812651,0.23775141579089817,0,93.13441819652263,-135.69057533389147,499.99999999999824,1,0
random-s42-0000,voronoi,126,167,completed,True,False,6,804,0,,60.50529993081,0.07525534817264926,2483.3333333333294,183.66529999184422,13.520971753747732,149,0,1,1,24157.807690392838,22856.613350500134,58.663961378239264,59.40502394453306,-135.69057533389147,20.0,kinematic,False,0,0.0,,,,random,event,32,0,10.930700009339489,6.7995999997947365,2483.3333333333294,0.0,0.0,0.06839999696239829,22936.423914934687,16.666666666666668,38,766,26.307699983590282,34.197599947219715,32,0,0,0,0,5,19.903073729862513,153.8794881812651,0.23775141579089817,0,93.13441819652263,-135.69057533389147,499.99999999999824,1,0
random-s42-0000,voronoi,127,168,completed,True,False,6,804,0,,56.63320024905261,0.07043930379235398,2483.3333333333294,164.23119998944458,15.120959558798434,149,0,1,1,24157.807690392838,22856.613350500134,58.663961378239264,59.40502394453306,-135.69057533389147,20.0,kinematic,False,0,0.0,,,,random,event,32,0,10.601900008623488,5.940300005022436,2483.3333333333294,0.0,0.0,0.06079999729990959,22936.423914934687,16.666666666666668,38,766,24.092800027574413,32.540400221478194,32,0,0,0,0,5,19.903073729862513,153.8794881812651,0.23775141579089817,0,93.13441819652263,-135.69057533389147,499.99999999999824,1,0
random-s42-0000,voronoi,128,169,completed,True,False,6,804,0,,85.81510002841242,0.10673519904031395,2483.3333333333294,207.95350000844337,11.94177223866153,149,0,1,1,24157.807690392838,22856.613350500134,58.663961378239264,59.40502394453306,-135.69057533389147,20.0,kinematic,False,0,0.0,,,,random,event,32,0,14.629899960709736,11.202699999557808,2483.3333333333294,0.0,0.0,0.11830001312773675,22936.423914934687,16.666666666666668,38,766,40.4463000013493,45.368800027063116,32,0,0,0,0,5,19.903073729862513,153.8794881812651,0.23775141579089817,0,93.13441819652263,-135.69057533389147,499.99999999999824,1,0
random-s42-0000,voronoi,129,170,completed,True,False,6,804,0,,63.53829977160785,0.07902773603433813,2483.3333333333294,189.72239999857266,13.089299594312598,149,0,1,1,24157.807690392838,22856.613350500134,58.663961378239264,59.40502394453306,-135.69057533389147,20.0,kinematic,False,0,0.0,,,,random,event,32,0,12.918399981572293,6.927099995664321,2483.3333333333294,0.0,0.0,0.08749999688006938,22936.423914934687,16.666666666666668,38,766,27.351199998520315,36.18709977308754,32,0,0,0,0,5,19.903073729862513,153.8794881812651,0.23775141579089817,0,93.13441819652263,-135.69057533389147,499.99999999999824,1,0
random-s42-0000,voronoi,130,171,completed,True,False,6,804,0,,65.2201001503272,0.08111952755015821,2483.3333333333294,188.20080001023598,13.195126339517495,149,0,1,1,24157.807690392838,22856.613350500134,58.663961378239264,59.40502394453306,-135.69057533389147,20.0,kinematic,False,0,0.0,,,,random,event,32,0,12.56840000860393,6.396199998562224,2483.3333333333294,0.0,0.0,0.09559998579788953,22936.423914934687,16.666666666666668,38,766,27.749399989261292,37.470700161065906,32,0,0,0,0,5,19.903073729862513,153.8794881812651,0.23775141579089817,0,93.13441819652263,-135.69057533389147,499.99999999999824,1,0
random-s42-0000,voronoi,131,172,completed,True,False,6,804,0,,65.06499990064185,0.0809266167918431,2483.3333333333294,192.28940000175498,12.914561766330669,149,0,1,1,24157.807690392838,22856.613350500134,58.663961378239264,59.40502394453306,-135.69057533389147,20.0,kinematic,False,0,0.0,,,,random,event,32,0,13.109600040479563,6.466300008469261,2483.3333333333294,0.0,0.0,0.09859999408945441,22936.423914934687,16.666666666666668,38,766,27.795500034699216,37.269499865942635,32,0,0,0,0,5,19.903073729862513,153.8794881812651,0.23775141579089817,0,93.13441819652263,-135.69057533389147,499.99999999999824,1,0
random-s42-0000,voronoi,132,173,completed,True,False,6,804,0,,69.79789990873542,0.08681330834419827,2483.3333333333294,196.62640000751708,12.629704522070236,149,0,1,1,24157.807690392838,22856.613350500134,58.663961378239264,59.40502394453306,-135.69057533389147,20.0,kinematic,False,0,0.0,,,,random,event,32,0,14.65300002018921,8.039499996812083,2483.3333333333294,0.0,0.0,0.08100000559352338,22936.423914934687,16.666666666666668,38,766,32.064100058050826,37.73379985068459,32,0,0,0,0,5,19.903073729862513,153.8794881812651,0.23775141579089817,0,93.13441819652263,-135.69057533389147,499.99999999999824,1,0
random-s42-0000,voronoi,133,174,completed,True,False,6,804,0,,64.46589967526961,0.08018146725779803,2483.3333333333294,192.18490000639576,12.921584022733763,149,0,1,1,24157.807690392838,22856.613350500134,58.663961378239264,59.40502394453306,-135.69057533389147,20.0,kinematic,False,0,0.0,,,,random,event,32,0,12.134799981140532,7.133499995688908,2483.3333333333294,0.0,0.0,0.0720999960321933,22936.423914934687,16.666666666666668,38,766,26.853699921048246,37.612199754221365,32,0,0,0,0,5,19.903073729862513,153.8794881812651,0.23775141579089817,0,93.13441819652263,-135.69057533389147,499.99999999999824,1,0
random-s42-0000,voronoi,134,175,completed,True,False,6,804,0,,59.70670013630297,0.07426206484614797,2483.3333333333294,174.17070000374224,14.258043019175856,149,0,1,1,24157.807690392838,22856.613350500134,58.663961378239264,59.40502394453306,-135.69057533389147,20.0,kinematic,False,0,0.0,,,,random,event,32,0,10.976600024150684,7.398399990051985,2483.3333333333294,0.0,0.0,0.07490000280085951,22936.423914934687,16.666666666666668,38,766,26.170700031798333,33.53600010450464,32,0,0,0,0,5,19.903073729862513,153.8794881812651,0.23775141579089817,0,93.13441819652263,-135.69057533389147,499.99999999999824,1,0
random-s42-0000,voronoi,135,176,completed,True,False,6,804,0,,56.00729973230045,0.06966082056256276,2483.3333333333294,163.37930000736378,15.19980397284969,149,0,1,1,24157.807690392838,22856.613350500134,58.663961378239264,59.40502394453306,-135.69057533389147,20.0,kinematic,False,0,0.0,,,,random,event,32,0,10.451699999975972,5.733199999667704,2483.3333333333294,0.0,0.0,0.06410000787582248,22936.423914934687,16.666666666666668,38,766,23.728199972538278,32.279099759762175,32,0,0,0,0,5,19.903073729862513,153.8794881812651,0.23775141579089817,0,93.13441819652263,-135.69057533389147,499.99999999999824,1,0
random-s42-0000,voronoi,136,177,completed,True,False,6,804,0,,53.75370061665308,0.06685783658787696,2483.3333333333294,157.90109999943525,15.727143973931856,149,0,1,1,24157.807690392838,22856.613350500134,58.663961378239264,59.40502394453306,-135.69057533389147,20.0,kinematic,False,0,0.0,,,,random,event,32,0,10.646100010490045,5.25589998869691,2483.3333333333294,0.0,0.0,0.05959998816251755,22936.423914934687,16.666666666666668,38,766,23.239699949044734,30.514000667608343,32,0,0,0,0,5,19.903073729862513,153.8794881812651,0.23775141579089817,0,93.13441819652263,-135.69057533389147,499.99999999999824,1,0
random-s42-0000,voronoi,137,178,completed,True,False,6,804,0,,52.67209994781297,0.06551256212414548,2483.3333333333294,153.74930000689346,16.151835053700974,149,0,1,1,24157.807690392838,22856.613350500134,58.663961378239264,59.40502394453306,-135.69057533389147,20.0,kinematic,False,0,0.0,,,,random,event,32,0,10.143199993763119,5.815399999846704,2483.3333333333294,0.0,0.0,0.059300000430084765,22936.423914934687,16.666666666666668,38,766,22.783000036724843,29.889099911088124,32,0,0,0,0,5,19.903073729862513,153.8794881812651,0.23775141579089817,0,93.13441819652263,-135.69057533389147,499.99999999999824,1,0
random-s42-0000,voronoi,138,179,completed,True,False,6,804,0,,51.4103999157669,0.06394328347732202,2483.3333333333294,149.99810000881553,16.555765260942515,149,0,1,1,24157.807690392838,22856.613350500134,58.663961378239264,59.40502394453306,-135.69057533389147,20.0,kinematic,False,0,0.0,,,,random,event,32,0,9.666500001912937,4.843799993977882,2483.3333333333294,0.0,0.0,0.05769998824689537,22936.423914934687,16.666666666666668,38,766,21.381699916673824,30.028699999093078,32,0,0,0,0,5,19.903073729862513,153.8794881812651,0.23775141579089817,0,93.13441819652263,-135.69057533389147,499.99999999999824,1,0
random-s42-0000,voronoi,139,180,completed,True,False,6,804,0,,50.694800083874725,0.06305323393516757,2483.3333333333294,149.2010000074515,16.644213733214286,149,0,1,1,24157.807690392838,22856.613350500134,58.663961378239264,59.40502394453306,-135.69057533389147,20.0,kinematic,False,0,0.0,,,,random,event,32,0,10.568700003204867,5.630600004224107,2483.3333333333294,0.0,0.0,0.05679999594576657,22936.423914934687,16.666666666666668,38,766,22.36330002779141,28.331500056083314,32,0,0,0,0,5,19.903073729862513,153.8794881812651,0.23775141579089817,0,93.13441819652263,-135.69057533389147,499.99999999999824,1,0
random-s42-0000,voronoi,140,181,completed,True,False,6,804,0,,58.958899913704954,0.0733319650667972,2483.3333333333294,170.94780001207255,14.526851665584191,149,0,1,1,24157.807690392838,22856.613350500134,58.663961378239264,59.40502394453306,-135.69057533389147,20.0,kinematic,False,0,0.0,,,,random,event,32,0,12.026299998979084,6.355899997288361,2483.3333333333294,0.0,0.0,0.08110000635497272,22936.423914934687,16.666666666666668,38,766,25.62980000220705,33.329099911497906,32,0,0,0,0,5,19.903073729862513,153.8794881812651,0.23775141579089817,0,93.13441819652263,-135.69057533389147,499.99999999999824,1,0
random-s42-0000,voronoi,141,182,completed,True,False,6,804,0,,57.789699800196104,0.07187773606989566,2483.3333333333294,168.9609000022756,14.697680547984081,149,0,1,1,24157.807690392838,22856.613350500134,58.663961378239264,59.40502394453306,-135.69057533389147,20.0,kinematic,False,0,0.0,,,,random,event,32,0,10.998399986419827,6.004399998346344,2483.3333333333294,0.0,0.0,0.07909999112598598,22936.423914934687,16.666666666666668,38,766,24.055799964116886,33.73389983607922,32,0,0,0,0,5,19.903073729862513,153.8794881812651,0.23775141579089817,0,93.13441819652263,-135.69057533389147,499.99999999999824,1,0
random-s42-0000,voronoi,142,183,completed,True,False,6,804,0,,57.326300026034005,0.07130136819158459,2483.3333333333294,165.90010000800248,14.968847717472993,149,0,1,1,24157.807690392838,22856.613350500134,58.663961378239264,59.40502394453306,-135.69057533389147,20.0,kinematic,False,0,0.0,,,,random,event,32,0,11.56460000493098,6.557700005942024,2483.3333333333294,0.0,0.0,0.07470000127796084,22936.423914934687,16.666666666666668,38,766,25.245500000892207,32.0808000251418,32,0,0,0,0,5,19.903073729862513,153.8794881812651,0.23775141579089817,0,93.13441819652263,-135.69057533389147,499.99999999999824,1,0
random-s42-0000,voronoi,143,184,completed,True,False,6,804,0,,54.3720998975914,0.06762698992237735,2483.3333333333294,162.6453000062611,15.268398983787005,149,0,1,1,24157.807690392838,22856.613350500134,58.663961378239264,59.40502394453306,-135.69057533389147,20.0,kinematic,False,0,0.0,,,,random,event,32,0,11.14469999447465,5.5922999890754,2483.3333333333294,0.0,0.0,0.07179999374784529,22936.423914934687,16.666666666666668,38,766,23.19500000157859,31.177099896012805,32,0,0,0,0,5,19.903073729862513,153.8794881812651,0.23775141579089817,0,93.13441819652263,-135.69057533389147,499.99999999999824,1,0
random-s42-0000,voronoi,144,185,completed,True,False,6,804,0,,57.19759997737128,0.07114129350419314,2483.3333333333294,175.6522999930894,14.137778631028628,149,0,1,1,24157.807690392838,22856.613350500134,58.663961378239264,59.40502394453306,-135.69057533389147,20.0,kinematic,False,0,0.0,,,,random,event,32,0,10.021000009146519,6.364200002280995,2483.3333333333294,0.0,0.0,0.07219999679364264,22936.423914934687,16.666666666666668,38,766,23.32960008061491,33.86799989675637,32,0,0,0,0,5,19.903073729862513,153.8794881812651,0.23775141579089817,0,93.13441819652263,-135.69057533389147,499.99999999999824,1,0
random-s42-0000,voronoi,145,186,completed,True,False,6,804,0,,58.11659978644457,0.07228432809259275,2483.3333333333294,178.13800000294577,13.940503055452872,149,0,1,1,24157.807690392838,22856.613350500134,58.663961378239264,59.40502394453306,-135.69057533389147,20.0,kinematic,False,0,0.0,,,,random,event,32,0,12.098899998818524,6.150000001071021,2483.3333333333294,0.0,0.0,0.06640001083724201,22936.423914934687,16.666666666666668,38,766,24.529599977540784,33.586999808903784,32,0,0,0,0,5,19.903073729862513,153.8794881812651,0.23775141579089817,0,93.13441819652263,-135.69057533389147,499.99999999999824,1,0
random-s42-0000,voronoi,146,187,completed,True,False,6,804,0,,58.057299902429804,0.07221057201794752,2483.3333333333294,178.85389999719337,13.884703287836041,149,0,1,1,24157.807690392838,22856.613350500134,58.663961378239264,59.40502394453306,-135.69057533389147,20.0,kinematic,False,0,0.0,,,,random,event,32,0,11.936999988392927,6.944099994143471,2483.3333333333294,0.0,0.0,0.06930000381544232,22936.423914934687,16.666666666666668,38,766,26.11219992104452,31.945099981385283,32,0,0,0,0,5,19.903073729862513,153.8794881812651,0.23775141579089817,0,93.13441819652263,-135.69057533389147,499.99999999999824,1,0
random-s42-0000,voronoi,147,188,completed,True,False,6,804,0,,61.4659999118885,0.07645024864662749,2483.3333333333294,179.4233999971766,13.840632455813495,149,0,1,1,24157.807690392838,22856.613350500134,58.663961378239264,59.40502394453306,-135.69057533389147,20.0,kinematic,False,0,0.0,,,,random,event,32,0,13.113099979818799,6.611499993596226,2483.3333333333294,0.0,0.0,0.07750000804662704,22936.423914934687,16.666666666666668,38,766,27.91439999418799,33.551599917700514,32,0,0,0,0,5,19.903073729862513,153.8794881812651,0.23775141579089817,0,93.13441819652263,-135.69057533389147,499.99999999999824,1,0
random-s42-0000,voronoi,148,189,completed,True,False,6,804,0,,62.53820031997748,0.07778383124375308,2483.3333333333294,181.11060000956059,13.711695136575317,149,0,1,1,24157.807690392838,22856.613350500134,58.663961378239264,59.40502394453306,-135.69057533389147,20.0,kinematic,False,0,0.0,,,,random,event,32,0,11.472199985291809,6.026199989719316,2483.3333333333294,0.0,0.0,0.08290000550914556,22936.423914934687,16.666666666666668,38,766,25.56750002258923,36.97070029738825,32,0,0,0,0,5,19.903073729862513,153.8794881812651,0.23775141579089817,0,93.13441819652263,-135.69057533389147,499.99999999999824,1,0
random-s42-0000,voronoi,149,190,completed,True,False,6,804,0,,58.125800016568974,0.07229577116488678,2483.3333333333294,170.84610000893008,14.535499102429181,149,0,1,1,24157.807690392838,22856.613350500134,58.663961378239264,59.40502394453306,-135.69057533389147,20.0,kinematic,False,0,0.0,,,,random,event,32,0,11.893899994902313,6.532499988679774,2483.3333333333294,0.0,0.0,0.06429999484680593,22936.423914934687,16.666666666666668,38,766,25.642499997047707,32.483300019521266,32,0,0,0,0,5,19.903073729862513,153.8794881812651,0.23775141579089817,0,93.13441819652263,-135.69057533389147,499.99999999999824,1,0
random-s42-0000,voronoi,150,191,completed,True,False,6,804,0,,54.866200021933764,0.06824154231583801,2483.3333333333294,166.04240000015125,14.956019265748191,149,0,1,1,24157.807690392838,22856.613350500134,58.663961378239264,59.40502394453306,-135.69057533389147,20.0,kinematic,False,0,0.0,,,,random,event,32,0,10.067699971841648,5.13150000188034,2483.3333333333294,0.0,0.0,0.06729998858645558,22936.423914934687,16.666666666666668,38,766,22.881099983351305,31.98510003858246,32,0,0,0,0,5,19.903073729862513,153.8794881812651,0.23775141579089817,0,93.13441819652263,-135.69057533389147,499.99999999999824,1,0
random-s42-0000,voronoi,151,192,completed,True,False,6,804,0,,63.5486001992831,0.07904054751154614,2483.3333333333294,189.3075999978464,13.1179801199824,149,0,1,1,24157.807690392838,22856.613350500134,58.663961378239264,59.40502394453306,-135.69057533389147,20.0,kinematic,False,0,0.0,,,,random,event,32,0,10.704200030886568,6.050700001651421,2483.3333333333294,0.0,0.0,0.0909000082174316,22936.423914934687,16.666666666666668,38,766,24.831700065988116,38.716900133294985,32,0,0,0,0,5,19.903073729862513,153.8794881812651,0.23775141579089817,0,93.13441819652263,-135.69057533389147,499.99999999999824,1,0
random-s42-0000,voronoi,152,193,completed,True,False,6,804,0,,64.04830000246875,0.0796620646796875,2483.3333333333294,188.68619999557268,13.161181545823691,149,0,1,1,24157.807690392838,22856.613350500134,58.663961378239264,59.40502394453306,-135.69057533389147,20.0,kinematic,False,0,0.0,,,,random,event,32,0,11.710200022207573,6.011999998008832,2483.3333333333294,0.0,0.0,0.0771000050008297,22936.423914934687,16.666666666666668,38,766,26.302200043573976,37.746099958894774,32,0,0,0,0,5,19.903073729862513,153.8794881812651,0.23775141579089817,0,93.13441819652263,-135.69057533389147,499.99999999999824,1,0
random-s42-0000,voronoi,153,194,completed,True,False,6,804,0,,63.671099705970846,0.07919291008205329,2483.3333333333294,185.08370000927243,13.41735297710667,149,0,1,1,24157.807690392838,22856.613350500134,58.663961378239264,59.40502394453306,-135.69057533389147,20.0,kinematic,False,0,0.0,,,,random,event,32,0,12.70409997960087,6.44800000009127,2483.3333333333294,0.0,0.0,0.07470000127796084,22936.423914934687,16.666666666666668,38,766,27.21709996694699,36.45399973902386,32,0,0,0,0,5,19.903073729862513,153.8794881812651,0.23775141579089817,0,93.13441819652263,-135.69057533389147,499.99999999999824,1,0
random-s42-0000,voronoi,154,195,completed,True,False,6,804,0,,64.50009990658145,0.08022400485893216,2483.3333333333294,190.80189999658614,13.015244257933288,149,0,1,1,24157.807690392838,22856.613350500134,58.663961378239264,59.40502394453306,-135.69057533389147,20.0,kinematic,False,0,0.0,,,,random,event,32,0,12.919599990709685,7.311599998502061,2483.3333333333294,0.0,0.0,0.0850000069476664,22936.423914934687,16.666666666666668,38,766,27.39930004463531,37.10079986194614,32,0,0,0,0,5,19.903073729862513,153.8794881812651,0.23775141579089817,0,93.13441819652263,-135.69057533389147,499.99999999999824,1,0
random-s42-0000,voronoi,155,196,completed,True,False,6,804,0,,63.403999811271206,0.07886069628267563,2483.3333333333294,182.05659999512136,13.64044661605169,149,0,1,1,24157.807690392838,22856.613350500134,58.663961378239264,59.40502394453306,-135.69057533389147,20.0,kinematic,False,0,0.0,,,,random,event,32,0,11.969599989242852,6.560199995874427,2483.3333333333294,0.0,0.0,0.07289998757187277,22936.423914934687,16.666666666666668,38,766,26.656399932107888,36.74759987916332,32,0,0,0,0,5,19.903073729862513,153.8794881812651,0.23775141579089817,0,93.13441819652263,-135.69057533389147,499.99999999999824,1,0
random-s42-0000,voronoi,156,197,completed,True,False,6,804,0,,68.31790006253868,0.08497251251559537,2483.3333333333294,197.35400000354275,12.58314163021145,149,0,1,1,24157.807690392838,22856.613350500134,58.663961378239264,59.40502394453306,-135.69057533389147,20.0,kinematic,False,0,0.0,,,,random,event,32,0,14.65449997340329,8.700299993506633,2483.3333333333294,0.0,0.0,0.09240000508725643,22936.423914934687,16.666666666666668,38,766,30.84969997871667,37.46820008382201,32,0,0,0,0,5,19.903073729862513,153.8794881812651,0.23775141579089817,0,93.13441819652263,-135.69057533389147,499.99999999999824,1,0
random-s42-0000,voronoi,157,198,completed,True,False,6,804,0,,70.11520014202688,0.08720796037565533,2483.3333333333294,201.8876999936765,12.300567758269137,149,0,1,1,24157.807690392838,22856.613350500134,58.663961378239264,59.40502394453306,-135.69057533389147,20.0,kinematic,False,0,0.0,,,,random,event,32,0,12.938900021254085,10.61209999897983,2483.3333333333294,0.0,0.0,0.08520000847056508,22936.423914934687,16.666666666666668,38,766,32.8290000470588,37.28620009496808,32,0,0,0,0,5,19.903073729862513,153.8794881812651,0.23775141579089817,0,93.13441819652263,-135.69057533389147,499.99999999999824,1,0
random-s42-0000,voronoi,158,199,completed,True,False,6,804,0,,71.46000026841648,0.08888059734877672,2483.3333333333294,206.4871999900788,12.026572753432887,149,0,1,1,24157.807690392838,22856.613350500134,58.663961378239264,59.40502394453306,-135.69057533389147,20.0,kinematic,False,0,0.0,,,,random,event,32,0,12.581599978148006,7.514800003264099,2483.3333333333294,0.0,0.0,0.09540001337882131,22936.423914934687,16.666666666666668,38,766,29.119699975126423,42.340300293290056,32,0,0,0,0,5,19.903073729862513,153.8794881812651,0.23775141579089817,0,93.13441819652263,-135.69057533389147,499.99999999999824,1,0
random-s42-0000,voronoi,159,200,completed,True,False,6,804,0,,66.87670016253833,0.08317997532654021,2483.3333333333294,193.4427000087453,12.837565507620917,149,0,1,1,24157.807690392838,22856.613350500134,58.663961378239264,59.40502394453306,-135.69057533389147,20.0,kinematic,False,0,0.0,,,,random,event,32,0,12.693500015302561,6.738199997926131,2483.3333333333294,0.0,0.0,0.08630000229459256,22936.423914934687,16.666666666666668,38,766,28.570800030138344,38.305900132399984,32,0,0,0,0,5,19.903073729862513,153.8794881812651,0.23775141579089817,0,93.13441819652263,-135.69057533389147,499.99999999999824,1,0
random-s42-0000,voronoi,160,201,completed,True,False,6,804,0,,60.41890007327311,0.07514788566327502,2483.3333333333294,180.16910000005737,13.78334760695668,149,0,1,1,24157.807690392838,22856.613350500134,58.663961378239264,59.40502394453306,-135.69057533389147,20.0,kinematic,False,0,0.0,,,,random,event,32,0,11.40030000533443,5.705299990950152,2483.3333333333294,0.0,0.0,0.07919999188743532,22936.423914934687,16.666666666666668,38,766,25.027099982253276,35.39180009101983,32,0,0,0,0,5,19.903073729862513,153.8794881812651,0.23775141579089817,0,93.13441819652263,-135.69057533389147,499.99999999999824,1,0
random-s42-0000,voronoi,161,202,completed,True,False,6,804,0,,62.87180019717198,0.07819875646414426,2483.3333333333294,188.63569998939056,13.16470494966223,149,0,1,1,24157.807690392838,22856.613350500134,58.663961378239264,59.40502394453306,-135.69057533389147,20.0,kinematic,False,0,0.0,,,,random,event,32,0,12.145100001362152,6.108500005211681,2483.3333333333294,0.0,0.0,0.08670000534038991,22936.423914934687,16.666666666666668,38,766,26.494099947740324,36.377700249431655,32,0,0,0,0,5,19.903073729862513,153.8794881812651,0.23775141579089817,0,93.13441819652263,-135.69057533389147,499.99999999999824,1,0
random-s42-0000,voronoi,162,203,completed,True,False,6,804,0,,64.59309985802975,0.0803396764403355,2483.3333333333294,190.25210000108927,13.052856359110418,149,0,1,1,24157.807690392838,22856.613350500134,58.663961378239264,59.40502394453306,-135.69057533389147,20.0,kinematic,False,0,0.0,,,,random,event,32,0,12.95660002506338,6.3852000021142885,2483.3333333333294,0.0,0.0,0.08700000762473792,22936.423914934687,16.666666666666668,38,766,27.31869999843184,37.27439985959791,32,0,0,0,0,5,19.903073729862513,153.8794881812651,0.23775141579089817,0,93.13441819652263,-135.69057533389147,499.99999999999824,1,0
random-s42-0000,voronoi,163,204,completed,True,False,6,804,0,,64.51329993433319,0.080240422803897,2483.3333333333294,187.79260000155773,13.223808250765634,149,0,1,1,24157.807690392838,22856.613350500134,58.663961378239264,59.40502394453306,-135.69057533389147,20.0,kinematic,False,0,0.0,,,,random,event,32,0,12.385799986077473,6.569999997736886,2483.3333333333294,0.0,0.0,0.08060000254772604,22936.423914934687,16.666666666666668,38,766,27.19619995332323,37.31709998100996,32,0,0,0,0,5,19.903073729862513,153.8794881812651,0.23775141579089817,0,93.13441819652263,-135.69057533389147,499.99999999999824,1,0
random-s42-0000,voronoi,164,205,completed,True,False,6,804,0,,66.68920010270085,0.08294676629689161,2483.3333333333294,196.61030000133906,12.630738742153468,149,0,1,1,24157.807690392838,22856.613350500134,58.663961378239264,59.40502394453306,-135.69057533389147,20.0,kinematic,False,0,0.0,,,,random,event,32,0,11.551899995538406,6.5159999940078706,2483.3333333333294,0.0,0.0,0.08769999840296805,22936.423914934687,16.666666666666668,38,766,27.228099992498755,39.461100110202096,32,0,0,0,0,5,19.903073729862513,153.8794881812651,0.23775141579089817,0,93.13441819652263,-135.69057533389147,499.99999999999824,1,0
random-s42-0000,voronoi,165,206,completed,True,False,6,804,0,,62.76199989952147,0.07806218892975307,2483.3333333333294,185.73789999936707,13.37009481286152,149,0,1,1,24157.807690392838,22856.613350500134,58.663961378239264,59.40502394453306,-135.69057533389147,20.0,kinematic,False,0,0.0,,,,random,event,32,0,12.553599968669005,6.55239999468904,2483.3333333333294,0.0,0.0,0.08620000153314322,22936.423914934687,16.666666666666668,38,766,26.116200009710155,36.645799889811315,32,0,0,0,0,5,19.903073729862513,153.8794881812651,0.23775141579089817,0,93.13441819652263,-135.69057533389147,499.99999999999824,1,0
random-s42-0000,voronoi,166,207,completed,True,False,6,804,0,,62.03460002143402,0.07715746271322639,2483.3333333333294,187.97359999734908,13.211075030580629,149,0,1,1,24157.807690392838,22856.613350500134,58.663961378239264,59.40502394453306,-135.69057533389147,20.0,kinematic,False,0,0.0,,,,random,event,32,0,11.363000026904047,5.675400010659359,2483.3333333333294,0.0,0.0,0.08800000068731606,22936.423914934687,16.666666666666668,38,766,25.01539996592328,37.01920005551074,32,0,0,0,0,5,19.903073729862513,153.8794881812651,0.23775141579089817,0,93.13441819652263,-135.69057533389147,499.99999999999824,1,0
random-s42-0000,voronoi,167,208,completed,True,False,6,804,0,,68.0613999866182,0.08465348257042064,2483.3333333333294,203.30680000188295,12.214708673346538,149,0,1,1,24157.807690392838,22856.613350500134,58.663961378239264,59.40502394453306,-135.69057533389147,20.0,kinematic,False,0,0.0,,,,random,event,32,0,13.426400008029304,7.405500000459142,2483.3333333333294,0.0,0.0,0.08879999222699553,22936.423914934687,16.666666666666668,38,766,30.69490000780206,37.36649997881614,32,0,0,0,0,5,19.903073729862513,153.8794881812651,0.23775141579089817,0,93.13441819652263,-135.69057533389147,499.99999999999824,1,0
random-s42-0000,voronoi,168,209,completed,True,False,6,804,0,,64.96759988658596,0.08080547249575368,2483.3333333333294,189.77230000018608,13.085857806070193,149,0,1,1,24157.807690392838,22856.613350500134,58.663961378239264,59.40502394453306,-135.69057533389147,20.0,kinematic,False,0,0.0,,,,random,event,32,0,13.006399996811524,6.763199999113567,2483.3333333333294,0.0,0.0,0.09190000128000975,22936.423914934687,16.666666666666668,38,766,27.791899963631295,37.175699922954664,32,0,0,0,0,5,19.903073729862513,153.8794881812651,0.23775141579089817,0,93.13441819652263,-135.69057533389147,499.99999999999824,1,0
random-s42-0000,voronoi,169,210,completed,True,False,6,804,0,,66.31569974706508,0.08248221361575259,2483.3333333333294,195.59930000104941,12.696023622374957,149,0,1,1,24157.807690392838,22856.613350500134,58.663961378239264,59.40502394453306,-135.69057533389147,20.0,kinematic,False,0,0.0,,,,random,event,32,0,13.092800014419481,7.30650000332389,2483.3333333333294,0.0,0.0,0.07280000136233866,22936.423914934687,16.666666666666668,38,766,29.068600008031353,37.24709973903373,32,0,0,0,0,5,19.903073729862513,153.8794881812651,0.23775141579089817,0,93.13441819652263,-135.69057533389147,499.99999999999824,1,0
random-s42-0000,voronoi,170,211,completed,True,False,6,804,0,,62.744100112468004,0.0780399255130199,2483.3333333333294,183.77510001300834,13.512893385216763,149,0,1,1,24157.807690392838,22856.613350500134,58.663961378239264,59.40502394453306,-135.69057533389147,20.0,kinematic,False,0,0.0,,,,random,event,32,0,11.34839998849202,7.323700003325939,2483.3333333333294,0.0,0.0,0.08109999180305749,22936.423914934687,16.666666666666668,38,766,26.677399990148842,36.06670012231916,32,0,0,0,0,5,19.903073729862513,153.8794881812651,0.23775141579089817,0,93.13441819652263,-135.69057533389147,499.99999999999824,1,0
random-s42-0000,voronoi,171,212,completed,True,False,6,804,0,,65.86550008796621,0.08192226379100274,2483.3333333333294,195.98439999390393,12.671076541860337,149,0,1,1,24157.807690392838,22856.613350500134,58.663961378239264,59.40502394453306,-135.69057533389147,20.0,kinematic,False,0,0.0,,,,random,event,32,0,12.05360000312794,7.635000001755543,2483.3333333333294,0.0,0.0,0.08480000542476773,22936.423914934687,16.666666666666668,38,766,28.564600041136146,37.300900046830066,32,0,0,0,0,5,19.903073729862513,153.8794881812651,0.23775141579089817,0,93.13441819652263,-135.69057533389147,499.99999999999824,1,0
random-s42-0000,voronoi,172,213,completed,True,False,6,804,0,,66.32829987211153,0.08249788541307404,2483.3333333333294,194.71930000872817,12.753401091838434,149,0,1,1,24157.807690392838,22856.613350500134,58.663961378239264,59.40502394453306,-135.69057533389147,20.0,kinematic,False,0,0.0,,,,random,event,32,0,12.027799995848909,7.262799990712665,2483.3333333333294,0.0,0.0,0.09089999366551638,22936.423914934687,16.666666666666668,38,766,28.552400035550818,37.77589983656071,32,0,0,0,0,5,19.903073729862513,153.8794881812651,0.23775141579089817,0,93.13441819652263,-135.69057533389147,499.99999999999824,1,0
random-s42-0000,voronoi,173,214,completed,True,False,6,804,0,,61.864299976150505,0.0769456467365056,2483.3333333333294,182.84039999707602,13.581972766265238,149,0,1,1,24157.807690392838,22856.613350500134,58.663961378239264,59.40502394453306,-135.69057533389147,20.0,kinematic,False,0,0.0,,,,random,event,32,0,11.263199980021454,5.965000003925525,2483.3333333333294,0.0,0.0,0.0788000033935532,22936.423914934687,16.666666666666668,38,766,25.709800043841824,36.15449993230868,32,0,0,0,0,5,19.903073729862513,153.8794881812651,0.23775141579089817,0,93.13441819652263,-135.69057533389147,499.99999999999824,1,0
random-s42-0000,voronoi,174,215,completed,True,False,6,804,0,,64.7771998483222,0.08056865652776393,2483.3333333333294,186.69810000574216,13.301331578933857,149,0,1,1,24157.807690392838,22856.613350500134,58.663961378239264,59.40502394453306,-135.69057533389147,20.0,kinematic,False,0,0.0,,,,random,event,32,0,12.488699983805418,6.9549999898299575,2483.3333333333294,0.0,0.0,0.08359999628737569,22936.423914934687,16.666666666666668,38,766,28.80839997669682,35.96879987162538,32,0,0,0,0,5,19.903073729862513,153.8794881812651,0.23775141579089817,0,93.13441819652263,-135.69057533389147,499.99999999999824,1,0
random-s42-0000,voronoi,175,216,completed,True,False,6,804,0,,60.47640000178944,0.0752194029873003,2483.3333333333294,180.21520000183955,13.779821753703244,149,0,1,1,24157.807690392838,22856.613350500134,58.663961378239264,59.40502394453306,-135.69057533389147,20.0,kinematic,False,0,0.0,,,,random,event,32,0,11.613099981332198,5.936500005191192,2483.3333333333294,0.0,0.0,0.07349999214056879,22936.423914934687,16.666666666666668,38,766,25.18799998506438,35.28840001672506,32,0,0,0,0,5,19.903073729862513,153.8794881812651,0.23775141579089817,0,93.13441819652263,-135.69057533389147,499.99999999999824,1,0
random-s42-0000,voronoi,176,217,completed,True,False,6,804,0,,63.3432999602519,0.07878519895553719,2483.3333333333294,185.19540000124834,13.40926034510895,149,0,1,1,24157.807690392838,22856.613350500134,58.663961378239264,59.40502394453306,-135.69057533389147,20.0,kinematic,False,0,0.0,,,,random,event,32,0,13.0189000046812,6.880299988551997,2483.3333333333294,0.0,0.0,0.07380000897683203,22936.423914934687,16.666666666666668,38,766,28.038300020853058,35.30499993939884,32,0,0,0,0,5,19.903073729862513,153.8794881812651,0.23775141579089817,0,93.13441819652263,-135.69057533389147,499.99999999999824,1,0
random-s42-0000,voronoi,177,218,completed,True,False,6,804,0,,65.88309991639107,0.08194415412486453,2483.3333333333294,195.63990000460763,12.693388890890065,149,0,1,1,24157.807690392838,22856.613350500134,58.663961378239264,59.40502394453306,-135.69057533389147,20.0,kinematic,False,0,0.0,,,,random,event,32,0,13.094599999021739,7.226300003821962,2483.3333333333294,0.0,0.0,0.08450000314041972,22936.423914934687,16.666666666666668,38,766,27.91209999122657,37.970999925164506,32,0,0,0,0,5,19.903073729862513,153.8794881812651,0.23775141579089817,0,93.13441819652263,-135.69057533389147,499.99999999999824,1,0
random-s42-0000,voronoi,178,219,completed,True,False,6,804,0,,64.72750005195849,0.08050684086064488,2483.3333333333294,192.11399999039713,12.926352756475112,149,0,1,1,24157.807690392838,22856.613350500134,58.663961378239264,59.40502394453306,-135.69057533389147,20.0,kinematic,False,0,0.0,,,,random,event,32,0,12.695999976131134,6.858799999463372,2483.3333333333294,0.0,0.0,0.0805999879958108,22936.423914934687,16.666666666666668,38,766,27.83929998986423,36.888200062094256,32,0,0,0,0,5,19.903073729862513,153.8794881812651,0.23775141579089817,0,93.13441819652263,-135.69057533389147,499.99999999999824,1,0
random-s42-0000,voronoi,179,220,completed,True,False,6,804,0,,62.78500011831056,0.07809079616705294,2483.3333333333294,183.02769999718294,13.568073758078977,149,0,1,1,24157.807690392838,22856.613350500134,58.663961378239264,59.40502394453306,-135.69057533389147,20.0,kinematic,False,0,0.0,,,,random,event,32,0,13.84630000393372,7.431200006976724,2483.3333333333294,0.0,0.0,0.07739999273326248,22936.423914934687,16.666666666666668,38,766,27.878299995791167,34.906700122519396,32,0,0,0,0,5,19.903073729862513,153.8794881812651,0.23775141579089817,0,93.13441819652263,-135.69057533389147,499.99999999999824,1,0
random-s42-0000,voronoi,180,221,completed,True,False,6,804,0,,62.425199648714624,0.07764328314516744,2483.3333333333294,184.97399998886976,13.425310224587003,149,0,1,1,24157.807690392838,22856.613350500134,58.663961378239264,59.40502394453306,-135.69057533389147,20.0,kinematic,False,0,0.0,,,,random,event,32,0,11.914699993212707,6.2753999955020845,2483.3333333333294,0.0,0.0,0.08430000161752105,22936.423914934687,16.666666666666668,38,766,25.814199965680018,36.610999683034606,32,0,0,0,0,5,19.903073729862513,153.8794881812651,0.23775141579089817,0,93.13441819652263,-135.69057533389147,499.99999999999824,1,0
random-s42-0000,voronoi,181,222,completed,True,False,6,804,0,,66.67669999296777,0.08293121889672608,2483.3333333333294,195.49019999976736,12.703109073172387,149,0,1,1,24157.807690392838,22856.613350500134,58.663961378239264,59.40502394453306,-135.69057533389147,20.0,kinematic,False,0,0.0,,,,random,event,32,0,14.241100012441166,7.402200004435144,2483.3333333333294,0.0,0.0,0.08489999163430184,22936.423914934687,16.666666666666668,38,766,30.077599978540093,36.59910001442768,32,0,0,0,0,5,19.903073729862513,153.8794881812651,0.23775141579089817,0,93.13441819652263,-135.69057533389147,499.99999999999824,1,0
random-s42-0000,voronoi,182,223,completed,True,False,6,804,0,,66.57229988195468,0.08280136801238144,2483.3333333333294,197.38700000743847,12.581037926711211,149,0,1,1,24157.807690392838,22856.613350500134,58.663961378239264,59.40502394453306,-135.69057533389147,20.0,kinematic,False,0,0.0,,,,random,event,32,0,12.58769998094067,6.823199990321882,2483.3333333333294,0.0,0.0,0.08319999324157834,22936.423914934687,16.666666666666668,38,766,28.23279994481709,38.33949993713759,32,0,0,0,0,5,19.903073729862513,153.8794881812651,0.23775141579089817,0,93.13441819652263,-135.69057533389147,499.99999999999824,1,0
random-s42-0000,voronoi,183,224,completed,True,False,6,804,0,,74.2678000824526,0.09237288567469228,2483.3333333333294,221.02169999561738,11.235699179684941,149,0,1,1,24157.807690392838,22856.613350500134,58.663961378239264,59.40502394453306,-135.69057533389147,20.0,kinematic,False,0,0.0,,,,random,event,32,0,14.976000020396896,7.966899996972643,2483.3333333333294,0.0,0.0,0.09970000246539712,22936.423914934687,16.666666666666668,38,766,31.71210002619773,42.555700056254864,32,0,0,0,0,5,19.903073729862513,153.8794881812651,0.23775141579089817,0,93.13441819652263,-135.69057533389147,499.99999999999824,1,0
random-s42-0000,voronoi,184,225,completed,True,False,6,804,0,,79.44500002486166,0.09881218908564883,2483.3333333333294,239.44250000931788,10.37131391977903,149,0,1,1,24157.807690392838,22856.613350500134,58.663961378239264,59.40502394453306,-135.69057533389147,20.0,kinematic,False,0,0.0,,,,random,event,32,0,13.964099969598465,8.259599999291822,2483.3333333333294,0.0,0.0,0.1142999972216785,22936.423914934687,16.666666666666668,38,766,32.43389994895551,47.01110007590614,32,0,0,0,0,5,19.903073729862513,153.8794881812651,0.23775141579089817,0,93.13441819652263,-135.69057533389147,499.99999999999824,1,0
random-s42-0000,voronoi,185,226,completed,True,False,6,804,0,,82.23760002874769,0.10228557217505932,2483.3333333333294,243.6730999907013,10.191249396950647,149,0,1,1,24157.807690392838,22856.613350500134,58.663961378239264,59.40502394453306,-135.69057533389147,20.0,kinematic,False,0,0.0,,,,random,event,32,0,14.984900000854395,8.023399990634061,2483.3333333333294,0.0,0.0,0.12199999764561653,22936.423914934687,16.666666666666668,38,766,34.40769998996984,47.82990003877785,32,0,0,0,0,5,19.903073729862513,153.8794881812651,0.23775141579089817,0,93.13441819652263,-135.69057533389147,499.99999999999824,1,0
random-s42-0000,voronoi,186,227,completed,True,False,6,804,0,,77.58960005594417,0.09650447768152261,2483.3333333333294,219.35290000692476,11.32117849025444,149,0,1,1,24157.807690392838,22856.613350500134,58.663961378239264,59.40502394453306,-135.69057533389147,20.0,kinematic,False,0,0.0,,,,random,event,32,0,16.222900012508035,8.226999998441897,2483.3333333333294,0.0,0.0,0.08840000373311341,22936.423914934687,16.666666666666668,38,766,37.0493000082206,40.540300047723576,32,0,0,0,0,5,19.903073729862513,153.8794881812651,0.23775141579089817,0,93.13441819652263,-135.69057533389147,499.99999999999824,1,0
random-s42-0000,voronoi,187,228,completed,True,False,6,804,0,,60.846200241940096,0.07567935353475136,2483.3333333333294,180.59120001271367,13.751131467970211,149,0,1,1,24157.807690392838,22856.613350500134,58.663961378239264,59.40502394453306,-135.69057533389147,20.0,kinematic,False,0,0.0,,,,random,event,32,0,12.544500030344352,6.402000013622455,2483.3333333333294,0.0,0.0,0.069500005338341,22936.423914934687,16.666666666666668,38,766,26.235700090182945,34.61050015175715,32,0,0,0,0,5,19.903073729862513,153.8794881812651,0.23775141579089817,0,93.13441819652263,-135.69057533389147,499.99999999999824,1,0
random-s42-0000,voronoi,188,229,completed,True,False,6,804,0,,65.57349987269845,0.08155907944365479,2483.3333333333294,195.69599999522325,12.689750088882477,149,0,1,1,24157.807690392838,22856.613350500134,58.663961378239264,59.40502394453306,-135.69057533389147,20.0,kinematic,False,0,0.0,,,,random,event,32,0,12.220799995702691,6.680100006633438,2483.3333333333294,0.0,0.0,0.08539999544154853,22936.423914934687,16.666666666666668,38,766,27.44879994133953,38.12469993135892,32,0,0,0,0,5,19.903073729862513,153.8794881812651,0.23775141579089817,0,93.13441819652263,-135.69057533389147,499.99999999999824,1,0
random-s42-0000,voronoi,189,230,completed,True,False,6,804,0,,64.18559986923356,0.0798328356582507,2483.3333333333294,190.7601999992039,13.01808937788749,149,0,1,1,24157.807690392838,22856.613350500134,58.663961378239264,59.40502394453306,-135.69057533389147,20.0,kinematic,False,0,0.0,,,,random,event,32,0,11.635099988779984,6.822900002589449,2483.3333333333294,0.0,0.0,0.08850000449456275,22936.423914934687,16.666666666666668,38,766,27.33870001975447,36.84689984947909,32,0,0,0,0,5,19.903073729862513,153.8794881812651,0.23775141579089817,0,93.13441819652263,-135.69057533389147,499.99999999999824,1,0
random-s42-0000,voronoi,190,231,completed,True,False,6,804,0,,65.16890021157451,0.08105584603429665,2483.3333333333294,194.3978000053903,12.774492989449834,149,0,1,1,24157.807690392838,22856.613350500134,58.663961378239264,59.40502394453306,-135.69057533389147,20.0,kinematic,False,0,0.0,,,,random,event,32,0,12.079199994332157,6.85910000174772,2483.3333333333294,0.0,0.0,0.08579999848734587,22936.423914934687,16.666666666666668,38,766,27.39039997686632,37.77850023470819,32,0,0,0,0,5,19.903073729862513,153.8794881812651,0.23775141579089817,0,93.13441819652263,-135.69057533389147,499.99999999999824,1,0
random-s42-0000,voronoi,191,232,completed,True,False,6,804,0,,65.2211000706302,0.08112077123212712,2483.3333333333294,193.48980000359006,12.834440540469073,149,0,1,1,24157.807690392838,22856.613350500134,58.663961378239264,59.40502394453306,-135.69057533389147,20.0,kinematic,False,0,0.0,,,,random,event,32,0,13.617999968118966,6.8678999959956855,2483.3333333333294,0.0,0.0,0.08329999400302768,22936.423914934687,16.666666666666668,38,766,28.420899965567514,36.800200105062686,32,0,0,0,0,5,19.903073729862513,153.8794881812651,0.23775141579089817,0,93.13441819652263,-135.69057533389147,499.99999999999824,1,0
random-s42-0000,voronoi,192,233,completed,True,False,6,804,0,,66.00490008713678,0.08209564687454823,2483.3333333333294,194.87910000316333,12.742943359719021,149,0,1,1,24157.807690392838,22856.613350500134,58.663961378239264,59.40502394453306,-135.69057533389147,20.0,kinematic,False,0,0.0,,,,random,event,32,0,12.01000000583008,6.5596000058576465,2483.3333333333294,0.0,0.0,0.0931999966269359,22936.423914934687,16.666666666666668,38,766,26.72180005174596,39.28310003539082,32,0,0,0,0,5,19.903073729862513,153.8794881812651,0.23775141579089817,0,93.13441819652263,-135.69057533389147,499.99999999999824,1,0
random-s42-0000,voronoi,193,234,completed,True,False,6,804,0,,66.42739982635248,0.08262114406262747,2483.3333333333294,193.8910000026226,12.807883466998156,149,0,1,1,24157.807690392838,22856.613350500134,58.663961378239264,59.40502394453306,-135.69057533389147,20.0,kinematic,False,0,0.0,,,,random,event,32,0,13.386200022068806,7.4145000107819214,2483.3333333333294,0.0,0.0,0.09329999738838524,22936.423914934687,16.666666666666668,38,766,28.71860000595916,37.708799820393324,32,0,0,0,0,5,19.903073729862513,153.8794881812651,0.23775141579089817,0,93.13441819652263,-135.69057533389147,499.99999999999824,1,0
random-s42-0000,voronoi,194,235,completed,True,False,6,804,0,,64.18449981720187,0.07983146743433069,2483.3333333333294,191.3390999980038,12.97870290682478,149,0,1,1,24157.807690392838,22856.613350500134,58.663961378239264,59.40502394453306,-135.69057533389147,20.0,kinematic,False,0,0.0,,,,random,event,32,0,11.456699998234399,6.9998999970266595,2483.3333333333294,0.0,0.0,0.08260000322479755,22936.423914934687,16.666666666666668,38,766,26.800799983902834,37.38369983329903,32,0,0,0,0,5,19.903073729862513,153.8794881812651,0.23775141579089817,0,93.13441819652263,-135.69057533389147,499.99999999999824,1,0
random-s42-0000,voronoi,195,236,completed,True,False,6,804,0,,60.13119993440341,0.07479004966965598,2483.3333333333294,178.35159999958705,13.923807430598208,149,0,1,1,24157.807690392838,22856.613350500134,58.663961378239264,59.40502394453306,-135.69057533389147,20.0,kinematic,False,0,0.0,,,,random,event,32,0,11.643999969237484,5.898399991565384,2483.3333333333294,0.0,0.0,0.06899998697917908,22936.423914934687,16.666666666666668,38,766,25.731999965501018,34.399199968902394,32,0,0,0,0,5,19.903073729862513,153.8794881812651,0.23775141579089817,0,93.13441819652263,-135.69057533389147,499.99999999999824,1,0
random-s42-0000,voronoi,196,237,completed,True,False,6,804,0,,63.54969988751691,0.07904191528298123,2483.3333333333294,189.2842999950517,13.119594881341184,149,0,1,1,24157.807690392838,22856.613350500134,58.663961378239264,59.40502394453306,-135.69057533389147,20.0,kinematic,False,0,0.0,,,,random,event,32,0,11.837500016554259,6.26870000269264,2483.3333333333294,0.0,0.0,0.08660000457894057,22936.423914934687,16.666666666666668,38,766,26.42450001440011,37.1251998731168,32,0,0,0,0,5,19.903073729862513,153.8794881812651,0.23775141579089817,0,93.13441819652263,-135.69057533389147,499.99999999999824,1,0
random-s42-0000,voronoi,197,238,completed,True,False,6,804,0,,63.28409981506411,0.07871156693415934,2483.3333333333294,188.64279999979772,13.164209465381091,149,0,1,1,24157.807690392838,22856.613350500134,58.663961378239264,59.40502394453306,-135.69057533389147,20.0,kinematic,False,0,0.0,,,,random,event,32,0,12.294600004679523,6.455800001276657,2483.3333333333294,0.0,0.0,0.0779999973019585,22936.423914934687,16.666666666666668,38,766,27.468100015539676,35.815999799524434,32,0,0,0,0,5,19.903073729862513,153.8794881812651,0.23775141579089817,0,93.13441819652263,-135.69057533389147,499.99999999999824,1,0
random-s42-0000,voronoi,198,239,completed,True,False,6,804,0,,66.35509991610888,0.08253121880113046,2483.3333333333294,195.5415999982506,12.699769938241,149,0,1,1,24157.807690392838,22856.613350500134,58.663961378239264,59.40502394453306,-135.69057533389147,20.0,kinematic,False,0,0.0,,,,random,event,32,0,12.520599993877113,6.478399998741224,2483.3333333333294,0.0,0.0,0.08749999688006938,22936.423914934687,16.666666666666668,38,766,27.496799986693077,38.85829992941581,32,0,0,0,0,5,19.903073729862513,153.8794881812651,0.23775141579089817,0,93.13441819652263,-135.69057533389147,499.99999999999824,1,0
random-s42-0000,voronoi,199,240,completed,True,False,6,804,0,,65.02999999793246,0.08088308457454287,2483.3333333333294,192.6651999965543,12.889371476414746,149,0,1,1,24157.807690392838,22856.613350500134,58.663961378239264,59.40502394453306,-135.69057533389147,20.0,kinematic,False,0,0.0,,,,random,event,32,0,13.453699997626245,7.03100000100676,2483.3333333333294,0.0,0.0,0.07569999434053898,22936.423914934687,16.666666666666668,38,766,28.612900016014464,36.417099981918,32,0,0,0,0,5,19.903073729862513,153.8794881812651,0.23775141579089817,0,93.13441819652263,-135.69057533389147,499.99999999999824,1,0
random-s42-0000,voronoi,200,241,completed,True,False,6,804,0,,63.24629971641116,0.07866455188608353,2483.3333333333294,184.06610000238288,13.491530125868808,149,0,1,1,24157.807690392838,22856.613350500134,58.663961378239264,59.40502394453306,-135.69057533389147,20.0,kinematic,False,0,0.0,,,,random,event,32,0,12.735199998132885,6.65169999410864,2483.3333333333294,0.0,0.0,0.07639999967068434,22936.423914934687,16.666666666666668,38,766,28.022699960274622,35.22359975613654,32,0,0,0,0,5,19.903073729862513,153.8794881812651,0.23775141579089817,0,93.13441819652263,-135.69057533389147,499.99999999999824,1,0
random-s42-0000,prm,1,42,completed,True,False,6,801,0,,79.73839988699183,0.09954856415354785,2633.333333333329,194.20139999419916,13.559806126073175,158,0,2,2,25200.391582598684,23749.216646545567,59.12729327406469,59.7900981637217,-133.3139125681722,20.0,kinematic,False,0,0.0,,,,random,event,2,27,38.96989997883793,28.3177999954205,2633.333333333329,0.0,0.0,0.04430000262800604,22936.423914934687,16.666666666666668,8,793,58.86209996242542,20.87629992456641,2,0,0,0,0,4,469.8311153314619,580.9883526400538,0.3525690677370597,2,380.8670705511206,-133.3139125681722,416.6666666666653,1,1
random-s42-0000,prm,2,43,completed,True,False,6,881,0,,121.26869986241218,0.13764892152373687,3099.999999999994,269.35129999765195,11.509133239850776,186,0,1,1,24319.066971428205,25904.83008372405,59.42835805267992,59.969280018182815,-133.3139125681722,20.0,kinematic,False,0,0.0,,,,random,event,6,35,21.998399999574758,13.116899994201958,3099.999999999994,0.0,0.0,0.08709999383427203,22936.423914934687,16.666666666666668,12,869,92.91989999474026,28.348799867671914,6,0,0,0,0,4,404.99467599930244,616.8568954415921,0.5270280583788481,3,1.9566091275915767,-133.3139125681722,383.33333333333195,1,0
random-s42-0000,prm,3,44,completed,True,False,6,781,0,,76.18009988800623,0.0975417412138364,2549.999999999996,192.82470000325702,13.22444686783863,153,0,1,1,24604.663276747615,23127.066271178704,58.99945440158985,59.66323399881226,-133.3139125681722,20.0,kinematic,False,0,0.0,,,,random,event,3,23,23.07670000300277,11.641599994618446,2549.999999999996,0.0,0.0,0.07800001185387373,22936.423914934687,16.666666666666668,9,772,54.13600000611041,22.044099881895818,3,0,0,0,0,4,241.33604007486883,354.2130652952378,0.1618044159219169,0,372.1546253950629,-133.3139125681722,383.33333333333195,1,0
random-s42-0000,prm,4,45,completed,True,False,6,772,0,,63.68350006232504,0.08249158039161274,2466.666666666663,165.16930000216234,14.934171584152564,148,0,1,1,25589.10271035696,22913.653790513094,59.09992876498131,59.66323399881226,-133.3139125681722,20.0,kinematic,False,0,0.0,,,,random,event,2,23,22.917299982509576,12.231499989866279,2466.666666666663,0.0,0.0,0.03840000135824084,22936.423914934687,16.666666666666668,8,764,45.66459998022765,18.01890008209739,2,0,0,0,0,4,159.35992604577103,283.0083015206314,0.11905755745883008,0,320.5570659789192,-133.3139125681722,383.33333333333195,1,0
random-s42-0000,prm,5,46,completed,True,False,6,785,0,,65.43690017133486,0.08335910849851574,2516.6666666666624,175.60499999672174,14.331406661049767,151,0,1,1,24639.523843594903,22934.906777587887,59.20056913172527,59.66323399881226,-133.3139125681722,20.0,kinematic,False,0,0.0,,,,random,event,2,23,21.176700000069104,12.599800000316463,2516.6666666666624,0.0,0.0,0.0560000044060871,22936.423914934687,16.666666666666668,8,777,44.21419999562204,21.222700175712816,2,0,0,0,0,4,284.230382677162,291.1665941203077,0.22599822285351545,1,175.40083965394143,-133.3139125681722,383.33333333333195,1,0
random-s42-0000,prm,6,47,completed,True,False,6,782,0,,71.78450001811143,0.091796035828787,2583.333333333329,184.58090000785887,13.99566982945331,155,0,2,2,27716.421199092485,23264.392785794793,59.302295257774716,59.719180987668366,-133.3139125681722,20.0,kinematic,False,0,0.0,,,,random,event,3,24,20.639099995605648,10.806999998749234,2583.333333333329,0.0,0.0,0.05399998917710036,22936.423914934687,16.666666666666668,9,773,50.844900019001216,20.939599999110214,2,0,0,0,1,4,129.6407472035303,327.1876779813397,0.23121841245932787,1,343.85998259796884,-133.3139125681722,399.99999999999864,2,0
random-s42-0000,prm,7,48,completed,True,False,6,790,0,,61.93449978309218,0.07839810099125592,2583.333333333329,175.67549999512266,14.705142910679355,155,0,1,1,23221.213412924128,22798.888554786157,59.240571374376835,59.783257152652524,-133.3139125681722,20.0,kinematic,False,0,0.0,,,,random,event,2,23,18.911799998022616,11.412700012442656,2583.333333333329,0.0,0.0,0.06880000000819564,22936.423914934687,16.666666666666668,8,782,41.032300010556355,20.902199772535823,2,0,0,0,0,4,357.32084067531395,538.9652625952584,0.16744988502256253,0,187.23410632901522,-133.3139125681722,383.33333333333195,1,0
random-s42-0000,prm,8,49,completed,True,False,6,805,0,,86.48689993424341,0.10743714277545766,2899.9999999999945,199.7692000004463,14.516752332158891,174,0,1,1,24693.421793436253,23797.625552940757,59.13751999748418,59.69018056429019,-133.3139125681722,20.0,kinematic,False,0,0.0,,,,random,event,4,37,21.01490000495687,11.288599998806603,2899.9999999999945,0.0,0.0,0.08589999924879521,22936.423914934687,16.666666666666668,10,795,63.44310000713449,23.04379992710892,4,0,0,0,0,4,454.34612938635695,750.0,0.3737205111670015,2,33.16312042680951,-133.3139125681722,383.33333333333195,1,0
random-s42-0000,prm,9,50,completed,True,False,6,776,0,,57.14300030376762,0.07363788698939126,2499.999999999996,164.51990000496153,15.195730120943436,150,0,1,1,26170.021590172393,23214.036543960952,59.34663787881382,59.73311075745803,-133.3139125681722,20.0,kinematic,False,0,0.0,,,,random,event,2,23,18.436700018355623,10.212200009846129,2499.999999999996,0.0,0.0,0.047599998652003706,22936.423914934687,16.666666666666668,8,768,37.368300021626055,19.774700282141566,2,0,0,0,0,4,337.41908976728905,563.7947225617513,0.18241287590878155,0,366.9233883816654,-133.3139125681722,383.33333333333195,1,0
random-s42-0000,prm,10,51,completed,True,False,6,807,0,,104.10090007644612,0.1289973978642455,2949.9999999999945,229.316299999482,12.864327568544661,177,0,2,2,24500.595843556603,23164.66398939543,59.09349214386476,59.66323399881226,-133.3139125681722,20.0,kinematic,False,0,0.0,,,,random,event,5,33,21.424299993668683,13.5805000027176,2949.9999999999945,0.0,0.0,0.08789999992586672,22936.423914934687,16.666666666666668,11,796,80.13000000210013,23.97090007434599,4,0,0,0,1,5,207.26657980795662,619.2776570258698,0.24409764914676674,1,10.946058648502003,-133.3139125681722,549.9999999999992,2,0
random-s42-0000,prm,11,52,completed,True,False,6,783,0,,62.54950012953486,0.07988441906709433,2549.999999999996,186.6706000000704,13.660426441009104,153,0,1,1,23877.898534444084,22675.746142269734,58.980403199508665,59.66323399881226,-133.3139125681722,20.0,kinematic,False,0,0.0,,,,random,event,2,23,21.05489998939447,11.237899991101585,2549.999999999996,0.0,0.0,0.060999998822808266,22936.423914934687,16.666666666666668,8,775,41.26769998401869,21.281800145516172,2,0,0,0,0,4,210.67022937526983,246.45978022237017,0.12952412192662094,0,190.183058373567,-133.3139125681722,383.33333333333195,1,0
random-s42-0000,prm,12,53,completed,True,False,6,784,0,,74.69829999899957,0.09527844387627496,2533.3333333333294,181.79240000608843,13.935309359733878,152,0,1,1,23964.18613833736,23627.43006311778,59.3625877064336,59.89829566336882,-133.3139125681722,20.0,kinematic,False,0,0.0,,,,random,event,3,27,23.737099982099608,12.508599989814684,2533.3333333333294,0.0,0.0,0.04169999738223851,22936.423914934687,16.666666666666668,9,775,55.24189995776396,19.45640004123561,3,0,0,0,0,4,634.9260436265639,750.0,0.4134837473467287,2,231.7263584433524,-133.3139125681722,383.33333333333195,1,0
random-s42-0000,prm,13,54,completed,True,False,6,781,0,,71.30729970231187,0.09130256043829944,2666.666666666662,193.71740000497084,13.765757059501286,160,0,1,1,24127.391409768577,23475.763409349245,58.968882897266724,59.66323399881226,-133.3139125681722,20.0,kinematic,False,0,0.0,,,,random,event,2,23,22.202100037247874,12.396000005537644,2666.666666666662,0.0,0.0,0.07439999899361283,22936.423914934687,16.666666666666668,8,773,46.589800040237606,24.71749966207426,2,0,0,0,0,4,517.376191998903,747.9040180937554,0.23719738433273874,2,261.48801885441964,-133.3139125681722,383.33333333333195,1,0
random-s42-0000,prm,14,55,completed,True,False,6,785,0,,69.54790017334744,0.08859605117623878,2649.9999999999955,187.95350000436883,14.099231990563615,159,0,1,1,25019.807986983244,23694.177416223814,59.16439096999105,59.937621039190525,-133.3139125681722,20.0,kinematic,False,0,0.0,,,,random,event,2,23,24.890700005926192,12.674500001594424,2649.9999999999955,0.0,0.0,0.055900003644637764,22936.423914934687,16.666666666666668,8,777,48.18310000700876,21.364800166338682,2,0,0,0,0,4,600.7180085393759,750.0,0.30129768065500223,2,265.88736897084,-133.3139125681722,383.33333333333195,1,0
random-s42-0000,prm,15,56,completed,True,False,6,783,0,,87.21179972053505,0.11138160883848666,2516.6666666666624,203.87750001100358,12.344013765770299,151,0,1,1,23937.909210901587,22831.466240371472,59.135415102803876,59.66323399881226,-133.3139125681722,20.0,kinematic,False,0,0.0,,,,random,event,4,23,22.098500019637868,11.769999997341074,2516.6666666666624,0.0,0.0,0.08349999552592635,22936.423914934687,16.666666666666668,10,773,64.96450000850018,22.247299712034874,4,0,0,0,0,4,147.51914348947298,172.9277728569037,0.12021377424644016,0,84.72333143246686,-133.3139125681722,383.33333333333195,1,0
random-s42-0000,prm,16,57,completed,True,False,6,796,0,,74.19570026104338,0.09321067871990375,2583.333333333329,191.6278999997303,13.480987545847785,155,0,1,1,23668.58634488297,23116.69990676496,59.27572530757002,59.81628736669051,-133.3139125681722,20.0,kinematic,False,0,0.0,,,,random,event,3,23,20.944400006555952,11.421699993661605,2583.333333333329,0.0,0.0,0.04739999712910503,22936.423914934687,16.666666666666668,9,787,53.74060000758618,20.455100253457204,3,0,0,0,0,4,305.59924711603236,488.85054116515835,0.34963651778398963,2,176.1703005299242,-133.3139125681722,383.33333333333195,1,0
random-s42-0000,prm,17,58,completed,True,False,6,816,0,,117.63169981713872,0.14415649487394452,2683.3333333333285,239.45730000559706,11.205894885103142,161,0,1,1,24159.774106575987,24338.415294254693,59.0327415517753,59.91303676848394,-133.3139125681722,20.0,kinematic,False,0,0.0,,,,random,event,7,25,17.838200001278892,12.338399988948368,2683.3333333333285,0.0,0.0,0.07829999958630651,22936.423914934687,16.666666666666668,13,803,94.17459998803679,23.457099829101935,7,0,0,0,0,5,510.1798333960381,750.0,0.5618405168376585,4,58.712207872511016,-133.3139125681722,383.33333333333195,1,0
random-s42-0000,prm,18,59,completed,True,False,6,766,0,,77.93809997383505,0.10174686680657317,2466.666666666663,193.16989999788348,12.769415248926927,148,0,1,1,24128.056729700056,22775.25346227877,59.32594267638897,59.82790011661531,-133.3139125681722,20.0,kinematic,False,0,0.0,,,,random,event,3,23,22.315799971693195,11.807300004875287,2466.666666666663,0.0,0.0,0.06830001075286418,22936.423914934687,16.666666666666668,9,757,56.69299997680355,21.245099997031502,3,0,0,0,0,4,137.738025971602,201.4402585857167,0.09879907044408019,0,377.00678902963114,-133.3139125681722,383.33333333333195,1,0
random-s42-0000,prm,19,60,completed,True,False,6,783,0,,87.57470015552826,0.11184508321267977,2516.6666666666624,199.57380001142155,12.61020568091921,151,0,1,1,23908.800944958428,23189.95681147535,59.38241869861022,59.85130449213226,-133.3139125681722,20.0,kinematic,False,0,0.0,,,,random,event,4,24,23.426300002029166,12.05130000016652,2516.6666666666624,0.0,0.0,0.0509000092279166,22936.423914934687,16.666666666666668,10,773,67.27300000784453,20.301700147683732,4,0,0,0,0,4,517.7881445741556,745.4525976552003,0.3234929105932095,1,135.62289477781025,-133.3139125681722,383.33333333333195,1,0
random-s42-0000,prm,20,61,completed,True,False,6,768,0,,86.46229964506347,0.11258111932950972,2449.9999999999964,194.59129999449942,12.59049094214002,147,0,1,1,23995.144249819925,22782.378163384135,59.09146697559344,59.66323399881226,-133.3139125681722,20.0,kinematic,False,0,0.0,,,,random,event,3,23,20.91419999487698,22.488100003101863,2449.9999999999964,0.0,0.0,0.07619999814778566,22936.423914934687,16.666666666666668,9,759,65.52920000103768,20.933099644025788,3,0,0,0,0,4,260.44135648338124,381.6527659036177,0.12553164866006283,0,169.6365078337812,-133.3139125681722,383.33333333333195,1,0
random-s42-0000,prm,21,62,completed,True,False,6,771,0,,82.42400032759178,0.10690531819402306,2466.666666666663,223.26060000341386,11.048374261418921,148,0,1,1,24920.351434429776,22963.448707399577,59.24104920701543,59.706502282705706,-133.3139125681722,20.0,kinematic,False,0,0.0,,,,random,event,4,23,22.31800001754891,12.621999994735233,2466.666666666663,0.0,0.0,0.06740000389982015,22936.423914934687,16.666666666666668,10,761,61.77460002072621,20.649400306865573,4,0,0,0,0,5,396.1999431018817,748.7772531277394,0.3674462244799476,1,305.26135812404965,-133.3139125681722,383.33333333333195,1,0
random-s42-0000,prm,22,63,completed,True,False,6,777,0,,66.69080005667638,0.085831145504088,2483.3333333333294,183.1984000018565,13.555431342785546,149,0,1,1,23476.95165727023,22672.83718439738,59.349024885707394,59.85435824519235,-133.3139125681722,20.0,kinematic,False,0,0.0,,,,random,event,2,23,24.37240001745522,12.315300002228469,2483.3333333333294,0.0,0.0,0.06299999949987978,22936.423914934687,16.666666666666668,8,769,44.87370002607349,21.817100030602887,2,0,0,0,0,4,163.45945010518508,308.5428990895373,0.10124939019335812,0,268.4006801700962,-133.3139125681722,383.33333333333195,1,0
random-s42-0000,prm,23,64,completed,True,False,6,836,0,,112.89669999678154,0.13504389951768125,3516.6666666666592,251.33179999829736,13.992127803526982,211,0,2,2,24235.087356259384,23305.756335812403,59.36293353800587,59.66323399881226,-133.3139125681722,20.0,kinematic,False,0,0.0,,,,random,event,6,24,21.89160000125412,13.773099999525584,3516.6666666666592,0.0,0.0,0.06940000457689166,22936.423914934687,16.666666666666668,12,824,88.54120002069976,24.355499976081774,6,0,0,0,0,6,506.18383578910584,740.1010000001786,0.5484733611840894,4,64.530464557166,-133.3139125681722,383.33333333333195,2,0
random-s42-0000,prm,24,65,completed,True,False,6,802,0,,98.33350000553764,0.12261034913408683,2716.666666666662,216.19589999318123,12.565764044333612,163,0,2,2,25744.46457503207,23884.23414144674,58.89104271700206,59.66323399881226,-133.3139125681722,20.0,kinematic,False,0,0.0,,,,random,event,6,27,20.517100012511946,10.827000005519949,2716.666666666662,0.0,0.0,0.0751999905332923,22936.423914934687,16.666666666666668,12,790,76.22930002980866,22.10419997572899,6,0,0,0,0,5,577.7639322920326,750.0,0.5957450641982347,5,65.6206934532189,-133.3139125681722,449.99999999999864,1,1
random-s42-0000,prm,25,66,completed,True,False,6,774,0,,57.46809972333722,0.07424819085702483,2533.3333333333294,161.0387999971863,15.731198527172287,152,0,1,1,24175.512911333004,22884.573383492898,58.942233020052335,59.66323399881226,-133.3139125681722,20.0,kinematic,False,0,0.0,,,,random,event,2,23,19.11799998197239,10.162599995965138,2533.3333333333294,0.0,0.0,0.046899993321858346,22936.423914934687,16.666666666666668,8,766,38.19529997417703,19.272799749160185,2,0,0,0,0,4,396.12917093466115,532.1246177853478,0.17726657061585813,0,335.4886068091138,-133.3139125681722,383.33333333333195,1,0
random-s42-0000,prm,26,67,completed,True,False,6,800,0,,98.08999999950174,0.12261249999937718,2699.9999999999955,203.4292999887839,13.272424376178163,162,0,1,1,24924.135741652044,24092.994316915814,59.06124058014708,59.66323399881226,-133.3139125681722,20.0,kinematic,False,0,0.0,,,,random,event,6,23,18.65909999469295,10.862600000109524,2699.9999999999955,0.0,0.0,0.0425000034738332,22936.423914934687,16.666666666666668,12,788,79.23719999962486,18.85279999987688,6,0,0,0,0,5,405.3251321161367,750.0,0.41660789459700986,2,30.05373228310401,-133.3139125681722,383.33333333333195,1,0
random-s42-0000,prm,27,68,completed,True,False,6,848,0,,84.22780015098397,0.09932523602710373,3433.333333333326,198.48839999758638,17.297400419244024,206,0,1,1,23748.77325146642,22987.32581444015,58.77515685214604,59.66323399881226,-133.3139125681722,20.0,kinematic,False,0,0.0,,,,random,event,5,23,18.691400007810444,9.711699996842071,3433.333333333326,0.0,0.0,0.03609999839682132,22936.423914934687,16.666666666666668,11,837,64.67269999848213,19.555100152501836,5,0,0,0,0,5,353.0435558105435,744.1854079312908,0.2824775723777646,1,5.799691014591616,-133.3139125681722,383.33333333333195,1,0
random-s42-0000,prm,28,69,completed,True,False,6,778,0,,49.724100026651286,0.0639127249699888,2533.3333333333294,148.90840000589378,17.01269594752922,152,0,2,2,26080.665547281802,22972.99717139208,59.11413696496513,59.87460054239814,-133.3139125681722,20.0,kinematic,False,0,0.0,,,,random,event,2,24,16.704699999536388,8.757499992498197,2533.3333333333294,0.0,0.0,0.04130000888835639,22936.423914934687,16.666666666666668,8,770,32.09629999764729,17.627800029003993,2,0,0,0,0,4,199.67769380837365,222.58365567084468,0.14412742554133634,0,296.42480926520506,-133.3139125681722,399.99999999999864,2,0
random-s42-0000,prm,29,70,completed,True,False,6,821,0,,65.63569993886631,0.07994604133844861,2983.3333333333276,152.766100000008,19.52876543508783,179,0,1,1,24205.78196424928,23097.00002840199,59.27753200361062,59.80858847764998,-133.3139125681722,20.0,kinematic,False,0,0.0,,,,random,event,4,23,16.738199978135526,9.594200004357845,2983.3333333333276,0.0,0.0,0.03530000685714185,22936.423914934687,16.666666666666668,10,811,49.8807999829296,15.754899955936708,4,0,0,0,0,5,437.36632477739096,528.539601524233,0.2866911274729241,0,19.87223914249222,-133.3139125681722,383.33333333333195,1,0
random-s42-0000,prm,30,71,completed,True,False,6,827,0,,56.8329998786794,0.06872188618945514,2583.333333333329,147.48699999472592,17.515668048205658,155,0,1,1,24359.354190980222,23682.019349154332,59.30871551973962,59.9966924750789,-133.3139125681722,20.0,kinematic,False,0,0.0,,,,random,event,3,23,16.710700001567602,9.949199986294843,2583.333333333329,0.0,0.0,0.04410000110510737,22936.423914934687,16.666666666666668,9,818,39.725700014969334,17.107299863710068,3,0,0,0,0,4,339.1298027672528,667.5631672346503,0.2973193502626464,1,138.8749728155878,-133.3139125681722,383.33333333333195,1,0
random-s42-0000,prm,31,72,completed,True,False,6,774,0,,50.52079960296396,0.06527235090822217,2499.999999999996,126.86160000157543,19.706514815901343,150,0,1,1,25067.278570761762,23154.560546788984,59.26991920256902,59.66323399881226,-133.3139125681722,20.0,kinematic,False,0,0.0,,,,random,event,3,23,17.92169999680482,10.869899997487664,2499.999999999996,0.0,0.0,0.03779999678954482,22936.423914934687,16.666666666666668,9,765,36.93389998807106,13.5868996148929,3,0,0,0,0,4,408.87857129650365,602.3058064437968,0.2264498735013164,0,337.702306929368,-133.3139125681722,383.33333333333195,1,0
random-s42-0000,prm,32,73,completed,True,False,6,777,0,,48.965399866574444,0.06301853264681395,2549.999999999996,129.37789999705274,19.70970312594412,153,0,1,1,24579.20759089994,22940.551253051053,58.93974568966504,59.40643842441109,-132.79739386869448,20.0,kinematic,False,0,0.0,,,,random,event,3,24,13.427499987301417,7.871100009651855,2549.999999999996,0.0,0.0,0.034199998481199145,22936.423914934687,16.666666666666668,9,768,34.43620000325609,14.529199863318354,3,0,0,0,0,5,455.82969198638995,734.4127759470625,0.25078458876883625,0,295.8726986668652,-132.79739386869448,399.9999999999986,1,0
random-s42-0000,prm,33,74,completed,True,False,6,791,0,,64.4740999705391,0.08150960805377888,2699.9999999999955,142.69870000134688,18.920985264578523,162,0,1,1,23844.097532024134,23354.4564625364,59.07782997452321,59.66323399881226,-133.3139125681722,20.0,kinematic,False,0,0.0,,,,random,event,5,23,14.966899994760752,7.906400001957081,2699.9999999999955,0.0,0.0,0.0315000070258975,22936.423914934687,16.666666666666668,11,780,50.77419998997357,13.699899980565533,5,0,0,0,0,4,361.86459292755916,694.5231171753903,0.3469146289126415,1,77.78171477032669,-133.3139125681722,383.33333333333195,1,0
random-s42-0000,prm,34,75,completed,True,False,6,769,0,,57.04309986322187,0.07417828330718058,2399.9999999999964,130.35799999488518,18.41083784726802,144,0,1,1,23098.699041167663,22745.279031618804,59.04507298743736,59.66323399881226,-133.3139125681722,20.0,kinematic,False,0,0.0,,,,random,event,4,23,13.381700002355501,8.243799995398149,2399.9999999999964,0.0,0.0,0.05299999611452222,22936.423914934687,16.666666666666668,10,759,43.34319998451974,13.699899878702126,4,0,0,0,0,4,252.43777132025352,469.08763039905256,0.14485890688441141,0,100.28995846389842,-133.3139125681722,383.33333333333195,1,0
random-s42-0000,prm,35,76,completed,True,False,6,811,0,,82.94669986935332,0.10227706519032469,2683.3333333333285,164.1073999926448,16.35108065482479,161,0,1,1,24045.00620238513,23650.21576789177,59.38631795438102,59.877546227486995,-133.3139125681722,20.0,kinematic,False,0,0.0,,,,random,event,8,23,12.21960001566913,9.94219999120105,2683.3333333333285,0.0,0.0,0.041399995097890496,22936.423914934687,16.666666666666668,14,797,67.77940002211835,15.167299847234972,8,0,0,0,0,4,527.5937645759701,747.381755180246,0.5269197874630859,2,24.155376584711632,-133.3139125681722,383.33333333333195,1,0
random-s42-0000,prm,36,77,completed,True,False,6,780,0,,58.240200218278915,0.07466692335676783,2483.3333333333294,139.01160001114476,17.86421660591085,149,0,1,1,26518.08708301549,23748.49745789715,59.18316808964607,59.78947461365851,-133.3139125681722,20.0,kinematic,False,0,0.0,,,,random,event,4,23,14.195900002960116,8.339199994225055,2483.3333333333294,0.0,0.0,0.03720000677276403,22936.423914934687,16.666666666666668,10,770,43.506699992576614,14.7335002257023,4,0,0,0,0,5,485.93778517390894,733.6845583934031,0.4065432235761141,0,196.54784126677055,-133.3139125681722,383.33333333333195,1,0
random-s42-0000,prm,37,78,completed,True,False,6,800,0,,53.29979992529843,0.06662474990662304,2616.6666666666624,135.8784000040032,19.257414471980617,157,0,1,1,24635.401803950765,23145.10404818682,58.85736164235296,59.66323399881226,-133.3139125681722,20.0,kinematic,False,0,0.0,,,,random,event,3,23,12.950400006957352,9.737400003359653,2616.6666666666624,0.0,0.0,0.05190000229049474,22936.423914934687,16.666666666666668,9,791,36.64340001705568,16.656399908242747,3,0,0,0,0,5,413.3621217068117,659.1359989859978,0.3916142245775726,2,125.54318927483655,-133.3139125681722,383.33333333333195,1,0
random-s42-0000,prm,38,79,completed,True,False,6,791,0,,48.89569972874597,0.06181504390486216,2549.999999999996,124.96760000067297,20.40528905081208,153,0,1,1,24751.08656065514,23576.87078783968,58.87900017120078,59.53143194023104,-144.99662219306245,20.0,kinematic,False,0,0.0,,,,random,event,3,24,13.484700000844896,7.23469999502413,2549.999999999996,0.0,0.0,0.02819999644998461,22936.423914934687,16.666666666666668,9,782,34.635200019693,14.260499709052965,3,0,0,0,0,5,557.0004003907105,749.9999999999999,0.4346317903099167,4,226.751173823765,-144.99662219306245,399.9999999999986,1,0
random-s42-0000,prm,39,80,completed,True,False,6,777,0,,46.17599963967223,0.05942857096482912,2483.3333333333294,116.93489999743178,21.23688764763873,149,0,1,1,25592.526494628022,23010.566946478706,58.9369311846582,59.565066093313014,-122.74961345813216,20.0,kinematic,False,0,0.0,,,,random,event,3,19,13.14120001916308,6.934999997611158,2483.3333333333294,0.0,0.0,0.023899992811493576,22936.423914934687,16.666666666666668,9,768,33.080400025937706,13.095599613734521,3,0,0,0,0,5,306.47786053398534,690.3092054833984,0.19343339187755773,0,168.76729667266517,-122.74961345813216,383.33333333333195,1,0
random-s42-0000,prm,40,81,completed,True,False,6,838,0,,63.46370038227178,0.07573233935831955,2816.6666666666615,149.0771999960998,18.894013750864328,169,0,1,1,23512.235686536966,23645.230334116404,59.14725542032124,59.66323399881226,-133.3139125681722,20.0,kinematic,False,0,0.0,,,,random,event,5,23,11.926599996513687,9.238300001015887,2816.6666666666615,0.0,0.0,0.03720000677276403,22936.423914934687,16.666666666666668,11,827,47.91400000976864,15.549700372503139,5,0,0,0,0,5,570.6587991897716,689.591067049056,0.4467537162418888,1,69.99729337081078,-133.3139125681722,383.33333333333195,1,0
random-s42-0000,prm,41,82,completed,True,False,6,823,0,,56.41329972422682,0.06854592919104109,2583.333333333329,152.5019999971846,16.939668551107662,155,0,1,1,24394.8610336736,24042.45572506009,58.98168364823784,59.66323399881226,-133.3139125681722,20.0,kinematic,False,0,0.0,,,,random,event,3,23,15.56189997063484,10.104300003149547,2583.333333333329,0.0,0.0,0.044500004150904715,22936.423914934687,16.666666666666668,9,814,39.752899974700995,16.660399749525823,3,0,0,0,0,4,461.5630534819357,750.0,0.34037250066020563,3,56.42158797576661,-133.3139125681722,383.33333333333195,1,0
random-s42-0000,prm,42,83,completed,True,False,6,836,0,,51.63139970682096,0.06176004749619732,2699.9999999999955,128.24130000080913,21.054059807433017,162,0,1,1,23840.91026501248,23645.26284507285,59.03281572249475,59.66323399881226,-133.3139125681722,20.0,kinematic,False,0,0.0,,,,random,event,3,23,15.062599995872006,10.45940000039991,2699.9999999999955,0.0,0.0,0.026500012609176338,22936.423914934687,16.666666666666668,9,827,37.857199989957735,13.774199716863222,3,0,0,0,0,4,384.2548642886862,629.9281019508824,0.4458881258475387,3,67.38695021369293,-133.3139125681722,383.33333333333195,1,0
random-s42-0000,prm,43,84,completed,True,False,6,876,0,,60.72569980460685,0.06932157511941421,3949.999999999991,156.10489998653065,25.30349784241758,237,0,1,1,25261.95173685208,25840.036726143233,59.39229305722339,59.69823455384006,-133.3139125681722,20.0,kinematic,False,0,0.0,,,,random,event,5,23,12.059900007443503,8.241400006227195,3949.999999999991,0.0,0.0,0.03609999839682132,22936.423914934687,16.666666666666668,11,865,44.341500019072555,16.384199785534292,5,0,0,0,0,4,393.5428641781799,672.1395936233046,0.4453059797511858,4,24.57641716613813,-133.3139125681722,383.33333333333195,1,0
random-s42-0000,prm,44,85,completed,True,False,6,941,0,,113.34300023736432,0.12044952203758164,3249.999999999993,215.91469999111723,15.052240538201886,195,0,2,2,24146.935748061624,27700.39360721175,58.99844200339917,59.66323399881226,-133.3139125681722,20.0,kinematic,False,0,0.0,,,,random,event,11,24,14.576400018995628,8.17770000139717,3249.999999999993,0.0,0.0,0.05500001134350896,22936.423914934687,16.666666666666668,17,924,93.56180003669579,19.781200200668536,10,0,0,0,1,6,387.1241393587605,737.7995845009702,0.767451856797293,6,73.13416092643337,-133.3139125681722,399.9999999999987,2,0
random-s42-0000,prm,45,86,completed,True,False,6,768,0,,57.58799979230389,0.07498437472956236,2483.3333333333294,148.32370000658557,16.74266036528936,149,0,1,1,23535.605748850467,22621.860091172377,58.87012629770436,59.66323399881226,-133.3139125681722,20.0,kinematic,False,0,0.0,,,,random,event,3,23,16.761399994720705,9.473700003582053,2483.3333333333294,0.0,0.0,0.05729999975301325,22936.423914934687,16.666666666666668,9,759,40.019399995799176,17.568599796504714,3,0,0,0,0,4,106.43295618325091,136.56147171428935,0.06258873787975042,0,179.73954558684886,-133.3139125681722,383.33333333333195,1,0
random-s42-0000,prm,46,87,completed,True,False,6,874,0,,93.03959972748999,0.10645263126715102,3316.6666666666597,197.37899999017827,16.80354377533425,199,0,2,2,27066.01961682066,23466.00680768772,59.26104482381238,59.811032583440365,-133.3139125681722,20.0,kinematic,False,0,0.0,,,,random,event,7,25,18.808699998771772,10.310300000128336,3316.6666666666597,0.0,0.0,0.05630000669043511,22936.423914934687,16.666666666666668,13,861,74.56789998104796,18.471699746442027,7,0,0,0,0,7,455.93019737599195,631.1892560051837,0.7726800682868397,3,34.27876616352302,-133.3139125681722,416.6666666666652,2,0
random-s42-0000,prm,47,88,completed,True,False,6,780,0,,53.02080014371313,0.06797538479963222,2483.3333333333294,138.44589999644086,17.937211093988125,149,0,1,1,24324.152998629383,23246.790462499775,59.1756243559902,59.93013500128316,-133.3139125681722,20.0,kinematic,False,0,0.0,,,,random,event,2,23,19.029199989745393,10.211000000708736,2483.3333333333294,0.0,0.0,0.05679999594576657,22936.423914934687,16.666666666666668,8,772,37.09089999028947,15.92990015342366,2,0,0,0,0,4,514.490754083677,749.5131906797835,0.266441860185607,1,353.7631159596102,-133.3139125681722,383.33333333333195,1,0
random-s42-0000,prm,48,89,completed,True,False,6,778,0,,60.676300156046636,0.07799010302833757,2533.3333333333294,150.81910000299104,16.797165168623128,152,0,1,1,24374.044141599254,22879.67290615126,59.29328242199116,59.921620318557764,-133.3139125681722,20.0,kinematic,False,0,0.0,,,,random,event,3,23,15.58209999348037,10.055300008389167,2533.3333333333294,0.0,0.0,0.06059999577701092,22936.423914934687,16.666666666666668,9,769,43.065599995316006,17.61070016073063,3,0,0,0,0,4,489.07340195957886,689.9201517333305,0.25656144281797055,0,74.04136615891377,-133.3139125681722,383.33333333333195,1,0
random-s42-0000,prm,49,90,completed,True,False,6,821,0,,49.33450023236219,0.060090743279369294,2849.9999999999945,149.31549999164417,19.087100804400635,171,0,2,2,24166.502948461348,24148.09903431087,59.163757883854124,59.66323399881226,-133.3139125681722,20.0,kinematic,False,0,0.0,,,,random,event,2,36,15.13750001322478,7.6622000051429495,2849.9999999999945,0.0,0.0,0.06059999577701092,22936.423914934687,16.666666666666668,8,813,30.20870001637377,19.12580021598842,2,0,0,0,0,4,538.6861057808269,750.0,0.2559545852168948,2,218.6900348224342,-133.3139125681722,599.9999999999985,2,0
random-s42-0000,prm,50,91,completed,True,False,6,901,0,,103.1058000808116,0.1144348502561727,3349.999999999993,221.77500001271255,15.105399615862765,201,0,2,2,24265.865169745255,24564.350857868267,59.1637309900401,59.66323399881226,-133.3139125681722,20.0,kinematic,False,0,0.0,,,,random,event,8,46,16.955800005234778,9.648099992773496,3349.999999999993,0.0,0.0,0.07199999527074397,22936.423914934687,16.666666666666668,14,887,78.57799998600967,24.527800094801933,8,0,0,0,0,8,436.1008436664411,745.7827241753898,0.6173224991650266,3,118.37418553529955,-133.3139125681722,766.6666666666657,2,0
random-s42-0000,prm,51,92,completed,True,False,6,772,0,,51.09120007546153,0.06618031097857711,2466.666666666663,138.0018000054406,17.874162993304555,148,0,1,1,24812.2811966792,23155.367423793054,59.44897216001539,59.68356637345092,-133.3139125681722,20.0,kinematic,False,0,0.0,,,,random,event,2,26,18.379000015556812,9.320900004240684,2466.666666666663,0.0,0.0,0.03650000144261867,22936.423914934687,16.666666666666668,8,764,34.71170000557322,16.37950006988831,2,0,0,0,0,4,436.0478687383603,716.4573317057861,0.20019524849759535,0,372.2631373784485,-133.3139125681722,383.33333333333195,1,0
random-s42-0000,prm,52,93,completed,True,False,6,773,0,,142.19059998868033,0.183946442417439,2516.6666666666624,244.69289999979082,10.285000777173403,151,0,1,1,25310.31661409297,23752.313167575423,58.98141347843143,59.68176333593208,-111.98845462602868,20.0,kinematic,False,0,0.0,,,,random,event,11,16,16.799500008346513,12.418699989211746,2516.6666666666624,0.0,0.0,0.0594000011915341,22936.423914934687,16.666666666666668,17,756,123.39990001055412,18.790699978126213,11,0,0,0,0,6,409.9163730917127,740.9939923288126,0.4619030543704465,1,16.659068920770835,-111.98845462602868,383.33333333333195,1,0
random-s42-0000,prm,53,94,completed,True,False,6,768,0,,56.83850003697444,0.07400846358981046,2399.9999999999964,160.25810000428464,14.975842094320537,144,0,1,1,23524.499692761157,22740.667220950985,59.1560076931053,59.670756424491984,-133.3139125681722,20.0,kinematic,False,0,0.0,,,,random,event,2,23,19.696600022143684,10.027100011939183,2399.9999999999964,0.0,0.0,0.05160000000614673,22936.423914934687,16.666666666666668,8,760,37.869700012379326,18.96880002459511,2,0,0,0,0,4,203.8520760492899,210.32762403410584,0.10968978149777939,0,291.7503831430639,-133.3139125681722,383.33333333333195,1,0
random-s42-0000,prm,54,95,completed,True,False,6,832,0,,56.240600111777894,0.06759687513434844,2699.9999999999955,164.33559999859426,16.429793666272502,162,0,1,1,24699.057973432427,23659.915120892092,59.189340338649664,59.66323399881226,-133.3139125681722,20.0,kinematic,False,0,0.0,,,,random,event,2,23,16.908300007344224,11.481900000944734,2699.9999999999955,0.0,0.0,0.037999998312443495,22936.423914934687,16.666666666666668,8,824,36.68270001071505,19.55790010106284,2,0,0,0,0,4,509.0494497804917,555.3116262791292,0.3047257094266248,2,26.214717451466754,-133.3139125681722,383.33333333333195,1,0
random-s42-0000,prm,55,96,completed,True,False,6,782,0,,60.89969981985632,0.07787685398958609,2533.3333333333294,169.60340000514407,14.936807477069996,152,0,1,1,24198.53802236911,22878.09850506347,58.73222325952097,59.66323399881226,-133.3139125681722,20.0,kinematic,False,0,0.0,,,,random,event,2,23,20.070899990969338,10.28230000520125,2533.3333333333294,0.0,0.0,0.06790000770706683,22936.423914934687,16.666666666666668,8,774,40.60360000585206,20.296099814004265,2,0,0,0,0,4,293.89270043067324,466.5425375421018,0.1850753025228384,1,208.64349204249555,-133.3139125681722,383.33333333333195,1,0
random-s42-0000,prm,56,97,completed,True,False,6,780,0,,81.36849997390527,0.10431858971013497,2516.6666666666624,196.35819998802617,12.816712858541825,151,0,1,1,24378.75121694914,23154.673720887153,59.119480161061524,59.66323399881226,-133.3139125681722,20.0,kinematic,False,0,0.0,,,,random,event,4,23,21.06199999980163,10.837499998160638,2516.6666666666624,0.0,0.0,0.07119998917914927,22936.423914934687,16.666666666666668,10,770,59.03339998621959,22.33509998768568,4,0,0,0,0,4,273.20291107579646,750.0000000000001,0.2753911299538932,2,196.36417228458754,-133.3139125681722,383.33333333333195,1,0
random-s42-0000,prm,57,98,completed,True,False,6,785,0,,88.55130011215806,0.11280420396453256,2516.6666666666624,202.2255000047153,12.444853228737134,151,0,1,1,23976.90171336569,23197.06527350929,59.38572158498193,59.69829495033365,-133.3139125681722,20.0,kinematic,False,0,0.0,,,,random,event,4,23,24.147200005245395,13.228199997683987,2516.6666666666624,0.0,0.0,0.04980000085197389,22936.423914934687,16.666666666666668,10,775,68.29750000906643,20.253800103091635,4,0,0,0,0,4,387.1092313354019,750.0,0.2917257070460148,1,194.94634001170311,-133.3139125681722,383.33333333333195,1,0
random-s42-0000,prm,58,99,completed,True,False,6,828,0,,110.01149973890278,0.1328641301194478,2549.999999999996,224.54949999519158,11.356070710710114,153,0,2,2,23234.81199137999,23492.65248655052,59.088883438191864,59.66323399881226,-133.3139125681722,20.0,kinematic,False,0,0.0,,,,random,event,6,50,20.63810000254307,11.721500006387942,2549.999999999996,0.0,0.0,0.08319999324157834,22936.423914934687,16.666666666666668,12,816,86.41249999345746,23.598999745445326,6,0,0,0,0,4,377.26049064451973,652.7662396402725,0.41006697185818036,3,15.587364509410037,-133.3139125681722,833.3333333333326,2,0
random-s42-0000,prm,59,100,completed,True,False,6,800,0,,82.51170000585262,0.10313962500731577,2766.6666666666615,199.6352999994997,13.858604498671303,166,0,1,1,24760.307824704832,23042.565633001796,59.09838863859908,59.66323399881226,-133.3139125681722,20.0,kinematic,False,0,0.0,,,,random,event,4,23,20.8229999843752,10.971700001391582,2766.6666666666615,0.0,0.0,0.04529999569058418,22936.423914934687,16.666666666666668,10,790,61.773199995514005,20.738500010338612,4,0,0,0,0,5,293.44327063473327,407.6989985505778,0.19950701754782194,0,61.78818599685218,-133.3139125681722,383.33333333333195,1,0
random-s42-0000,prm,60,101,completed,True,False,6,814,0,,75.98480007436592,0.09334742023877877,2566.6666666666624,190.3877000004286,13.481263057754699,154,0,1,1,25196.30452321978,24591.380313599613,59.42811949187569,59.66323399881226,-133.3139125681722,20.0,kinematic,False,0,0.0,,,,random,event,3,31,22.026700011338107,11.143000010633841,2566.6666666666624,0.0,0.0,0.05950000195298344,22936.423914934687,16.666666666666668,9,805,54.21370000112802,21.771100073237903,3,0,0,0,0,4,640.909818210679,674.2490754401534,0.3129924610940511,1,32.30317689978048,-133.3139125681722,383.33333333333195,1,0
random-s42-0000,prm,61,102,completed,True,False,6,863,0,,126.74519994470757,0.14686581685365882,3366.6666666666597,267.2524999943562,12.597325251355016,202,0,1,1,24087.2741561208,23384.067530977823,59.09280782827267,59.92559692019219,-133.3139125681722,20.0,kinematic,False,0,0.0,,,,random,event,7,23,20.70919999096077,13.010399998165667,3366.6666666666597,0.0,0.0,0.07300000288523734,22936.423914934687,16.666666666666668,13,850,101.53960000025108,25.20559994445648,7,0,0,0,0,6,376.74183251712304,744.0321358179258,0.5194260188429343,3,36.199389002795954,-133.3139125681722,383.33333333333195,1,0
random-s42-0000,prm,62,103,completed,True,False,6,814,0,,65.48099986684974,0.08044348877991368,2616.6666666666624,185.4563000088092,14.109343638055813,157,0,1,1,24055.109028774576,23189.07759370725,59.36718119402741,59.96816876244314,-133.3139125681722,20.0,kinematic,False,0,0.0,,,,random,event,2,23,21.504700009245425,11.141399998450652,2616.6666666666624,0.0,0.0,0.06599999323952943,22936.423914934687,16.666666666666668,8,806,42.46060001605656,23.020399850793183,2,0,0,0,0,3,132.98324354679767,179.75026394115957,0.2973516360485099,3,277.7401751297895,-133.3139125681722,383.33333333333195,1,0
random-s42-0000,prm,63,104,completed,True,False,6,780,0,,63.73019971942995,0.08170538425567941,2499.999999999996,174.35320001095533,14.33871015755897,150,0,1,1,24273.495440312778,23113.158148301314,59.261524201226855,59.80861186679411,-133.3139125681722,20.0,kinematic,False,0,0.0,,,,random,event,2,25,22.224799991818145,11.457200002041645,2499.999999999996,0.0,0.0,0.04129999433644116,22936.423914934687,16.666666666666668,8,772,43.26419997960329,20.465999739826657,2,0,0,0,0,4,376.0078564502706,679.7928473086362,0.2583577429412216,1,379.0289593238026,-133.3139125681722,383.33333333333195,1,0
random-s42-0000,prm,64,105,completed,True,False,6,791,0,,74.20050013752189,0.09380594201962311,2649.9999999999955,201.25030000053812,13.167682234475723,159,0,1,1,23333.98469377748,22704.91761197268,59.15412524206658,59.994764788836335,-133.3139125681722,20.0,kinematic,False,0,0.0,,,,random,event,2,23,25.29390002018772,13.529799995012581,2649.9999999999955,0.0,0.0,0.07270000060088933,22936.423914934687,16.666666666666668,8,783,49.53300001216121,24.667500125360675,2,0,0,0,0,4,297.930900709789,458.33192441077824,0.12417136079749118,0,91.34130259740857,-133.3139125681722,383.33333333333195,1,0
random-s42-0000,prm,65,106,completed,True,False,6,774,0,,80.42170027329121,0.10390400552104807,2466.666666666663,188.46320000011474,13.088319983238963,148,0,1,1,23973.65089175914,22741.930154503636,59.09060350705613,59.95824798473777,-133.3139125681722,20.0,kinematic,False,0,0.0,,,,random,event,3,23,24.316800001543015,13.716700006625615,2466.666666666663,0.0,0.0,0.044500004150904715,22936.423914934687,16.666666666666668,9,765,61.26550000044517,19.156200272846036,3,0,0,0,0,5,163.58650943906352,250.4318259321644,0.14453706897298463,0,238.32577020075684,-133.3139125681722,383.33333333333195,1,0
random-s42-0000,prm,66,107,completed,True,False,6,1109,0,,299.2998002009699,0.26988259711539214,5766.6666666666515,513.5415999975521,11.229210382750178,346,0,2,2,23432.216161633565,28777.13265376262,58.988202900964836,59.89264853186714,-28.625486716947137,20.0,kinematic,False,0,0.0,,,,random,event,19,19,24.93920001143124,14.56869998946786,5766.6666666666515,0.0,0.0,0.08610000077169389,22936.423914934687,16.666666666666668,25,1084,263.1810999882873,36.1187002126826,19,0,0,0,0,16,447.944107564332,750.0,2.2858229946541875,19,13.319281329194354,-28.625486716947137,266.6666666666657,2,0
random-s42-0000,prm,67,108,completed,True,False,6,787,0,,74.77479994122405,0.0950124522760153,2616.6666666666624,188.22609999915585,13.901720678898396,157,0,1,1,24987.65177664608,22681.041886547984,58.69296211255858,59.66323399881226,-133.3139125681722,20.0,kinematic,False,0,0.0,,,,random,event,3,23,22.019999989424832,11.631699991994537,2616.6666666666624,0.0,0.0,0.04630000330507755,22936.423914934687,16.666666666666668,9,778,54.11579996871296,20.658999972511083,3,0,0,0,0,4,116.18465050081848,189.06516014657205,0.09716530573060965,0,19.182077865073353,-133.3139125681722,383.33333333333195,1,0
random-s42-0000,prm,68,109,completed,True,False,6,875,0,,177.54290021548513,0.20290617167484015,2999.999999999994,300.28310000489,9.990572229842906,180,0,1,1,25311.558365256904,25362.64738380494,59.01282924828084,59.66323399881226,-133.3139125681722,20.0,kinematic,False,0,0.0,,,,random,event,14,23,19.485700002405792,11.9016999960877,2999.999999999994,0.0,0.0,0.06150000263005495,22936.423914934687,16.666666666666668,20,855,156.02849997230805,21.51440024317708,14,0,0,0,0,16,521.7659039998911,750.0,2.9450251369199543,29,17.763769134992174,-133.3139125681722,383.33333333333195,1,0
random-s42-0000,prm,69,110,completed,True,False,6,780,0,,67.26059979700949,0.08623153820129421,2499.999999999996,174.21680000552442,14.34993640062681,150,0,1,1,24554.28972435748,22720.332397881666,59.286562363739414,59.89920370396091,-133.3139125681722,20.0,kinematic,False,0,0.0,,,,random,event,3,23,19.260399989434518,10.2511000004597,2499.999999999996,0.0,0.0,0.07150000601541251,22936.423914934687,16.666666666666668,9,771,46.62439998355694,20.63619981345255,3,0,0,0,0,4,131.79022890598267,159.60273750843265,0.1340641663481866,1,80.13880019742368,-133.3139125681722,383.33333333333195,1,0
random-s42-0000,prm,70,111,completed,True,False,6,796,0,,57.21760010055732,0.07188140716150417,2766.6666666666615,162.01850000652485,17.07623923536659,166,0,1,1,23842.36034657967,24250.6387827632,58.97314274802479,59.66323399881226,-133.3139125681722,20.0,kinematic,False,0,0.0,,,,random,event,2,23,21.050299998023547,11.206199997104704,2766.6666666666615,0.0,0.0,0.03759999526664615,22936.423914934687,16.666666666666668,8,788,39.312900000368245,17.904700100189075,2,0,0,0,0,4,608.1332971898296,750.0,0.27203154684383063,2,111.2613129317748,-133.3139125681722,383.33333333333195,1,0
random-s42-0000,prm,71,112,completed,True,False,6,939,0,,107.34989993216004,0.11432364210027693,4833.333333333321,255.88630000129342,18.888597526748757,290,0,1,1,23751.887900492642,28537.97715243994,58.983406840329785,59.66323399881226,-133.3139125681722,20.0,kinematic,False,0,0.0,,,,random,event,6,23,22.170700030983426,13.06029999977909,4833.333333333321,0.0,0.0,0.04769999941345304,22936.423914934687,16.666666666666668,12,927,83.07230003993027,24.277599892229773,6,0,0,0,0,6,509.97653629863953,744.947880963792,0.4848556921225612,1,307.8495169368113,-133.3139125681722,383.33333333333195,1,0
random-s42-0000,prm,72,113,completed,True,False,6,778,0,,71.545399754541,0.09196066806496273,2549.999999999996,176.9884999957867,14.4077157558864,153,0,1,1,24496.72611171538,22655.245284650402,58.99779452446153,59.676766926046966,-133.3139125681722,20.0,kinematic,False,0,0.0,,,,random,event,3,23,17.42940000258386,16.237299991189502,2549.999999999996,0.0,0.0,0.05780000356025994,22936.423914934687,16.666666666666668,9,769,52.66999999003019,18.875399764510803,3,0,0,0,0,4,132.09572712812388,188.01307080222114,0.07582217797992656,0,51.65166485926326,-133.3139125681722,383.33333333333195,1,0
random-s42-0000,prm,73,114,completed,True,False,6,869,0,,121.56309986312408,0.1398884923626284,3083.333333333327,230.57249998964835,13.372511177489747,185,0,1,1,25287.534917440487,23646.072959236328,58.86108545013442,59.66323399881226,-133.3139125681722,20.0,kinematic,False,0,0.0,,,,random,event,8,23,18.932500010123476,16.579899995122105,3083.333333333327,0.0,0.0,0.05569998756982386,22936.423914934687,16.666666666666668,14,855,100.9137000219198,20.649399841204286,8,0,0,0,0,4,320.10168814077656,572.509873203139,0.5591633945531288,2,19.434144529398736,-133.3139125681722,383.33333333333195,1,0
random-s42-0000,prm,74,115,completed,True,False,6,879,0,,135.28750000114087,0.15391069397171886,3966.6666666666574,239.78839999472257,16.542362627858388,238,1,2,3,23956.94530195291,25893.55902804211,58.95870957022325,59.66323399881226,-133.3139125681722,20.0,kinematic,False,0,0.0,,,,random,event,13,38,15.98740003828425,9.227899994584732,3966.6666666666574,0.0,0.0,0.056199991377070546,22936.423914934687,16.666666666666668,19,860,117.71850002696738,17.568999974173494,12,0,1,0,0,8,480.24875056716127,740.902298700674,1.0355798698924379,4,-122.0666761849368,-133.3139125681722,516.6666666666653,2,0
random-s42-0000,prm,75,116,completed,True,False,6,794,0,,67.01609979791101,0.08440314836008943,2499.999999999996,160.0315999967279,15.6219146721717,150,0,1,1,25094.636048168537,23366.82578740281,59.29338721122727,59.66323399881226,-133.3139125681722,20.0,kinematic,False,0,0.0,,,,random,event,4,23,15.003100008470938,9.869300003629178,2499.999999999996,0.0,0.0,0.055900003644637764,22936.423914934687,16.666666666666668,10,784,49.702799995429814,17.313299802481197,4,0,0,0,0,4,404.73879661668616,596.8135107139196,0.2827937841652802,1,188.79904444488778,-133.3139125681722,383.33333333333195,1,0
random-s42-0000,prm,76,117,completed,True,False,6,780,0,,61.21130014071241,0.07847602582142617,2583.333333333329,156.8215000006603,16.473081390768815,155,0,1,1,24858.209650325025,22817.53693273641,59.18253984883686,59.72802972926631,-133.3139125681722,20.0,kinematic,False,0,0.0,,,,random,event,2,23,26.003300008596852,17.17530000314582,2583.333333333329,0.0,0.0,0.06479999865405262,22936.423914934687,16.666666666666668,8,772,43.572700014919974,17.638600125792436,2,0,0,0,0,4,194.85191090123882,215.3833744429319,0.21747543003463438,1,243.5621293001842,-133.3139125681722,383.33333333333195,1,0
random-s42-0000,prm,77,118,completed,True,False,6,783,0,,54.325000251992606,0.0693805878058654,2483.3333333333294,154.15099999518134,16.109745207043463,149,0,1,1,25940.27492798481,23022.831914448372,59.111128189147756,59.66323399881226,-133.3139125681722,20.0,kinematic,False,0,0.0,,,,random,event,2,23,18.475300006684847,9.208000003127381,2483.3333333333294,0.0,0.0,0.05440000677481294,22936.423914934687,16.666666666666668,8,775,35.4974000074435,18.827600244549103,2,0,0,0,0,4,99.47179447510356,150.49067896129606,0.15486577273187266,1,187.7504298092394,-133.3139125681722,383.33333333333195,1,0
random-s42-0000,prm,78,119,completed,True,False,6,785,0,,50.18339979869779,0.06392789783273604,2599.9999999999955,145.61760000651702,17.854984561506537,156,0,1,1,24237.814893750452,23167.031184539803,58.84406384714771,59.66323399881226,-133.3139125681722,20.0,kinematic,False,0,0.0,,,,random,event,2,23,17.30760002101306,8.952200005296618,2599.9999999999955,0.0,0.0,0.03510000533424318,22936.423914934687,16.666666666666668,8,777,32.95650002837647,17.226899770321324,2,0,0,0,0,4,438.378491608286,718.6716004144077,0.18116892037946428,0,221.51110175115878,-133.3139125681722,383.33333333333195,1,0
random-s42-0000,prm,79,120,completed,True,False,6,798,0,,78.9435999467969,0.09892681697593596,2799.999999999995,177.68330000399146,15.758374590842786,168,0,1,1,25692.868681854692,23093.784971463825,59.19465491718224,59.66323399881226,-133.3139125681722,20.0,kinematic,False,0,0.0,,,,random,event,5,23,16.13779997569509,10.682099993573502,2799.999999999995,0.0,0.0,0.04579999949783087,22936.423914934687,16.666666666666668,11,787,60.93740000505932,18.006199941737577,5,0,0,0,0,4,217.2106616903181,384.7788419906897,0.18776087132315933,1,40.57993934076083,-133.3139125681722,383.33333333333195,1,0
random-s42-0000,prm,80,121,completed,True,False,6,769,0,,53.57299986644648,0.0696657995662503,2433.3333333333294,147.28540000214707,16.521212104511765,146,0,1,1,25319.23201302373,22842.686058631938,59.30590468048866,59.98069196876942,-133.3139125681722,20.0,kinematic,False,0,0.0,,,,random,event,2,23,17.70509997732006,10.225000005448237,2433.3333333333294,0.0,0.0,0.061400001868605614,22936.423914934687,16.666666666666668,8,761,35.34169997146819,18.231299894978292,2,0,0,0,0,4,390.319257966633,567.0150631900592,0.16756457556740575,0,237.11220752992233,-133.3139125681722,383.33333333333195,1,0
random-s42-0000,prm,81,122,completed,True,False,6,798,0,,61.85539974831045,0.07751303226605319,2616.6666666666624,154.25590000813827,16.963154514858825,157,0,2,2,24863.55536429034,23020.763145207366,59.21198162273256,59.66323399881226,-133.3139125681722,20.0,kinematic,False,0,0.0,,,,random,event,3,24,19.70090001123026,10.214499998255633,2616.6666666666624,0.0,0.0,0.038300000596791506,22936.423914934687,16.666666666666668,9,789,45.21740000927821,16.63799973903224,3,0,0,0,0,5,348.1028198511506,545.8750820817975,0.26891105096812873,0,150.2334670864489,-133.3139125681722,399.99999999999864,2,0
random-s42-0000,prm,82,123,completed,True,False,6,773,0,,75.79740024812054,0.09805614521102268,2549.999999999996,176.72820000734646,14.428936637695593,153,0,1,1,23922.469057091526,22639.17925033489,59.52551747427159,59.968066729078004,-133.3139125681722,20.0,kinematic,False,0,0.0,,,,random,event,5,23,15.838899998925626,9.044699996593408,2549.999999999996,0.0,0.0,0.050000002374872565,22936.423914934687,16.666666666666668,11,762,57.56750000000466,18.229900248115882,5,0,0,0,0,4,152.59193542799306,383.2134137349538,0.09319292831496408,0,49.009175921314295,-133.3139125681722,383.33333333333195,1,0
random-s42-0000,prm,83,124,completed,True,False,6,775,0,,51.693599874852225,0.06670141919335772,2499.999999999996,146.63289999589324,17.049379778139922,150,0,1,1,25356.40638062482,23041.95796314759,59.380451753781806,59.71017631843412,-133.3139125681722,20.0,kinematic,False,0,0.0,,,,random,event,2,23,17.30130000214558,8.89620000089053,2499.999999999996,0.0,0.0,0.032800002372823656,22936.423914934687,16.666666666666668,8,767,34.74350000033155,16.950099874520674,2,0,0,0,0,4,329.4849019675595,574.8780703018037,0.18405712608449226,0,372.91176277532725,-133.3139125681722,383.33333333333195,1,0
random-s42-0000,prm,84,125,completed,True,False,6,788,0,,64.82920008420479,0.08227055848249339,2583.333333333329,159.37470000062604,16.209180838132912,155,0,1,1,29514.148875407456,23638.23818135832,59.2245227434924,59.77144051708782,-133.3139125681722,20.0,kinematic,False,0,0.0,,,,random,event,4,23,15.04209999984596,8.365200003026985,2583.333333333329,0.0,0.0,0.036699988413602114,22936.423914934687,16.666666666666668,10,778,47.70129999087658,17.127900093328208,4,0,0,0,0,4,564.1494950936574,750.0,0.4547967689375928,3,179.43648612994053,-133.3139125681722,383.33333333333195,1,0
random-s42-0000,prm,85,126,completed,True,False,6,781,0,,64.09389984037261,0.08206645306065635,2599.9999999999955,166.65050000301562,15.601513346512295,156,0,1,1,23728.766380944944,23210.793859145877,59.396546181578266,59.77792312232049,-133.3139125681722,20.0,kinematic,False,0,0.0,,,,random,event,3,23,16.607699988526292,10.976100005791523,2599.9999999999955,0.0,0.0,0.05459999374579638,22936.423914934687,16.666666666666668,9,772,43.66309999022633,20.430799850146286,3,0,0,0,0,5,328.61367384385534,720.7435694712566,0.27502563946101005,0,238.08510876991357,-133.3139125681722,383.33333333333195,1,0
random-s42-0000,prm,86,127,completed,True,False,6,777,0,,66.08759984374046,0.08505482605372003,2583.333333333329,163.77290000673383,15.77387548994437,155,0,1,1,24768.70430911318,22705.171828358154,59.0839379629065,59.69436323697509,-133.3139125681722,20.0,kinematic,False,0,0.0,,,,random,event,3,23,20.26839999598451,11.228100003791042,2583.333333333329,0.0,0.0,0.040099999750964344,22936.423914934687,16.666666666666668,9,768,47.89910001272801,18.18849983101245,3,0,0,0,0,4,250.97642370082227,445.1983490691873,0.12777746073130233,0,56.07347558793751,-133.3139125681722,383.33333333333195,1,0
random-s42-0000,prm,87,128,completed,True,False,6,879,0,,136.99630001792684,0.1558547212945698,3266.66666666666,264.9941999989096,12.327313830567242,196,0,2,2,23486.239030409233,24884.634270255185,59.15447844216093,59.66323399881226,-133.3139125681722,20.0,kinematic,False,0,0.0,,,,random,event,10,25,17.332199990050867,11.343100006342866,3266.66666666666,0.0,0.0,0.07160000677686185,22936.423914934687,16.666666666666668,16,863,113.6689999839291,23.327300033997744,9,0,0,0,1,5,273.02992443761434,483.18237671054334,0.601453841434244,5,7.3785217319814365,-133.3139125681722,416.66666666666544,2,0
random-s42-0000,prm,88,129,completed,True,False,6,801,0,,79.75709994207136,0.09957191004003915,2616.6666666666624,180.41709999670275,14.503429368471636,157,0,2,2,26915.190035700594,24452.228808682943,58.66456938292117,59.40502394453306,-137.75783735525494,20.0,kinematic,False,0,0.0,,,,random,event,5,26,19.858999978168868,10.175399991567247,2616.6666666666624,0.0,0.0,0.04549999721348286,22936.423914934687,16.666666666666668,11,790,60.88219999219291,18.874899949878454,4,0,0,0,1,5,262.6776438907096,643.9153194811905,0.28003770371732123,0,102.18516601698923,-137.75783735525494,433.3333333333319,2,0
random-s42-0000,prm,89,130,completed,True,False,6,830,0,,70.31790001201443,0.08472036146025835,2883.333333333328,169.5056000025943,17.010254134902908,173,0,2,2,24358.97427227055,23393.02252715271,58.957527589331086,59.66323399881226,-133.3139125681722,20.0,kinematic,False,0,0.0,,,,random,event,3,52,17.604699984076433,12.564399992697872,2883.333333333328,0.0,0.0,0.06690000009257346,22936.423914934687,16.666666666666668,9,821,49.380299969925545,20.93760004208889,3,0,0,0,0,4,341.0454419066204,695.9922631069629,0.22217015486977945,1,179.81097868993567,-133.3139125681722,866.6666666666667,2,0
random-s42-0000,prm,90,131,completed,True,False,6,778,0,,96.93789997254498,0.12459884315237145,2499.999999999996,187.95959999260958,13.30073058305239,150,0,3,3,26818.683361991043,23585.670405292592,59.04842007138571,59.69812513110206,-120.25725729586709,20.0,kinematic,False,0,0.0,,,,random,event,7,23,18.251400004373863,10.104999993927777,2499.999999999996,0.0,0.0,0.04220000118948519,22936.423914934687,16.666666666666668,13,765,80.18590002029669,16.751999952248298,6,0,0,0,1,7,299.92251095311667,570.5920070396571,0.3462504075673727,0,32.39871921807452,-120.25725729586709,416.6666666666653,3,0
random-s42-0000,prm,91,132,completed,True,False,6,784,0,,83.18980010517407,0.1061094389096608,2516.6666666666624,186.95750000188127,13.461169873588052,151,0,1,1,27108.49191951089,23456.01983570054,59.159235464373076,59.75754102547446,-133.3139125681722,20.0,kinematic,False,0,0.0,,,,random,event,5,23,16.081800014944747,11.232100005145185,2516.6666666666624,0.0,0.0,0.05320001218933612,22936.423914934687,16.666666666666668,11,773,63.81770002190024,19.372100083273835,5,0,0,0,0,5,485.26429264363253,750.0,0.5427562829366014,5,166.6594806319402,-133.3139125681722,383.33333333333195,1,0
random-s42-0000,prm,92,133,completed,True,False,6,813,0,,71.43469993025064,0.08786555956980399,2566.6666666666624,168.9493999874685,15.191925315254391,154,0,1,1,23553.690138645732,23353.579661830616,59.23401759495246,59.826816306641746,-133.3139125681722,20.0,kinematic,False,0,0.0,,,,random,event,4,23,18.5258999990765,9.588700006133877,2566.6666666666624,0.0,0.0,0.03779999678954482,22936.423914934687,16.666666666666668,10,803,53.90839999017771,17.52629994007293,4,0,0,0,0,4,318.24564133512513,643.9566837457285,0.36878636864225395,2,134.39998505545594,-133.3139125681722,383.33333333333195,1,0
random-s42-0000,prm,93,134,completed,True,False,6,787,0,,51.17959956987761,0.06503125739501603,2583.333333333329,149.6272000076715,17.265131828978152,155,0,1,1,25401.47278938083,22903.356599439277,58.93877013955444,59.66323399881226,-133.3139125681722,20.0,kinematic,False,0,0.0,,,,random,event,2,23,15.196599997580051,10.043599992059171,2583.333333333329,0.0,0.0,0.03650000144261867,22936.423914934687,16.666666666666668,8,779,33.441199993831106,17.738399576046504,2,0,0,0,0,4,316.86641141884786,548.8054692463364,0.16153326589639933,0,265.58850106109037,-133.3139125681722,383.33333333333195,1,0
random-s42-0000,prm,94,135,completed,True,False,6,936,0,,99.82230016612448,0.10664775658773983,4916.666666666654,237.45250000501983,20.705895564640144,295,0,1,1,27386.091619820923,29184.755046917195,59.20011218235217,59.66323399881226,-133.3139125681722,20.0,kinematic,False,0,0.0,,,,random,event,7,23,16.96709997486323,9.2302999983076,4916.666666666654,0.0,0.0,0.03710000601131469,22936.423914934687,16.666666666666668,13,923,77.49609999882523,22.32620016729925,7,0,0,0,0,6,408.39206792169324,750.0,0.44751665954269215,2,69.20144479384086,-133.3139125681722,383.33333333333195,1,0
random-s42-0000,prm,95,136,completed,True,False,6,782,0,,54.52779987535905,0.06972864434189137,2583.333333333329,149.8859999992419,17.235321066319703,155,0,1,1,24796.490096921247,23043.371427514678,59.1606059856747,59.66323399881226,-133.3139125681722,20.0,kinematic,False,0,0.0,,,,random,event,2,23,17.844299974967726,10.954500001389533,2583.333333333329,0.0,0.0,0.03229999856557697,22936.423914934687,16.666666666666668,8,774,37.53369997139089,16.994099903968163,2,0,0,0,0,4,447.48785397934046,680.3996250881381,0.21476942687233241,0,212.62163644066027,-133.3139125681722,383.33333333333195,1,0
random-s42-0000,prm,96,137,completed,True,False,6,816,0,,78.34009977523237,0.0960050242343534,2833.333333333328,176.31949999486096,16.069313566655467,170,0,1,1,25311.121218113974,23303.481125849266,58.88994073225481,59.66323399881226,-133.3139125681722,20.0,kinematic,False,0,0.0,,,,random,event,5,23,16.331100021488965,9.528900001896545,2833.333333333328,0.0,0.0,0.040700004319660366,22936.423914934687,16.666666666666668,11,805,59.83150002430193,18.508599750930443,5,0,0,0,0,4,465.05200010399506,735.6344716346146,0.3213752259485611,1,23.580419763104118,-133.3139125681722,383.33333333333195,1,0
random-s42-0000,prm,97,138,completed,True,False,6,781,0,,47.40619982476346,0.06069935957075987,2483.3333333333294,132.8637999977218,18.69081972197025,149,0,1,1,23995.98236033138,22852.01850195294,59.03767752001709,59.66323399881226,-133.3139125681722,20.0,kinematic,False,0,0.0,,,,random,event,2,23,16.140300009283237,8.201699994970113,2483.3333333333294,0.0,0.0,0.02950000634882599,22936.423914934687,16.666666666666668,8,773,32.06900000805035,15.33719981671311,2,0,0,0,0,4,341.8078839977726,642.3134471146794,0.18291295124050994,0,341.0763230521477,-133.3139125681722,383.33333333333195,1,0
random-s42-0000,prm,98,139,completed,True,False,6,815,0,,64.28739997500088,0.07888024536809923,2683.3333333333285,155.46100000210572,17.2604919130649,161,0,1,1,23263.205549268172,23081.696429497882,58.8184338808808,59.66323399881226,-133.3139125681722,20.0,kinematic,False,0,0.0,,,,random,event,4,28,15.905900014331564,8.238599999458529,2683.3333333333285,0.0,0.0,0.03789999755099416,22936.423914934687,16.666666666666668,10,805,46.895900028175674,17.391499946825206,4,0,0,0,0,5,309.61031034080617,448.74670095780436,0.33554819518145973,1,46.89910295674528,-133.3139125681722,383.33333333333195,1,0
random-s42-0000,prm,99,140,completed,True,False,6,790,0,,49.33849969529547,0.062453797082652494,2699.9999999999955,139.3814999901224,19.371293896186636,162,0,1,1,24978.884837035912,22722.309781953045,58.99035453914568,59.66323399881226,-133.3139125681722,20.0,kinematic,False,0,0.0,,,,random,event,2,23,16.3765999750467,8.756800001719967,2699.9999999999955,0.0,0.0,0.03060000017285347,22936.423914934687,16.666666666666668,8,782,33.074599981773645,16.263899713521823,2,0,0,0,0,4,374.08544073370314,389.39020611742075,0.12075610731076332,0,89.69396899718618,-133.3139125681722,383.33333333333195,1,0
random-s42-0000,prm,100,141,completed,True,False,6,782,0,,46.9020997552434,0.05997710966143657,2499.999999999996,134.0537000069162,18.6492428024815,150,0,1,1,25313.851528383682,22896.44252040806,58.976996227432984,59.66323399881226,-133.3139125681722,20.0,kinematic,False,0,0.0,,,,random,event,2,23,15.425899997353554,8.046299990382977,2499.999999999996,0.0,0.0,0.030800001695752144,22936.423914934687,16.666666666666668,8,774,30.66539998690132,16.236699768342078,2,0,0,0,0,4,149.67479086027288,287.2440937862518,0.09298609404509398,0,217.17029302631056,-133.3139125681722,383.33333333333195,1,0
random-s42-0000,prm,101,142,completed,True,False,6,858,0,,105.42279970832169,0.12287039593044487,2949.9999999999945,209.41140000650194,14.087103184967013,177,0,0,0,26127.780196090247,25431.97374521603,58.53055416850436,59.40502394453306,10.737167538278555,20.0,kinematic,False,0,0.0,,,,random,event,8,2,15.380199998617172,11.070300010032952,2949.9999999999945,0.0,0.0,0.032199997804127634,22936.423914934687,16.666666666666668,14,844,86.62979998916853,18.79299971915316,8,0,0,0,0,7,490.9442029619378,750.0,0.7402538254617151,4,62.17549999529655,10.737167538278555,0.0,0,0
random-s42-0000,prm,102,143,completed,True,False,6,781,0,,57.88970009598415,0.07412253533416666,2516.6666666666624,143.44440000422765,17.54454455240142,151,0,1,1,24923.404941230652,22888.500023777022,59.3026196983042,59.66323399881226,-133.3139125681722,20.0,kinematic,False,0,0.0,,,,random,event,3,23,16.640599991660565,9.31720000517089,2516.6666666666624,0.0,0.0,0.028700000257231295,22936.423914934687,16.666666666666668,9,772,42.6380999997491,15.251600096235052,3,0,0,0,0,5,239.34446967571066,534.1908288557339,0.25428031798287337,2,144.53181989940407,-133.3139125681722,383.33333333333195,1,0
random-s42-0000,prm,103,144,completed,True,False,6,830,0,,85.32739990914706,0.1028040962760808,3016.666666666661,186.64370001351926,16.162702874236597,181,0,1,1,28959.74015794282,25449.820058838697,59.680939084346335,59.95760568003217,-133.3139125681722,20.0,kinematic,False,0,0.0,,,,random,event,7,23,15.286700014257804,7.809799993992783,3016.666666666661,0.0,0.0,0.0391000066883862,22936.423914934687,16.666666666666668,13,817,67.21169999218546,18.115699916961603,7,0,0,0,0,7,444.99125348924866,725.0229977551778,0.5698429949467206,3,26.08470061921537,-133.3139125681722,383.33333333333195,1,0
random-s42-0000,prm,104,145,completed,True,False,6,767,0,,51.123399927746505,0.06665371568154695,2433.3333333333294,142.58020000124816,17.066418291684453,146,0,1,1,24589.693461125855,22861.57891116116,58.8885125073881,59.66323399881226,-133.3139125681722,20.0,kinematic,False,0,0.0,,,,random,event,2,23,18.49259999289643,10.538400005316362,2433.3333333333294,0.0,0.0,0.03759999526664615,22936.423914934687,16.666666666666668,8,759,34.319899990805425,16.80349993694108,2,0,0,0,0,4,313.49892400536385,358.4817945935561,0.15226182003978264,0,326.3463801078062,-133.3139125681722,383.33333333333195,1,0
random-s42-0000,prm,105,146,completed,True,False,6,772,0,,194.38129985064734,0.2517892485112012,2416.666666666663,284.24079999967944,8.502180780061794,145,0,1,1,24849.790610995806,22829.2594232616,58.942357953618426,59.80786455022527,-133.3139125681722,20.0,kinematic,False,0,0.0,,,,random,event,2,23,160.0425000215182,146.48520000628196,2416.666666666663,0.0,0.0,0.04260000423528254,22936.423914934687,16.666666666666668,8,764,177.76960003538989,16.611699815257452,2,0,0,0,0,4,305.4258481523764,538.2346197863973,0.19497853334853446,1,258.61595841281206,-133.3139125681722,383.33333333333195,1,0
random-s42-0000,prm,106,147,completed,True,False,6,778,0,,67.83650035504252,0.08719344518642998,2633.333333333329,165.8393999969121,15.87881609184766,158,0,1,1,33843.97816972782,22656.938202493893,59.46318002004781,59.66323399881226,-133.3139125681722,20.0,kinematic,False,0,0.0,,,,random,event,3,23,18.24030000716448,14.605400006985292,2633.333333333329,0.0,0.0,0.05339999916031957,22936.423914934687,16.666666666666668,9,769,50.45800001244061,17.37850034260191,3,0,0,0,0,4,130.28891301890226,237.14492689832812,0.08651043553944725,0,142.5571392811492,-133.3139125681722,383.33333333333195,1,0
random-s42-0000,prm,107,148,completed,True,False,6,786,0,,61.82159985473845,0.07865343492969269,2483.3333333333294,167.75670000060927,14.803184214545889,149,0,1,1,26081.644646477904,23662.62290934886,58.79180987082132,59.40502394453306,-144.71275213433256,20.0,kinematic,False,0,0.0,,,,random,event,3,25,17.154700006358325,9.255299999495037,2483.3333333333294,0.0,0.0,0.0627999979769811,22936.423914934687,16.666666666666668,9,777,41.58170000300743,20.239899851731025,3,0,0,0,0,5,576.4840706227479,739.9991132627434,0.3807092291806046,2,403.00724019878044,-144.71275213433256,416.6666666666652,1,0
random-s42-0000,prm,108,149,completed,True,False,6,787,0,,56.09510006615892,0.07127712841951578,2633.333333333329,157.85719999985304,16.681743584301383,158,0,1,1,24253.884324601444,22778.480539221935,59.412058593350814,59.95440204863112,-133.3139125681722,20.0,kinematic,False,0,0.0,,,,random,event,2,23,18.223300008685328,9.80820000404492,2633.333333333329,0.0,0.0,0.058200006606057286,22936.423914934687,16.666666666666668,8,779,37.74540001177229,18.34970005438663,2,0,0,0,0,4,344.27825679675544,434.31554449420065,0.15749132544229422,0,177.4338688596061,-133.3139125681722,383.33333333333195,1,0
random-s42-0000,prm,109,150,completed,True,False,6,782,0,,66.12660019891337,0.08456086981958232,2616.6666666666624,172.53989999881014,15.165574262444265,157,0,1,1,23382.726978817267,22722.50750789865,58.708647053674724,59.66323399881226,-133.3139125681722,20.0,kinematic,False,0,0.0,,,,random,event,3,23,18.756300007225946,10.082799999509007,2616.6666666666624,0.0,0.0,0.05609999061562121,22936.423914934687,16.666666666666668,9,773,46.13729999982752,19.989300199085847,3,0,0,0,0,4,254.69990823392595,442.75205690315187,0.21321298347523285,1,58.8106672857742,-133.3139125681722,383.33333333333195,1,0
random-s42-0000,prm,110,151,completed,True,False,6,795,0,,109.45650031499099,0.13768113247168678,2733.3333333333285,226.49789998831693,12.0678087234995,164,0,1,1,30569.844810907856,23564.95857561876,59.28253439235843,59.989741493384024,-133.3139125681722,20.0,kinematic,False,0,0.0,,,,random,event,7,23,20.263500002329238,10.596700012683868,2733.3333333333285,0.0,0.0,0.07059999916236848,22936.423914934687,16.666666666666668,13,782,88.2891000219388,21.167400293052197,7,0,0,0,0,4,284.2902480584267,643.4618231651585,0.28757332521968254,0,13.240442208769707,-133.3139125681722,383.33333333333195,1,0
random-s42-0000,prm,111,152,completed,True,False,6,773,0,,55.391300018527545,0.07165756794117406,2499.999999999996,154.2736999981571,16.204965590569618,150,0,1,1,24929.457818921943,22979.909342834966,59.239491183466875,59.98084158151708,-133.3139125681722,20.0,kinematic,False,0,0.0,,,,random,event,2,24,21.015499994973652,11.339100004988723,2499.999999999996,0.0,0.0,0.03599999763537198,22936.423914934687,16.666666666666668,8,765,37.88570000324398,17.505600015283562,2,0,0,0,0,4,467.9853843349497,592.1602833480061,0.1844063410174179,0,347.1480127951827,-133.3139125681722,383.33333333333195,1,0
random-s42-0000,prm,112,153,completed,True,False,6,810,0,,92.54289968521334,0.114250493438535,2966.666666666661,206.46249999117572,14.369033925257407,178,1,1,2,24628.317128556097,23260.040145464558,59.24669546306811,59.759466147581044,-133.3139125681722,20.0,kinematic,False,0,0.0,,,,random,event,5,39,22.236099975998513,12.228099993080832,2966.666666666661,0.0,0.0,0.08240000170189887,22936.423914934687,16.666666666666668,11,799,69.48569999076426,23.057199694449082,5,0,0,0,0,4,374.8143718557324,717.4828059743211,0.3250272352244375,0,-1.3895922111232721,-133.3139125681722,399.9999999999986,1,0
random-s42-0000,prm,113,154,completed,True,False,6,838,0,,104.72649968869518,0.12497195666908734,2816.6666666666615,219.98500000336207,12.80390329624117,169,0,1,1,27198.137327501518,25018.320335332148,59.45861037779955,59.85285946785065,-133.3139125681722,20.0,kinematic,False,0,0.0,,,,random,event,5,26,19.947599997976795,23.639399994863197,2816.6666666666615,0.0,0.0,0.0574999867239967,22936.423914934687,16.666666666666668,11,827,83.27380000264384,21.452699686051346,5,0,0,0,0,4,592.5084120859178,741.4939044423114,0.6861918950167469,6,51.99737663557889,-133.3139125681722,383.33333333333195,1,0
random-s42-0000,prm,114,155,completed,True,False,6,798,0,,72.90629969793372,0.09136127781695955,2533.3333333333294,190.33790001412854,13.309663147199183,152,0,1,1,23910.8934816929,23064.422632990114,59.25781902372234,59.77865393073044,-133.3139125681722,20.0,kinematic,False,0,0.0,,,,random,event,3,23,19.502699986333027,10.815700006787665,2533.3333333333294,0.0,0.0,0.0644999963697046,22936.423914934687,16.666666666666668,9,789,50.48139998689294,22.42489971104078,3,0,0,0,0,4,325.7864747038612,574.0645044784202,0.23817341070517534,1,192.55215804499858,-133.3139125681722,383.33333333333195,1,0
random-s42-0000,prm,115,156,completed,True,False,6,799,0,,85.00069996807724,0.10638385477856976,2666.666666666662,201.09129999764264,13.260974824360492,160,0,1,1,24410.287890858654,23943.520071044743,59.41760973149806,59.66323399881226,-133.3139125681722,20.0,kinematic,False,0,0.0,,,,random,event,4,23,22.716400009812787,11.802600012742914,2666.666666666662,0.0,0.0,0.043799998820759356,22936.423914934687,16.666666666666668,10,789,63.397200021427125,21.603499946650118,4,0,0,0,0,5,586.7810178132277,750.0,0.5033658047558884,3,75.012810351161,-133.3139125681722,383.33333333333195,1,0
random-s42-0000,prm,116,157,completed,True,False,6,786,0,,66.07679993612692,0.08406717549125561,2533.3333333333294,160.71389999706298,15.76300079445291,152,0,1,1,25329.70062620397,23294.935612420104,59.08568875795118,59.66323399881226,-133.3139125681722,20.0,kinematic,False,0,0.0,,,,random,event,3,23,21.951799964881502,12.127800000598654,2533.3333333333294,0.0,0.0,0.05300001066643745,22936.423914934687,16.666666666666668,9,777,48.27819997444749,17.79859996167943,3,0,0,0,0,4,304.0437796588038,750.0000000000001,0.31089744561440397,3,280.1588425303247,-133.3139125681722,383.33333333333195,1,0
random-s42-0000,prm,117,158,completed,True,False,6,785,0,,52.90749989217147,0.06739808903461333,2566.6666666666624,146.07899999828078,17.570401404013374,154,0,1,1,24453.30652448306,22790.374634617023,59.38832739788483,59.951915708159504,-133.3139125681722,20.0,kinematic,False,0,0.0,,,,random,event,2,23,17.520400011562742,9.363200006191619,2566.6666666666624,0.0,0.0,0.041399995097890496,22936.423914934687,16.666666666666668,8,777,36.060100013855845,16.847399878315628,2,0,0,0,0,4,372.99894712615185,503.0470695263745,0.14849821908954883,0,134.6174501041845,-133.3139125681722,383.33333333333195,1,0
random-s42-0000,prm,118,159,completed,True,False,6,774,0,,52.8016999742249,0.06821925061269367,2433.3333333333294,152.63779999804683,15.94187896683827,146,0,1,1,24119.695855663955,22785.302938540495,59.33857472568692,59.66323399881226,-133.3139125681722,20.0,kinematic,False,0,0.0,,,,random,event,2,23,16.470799993840046,8.871600002748892,2433.3333333333294,0.0,0.0,0.05780000356025994,22936.423914934687,16.666666666666668,8,766,33.97140000015497,18.83029997406993,2,0,0,0,0,4,266.1224464171688,286.0698505989988,0.14936148779953384,0,218.52267085363525,-133.3139125681722,383.33333333333195,1,0
random-s42-0000,prm,119,160,completed,True,False,6,783,0,,56.14429993147496,0.07170408675795015,2499.999999999996,154.4698000070639,16.184393324039203,150,0,1,1,24964.64989149636,22902.12392202871,59.12177198565311,59.66323399881226,-133.3139125681722,20.0,kinematic,False,0,0.0,,,,random,event,2,23,19.606799993198365,9.791399992536753,2499.999999999996,0.0,0.0,0.04300000728107989,22936.423914934687,16.666666666666668,8,775,37.73609998461325,18.408199946861714,2,0,0,0,0,4,324.40680331758483,421.06262846947345,0.13806897246301353,0,156.0644344365158,-133.3139125681722,383.33333333333195,1,0
random-s42-0000,prm,120,161,completed,True,False,6,872,0,,101.47280010278337,0.11636789002612771,2966.666666666661,221.83109998877626,13.373538096402003,178,0,1,1,24606.053324428856,23868.83085931921,59.29057349884141,59.80505887876444,-133.3139125681722,20.0,kinematic,False,0,0.0,,,,random,event,7,23,19.32970002235379,11.135300010209903,2966.666666666661,0.0,0.0,0.047900000936351717,22936.423914934687,16.666666666666668,13,859,78.2008000096539,23.272000093129463,7,0,0,0,0,7,383.9201473704299,685.238527379798,0.6296045480095455,2,24.102627109694794,-133.3139125681722,383.33333333333195,1,0
random-s42-0000,prm,121,162,completed,True,False,6,784,0,,58.97810014721472,0.07522716855512081,2616.6666666666624,171.31919998792,15.273633468117806,157,0,1,1,24993.825652840962,22660.847731040576,59.14832222531609,59.66323399881226,-133.3139125681722,20.0,kinematic,False,0,0.0,,,,random,event,2,23,18.801600017468445,10.271899998770095,2616.6666666666624,0.0,0.0,0.04679999256040901,22936.423914934687,16.666666666666668,8,776,38.65520001272671,20.32290013448801,2,0,0,0,0,4,130.17271812226917,254.5855974742368,0.09033287654320402,0,161.15393354450282,-133.3139125681722,383.33333333333195,1,0
random-s42-0000,prm,122,163,completed,True,False,6,826,0,,63.40859997726511,0.07676585953664057,2799.999999999995,183.23819999932311,15.280656544379601,168,0,1,1,24826.345766782728,24152.830807162594,59.00369519783823,59.66323399881226,-133.3139125681722,20.0,kinematic,False,0,0.0,,,,random,event,2,23,20.553999973344617,10.447799999383278,2799.999999999995,0.0,0.0,0.07239999831654131,22936.423914934687,16.666666666666668,8,818,40.71039997506887,22.698200002196245,2,0,0,0,0,4,418.6209188063565,671.9383951197912,0.31876523712650984,3,289.9931661089804,-133.3139125681722,383.33333333333195,1,0
random-s42-0000,prm,123,164,completed,True,False,6,846,0,,116.67239984672051,0.1379106381166909,3016.666666666661,237.4526999919908,12.704284544957426,181,0,3,3,23918.656392534696,23227.921682469958,59.324620823407464,59.697457328459194,-127.19462978844501,20.0,kinematic,False,0,0.0,,,,random,event,7,23,21.737999995821156,11.571700000786223,3016.666666666661,0.0,0.0,0.07349999214056879,22936.423914934687,16.666666666666668,13,833,94.155899976613,22.51649987010751,7,0,0,0,0,7,279.4514719460851,714.7257596327408,0.352429129590151,1,6.84522224217551,-127.19462978844501,416.6666666666652,3,0
random-s42-0000,prm,124,165,completed,True,False,6,862,0,,211.34850005910266,0.24518387477854137,3466.6666666666592,349.1024999966612,9.93022584112063,208,0,2,2,26368.15934640633,25586.002395199655,59.047335150351834,59.66323399881226,-133.3139125681722,20.0,kinematic,False,0,0.0,,,,random,event,15,24,19.91339998494368,14.801500001340173,3466.6666666666592,0.0,0.0,0.07749999349471182,22936.423914934687,16.666666666666668,21,841,187.76289996458218,23.585600094520487,15,0,0,0,0,11,451.51341021187744,744.5523777601024,1.6209222410275994,14,28.64549964768716,-133.3139125681722,383.33333333333195,2,0
random-s42-0000,prm,125,166,completed,True,False,6,775,0,,65.9572000731714,0.08510606461054375,2516.6666666666624,180.59329999960028,13.93554836570478,151,0,1,1,24136.119315663233,22793.760205028353,58.97805189335177,59.66323399881226,-133.3139125681722,20.0,kinematic,False,0,0.0,,,,random,event,2,23,23.523199997725897,12.617200001841411,2516.6666666666624,0.0,0.0,0.04189999890513718,22936.423914934687,16.666666666666668,8,767,45.47169999568723,20.485500077484176,2,0,0,0,0,4,239.55229630088124,473.3319454113823,0.1156242237064098,0,148.21125447685853,-133.3139125681722,383.33333333333195,1,0
random-s42-0000,prm,126,167,completed,True,False,6,832,0,,116.54039987479337,0.14007259600335742,2816.6666666666615,248.82430001161993,11.31990190079958,169,1,1,2,25708.269160195072,24598.93834472237,59.03450546433956,59.90264639325628,-133.3139125681722,20.0,kinematic,False,0,0.0,,,,random,event,6,55,21.8099999910919,12.111299991374835,2816.6666666666615,0.0,0.0,0.10740000288933516,22936.423914934687,16.666666666666668,12,820,88.40239996789023,28.137999906903133,6,0,0,0,0,5,408.9281722722522,750.0,0.5523499525085572,5,-63.242508936249294,-133.3139125681722,649.9999999999986,1,0
random-s42-0000,prm,127,168,completed,True,False,6,762,0,,62.24259974260349,0.08168320176194684,2399.9999999999964,171.14659999788273,14.023065605917306,144,0,1,1,24875.357714527127,22840.45197385026,59.325946531818595,59.801960281284025,-133.3139125681722,20.0,kinematic,False,0,0.0,,,,random,event,2,23,21.08269998279866,11.491400000522844,2399.9999999999964,0.0,0.0,0.04880000778939575,22936.423914934687,16.666666666666668,8,754,42.031599979964085,20.210999762639403,2,0,0,0,0,4,182.43529155574282,192.6163284040708,0.15043969197606477,1,342.5651513786878,-133.3139125681722,383.33333333333195,1,0
random-s42-0000,prm,128,169,completed,True,False,6,850,0,,75.13820024905726,0.08839788264594972,3533.3333333333258,210.29439999256283,16.801842243342115,212,0,1,1,27420.3187948634,23958.09664422959,59.36404118586531,59.66323399881226,-133.3139125681722,20.0,kinematic,False,0,0.0,,,,random,event,3,23,20.945899974321947,10.50760000362061,3533.3333333333258,0.0,0.0,0.05370000144466758,22936.423914934687,16.666666666666668,9,841,51.28749998402782,23.850700265029445,3,0,0,0,0,4,351.3323139325592,608.2793850344839,0.34402604179316654,3,182.50557940091056,-133.3139125681722,383.33333333333195,1,0
random-s42-0000,prm,129,170,completed,True,False,6,789,0,,69.27049983642064,0.0877953103123202,2516.6666666666624,177.84930000198074,14.150557053857586,151,0,1,1,25977.60127607374,23662.848586502834,59.307379023879385,59.92402513984683,-133.3139125681722,20.0,kinematic,False,0,0.0,,,,random,event,3,24,19.489300000714138,10.516700000152923,2516.6666666666624,0.0,0.0,0.06930000381544232,22936.423914934687,16.666666666666668,9,780,48.333800019463524,20.936699816957116,3,0,0,0,0,4,600.8252226335367,746.480736105378,0.30406904952264036,0,100.0289648478996,-133.3139125681722,383.33333333333195,1,0
random-s42-0000,prm,130,171,completed,True,False,6,770,0,,64.50989993754774,0.08377909082798408,2416.666666666663,167.1065999980783,14.461826562771632,145,0,1,1,25990.87076102092,23190.99409452276,59.37425655466479,59.97414966996709,-133.3139125681722,20.0,kinematic,False,0,0.0,,,,random,event,3,23,17.81479999772273,9.663900011219084,2416.666666666663,0.0,0.0,0.03640000068116933,22936.423914934687,16.666666666666668,9,761,46.421500024734996,18.088399912812747,3,0,0,0,0,4,351.0829866043066,610.93542131687,0.3047049801631644,2,349.76215771698594,-133.3139125681722,383.33333333333195,1,0
random-s42-0000,prm,131,172,completed,True,False,6,819,0,,92.46519992302638,0.11290012200613721,2683.3333333333285,207.1840999997221,12.951444311300566,161,0,1,1,25542.65102940892,23614.297869007194,59.30472629606381,59.66323399881226,-133.3139125681722,20.0,kinematic,False,0,0.0,,,,random,event,5,31,16.593899970757775,11.822900007246062,2683.3333333333285,0.0,0.0,0.07150000601541251,22936.423914934687,16.666666666666668,11,808,71.03939997614361,21.425799946882762,5,0,0,0,0,5,627.06782592951,749.9929857701367,0.5638199181924577,3,22.666334306444696,-133.3139125681722,383.33333333333195,1,0
random-s42-0000,prm,132,173,completed,True,False,6,787,0,,54.820600256789476,0.06965768774687355,2466.666666666663,160.07369999715593,15.40956863438834,148,0,1,1,24387.517665824478,23178.829114743097,59.23045661150374,59.91525369720832,-133.3139125681722,20.0,kinematic,False,0,0.0,,,,random,event,2,23,20.0743000023067,10.414399992441759,2466.666666666663,0.0,0.0,0.0371999922208488,22936.423914934687,16.666666666666668,8,779,37.1885999920778,17.632000264711678,2,0,0,0,0,4,601.6772527422306,621.0952502324716,0.23614892615400085,0,163.3638636417768,-133.3139125681722,383.33333333333195,1,0
random-s42-0000,prm,133,174,completed,True,False,6,852,0,,93.99980017042253,0.110328403955895,3499.9999999999923,220.20789999805856,15.894071012124677,210,0,1,1,25539.96661441245,25779.76637346539,59.475724043882366,59.99315296295869,-133.3139125681722,20.0,kinematic,False,0,0.0,,,,random,event,6,23,17.518599997856654,9.90079999610316,3499.9999999999923,0.0,0.0,0.0641999940853566,22936.423914934687,16.666666666666668,12,840,71.92689998191781,22.07290018850472,6,0,0,0,0,6,487.12677307099926,750.0,0.5128198435980615,2,127.979010545059,-133.3139125681722,383.33333333333195,1,0
random-s42-0000,prm,134,175,completed,True,False,6,799,0,,77.12590011942666,0.09652803519327492,2599.9999999999955,183.32440000085626,14.182509256748428,156,0,1,1,23499.09450494884,23362.138337746175,59.1967977410751,59.849058917909005,-133.3139125681722,20.0,kinematic,False,0,0.0,,,,random,event,4,23,19.765599994570948,10.953999997582287,2599.9999999999955,0.0,0.0,0.04980000085197389,22936.423914934687,16.666666666666668,10,789,58.673000006820075,18.452900112606585,4,0,0,0,0,4,582.1846674126024,711.1558006649008,0.372819256984689,1,95.82280694052753,-133.3139125681722,383.33333333333195,1,0
random-s42-0000,prm,135,176,completed,True,False,6,774,0,,92.96029974939302,0.1201037464462442,2583.333333333329,198.19070000085048,13.034584031048093,155,0,1,1,23189.657748233818,23398.633706809167,59.20838341299231,59.97015734318554,-126.67257619404496,20.0,kinematic,False,0,0.0,,,,random,event,6,21,18.28649996605236,10.404899992863648,2583.333333333329,0.0,0.0,0.06399999256245792,22936.423914934687,16.666666666666668,12,762,73.97349996608682,18.986799783306196,6,0,0,0,0,5,358.2070473466906,689.9522239606615,0.3092778190376631,0,62.714900822547236,-126.67257619404496,383.33333333333195,1,0
random-s42-0000,prm,136,177,completed,True,False,6,778,0,,65.79539993254002,0.08456992279246789,2549.999999999996,170.069700005115,14.993852520015631,153,0,1,1,25276.5339945017,22996.72758999687,59.34300095125544,59.889946511397,-133.3139125681722,20.0,kinematic,False,0,0.0,,,,random,event,2,23,21.580200002063066,12.42919999640435,2549.999999999996,0.0,0.0,0.062000006437301636,22936.423914934687,16.666666666666668,8,770,43.11759999836795,22.67779993417207,2,0,0,0,0,4,361.41025837410615,619.2624600301637,0.17201669680227982,0,201.80307791333655,-133.3139125681722,383.33333333333195,1,0
random-s42-0000,prm,137,178,completed,True,False,6,856,0,,73.71900013822597,0.08612032726428268,2883.333333333328,185.6300000072224,15.532690476868742,173,0,1,1,24009.715644402935,24976.099323606846,59.179469185826896,59.817125119847724,-133.3139125681722,20.0,kinematic,False,0,0.0,,,,random,event,3,38,21.285000038915314,12.763800012180582,2883.333333333328,0.0,0.0,0.06710000161547214,22936.423914934687,16.666666666666668,9,847,50.57090004265774,23.148100095568225,3,0,0,0,0,4,712.0817934517299,750.0,0.47737260063176445,3,12.04682600862634,-133.3139125681722,383.33333333333195,1,0
random-s42-0000,prm,138,179,completed,True,False,6,759,0,,63.245000172173604,0.08332674594489275,2399.9999999999964,169.16689999925438,14.18717254977525,144,0,1,1,24471.339734769357,22714.917211895838,59.23944999451201,59.86823272277119,-133.3139125681722,20.0,kinematic,False,0,0.0,,,,random,event,3,23,17.528099997434765,9.349800006020814,2399.9999999999964,0.0,0.0,0.060999998822808266,22936.423914934687,16.666666666666668,9,750,44.81289999966975,18.43210017250385,3,0,0,0,0,4,139.5474580722949,228.1691437895246,0.09014723207689537,0,241.92246666124873,-133.3139125681722,383.33333333333195,1,0
random-s42-0000,prm,139,180,completed,True,False,6,779,0,,66.23230010154657,0.08502220808927673,2516.6666666666624,175.64850000781007,14.327857434334828,151,0,1,1,24132.067277958966,22762.556686284013,59.48963422095408,59.841895351405604,-133.3139125681722,20.0,kinematic,False,0,0.0,,,,random,event,2,23,23.78119999775663,13.23519999277778,2516.6666666666624,0.0,0.0,0.07360000745393336,22936.423914934687,16.666666666666668,8,771,44.7847999894293,21.447500112117268,2,0,0,0,0,4,368.19806884661006,421.29555095386337,0.14286940849101265,0,196.52991965205808,-133.3139125681722,383.33333333333195,1,0
random-s42-0000,prm,140,181,completed,True,False,6,785,0,,70.15709996630903,0.0893721018679096,2616.6666666666624,177.19300001044758,14.767325269691126,157,0,1,1,24306.690833493234,23230.407694113983,59.40735658812259,59.89873519331937,-133.3139125681722,20.0,kinematic,False,0,0.0,,,,random,event,3,23,20.093399987672456,10.623599999235012,2616.6666666666624,0.0,0.0,0.06830001075286418,22936.423914934687,16.666666666666668,9,776,50.45789998257533,19.699199983733706,3,0,0,0,0,4,508.16572185169593,748.9683988584034,0.2820597735650497,2,208.74732410686568,-133.3139125681722,383.33333333333195,1,0
random-s42-0000,prm,141,182,completed,True,False,6,854,0,,122.75699993188027,0.14374355963920407,3633.3333333333253,249.76930000411812,14.546757080527591,218,0,1,1,24755.14917871191,24649.071600848278,59.07622668641677,59.66323399881226,-133.3139125681722,20.0,kinematic,False,0,0.0,,,,random,event,8,23,19.339800011948682,11.719800007995218,3633.3333333333253,0.0,0.0,0.06719998782500625,22936.423914934687,16.666666666666668,14,840,100.60680002789013,22.150199903990142,8,0,0,0,0,8,337.6094813085657,546.6751545520226,0.9180972014868962,9,30.724291906996427,-133.3139125681722,383.33333333333195,1,0
random-s42-0000,prm,142,183,completed,True,False,6,906,0,,132.11540022166446,0.14582273755150602,3449.9999999999927,258.9589999988675,13.322572299148051,207,0,1,1,25443.301809831388,27370.750555242183,58.94662556520711,59.66323399881226,-133.3139125681722,20.0,kinematic,False,0,0.0,,,,random,event,9,23,18.771199975162745,11.118099995655939,3449.9999999999927,0.0,0.0,0.0675999908708036,22936.423914934687,16.666666666666668,15,891,108.98159998760093,23.13380023406353,9,0,0,0,0,6,453.8767434749052,750.0,0.784000945548785,9,145.2191289826472,-133.3139125681722,383.33333333333195,1,0
random-s42-0000,prm,143,184,completed,True,False,6,776,0,,67.2421998315258,0.08665231937052294,2483.3333333333294,156.01769999193493,15.916997452607628,149,0,1,1,24675.097156496526,23357.315550837367,59.245627704175384,59.66323399881226,-133.3139125681722,20.0,kinematic,False,0,0.0,,,,random,event,4,23,18.093000006047077,9.481000000960194,2483.3333333333294,0.0,0.0,0.04410000110510737,22936.423914934687,16.666666666666668,10,766,50.897600027383305,16.34459980414249,4,0,0,0,0,4,535.1107380304107,750.0,0.326821122717151,2,185.70424532723763,-133.3139125681722,383.33333333333195,1,0
random-s42-0000,prm,144,185,completed,True,False,6,777,0,,56.07770005008206,0.07217207213652775,2483.3333333333294,143.87420000275597,17.260449290322796,149,0,1,1,24582.685951088133,23048.919797596533,59.33335847911888,59.79681526953257,-133.3139125681722,20.0,kinematic,False,0,0.0,,,,random,event,3,23,16.075300009106286,8.65039999189321,2483.3333333333294,0.0,0.0,0.041799998143687844,22936.423914934687,16.666666666666668,9,768,40.756600006716326,15.321100043365732,3,0,0,0,0,5,220.74969076588945,357.2324339795669,0.16188451886806057,0,173.19030594641362,-133.3139125681722,383.33333333333195,1,0
random-s42-0000,prm,145,186,completed,True,False,6,823,0,,47.0638999104267,0.057185783609266946,2533.3333333333294,137.50670000445098,18.423344704304064,152,0,1,1,24864.34660391339,23867.007930972366,59.53718361369892,59.80153817597808,-133.3139125681722,20.0,kinematic,False,0,0.0,,,,random,event,2,23,14.991800009738654,8.86819999141153,2533.3333333333294,0.0,0.0,0.03739999374374747,22936.423914934687,16.666666666666668,8,815,30.857099991408177,16.206799919018522,2,0,0,0,0,4,545.3052081646764,750.0,0.3052954664805822,3,130.32811838150786,-133.3139125681722,383.33333333333195,1,0
random-s42-0000,prm,146,187,completed,True,False,6,780,0,,50.25290012417827,0.06442679503099778,2499.999999999996,127.65109998872504,19.58463342831211,150,0,1,1,23645.49980135011,22632.270140347286,59.35411846086158,59.9802108702381,-133.3139125681722,20.0,kinematic,False,0,0.0,,,,random,event,2,23,15.985100020770915,11.878500008606352,2499.999999999996,0.0,0.0,0.03170000854879618,22936.423914934687,16.666666666666668,8,772,36.28730002674274,13.965600097435527,2,0,0,0,0,4,165.56819536067,174.72345213460085,0.09601282673929742,0,119.98734781402095,-133.3139125681722,383.33333333333195,1,0
random-s42-0000,prm,147,188,completed,True,False,6,862,0,,36.8483001657296,0.04274744798808538,3266.66666666666,126.68679999478627,25.785375167745165,196,0,2,2,25813.4842169283,24301.097825191096,58.99668473928606,59.66323399881226,-133.3139125681722,20.0,kinematic,False,0,0.0,,,,random,event,1,43,13.698899987502955,7.014400005573407,3266.66666666666,0.0,0.0,0.05129999772179872,22936.423914934687,16.666666666666668,7,855,20.65959997707978,16.18870018864982,1,0,0,0,0,3,532.492923582906,532.492923582906,0.20210190116422,0,271.19504058022113,-133.3139125681722,649.9999999999977,2,0
random-s42-0000,prm,148,189,completed,True,False,6,771,0,,273.1171002233168,0.3542374840769349,2533.3333333333294,366.99000000953674,6.903003714726552,152,0,1,1,23800.09440496173,22992.693063080536,59.210590753817165,59.66323399881226,-133.3139125681722,20.0,kinematic,False,0,0.0,,,,random,event,4,23,190.1685000048019,179.23599999630824,2533.3333333333294,0.0,0.0,0.053099996875971556,22936.423914934687,16.666666666666668,10,761,255.2962000190746,17.820900204242207,4,0,0,0,0,5,434.9836477211687,727.690757134501,0.3500889728518525,2,199.24382575479336,-133.3139125681722,383.33333333333195,1,0
random-s42-0000,prm,149,190,completed,True,False,6,840,0,,74.85279990942217,0.08911047608264544,2916.666666666661,176.94350000238046,16.483604464856988,175,0,1,1,25472.128282678663,23444.683887317333,59.2042932375748,59.66323399881226,-133.3139125681722,20.0,kinematic,False,0,0.0,,,,random,event,4,23,20.78240000992082,11.908600004971959,2916.666666666661,0.0,0.0,0.04579999949783087,22936.423914934687,16.666666666666668,10,830,56.5132000047015,18.33959990472067,4,0,0,0,0,5,293.6871951160193,678.7770315784311,0.36411427391624707,1,35.45549078677513,-133.3139125681722,383.33333333333195,1,0
random-s42-0000,prm,150,191,completed,True,False,6,779,0,,50.832200242439285,0.06525314536898497,2566.6666666666624,140.6243999954313,18.25192972734497,154,0,1,1,23745.687754018745,23149.885430003123,58.97691029566703,59.66323399881226,-133.3139125681722,20.0,kinematic,False,0,0.0,,,,random,event,2,23,16.688300005625933,8.888399999705143,2566.6666666666624,0.0,0.0,0.03369999467395246,22936.423914934687,16.666666666666668,8,771,34.233200014568865,16.59900022787042,2,0,0,0,0,4,575.111888322693,672.7095479174824,0.219780662062328,0,247.23698909388008,-133.3139125681722,383.33333333333195,1,0
random-s42-0000,prm,151,192,completed,True,False,6,839,0,,68.93490000220481,0.0821631704436291,2933.3333333333276,178.8352000003215,16.40243829697987,176,0,1,1,23873.379624946374,23167.283203741426,58.908552012097,59.66323399881226,-133.3139125681722,20.0,kinematic,False,0,0.0,,,,random,event,4,23,17.838699990534224,10.52979999803938,2933.3333333333276,0.0,0.0,0.042800005758181214,22936.423914934687,16.666666666666668,10,829,50.4454999754671,18.489400026737712,4,0,0,0,0,5,406.3837441307559,720.8785648871882,0.30745931963711287,0,47.441090910722465,-133.3139125681722,383.33333333333195,1,0
random-s42-0000,prm,152,193,completed,True,False,6,785,0,,56.01539967756253,0.07135719704148093,2516.6666666666624,157.93110000959132,15.93521900698357,151,0,1,1,23275.435310098474,22735.902000005626,59.11090585042806,59.85884768575075,-133.3139125681722,20.0,kinematic,False,0,0.0,,,,random,event,2,23,18.346899989410304,11.073200003011152,2516.6666666666624,0.0,0.0,0.04640000406652689,22936.423914934687,16.666666666666668,8,777,39.449299991247244,16.566099686315283,2,0,0,0,0,4,368.0522469208802,376.74262126766877,0.1430385622963189,0,90.36900030367917,-133.3139125681722,383.33333333333195,1,0
random-s42-0000,prm,153,194,completed,True,False,6,835,0,,61.80509997648187,0.07401808380416991,2649.9999999999955,161.89000000304077,16.36913953888579,159,0,1,1,23689.764918688976,24129.22484060181,59.02098385198883,59.66323399881226,-133.3139125681722,20.0,kinematic,False,0,0.0,,,,random,event,3,23,17.61320000514388,9.031000008690171,2649.9999999999955,0.0,0.0,0.06079999729990959,22936.423914934687,16.666666666666668,9,826,40.99700000369921,20.808099972782657,3,0,0,0,0,4,554.0584791499715,750.0,0.5459383469110339,6,19.849807959850835,-133.3139125681722,383.33333333333195,1,0
random-s42-0000,prm,154,195,completed,True,False,6,783,0,,60.22430010489188,0.07691481494877635,2583.333333333329,160.96220001054462,16.04931675364834,155,0,1,1,23570.705277033027,22958.667256576373,59.30084956655222,59.72838647060037,-133.3139125681722,20.0,kinematic,False,0,0.0,,,,random,event,2,23,21.425999992061406,12.055400002282113,2583.333333333329,0.0,0.0,0.06120000034570694,22936.423914934687,16.666666666666668,8,775,40.60289998597,19.621400118921883,2,0,0,0,0,4,357.14854966021187,456.1795032293578,0.12813123609768345,0,148.18908350789576,-133.3139125681722,383.33333333333195,1,0
random-s42-0000,prm,155,196,completed,True,False,6,782,0,,50.29470020963345,0.06431547341385352,2549.999999999996,142.03940000152215,17.952765218472262,153,0,1,1,23963.742186853146,23137.916262592895,59.103772158925324,59.854626843814984,-133.3139125681722,20.0,kinematic,False,0,0.0,,,,random,event,2,23,16.642600021441467,8.765800012042746,2549.999999999996,0.0,0.0,0.03749999450519681,22936.423914934687,16.666666666666668,8,774,33.514000024297275,16.780700185336173,2,0,0,0,0,4,486.6033683472949,563.0005771219876,0.17418320104551918,0,209.28750577850866,-133.3139125681722,383.33333333333195,1,0
random-s42-0000,prm,156,197,completed,True,False,6,783,0,,52.83369998505805,0.06747598976380338,2683.3333333333285,151.0232000000542,17.767689555858738,161,0,1,1,25231.44899795106,22674.580515573278,59.268706379966915,59.67427543287204,-133.3139125681722,20.0,kinematic,False,0,0.0,,,,random,event,2,23,17.92679999198299,9.875100004137494,2683.3333333333285,0.0,0.0,0.04099999205209315,22936.423914934687,16.666666666666668,8,775,34.510999990743585,18.322699994314462,2,0,0,0,0,4,97.37786171783972,98.27787058102382,0.08893771978720472,0,89.2586056069855,-133.3139125681722,383.33333333333195,1,0
random-s42-0000,prm,157,198,completed,True,False,6,784,0,,66.276799843763,0.08453673449459566,2533.3333333333294,165.61919999367092,15.296133138127342,152,0,1,1,23420.637625739677,22873.093921897802,59.13425313185032,59.75492732207979,-133.3139125681722,20.0,kinematic,False,0,0.0,,,,random,event,3,23,18.918099987786263,10.414799995487556,2533.3333333333294,0.0,0.0,0.0447999918833375,22936.423914934687,16.666666666666668,9,775,47.014799987664446,19.261999856098555,3,0,0,0,0,4,445.7777579074788,721.8206973877484,0.2547498525584201,2,99.2758832928298,-133.3139125681722,383.33333333333195,1,0
random-s42-0000,prm,158,199,completed,True,False,6,768,0,,60.020199773134664,0.07815130178793576,2399.9999999999964,165.19200000038836,14.528548597960881,144,0,1,1,25377.00467786903,23024.642172124888,59.05295443970159,59.66323399881226,-133.3139125681722,20.0,kinematic,False,0,0.0,,,,random,event,2,23,19.17539998248685,10.296299995388836,2399.9999999999964,0.0,0.0,0.054199990699999034,22936.423914934687,16.666666666666668,8,760,38.963999977568164,21.0561997955665,2,0,0,0,0,4,374.34767023923433,523.5613741329335,0.18384929553204316,0,358.57725477778513,-133.3139125681722,383.33333333333195,1,0
random-s42-0000,prm,159,200,completed,True,False,6,773,0,,62.50859999272507,0.08086494177584097,2483.3333333333294,164.66249999939464,15.081353273164558,149,0,1,1,26321.271207735204,22801.68322013034,59.41318618810451,59.75488850358426,-133.3139125681722,20.0,kinematic,False,0,0.0,,,,random,event,2,23,22.925300014321692,12.607500000740401,2483.3333333333294,0.0,0.0,0.05320001218933612,22936.423914934687,16.666666666666668,8,765,44.56510001909919,17.943499973625876,2,0,0,0,0,4,223.00464730492894,345.62896937244557,0.16448665392152403,1,320.6352153851068,-133.3139125681722,383.33333333333195,1,0
random-s42-0000,prm,160,201,completed,True,False,6,824,0,,105.84110028867144,0.1284479372435333,3116.6666666666606,208.430300001055,14.953040256867093,187,0,1,1,24412.701592276306,23143.06385385845,59.509339534198006,59.83834148294593,-133.3139125681722,20.0,kinematic,False,0,0.0,,,,random,event,7,23,16.066900003352202,12.61799999338109,3116.6666666666606,0.0,0.0,0.05539999983739108,22936.423914934687,16.666666666666668,13,811,87.92489999905229,17.916200289619155,7,0,0,0,0,5,317.1984480023716,629.654886339308,0.3913775344021222,2,17.506081635037702,-133.3139125681722,383.33333333333195,1,0
random-s42-0000,prm,161,202,completed,True,False,6,943,0,,105.39729987794999,0.11176808046442205,4649.999999999989,246.33359999279492,18.876840188005204,279,0,1,1,24049.230991879518,25542.65049207726,59.32388921164536,59.66323399881226,-133.3139125681722,20.0,kinematic,False,0,0.0,,,,random,event,7,23,18.264200014527887,11.203000001842156,4649.999999999989,0.0,0.0,0.058999998145736754,22936.423914934687,16.666666666666668,13,930,79.71980003640056,25.677499841549434,7,0,0,0,0,6,396.96077580533887,702.9070773117385,0.5559919405754081,2,60.82012139029257,-133.3139125681722,383.33333333333195,1,0
random-s42-0000,prm,162,203,completed,True,False,6,778,0,,104.68609986128286,0.13455796897337127,2616.6666666666624,194.61420000880025,13.4454046341343,157,0,1,1,24116.637628198598,23094.034420705364,59.09562667011836,59.66323399881226,-133.3139125681722,20.0,kinematic,False,0,0.0,,,,random,event,7,23,17.236700005014427,12.480000004870817,2616.6666666666624,0.0,0.0,0.05679999594576657,22936.423914934687,16.666666666666668,13,765,83.89099998748861,20.795099873794243,7,0,0,0,0,5,307.42478099119796,710.9967151381661,0.23179739010059497,0,16.9418104091543,-133.3139125681722,383.33333333333195,1,0
random-s42-0000,prm,163,204,completed,True,False,6,786,0,,51.26419999578502,0.06522162849336517,2599.9999999999955,149.74560000700876,17.36278060843393,156,0,1,1,24118.353478399018,23001.305291110726,59.292106322653574,59.87488864418277,-133.3139125681722,20.0,kinematic,False,0,0.0,,,,random,event,2,23,18.180200015194714,9.87629999872297,2599.9999999999955,0.0,0.0,0.04680000711232424,22936.423914934687,16.666666666666668,8,778,34.830200020223856,16.433999975561164,2,0,0,0,0,4,479.7430171758681,649.266151735193,0.1958823307710815,0,204.37952014698743,-133.3139125681722,383.33333333333195,1,0
random-s42-0000,prm,164,205,completed,True,False,6,786,0,,55.31520007934887,0.07037557262003673,2549.999999999996,149.36510000552516,17.072261190235665,153,0,1,1,24195.489707706107,23028.41630552907,58.8384980803688,59.66323399881226,-133.3139125681722,20.0,kinematic,False,0,0.0,,,,random,event,3,23,15.176500004599802,7.6569999946514145,2549.999999999996,0.0,0.0,0.043499996536411345,22936.423914934687,16.666666666666668,9,777,37.54130000015721,17.773900079191662,3,0,0,0,0,5,489.9167965516044,689.5139145591816,0.2688686434003523,0,183.22291050277403,-133.3139125681722,383.33333333333195,1,0
random-s42-0000,prm,165,206,completed,True,False,6,788,0,,87.71900026476942,0.11131852825478353,2533.3333333333294,200.93069999711588,12.607995360438661,152,0,3,3,25019.949627037116,23188.753481899625,59.223138617559734,59.66323399881226,-133.3139125681722,20.0,kinematic,False,0,0.0,,,,random,event,3,34,21.47729997523129,14.839300012681633,2533.3333333333294,0.0,0.0,0.08169999637175351,22936.423914934687,16.666666666666668,9,779,57.170699976268224,30.548300288501196,2,0,0,0,1,4,484.68437835368513,618.9218588535372,0.20378218007534604,0,254.34659295516457,-133.3139125681722,516.6666666666653,3,0
random-s42-0000,prm,166,207,completed,True,False,6,821,0,,86.62370021920651,0.10550998808673144,3133.333333333327,212.3481000016909,14.755645721851886,188,0,1,1,24437.313419570597,23075.21762540159,59.06846440511173,59.66323399881226,-133.3139125681722,20.0,kinematic,False,0,0.0,,,,random,event,4,23,21.93830002215691,12.162300001364201,3133.333333333327,0.0,0.0,0.06770000618416816,22936.423914934687,16.666666666666668,10,811,65.01300002855714,21.610700190649368,4,0,0,0,0,4,370.51577142167207,587.3081107060356,0.1951521763460578,0,16.91720217556781,-133.3139125681722,383.33333333333195,1,0
random-s42-0000,prm,167,208,completed,True,False,6,774,0,,104.18099974049255,0.1346007748585175,2499.999999999996,218.13059999840334,11.461023808756293,150,0,2,2,26810.95375281039,23404.693622257775,59.22608321941555,59.7998218800132,-133.3139125681722,20.0,kinematic,False,0,0.0,,,,random,event,5,26,19.544099995982833,21.73219999531284,2499.999999999996,0.0,0.0,0.08339999476447701,22936.423914934687,16.666666666666668,11,763,81.69209999323357,22.488899747258984,5,0,0,0,0,7,415.3903654505536,717.9570013329054,0.3486690449694385,0,28.105601846068282,-133.3139125681722,399.99999999999864,2,0
random-s42-0000,prm,168,209,completed,True,False,6,802,0,,109.54670008504763,0.13659189536788982,2633.333333333329,240.84020000009332,10.933944305528348,158,0,1,1,23867.99068820576,23543.833489134187,59.200399263654255,59.87994357899861,-131.31385147503852,20.0,kinematic,False,0,0.0,,,,random,event,5,32,19.49659999809228,21.947600005660206,2633.333333333329,0.0,0.0,0.09220000356435776,22936.423914934687,16.666666666666668,11,791,83.16419999755453,26.3825000874931,5,0,0,0,0,6,281.38482540570834,589.2390718142126,0.459635726013603,2,27.29135355206543,-131.31385147503852,383.33333333333195,1,0
random-s42-0000,prm,169,210,completed,True,False,6,816,0,,97.39520016591996,0.11935686294843133,2916.666666666661,215.66850000817794,13.523841759719495,175,0,1,1,23646.328751049885,23487.214869674543,59.191450853199946,59.931821897575915,-133.3139125681722,20.0,kinematic,False,0,0.0,,,,random,event,6,29,19.55290001933463,9.882899990770966,2916.666666666661,0.0,0.0,0.07129998994059861,22936.423914934687,16.666666666666668,12,804,75.70180000038818,21.693400165531784,6,0,0,0,0,6,308.66994659840566,472.50356012642766,0.7226395474208304,4,8.477908919602584,-133.3139125681722,383.33333333333195,1,0
random-s42-0000,prm,170,211,completed,True,False,6,779,0,,67.36519977857824,0.08647650805979236,2549.999999999996,166.03910000412725,15.357828366551074,153,0,1,1,24705.20270848983,22849.24411573911,59.12541866201969,59.66323399881226,-133.3139125681722,20.0,kinematic,False,0,0.0,,,,random,event,3,23,19.57729998684954,11.145299999043345,2549.999999999996,0.0,0.0,0.03999999898951501,22936.423914934687,16.666666666666668,9,770,49.994399974821135,17.37079980375711,3,0,0,0,0,4,404.7096255643582,562.6208136798139,0.23813418526304345,0,209.82137911769115,-133.3139125681722,383.33333333333195,1,0
random-s42-0000,prm,171,212,completed,True,False,6,846,0,,84.07319996331353,0.09937730492117439,2983.3333333333276,213.0777999991551,14.001145747446037,179,0,1,1,23176.811273275693,23296.75298357569,59.05495928170412,59.66323399881226,-133.3139125681722,20.0,kinematic,False,0,0.0,,,,random,event,4,23,19.23100001295097,11.83570000284817,2983.3333333333276,0.0,0.0,0.06809999467805028,22936.423914934687,16.666666666666668,10,836,60.39310002233833,23.680099940975197,4,0,0,0,0,5,273.6459088859384,350.0933062012703,0.4565315880520827,2,19.929459903258646,-133.3139125681722,383.33333333333195,1,0
random-s42-0000,prm,172,213,completed,True,False,6,814,0,,78.32290026999544,0.0962197792014686,2533.3333333333294,202.39949999086093,12.516499958980722,152,0,2,2,24062.271182011376,23391.47528255999,58.926792346925915,59.823764104028484,-133.3139125681722,20.0,kinematic,False,0,0.0,,,,random,event,3,39,21.62240000325255,11.400699993828312,2533.3333333333294,0.0,0.0,0.0906000059330836,22936.423914934687,16.666666666666668,9,805,53.223499984596856,25.099400285398588,3,0,0,0,0,4,373.93391353394236,506.65019707447715,0.30711187752915564,2,65.82095489182765,-133.3139125681722,649.9999999999987,2,0
random-s42-0000,prm,173,214,completed,True,False,6,780,0,,65.51119989308063,0.08398871781164183,2583.333333333329,176.81410000659525,14.610448675965149,155,0,1,1,24004.715954253057,23242.0394986899,59.10985081726176,59.68287633958971,-133.3139125681722,20.0,kinematic,False,0,0.0,,,,random,event,2,23,21.72830000927206,12.052899997797795,2583.333333333329,0.0,0.0,0.06800000846851617,22936.423914934687,16.666666666666668,8,772,45.272000003024004,20.239199890056625,2,0,0,0,0,4,597.5625603878492,671.2189257769107,0.245082492572482,0,238.14937786713972,-133.3139125681722,383.33333333333195,1,0
random-s42-0000,prm,174,215,completed,True,False,6,818,0,,145.82300015899818,0.1782677263557435,2633.333333333329,278.51259999442846,9.454988152729923,158,0,1,1,27381.749737005717,24400.174926522297,58.7609776158871,59.73135194470096,-131.45088793757023,20.0,kinematic,False,0,0.0,,,,random,event,9,25,20.17670002533123,11.460699999588542,2633.333333333329,0.0,0.0,0.08990000060293823,22936.423914934687,16.666666666666668,15,803,119.22630001208745,26.596700146910734,9,0,0,0,0,6,244.23093928179782,690.9570011172344,0.49417877187419784,3,13.575503002398733,-131.45088793757023,383.33333333333195,1,0
random-s42-0000,prm,175,216,completed,True,False,6,887,0,,134.85180017596576,0.15203134179928496,3483.3333333333258,289.4479999959003,12.034401113093416,209,0,2,2,23879.024264392225,23951.824726871266,58.99490257740843,59.66323399881226,-133.3139125681722,20.0,kinematic,False,0,0.0,,,,random,event,7,25,25.03979999164585,12.697599988314323,3483.3333333333258,0.0,0.0,0.09119999594986439,22936.423914934687,16.666666666666668,13,874,104.92609997163527,29.925700204330496,7,0,0,0,0,5,314.1023203547133,663.9925108769625,0.3710938972324183,1,52.31866752991698,-133.3139125681722,416.6666666666653,1,1
random-s42-0000,prm,176,217,completed,True,False,6,910,0,,138.96239979658276,0.15270593384239864,3583.3333333333253,292.88069999893196,12.234788203341472,215,0,1,1,25459.577695616423,26199.075563727507,59.023665462187694,59.66323399881226,-133.3139125681722,20.0,kinematic,False,0,0.0,,,,random,event,7,23,25.448500004131347,13.483399990946054,3583.3333333333253,0.0,0.0,0.08529999468009919,22936.423914934687,16.666666666666668,13,897,109.21640000015032,29.745999796432443,7,0,0,0,0,5,585.5225325314879,749.9999999999999,0.6903080995515073,7,1.448164983539101,-133.3139125681722,383.33333333333195,1,0
random-s42-0000,prm,177,218,completed,True,False,6,774,0,,80.37569992302451,0.10384457354395932,2433.3333333333294,195.29289999627508,12.459917044499527,146,0,1,1,23516.886161843086,23066.579557441855,59.02971066980128,59.66323399881226,-133.3139125681722,20.0,kinematic,False,0,0.0,,,,random,event,3,23,26.347800012445077,13.765700001385994,2433.3333333333294,0.0,0.0,0.05729999975301325,22936.423914934687,16.666666666666668,9,765,59.210800027358346,21.164899895666167,3,0,0,0,0,4,465.0816708895218,700.9659765875863,0.2427503427319447,0,136.36006260169881,-133.3139125681722,383.33333333333195,1,0
random-s42-0000,prm,178,219,completed,True,False,6,771,0,,65.2135999116581,0.0845831386662232,2566.6666666666624,184.22729999292642,13.932064719860803,154,0,1,1,24466.268857007908,23200.395016417904,58.97166376388376,59.66323399881226,-133.3139125681722,20.0,kinematic,False,0,0.0,,,,random,event,2,23,20.517600001767278,11.26690000819508,2566.6666666666624,0.0,0.0,0.07609999738633633,22936.423914934687,16.666666666666668,8,763,43.00610000791494,22.207499903743155,2,0,0,0,0,4,374.6787399198541,636.4151658166281,0.15339172486413152,0,328.76502555978584,-133.3139125681722,383.33333333333195,1,0
random-s42-0000,prm,179,220,completed,True,False,6,796,0,,115.24310003733262,0.14477776386599575,2566.6666666666624,243.38640000496525,10.545645387804333,154,0,1,1,25186.57729265435,24029.86447012239,59.449756516952014,59.97631871182934,-126.97327497460603,20.0,kinematic,False,0,0.0,,,,random,event,5,25,26.96150001429487,14.643200003774837,2566.6666666666624,0.0,0.0,0.08240000170189887,22936.423914934687,16.666666666666668,11,785,91.43000001495238,23.81310002238024,5,0,0,0,0,5,584.4158302628447,750.0,0.5286180752202401,1,16.79244557052644,-126.97327497460603,416.6666666666652,1,0
random-s42-0000,prm,180,221,completed,True,False,6,881,0,,120.87479996262118,0.13720181607561996,2883.333333333328,261.92469999659806,11.008252880964557,173,0,2,2,23857.998723975048,23964.34200057276,59.3180675606827,59.81520373118902,-133.3139125681722,20.0,kinematic,False,0,0.0,,,,random,event,6,54,23.558400018373504,13.840100000379607,2883.333333333328,0.0,0.0,0.10059999476652592,22936.423914934687,16.666666666666668,12,869,91.88010002253577,28.99469994008541,6,0,0,0,0,5,390.37880511197136,681.3539862499769,0.5012048673392794,3,27.874666405608366,-133.3139125681722,849.9999999999997,2,0
random-s42-0000,prm,181,222,completed,True,False,6,866,0,,159.71290007291827,0.18442598160845067,3816.666666666658,309.43229999684263,12.33441585350205,229,0,1,1,26173.64032538715,24805.366869150937,58.94691071417725,59.66323399881226,-133.3139125681722,20.0,kinematic,False,0,0.0,,,,random,event,8,23,25.742100027855486,17.338899997412227,3816.666666666658,0.0,0.0,0.08369999704882503,22936.423914934687,16.666666666666668,14,852,132.0191000122577,27.69380006066058,8,0,0,0,0,5,262.4178162023717,450.2916133930472,0.4262789306334205,2,35.24776578348445,-133.3139125681722,383.33333333333195,1,0
random-s42-0000,prm,182,223,completed,True,False,6,773,0,,65.72940017213114,0.08503156555256292,2549.999999999996,174.0797999955248,14.64845432994265,153,0,1,1,24493.497083342518,23108.50283669884,59.09019752096527,59.66323399881226,-133.3139125681722,20.0,kinematic,False,0,0.0,,,,random,event,2,23,23.745799975586124,11.979299990343861,2549.999999999996,0.0,0.0,0.04149999585933983,22936.423914934687,16.666666666666668,8,765,46.15919999196194,19.570200180169195,2,0,0,0,0,4,365.1587220182066,583.1443565191033,0.2025815554579882,1,188.85553432157803,-133.3139125681722,383.33333333333195,1,0
random-s42-0000,prm,183,224,completed,True,False,6,777,0,,58.158200248726644,0.07484967856978976,2483.3333333333294,165.72869999799877,14.984328805833368,149,0,1,1,24639.558663292904,22676.112414010342,59.114327143526914,59.6804399448966,-133.3139125681722,20.0,kinematic,False,0,0.0,,,,random,event,2,23,19.11269998527132,10.106700006872416,2483.3333333333294,0.0,0.0,0.03849998756777495,22936.423914934687,16.666666666666668,8,769,39.29299999435898,18.865200254367664,2,0,0,0,0,4,266.5735076798704,338.96986115761206,0.10465348833979048,0,192.96959684026808,-133.3139125681722,383.33333333333195,1,0
random-s42-0000,prm,184,225,completed,True,False,6,824,0,,74.53649978560861,0.09045691721554443,2566.6666666666624,210.947399988072,12.16733018189271,154,0,1,1,24197.161058691265,23816.84442967584,59.233580071875316,59.98952123333954,-133.3139125681722,20.0,kinematic,False,0,0.0,,,,random,event,2,23,20.840000026510097,15.141800002311356,2566.6666666666624,0.0,0.0,0.06489999941550195,22936.423914934687,16.666666666666668,8,816,45.91260002052877,28.62389976507984,2,0,0,0,0,4,415.48914502531017,750.0,0.28011250427515494,3,105.43519067416577,-133.3139125681722,383.33333333333195,1,0
random-s42-0000,prm,185,226,completed,True,False,6,796,0,,130.48730010632426,0.1639287689777943,2549.999999999996,253.55309998849407,10.057064970279251,153,0,1,1,23530.345094464352,23291.28000896774,59.37883593022014,59.904988529087014,-133.3139125681722,20.0,kinematic,False,0,0.0,,,,random,event,7,23,22.10019998892676,13.673800000105985,2549.999999999996,0.0,0.0,0.07900000491645187,22936.423914934687,16.666666666666668,13,783,107.45750000933185,23.029800096992403,7,0,0,0,0,5,247.32139037089675,579.5630870674042,0.3737224687402652,2,25.98693307572242,-133.3139125681722,383.33333333333195,1,0
random-s42-0000,prm,186,227,completed,True,False,6,818,0,,108.20680015604012,0.13228215178000013,2799.999999999995,243.71190000965726,11.488975301940705,168,0,1,1,23892.07232689918,23009.02691596109,59.47791527269638,59.87689381738956,-133.3139125681722,20.0,kinematic,False,0,0.0,,,,random,event,5,23,23.404899999150075,11.970499996095896,2799.999999999995,0.0,0.0,0.08930001058615744,22936.423914934687,16.666666666666668,11,807,80.21860002190806,27.988200134132057,5,0,0,0,0,5,327.7401776685257,685.120804105683,0.23502650411493373,0,66.45598357271794,-133.3139125681722,383.33333333333195,1,0
random-s42-0000,prm,187,228,completed,True,False,6,779,0,,75.44220006093383,0.09684492947488296,2549.999999999996,201.4768999943044,12.656537796998476,153,0,1,1,25268.77231772081,22695.49377790271,59.280277339012066,59.83123887936299,-133.3139125681722,20.0,kinematic,False,0,0.0,,,,random,event,2,23,25.361599982716143,13.129999992088415,2549.999999999996,0.0,0.0,0.07259999983943999,22936.423914934687,16.666666666666668,8,771,49.7816999850329,25.660500075900927,2,0,0,0,0,4,224.0415007443704,256.59346599669726,0.1353893565558749,0,181.73755614379206,-133.3139125681722,383.33333333333195,1,0
random-s42-0000,prm,188,229,completed,True,False,6,1007,0,,137.03749980777502,0.1360849054694886,4633.333333333322,317.5455000018701,14.591084847072421,278,0,3,3,24017.49320779297,26922.96450367799,58.824013760126746,59.66323399881226,-133.3139125681722,20.0,kinematic,False,0,0.0,,,,random,event,6,60,25.47009999398142,13.739899994106963,4633.333333333322,0.0,0.0,0.1083999959519133,22936.423914934687,16.666666666666668,12,995,98.95859997777734,38.07889982999768,6,0,0,0,0,4,536.1832116499775,750.0,0.6516735133685131,6,45.22222368407154,-133.3139125681722,499.9999999999987,3,0
random-s42-0000,prm,189,230,completed,True,False,6,783,0,,88.39899989834521,0.11289782873351879,2599.9999999999955,210.5697999941185,12.3474496346229,156,0,1,1,25468.472415975353,23802.762605982563,59.217908927226226,59.66323399881226,-133.3139125681722,20.0,kinematic,False,0,0.0,,,,random,event,4,23,22.531199996592477,11.9869999907678,2599.9999999999955,0.0,0.0,0.046600005589425564,22936.423914934687,16.666666666666668,10,773,65.87929997476749,22.51969992357772,4,0,0,0,0,5,498.60776654036994,658.7908921717491,0.3299559825594711,1,74.75572967458646,-133.3139125681722,383.33333333333195,1,0
random-s42-0000,prm,190,231,completed,True,False,6,799,0,,88.1622003071243,0.11034067622919186,2816.6666666666615,211.4407999906689,13.321301597378387,169,0,1,1,23749.17402724755,23078.832759357454,59.24865250020852,59.66323399881226,-133.3139125681722,20.0,kinematic,False,0,0.0,,,,random,event,4,23,22.365800017723814,11.524500005180016,2816.6666666666615,0.0,0.0,0.045199994929134846,22936.423914934687,16.666666666666668,10,789,66.11110000812914,22.051100298995152,4,0,0,0,0,4,376.7593820222683,730.6605276855174,0.27919904313660976,0,15.93459112725617,-133.3139125681722,383.33333333333195,1,0
random-s42-0000,prm,191,232,completed,True,False,6,819,0,,76.95350011636037,0.09396031760239362,2533.3333333333294,202.68499999656342,12.498869345912539,152,0,1,1,24382.325050040425,23759.046889958794,59.211542252247646,59.843884536434885,-133.3139125681722,20.0,kinematic,False,0,0.0,,,,random,event,2,23,26.736500003607944,15.883200001553632,2533.3333333333294,0.0,0.0,0.05149999924469739,22936.423914934687,16.666666666666668,8,811,54.46539999684319,22.488100119517185,2,0,0,0,0,4,645.1516524910105,749.6140778974302,0.3466381321176496,3,262.8826188326841,-133.3139125681722,383.33333333333195,1,0
random-s42-0000,prm,192,233,completed,True,False,6,788,0,,85.82329995988403,0.10891281720797465,2483.3333333333294,188.7270000006538,13.15833629170562,149,0,1,1,24458.181032923472,23993.685824765285,59.12111386247556,59.77124355857745,-145.97357860630223,20.0,kinematic,False,0,0.0,,,,random,event,4,22,23.89989999937825,14.064300004974939,2483.3333333333294,0.0,0.0,0.047599998652003706,22936.423914934687,16.666666666666668,10,778,60.878299991600215,24.94499996828381,4,0,0,0,0,6,531.9829727646932,750.0,0.4664021217295406,3,289.35442791797084,-145.97357860630223,366.6666666666654,1,0
random-s42-0000,prm,193,234,completed,True,False,6,775,0,,61.29420010256581,0.07908929045492362,2483.3333333333294,157.1447000023909,15.802844978516912,149,0,1,1,24287.121970070886,22767.2820630457,59.03421568680767,59.84223841054201,-133.3139125681722,20.0,kinematic,False,0,0.0,,,,random,event,3,23,18.124100024579093,9.064700003364123,2483.3333333333294,0.0,0.0,0.0408000050811097,22936.423914934687,16.666666666666668,9,766,44.12930001853965,17.164900084026158,3,0,0,0,0,4,406.0914161825054,686.0474420812785,0.18784127158642755,0,112.73645192662815,-133.3139125681722,383.33333333333195,1,0
random-s42-0000,prm,194,235,completed,True,False,6,768,0,,54.318099879310466,0.07072669255118551,2533.3333333333294,149.2322999984026,16.975770884456292,152,0,1,1,25258.66023867082,22770.754829969752,59.750289329052386,59.98212605897724,-133.3139125681722,20.0,kinematic,False,0,0.0,,,,random,event,2,23,17.82690000254661,9.734299994306639,2533.3333333333294,0.0,0.0,0.055899989092722535,22936.423914934687,16.666666666666668,8,760,33.98699998797383,20.331099891336635,2,0,0,0,0,4,333.51616823590535,353.53168747321877,0.14472369330910695,0,292.0935348811259,-133.3139125681722,383.33333333333195,1,0
random-s42-0000,prm,195,236,completed,True,False,6,795,0,,56.986100040376186,0.07168062898160527,2666.666666666662,154.19980000297073,17.29358057932168,160,0,1,1,23681.462423643232,22895.688524657606,58.89879994909697,59.66323399881226,-133.3139125681722,20.0,kinematic,False,0,0.0,,,,random,event,3,23,17.33469997998327,8.673099990119226,2666.666666666662,0.0,0.0,0.03650000144261867,22936.423914934687,16.666666666666668,9,786,38.89510000590235,18.091000034473836,3,0,0,0,0,4,513.6476744963261,750.0000000000001,0.36547100804945376,2,88.60541372827004,-133.3139125681722,383.33333333333195,1,0
random-s42-0000,prm,196,237,completed,True,False,6,772,0,,72.18450025538914,0.09350323867278386,2433.3333333333294,178.99860000761691,13.59414729070386,146,0,1,1,24097.93853544992,22903.21777323733,59.40978992514047,59.891547095409024,-133.3139125681722,20.0,kinematic,False,0,0.0,,,,random,event,3,23,21.658799960277975,12.1484999981476,2433.3333333333294,0.0,0.0,0.0518000015290454,22936.423914934687,16.666666666666668,9,763,52.15949995908886,20.025000296300277,3,0,0,0,0,4,510.2143162937685,726.3018248739686,0.22295753698561838,0,288.766119509221,-133.3139125681722,383.33333333333195,1,0
random-s42-0000,prm,197,238,completed,True,False,6,764,0,,74.55950004805345,0.09759096864928463,2399.9999999999964,176.43590000807308,13.60267383163053,144,0,1,1,24913.469665828066,22718.0325469044,58.9161868890748,59.66323399881226,-133.3139125681722,20.0,kinematic,False,0,0.0,,,,random,event,3,23,20.11950001178775,12.308700010180473,2399.9999999999964,0.0,0.0,0.0695999915478751,22936.423914934687,16.666666666666668,9,755,55.16340002941433,19.396100018639117,3,0,0,0,0,4,82.78653654141179,198.91734571618196,0.10815856567752923,0,270.9029104280546,-133.3139125681722,383.33333333333195,1,0
random-s42-0000,prm,198,239,completed,True,False,6,791,0,,117.14209991623648,0.14809367878158847,2666.666666666662,230.20990000804886,11.583631575242537,160,0,1,1,24326.485535510863,23491.027072212895,58.900548121851244,59.6120494649618,-130.67895935020005,20.0,kinematic,False,0,0.0,,,,random,event,7,25,19.4107000133954,12.9424999904586,2666.666666666662,0.0,0.0,0.07360000745393336,22936.423914934687,16.666666666666668,13,778,95.36570000636857,21.776399909867905,7,0,0,0,0,6,278.6703344878012,750.0,0.4071263001155451,2,16.218288456536555,-130.67895935020005,383.33333333333195,1,0
random-s42-0000,prm,199,240,completed,True,False,6,788,0,,58.52470005629584,0.07426992392930945,2599.9999999999955,174.80900000373367,14.87337608443766,156,0,1,1,24160.217443460504,23273.06213685199,59.23807971642239,59.66323399881226,-133.3139125681722,20.0,kinematic,False,0,0.0,,,,random,event,2,23,18.775699980324134,9.647300001233816,2599.9999999999955,0.0,0.0,0.041799998143687844,22936.423914934687,16.666666666666668,8,780,37.31899998092558,21.20570007537026,2,0,0,0,0,4,543.2594439783829,706.3166072073537,0.2255137130758048,0,163.33875180866295,-133.3139125681722,383.33333333333195,1,0
random-s42-0000,prm,200,241,completed,True,False,6,793,0,,68.27859993791208,0.08610163926596731,2649.9999999999955,179.27100000088103,14.782089685375615,159,0,1,1,25507.401711656723,23331.636404310273,59.165909631200485,59.94239351100071,-127.01830287008497,20.0,kinematic,False,0,0.0,,,,random,event,3,23,17.489699996076524,10.39479998871684,2649.9999999999955,0.0,0.0,0.05570000212173909,22936.423914934687,16.666666666666668,9,784,47.26099998515565,21.017599952756427,3,0,0,0,0,5,465.59218607743907,559.4084636778421,0.29912806487331756,1,34.55936789423609,-127.01830287008497,383.33333333333195,1,0
random-s42-0000,visibility,1,42,completed,True,False,6,769,0,,220.98530003859196,0.2873671001802236,2399.9999999999964,319.0770999935921,7.521693032963489,144,0,1,1,22971.99851618363,22595.362886997154,58.94745288279855,59.702496109447935,-133.3139125681722,20.0,kinematic,False,0,0.0,,,,random,event,13,23,27.450499983388,17.28370001364965,2399.9999999999964,0.0,0.0,0.06829999620094895,22936.423914934687,16.666666666666668,19,750,203.94070001202635,17.044600026565604,13,0,0,0,0,4,39.92848237890881,146.14493662013197,0.05737347158857977,0,86.60976803972522,-133.3139125681722,383.33333333333195,1,0
random-s42-0000,visibility,2,43,completed,True,False,6,769,0,,204.20369977364317,0.2655444730476504,2399.9999999999964,295.247100002598,8.128784330070905,144,0,1,1,22971.99851618363,22595.362886997154,58.94745288279855,59.702496109447935,-133.3139125681722,20.0,kinematic,False,0,0.0,,,,random,event,13,23,25.958199985325336,15.137599999434315,2399.9999999999964,0.0,0.0,0.06400000711437315,22936.423914934687,16.666666666666668,19,750,188.00700001884252,16.196699754800647,13,0,0,0,0,4,39.92848237890881,146.14493662013197,0.05737347158857977,0,86.60976803972522,-133.3139125681722,383.33333333333195,1,0
random-s42-0000,visibility,3,44,completed,True,False,6,769,0,,234.31219987105578,0.3046972690130764,2399.9999999999964,341.43960000074003,7.029061655399065,144,0,1,1,22971.99851618363,22595.362886997154,58.94745288279855,59.702496109447935,-133.3139125681722,20.0,kinematic,False,0,0.0,,,,random,event,13,23,24.54800000123214,17.290799994952977,2399.9999999999964,0.0,0.0,0.07260001439135522,22936.423914934687,16.666666666666668,19,750,213.44279998447746,20.86939988657832,13,0,0,0,0,4,39.92848237890881,146.14493662013197,0.05737347158857977,0,86.60976803972522,-133.3139125681722,383.33333333333195,1,0
random-s42-0000,visibility,4,45,completed,True,False,6,769,0,,257.8618000407005,0.33532093633381077,2399.9999999999964,361.65449999680277,6.636167944878921,144,0,1,1,22971.99851618363,22595.362886997154,58.94745288279855,59.702496109447935,-133.3139125681722,20.0,kinematic,False,0,0.0,,,,random,event,13,23,43.86479998356663,29.054700004053302,2399.9999999999964,0.0,0.0,0.07339999137911946,22936.423914934687,16.666666666666668,19,750,239.934799974435,17.927000066265464,13,0,0,0,0,4,39.92848237890881,146.14493662013197,0.05737347158857977,0,86.60976803972522,-133.3139125681722,383.33333333333195,1,0
random-s42-0000,visibility,5,46,completed,True,False,6,769,0,,224.14810006739572,0.2914799740798384,2399.9999999999964,310.9701000066707,7.717783799627403,144,0,1,1,22971.99851618363,22595.362886997154,58.94745288279855,59.702496109447935,-133.3139125681722,20.0,kinematic,False,0,0.0,,,,random,event,13,23,28.563300002133474,15.275400000973605,2399.9999999999964,0.0,0.0,0.05769998824689537,22936.423914934687,16.666666666666668,19,750,208.6808000167366,15.467300050659105,13,0,0,0,0,4,39.92848237890881,146.14493662013197,0.05737347158857977,0,86.60976803972522,-133.3139125681722,383.33333333333195,1,0
random-s42-0000,visibility,6,47,completed,True,False,6,769,0,,173.66490012500435,0.2258321197984452,2399.9999999999964,252.4808000016492,9.505673302620712,144,0,1,1,22971.99851618363,22595.362886997154,58.94745288279855,59.702496109447935,-133.3139125681722,20.0,kinematic,False,0,0.0,,,,random,event,13,23,22.836200034362264,13.412499989499338,2399.9999999999964,0.0,0.0,0.054799995268695056,22936.423914934687,16.666666666666668,19,750,159.7312000085367,13.933700116467662,13,0,0,0,0,4,39.92848237890881,146.14493662013197,0.05737347158857977,0,86.60976803972522,-133.3139125681722,383.33333333333195,1,0
random-s42-0000,visibility,7,48,completed,True,False,6,769,0,,170.86660000495613,0.22219323797783633,2399.9999999999964,254.17169999855105,9.44243595968268,144,0,1,1,22971.99851618363,22595.362886997154,58.94745288279855,59.702496109447935,-133.3139125681722,20.0,kinematic,False,0,0.0,,,,random,event,13,23,19.810099998721853,12.21590000204742,2399.9999999999964,0.0,0.0,0.052099989261478186,22936.423914934687,16.666666666666668,19,750,156.1587000032887,14.70790000166744,13,0,0,0,0,4,39.92848237890881,146.14493662013197,0.05737347158857977,0,86.60976803972522,-133.3139125681722,383.33333333333195,1,0
random-s42-0000,visibility,8,49,completed,True,False,6,769,0,,147.60100039711688,0.1919388821809062,2399.9999999999964,217.12169999955222,11.05370858833984,144,0,1,1,22971.99851618363,22595.362886997154,58.94745288279855,59.702496109447935,-133.3139125681722,20.0,kinematic,False,0,0.0,,,,random,event,13,23,18.432300028507598,9.579999998095445,2399.9999999999964,0.0,0.0,0.04639998951461166,22936.423914934687,16.666666666666668,19,750,135.3285000368487,12.272500360268168,13,0,0,0,0,4,39.92848237890881,146.14493662013197,0.05737347158857977,0,86.60976803972522,-133.3139125681722,383.33333333333195,1,0
random-s42-0000,visibility,9,50,completed,True,False,6,769,0,,147.7406000631163,0.19212041620691325,2399.9999999999964,213.01479999965522,11.266822774773775,144,0,1,1,22971.99851618363,22595.362886997154,58.94745288279855,59.702496109447935,-133.3139125681722,20.0,kinematic,False,0,0.0,,,,random,event,13,23,18.154999997932464,12.607799988472834,2399.9999999999964,0.0,0.0,0.049300011596642435,22936.423914934687,16.666666666666668,19,750,136.28939997579437,11.451200087321922,13,0,0,0,0,4,39.92848237890881,146.14493662013197,0.05737347158857977,0,86.60976803972522,-133.3139125681722,383.33333333333195,1,0
random-s42-0000,visibility,10,51,completed,True,False,6,769,0,,151.69410036469344,0.19726150892677952,2399.9999999999964,220.21319999475963,10.898529243737926,144,0,1,1,22971.99851618363,22595.362886997154,58.94745288279855,59.702496109447935,-133.3139125681722,20.0,kinematic,False,0,0.0,,,,random,event,13,23,18.17839998693671,13.3678999991389,2399.9999999999964,0.0,0.0,0.04470000567380339,22936.423914934687,16.666666666666668,19,750,139.6515999804251,12.042500384268351,13,0,0,0,0,4,39.92848237890881,146.14493662013197,0.05737347158857977,0,86.60976803972522,-133.3139125681722,383.33333333333195,1,0
random-s42-0000,visibility,11,52,completed,True,False,6,769,0,,144.39330021559726,0.18776762056644639,2399.9999999999964,216.9257000059588,11.063696002521002,144,0,1,1,22971.99851618363,22595.362886997154,58.94745288279855,59.702496109447935,-133.3139125681722,20.0,kinematic,False,0,0.0,,,,random,event,13,23,18.410699995001778,9.427900004084222,2399.9999999999964,0.0,0.0,0.0501000031363219,22936.423914934687,16.666666666666668,19,750,131.54080000822432,12.852500207372941,13,0,0,0,0,4,39.92848237890881,146.14493662013197,0.05737347158857977,0,86.60976803972522,-133.3139125681722,383.33333333333195,1,0
random-s42-0000,visibility,12,53,completed,True,False,6,769,0,,141.97749993763864,0.1846261377602583,2399.9999999999964,208.77440000185743,11.495662303321883,144,0,1,1,22971.99851618363,22595.362886997154,58.94745288279855,59.702496109447935,-133.3139125681722,20.0,kinematic,False,0,0.0,,,,random,event,13,23,17.98320001398679,9.216499995090999,2399.9999999999964,0.0,0.0,0.048000001697801054,22936.423914934687,16.666666666666668,19,750,130.1452000188874,11.832299918751232,13,0,0,0,0,4,39.92848237890881,146.14493662013197,0.05737347158857977,0,86.60976803972522,-133.3139125681722,383.33333333333195,1,0
random-s42-0000,visibility,13,54,completed,True,False,6,769,0,,142.46289980656002,0.1852573469526138,2399.9999999999964,205.8623000048101,11.658278373184011,144,0,1,1,22971.99851618363,22595.362886997154,58.94745288279855,59.702496109447935,-133.3139125681722,20.0,kinematic,False,0,0.0,,,,random,event,13,23,17.560699983732775,12.115899997297674,2399.9999999999964,0.0,0.0,0.043800013372674584,22936.423914934687,16.666666666666668,19,750,131.41519999771845,11.047699808841571,13,0,0,0,0,4,39.92848237890881,146.14493662013197,0.05737347158857977,0,86.60976803972522,-133.3139125681722,383.33333333333195,1,0
random-s42-0000,visibility,14,55,completed,True,False,6,769,0,,141.4766998932464,0.1839749023319199,2399.9999999999964,208.72660000168253,11.498294898592945,144,0,1,1,22971.99851618363,22595.362886997154,58.94745288279855,59.702496109447935,-133.3139125681722,20.0,kinematic,False,0,0.0,,,,random,event,13,23,18.08019998134114,10.302700000465848,2399.9999999999964,0.0,0.0,0.047900000936351717,22936.423914934687,16.666666666666668,19,750,129.4493999448605,12.027299948385917,13,0,0,0,0,4,39.92848237890881,146.14493662013197,0.05737347158857977,0,86.60976803972522,-133.3139125681722,383.33333333333195,1,0
random-s42-0000,visibility,15,56,completed,True,False,6,769,0,,173.769099812489,0.22596762004224838,2399.9999999999964,255.05429999611806,9.409760980452102,144,0,1,1,22971.99851618363,22595.362886997154,58.94745288279855,59.702496109447935,-133.3139125681722,20.0,kinematic,False,0,0.0,,,,random,event,13,23,21.56449996982701,12.811900000087917,2399.9999999999964,0.0,0.0,0.056200005928985775,22936.423914934687,16.666666666666668,19,750,158.88799994718283,14.881099865306169,13,0,0,0,0,4,39.92848237890881,146.14493662013197,0.05737347158857977,0,86.60976803972522,-133.3139125681722,383.33333333333195,1,0
random-s42-0000,visibility,16,57,completed,True,False,6,769,0,,173.61139997956343,0.22576254873805388,2399.9999999999964,248.1681000062963,9.670864224447485,144,0,1,1,22971.99851618363,22595.362886997154,58.94745288279855,59.702496109447935,-133.3139125681722,20.0,kinematic,False,0,0.0,,,,random,event,13,23,23.83259999623988,13.729600002989173,2399.9999999999964,0.0,0.0,0.05149999924469739,22936.423914934687,16.666666666666668,19,750,160.77010000299197,12.841299976571463,13,0,0,0,0,4,39.92848237890881,146.14493662013197,0.05737347158857977,0,86.60976803972522,-133.3139125681722,383.33333333333195,1,0
random-s42-0000,visibility,17,58,completed,True,False,6,769,0,,160.82180010562297,0.2091310794611482,2399.9999999999964,244.31880000338424,9.823230958758606,144,0,1,1,22971.99851618363,22595.362886997154,58.94745288279855,59.702496109447935,-133.3139125681722,20.0,kinematic,False,0,0.0,,,,random,event,13,23,18.946199998026714,11.648899991996586,2399.9999999999964,0.0,0.0,0.04980000085197389,22936.423914934687,16.666666666666668,19,750,148.35239999229088,12.469400113332085,13,0,0,0,0,4,39.92848237890881,146.14493662013197,0.05737347158857977,0,86.60976803972522,-133.3139125681722,383.33333333333195,1,0
random-s42-0000,visibility,18,59,completed,True,False,6,769,0,,153.06569999665953,0.1990451235327172,2399.9999999999964,223.82630000356585,10.722600516390438,144,0,1,1,22971.99851618363,22595.362886997154,58.94745288279855,59.702496109447935,-133.3139125681722,20.0,kinematic,False,0,0.0,,,,random,event,13,23,21.481500021764077,12.066800001775846,2399.9999999999964,0.0,0.0,0.04949999856762588,22936.423914934687,16.666666666666668,19,750,140.56749996962026,12.498200027039275,13,0,0,0,0,4,39.92848237890881,146.14493662013197,0.05737347158857977,0,86.60976803972522,-133.3139125681722,383.33333333333195,1,0
random-s42-0000,visibility,19,60,completed,True,False,6,769,0,,156.25980008917395,0.2031986997258439,2399.9999999999964,224.96140000293963,10.668496906440994,144,0,1,1,22971.99851618363,22595.362886997154,58.94745288279855,59.702496109447935,-133.3139125681722,20.0,kinematic,False,0,0.0,,,,random,event,13,23,22.175200007040985,12.91510000010021,2399.9999999999964,0.0,0.0,0.052700008382089436,22936.423914934687,16.666666666666668,19,750,144.07590001064818,12.183900078525767,13,0,0,0,0,4,39.92848237890881,146.14493662013197,0.05737347158857977,0,86.60976803972522,-133.3139125681722,383.33333333333195,1,0
random-s42-0000,visibility,20,61,completed,True,False,6,769,0,,152.4635000678245,0.1982620286967809,2399.9999999999964,226.13310000451747,10.613218498097146,144,0,1,1,22971.99851618363,22595.362886997154,58.94745288279855,59.702496109447935,-133.3139125681722,20.0,kinematic,False,0,0.0,,,,random,event,13,23,18.95790001435671,9.547500012558885,2399.9999999999964,0.0,0.0,0.05489999603014439,22936.423914934687,16.666666666666668,19,750,139.3839000229491,13.079600044875406,13,0,0,0,0,4,39.92848237890881,146.14493662013197,0.05737347158857977,0,86.60976803972522,-133.3139125681722,383.33333333333195,1,0
random-s42-0000,visibility,21,62,completed,True,False,6,769,0,,173.95710040000267,0.22621209414824794,2399.9999999999964,254.14119999913964,9.443569165519488,144,0,1,1,22971.99851618363,22595.362886997154,58.94745288279855,59.702496109447935,-133.3139125681722,20.0,kinematic,False,0,0.0,,,,random,event,13,23,20.845900013227947,12.167200009571388,2399.9999999999964,0.0,0.0,0.055900003644637764,22936.423914934687,16.666666666666668,19,750,158.96980004617944,14.98730035382323,13,0,0,0,0,4,39.92848237890881,146.14493662013197,0.05737347158857977,0,86.60976803972522,-133.3139125681722,383.33333333333195,1,0
random-s42-0000,visibility,22,63,completed,True,False,6,769,0,,210.86940010718536,0.2742124838845063,2399.9999999999964,300.54769999696873,7.985421282625694,144,0,1,1,22971.99851618363,22595.362886997154,58.94745288279855,59.702496109447935,-133.3139125681722,20.0,kinematic,False,0,0.0,,,,random,event,13,23,26.21050000016112,17.012700001941994,2399.9999999999964,0.0,0.0,0.058999998145736754,22936.423914934687,16.666666666666668,19,750,194.91720000223722,15.952200104948133,13,0,0,0,0,4,39.92848237890881,146.14493662013197,0.05737347158857977,0,86.60976803972522,-133.3139125681722,383.33333333333195,1,0
random-s42-0000,visibility,23,64,completed,True,False,6,769,0,,191.63160002790391,0.24919583878791146,2399.9999999999964,280.74640000704676,8.548640338539537,144,0,1,1,22971.99851618363,22595.362886997154,58.94745288279855,59.702496109447935,-133.3139125681722,20.0,kinematic,False,0,0.0,,,,random,event,13,23,24.62959998229053,13.287399997352622,2399.9999999999964,0.0,0.0,0.06379999103955925,22936.423914934687,16.666666666666668,19,750,176.01869995996822,15.612900067935698,13,0,0,0,0,4,39.92848237890881,146.14493662013197,0.05737347158857977,0,86.60976803972522,-133.3139125681722,383.33333333333195,1,0
random-s42-0000,visibility,24,65,completed,True,False,6,769,0,,211.24849996704143,0.2747054615956325,2399.9999999999964,317.4239999934798,7.560864963107058,144,0,1,1,22971.99851618363,22595.362886997154,58.94745288279855,59.702496109447935,-133.3139125681722,20.0,kinematic,False,0,0.0,,,,random,event,13,23,26.033000001916662,14.513500005705282,2399.9999999999964,0.0,0.0,0.06829999620094895,22936.423914934687,16.666666666666668,19,750,192.74400001449976,18.504499952541664,13,0,0,0,0,4,39.92848237890881,146.14493662013197,0.05737347158857977,0,86.60976803972522,-133.3139125681722,383.33333333333195,1,0
random-s42-0000,visibility,25,66,completed,True,False,6,769,0,,216.04950018809177,0.2809486348349698,2399.9999999999964,318.3275000046706,7.539405172235458,144,0,1,1,22971.99851618363,22595.362886997154,58.94745288279855,59.702496109447935,-133.3139125681722,20.0,kinematic,False,0,0.0,,,,random,event,13,23,27.361599990399554,14.76419999380596,2399.9999999999964,0.0,0.0,0.0692999892635271,22936.423914934687,16.666666666666668,19,750,197.65499999630265,18.39450019178912,13,0,0,0,0,4,39.92848237890881,146.14493662013197,0.05737347158857977,0,86.60976803972522,-133.3139125681722,383.33333333333195,1,0
random-s42-0000,visibility,26,67,completed,True,False,6,769,0,,226.85320011805743,0.29499765945131007,2399.9999999999964,343.5336999973515,6.986214161866796,144,0,1,1,22971.99851618363,22595.362886997154,58.94745288279855,59.702496109447935,-133.3139125681722,20.0,kinematic,False,0,0.0,,,,random,event,13,23,27.53799998026807,16.12530001148116,2399.9999999999964,0.0,0.0,0.07709999044891447,22936.423914934687,16.666666666666668,19,750,206.22969999385532,20.62350012420211,13,0,0,0,0,4,39.92848237890881,146.14493662013197,0.05737347158857977,0,86.60976803972522,-133.3139125681722,383.33333333333195,1,0
random-s42-0000,visibility,27,68,completed,True,False,6,769,0,,250.38429988489952,0.3255972690310787,2399.9999999999964,368.0767000041669,6.520380127220295,144,0,1,1,22971.99851618363,22595.362886997154,58.94745288279855,59.702496109447935,-133.3139125681722,20.0,kinematic,False,0,0.0,,,,random,event,13,23,33.1552000134252,17.514399994979613,2399.9999999999964,0.0,0.0,0.08519999391864985,22936.423914934687,16.666666666666668,19,750,229.51390000525862,20.8703998796409,13,0,0,0,0,4,39.92848237890881,146.14493662013197,0.05737347158857977,0,86.60976803972522,-133.3139125681722,383.33333333333195,1,0
random-s42-0000,visibility,28,69,completed,True,False,6,769,0,,243.61270006920677,0.31679154755423505,2399.9999999999964,358.3892000024207,6.6966303671644845,144,0,1,1,22971.99851618363,22595.362886997154,58.94745288279855,59.702496109447935,-133.3139125681722,20.0,kinematic,False,0,0.0,,,,random,event,13,23,31.48430000874214,16.095500002847984,2399.9999999999964,0.0,0.0,0.08189999789465219,22936.423914934687,16.666666666666668,19,750,222.75190000073053,20.860800068476237,13,0,0,0,0,4,39.92848237890881,146.14493662013197,0.05737347158857977,0,86.60976803972522,-133.3139125681722,383.33333333333195,1,0
random-s42-0000,visibility,29,70,completed,True,False,6,769,0,,242.69260009168647,0.31559505863678344,2399.9999999999964,353.3012999978382,6.793068692401306,144,0,1,1,22971.99851618363,22595.362886997154,58.94745288279855,59.702496109447935,-133.3139125681722,20.0,kinematic,False,0,0.0,,,,random,event,13,23,33.06759998667985,17.54439999058377,2399.9999999999964,0.0,0.0,0.08359999628737569,22936.423914934687,16.666666666666668,19,750,223.52889999456238,19.163700097124092,13,0,0,0,0,4,39.92848237890881,146.14493662013197,0.05737347158857977,0,86.60976803972522,-133.3139125681722,383.33333333333195,1,0
random-s42-0000,visibility,30,71,completed,True,False,6,769,0,,208.30010005738586,0.27087139149204925,2399.9999999999964,303.18929998611566,7.91584663479187,144,0,1,1,22971.99851618363,22595.362886997154,58.94745288279855,59.702496109447935,-133.3139125681722,20.0,kinematic,False,0,0.0,,,,random,event,13,23,26.188099989667535,14.856900001177564,2399.9999999999964,0.0,0.0,0.06730000313837081,22936.423914934687,16.666666666666668,19,750,191.31179999385495,16.988300063530914,13,0,0,0,0,4,39.92848237890881,146.14493662013197,0.05737347158857977,0,86.60976803972522,-133.3139125681722,383.33333333333195,1,0
random-s42-0000,visibility,31,72,completed,True,False,6,769,0,,225.70740013907198,0.29350767248253834,2399.9999999999964,324.16629999352153,7.403607346130552,144,0,1,1,22971.99851618363,22595.362886997154,58.94745288279855,59.702496109447935,-133.3139125681722,20.0,kinematic,False,0,0.0,,,,random,event,13,23,26.982700001099147,20.56599999195896,2399.9999999999964,0.0,0.0,0.06890000076964498,22936.423914934687,16.666666666666668,19,750,208.25880000484176,17.44860013423022,13,0,0,0,0,4,39.92848237890881,146.14493662013197,0.05737347158857977,0,86.60976803972522,-133.3139125681722,383.33333333333195,1,0
random-s42-0000,visibility,32,73,completed,True,False,6,769,0,,202.72560002922546,0.2636223667480175,2399.9999999999964,295.1284000009764,8.13205370947715,144,0,1,1,22971.99851618363,22595.362886997154,58.94745288279855,59.702496109447935,-133.3139125681722,20.0,kinematic,False,0,0.0,,,,random,event,13,23,27.225500001804903,13.963599994895048,2399.9999999999964,0.0,0.0,0.06750000466126949,22936.423914934687,16.666666666666668,19,750,186.1388999823248,16.58670004690066,13,0,0,0,0,4,39.92848237890881,146.14493662013197,0.05737347158857977,0,86.60976803972522,-133.3139125681722,383.33333333333195,1,0
random-s42-0000,visibility,33,74,completed,True,False,6,769,0,,201.17149996804073,0.2616014303875692,2399.9999999999964,345.33599999849685,6.949753283788667,144,0,1,1,22971.99851618363,22595.362886997154,58.94745288279855,59.702496109447935,-133.3139125681722,20.0,kinematic,False,0,0.0,,,,random,event,13,23,31.53279999969527,18.134700003429316,2399.9999999999964,0.0,0.0,0.076299998909235,22936.423914934687,16.666666666666668,19,750,183.126900010393,18.044599957647733,13,0,0,0,0,4,39.92848237890881,146.14493662013197,0.05737347158857977,0,86.60976803972522,-133.3139125681722,383.33333333333195,1,0
random-s42-0000,visibility,34,75,completed,True,False,6,769,0,,246.76039977930486,0.32088478514864094,2399.9999999999964,354.07250000571366,6.778272811249864,144,0,1,1,22971.99851618363,22595.362886997154,58.94745288279855,59.702496109447935,-133.3139125681722,20.0,kinematic,False,0,0.0,,,,random,event,13,23,34.58730001875665,23.250400001415983,2399.9999999999964,0.0,0.0,0.0720999960321933,22936.423914934687,16.666666666666668,19,750,227.66510001383722,19.095299765467644,13,0,0,0,0,4,39.92848237890881,146.14493662013197,0.05737347158857977,0,86.60976803972522,-133.3139125681722,383.33333333333195,1,0
random-s42-0000,visibility,35,76,completed,True,False,6,769,0,,260.0265002838569,0.33813589113635484,2399.9999999999964,387.51719999709167,6.193273485713688,144,0,1,1,22971.99851618363,22595.362886997154,58.94745288279855,59.702496109447935,-133.3139125681722,20.0,kinematic,False,0,0.0,,,,random,event,13,23,27.276799984974787,18.661199996131472,2399.9999999999964,0.0,0.0,0.08879999222699553,22936.423914934687,16.666666666666668,19,750,236.6706999746384,23.355800309218466,13,0,0,0,0,4,39.92848237890881,146.14493662013197,0.05737347158857977,0,86.60976803972522,-133.3139125681722,383.33333333333195,1,0
random-s42-0000,visibility,36,77,completed,True,False,6,769,0,,261.5357999311527,0.3400985694813429,2399.9999999999964,376.98050000471994,6.366377040642546,144,0,1,1,22971.99851618363,22595.362886997154,58.94745288279855,59.702496109447935,-133.3139125681722,20.0,kinematic,False,0,0.0,,,,random,event,13,23,33.298900016234256,21.699499993701465,2399.9999999999964,0.0,0.0,0.08189999789465219,22936.423914934687,16.666666666666668,19,750,242.12619999889284,19.40959993225988,13,0,0,0,0,4,39.92848237890881,146.14493662013197,0.05737347158857977,0,86.60976803972522,-133.3139125681722,383.33333333333195,1,0
random-s42-0000,visibility,37,78,completed,True,False,6,769,0,,249.5896003820235,0.324563849651526,2399.9999999999964,385.2705000026617,6.229389480854142,144,0,1,1,22971.99851618363,22595.362886997154,58.94745288279855,59.702496109447935,-133.3139125681722,20.0,kinematic,False,0,0.0,,,,random,event,13,23,30.969099985668436,17.917100005433895,2399.9999999999964,0.0,0.0,0.09030000364873558,22936.423914934687,16.666666666666668,19,750,225.74679998797365,23.842800394049846,13,0,0,0,0,4,39.92848237890881,146.14493662013197,0.05737347158857977,0,86.60976803972522,-133.3139125681722,383.33333333333195,1,0
random-s42-0000,visibility,38,79,completed,True,False,6,769,0,,239.98480002046563,0.3120738621852609,2399.9999999999964,343.14150000864174,6.994199185873915,144,0,1,1,22971.99851618363,22595.362886997154,58.94745288279855,59.702496109447935,-133.3139125681722,20.0,kinematic,False,0,0.0,,,,random,event,13,23,34.05899999779649,17.103199992561713,2399.9999999999964,0.0,0.0,0.0754000066081062,22936.423914934687,16.666666666666668,19,750,221.81540000019595,18.169400020269677,13,0,0,0,0,4,39.92848237890881,146.14493662013197,0.05737347158857977,0,86.60976803972522,-133.3139125681722,383.33333333333195,1,0
random-s42-0000,visibility,39,80,completed,True,False,6,769,0,,241.42609996488318,0.3139481143886647,2399.9999999999964,355.5511999875307,6.750082688749652,144,0,1,1,22971.99851618363,22595.362886997154,58.94745288279855,59.702496109447935,-133.3139125681722,20.0,kinematic,False,0,0.0,,,,random,event,13,23,29.57140002399683,16.04590000351891,2399.9999999999964,0.0,0.0,0.08260000322479755,22936.423914934687,16.666666666666668,19,750,220.4102000250714,21.01589993981179,13,0,0,0,0,4,39.92848237890881,146.14493662013197,0.05737347158857977,0,86.60976803972522,-133.3139125681722,383.33333333333195,1,0
random-s42-0000,visibility,40,81,completed,True,False,6,769,0,,269.8269000829896,0.3508802341781399,2399.9999999999964,388.3421999926213,6.1801164026098565,144,0,1,1,22971.99851618363,22595.362886997154,58.94745288279855,59.702496109447935,-133.3139125681722,20.0,kinematic,False,0,0.0,,,,random,event,13,23,35.68639999139123,18.128799987607636,2399.9999999999964,0.0,0.0,0.08070000330917537,22936.423914934687,16.666666666666668,19,750,249.07170001824852,20.755200064741075,13,0,0,0,0,4,39.92848237890881,146.14493662013197,0.05737347158857977,0,86.60976803972522,-133.3139125681722,383.33333333333195,1,0
random-s42-0000,visibility,41,82,completed,True,False,6,769,0,,246.4892000425607,0.3205321196912363,2399.9999999999964,366.37220000557136,6.550715365312925,144,0,1,1,22971.99851618363,22595.362886997154,58.94745288279855,59.702496109447935,-133.3139125681722,20.0,kinematic,False,0,0.0,,,,random,event,13,23,29.32090000831522,16.051300000981428,2399.9999999999964,0.0,0.0,0.08700000762473792,22936.423914934687,16.666666666666668,19,750,224.3231000175001,22.166100025060587,13,0,0,0,0,4,39.92848237890881,146.14493662013197,0.05737347158857977,0,86.60976803972522,-133.3139125681722,383.33333333333195,1,0
random-s42-0000,visibility,42,83,completed,True,False,6,769,0,,255.15629997244105,0.3318027307834084,2399.9999999999964,372.0372999960091,6.450966072557084,144,0,1,1,22971.99851618363,22595.362886997154,58.94745288279855,59.702496109447935,-133.3139125681722,20.0,kinematic,False,0,0.0,,,,random,event,13,23,33.12949997780379,17.891099996631965,2399.9999999999964,0.0,0.0,0.08359999628737569,22936.423914934687,16.666666666666668,19,750,233.94769997685216,21.208599995588884,13,0,0,0,0,4,39.92848237890881,146.14493662013197,0.05737347158857977,0,86.60976803972522,-133.3139125681722,383.33333333333195,1,0
random-s42-0000,visibility,43,84,completed,True,False,6,769,0,,255.39670015859883,0.33211534480962135,2399.9999999999964,384.89890001073945,6.235403634390827,144,0,1,1,22971.99851618363,22595.362886997154,58.94745288279855,59.702496109447935,-133.3139125681722,20.0,kinematic,False,0,0.0,,,,random,event,13,23,32.41199998592492,16.50800000061281,2399.9999999999964,0.0,0.0,0.09560000034980476,22936.423914934687,16.666666666666668,19,750,231.28219999489374,24.114500163705088,13,0,0,0,0,4,39.92848237890881,146.14493662013197,0.05737347158857977,0,86.60976803972522,-133.3139125681722,383.33333333333195,1,0
random-s42-0000,visibility,44,85,completed,True,False,6,769,0,,290.9951000183355,0.378407152169487,2399.9999999999964,433.3037000033073,5.538840309883525,144,0,1,1,22971.99851618363,22595.362886997154,58.94745288279855,59.702496109447935,-133.3139125681722,20.0,kinematic,False,0,0.0,,,,random,event,13,23,36.797000022488646,19.270499993581325,2399.9999999999964,0.0,0.0,0.10550000297371298,22936.423914934687,16.666666666666668,19,750,263.0310000095051,27.964100008830428,13,0,0,0,0,4,39.92848237890881,146.14493662013197,0.05737347158857977,0,86.60976803972522,-133.3139125681722,383.33333333333195,1,0
random-s42-0000,visibility,45,86,completed,True,False,6,769,0,,358.1216000893619,0.4656977894530064,2399.9999999999964,516.699100000551,4.6448697123672895,144,0,1,1,22971.99851618363,22595.362886997154,58.94745288279855,59.702496109447935,-133.3139125681722,20.0,kinematic,False,0,0.0,,,,random,event,13,23,39.757600010489114,29.198600008385256,2399.9999999999964,0.0,0.0,0.12419999984558672,22936.423914934687,16.666666666666668,19,750,328.6369000270497,29.484700062312186,13,0,0,0,0,4,39.92848237890881,146.14493662013197,0.05737347158857977,0,86.60976803972522,-133.3139125681722,383.33333333333195,1,0
random-s42-0000,visibility,46,87,completed,True,False,6,769,0,,300.49829999916255,0.3907650195047627,2399.9999999999964,423.2714000099804,5.670120872668,144,0,1,1,22971.99851618363,22595.362886997154,58.94745288279855,59.702496109447935,-133.3139125681722,20.0,kinematic,False,0,0.0,,,,random,event,13,23,45.36770003323909,23.919000013847835,2399.9999999999964,0.0,0.0,0.08699999307282269,22936.423914934687,16.666666666666668,19,750,277.46490004938096,23.033399949781597,13,0,0,0,0,4,39.92848237890881,146.14493662013197,0.05737347158857977,0,86.60976803972522,-133.3139125681722,383.33333333333195,1,0
random-s42-0000,visibility,47,88,completed,True,False,6,769,0,,267.2615998017136,0.3475443430451412,2399.9999999999964,389.5884999947157,6.160346108862427,144,0,1,1,22971.99851618363,22595.362886997154,58.94745288279855,59.702496109447935,-133.3139125681722,20.0,kinematic,False,0,0.0,,,,random,event,13,23,35.04780001821928,19.785500000580214,2399.9999999999964,0.0,0.0,0.0855999969644472,22936.423914934687,16.666666666666668,19,750,245.086100010667,22.175499791046605,13,0,0,0,0,4,39.92848237890881,146.14493662013197,0.05737347158857977,0,86.60976803972522,-133.3139125681722,383.33333333333195,1,0
random-s42-0000,visibility,48,89,completed,True,False,6,769,0,,262.4084001145093,0.3412332901359028,2399.9999999999964,388.36280000396073,6.179788589369322,144,0,1,1,22971.99851618363,22595.362886997154,58.94745288279855,59.702496109447935,-133.3139125681722,20.0,kinematic,False,0,0.0,,,,random,event,13,23,31.567799975164235,18.119499989552423,2399.9999999999964,0.0,0.0,0.08280000474769622,22936.423914934687,16.666666666666668,19,750,240.67929995362647,21.72910016088281,13,0,0,0,0,4,39.92848237890881,146.14493662013197,0.05737347158857977,0,86.60976803972522,-133.3139125681722,383.33333333333195,1,0
random-s42-0000,visibility,49,90,completed,True,False,6,769,0,,269.34580027591437,0.3502546167437118,2399.9999999999964,399.30160000221804,6.010494323054716,144,0,1,1,22971.99851618363,22595.362886997154,58.94745288279855,59.702496109447935,-133.3139125681722,20.0,kinematic,False,0,0.0,,,,random,event,13,23,33.71740000147838,18.15109999733977,2399.9999999999964,0.0,0.0,0.09649999265093356,22936.423914934687,16.666666666666668,19,750,245.83490002260078,23.510900253313594,13,0,0,0,0,4,39.92848237890881,146.14493662013197,0.05737347158857977,0,86.60976803972522,-133.3139125681722,383.33333333333195,1,0
random-s42-0000,visibility,50,91,completed,True,False,6,769,0,,281.3032999110874,0.3658040310937417,2399.9999999999964,409.3972999980906,5.8622760824538656,144,0,1,1,22971.99851618363,22595.362886997154,58.94745288279855,59.702496109447935,-133.3139125681722,20.0,kinematic,False,0,0.0,,,,random,event,13,23,32.487699994817376,22.192200005520135,2399.9999999999964,0.0,0.0,0.09449999197386205,22936.423914934687,16.666666666666668,19,750,257.6234000007389,23.679899910348468,13,0,0,0,0,4,39.92848237890881,146.14493662013197,0.05737347158857977,0,86.60976803972522,-133.3139125681722,383.33333333333195,1,0
random-s42-0000,visibility,51,92,completed,True,False,6,769,0,,266.0296000976814,0.34594226280582757,2399.9999999999964,382.6182000047993,6.2725714562712716,144,0,1,1,22971.99851618363,22595.362886997154,58.94745288279855,59.702496109447935,-133.3139125681722,20.0,kinematic,False,0,0.0,,,,random,event,13,23,35.720699990633875,18.85549999133218,2399.9999999999964,0.0,0.0,0.08620000153314322,22936.423914934687,16.666666666666668,19,750,245.08299994340632,20.946600154275075,13,0,0,0,0,4,39.92848237890881,146.14493662013197,0.05737347158857977,0,86.60976803972522,-133.3139125681722,383.33333333333195,1,0
random-s42-0000,visibility,52,93,completed,True,False,6,769,0,,263.47829979204107,0.3426245771027842,2399.9999999999964,380.8380999980727,6.301890488404763,144,0,1,1,22971.99851618363,22595.362886997154,58.94745288279855,59.702496109447935,-133.3139125681722,20.0,kinematic,False,0,0.0,,,,random,event,13,23,33.13050001452211,17.235899998922832,2399.9999999999964,0.0,0.0,0.08440000237897038,22936.423914934687,16.666666666666668,19,750,242.08810002892278,21.39019976311829,13,0,0,0,0,4,39.92848237890881,146.14493662013197,0.05737347158857977,0,86.60976803972522,-133.3139125681722,383.33333333333195,1,0
random-s42-0000,visibility,53,94,completed,True,False,6,769,0,,248.4752000455046,0.32311469446749624,2399.9999999999964,361.21239999192767,6.644290174018476,144,0,1,1,22971.99851618363,22595.362886997154,58.94745288279855,59.702496109447935,-133.3139125681722,20.0,kinematic,False,0,0.0,,,,random,event,13,23,31.848399972659536,17.149099992820993,2399.9999999999964,0.0,0.0,0.07259999983943999,22936.423914934687,16.666666666666668,19,750,228.29479996289592,20.180400082608685,13,0,0,0,0,4,39.92848237890881,146.14493662013197,0.05737347158857977,0,86.60976803972522,-133.3139125681722,383.33333333333195,1,0
random-s42-0000,visibility,54,95,completed,True,False,6,769,0,,220.60809996037278,0.28687659292636253,2399.9999999999964,326.2798999930965,7.355647712441914,144,0,1,1,22971.99851618363,22595.362886997154,58.94745288279855,59.702496109447935,-133.3139125681722,20.0,kinematic,False,0,0.0,,,,random,event,13,23,28.154599989647977,16.756299999542534,2399.9999999999964,0.0,0.0,0.06969999230932444,22936.423914934687,16.666666666666668,19,750,201.8909000325948,18.717199927777983,13,0,0,0,0,4,39.92848237890881,146.14493662013197,0.05737347158857977,0,86.60976803972522,-133.3139125681722,383.33333333333195,1,0
random-s42-0000,visibility,55,96,completed,True,False,6,769,0,,204.7693001368316,0.2662799741701321,2399.9999999999964,297.5956000009319,8.06463536420727,144,0,1,1,22971.99851618363,22595.362886997154,58.94745288279855,59.702496109447935,-133.3139125681722,20.0,kinematic,False,0,0.0,,,,random,event,13,23,29.105699999490753,14.847400001599453,2399.9999999999964,0.0,0.0,0.06539998867083341,22936.423914934687,16.666666666666668,19,750,188.8383999466896,15.930900190141983,13,0,0,0,0,4,39.92848237890881,146.14493662013197,0.05737347158857977,0,86.60976803972522,-133.3139125681722,383.33333333333195,1,0
random-s42-0000,visibility,56,97,completed,True,False,6,769,0,,202.13560020783916,0.2628551368112343,2399.9999999999964,288.97030001098756,8.30535179535316,144,0,1,1,22971.99851618363,22595.362886997154,58.94745288279855,59.702496109447935,-133.3139125681722,20.0,kinematic,False,0,0.0,,,,random,event,13,23,23.93560003838502,14.34480000170879,2399.9999999999964,0.0,0.0,0.06289999873843044,22936.423914934687,16.666666666666668,19,750,186.62750003568362,15.508100172155537,13,0,0,0,0,4,39.92848237890881,146.14493662013197,0.05737347158857977,0,86.60976803972522,-133.3139125681722,383.33333333333195,1,0
random-s42-0000,visibility,57,98,completed,True,False,6,769,0,,179.37629988591652,0.23325916760197207,2399.9999999999964,263.6895000032382,9.101613829790429,144,0,1,1,22971.99851618363,22595.362886997154,58.94745288279855,59.702496109447935,-133.3139125681722,20.0,kinematic,False,0,0.0,,,,random,event,13,23,23.259299967321567,11.893199989572167,2399.9999999999964,0.0,0.0,0.04719999560620636,22936.423914934687,16.666666666666668,19,750,164.87149993190542,14.504799954011105,13,0,0,0,0,4,39.92848237890881,146.14493662013197,0.05737347158857977,0,86.60976803972522,-133.3139125681722,383.33333333333195,1,0
random-s42-0000,visibility,58,99,completed,True,False,6,769,0,,173.55640015739482,0.22569102751286713,2399.9999999999964,248.0758000019705,9.674462402140527,144,0,1,1,22971.99851618363,22595.362886997154,58.94745288279855,59.702496109447935,-133.3139125681722,20.0,kinematic,False,0,0.0,,,,random,event,13,23,21.571800010860898,13.939199998276308,2399.9999999999964,0.0,0.0,0.03920000744983554,22936.423914934687,16.666666666666668,19,750,160.5140000319807,13.042400125414133,13,0,0,0,0,4,39.92848237890881,146.14493662013197,0.05737347158857977,0,86.60976803972522,-133.3139125681722,383.33333333333195,1,0
random-s42-0000,visibility,59,100,completed,True,False,6,769,0,,159.17969965084922,0.20699570825858155,2399.9999999999964,236.234299998614,10.159405302337879,144,0,1,1,22971.99851618363,22595.362886997154,58.94745288279855,59.702496109447935,-133.3139125681722,20.0,kinematic,False,0,0.0,,,,random,event,13,23,19.82250000583008,10.863700008485466,2399.9999999999964,0.0,0.0,0.05370000144466758,22936.423914934687,16.666666666666668,19,750,145.21880004031118,13.960899610538036,13,0,0,0,0,4,39.92848237890881,146.14493662013197,0.05737347158857977,0,86.60976803972522,-133.3139125681722,383.33333333333195,1,0
random-s42-0000,visibility,60,101,completed,True,False,6,769,0,,164.12100002344232,0.21342132642840353,2399.9999999999964,234.35630000312813,10.2408170805221,144,0,1,1,22971.99851618363,22595.362886997154,58.94745288279855,59.702496109447935,-133.3139125681722,20.0,kinematic,False,0,0.0,,,,random,event,13,23,19.06620002409909,13.125999990734272,2399.9999999999964,0.0,0.0,0.05050000618211925,22936.423914934687,16.666666666666668,19,750,151.75270001054741,12.368300012894906,13,0,0,0,0,4,39.92848237890881,146.14493662013197,0.05737347158857977,0,86.60976803972522,-133.3139125681722,383.33333333333195,1,0
random-s42-0000,visibility,61,102,completed,True,False,6,769,0,,151.36300002632197,0.19683094931901426,2399.9999999999964,217.07499999320135,11.056086606358,144,0,1,1,22971.99851618363,22595.362886997154,58.94745288279855,59.702496109447935,-133.3139125681722,20.0,kinematic,False,0,0.0,,,,random,event,13,23,18.466800000169314,12.091399999917485,2399.9999999999964,0.0,0.0,0.04230000195093453,22936.423914934687,16.666666666666668,19,750,139.77959999465384,11.583400031668134,13,0,0,0,0,4,39.92848237890881,146.14493662013197,0.05737347158857977,0,86.60976803972522,-133.3139125681722,383.33333333333195,1,0
random-s42-0000,visibility,62,103,completed,True,False,6,769,0,,142.4938998388825,0.18529765908827373,2399.9999999999964,207.5944999960484,11.56099993037234,144,0,1,1,22971.99851618363,22595.362886997154,58.94745288279855,59.702496109447935,-133.3139125681722,20.0,kinematic,False,0,0.0,,,,random,event,13,23,18.046099998173304,9.162100002868101,2399.9999999999964,0.0,0.0,0.04769999941345304,22936.423914934687,16.666666666666668,19,750,131.20639997941907,11.287499859463423,13,0,0,0,0,4,39.92848237890881,146.14493662013197,0.05737347158857977,0,86.60976803972522,-133.3139125681722,383.33333333333195,1,0
random-s42-0000,visibility,63,104,completed,True,False,6,769,0,,138.57609996921383,0.18020299085723515,2399.9999999999964,202.11529999505728,11.87441029975805,144,0,1,1,22971.99851618363,22595.362886997154,58.94745288279855,59.702496109447935,-133.3139125681722,20.0,kinematic,False,0,0.0,,,,random,event,13,23,17.38439999462571,8.828600010019727,2399.9999999999964,0.0,0.0,0.048600006266497076,22936.423914934687,16.666666666666668,19,750,127.14280001819134,11.43329995102249,13,0,0,0,0,4,39.92848237890881,146.14493662013197,0.05737347158857977,0,86.60976803972522,-133.3139125681722,383.33333333333195,1,0
random-s42-0000,visibility,64,105,completed,True,False,6,769,0,,147.4960002087755,0.19180234097370027,2399.9999999999964,214.34980000776704,11.196651454365862,144,0,1,1,22971.99851618363,22595.362886997154,58.94745288279855,59.702496109447935,-133.3139125681722,20.0,kinematic,False,0,0.0,,,,random,event,13,23,17.606699984753504,13.501900000846945,2399.9999999999964,0.0,0.0,0.0467000063508749,22936.423914934687,16.666666666666668,19,750,135.65539999399334,11.840600214782171,13,0,0,0,0,4,39.92848237890881,146.14493662013197,0.05737347158857977,0,86.60976803972522,-133.3139125681722,383.33333333333195,1,0
random-s42-0000,visibility,65,106,completed,True,False,6,769,0,,137.8666002274258,0.17928036440497505,2399.9999999999964,200.66390000283718,11.960297791312053,144,0,1,1,22971.99851618363,22595.362886997154,58.94745288279855,59.702496109447935,-133.3139125681722,20.0,kinematic,False,0,0.0,,,,random,event,13,23,17.451599982450716,8.775099995546043,2399.9999999999964,0.0,0.0,0.0481999886687845,22936.423914934687,16.666666666666668,19,750,126.84479996096343,11.021800266462378,13,0,0,0,0,4,39.92848237890881,146.14493662013197,0.05737347158857977,0,86.60976803972522,-133.3139125681722,383.33333333333195,1,0
random-s42-0000,visibility,66,107,completed,True,False,6,769,0,,142.592700154637,0.18542613804244082,2399.9999999999964,207.30389999516774,11.577206217808447,144,0,1,1,22971.99851618363,22595.362886997154,58.94745288279855,59.702496109447935,-133.3139125681722,20.0,kinematic,False,0,0.0,,,,random,event,13,23,17.392900030245073,11.464800001704134,2399.9999999999964,0.0,0.0,0.047599998652003706,22936.423914934687,16.666666666666668,19,750,131.23790003010072,11.354800124536268,13,0,0,0,0,4,39.92848237890881,146.14493662013197,0.05737347158857977,0,86.60976803972522,-133.3139125681722,383.33333333333195,1,0
random-s42-0000,visibility,67,108,completed,True,False,6,769,0,,143.4044999186881,0.1864817944326243,2399.9999999999964,208.24790000915527,11.524726059155864,144,0,1,1,22971.99851618363,22595.362886997154,58.94745288279855,59.702496109447935,-133.3139125681722,20.0,kinematic,False,0,0.0,,,,random,event,13,23,17.446700017899275,13.465899988659658,2399.9999999999964,0.0,0.0,0.04780000017490238,22936.423914934687,16.666666666666668,19,750,131.98759997612797,11.416899942560121,13,0,0,0,0,4,39.92848237890881,146.14493662013197,0.05737347158857977,0,86.60976803972522,-133.3139125681722,383.33333333333195,1,0
random-s42-0000,visibility,68,109,completed,True,False,6,769,0,,138.26310021977406,0.1797959690764292,2399.9999999999964,201.56889999634586,11.906598686818773,144,0,1,1,22971.99851618363,22595.362886997154,58.94745288279855,59.702496109447935,-133.3139125681722,20.0,kinematic,False,0,0.0,,,,random,event,13,23,17.37909999792464,8.911600001738407,2399.9999999999964,0.0,0.0,0.027400004910305142,22936.423914934687,16.666666666666668,19,750,127.25150003097951,11.011600188794546,13,0,0,0,0,4,39.92848237890881,146.14493662013197,0.05737347158857977,0,86.60976803972522,-133.3139125681722,383.33333333333195,1,0
random-s42-0000,visibility,69,110,completed,True,False,6,769,0,,150.57050005998462,0.19580039019503853,2399.9999999999964,213.2846000022255,11.252570508958236,144,0,1,1,22971.99851618363,22595.362886997154,58.94745288279855,59.702496109447935,-133.3139125681722,20.0,kinematic,False,0,0.0,,,,random,event,13,23,21.68819999496918,14.155299999401905,2399.9999999999964,0.0,0.0,0.04749999789055437,22936.423914934687,16.666666666666668,19,750,139.4509000092512,11.119600050733425,13,0,0,0,0,4,39.92848237890881,146.14493662013197,0.05737347158857977,0,86.60976803972522,-133.3139125681722,383.33333333333195,1,0
random-s42-0000,visibility,70,111,completed,True,False,6,769,0,,131.4843998698052,0.17098101413498726,2399.9999999999964,190.34089999331627,12.608955826542122,144,0,1,1,22971.99851618363,22595.362886997154,58.94745288279855,59.702496109447935,-133.3139125681722,20.0,kinematic,False,0,0.0,,,,random,event,13,23,17.104400001699105,9.13189999118913,2399.9999999999964,0.0,0.0,0.027999994927085936,22936.423914934687,16.666666666666668,19,750,121.14430002111476,10.340099848690443,13,0,0,0,0,4,39.92848237890881,146.14493662013197,0.05737347158857977,0,86.60976803972522,-133.3139125681722,383.33333333333195,1,0
random-s42-0000,visibility,71,112,completed,True,False,6,769,0,,133.4226997278165,0.1735015601141957,2399.9999999999964,193.0311000032816,12.43322967106956,144,0,1,1,22971.99851618363,22595.362886997154,58.94745288279855,59.702496109447935,-133.3139125681722,20.0,kinematic,False,0,0.0,,,,random,event,13,23,16.05779997771606,11.118800000986084,2399.9999999999964,0.0,0.0,0.04230000195093453,22936.423914934687,16.666666666666668,19,750,122.92929999239277,10.493399735423736,13,0,0,0,0,4,39.92848237890881,146.14493662013197,0.05737347158857977,0,86.60976803972522,-133.3139125681722,383.33333333333195,1,0
random-s42-0000,visibility,72,113,completed,True,False,6,769,0,,133.02019983530045,0.17297815323186014,2399.9999999999964,198.391800004174,12.097274181440474,144,0,1,1,22971.99851618363,22595.362886997154,58.94745288279855,59.702496109447935,-133.3139125681722,20.0,kinematic,False,0,0.0,,,,random,event,13,23,17.831599980127066,9.40729999274481,2399.9999999999964,0.0,0.0,0.04539999645203352,22936.423914934687,16.666666666666668,19,750,121.29909997747745,11.721099857822992,13,0,0,0,0,4,39.92848237890881,146.14493662013197,0.05737347158857977,0,86.60976803972522,-133.3139125681722,383.33333333333195,1,0
random-s42-0000,visibility,73,114,completed,True,False,6,769,0,,138.34590000624303,0.17990364110044607,2399.9999999999964,198.8644000084605,12.068525084921637,144,0,1,1,22971.99851618363,22595.362886997154,58.94745288279855,59.702496109447935,-133.3139125681722,20.0,kinematic,False,0,0.0,,,,random,event,13,23,20.409000004292466,12.157699995441362,2399.9999999999964,0.0,0.0,0.04439998883754015,22936.423914934687,16.666666666666668,19,750,127.69180000759661,10.654099998646416,13,0,0,0,0,4,39.92848237890881,146.14493662013197,0.05737347158857977,0,86.60976803972522,-133.3139125681722,383.33333333333195,1,0
random-s42-0000,visibility,74,115,completed,True,False,6,769,0,,139.04080002976116,0.1808072822233565,2399.9999999999964,199.61870000406634,12.022921699976541,144,0,1,1,22971.99851618363,22595.362886997154,58.94745288279855,59.702496109447935,-133.3139125681722,20.0,kinematic,False,0,0.0,,,,random,event,13,23,16.86590003373567,12.942799992742948,2399.9999999999964,0.0,0.0,0.032500000088475645,22936.423914934687,16.666666666666668,19,750,128.39330000861082,10.647500021150336,13,0,0,0,0,4,39.92848237890881,146.14493662013197,0.05737347158857977,0,86.60976803972522,-133.3139125681722,383.33333333333195,1,0
random-s42-0000,visibility,75,116,completed,True,False,6,769,0,,138.90209993405733,0.18062691798967143,2399.9999999999964,201.06870000017807,11.936218814752724,144,0,1,1,22971.99851618363,22595.362886997154,58.94745288279855,59.702496109447935,-133.3139125681722,20.0,kinematic,False,0,0.0,,,,random,event,13,23,16.93989998602774,11.474900005850941,2399.9999999999964,0.0,0.0,0.04239998816046864,22936.423914934687,16.666666666666668,19,750,128.03799998073373,10.864099953323603,13,0,0,0,0,4,39.92848237890881,146.14493662013197,0.05737347158857977,0,86.60976803972522,-133.3139125681722,383.33333333333195,1,0
random-s42-0000,visibility,76,117,completed,True,False,6,769,0,,135.44810013263486,0.17613537078366043,2399.9999999999964,195.90669999888632,12.250729556537065,144,0,1,1,22971.99851618363,22595.362886997154,58.94745288279855,59.702496109447935,-133.3139125681722,20.0,kinematic,False,0,0.0,,,,random,event,13,23,16.766500019002706,9.169199998723343,2399.9999999999964,0.0,0.0,0.029300004825927317,22936.423914934687,16.666666666666668,19,750,124.81330003356561,10.634800099069253,13,0,0,0,0,4,39.92848237890881,146.14493662013197,0.05737347158857977,0,86.60976803972522,-133.3139125681722,383.33333333333195,1,0
random-s42-0000,visibility,77,118,completed,True,False,6,769,0,,135.8335000986699,0.17663654109059806,2399.9999999999964,198.15000001108274,12.11203633543155,144,0,1,1,22971.99851618363,22595.362886997154,58.94745288279855,59.702496109447935,-133.3139125681722,20.0,kinematic,False,0,0.0,,,,random,event,13,23,17.17330000246875,9.319700009655207,2399.9999999999964,0.0,0.0,0.047299996367655694,22936.423914934687,16.666666666666668,19,750,124.86470006115269,10.968800037517212,13,0,0,0,0,4,39.92848237890881,146.14493662013197,0.05737347158857977,0,86.60976803972522,-133.3139125681722,383.33333333333195,1,0
random-s42-0000,visibility,78,119,completed,True,False,6,769,0,,136.2419002398383,0.17716762059796917,2399.9999999999964,198.1281000043964,12.113375134303217,144,0,1,1,22971.99851618363,22595.362886997154,58.94745288279855,59.702496109447935,-133.3139125681722,20.0,kinematic,False,0,0.0,,,,random,event,13,23,17.398800002411008,9.349600004497916,2399.9999999999964,0.0,0.0,0.03989999822806567,22936.423914934687,16.666666666666668,19,750,125.47430001723114,10.767600222607143,13,0,0,0,0,4,39.92848237890881,146.14493662013197,0.05737347158857977,0,86.60976803972522,-133.3139125681722,383.33333333333195,1,0
random-s42-0000,visibility,79,120,completed,True,False,6,769,0,,140.58170022326522,0.18281105360632668,2399.9999999999964,208.5120999981882,11.510123393418658,144,0,1,1,22971.99851618363,22595.362886997154,58.94745288279855,59.702496109447935,-133.3139125681722,20.0,kinematic,False,0,0.0,,,,random,event,13,23,17.728200007695705,10.253399988869205,2399.9999999999964,0.0,0.0,0.044899992644786835,22936.423914934687,16.666666666666668,19,750,128.32580000394955,12.255900219315663,13,0,0,0,0,4,39.92848237890881,146.14493662013197,0.05737347158857977,0,86.60976803972522,-133.3139125681722,383.33333333333195,1,0
random-s42-0000,visibility,80,121,completed,True,False,6,769,0,,137.36940018134192,0.17863381037885814,2399.9999999999964,205.2594999986468,11.692516059017093,144,0,1,1,22971.99851618363,22595.362886997154,58.94745288279855,59.702496109447935,-133.3139125681722,20.0,kinematic,False,0,0.0,,,,random,event,13,23,16.961300003458746,8.839500005706213,2399.9999999999964,0.0,0.0,0.05119999696034938,22936.423914934687,16.666666666666668,19,750,125.03550002293196,12.33390015840996,13,0,0,0,0,4,39.92848237890881,146.14493662013197,0.05737347158857977,0,86.60976803972522,-133.3139125681722,383.33333333333195,1,0
random-s42-0000,visibility,81,122,completed,True,False,6,769,0,,187.0198001852259,0.2431986998507489,2399.9999999999964,262.83960000728257,9.131044180304258,144,0,1,1,22971.99851618363,22595.362886997154,58.94745288279855,59.702496109447935,-133.3139125681722,20.0,kinematic,False,0,0.0,,,,random,event,13,23,19.981400007964112,22.382900002412498,2399.9999999999964,0.0,0.0,0.05110001075081527,22936.423914934687,16.666666666666668,19,750,173.9487999875564,13.071000197669491,13,0,0,0,0,4,39.92848237890881,146.14493662013197,0.05737347158857977,0,86.60976803972522,-133.3139125681722,383.33333333333195,1,0
random-s42-0000,visibility,82,123,completed,True,False,6,769,0,,188.43879985797685,0.24504395300127027,2399.9999999999964,282.5650000013411,8.493620936735285,144,0,1,1,22971.99851618363,22595.362886997154,58.94745288279855,59.702496109447935,-133.3139125681722,20.0,kinematic,False,0,0.0,,,,random,event,13,23,19.881200016243383,11.781099994550459,2399.9999999999964,0.0,0.0,0.0644000101601705,22936.423914934687,16.666666666666668,19,750,153.7570000073174,34.681799850659445,13,0,0,0,0,4,39.92848237890881,146.14493662013197,0.05737347158857977,0,86.60976803972522,-133.3139125681722,383.33333333333195,1,0
random-s42-0000,visibility,83,124,completed,True,False,6,769,0,,177.49069990532007,0.23080715202252286,2399.9999999999964,256.5296000102535,9.355645507980633,144,0,1,1,22971.99851618363,22595.362886997154,58.94745288279855,59.702496109447935,-133.3139125681722,20.0,kinematic,False,0,0.0,,,,random,event,13,23,21.20690002629999,12.580099995830096,2399.9999999999964,0.0,0.0,0.05539999983739108,22936.423914934687,16.666666666666668,19,750,162.4423000321258,15.048399873194285,13,0,0,0,0,4,39.92848237890881,146.14493662013197,0.05737347158857977,0,86.60976803972522,-133.3139125681722,383.33333333333195,1,0
random-s42-0000,visibility,84,125,completed,True,False,6,769,0,,192.39679984457325,0.2501908970670653,2399.9999999999964,279.45449999242555,8.588160147949118,144,0,1,1,22971.99851618363,22595.362886997154,58.94745288279855,59.702496109447935,-133.3139125681722,20.0,kinematic,False,0,0.0,,,,random,event,13,23,20.2869000058854,14.64039999700617,2399.9999999999964,0.0,0.0,0.05819999205414206,22936.423914934687,16.666666666666668,19,750,177.48489997757133,14.911899867001921,13,0,0,0,0,4,39.92848237890881,146.14493662013197,0.05737347158857977,0,86.60976803972522,-133.3139125681722,383.33333333333195,1,0
random-s42-0000,visibility,85,126,completed,True,False,6,769,0,,188.03320005827118,0.24451651503026162,2399.9999999999964,274.6995999914361,8.736816508195925,144,0,1,1,22971.99851618363,22595.362886997154,58.94745288279855,59.702496109447935,-133.3139125681722,20.0,kinematic,False,0,0.0,,,,random,event,13,23,26.969099999405444,13.815500002237968,2399.9999999999964,0.0,0.0,0.058599995099939406,22936.423914934687,16.666666666666668,19,750,172.79969996889122,15.233500089379959,13,0,0,0,0,4,39.92848237890881,146.14493662013197,0.05737347158857977,0,86.60976803972522,-133.3139125681722,383.33333333333195,1,0
random-s42-0000,visibility,86,127,completed,True,False,6,769,0,,197.68769993970636,0.25707113126099657,2399.9999999999964,295.2629999927012,8.12834659289963,144,0,1,1,22971.99851618363,22595.362886997154,58.94745288279855,59.702496109447935,-133.3139125681722,20.0,kinematic,False,0,0.0,,,,random,event,13,23,29.296099994098768,15.617400000337511,2399.9999999999964,0.0,0.0,0.06330000178422779,22936.423914934687,16.666666666666668,19,750,179.40109995834064,18.286599981365725,13,0,0,0,0,4,39.92848237890881,146.14493662013197,0.05737347158857977,0,86.60976803972522,-133.3139125681722,383.33333333333195,1,0
random-s42-0000,visibility,87,128,completed,True,False,6,769,0,,220.18099976412486,0.286321196052178,2399.9999999999964,315.9410000080243,7.5963550154587125,144,0,1,1,22971.99851618363,22595.362886997154,58.94745288279855,59.702496109447935,-133.3139125681722,20.0,kinematic,False,0,0.0,,,,random,event,13,23,26.44239997607656,21.011300006648526,2399.9999999999964,0.0,0.0,0.06079999729990959,22936.423914934687,16.666666666666668,19,750,204.01489998039324,16.166099783731624,13,0,0,0,0,4,39.92848237890881,146.14493662013197,0.05737347158857977,0,86.60976803972522,-133.3139125681722,383.33333333333195,1,0
random-s42-0000,visibility,88,129,completed,True,False,6,769,0,,196.6879999235971,0.25577113124004824,2399.9999999999964,279.6577000117395,8.581919968229906,144,0,1,1,22971.99851618363,22595.362886997154,58.94745288279855,59.702496109447935,-133.3139125681722,20.0,kinematic,False,0,0.0,,,,random,event,13,23,28.776900013326667,15.778100001625717,2399.9999999999964,0.0,0.0,0.06389999180100858,22936.423914934687,16.666666666666668,19,750,181.07039999449626,15.617599929100834,13,0,0,0,0,4,39.92848237890881,146.14493662013197,0.05737347158857977,0,86.60976803972522,-133.3139125681722,383.33333333333195,1,0
random-s42-0000,visibility,89,130,completed,True,False,6,769,0,,303.91849992156494,0.39521261368213906,2399.9999999999964,403.2770000048913,5.951244429934976,144,0,1,1,22971.99851618363,22595.362886997154,58.94745288279855,59.702496109447935,-133.3139125681722,20.0,kinematic,False,0,0.0,,,,random,event,13,23,23.805300006642938,81.75650000339374,2399.9999999999964,0.0,0.0,0.0661999947624281,22936.423914934687,16.666666666666668,19,750,286.20920002867933,17.70929989288561,13,0,0,0,0,4,39.92848237890881,146.14493662013197,0.05737347158857977,0,86.60976803972522,-133.3139125681722,383.33333333333195,1,0
random-s42-0000,visibility,90,131,completed,True,False,6,769,0,,227.87870006868616,0.29633120945212765,2399.9999999999964,385.5788999935612,6.22440698917932,144,0,1,1,22971.99851618363,22595.362886997154,58.94745288279855,59.702496109447935,-133.3139125681722,20.0,kinematic,False,0,0.0,,,,random,event,13,23,23.97989996825345,41.192200005752966,2399.9999999999964,0.0,0.0,0.08290000550914556,22936.423914934687,16.666666666666668,19,750,209.99369998753536,17.885000081150793,13,0,0,0,0,4,39.92848237890881,146.14493662013197,0.05737347158857977,0,86.60976803972522,-133.3139125681722,383.33333333333195,1,0
random-s42-0000,visibility,91,132,completed,True,False,6,769,0,,306.5522000688361,0.3986374513248844,2399.9999999999964,408.10339999734424,5.880862546147899,144,0,1,1,22971.99851618363,22595.362886997154,58.94745288279855,59.702496109447935,-133.3139125681722,20.0,kinematic,False,0,0.0,,,,random,event,13,23,24.922500000684522,98.59479998704046,2399.9999999999964,0.0,0.0,0.07249999907799065,22936.423914934687,16.666666666666668,19,750,288.3506999933161,18.201500075520016,13,0,0,0,0,4,39.92848237890881,146.14493662013197,0.05737347158857977,0,86.60976803972522,-133.3139125681722,383.33333333333195,1,0
random-s42-0000,visibility,92,133,completed,True,False,6,769,0,,284.80530009255745,0.37035799751958054,2399.9999999999964,397.01899999636225,6.045050740700034,144,0,1,1,22971.99851618363,22595.362886997154,58.94745288279855,59.702496109447935,-133.3139125681722,20.0,kinematic,False,0,0.0,,,,random,event,13,23,28.1503000005614,59.30199999420438,2399.9999999999964,0.0,0.0,0.076299998909235,22936.423914934687,16.666666666666668,19,750,265.33130001917016,19.474000073387288,13,0,0,0,0,4,39.92848237890881,146.14493662013197,0.05737347158857977,0,86.60976803972522,-133.3139125681722,383.33333333333195,1,0
random-s42-0000,visibility,93,134,completed,True,False,6,769,0,,235.27240027033258,0.30594590412266914,2399.9999999999964,341.76209999714047,7.022428759713488,144,0,1,1,22971.99851618363,22595.362886997154,58.94745288279855,59.702496109447935,-133.3139125681722,20.0,kinematic,False,0,0.0,,,,random,event,13,23,28.413799998816103,16.21739999973215,2399.9999999999964,0.0,0.0,0.07670000195503235,22936.423914934687,16.666666666666668,19,750,215.70140002586413,19.57100024446845,13,0,0,0,0,4,39.92848237890881,146.14493662013197,0.05737347158857977,0,86.60976803972522,-133.3139125681722,383.33333333333195,1,0
random-s42-0000,visibility,94,135,completed,True,False,6,769,0,,229.04920026485343,0.2978533163392112,2399.9999999999964,329.15330000105314,7.291435328135302,144,0,1,1,22971.99851618363,22595.362886997154,58.94745288279855,59.702496109447935,-133.3139125681722,20.0,kinematic,False,0,0.0,,,,random,event,13,23,29.53409997280687,15.12189999630209,2399.9999999999964,0.0,0.0,0.07390000973828137,22936.423914934687,16.666666666666668,19,750,211.12559996254276,17.92360030231066,13,0,0,0,0,4,39.92848237890881,146.14493662013197,0.05737347158857977,0,86.60976803972522,-133.3139125681722,383.33333333333195,1,0
random-s42-0000,visibility,95,136,completed,True,False,6,769,0,,218.32770014589187,0.28391118354472283,2399.9999999999964,320.59879999724217,7.48599183783795,144,0,1,1,22971.99851618363,22595.362886997154,58.94745288279855,59.702496109447935,-133.3139125681722,20.0,kinematic,False,0,0.0,,,,random,event,13,23,27.121799997985363,14.813899993896484,2399.9999999999964,0.0,0.0,0.07130000449251384,22936.423914934687,16.666666666666668,19,750,200.30400004179683,18.02370010409504,13,0,0,0,0,4,39.92848237890881,146.14493662013197,0.05737347158857977,0,86.60976803972522,-133.3139125681722,383.33333333333195,1,0
random-s42-0000,visibility,96,137,completed,True,False,6,769,0,,212.68400015833322,0.2765721718573904,2399.9999999999964,316.68570000329055,7.578491861094641,144,0,1,1,22971.99851618363,22595.362886997154,58.94745288279855,59.702496109447935,-133.3139125681722,20.0,kinematic,False,0,0.0,,,,random,event,13,23,27.18980000645388,14.932899997802451,2399.9999999999964,0.0,0.0,0.07020001066848636,22936.423914934687,16.666666666666668,19,750,195.01210004091263,17.67190011742059,13,0,0,0,0,4,39.92848237890881,146.14493662013197,0.05737347158857977,0,86.60976803972522,-133.3139125681722,383.33333333333195,1,0
random-s42-0000,visibility,97,138,completed,True,False,6,769,0,,211.34199999505654,0.2748270481080059,2399.9999999999964,306.1433999973815,7.839463467187351,144,0,1,1,22971.99851618363,22595.362886997154,58.94745288279855,59.702496109447935,-133.3139125681722,20.0,kinematic,False,0,0.0,,,,random,event,13,23,28.077599985408597,14.814300011494197,2399.9999999999964,0.0,0.0,0.06679999933112413,22936.423914934687,16.666666666666668,19,750,194.67860003351234,16.6633999615442,13,0,0,0,0,4,39.92848237890881,146.14493662013197,0.05737347158857977,0,86.60976803972522,-133.3139125681722,383.33333333333195,1,0
random-s42-0000,visibility,98,139,completed,True,False,6,769,0,,212.52670022659004,0.27636762058074127,2399.9999999999964,306.01419998856727,7.842773309505444,144,0,1,1,22971.99851618363,22595.362886997154,58.94745288279855,59.702496109447935,-133.3139125681722,20.0,kinematic,False,0,0.0,,,,random,event,13,23,24.824100008117966,15.053600000101142,2399.9999999999964,0.0,0.0,0.06409999332390726,22936.423914934687,16.666666666666668,19,750,195.7966000045417,16.73010022204835,13,0,0,0,0,4,39.92848237890881,146.14493662013197,0.05737347158857977,0,86.60976803972522,-133.3139125681722,383.33333333333195,1,0
random-s42-0000,visibility,99,140,completed,True,False,6,769,0,,189.919200114673,0.2469690508643342,2399.9999999999964,272.4496000009822,8.808968704638746,144,0,1,1,22971.99851618363,22595.362886997154,58.94745288279855,59.702496109447935,-133.3139125681722,20.0,kinematic,False,0,0.0,,,,random,event,13,23,26.161000016145408,13.416100002359599,2399.9999999999964,0.0,0.0,0.060699996538460255,22936.423914934687,16.666666666666668,19,750,175.3541000507539,14.56510006391909,13,0,0,0,0,4,39.92848237890881,146.14493662013197,0.05737347158857977,0,86.60976803972522,-133.3139125681722,383.33333333333195,1,0
random-s42-0000,visibility,100,141,completed,True,False,6,769,0,,181.47670003236271,0.2359905071942298,2399.9999999999964,260.3897999943001,9.216950894591616,144,0,1,1,22971.99851618363,22595.362886997154,58.94745288279855,59.702496109447935,-133.3139125681722,20.0,kinematic,False,0,0.0,,,,random,event,13,23,22.97440000984352,13.82259999809321,2399.9999999999964,0.0,0.0,0.05060000694356859,22936.423914934687,16.666666666666668,19,750,167.725600025733,13.751100006629713,13,0,0,0,0,4,39.92848237890881,146.14493662013197,0.05737347158857977,0,86.60976803972522,-133.3139125681722,383.33333333333195,1,0
random-s42-0000,visibility,101,142,completed,True,False,6,769,0,,168.13360006199218,0.2186392718621485,2399.9999999999964,239.41779999586288,10.024317323279506,144,0,1,1,22971.99851618363,22595.362886997154,58.94745288279855,59.702496109447935,-133.3139125681722,20.0,kinematic,False,0,0.0,,,,random,event,13,23,25.571399994078092,13.092900000629015,2399.9999999999964,0.0,0.0,0.05360000068321824,22936.423914934687,16.666666666666668,19,750,155.48760000092443,12.646000061067753,13,0,0,0,0,4,39.92848237890881,146.14493662013197,0.05737347158857977,0,86.60976803972522,-133.3139125681722,383.33333333333195,1,0
random-s42-0000,visibility,102,143,completed,True,False,6,769,0,,168.90669961867388,0.2196446028851416,2399.9999999999964,239.03110000537708,10.040534474158415,144,0,1,1,22971.99851618363,22595.362886997154,58.94745288279855,59.702496109447935,-133.3139125681722,20.0,kinematic,False,0,0.0,,,,random,event,13,23,24.187399991205893,13.954399997601286,2399.9999999999964,0.0,0.0,0.040799990529194474,22936.423914934687,16.666666666666668,19,750,156.66080001392402,12.245899604749866,13,0,0,0,0,4,39.92848237890881,146.14493662013197,0.05737347158857977,0,86.60976803972522,-133.3139125681722,383.33333333333195,1,0
random-s42-0000,visibility,103,144,completed,True,False,6,769,0,,158.11530005885288,0.20561157354857332,2399.9999999999964,225.76410000328906,10.630565266864979,144,0,1,1,22971.99851618363,22595.362886997154,58.94745288279855,59.702496109447935,-133.3139125681722,20.0,kinematic,False,0,0.0,,,,random,event,13,23,20.905600002151914,13.68789999105502,2399.9999999999964,0.0,0.0,0.05050000618211925,22936.423914934687,16.666666666666668,19,750,146.17480004380923,11.940500015043654,13,0,0,0,0,4,39.92848237890881,146.14493662013197,0.05737347158857977,0,86.60976803972522,-133.3139125681722,383.33333333333195,1,0
random-s42-0000,visibility,104,145,completed,True,False,6,769,0,,146.57870003429707,0.19060949289245394,2399.9999999999964,211.8447999964701,11.329048435647167,144,0,1,1,22971.99851618363,22595.362886997154,58.94745288279855,59.702496109447935,-133.3139125681722,20.0,kinematic,False,0,0.0,,,,random,event,13,23,18.433699995512143,9.6728000062285,2399.9999999999964,0.0,0.0,0.026699999580159783,22936.423914934687,16.666666666666668,19,750,135.13779998174869,11.440900052548386,13,0,0,0,0,4,39.92848237890881,146.14493662013197,0.05737347158857977,0,86.60976803972522,-133.3139125681722,383.33333333333195,1,0
random-s42-0000,visibility,105,146,completed,True,False,6,769,0,,142.20809999096673,0.18492600779059393,2399.9999999999964,206.92799999960698,11.59823706798768,144,0,1,1,22971.99851618363,22595.362886997154,58.94745288279855,59.702496109447935,-133.3139125681722,20.0,kinematic,False,0,0.0,,,,random,event,13,23,17.9667000338668,9.272000010241754,2399.9999999999964,0.0,0.0,0.048600006266497076,22936.423914934687,16.666666666666668,19,750,130.75150005170144,11.456599939265288,13,0,0,0,0,4,39.92848237890881,146.14493662013197,0.05737347158857977,0,86.60976803972522,-133.3139125681722,383.33333333333195,1,0
random-s42-0000,visibility,106,147,completed,True,False,6,769,0,,142.31839976855554,0.18506944053128158,2399.9999999999964,208.81359999475535,11.493504254800817,144,0,1,1,22971.99851618363,22595.362886997154,58.94745288279855,59.702496109447935,-133.3139125681722,20.0,kinematic,False,0,0.0,,,,random,event,13,23,17.835299993748777,9.730099991429597,2399.9999999999964,0.0,0.0,0.04719999560620636,22936.423914934687,16.666666666666668,19,750,130.638899965561,11.679499802994542,13,0,0,0,0,4,39.92848237890881,146.14493662013197,0.05737347158857977,0,86.60976803972522,-133.3139125681722,383.33333333333195,1,0
random-s42-0000,visibility,107,148,completed,True,False,6,769,0,,142.91060030518565,0.18583953225641828,2399.9999999999964,206.1212999979034,11.643629261140932,144,0,1,1,22971.99851618363,22595.362886997154,58.94745288279855,59.702496109447935,-133.3139125681722,20.0,kinematic,False,0,0.0,,,,random,event,13,23,17.399399977875873,12.895499996375293,2399.9999999999964,0.0,0.0,0.042400002712383866,22936.423914934687,16.666666666666668,19,750,131.81759996223263,11.093000342953019,13,0,0,0,0,4,39.92848237890881,146.14493662013197,0.05737347158857977,0,86.60976803972522,-133.3139125681722,383.33333333333195,1,0
random-s42-0000,visibility,108,149,completed,True,False,6,769,0,,121.64129989105277,0.1581811442016291,2399.9999999999964,177.07139998674393,13.55385454782459,144,0,1,1,22971.99851618363,22595.362886997154,58.94745288279855,59.702496109447935,-133.3139125681722,20.0,kinematic,False,0,0.0,,,,random,event,13,23,16.24749999609776,8.776999995461665,2399.9999999999964,0.0,0.0,0.022100008209235966,22936.423914934687,16.666666666666668,19,750,111.97159998118877,9.669699909863994,13,0,0,0,0,4,39.92848237890881,146.14493662013197,0.05737347158857977,0,86.60976803972522,-133.3139125681722,383.33333333333195,1,0
random-s42-0000,visibility,109,150,completed,True,False,6,769,0,,123.84139974892605,0.16104213231329786,2399.9999999999964,183.7158999987878,13.063648818724086,144,0,1,1,22971.99851618363,22595.362886997154,58.94745288279855,59.702496109447935,-133.3139125681722,20.0,kinematic,False,0,0.0,,,,random,event,13,23,15.476099972147495,7.815599994501099,2399.9999999999964,0.0,0.0,0.036900004488416016,22936.423914934687,16.666666666666668,19,750,113.2829999551177,10.558399793808348,13,0,0,0,0,4,39.92848237890881,146.14493662013197,0.05737347158857977,0,86.60976803972522,-133.3139125681722,383.33333333333195,1,0
random-s42-0000,visibility,110,151,completed,True,False,6,769,0,,126.1477002844913,0.1640412227366597,2399.9999999999964,183.7017000070773,13.064658628132095,144,0,1,1,22971.99851618363,22595.362886997154,58.94745288279855,59.702496109447935,-133.3139125681722,20.0,kinematic,False,0,0.0,,,,random,event,13,23,15.876599994953722,8.021700006793253,2399.9999999999964,0.0,0.0,0.043099993490614,22936.423914934687,16.666666666666668,19,750,115.99550001847092,10.152200266020373,13,0,0,0,0,4,39.92848237890881,146.14493662013197,0.05737347158857977,0,86.60976803972522,-133.3139125681722,383.33333333333195,1,0
random-s42-0000,visibility,111,152,completed,True,False,6,769,0,,158.44730006938335,0.20604330308112268,2399.9999999999964,230.6966000032844,10.403274257036419,144,0,1,1,22971.99851618363,22595.362886997154,58.94745288279855,59.702496109447935,-133.3139125681722,20.0,kinematic,False,0,0.0,,,,random,event,13,23,21.659300022292882,13.543799999752082,2399.9999999999964,0.0,0.0,0.049700000090524554,22936.423914934687,16.666666666666668,19,750,145.02020001236815,13.427100057015195,13,0,0,0,0,4,39.92848237890881,146.14493662013197,0.05737347158857977,0,86.60976803972522,-133.3139125681722,383.33333333333195,1,0
random-s42-0000,visibility,112,153,completed,True,False,6,769,0,,168.53509997599758,0.21916137838231156,2399.9999999999964,249.27509999542963,9.627917108624164,144,0,1,1,22971.99851618363,22595.362886997154,58.94745288279855,59.702496109447935,-133.3139125681722,20.0,kinematic,False,0,0.0,,,,random,event,13,23,20.957600019755773,13.366899991524406,2399.9999999999964,0.0,0.0,0.049299997044727206,22936.423914934687,16.666666666666668,19,750,155.3602000203682,13.174899955629371,13,0,0,0,0,4,39.92848237890881,146.14493662013197,0.05737347158857977,0,86.60976803972522,-133.3139125681722,383.33333333333195,1,0
random-s42-0000,visibility,113,154,completed,True,False,6,769,0,,186.4729003282264,0.24248751668169882,2399.9999999999964,270.84739999554586,8.861078230913293,144,0,1,1,22971.99851618363,22595.362886997154,58.94745288279855,59.702496109447935,-133.3139125681722,20.0,kinematic,False,0,0.0,,,,random,event,13,23,25.49669999280013,14.125299989245832,2399.9999999999964,0.0,0.0,0.05190000229049474,22936.423914934687,16.666666666666668,19,750,170.89199999463744,15.580900333588943,13,0,0,0,0,4,39.92848237890881,146.14493662013197,0.05737347158857977,0,86.60976803972522,-133.3139125681722,383.33333333333195,1,0
random-s42-0000,visibility,114,155,completed,True,False,6,769,0,,174.406700200052,0.22679674928485305,2399.9999999999964,266.6888999956427,8.99924968770432,144,0,1,1,22971.99851618363,22595.362886997154,58.94745288279855,59.702496109447935,-133.3139125681722,20.0,kinematic,False,0,0.0,,,,random,event,13,23,22.09949999814853,13.632799993501976,2399.9999999999964,0.0,0.0,0.052700008382089436,22936.423914934687,16.666666666666668,19,750,159.82899999653455,14.577700203517452,13,0,0,0,0,4,39.92848237890881,146.14493662013197,0.05737347158857977,0,86.60976803972522,-133.3139125681722,383.33333333333195,1,0
random-s42-0000,visibility,115,156,completed,True,False,6,769,0,,194.8856999661075,0.25342743818739594,2399.9999999999964,285.22020000673365,8.414551283335948,144,0,1,1,22971.99851618363,22595.362886997154,58.94745288279855,59.702496109447935,-133.3139125681722,20.0,kinematic,False,0,0.0,,,,random,event,13,23,23.795600005541928,14.371400000527501,2399.9999999999964,0.0,0.0,0.059999991208314896,22936.423914934687,16.666666666666668,19,750,179.14780000864994,15.737899957457557,13,0,0,0,0,4,39.92848237890881,146.14493662013197,0.05737347158857977,0,86.60976803972522,-133.3139125681722,383.33333333333195,1,0
random-s42-0000,visibility,116,157,completed,True,False,6,769,0,,181.71460037410725,0.23629987044747366,2399.9999999999964,262.05719998688437,9.1583058970336,144,0,1,1,22971.99851618363,22595.362886997154,58.94745288279855,59.702496109447935,-133.3139125681722,20.0,kinematic,False,0,0.0,,,,random,event,13,23,24.800000013783574,15.117400005692616,2399.9999999999964,0.0,0.0,0.05639999289996922,22936.423914934687,16.666666666666668,19,750,166.88089998206124,14.833700392046012,13,0,0,0,0,4,39.92848237890881,146.14493662013197,0.05737347158857977,0,86.60976803972522,-133.3139125681722,383.33333333333195,1,0
random-s42-0000,visibility,117,158,completed,True,False,6,769,0,,184.84570001601242,0.24037152147725932,2399.9999999999964,276.6221000056248,8.676096378240187,144,0,1,1,22971.99851618363,22595.362886997154,58.94745288279855,59.702496109447935,-133.3139125681722,20.0,kinematic,False,0,0.0,,,,random,event,13,23,21.302299996023066,14.428800001041964,2399.9999999999964,0.0,0.0,0.062000006437301636,22936.423914934687,16.666666666666668,19,750,164.68029998941347,20.165400026598945,13,0,0,0,0,4,39.92848237890881,146.14493662013197,0.05737347158857977,0,86.60976803972522,-133.3139125681722,383.33333333333195,1,0
random-s42-0000,visibility,118,159,completed,True,False,6,769,0,,200.14509969041683,0.26026670961042503,2399.9999999999964,289.97910000907723,8.276458544511895,144,0,1,1,22971.99851618363,22595.362886997154,58.94745288279855,59.702496109447935,-133.3139125681722,20.0,kinematic,False,0,0.0,,,,random,event,13,23,28.25649997976143,14.880899994750507,2399.9999999999964,0.0,0.0,0.05869999586138874,22936.423914934687,16.666666666666668,19,750,183.0226999882143,17.12239970220253,13,0,0,0,0,4,39.92848237890881,146.14493662013197,0.05737347158857977,0,86.60976803972522,-133.3139125681722,383.33333333333195,1,0
random-s42-0000,visibility,119,160,completed,True,False,6,769,0,,193.92810013960116,0.2521821848369326,2399.9999999999964,277.29939999699127,8.654905131515022,144,0,1,1,22971.99851618363,22595.362886997154,58.94745288279855,59.702496109447935,-133.3139125681722,20.0,kinematic,False,0,0.0,,,,random,event,13,23,27.573800005484372,15.540099993813783,2399.9999999999964,0.0,0.0,0.05879999662283808,22936.423914934687,16.666666666666668,19,750,179.02680001861881,14.901300120982341,13,0,0,0,0,4,39.92848237890881,146.14493662013197,0.05737347158857977,0,86.60976803972522,-133.3139125681722,383.33333333333195,1,0
random-s42-0000,visibility,120,161,completed,True,False,6,769,0,,176.80849980388302,0.22992002575277376,2399.9999999999964,255.14759999350645,9.406320106718923,144,0,1,1,22971.99851618363,22595.362886997154,58.94745288279855,59.702496109447935,-133.3139125681722,20.0,kinematic,False,0,0.0,,,,random,event,13,23,21.64330001687631,12.40989999496378,2399.9999999999964,0.0,0.0,0.05599998985417187,22936.423914934687,16.666666666666668,19,750,163.10299999895506,13.705499804927967,13,0,0,0,0,4,39.92848237890881,146.14493662013197,0.05737347158857977,0,86.60976803972522,-133.3139125681722,383.33333333333195,1,0
random-s42-0000,visibility,121,162,completed,True,False,6,769,0,,198.6191999312723,0.2582824446440472,2399.9999999999964,293.7852000031853,8.169233848314942,144,0,1,1,22971.99851618363,22595.362886997154,58.94745288279855,59.702496109447935,-133.3139125681722,20.0,kinematic,False,0,0.0,,,,random,event,13,23,20.741400003316812,14.976399994338863,2399.9999999999964,0.0,0.0,0.0594000011915341,22936.423914934687,16.666666666666668,19,750,182.08520002372097,16.533999907551333,13,0,0,0,0,4,39.92848237890881,146.14493662013197,0.05737347158857977,0,86.60976803972522,-133.3139125681722,383.33333333333195,1,0
random-s42-0000,visibility,122,163,completed,True,False,6,769,0,,192.0379000075627,0.24972418726601134,2399.9999999999964,287.6792999886675,8.342623192195404,144,0,1,1,22971.99851618363,22595.362886997154,58.94745288279855,59.702496109447935,-133.3139125681722,20.0,kinematic,False,0,0.0,,,,random,event,13,23,24.059500035946257,15.234199992846698,2399.9999999999964,0.0,0.0,0.061700004152953625,22936.423914934687,16.666666666666668,19,750,175.83500003092922,16.20289997663349,13,0,0,0,0,4,39.92848237890881,146.14493662013197,0.05737347158857977,0,86.60976803972522,-133.3139125681722,383.33333333333195,1,0
random-s42-0000,visibility,123,164,completed,True,False,6,769,0,,204.45669966284186,0.26587347160317537,2399.9999999999964,307.34250000386965,7.808877717757156,144,0,1,1,22971.99851618363,22595.362886997154,58.94745288279855,59.702496109447935,-133.3139125681722,20.0,kinematic,False,0,0.0,,,,random,event,13,23,25.95489998930134,14.324000003398396,2399.9999999999964,0.0,0.0,0.06639999628532678,22936.423914934687,16.666666666666668,19,750,186.50609996984713,17.95059969299473,13,0,0,0,0,4,39.92848237890881,146.14493662013197,0.05737347158857977,0,86.60976803972522,-133.3139125681722,383.33333333333195,1,0
random-s42-0000,visibility,124,165,completed,True,False,6,769,0,,206.25950014800765,0.2682178155370711,2399.9999999999964,303.5396000050241,7.906711348240138,144,0,1,1,22971.99851618363,22595.362886997154,58.94745288279855,59.702496109447935,-133.3139125681722,20.0,kinematic,False,0,0.0,,,,random,event,13,23,27.33769999758806,14.265300007537007,2399.9999999999964,0.0,0.0,0.06730000313837081,22936.423914934687,16.666666666666668,19,750,189.15500001457985,17.10450013342779,13,0,0,0,0,4,39.92848237890881,146.14493662013197,0.05737347158857977,0,86.60976803972522,-133.3139125681722,383.33333333333195,1,0
random-s42-0000,visibility,125,166,completed,True,False,6,769,0,,198.50610024877824,0.25813537093469213,2399.9999999999964,293.44579999451526,8.178682400786974,144,0,1,1,22971.99851618363,22595.362886997154,58.94745288279855,59.702496109447935,-133.3139125681722,20.0,kinematic,False,0,0.0,,,,random,event,13,23,26.93120000185445,14.45889999740757,2399.9999999999964,0.0,0.0,0.06399999256245792,22936.423914934687,16.666666666666668,19,750,177.66129999654368,20.844800252234563,13,0,0,0,0,4,39.92848237890881,146.14493662013197,0.05737347158857977,0,86.60976803972522,-133.3139125681722,383.33333333333195,1,0
random-s42-0000,visibility,126,167,completed,True,False,6,769,0,,213.22219978901558,0.27727204133812167,2399.9999999999964,304.5716999913566,7.879917930878364,144,0,1,1,22971.99851618363,22595.362886997154,58.94745288279855,59.702496109447935,-133.3139125681722,20.0,kinematic,False,0,0.0,,,,random,event,13,23,23.64139999554027,15.488599994569086,2399.9999999999964,0.0,0.0,0.06310000026132911,22936.423914934687,16.666666666666668,19,750,191.9759000011254,21.246299787890166,13,0,0,0,0,4,39.92848237890881,146.14493662013197,0.05737347158857977,0,86.60976803972522,-133.3139125681722,383.33333333333195,1,0
random-s42-0000,visibility,127,168,completed,True,False,6,769,0,,208.51450026384555,0.2711501954016197,2399.9999999999964,303.76770001021214,7.900774176844058,144,0,1,1,22971.99851618363,22595.362886997154,58.94745288279855,59.702496109447935,-133.3139125681722,20.0,kinematic,False,0,0.0,,,,random,event,13,23,27.80330002133269,13.845100009348243,2399.9999999999964,0.0,0.0,0.06250001024454832,22936.423914934687,16.666666666666668,19,750,189.51730002299882,18.997200240846723,13,0,0,0,0,4,39.92848237890881,146.14493662013197,0.05737347158857977,0,86.60976803972522,-133.3139125681722,383.33333333333195,1,0
random-s42-0000,visibility,128,169,completed,True,False,6,769,0,,196.071299695177,0.25496918035783744,2399.9999999999964,284.8873999901116,8.42438100134755,144,0,1,1,22971.99851618363,22595.362886997154,58.94745288279855,59.702496109447935,-133.3139125681722,20.0,kinematic,False,0,0.0,,,,random,event,13,23,22.431999997934327,15.199500005110167,2399.9999999999964,0.0,0.0,0.06259999645408243,22936.423914934687,16.666666666666668,19,750,180.2375999686774,15.833699726499617,13,0,0,0,0,4,39.92848237890881,146.14493662013197,0.05737347158857977,0,86.60976803972522,-133.3139125681722,383.33333333333195,1,0
random-s42-0000,visibility,129,170,completed,True,False,6,769,0,,195.64920020638965,0.2544202863542128,2399.9999999999964,279.36409998801537,8.590939208377009,144,0,1,1,22971.99851618363,22595.362886997154,58.94745288279855,59.702496109447935,-133.3139125681722,20.0,kinematic,False,0,0.0,,,,random,event,13,23,24.67040001647547,13.389700005063787,2399.9999999999964,0.0,0.0,0.06049999501556158,22936.423914934687,16.666666666666668,19,750,179.95580000570044,15.693400200689211,13,0,0,0,0,4,39.92848237890881,146.14493662013197,0.05737347158857977,0,86.60976803972522,-133.3139125681722,383.33333333333195,1,0
random-s42-0000,visibility,130,171,completed,True,False,6,769,0,,181.4036999567179,0.23589557861731847,2399.9999999999964,257.17870000516996,9.332032551497267,144,0,1,1,22971.99851618363,22595.362886997154,58.94745288279855,59.702496109447935,-133.3139125681722,20.0,kinematic,False,0,0.0,,,,random,event,13,23,22.873699985211715,11.860400001751259,2399.9999999999964,0.0,0.0,0.05129999772179872,22936.423914934687,16.666666666666668,19,750,167.1134999487549,14.290200007962994,13,0,0,0,0,4,39.92848237890881,146.14493662013197,0.05737347158857977,0,86.60976803972522,-133.3139125681722,383.33333333333195,1,0
random-s42-0000,visibility,131,172,completed,True,False,6,769,0,,161.72089976316784,0.2103002597700492,2399.9999999999964,233.7186000077054,10.2687590971402,144,0,1,1,22971.99851618363,22595.362886997154,58.94745288279855,59.702496109447935,-133.3139125681722,20.0,kinematic,False,0,0.0,,,,random,event,13,23,23.73310002440121,14.039500005310401,2399.9999999999964,0.0,0.0,0.05089999467600137,22936.423914934687,16.666666666666668,19,750,149.28840004722588,12.432499715941958,13,0,0,0,0,4,39.92848237890881,146.14493662013197,0.05737347158857977,0,86.60976803972522,-133.3139125681722,383.33333333333195,1,0
random-s42-0000,visibility,132,173,completed,True,False,6,769,0,,160.53629988164175,0.2087598177914717,2399.9999999999964,238.55819999880623,10.060438081826598,144,0,1,1,22971.99851618363,22595.362886997154,58.94745288279855,59.702496109447935,-133.3139125681722,20.0,kinematic,False,0,0.0,,,,random,event,13,23,19.202500028768554,11.748799995984882,2399.9999999999964,0.0,0.0,0.05570000212173909,22936.423914934687,16.666666666666668,19,750,146.78780002577696,13.748499855864793,13,0,0,0,0,4,39.92848237890881,146.14493662013197,0.05737347158857977,0,86.60976803972522,-133.3139125681722,383.33333333333195,1,0
random-s42-0000,visibility,133,174,completed,True,False,6,769,0,,164.60500014363788,0.21405071540134965,2399.9999999999964,242.99850000534207,9.876604176351849,144,0,1,1,22971.99851618363,22595.362886997154,58.94745288279855,59.702496109447935,-133.3139125681722,20.0,kinematic,False,0,0.0,,,,random,event,13,23,21.284299989929423,11.264900007518008,2399.9999999999964,0.0,0.0,0.05420000525191426,22936.423914934687,16.666666666666668,19,750,150.78019999782555,13.824800145812333,13,0,0,0,0,4,39.92848237890881,146.14493662013197,0.05737347158857977,0,86.60976803972522,-133.3139125681722,383.33333333333195,1,0
random-s42-0000,visibility,134,175,completed,True,False,6,769,0,,167.12149990780745,0.21732314682419693,2399.9999999999964,244.83619999955408,9.802472020086766,144,0,1,1,22971.99851618363,22595.362886997154,58.94745288279855,59.702496109447935,-133.3139125681722,20.0,kinematic,False,0,0.0,,,,random,event,13,23,20.279200005461462,13.210200006142259,2399.9999999999964,0.0,0.0,0.05089999467600137,22936.423914934687,16.666666666666668,19,750,153.35920001962222,13.762299888185225,13,0,0,0,0,4,39.92848237890881,146.14493662013197,0.05737347158857977,0,86.60976803972522,-133.3139125681722,383.33333333333195,1,0
random-s42-0000,visibility,135,176,completed,True,False,6,769,0,,152.57060003932565,0.19840130044125573,2399.9999999999964,224.68869999283925,10.681445039632539,144,0,1,1,22971.99851618363,22595.362886997154,58.94745288279855,59.702496109447935,-133.3139125681722,20.0,kinematic,False,0,0.0,,,,random,event,13,23,18.80840001103934,11.662899996736087,2399.9999999999964,0.0,0.0,0.04879999323748052,22936.423914934687,16.666666666666668,19,750,139.93760000448674,12.633000034838915,13,0,0,0,0,4,39.92848237890881,146.14493662013197,0.05737347158857977,0,86.60976803972522,-133.3139125681722,383.33333333333195,1,0
random-s42-0000,visibility,136,177,completed,True,False,6,769,0,,209.4346997619141,0.2723468137346087,2399.9999999999964,293.81269999430515,8.168469232427714,144,0,1,1,22971.99851618363,22595.362886997154,58.94745288279855,59.702496109447935,-133.3139125681722,20.0,kinematic,False,0,0.0,,,,random,event,13,23,19.785399999818765,40.130800000042655,2399.9999999999964,0.0,0.0,0.05400000372901559,22936.423914934687,16.666666666666668,19,750,192.73809998412617,16.696599777787924,13,0,0,0,0,4,39.92848237890881,146.14493662013197,0.05737347158857977,0,86.60976803972522,-133.3139125681722,383.33333333333195,1,0
random-s42-0000,visibility,137,178,completed,True,False,6,769,0,,153.57559990661684,0.1997081923363028,2399.9999999999964,223.2499999954598,10.750279955425777,144,0,1,1,22971.99851618363,22595.362886997154,58.94745288279855,59.702496109447935,-133.3139125681722,20.0,kinematic,False,0,0.0,,,,random,event,13,23,19.171999985701405,10.762599995359778,2399.9999999999964,0.0,0.0,0.05079999391455203,22936.423914934687,16.666666666666668,19,750,140.47279996157158,13.102799945045263,13,0,0,0,0,4,39.92848237890881,146.14493662013197,0.05737347158857977,0,86.60976803972522,-133.3139125681722,383.33333333333195,1,0
random-s42-0000,visibility,138,179,completed,True,False,6,769,0,,185.7437000144273,0.24153927180029558,2399.9999999999964,266.0979999927804,9.019233515716435,144,0,1,1,22971.99851618363,22595.362886997154,58.94745288279855,59.702496109447935,-133.3139125681722,20.0,kinematic,False,0,0.0,,,,random,event,13,23,21.195599998463877,22.107800003141165,2399.9999999999964,0.0,0.0,0.05269999383017421,22936.423914934687,16.666666666666668,19,750,171.4501999958884,14.293500018538907,13,0,0,0,0,4,39.92848237890881,146.14493662013197,0.05737347158857977,0,86.60976803972522,-133.3139125681722,383.33333333333195,1,0
random-s42-0000,visibility,139,180,completed,True,False,6,769,0,,186.15669998689555,0.24207633288282907,2399.9999999999964,271.68770000571385,8.833671895891946,144,0,1,1,22971.99851618363,22595.362886997154,58.94745288279855,59.702496109447935,-133.3139125681722,20.0,kinematic,False,0,0.0,,,,random,event,13,23,20.160100000794046,16.72490000783,2399.9999999999964,0.0,0.0,0.05990000499878079,22936.423914934687,16.666666666666668,19,750,171.40509997261688,14.751600014278665,13,0,0,0,0,4,39.92848237890881,146.14493662013197,0.05737347158857977,0,86.60976803972522,-133.3139125681722,383.33333333333195,1,0
random-s42-0000,visibility,140,181,completed,True,False,6,769,0,,180.08179996104445,0.23417659292723597,2399.9999999999964,267.13290000043344,8.984292088305493,144,0,1,1,22971.99851618363,22595.362886997154,58.94745288279855,59.702496109447935,-133.3139125681722,20.0,kinematic,False,0,0.0,,,,random,event,13,23,23.785400000633672,13.55659999535419,2399.9999999999964,0.0,0.0,0.0610999995842576,22936.423914934687,16.666666666666668,19,750,164.0635000076145,16.01829995342996,13,0,0,0,0,4,39.92848237890881,146.14493662013197,0.05737347158857977,0,86.60976803972522,-133.3139125681722,383.33333333333195,1,0
random-s42-0000,visibility,141,182,completed,True,False,6,769,0,,199.03519982472062,0.25882340679417504,2399.9999999999964,290.89879999810364,8.25029185412811,144,0,1,1,22971.99851618363,22595.362886997154,58.94745288279855,59.702496109447935,-133.3139125681722,20.0,kinematic,False,0,0.0,,,,random,event,13,23,22.5979999959236,14.711299998452887,2399.9999999999964,0.0,0.0,0.06179999036248773,22936.423914934687,16.666666666666668,19,750,181.15610002132598,17.879099803394638,13,0,0,0,0,4,39.92848237890881,146.14493662013197,0.05737347158857977,0,86.60976803972522,-133.3139125681722,383.33333333333195,1,0
random-s42-0000,visibility,142,183,completed,True,False,6,769,0,,192.6900000544265,0.25057217172227114,2399.9999999999964,274.491099989973,8.743452884584116,144,0,1,1,22971.99851618363,22595.362886997154,58.94745288279855,59.702496109447935,-133.3139125681722,20.0,kinematic,False,0,0.0,,,,random,event,13,23,28.61200000916142,14.65759999700822,2399.9999999999964,0.0,0.0,0.05679999594576657,22936.423914934687,16.666666666666668,19,750,177.20860002737027,15.481400027056225,13,0,0,0,0,4,39.92848237890881,146.14493662013197,0.05737347158857977,0,86.60976803972522,-133.3139125681722,383.33333333333195,1,0
random-s42-0000,visibility,143,184,completed,True,False,6,769,0,,179.48790010996163,0.23340429143037922,2399.9999999999964,275.8388000074774,8.700733906669177,144,0,1,1,22971.99851618363,22595.362886997154,58.94745288279855,59.702496109447935,-133.3139125681722,20.0,kinematic,False,0,0.0,,,,random,event,13,23,24.713699996937066,14.42500000121072,2399.9999999999964,0.0,0.0,0.0568000104976818,22936.423914934687,16.666666666666668,19,750,163.5826999845449,15.90520012541674,13,0,0,0,0,4,39.92848237890881,146.14493662013197,0.05737347158857977,0,86.60976803972522,-133.3139125681722,383.33333333333195,1,0
random-s42-0000,visibility,144,185,completed,True,False,6,769,0,,182.18019996129442,0.2369053315491475,2399.9999999999964,262.7087000000756,9.135593910667236,144,0,1,1,22971.99851618363,22595.362886997154,58.94745288279855,59.702496109447935,-133.3139125681722,20.0,kinematic,False,0,0.0,,,,random,event,13,23,24.483100016368553,12.535800007754005,2399.9999999999964,0.0,0.0,0.05570000212173909,22936.423914934687,16.666666666666668,19,750,167.66619998088572,14.513999980408698,13,0,0,0,0,4,39.92848237890881,146.14493662013197,0.05737347158857977,0,86.60976803972522,-133.3139125681722,383.33333333333195,1,0
random-s42-0000,visibility,145,186,completed,True,False,6,769,0,,182.82619990350213,0.23774538348959964,2399.9999999999964,263.60530000238214,9.104521039517445,144,0,1,1,22971.99851618363,22595.362886997154,58.94745288279855,59.702496109447935,-133.3139125681722,20.0,kinematic,False,0,0.0,,,,random,event,13,23,22.045899968361482,14.389999996637926,2399.9999999999964,0.0,0.0,0.05830000736750662,22936.423914934687,16.666666666666668,19,750,167.38789997179992,15.438299931702204,13,0,0,0,0,4,39.92848237890881,146.14493662013197,0.05737347158857977,0,86.60976803972522,-133.3139125681722,383.33333333333195,1,0
random-s42-0000,visibility,146,187,completed,True,False,6,769,0,,167.63920022640377,0.21799635920208554,2399.9999999999964,245.66249999043066,9.769500839947018,144,0,1,1,22971.99851618363,22595.362886997154,58.94745288279855,59.702496109447935,-133.3139125681722,20.0,kinematic,False,0,0.0,,,,random,event,13,23,20.960300011211075,13.558500009821728,2399.9999999999964,0.0,0.0,0.053799987654201686,22936.423914934687,16.666666666666668,19,750,153.7353000458097,13.903900180594064,13,0,0,0,0,4,39.92848237890881,146.14493662013197,0.05737347158857977,0,86.60976803972522,-133.3139125681722,383.33333333333195,1,0
random-s42-0000,visibility,147,188,completed,True,False,6,769,0,,160.52959981607273,0.20875110509242228,2399.9999999999964,239.22610000590794,10.032350148837129,144,0,1,1,22971.99851618363,22595.362886997154,58.94745288279855,59.702496109447935,-133.3139125681722,20.0,kinematic,False,0,0.0,,,,random,event,13,23,23.130099987611175,11.559299993677996,2399.9999999999964,0.0,0.0,0.05390000296756625,22936.423914934687,16.666666666666668,19,750,146.87009999761358,13.659499818459153,13,0,0,0,0,4,39.92848237890881,146.14493662013197,0.05737347158857977,0,86.60976803972522,-133.3139125681722,383.33333333333195,1,0
random-s42-0000,visibility,148,189,completed,True,False,6,769,0,,166.37429971888196,0.21635149508307147,2399.9999999999964,236.95709998719394,10.128415650468805,144,0,1,1,22971.99851618363,22595.362886997154,58.94745288279855,59.702496109447935,-133.3139125681722,20.0,kinematic,False,0,0.0,,,,random,event,13,23,19.144899968523532,13.235799997346476,2399.9999999999964,0.0,0.0,0.03789999755099416,22936.423914934687,16.666666666666668,19,750,154.1954999556765,12.178799763205461,13,0,0,0,0,4,39.92848237890881,146.14493662013197,0.05737347158857977,0,86.60976803972522,-133.3139125681722,383.33333333333195,1,0
random-s42-0000,visibility,149,190,completed,True,False,6,769,0,,149.27200014062691,0.19411183373293486,2399.9999999999964,216.7829999962123,11.070978813107715,144,0,1,1,22971.99851618363,22595.362886997154,58.94745288279855,59.702496109447935,-133.3139125681722,20.0,kinematic,False,0,0.0,,,,random,event,13,23,18.476999990525655,11.374599998816848,2399.9999999999964,0.0,0.0,0.02720000338740647,22936.423914934687,16.666666666666668,19,750,137.36329998937435,11.90870015125256,13,0,0,0,0,4,39.92848237890881,146.14493662013197,0.05737347158857977,0,86.60976803972522,-133.3139125681722,383.33333333333195,1,0
random-s42-0000,visibility,150,191,completed,True,False,6,769,0,,147.50959974480793,0.1918200256759531,2399.9999999999964,218.77920000406448,10.969964237712768,144,0,1,1,22971.99851618363,22595.362886997154,58.94745288279855,59.702496109447935,-133.3139125681722,20.0,kinematic,False,0,0.0,,,,random,event,13,23,18.860800002585165,9.74010000936687,2399.9999999999964,0.0,0.0,0.04959999932907522,22936.423914934687,16.666666666666668,19,750,135.2020999765955,12.307499768212438,13,0,0,0,0,4,39.92848237890881,146.14493662013197,0.05737347158857977,0,86.60976803972522,-133.3139125681722,383.33333333333195,1,0
random-s42-0000,visibility,151,192,completed,True,False,6,769,0,,137.8694001759868,0.17928400543041198,2399.9999999999964,203.45129999623168,11.79643482270425,144,0,1,1,22971.99851618363,22595.362886997154,58.94745288279855,59.702496109447935,-133.3139125681722,20.0,kinematic,False,0,0.0,,,,random,event,13,23,16.999600004055537,9.497400009422563,2399.9999999999964,0.0,0.0,0.04090000584255904,22936.423914934687,16.666666666666668,19,750,126.33019998611417,11.539200189872645,13,0,0,0,0,4,39.92848237890881,146.14493662013197,0.05737347158857977,0,86.60976803972522,-133.3139125681722,383.33333333333195,1,0
random-s42-0000,visibility,152,193,completed,True,False,6,769,0,,137.1434001630405,0.17833992218860922,2399.9999999999964,198.3613000047626,12.09913425624037,144,0,1,1,22971.99851618363,22595.362886997154,58.94745288279855,59.702496109447935,-133.3139125681722,20.0,kinematic,False,0,0.0,,,,random,event,13,23,16.760500002419576,9.801000007428229,2399.9999999999964,0.0,0.0,0.0467000063508749,22936.423914934687,16.666666666666668,19,750,126.4085000148043,10.734900148236193,13,0,0,0,0,4,39.92848237890881,146.14493662013197,0.05737347158857977,0,86.60976803972522,-133.3139125681722,383.33333333333195,1,0
random-s42-0000,visibility,153,194,completed,True,False,6,769,0,,134.66639994294383,0.17511885558250173,2399.9999999999964,197.50179999391548,12.1517879840788,144,0,1,1,22971.99851618363,22595.362886997154,58.94745288279855,59.702496109447935,-133.3139125681722,20.0,kinematic,False,0,0.0,,,,random,event,13,23,16.921199989155866,8.498299997881986,2399.9999999999964,0.0,0.0,0.04959999932907522,22936.423914934687,16.666666666666668,19,750,123.50529995455872,11.161099988385104,13,0,0,0,0,4,39.92848237890881,146.14493662013197,0.05737347158857977,0,86.60976803972522,-133.3139125681722,383.33333333333195,1,0
random-s42-0000,visibility,154,195,completed,True,False,6,769,0,,135.22219985316042,0.17584161229279638,2399.9999999999964,197.69880000967532,12.13967914768598,144,0,1,1,22971.99851618363,22595.362886997154,58.94745288279855,59.702496109447935,-133.3139125681722,20.0,kinematic,False,0,0.0,,,,random,event,13,23,16.94090000819415,9.107199992286041,2399.9999999999964,0.0,0.0,0.030700000934302807,22936.423914934687,16.666666666666668,19,750,124.33480001345742,10.887399839702994,13,0,0,0,0,4,39.92848237890881,146.14493662013197,0.05737347158857977,0,86.60976803972522,-133.3139125681722,383.33333333333195,1,0
random-s42-0000,visibility,155,196,completed,True,False,6,769,0,,139.76810018357355,0.18175305615549225,2399.9999999999964,206.92730000882875,11.598276302341924,144,0,1,1,22971.99851618363,22595.362886997154,58.94745288279855,59.702496109447935,-133.3139125681722,20.0,kinematic,False,0,0.0,,,,random,event,13,23,17.391600005794317,9.217600003466941,2399.9999999999964,0.0,0.0,0.03789999755099416,22936.423914934687,16.666666666666668,19,750,128.03670002904255,11.731400154531002,13,0,0,0,0,4,39.92848237890881,146.14493662013197,0.05737347158857977,0,86.60976803972522,-133.3139125681722,383.33333333333195,1,0
random-s42-0000,visibility,156,197,completed,True,False,6,769,0,,137.82969964086078,0.1792323792468931,2399.9999999999964,200.51070000045002,11.96943604503206,144,0,1,1,22971.99851618363,22595.362886997154,58.94745288279855,59.702496109447935,-133.3139125681722,20.0,kinematic,False,0,0.0,,,,random,event,13,23,17.27610001398716,9.015099989483133,2399.9999999999964,0.0,0.0,0.02720000338740647,22936.423914934687,16.666666666666668,19,750,126.83009997999761,10.999599660863169,13,0,0,0,0,4,39.92848237890881,146.14493662013197,0.05737347158857977,0,86.60976803972522,-133.3139125681722,383.33333333333195,1,0
random-s42-0000,visibility,157,198,completed,True,False,6,769,0,,145.2259000216145,0.18885032512563654,2399.9999999999964,213.83399999467656,11.223659474450951,144,0,1,1,22971.99851618363,22595.362886997154,58.94745288279855,59.702496109447935,-133.3139125681722,20.0,kinematic,False,0,0.0,,,,random,event,13,23,17.370999994454905,12.67730000836309,2399.9999999999964,0.0,0.0,0.04940001235809177,22936.423914934687,16.666666666666668,19,750,132.94360002328176,12.282299998332746,13,0,0,0,0,4,39.92848237890881,146.14493662013197,0.05737347158857977,0,86.60976803972522,-133.3139125681722,383.33333333333195,1,0
random-s42-0000,visibility,158,199,completed,True,False,6,769,0,,143.72570013802033,0.18689948002343346,2399.9999999999964,211.99779999733437,11.320872197872683,144,0,1,1,22971.99851618363,22595.362886997154,58.94745288279855,59.702496109447935,-133.3139125681722,20.0,kinematic,False,0,0.0,,,,random,event,13,23,17.980100004933774,9.599700002581812,2399.9999999999964,0.0,0.0,0.04859999171458185,22936.423914934687,16.666666666666668,19,750,131.7187999957241,12.006900142296217,13,0,0,0,0,4,39.92848237890881,146.14493662013197,0.05737347158857977,0,86.60976803972522,-133.3139125681722,383.33333333333195,1,0
random-s42-0000,visibility,159,200,completed,True,False,6,769,0,,146.7562002799241,0.1908403124576386,2399.9999999999964,211.8429000111064,11.32915004408536,144,0,1,1,22971.99851618363,22595.362886997154,58.94745288279855,59.702496109447935,-133.3139125681722,20.0,kinematic,False,0,0.0,,,,random,event,13,23,17.807499985792674,10.823100004927255,2399.9999999999964,0.0,0.0,0.0492000108351931,22936.423914934687,16.666666666666668,19,750,134.86599997850135,11.890200301422738,13,0,0,0,0,4,39.92848237890881,146.14493662013197,0.05737347158857977,0,86.60976803972522,-133.3139125681722,383.33333333333195,1,0
random-s42-0000,visibility,160,201,completed,True,False,6,769,0,,141.4088999881642,0.18388673600541508,2399.9999999999964,206.3995999924373,11.627929511917344,144,0,1,1,22971.99851618363,22595.362886997154,58.94745288279855,59.702496109447935,-133.3139125681722,20.0,kinematic,False,0,0.0,,,,random,event,13,23,17.900000006193295,9.001099999295548,2399.9999999999964,0.0,0.0,0.046899993321858346,22936.423914934687,16.666666666666668,19,750,130.11059998825658,11.298299999907613,13,0,0,0,0,4,39.92848237890881,146.14493662013197,0.05737347158857977,0,86.60976803972522,-133.3139125681722,383.33333333333195,1,0
random-s42-0000,visibility,161,202,completed,True,False,6,769,0,,137.51270007924177,0.17882015614985924,2399.9999999999964,200.04440000047907,11.997336591247986,144,0,1,1,22971.99851618363,22595.362886997154,58.94745288279855,59.702496109447935,-133.3139125681722,20.0,kinematic,False,0,0.0,,,,random,event,13,23,17.460399991250597,8.709000001545064,2399.9999999999964,0.0,0.0,0.04499999340623617,22936.423914934687,16.666666666666668,19,750,126.45900003553834,11.05370004370343,13,0,0,0,0,4,39.92848237890881,146.14493662013197,0.05737347158857977,0,86.60976803972522,-133.3139125681722,383.33333333333195,1,0
random-s42-0000,visibility,162,203,completed,True,False,6,769,0,,141.31900039501488,0.18376983146295822,2399.9999999999964,204.50620001065545,11.735585521979033,144,0,1,1,22971.99851618363,22595.362886997154,58.94745288279855,59.702496109447935,-133.3139125681722,20.0,kinematic,False,0,0.0,,,,random,event,13,23,17.4822000117274,12.44560000486672,2399.9999999999964,0.0,0.0,0.03500000457279384,22936.423914934687,16.666666666666668,19,750,130.24910000967793,11.06990038533695,13,0,0,0,0,4,39.92848237890881,146.14493662013197,0.05737347158857977,0,86.60976803972522,-133.3139125681722,383.33333333333195,1,0
random-s42-0000,visibility,163,204,completed,True,False,6,769,0,,140.05109990830533,0.18212106620065713,2399.9999999999964,202.74609999614768,11.837465677739784,144,0,1,1,22971.99851618363,22595.362886997154,58.94745288279855,59.702496109447935,-133.3139125681722,20.0,kinematic,False,0,0.0,,,,random,event,13,23,17.191399994771928,9.728599994559772,2399.9999999999964,0.0,0.0,0.02750000567175448,22936.423914934687,16.666666666666668,19,750,128.95989998651203,11.091199921793304,13,0,0,0,0,4,39.92848237890881,146.14493662013197,0.05737347158857977,0,86.60976803972522,-133.3139125681722,383.33333333333195,1,0
random-s42-0000,visibility,164,205,completed,True,False,6,769,0,,142.40469996002503,0.18518166444736675,2399.9999999999964,207.2296000114875,11.581357102783365,144,0,1,1,22971.99851618363,22595.362886997154,58.94745288279855,59.702496109447935,-133.3139125681722,20.0,kinematic,False,0,0.0,,,,random,event,13,23,17.75109997834079,10.278100002324209,2399.9999999999964,0.0,0.0,0.04299999272916466,22936.423914934687,16.666666666666668,19,750,131.02590000198688,11.378799958038144,13,0,0,0,0,4,39.92848237890881,146.14493662013197,0.05737347158857977,0,86.60976803972522,-133.3139125681722,383.33333333333195,1,0
random-s42-0000,visibility,165,206,completed,True,False,6,769,0,,139.46580000629183,0.18135994799257715,2399.9999999999964,201.64669999212492,11.902004843588939,144,0,1,1,22971.99851618363,22595.362886997154,58.94745288279855,59.702496109447935,-133.3139125681722,20.0,kinematic,False,0,0.0,,,,random,event,13,23,17.29689999774564,9.919500007526949,2399.9999999999964,0.0,0.0,0.025200002710334957,22936.423914934687,16.666666666666668,19,750,128.4256000071764,11.04019999911543,13,0,0,0,0,4,39.92848237890881,146.14493662013197,0.05737347158857977,0,86.60976803972522,-133.3139125681722,383.33333333333195,1,0
random-s42-0000,visibility,166,207,completed,True,False,6,769,0,,139.18199980980717,0.18099089702185586,2399.9999999999964,201.16470000357367,11.930522601417449,144,0,1,1,22971.99851618363,22595.362886997154,58.94745288279855,59.702496109447935,-133.3139125681722,20.0,kinematic,False,0,0.0,,,,random,event,13,23,17.246999981580302,10.329199998523109,2399.9999999999964,0.0,0.0,0.027400004910305142,22936.423914934687,16.666666666666668,19,750,128.2847999536898,10.897199856117368,13,0,0,0,0,4,39.92848237890881,146.14493662013197,0.05737347158857977,0,86.60976803972522,-133.3139125681722,383.33333333333195,1,0
random-s42-0000,visibility,167,208,completed,True,False,6,769,0,,137.49560008000117,0.17879791947984547,2399.9999999999964,200.0452999927802,11.997282615920566,144,0,1,1,22971.99851618363,22595.362886997154,58.94745288279855,59.702496109447935,-133.3139125681722,20.0,kinematic,False,0,0.0,,,,random,event,13,23,17.29170000180602,9.040600009029731,2399.9999999999964,0.0,0.0,0.02609999501146376,22936.423914934687,16.666666666666668,19,750,126.40859998646192,11.087000093539245,13,0,0,0,0,4,39.92848237890881,146.14493662013197,0.05737347158857977,0,86.60976803972522,-133.3139125681722,383.33333333333195,1,0
random-s42-0000,visibility,168,209,completed,True,False,6,769,0,,137.66579976072535,0.17901924546258172,2399.9999999999964,199.744900004589,12.015325547460076,144,0,1,1,22971.99851618363,22595.362886997154,58.94745288279855,59.702496109447935,-133.3139125681722,20.0,kinematic,False,0,0.0,,,,random,event,13,23,17.524900002172217,8.97850000183098,2399.9999999999964,0.0,0.0,0.04709999484475702,22936.423914934687,16.666666666666668,19,750,126.64089999452699,11.02489976619836,13,0,0,0,0,4,39.92848237890881,146.14493662013197,0.05737347158857977,0,86.60976803972522,-133.3139125681722,383.33333333333195,1,0
random-s42-0000,visibility,169,210,completed,True,False,6,769,0,,140.16880001872778,0.1822741222610244,2399.9999999999964,205.17200000176672,11.697502583097743,144,0,1,1,22971.99851618363,22595.362886997154,58.94745288279855,59.702496109447935,-133.3139125681722,20.0,kinematic,False,0,0.0,,,,random,event,13,23,17.444699988118373,14.38639999832958,2399.9999999999964,0.0,0.0,0.04289999196771532,22936.423914934687,16.666666666666668,19,750,128.93059996713419,11.238200051593594,13,0,0,0,0,4,39.92848237890881,146.14493662013197,0.05737347158857977,0,86.60976803972522,-133.3139125681722,383.33333333333195,1,0
random-s42-0000,visibility,170,211,completed,True,False,6,769,0,,130.07110013859347,0.16914317313211114,2399.9999999999964,190.30130001192447,12.611579636343052,144,0,1,1,22971.99851618363,22595.362886997154,58.94745288279855,59.702496109447935,-133.3139125681722,20.0,kinematic,False,0,0.0,,,,random,event,13,23,16.51630002015736,8.423300008871593,2399.9999999999964,0.0,0.0,0.045199994929134846,22936.423914934687,16.666666666666668,19,750,119.56150003243238,10.509600106161088,13,0,0,0,0,4,39.92848237890881,146.14493662013197,0.05737347158857977,0,86.60976803972522,-133.3139125681722,383.33333333333195,1,0
random-s42-0000,visibility,171,212,completed,True,False,6,769,0,,152.08040007564705,0.1977638492531171,2399.9999999999964,224.17259999201633,10.706036331315557,144,0,1,1,22971.99851618363,22595.362886997154,58.94745288279855,59.702496109447935,-133.3139125681722,20.0,kinematic,False,0,0.0,,,,random,event,13,23,18.03250002558343,11.845300003187731,2399.9999999999964,0.0,0.0,0.04640000406652689,22936.423914934687,16.666666666666668,19,750,140.05870002438314,12.021700051263906,13,0,0,0,0,4,39.92848237890881,146.14493662013197,0.05737347158857977,0,86.60976803972522,-133.3139125681722,383.33333333333195,1,0
random-s42-0000,visibility,172,213,completed,True,False,6,769,0,,154.26830008800607,0.20060897280624976,2399.9999999999964,218.22009999596048,10.99807029711939,144,0,1,1,22971.99851618363,22595.362886997154,58.94745288279855,59.702496109447935,-133.3139125681722,20.0,kinematic,False,0,0.0,,,,random,event,13,23,19.02380000683479,16.77479999489151,2399.9999999999964,0.0,0.0,0.0484000047435984,22936.423914934687,16.666666666666668,19,750,141.23189999372698,13.036400094279088,13,0,0,0,0,4,39.92848237890881,146.14493662013197,0.05737347158857977,0,86.60976803972522,-133.3139125681722,383.33333333333195,1,0
random-s42-0000,visibility,173,214,completed,True,False,6,769,0,,146.08980010962114,0.18997373226218614,2399.9999999999964,216.4766000059899,11.086648625918869,144,0,1,1,22971.99851618363,22595.362886997154,58.94745288279855,59.702496109447935,-133.3139125681722,20.0,kinematic,False,0,0.0,,,,random,event,13,23,17.35700003337115,9.606400009943172,2399.9999999999964,0.0,0.0,0.05049999163020402,22936.423914934687,16.666666666666668,19,750,133.80060004419647,12.289200065424666,13,0,0,0,0,4,39.92848237890881,146.14493662013197,0.05737347158857977,0,86.60976803972522,-133.3139125681722,383.33333333333195,1,0
random-s42-0000,visibility,174,215,completed,True,False,6,769,0,,155.39630001876503,0.202075812768225,2399.9999999999964,225.25999999197666,10.654354967972475,144,0,1,1,22971.99851618363,22595.362886997154,58.94745288279855,59.702496109447935,-133.3139125681722,20.0,kinematic,False,0,0.0,,,,random,event,13,23,18.883500000811182,12.426500004949048,2399.9999999999964,0.0,0.0,0.05089999467600137,22936.423914934687,16.666666666666668,19,750,143.296599999303,12.099700019462034,13,0,0,0,0,4,39.92848237890881,146.14493662013197,0.05737347158857977,0,86.60976803972522,-133.3139125681722,383.33333333333195,1,0
random-s42-0000,visibility,175,216,completed,True,False,6,769,0,,153.5272999171866,0.1996453835073948,2399.9999999999964,224.57180000492372,10.687005224820643,144,0,1,1,22971.99851618363,22595.362886997154,58.94745288279855,59.702496109447935,-133.3139125681722,20.0,kinematic,False,0,0.0,,,,random,event,13,23,19.18300001125317,9.976600005757064,2399.9999999999964,0.0,0.0,0.05129999772179872,22936.423914934687,16.666666666666668,19,750,140.91910001297947,12.60819990420714,13,0,0,0,0,4,39.92848237890881,146.14493662013197,0.05737347158857977,0,86.60976803972522,-133.3139125681722,383.33333333333195,1,0
random-s42-0000,visibility,176,217,completed,True,False,6,769,0,,154.58179992856458,0.20101664490060414,2399.9999999999964,225.24759999942034,10.654941495519475,144,0,1,1,22971.99851618363,22595.362886997154,58.94745288279855,59.702496109447935,-133.3139125681722,20.0,kinematic,False,0,0.0,,,,random,event,13,23,20.315699992352165,10.439699995913543,2399.9999999999964,0.0,0.0,0.05079999391455203,22936.423914934687,16.666666666666668,19,750,141.85520002502017,12.726599903544411,13,0,0,0,0,4,39.92848237890881,146.14493662013197,0.05737347158857977,0,86.60976803972522,-133.3139125681722,383.33333333333195,1,0
random-s42-0000,visibility,177,218,completed,True,False,6,769,0,,151.97250003984664,0.1976235371129345,2399.9999999999964,220.81420000176877,10.86886622319023,144,0,1,1,22971.99851618363,22595.362886997154,58.94745288279855,59.702496109447935,-133.3139125681722,20.0,kinematic,False,0,0.0,,,,random,event,13,23,19.67730003525503,10.074299992993474,2399.9999999999964,0.0,0.0,0.050300004659220576,22936.423914934687,16.666666666666668,19,750,139.83110000845045,12.141400031396188,13,0,0,0,0,4,39.92848237890881,146.14493662013197,0.05737347158857977,0,86.60976803972522,-133.3139125681722,383.33333333333195,1,0
random-s42-0000,visibility,178,219,completed,True,False,6,769,0,,158.43989975110162,0.2060336797803662,2399.9999999999964,225.67800000251736,10.634621008575161,144,0,1,1,22971.99851618363,22595.362886997154,58.94745288279855,59.702496109447935,-133.3139125681722,20.0,kinematic,False,0,0.0,,,,random,event,13,23,19.63230002729688,14.956400002120063,2399.9999999999964,0.0,0.0,0.05060000694356859,22936.423914934687,16.666666666666668,19,750,146.53870002075564,11.90119973034598,13,0,0,0,0,4,39.92848237890881,146.14493662013197,0.05737347158857977,0,86.60976803972522,-133.3139125681722,383.33333333333195,1,0
random-s42-0000,visibility,179,220,completed,True,False,6,769,0,,150.39549967332277,0.19557282142174612,2399.9999999999964,219.53669999493286,10.9321129453772,144,0,1,1,22971.99851618363,22595.362886997154,58.94745288279855,59.702496109447935,-133.3139125681722,20.0,kinematic,False,0,0.0,,,,random,event,13,23,19.490599996061064,11.954599991440773,2399.9999999999964,0.0,0.0,0.042100000428035855,22936.423914934687,16.666666666666668,19,750,138.275299948873,12.120199724449776,13,0,0,0,0,4,39.92848237890881,146.14493662013197,0.05737347158857977,0,86.60976803972522,-133.3139125681722,383.33333333333195,1,0
random-s42-0000,visibility,180,221,completed,True,False,6,769,0,,145.87690014741383,0.18969687925541462,2399.9999999999964,223.78020000178367,10.724809433456878,144,0,1,1,22971.99851618363,22595.362886997154,58.94745288279855,59.702496109447935,-133.3139125681722,20.0,kinematic,False,0,0.0,,,,random,event,13,23,18.873800014262088,9.774400008609518,2399.9999999999964,0.0,0.0,0.04990000161342323,22936.423914934687,16.666666666666668,19,750,132.4241000256734,13.452800121740438,13,0,0,0,0,4,39.92848237890881,146.14493662013197,0.05737347158857977,0,86.60976803972522,-133.3139125681722,383.33333333333195,1,0
random-s42-0000,visibility,181,222,completed,True,False,6,769,0,,148.26080013881437,0.19279687924423194,2399.9999999999964,213.04020000388846,11.265479472682578,144,0,1,1,22971.99851618363,22595.362886997154,58.94745288279855,59.702496109447935,-133.3139125681722,20.0,kinematic,False,0,0.0,,,,random,event,13,23,19.299999985378236,11.432499988586642,2399.9999999999964,0.0,0.0,0.049299997044727206,22936.423914934687,16.666666666666668,19,750,136.60699997853953,11.653800160274841,13,0,0,0,0,4,39.92848237890881,146.14493662013197,0.05737347158857977,0,86.60976803972522,-133.3139125681722,383.33333333333195,1,0
random-s42-0000,visibility,182,223,completed,True,False,6,769,0,,141.75769985013176,0.1843403118987409,2399.9999999999964,207.1536000003107,11.58560604303472,144,0,1,1,22971.99851618363,22595.362886997154,58.94745288279855,59.702496109447935,-133.3139125681722,20.0,kinematic,False,0,0.0,,,,random,event,13,23,17.882900006952696,9.389099999680184,2399.9999999999964,0.0,0.0,0.04680000711232424,22936.423914934687,16.666666666666668,19,750,130.27900000452064,11.478699845611118,13,0,0,0,0,4,39.92848237890881,146.14493662013197,0.05737347158857977,0,86.60976803972522,-133.3139125681722,383.33333333333195,1,0
random-s42-0000,visibility,183,224,completed,True,False,6,769,0,,143.528199987486,0.18664265277956568,2399.9999999999964,208.03380000870675,11.536586842616682,144,0,1,1,22971.99851618363,22595.362886997154,58.94745288279855,59.702496109447935,-133.3139125681722,20.0,kinematic,False,0,0.0,,,,random,event,13,23,17.76209998934064,9.79860000370536,2399.9999999999964,0.0,0.0,0.049299997044727206,22936.423914934687,16.666666666666668,19,750,132.03220002469607,11.495999962789938,13,0,0,0,0,4,39.92848237890881,146.14493662013197,0.05737347158857977,0,86.60976803972522,-133.3139125681722,383.33333333333195,1,0
random-s42-0000,visibility,184,225,completed,True,False,6,769,0,,144.54880039556883,0.1879698314636786,2399.9999999999964,208.8769000110915,11.49002115539131,144,0,1,1,22971.99851618363,22595.362886997154,58.94745288279855,59.702496109447935,-133.3139125681722,20.0,kinematic,False,0,0.0,,,,random,event,13,23,17.805800001951866,11.005599997588433,2399.9999999999964,0.0,0.0,0.03579999611247331,22936.423914934687,16.666666666666668,19,750,133.2968000206165,11.252000374952331,13,0,0,0,0,4,39.92848237890881,146.14493662013197,0.05737347158857977,0,86.60976803972522,-133.3139125681722,383.33333333333195,1,0
random-s42-0000,visibility,185,226,completed,True,False,6,769,0,,138.88790005876217,0.18060845261217448,2399.9999999999964,202.72680000925902,11.838592627567655,144,0,1,1,22971.99851618363,22595.362886997154,58.94745288279855,59.702496109447935,-133.3139125681722,20.0,kinematic,False,0,0.0,,,,random,event,13,23,17.36720002372749,9.335900002042763,2399.9999999999964,0.0,0.0,0.04950001311954111,22936.423914934687,16.666666666666668,19,750,127.33820006542373,11.549699993338436,13,0,0,0,0,4,39.92848237890881,146.14493662013197,0.05737347158857977,0,86.60976803972522,-133.3139125681722,383.33333333333195,1,0
random-s42-0000,visibility,186,227,completed,True,False,6,769,0,,139.44100023945794,0.18132769862088158,2399.9999999999964,204.35090000682976,11.744504183342398,144,0,1,1,22971.99851618363,22595.362886997154,58.94745288279855,59.702496109447935,-133.3139125681722,20.0,kinematic,False,0,0.0,,,,random,event,13,23,18.313500011572614,9.29500001075212,2399.9999999999964,0.0,0.0,0.046899993321858346,22936.423914934687,16.666666666666668,19,750,127.79480002063792,11.646200218820013,13,0,0,0,0,4,39.92848237890881,146.14493662013197,0.05737347158857977,0,86.60976803972522,-133.3139125681722,383.33333333333195,1,0
random-s42-0000,visibility,187,228,completed,True,False,6,769,0,,139.14020029187668,0.18093654134184223,2399.9999999999964,202.99229999363888,11.823108561631178,144,0,1,1,22971.99851618363,22595.362886997154,58.94745288279855,59.702496109447935,-133.3139125681722,20.0,kinematic,False,0,0.0,,,,random,event,13,23,17.459200011217035,9.403499992913567,2399.9999999999964,0.0,0.0,0.04709999484475702,22936.423914934687,16.666666666666668,19,750,127.76840002334211,11.371800268534571,13,0,0,0,0,4,39.92848237890881,146.14493662013197,0.05737347158857977,0,86.60976803972522,-133.3139125681722,383.33333333333195,1,0
random-s42-0000,visibility,188,229,completed,True,False,6,769,0,,132.78899995202664,0.1726775031885912,2399.9999999999964,189.50220000988338,12.664760619532785,144,0,1,1,22971.99851618363,22595.362886997154,58.94745288279855,59.702496109447935,-133.3139125681722,20.0,kinematic,False,0,0.0,,,,random,event,13,23,17.68600000650622,9.866899999906309,2399.9999999999964,0.0,0.0,0.023899992811493576,22936.423914934687,16.666666666666668,19,750,122.90549998579081,9.883499966235831,13,0,0,0,0,4,39.92848237890881,146.14493662013197,0.05737347158857977,0,86.60976803972522,-133.3139125681722,383.33333333333195,1,0
random-s42-0000,visibility,189,230,completed,True,False,6,769,0,,124.86720002198126,0.16237607285043076,2399.9999999999964,182.109200002742,13.17890584310875,144,0,1,1,22971.99851618363,22595.362886997154,58.94745288279855,59.702496109447935,-133.3139125681722,20.0,kinematic,False,0,0.0,,,,random,event,13,23,15.50650002900511,7.82430000253953,2399.9999999999964,0.0,0.0,0.02400000812485814,22936.423914934687,16.666666666666668,19,750,114.81610000191722,10.051100020064041,13,0,0,0,0,4,39.92848237890881,146.14493662013197,0.05737347158857977,0,86.60976803972522,-133.3139125681722,383.33333333333195,1,0
random-s42-0000,visibility,190,231,completed,True,False,6,769,0,,127.69280013162643,0.16605045530770668,2399.9999999999964,187.50299999373965,12.799795203704088,144,0,1,1,22971.99851618363,22595.362886997154,58.94745288279855,59.702496109447935,-133.3139125681722,20.0,kinematic,False,0,0.0,,,,random,event,13,23,16.538099982426502,8.616999999503605,2399.9999999999964,0.0,0.0,0.04490000719670206,22936.423914934687,16.666666666666668,19,750,117.25480000313837,10.438000128488056,13,0,0,0,0,4,39.92848237890881,146.14493662013197,0.05737347158857977,0,86.60976803972522,-133.3139125681722,383.33333333333195,1,0
random-s42-0000,visibility,191,232,completed,True,False,6,769,0,,131.27629995869938,0.17071040306722937,2399.9999999999964,191.2787000037497,12.547136717015269,144,0,1,1,22971.99851618363,22595.362886997154,58.94745288279855,59.702496109447935,-133.3139125681722,20.0,kinematic,False,0,0.0,,,,random,event,13,23,16.375299979699776,8.948499991674908,2399.9999999999964,0.0,0.0,0.025600005756132305,22936.423914934687,16.666666666666668,19,750,120.73969993798528,10.536600020714104,13,0,0,0,0,4,39.92848237890881,146.14493662013197,0.05737347158857977,0,86.60976803972522,-133.3139125681722,383.33333333333195,1,0
random-s42-0000,visibility,192,233,completed,True,False,6,769,0,,136.5984002914047,0.17763120974174862,2399.9999999999964,203.2076000032248,11.810581887497857,144,0,1,1,22971.99851618363,22595.362886997154,58.94745288279855,59.702496109447935,-133.3139125681722,20.0,kinematic,False,0,0.0,,,,random,event,13,23,16.83609998144675,9.779899992281571,2399.9999999999964,0.0,0.0,0.046299988753162324,22936.423914934687,16.666666666666668,19,750,125.11339999036863,11.485000301036052,13,0,0,0,0,4,39.92848237890881,146.14493662013197,0.05737347158857977,0,86.60976803972522,-133.3139125681722,383.33333333333195,1,0
random-s42-0000,visibility,193,234,completed,True,False,6,769,0,,137.62959980522282,0.17897217139820915,2399.9999999999964,199.25269999657758,12.045006165744402,144,0,1,1,22971.99851618363,22595.362886997154,58.94745288279855,59.702496109447935,-133.3139125681722,20.0,kinematic,False,0,0.0,,,,random,event,13,23,17.766900011338294,11.211499993805774,2399.9999999999964,0.0,0.0,0.041700011934153736,22936.423914934687,16.666666666666668,19,750,126.79960000969004,10.829999795532785,13,0,0,0,0,4,39.92848237890881,146.14493662013197,0.05737347158857977,0,86.60976803972522,-133.3139125681722,383.33333333333195,1,0
random-s42-0000,visibility,194,235,completed,True,False,6,769,0,,136.46969995170366,0.17746384909194235,2399.9999999999964,197.46850000228733,12.153837194145884,144,0,1,1,22971.99851618363,22595.362886997154,58.94745288279855,59.702496109447935,-133.3139125681722,20.0,kinematic,False,0,0.0,,,,random,event,13,23,18.157900020014495,9.298400007537566,2399.9999999999964,0.0,0.0,0.04020000051241368,22936.423914934687,16.666666666666668,19,750,125.7445000228472,10.725199928856455,13,0,0,0,0,4,39.92848237890881,146.14493662013197,0.05737347158857977,0,86.60976803972522,-133.3139125681722,383.33333333333195,1,0
random-s42-0000,visibility,195,236,completed,True,False,6,769,0,,143.50860005652066,0.18661716522304378,2399.9999999999964,206.2690000020666,11.635291779064962,144,0,1,1,22971.99851618363,22595.362886997154,58.94745288279855,59.702496109447935,-133.3139125681722,20.0,kinematic,False,0,0.0,,,,random,event,13,23,16.832099994644523,12.00980000430718,2399.9999999999964,0.0,0.0,0.042800005758181214,22936.423914934687,16.666666666666668,19,750,132.4678000091808,11.040800047339872,13,0,0,0,0,4,39.92848237890881,146.14493662013197,0.05737347158857977,0,86.60976803972522,-133.3139125681722,383.33333333333195,1,0
random-s42-0000,visibility,196,237,completed,True,False,6,769,0,,144.10080009838566,0.1873872563047928,2399.9999999999964,209.64760000060778,11.447781896826095,144,0,1,1,22971.99851618363,22595.362886997154,58.94745288279855,59.702496109447935,-133.3139125681722,20.0,kinematic,False,0,0.0,,,,random,event,13,23,17.61060001445003,11.288800000329502,2399.9999999999964,0.0,0.0,0.045900000259280205,22936.423914934687,16.666666666666668,19,750,132.68759998027235,11.41320011811331,13,0,0,0,0,4,39.92848237890881,146.14493662013197,0.05737347158857977,0,86.60976803972522,-133.3139125681722,383.33333333333195,1,0
random-s42-0000,visibility,197,238,completed,True,False,6,769,0,,134.7950002818834,0.17528608619230612,2399.9999999999964,195.72560000233352,12.262064849827425,144,0,1,1,22971.99851618363,22595.362886997154,58.94745288279855,59.702496109447935,-133.3139125681722,20.0,kinematic,False,0,0.0,,,,random,event,13,23,18.176199999288656,9.710300000733696,2399.9999999999964,0.0,0.0,0.02710000262595713,22936.423914934687,16.666666666666668,19,750,124.08240004151594,10.712600240367465,13,0,0,0,0,4,39.92848237890881,146.14493662013197,0.05737347158857977,0,86.60976803972522,-133.3139125681722,383.33333333333195,1,0
random-s42-0000,visibility,198,239,completed,True,False,6,769,0,,143.91700031410437,0.18714824488180024,2399.9999999999964,206.15149999503046,11.641923537096996,144,0,1,1,22971.99851618363,22595.362886997154,58.94745288279855,59.702496109447935,-133.3139125681722,20.0,kinematic,False,0,0.0,,,,random,event,13,23,18.534400034695864,14.45899999816902,2399.9999999999964,0.0,0.0,0.04510000871960074,22936.423914934687,16.666666666666668,19,750,133.03790004283655,10.879100271267816,13,0,0,0,0,4,39.92848237890881,146.14493662013197,0.05737347158857977,0,86.60976803972522,-133.3139125681722,383.33333333333195,1,0
random-s42-0000,visibility,199,240,completed,True,False,6,769,0,,134.37250009155832,0.17473667112036192,2399.9999999999964,197.12899999285582,12.174768806654399,144,0,1,1,22971.99851618363,22595.362886997154,58.94745288279855,59.702496109447935,-133.3139125681722,20.0,kinematic,False,0,0.0,,,,random,event,13,23,16.808800006401725,8.615200000349432,2399.9999999999964,0.0,0.0,0.03399999695830047,22936.423914934687,16.666666666666668,19,750,123.30840001231991,11.064100079238415,13,0,0,0,0,4,39.92848237890881,146.14493662013197,0.05737347158857977,0,86.60976803972522,-133.3139125681722,383.33333333333195,1,0
random-s42-0000,visibility,200,241,completed,True,False,6,769,0,,134.5749000320211,0.17499987000262823,2399.9999999999964,195.89919999998529,12.25119857559488,144,0,1,1,22971.99851618363,22595.362886997154,58.94745288279855,59.702496109447935,-133.3139125681722,20.0,kinematic,False,0,0.0,,,,random,event,13,23,16.78929998888634,8.959900005720556,2399.9999999999964,0.0,0.0,0.02580000727903098,22936.423914934687,16.666666666666668,19,750,123.75729998166207,10.817600050359033,13,0,0,0,0,4,39.92848237890881,146.14493662013197,0.05737347158857977,0,86.60976803972522,-133.3139125681722,383.33333333333195,1,0
