scenario,planner,trial,seed,status,completed,timed_out,robot_count,planner_calls,failed_plans,failed_robots,planning_time_ms_total,planning_time_ms_mean,simulated_duration_ms,wall_time_ms,realtime_factor,ticks,robot_collision_episodes,obstacle_collision_episodes,collision_episodes,planned_path_length_mm,travelled_distance_mm,mean_final_error_mm,max_final_error_mm,minimum_clearance_mm,dt_ms,backend,physics_validation_passed,missed_frames,max_frame_gap_ms,max_final_speed_mmps,evidence_directory,error,scenario_set,replan_policy,replan_count,replan_failures,planning_time_ms_initial,planning_time_ms_max_call,time_to_goal_ms
22.11.24.08.2026,voronoi,1,0,completed,True,False,3,3,0,,17.263834000004863,5.754611333334954,5019.999999999981,22.063065999986975,227.5295736323748,251,0,0,0,12878.180226426794,12033.337139118448,59.49473732355597,59.670131773265595,97.94324804543578,20.0,kinematic,False,0,0.0,,,,22.11.24.08.2026,once,0,0,17.263834000004863,8.029009999972914,5019.999999999981
22.11.24.08.2026,voronoi,1,0,completed,True,False,3,370,0,,298.2608780009741,0.8061104810837139,2299.999999999997,310.45006500005456,7.408598867581466,138,0,1,1,12878.180226426794,8190.277608364213,59.077591988479554,59.520867857719146,-1.073349719274347,20.0,kinematic,False,0,0.0,,,,22.11.24.08.2026,cycle,59,0,14.923695999982556,7.185241999991376,2299.999999999997
22.11.24.08.2026,voronoi,1,0,completed,True,False,3,375,0,,34.125565999715946,0.09100150933257585,2333.33333333333,45.692912999925284,51.06554124349974,140,0,0,0,12878.180226426794,8308.260061376352,59.062990222362224,59.893488445801616,2.415255589259999,20.0,kinematic,False,0,0.0,,,,22.11.24.08.2026,event,2,0,13.389592999942579,4.622498000003361,2333.33333333333
22.11.24.08.2026,prm,1,0,completed,True,False,3,3,0,,28.644273000054454,9.548091000018152,3140.0000000000023,31.51615000001584,99.63145879171232,157,1,0,1,11717.760041041183,11142.973878937613,58.62599909399646,59.46315924767794,-56.192951325806206,20.0,kinematic,False,0,0.0,,,,22.11.24.08.2026,once,0,0,28.644273000054454,14.987025000095855,3140.0000000000023
22.11.24.08.2026,prm,1,0,completed,True,False,3,400,0,,727.4616649991685,1.8186541624979213,2466.666666666663,742.8341239999554,3.3206157161767798,148,0,0,0,11717.760041041183,9574.007521456722,58.547979789408146,59.02664336442985,1.139371793012117,20.0,kinematic,False,0,0.0,,,,22.11.24.08.2026,cycle,105,8,20.515963999969244,11.422667999909208,2466.666666666663
22.11.24.08.2026,prm,1,0,completed,True,False,3,480,0,,41.921583999851464,0.08733663333302388,3483.3333333333258,57.05246000002262,61.05491916267843,209,0,0,0,11717.760041041183,10684.078064780235,58.54916259159706,58.97619530828717,3.2735559762104174,20.0,kinematic,False,0,0.0,,,,22.11.24.08.2026,event,2,0,19.573845000081747,6.9896700000526835,3483.3333333333258
22.11.24.08.2026,visibility,1,0,completed,True,False,3,3,0,,34.58609000006163,11.52869666668721,3780.0000000000027,38.14314999999624,99.10036271258078,189,0,4,4,7326.983218079929,7122.124084455163,58.58848050454113,59.55364360653534,-18.849065154575925,20.0,kinematic,False,0,0.0,,,,22.11.24.08.2026,once,0,0,34.58609000006163,12.038501999995788,3780.0000000000027
22.11.24.08.2026,visibility,1,0,completed,True,False,3,574,0,,3076.671860000147,5.360055505226737,3799.9999999999914,3100.1679239999476,1.2257400544603712,228,0,5,5,7326.983218079929,7243.049143615837,59.11626722970343,59.58317141157282,-36.03397531216211,20.0,kinematic,False,0,0.0,,,,22.11.24.08.2026,cycle,278,45,33.340013000042745,13.130182999930184,3799.9999999999914
22.11.24.08.2026,visibility,1,0,completed,True,False,3,549,0,,454.07775799947103,0.8270997413469418,3799.9999999999914,471.34061000008387,8.06211032823867,228,0,3,3,7326.983218079929,7130.855831763733,58.50292129608679,58.714270135600884,-19.047689556640023,20.0,kinematic,False,0,0.0,,,,22.11.24.08.2026,event,38,26,33.60229499992329,12.02022399991165,3799.9999999999914
22.11.24.08.2026~p000,voronoi,1,0,completed,True,False,3,3,0,,13.890818999925614,4.630272999975205,5379.999999999974,18.85842700005469,285.2836029210905,269,0,0,0,13319.632445227217,12514.218830929327,58.20275999557037,58.62287373010217,63.78525386085195,20.0,kinematic,False,0,0.0,,,,22.11.24.08.2026~perturbed,once,0,0,13.890818999925614,4.806584999982988,5379.999999999974
22.11.24.08.2026~p000,voronoi,1,0,completed,True,False,3,471,0,,658.3116999984213,1.3976893842853957,3766.6666666666583,675.9256860000278,5.5726047177714495,226,0,0,0,13319.632445227217,9150.92777842528,58.737309342677406,59.09602339105919,0.6200923780493213,20.0,kinematic,False,0,0.0,,,,22.11.24.08.2026~perturbed,cycle,143,0,13.596960000086256,6.246417999932419,3766.6666666666583
22.11.24.08.2026~p000,voronoi,1,0,completed,True,False,3,443,0,,32.022986000811215,0.07228665011469801,3299.999999999993,46.12595000003239,71.54324192775815,198,0,0,0,13319.632445227217,8961.557007701835,58.86923586537332,59.226333913089505,0.8241390088215894,20.0,kinematic,False,0,0.0,,,,22.11.24.08.2026~perturbed,event,1,0,13.51430099987283,4.633638999962386,3299.999999999993
22.11.24.08.2026~p000,prm,1,0,completed,True,False,3,3,0,,18.518494999966606,6.172831666655536,4219.999999999998,22.30697799996051,189.178471418561,211,0,0,0,13533.021845406074,12660.998126030454,58.59153008956133,59.565378226457746,19.554558205551416,20.0,kinematic,False,0,0.0,,,,22.11.24.08.2026~perturbed,once,0,0,18.518494999966606,6.281113999989429,4219.999999999998
22.11.24.08.2026~p000,prm,1,0,completed,True,False,3,418,0,,501.6943020018516,1.2002256028752432,2899.9999999999945,517.2494360000428,5.6065793370913495,174,1,0,1,13533.021845406074,10602.726634813513,59.682906313884466,59.84914906861402,-62.84177412465375,20.0,kinematic,False,0,0.0,,,,22.11.24.08.2026~perturbed,cycle,72,10,18.056015000070147,6.567517999997108,2899.9999999999945
22.11.24.08.2026~p000,prm,1,0,completed,True,False,3,389,0,,43.587496999521136,0.1120501208213911,2399.9999999999964,54.95225799995751,43.67427449481425,144,0,0,0,13533.021845406074,10350.911551801033,58.94142840687021,59.46824346028187,1.1191933662296663,20.0,kinematic,False,0,0.0,,,,22.11.24.08.2026~perturbed,event,3,0,18.211796000173308,6.489487000067129,2399.9999999999964
22.11.24.08.2026~p000,visibility,1,0,completed,True,False,3,3,0,,33.10276799993517,11.03425599997839,3220.0000000000023,35.9959270000445,89.45456523445058,161,0,3,3,7377.231249892962,7167.267405024973,58.417793884182664,59.10713858656402,-29.674798273494815,20.0,kinematic,False,0,0.0,,,,22.11.24.08.2026~perturbed,once,0,0,33.10276799993517,11.473670999976093,3220.0000000000023
22.11.24.08.2026~p000,visibility,1,0,completed,True,False,3,495,0,,1963.9767260007375,3.967629749496439,3233.3333333333267,1982.3962889998938,1.6310226927253393,194,0,4,4,7377.231249892962,7176.669353131539,59.73159422639187,59.92207494835191,-29.40399006172217,20.0,kinematic,False,0,0.0,,,,22.11.24.08.2026~perturbed,cycle,171,55,33.90667200005737,28.063173000077768,3233.3333333333267
22.11.24.08.2026~p000,visibility,1,0,completed,True,False,3,496,0,,388.0338960017298,0.7823264032292939,3233.3333333333267,403.30849399992985,8.017022654955264,194,0,3,3,7377.231249892962,7164.338647727404,59.38472313420433,59.778184297408416,-29.40399006172217,20.0,kinematic,False,0,0.0,,,,22.11.24.08.2026~perturbed,event,31,43,33.09458599994741,12.182263999989118,3233.3333333333267
22.11.24.08.2026~p001,voronoi,1,0,completed,True,False,3,3,0,,13.816351999821563,4.6054506666071875,5159.999999999978,18.393604000038977,280.5322980743221,258,0,0,0,12927.99141816327,12053.87350703932,58.312744517902644,59.44433469952464,110.44716622973885,20.0,kinematic,False,0,0.0,,,,22.11.24.08.2026~perturbed,once,0,0,13.816351999821563,4.677759999935915,5159.999999999978
22.11.24.08.2026~p001,voronoi,1,0,completed,True,False,3,382,0,,305.0122999981113,0.798461518319663,2449.9999999999964,317.91990699991857,7.7063434722275,147,0,0,0,12927.99141816327,7956.588724174109,59.37762604967377,59.65998847883375,1.0682204810291296,20.0,kinematic,False,0,0.0,,,,22.11.24.08.2026~perturbed,cycle,62,0,13.397344000054545,5.331322999950316,2449.9999999999964
22.11.24.08.2026~p001,voronoi,1,0,completed,True,False,3,424,0,,40.700554000750344,0.09599187264327912,3066.6666666666606,53.94201100000373,56.85117424833213,184,0,0,0,12927.99141816327,8806.452275908181,59.10530405891446,59.74473089633029,1.0682204810291296,20.0,kinematic,False,0,0.0,,,,22.11.24.08.2026~perturbed,event,2,1,13.684973000067657,4.86294999996062,3066.6666666666606
22.11.24.08.2026~p001,prm,1,0,completed,True,False,3,3,0,,20.157197999992604,6.719065999997535,3900.000000000003,23.59151199993903,165.31369417992718,195,0,0,0,10183.187866569031,9624.045578920026,58.6273245923573,58.89725400578355,2.52760622612675,20.0,kinematic,False,0,0.0,,,,22.11.24.08.2026~perturbed,once,0,0,20.157197999992604,6.909417999963807,3900.000000000003
22.11.24.08.2026~p001,prm,1,0,completed,True,False,3,375,0,,661.4627510001583,1.7639006693337553,2516.6666666666624,676.3029400000278,3.721212074971253,151,0,0,0,10183.187866569031,8100.609055135446,58.559653822492244,59.15823567824725,3.27569330301111,20.0,kinematic,False,0,0.0,,,,22.11.24.08.2026~perturbed,cycle,88,7,22.223627000016677,11.129907999929856,2516.6666666666624
22.11.24.08.2026~p001,prm,1,0,completed,True,False,3,387,0,,61.95295500026532,0.16008515503944526,2499.999999999996,73.52417200002037,34.002423039858286,150,0,0,0,10183.187866569031,8221.533135852103,58.84303974615458,59.22109737406641,3.6543723175865352,20.0,kinematic,False,0,0.0,,,,22.11.24.08.2026~perturbed,event,5,7,20.3205599998455,7.119641000031152,2499.999999999996
22.11.24.08.2026~p001,visibility,1,0,completed,True,False,3,3,0,,34.16114399988146,11.387047999960487,3880.000000000003,37.62478100009048,103.1235238283692,194,0,3,3,7164.684306236135,6962.98550421738,58.95371108616098,59.63480970857216,-22.51300048077246,20.0,kinematic,False,0,0.0,,,,22.11.24.08.2026~perturbed,once,0,0,34.16114399988146,11.46153099989533,3880.000000000003
22.11.24.08.2026~p001,visibility,1,0,completed,True,False,3,499,0,,2316.888819000269,4.643063765531601,3883.3333333333244,2337.808521999932,1.6610998278042197,233,0,3,3,7164.684306236135,6990.560267852632,59.54551505036145,59.97592150430743,-19.92826738636191,20.0,kinematic,False,0,0.0,,,,22.11.24.08.2026~perturbed,cycle,202,28,33.39109400008056,33.58614100000068,3883.3333333333244
22.11.24.08.2026~p001,visibility,1,0,completed,True,False,3,515,0,,480.77835400101776,0.9335502019437238,3883.3333333333244,497.6373740000781,7.803540361365051,233,0,2,2,7164.684306236135,6974.413492975487,58.73049346335127,59.2919199476118,-19.92826738636191,20.0,kinematic,False,0,0.0,,,,22.11.24.08.2026~perturbed,event,39,23,35.00839699995595,13.42665799995757,3883.3333333333244
22.11.24.08.2026~p002,voronoi,1,0,completed,True,False,3,3,0,,14.015931000130877,4.671977000043626,5299.9999999999745,18.639118999999482,284.3482033673438,265,0,2,2,9899.426853857949,9308.056364489137,59.14641546850496,59.51556986113816,-15.784639067853306,20.0,kinematic,False,0,0.0,,,,22.11.24.08.2026~perturbed,once,0,0,14.015931000130877,4.908779000061259,5299.9999999999745
22.11.24.08.2026~p002,voronoi,1,0,completed,True,False,3,367,0,,338.07152499889526,0.9211758174356819,2233.3333333333303,350.2214320000121,6.37691794182731,134,0,0,0,9899.426853857949,7650.5404403284665,59.15086605692661,59.966509766873656,1.923418805985932,20.0,kinematic,False,0,0.0,,,,22.11.24.08.2026~perturbed,cycle,65,2,13.77097900001445,9.11830099994404,2233.3333333333303
22.11.24.08.2026~p002,voronoi,1,0,completed,True,False,3,358,0,,71.52909800004181,0.1998019497207872,2233.3333333333303,82.59558400004607,27.039379409583017,134,0,0,0,9899.426853857949,7609.462868844359,59.31902504845803,59.991983729852834,0.5989246717934691,20.0,kinematic,False,0,0.0,,,,22.11.24.08.2026~perturbed,event,9,1,14.479528999913782,5.2216249999901265,2233.3333333333303
22.11.24.08.2026~p002,prm,1,0,planning_failed,False,False,3,3,1,Y1,12.909899999954177,4.303299999984726,4100.000000000001,16.526142999964577,248.0917658771795,205,0,0,0,7045.612694431363,6594.866935244467,778.1091265172099,2215.469990769453,1.7860866316790123,20.0,kinematic,False,0,0.0,,,,22.11.24.08.2026~perturbed,once,0,0,12.909899999954177,6.397636999963652,
22.11.24.08.2026~p002,prm,1,0,planning_failed,False,False,3,215,1,Y1,196.87795499919503,0.9157114186009071,2249.999999999997,205.93264299998282,10.925902602047334,135,0,0,0,7045.612694431363,4718.0919570685555,777.6951135259814,2215.469990769453,1.8750136082326776,20.0,kinematic,False,0,0.0,,,,22.11.24.08.2026~perturbed,cycle,26,0,12.452240999891728,6.579271999953562,
22.11.24.08.2026~p002,prm,1,0,planning_failed,False,False,3,218,1,Y1,16.007040999170385,0.07342679357417609,2299.999999999997,23.525339999991957,97.76691856529101,138,0,0,0,7045.612694431363,4916.844446615022,777.3428861173905,2215.469990769453,1.8750136082326776,20.0,kinematic,False,0,0.0,,,,22.11.24.08.2026~perturbed,event,0,0,12.291613000002144,6.109655000045677,
22.11.24.08.2026~p002,visibility,1,0,planning_failed,False,False,3,3,1,Y1,22.17552299998715,7.3918409999957175,3040.0000000000023,25.657345000013265,118.48458989028018,152,0,1,1,4774.503016070303,4645.291986658755,777.8306792848831,2215.469990769453,-19.323211823219225,20.0,kinematic,False,0,0.0,,,,22.11.24.08.2026~perturbed,once,0,0,22.17552299998715,11.157946000025731,
22.11.24.08.2026~p002,visibility,1,0,planning_failed,False,False,3,297,1,Y1,915.5090189999555,3.0825219494947995,3066.6666666666606,928.3144219999713,3.3034784271257993,184,0,1,1,4774.503016070303,4647.111118358777,777.2107226849254,2215.469990769453,-19.30486611374721,20.0,kinematic,False,0,0.0,,,,22.11.24.08.2026~perturbed,cycle,82,19,22.385744999951385,16.12297300005139,
22.11.24.08.2026~p002,visibility,1,0,planning_failed,False,False,3,297,1,Y1,152.93956099924344,0.5149480168324695,3066.6666666666606,163.30270600008134,18.779031540758016,184,0,1,1,4774.503016070303,4647.111118358777,777.2107226849254,2215.469990769453,-19.30486611374721,20.0,kinematic,False,0,0.0,,,,22.11.24.08.2026~perturbed,event,12,19,21.62461600005372,11.965739999936886,
22.11.24.08.2026~p003,voronoi,1,0,completed,True,False,3,3,0,,13.804639000227326,4.601546333409108,4719.999999999987,17.978369999923416,262.5377050322189,236,0,0,0,9164.348705836639,8586.05590545225,58.6122114960693,59.737914582443096,19.602763501939933,20.0,kinematic,False,0,0.0,,,,22.11.24.08.2026~perturbed,once,0,0,13.804639000227326,4.693454000062047,4719.999999999987
22.11.24.08.2026~p003,voronoi,1,0,completed,True,False,3,345,0,,240.27910299867017,0.6964611681120875,2133.3333333333308,251.60883900002773,8.478769433585343,128,0,0,0,9164.348705836639,7281.6425080748195,58.96738012321398,59.25348358961863,0.8436501963309126,20.0,kinematic,False,0,0.0,,,,22.11.24.08.2026~perturbed,cycle,46,1,13.5069289999592,6.141325000044162,2133.3333333333308
22.11.24.08.2026~p003,voronoi,1,0,completed,True,False,3,354,0,,48.300570000719745,0.1364422881376264,2133.3333333333308,63.53235200003837,33.57869284190899,128,0,0,0,9164.348705836639,7452.469638693954,58.86834257083086,59.180880781339425,0.8436501963309126,20.0,kinematic,False,0,0.0,,,,22.11.24.08.2026~perturbed,event,5,0,13.904335999882278,4.912971999942783,2133.3333333333308
22.11.24.08.2026~p003,prm,1,0,completed,True,False,3,3,0,,19.67483999999331,6.55827999999777,4179.999999999999,23.529338999992433,177.65054938438107,209,0,0,0,10979.667256740335,10333.096533866232,58.34997858045787,58.84946720663148,80.77256893693988,20.0,kinematic,False,0,0.0,,,,22.11.24.08.2026~perturbed,once,0,0,19.67483999999331,6.5749269999741955,4179.999999999999
22.11.24.08.2026~p003,prm,1,0,completed,True,False,3,349,0,,460.227991999659,1.3187048481365589,2366.6666666666633,473.8201320000144,4.994863043655122,142,0,0,0,10979.667256740335,7782.622777463314,59.16060209315299,59.780897780323926,3.180067065937834,20.0,kinematic,False,0,0.0,,,,22.11.24.08.2026~perturbed,cycle,62,11,20.546098000068014,8.889837999959127,2366.6666666666633
22.11.24.08.2026~p003,prm,1,0,completed,True,False,3,354,0,,59.28570499918351,0.16747374293554662,2433.3333333333294,70.32587599996987,34.60082506948611,146,1,0,1,10979.667256740335,7941.771130989754,58.82657759001618,59.286763996040406,-2.2411160654280025,20.0,kinematic,False,0,0.0,,,,22.11.24.08.2026~perturbed,event,5,16,19.526525000060246,6.763689999957023,2433.3333333333294
22.11.24.08.2026~p003,visibility,1,0,completed,True,False,3,3,0,,35.190715000112505,11.730238333370835,3840.000000000003,38.71262600000591,99.19244434617835,192,0,4,4,6964.874619042268,6745.282025168432,59.306541134673886,59.61957101162553,-35.24668580921056,20.0,kinematic,False,0,0.0,,,,22.11.24.08.2026~perturbed,once,0,0,35.190715000112505,12.680447999969147,3840.000000000003
22.11.24.08.2026~p003,visibility,1,0,completed,True,False,3,478,0,,2182.440691000693,4.56577550418555,3633.3333333333253,2203.093254999999,1.6491963402308756,218,0,3,3,6964.874619042268,6746.335637070226,59.426255075856204,59.73740671533949,-31.43675828471862,20.0,kinematic,False,0,0.0,,,,22.11.24.08.2026~perturbed,cycle,196,17,33.27232299989191,15.255338999963897,3633.3333333333253
22.11.24.08.2026~p003,visibility,1,0,completed,True,False,3,488,0,,355.42216000010285,0.7283240983608665,3799.9999999999914,371.35569399993074,10.232776988201238,228,0,3,3,6964.874619042268,6748.638361356792,59.413252343050196,59.69839851692145,-33.24626583918217,20.0,kinematic,False,0,0.0,,,,22.11.24.08.2026~perturbed,event,28,22,35.98496699999032,15.622649999954774,3799.9999999999914
22.11.24.08.2026~p004,voronoi,1,0,completed,True,False,3,3,0,,14.015559000085887,4.671853000028629,5199.999999999977,18.78148899993448,276.8683569241032,260,1,0,1,10700.755611335724,9874.269347636066,58.59328280324875,58.9439668870625,-114.27962275191547,20.0,kinematic,False,0,0.0,,,,22.11.24.08.2026~perturbed,once,0,0,14.015559000085887,4.861126000037075,5199.999999999977
22.11.24.08.2026~p004,voronoi,1,0,completed,True,False,3,500,0,,899.2204210009049,1.7984408420018099,3299.999999999993,921.8582620000007,3.5797260121534724,198,0,0,0,10700.755611335724,8448.002524283522,59.10750492479246,59.892826180016726,5.5049065028796065,20.0,kinematic,False,0,0.0,,,,22.11.24.08.2026~perturbed,cycle,189,2,13.785776000077021,6.628042999977879,3299.999999999993
22.11.24.08.2026~p004,voronoi,1,0,completed,True,False,3,492,0,,30.31710999994175,0.06162014227630437,3449.9999999999927,45.95657400000164,75.07087016538416,207,0,0,0,10700.755611335724,8013.491850418757,59.26805434375725,59.88037358561598,0.34064312607983993,20.0,kinematic,False,0,0.0,,,,22.11.24.08.2026~perturbed,event,0,0,13.864457999943625,4.655409999941185,3449.9999999999927
22.11.24.08.2026~p004,prm,1,0,completed,True,False,3,3,0,,19.76866899997276,6.5895563333242535,5219.999999999976,24.35528000000886,214.32724238842982,261,0,1,1,14174.096480057782,13276.575432669539,59.0147773918113,59.71770422525777,-64.55720546274185,20.0,kinematic,False,0,0.0,,,,22.11.24.08.2026~perturbed,once,0,0,19.76866899997276,6.739360999972632,5219.999999999976
22.11.24.08.2026~p004,prm,1,0,completed,True,False,3,441,0,,927.1509159996185,2.102383029477593,3116.6666666666606,945.771635999904,3.295369144129183,187,0,0,0,14174.096480057782,9862.26878744162,58.39545013876748,58.68783014757383,1.737258294997332,20.0,kinematic,False,0,0.0,,,,22.11.24.08.2026~perturbed,cycle,127,3,19.20520300006956,18.80200599998716,3116.6666666666606
22.11.24.08.2026~p004,prm,1,0,completed,True,False,3,464,0,,57.767179999586915,0.12449823275773042,3483.3333333333258,72.52133700001195,48.03184107503081,209,0,0,0,14174.096480057782,9986.442933238284,58.50311559663245,59.246912292859,2.0955870385501214,20.0,kinematic,False,0,0.0,,,,22.11.24.08.2026~perturbed,event,3,0,19.982687000037913,14.885185000025558,3483.3333333333258
22.11.24.08.2026~p004,visibility,1,0,completed,True,False,3,3,0,,31.984943000111343,10.66164766670378,3120.0000000000023,34.82739000003221,89.58466310559352,156,0,4,4,7225.510833226527,6963.595388174655,59.19295799766339,59.373171630550424,-62.404536964542515,20.0,kinematic,False,0,0.0,,,,22.11.24.08.2026~perturbed,once,0,0,31.984943000111343,10.82174100008615,3120.0000000000023
22.11.24.08.2026~p004,visibility,1,0,completed,True,False,3,560,0,,2220.971664999979,3.9660208303571056,3349.999999999993,2241.8195349999905,1.494321887956966,201,1,3,4,7225.510833226527,7239.330503405285,58.96717388878889,59.72067883987995,-166.292272349186,20.0,kinematic,False,0,0.0,,,,22.11.24.08.2026~perturbed,cycle,208,107,32.173113999988345,16.515174000005572,3349.999999999993
22.11.24.08.2026~p004,visibility,1,0,completed,True,False,3,491,0,,388.6597649991472,0.7915677494890982,3133.333333333327,404.0676639999674,7.754476817856872,188,0,3,3,7225.510833226527,6968.259842883854,59.45214713297046,59.72067883987995,-61.48620308845156,20.0,kinematic,False,0,0.0,,,,22.11.24.08.2026~perturbed,event,32,44,32.85880900000393,22.424610000030043,3133.333333333327
22.11.24.08.2026~p005,voronoi,1,0,completed,True,False,3,3,0,,14.231061000145928,4.743687000048642,5699.999999999966,19.362122000075033,294.3892203539404,285,0,0,0,11590.723601869853,10541.54067695684,59.039399007319616,59.72583419620189,59.73294389384435,20.0,kinematic,False,0,0.0,,,,22.11.24.08.2026~perturbed,once,0,0,14.231061000145928,4.804978000038318,5699.999999999966
22.11.24.08.2026~p005,voronoi,1,0,completed,True,False,3,373,0,,358.9521709997143,0.9623382600528534,2266.6666666666633,371.3908189999984,6.103184437272461,136,0,0,0,11590.723601869853,7701.87402848937,59.157899736099985,59.61431277917241,7.446858344939784,20.0,kinematic,False,0,0.0,,,,22.11.24.08.2026~perturbed,cycle,74,0,13.772814000049038,6.230713000036303,2266.6666666666633
22.11.24.08.2026~p005,voronoi,1,0,completed,True,False,3,379,0,,57.14737400001013,0.15078462796836448,2266.6666666666633,73.85883399990689,30.689174793492146,136,0,0,0,11590.723601869853,7928.230091210948,58.97193165461784,59.9310307462987,0.8374342940473127,20.0,kinematic,False,0,0.0,,,,22.11.24.08.2026~perturbed,event,7,0,13.548678000120162,4.658410999923035,2266.6666666666633
22.11.24.08.2026~p005,prm,1,0,completed,True,False,3,3,0,,18.958448000034878,6.319482666678293,3940.000000000003,22.47722699996757,175.28852647195706,197,0,0,0,12840.322702460846,12270.686695519533,58.863086459413886,59.26516198781138,6.955064043230266,20.0,kinematic,False,0,0.0,,,,22.11.24.08.2026~perturbed,once,0,0,18.958448000034878,6.400540999948134,3940.000000000003
22.11.24.08.2026~p005,prm,1,0,completed,True,False,3,349,0,,315.68487600065964,0.9045411919789674,2216.666666666664,329.15543900003286,6.734406921547004,133,0,0,0,12840.322702460846,7895.681475064842,58.677782939633545,58.88665979874895,4.4029573397037325,20.0,kinematic,False,0,0.0,,,,22.11.24.08.2026~perturbed,cycle,41,12,19.177981000098043,7.122828999968078,2216.666666666664
22.11.24.08.2026~p005,prm,1,0,completed,True,False,3,349,0,,76.61023899868269,0.21951357879278707,2216.666666666664,87.19115300004887,25.42306863020175,133,0,0,0,12840.322702460846,7895.681475064842,58.677782939633545,58.88665979874895,4.4029573397037325,20.0,kinematic,False,0,0.0,,,,22.11.24.08.2026~perturbed,event,8,12,19.55268899996554,6.821395999963897,2216.666666666664
22.11.24.08.2026~p005,visibility,1,0,completed,True,False,3,3,0,,36.95804499989208,12.319348333297361,3200.0000000000023,39.875146999975186,80.25048785405089,160,0,3,3,7174.69496903102,6984.364496554932,58.443819173705286,59.52737713769397,-11.455984718039588,20.0,kinematic,False,0,0.0,,,,22.11.24.08.2026~perturbed,once,0,0,36.95804499989208,15.019047999999202,3200.0000000000023
22.11.24.08.2026~p005,visibility,1,0,completed,True,False,3,471,0,,1838.8691969992124,3.904180885348646,3199.9999999999936,1856.7276210000045,1.723462269752051,192,0,1,1,7174.69496903102,7013.510482006104,58.88658487663815,59.010143698313044,-11.058777017729767,20.0,kinematic,False,0,0.0,,,,22.11.24.08.2026~perturbed,cycle,168,14,34.882277999940925,17.857333000051767,3199.9999999999936
22.11.24.08.2026~p005,visibility,1,0,completed,True,False,3,470,0,,322.0198039975912,0.6851485191438111,3199.9999999999936,336.6576390000091,9.505205375719715,192,0,1,1,7174.69496903102,7012.006724966892,59.29860565495823,59.914313399130265,-11.058777017729767,20.0,kinematic,False,0,0.0,,,,22.11.24.08.2026~perturbed,event,27,14,33.003404000055525,11.118678000002546,3199.9999999999936
22.11.24.08.2026~p006,voronoi,1,0,completed,True,False,3,3,0,,13.555977999999413,4.5186593333331375,4879.999999999984,17.999158999941756,271.1237786174218,244,1,1,2,10582.838592418982,9798.159089420677,58.529089504050035,58.81425877279311,-104.99163001483392,20.0,kinematic,False,0,0.0,,,,22.11.24.08.2026~perturbed,once,0,0,13.555977999999413,4.607145000022683,4879.999999999984
22.11.24.08.2026~p006,voronoi,1,0,timed_out,False,True,3,2070,0,,456.09647000094355,0.22033645893765388,30000.0,544.9544509999669,55.050472466003995,1801,0,423,423,10582.838592418982,14923.828330715787,66.67828176660093,83.5329250703174,-2.686527105489205,20.0,kinematic,False,0,0.0,,,,22.11.24.08.2026~perturbed,cycle,503,0,14.638335999961782,5.600083999979688,
22.11.24.08.2026~p006,voronoi,1,0,timed_out,False,True,3,2062,0,,106.98444599950108,0.05188382444204708,30000.0,192.49903900004028,155.84493385441638,1801,0,426,426,10582.838592418982,14902.315450155156,65.18097138685553,78.0800374293489,-2.686114832615033,20.0,kinematic,False,0,0.0,,,,22.11.24.08.2026~perturbed,event,426,0,13.749273000030371,4.786236999962057,
22.11.24.08.2026~p006,prm,1,0,planning_failed,False,False,3,3,1,Y1,12.645270000007258,4.215090000002419,4159.999999999999,16.228256999966106,256.34299481507395,208,0,0,0,8618.472090961204,8177.980433505425,814.8804799015028,2327.545035010064,27.673588015803404,20.0,kinematic,False,0,0.0,,,,22.11.24.08.2026~perturbed,once,0,0,12.645270000007258,6.367324000052577,
22.11.24.08.2026~p006,prm,1,0,planning_failed,False,False,3,359,1,Y1,844.9095440016663,2.3535084791132768,3299.999999999993,860.7836730000145,3.8337158376840375,198,0,0,0,8618.472090961204,8606.604117247462,815.502824570263,2327.545035010064,1.6430073194555632,20.0,kinematic,False,0,0.0,,,,22.11.24.08.2026~perturbed,cycle,127,0,12.278896000111672,7.348788999934186,
22.11.24.08.2026~p006,prm,1,0,planning_failed,False,False,3,418,1,Y1,45.050331998709225,0.1077759138725101,3833.3333333333244,59.531452999976864,64.391731432035,230,1,0,1,8618.472090961204,8780.371299199847,815.2852549948966,2327.545035010064,-154.15895667500493,20.0,kinematic,False,0,0.0,,,,22.11.24.08.2026~perturbed,event,3,122,12.841710999964562,6.8953059999330435,
22.11.24.08.2026~p006,visibility,1,0,planning_failed,False,False,3,3,1,Y1,22.99092600003405,7.66364200001135,3080.0000000000023,25.758659999951306,119.57143733431106,154,0,2,2,5045.860788648313,4905.82911136811,814.8298735356325,2327.545035010064,-21.27520043286924,20.0,kinematic,False,0,0.0,,,,22.11.24.08.2026~perturbed,once,0,0,22.99092600003405,11.455383999987134,
22.11.24.08.2026~p006,visibility,1,0,planning_failed,False,False,3,321,1,Y1,1009.9539239987507,3.1462739065381644,3066.6666666666606,1023.3375579999802,2.996730299491969,184,0,2,2,5045.860788648313,4903.10769480289,815.5484944698442,2327.545035010064,-21.768741319987413,20.0,kinematic,False,0,0.0,,,,22.11.24.08.2026~perturbed,cycle,89,42,22.193621000042185,16.026816999897164,
22.11.24.08.2026~p006,visibility,1,0,planning_failed,False,False,3,321,1,Y1,275.2064270014216,0.8573408940854256,3066.6666666666606,286.5858189999244,10.700692300017362,184,0,2,2,5045.860788648313,4903.10769480289,815.5484944698442,2327.545035010064,-21.768741319987413,20.0,kinematic,False,0,0.0,,,,22.11.24.08.2026~perturbed,event,23,42,22.027918000048885,11.016761000064434,
22.11.24.08.2026~p007,voronoi,1,0,completed,True,False,3,3,0,,13.766097000029731,4.58869900000991,5559.999999999969,18.802192999942235,295.71018657329233,278,1,0,1,11827.177587889822,11075.079774872665,59.22476021485314,59.925909490565196,-103.22349638571204,20.0,kinematic,False,0,0.0,,,,22.11.24.08.2026~perturbed,once,0,0,13.766097000029731,4.707635000045229,5559.999999999969
22.11.24.08.2026~p007,voronoi,1,0,completed,True,False,3,508,0,,841.6610599995238,1.656813110235283,4066.6666666666574,860.6298309999829,4.725221599559844,244,0,0,0,11827.177587889822,9448.634737277149,59.38077237122709,59.97862085566685,0.3082138404398904,20.0,kinematic,False,0,0.0,,,,22.11.24.08.2026~perturbed,cycle,182,0,13.531720999935715,6.202592000022378,4066.6666666666574
22.11.24.08.2026~p007,voronoi,1,0,completed,True,False,3,406,0,,35.145998000984946,0.08656649753937179,2299.999999999997,47.379077999949004,48.54463398385406,138,0,0,0,11827.177587889822,7895.075627409575,59.35658765173057,59.84863801698003,1.0077301934472018,20.0,kinematic,False,0,0.0,,,,22.11.24.08.2026~perturbed,event,1,0,13.400414999978238,7.860497000024225,2299.999999999997
22.11.24.08.2026~p007,prm,1,0,completed,True,False,3,3,0,,18.830683000032877,6.276894333344292,5259.999999999975,23.50368299994443,223.79471336523775,263,0,0,0,14274.824917400172,13461.271110127662,58.62874757371936,59.00619580414124,22.95815062728039,20.0,kinematic,False,0,0.0,,,,22.11.24.08.2026~perturbed,once,0,0,18.830683000032877,6.6014430000223,5259.999999999975
22.11.24.08.2026~p007,prm,1,0,completed,True,False,3,382,0,,656.4614229999961,1.71848540052355,2549.999999999996,671.0776710000346,3.7998582134315484,153,0,0,0,14274.824917400172,8524.944749304457,59.33687357014744,59.89248415191151,0.13357687785031658,20.0,kinematic,False,0,0.0,,,,22.11.24.08.2026~perturbed,cycle,99,7,18.117025999913494,7.109082000056333,2549.999999999996
22.11.24.08.2026~p007,prm,1,0,completed,True,False,3,565,0,,42.5502240015021,0.07531013097610992,4266.666666666657,62.195082000016555,68.60135125580382,256,0,0,0,14274.824917400172,11835.581627641976,58.839931620898675,59.94650482311071,3.820667226426906,20.0,kinematic,False,0,0.0,,,,22.11.24.08.2026~perturbed,event,2,0,18.327846999909525,6.897429999980886,4266.666666666657
22.11.24.08.2026~p007,visibility,1,0,completed,True,False,3,3,0,,33.73863300009816,11.246211000032721,3100.0000000000023,36.56336099993496,84.78432822424385,155,1,4,5,7354.567902815806,7147.494560389722,58.61200408581365,58.99678895770274,-121.33907317955988,20.0,kinematic,False,0,0.0,,,,22.11.24.08.2026~perturbed,once,0,0,33.73863300009816,11.458040000093206,3100.0000000000023
22.11.24.08.2026~p007,visibility,1,0,completed,True,False,3,539,0,,2099.820631999364,3.8957711168819373,3099.999999999994,2119.730159000028,1.4624502967219202,186,1,4,5,7354.567902815806,7356.339972250054,59.50450442234115,59.75619243971288,-87.87825558834464,20.0,kinematic,False,0,0.0,,,,22.11.24.08.2026~perturbed,cycle,185,102,33.574563000001945,18.20507499996893,3099.999999999994
22.11.24.08.2026~p007,visibility,1,0,completed,True,False,3,539,0,,467.1591450013466,0.8667145547334816,3099.999999999994,483.8249379999979,6.40727617888933,186,1,4,5,7354.567902815806,7356.339972250054,59.50450442234115,59.75619243971288,-87.87825558834464,20.0,kinematic,False,0,0.0,,,,22.11.24.08.2026~perturbed,event,39,102,33.515971000042555,11.379320000060034,3099.999999999994
22.11.24.08.2026~p008,voronoi,1,0,completed,True,False,3,3,0,,13.501736999955938,4.500578999985312,5059.99999999998,18.063327000049867,280.1255826230689,253,0,0,0,10842.096624211521,10100.796308079207,58.42989875910538,59.418266987915935,167.23848052839963,20.0,kinematic,False,0,0.0,,,,22.11.24.08.2026~perturbed,once,0,0,13.501736999955938,4.586400999983198,5059.99999999998
22.11.24.08.2026~p008,voronoi,1,0,completed,True,False,3,533,0,,1045.7451269977582,1.9619983620971073,4549.999999999989,1066.8977419999237,4.26470112446851,273,0,0,0,10842.096624211521,9294.462373365517,59.55401911759634,59.860772222893765,5.451187553789907,20.0,kinematic,False,0,0.0,,,,22.11.24.08.2026~perturbed,cycle,226,1,13.457248999998228,5.804316000080689,4549.999999999989
22.11.24.08.2026~p008,voronoi,1,0,completed,True,False,3,503,0,,45.34571000090182,0.09015051690040123,3299.999999999993,61.395915999924,53.74950346866847,198,0,0,0,10842.096624211521,8972.467377088411,59.44215865177724,59.53513141299153,1.814204484612162,20.0,kinematic,False,0,0.0,,,,22.11.24.08.2026~perturbed,event,3,0,13.666558999943845,6.013842000015757,3299.999999999993
22.11.24.08.2026~p008,prm,1,0,completed,True,False,3,3,0,,18.565599999874394,6.188533333291464,4179.999999999999,22.314347000019552,187.32342918196696,209,0,0,0,12089.07244120253,11458.152376659851,59.437321848140904,59.71781934941715,25.57035936448665,20.0,kinematic,False,0,0.0,,,,22.11.24.08.2026~perturbed,once,0,0,18.565599999874394,6.232228999920153,4179.999999999999
22.11.24.08.2026~p008,prm,1,0,completed,True,False,3,430,0,,689.9254799997152,1.604477860464454,2716.666666666662,706.0789189999923,3.8475396921837453,163,0,0,0,12089.07244120253,10162.394735780323,58.946787114687176,59.723414492753136,0.08469161527025904,20.0,kinematic,False,0,0.0,,,,22.11.24.08.2026~perturbed,cycle,101,6,18.325725999943643,6.968893000021126,2716.666666666662
22.11.24.08.2026~p008,prm,1,0,completed,True,False,3,470,0,,40.8098680003377,0.08682950638369724,3383.333333333326,55.40019700003995,61.070781631532576,203,0,0,0,12089.07244120253,10663.901915488837,59.412333923954044,59.723414492753136,2.325675146060661,20.0,kinematic,False,0,0.0,,,,22.11.24.08.2026~perturbed,event,2,1,18.714838000050804,7.110771000043314,3383.333333333326
22.11.24.08.2026~p008,visibility,1,0,completed,True,False,3,3,0,,33.232644000008804,11.077548000002935,3200.0000000000023,36.21778499996253,88.35438169405757,160,0,3,3,7363.261297499174,7142.733941823388,59.17992922505808,59.89434261716491,-33.2054229727606,20.0,kinematic,False,0,0.0,,,,22.11.24.08.2026~perturbed,once,0,0,33.232644000008804,11.301023999976678,3200.0000000000023
22.11.24.08.2026~p008,visibility,1,0,completed,True,False,3,503,0,,2016.0823350006467,4.008115974156356,3216.66666666666,2034.7202020000168,1.5808889416367202,193,0,3,3,7363.261297499174,7148.825801702113,59.09392442572844,59.9021467967021,-28.468404430230578,20.0,kinematic,False,0,0.0,,,,22.11.24.08.2026~perturbed,cycle,186,54,32.71231100006844,14.864657999964948,3216.66666666666
22.11.24.08.2026~p008,visibility,1,0,completed,True,False,3,503,0,,396.51670500143155,0.7883035884720309,3216.66666666666,412.2267520000378,7.8031487550482055,193,0,3,3,7363.261297499174,7148.825801702113,59.09392442572844,59.9021467967021,-28.468404430230578,20.0,kinematic,False,0,0.0,,,,22.11.24.08.2026~perturbed,event,34,54,33.10568899996724,11.19767199998023,3216.66666666666
22.11.24.08.2026~p009,voronoi,1,0,completed,True,False,3,3,0,,13.601040000025932,4.533680000008644,5159.999999999978,18.310832999986815,281.8003965195736,258,0,0,0,13138.069894114895,12301.583581710333,59.00066170357869,59.40645759345125,203.7010730658733,20.0,kinematic,False,0,0.0,,,,22.11.24.08.2026~perturbed,once,0,0,13.601040000025932,4.652412000041295,5159.999999999978
22.11.24.08.2026~p009,voronoi,1,0,completed,True,False,3,457,0,,647.037118001208,1.4158361444227747,2983.3333333333276,663.1794169999239,4.498531252416222,179,0,2,2,13138.069894114895,8808.676900637565,58.891489796993746,59.18683599191026,-1.341921945435331,20.0,kinematic,False,0,0.0,,,,22.11.24.08.2026~perturbed,cycle,142,0,13.474501999894528,4.869888000030187,2983.3333333333276
22.11.24.08.2026~p009,voronoi,1,0,completed,True,False,3,529,0,,71.0634119993756,0.1343353723995758,4399.99999999999,88.6478630000056,49.63458622798061,264,0,0,0,13138.069894114895,9577.998796198088,58.75235915855373,59.118832584875115,3.317751585780826,20.0,kinematic,False,0,0.0,,,,22.11.24.08.2026~perturbed,event,4,5,13.709481999967466,4.642105000016272,4399.99999999999
22.11.24.08.2026~p009,prm,1,0,completed,True,False,3,3,0,,25.124312000002647,8.37477066666755,4339.999999999995,29.035606999968877,149.47164700240802,217,0,0,0,13216.83808955106,12601.15088258952,58.325644022348364,59.117919755302246,68.42611353460873,20.0,kinematic,False,0,0.0,,,,22.11.24.08.2026~perturbed,once,0,0,25.124312000002647,10.559940999996797,4339.999999999995
22.11.24.08.2026~p009,prm,1,0,completed,True,False,3,380,0,,503.3528709997199,1.3246128184203156,2449.9999999999964,517.9985440000792,4.729743024141825,147,0,0,0,13216.83808955106,8425.43489893518,58.44849649979764,58.73226073559376,0.9155556602814272,20.0,kinematic,False,0,0.0,,,,22.11.24.08.2026~perturbed,cycle,70,8,18.841071000110787,9.793344000058823,2449.9999999999964
22.11.24.08.2026~p009,prm,1,0,completed,True,False,3,385,0,,32.54445099946679,0.0845310415570566,2449.9999999999964,44.016654000074595,55.66075058762632,147,0,0,0,13216.83808955106,8453.653194676152,58.49860622761221,58.73226073559376,0.9155556602814272,20.0,kinematic,False,0,0.0,,,,22.11.24.08.2026~perturbed,event,1,8,18.619857000089723,6.623848999993243,2449.9999999999964
22.11.24.08.2026~p009,visibility,1,0,completed,True,False,3,3,0,,34.288050999975894,11.429350333325297,4140.0,38.00170299996353,108.9424860776364,207,1,5,6,7227.7268261116815,7017.906915266274,59.51186665666114,59.86459560676362,-74.32520848370046,20.0,kinematic,False,0,0.0,,,,22.11.24.08.2026~perturbed,once,0,0,34.288050999975894,11.641044999919359,4140.0
22.11.24.08.2026~p009,visibility,1,0,completed,True,False,3,587,0,,2902.832401000069,4.945200001703695,4116.666666666657,2925.692132999984,1.4070744560691202,247,0,5,5,7227.7268261116815,7111.689387389452,59.49504034605925,59.87187639369904,-36.6650897103288,20.0,kinematic,False,0,0.0,,,,22.11.24.08.2026~perturbed,cycle,264,54,33.53250199984359,12.115738999909809,4116.666666666657
22.11.24.08.2026~p009,visibility,1,0,completed,True,False,3,589,0,,771.1311769987788,1.3092210135802695,4083.333333333324,790.3866999999991,5.1662475258418805,245,0,4,4,7227.7268261116815,7262.153185512243,58.69279851389127,59.2079221914053,-62.72457037385156,20.0,kinematic,False,0,0.0,,,,22.11.24.08.2026~perturbed,event,67,64,33.264771000062865,11.68773599999895,4083.333333333324
22.11.24.08.2026~p010,voronoi,1,0,completed,True,False,3,3,0,,13.653460999989875,4.551153666663292,5159.999999999978,18.174889999954758,283.9081832139189,258,0,0,0,10821.353255947633,10141.219560853177,58.94889854724361,59.27118091542643,59.131549092140716,20.0,kinematic,False,0,0.0,,,,22.11.24.08.2026~perturbed,once,0,0,13.653460999989875,4.7202189999779876,5159.999999999978
22.11.24.08.2026~p010,voronoi,1,0,completed,True,False,3,388,0,,353.4462539989818,0.9109439536056231,2349.9999999999964,366.421808000041,6.413373736750225,141,0,0,0,10821.353255947633,7677.07455373822,58.99979044796218,59.421118804064406,0.9930366489883511,20.0,kinematic,False,0,0.0,,,,22.11.24.08.2026~perturbed,cycle,74,0,13.465049999922485,4.743125000004511,2349.9999999999964
22.11.24.08.2026~p010,voronoi,1,0,completed,True,False,3,386,0,,29.831120998892402,0.07728269688832229,2349.9999999999964,41.52258500005246,56.59570568636388,141,0,0,0,10821.353255947633,7909.859556712519,58.707064429847776,59.281764581975715,2.878482441017013,20.0,kinematic,False,0,0.0,,,,22.11.24.08.2026~perturbed,event,1,0,13.46596399991995,4.6385350000264225,2349.9999999999964
22.11.24.08.2026~p010,prm,1,0,completed,True,False,3,3,0,,19.103347000054782,6.367782333351594,3140.0000000000023,22.025026000051184,142.56509844722567,157,1,0,1,11776.30759943134,11192.415112704624,58.911290467755585,59.388969816252484,-59.22626427553314,20.0,kinematic,False,0,0.0,,,,22.11.24.08.2026~perturbed,once,0,0,19.103347000054782,6.443378000085431,3140.0000000000023
22.11.24.08.2026~p010,prm,1,0,completed,True,False,3,472,0,,913.1680290003032,1.9346780275430153,3366.6666666666597,931.429167000033,3.6145171162183938,202,0,0,0,11776.30759943134,11524.702817138434,58.69912120859177,59.15764605912854,1.0635427301158416,20.0,kinematic,False,0,0.0,,,,22.11.24.08.2026~perturbed,cycle,138,7,18.371703000070738,16.469141000015952,3366.6666666666597
22.11.24.08.2026~p010,prm,1,0,completed,True,False,3,412,0,,32.12790200063864,0.07798034466174428,2416.666666666663,44.131268999990425,54.76086959265067,145,0,0,0,11776.30759943134,9740.203097513277,58.591619304104825,59.15764605912854,2.37176838469847,20.0,kinematic,False,0,0.0,,,,22.11.24.08.2026~perturbed,event,1,7,18.352700000150435,6.335599000067305,2416.666666666663
22.11.24.08.2026~p010,visibility,1,0,completed,True,False,3,3,0,,33.426843999791345,11.142281333263782,4040.000000000002,37.08012899994628,108.95323476371549,202,0,5,5,7249.769710279685,6997.706567925541,59.2882794507615,59.70076498516086,-42.5213169515157,20.0,kinematic,False,0,0.0,,,,22.11.24.08.2026~perturbed,once,0,0,33.426843999791345,11.165761999905044,4040.000000000002
22.11.24.08.2026~p010,visibility,1,0,completed,True,False,3,487,0,,2131.1487709997436,4.376075505132944,3783.333333333325,2150.8197929999824,1.7590192100921194,227,0,1,1,7249.769710279685,6915.998901253977,58.8671364662851,59.33314326070586,-35.99464389194398,20.0,kinematic,False,0,0.0,,,,22.11.24.08.2026~perturbed,cycle,190,26,33.183236000013494,15.779869999960283,3783.333333333325
22.11.24.08.2026~p010,visibility,1,0,completed,True,False,3,574,0,,564.0132400003495,0.982601463415243,4283.333333333323,583.2269289999203,7.344196778907491,257,0,2,2,7249.769710279685,6990.4335407,59.02184112327141,59.99702690462063,-35.99464389194398,20.0,kinematic,False,0,0.0,,,,22.11.24.08.2026~perturbed,event,48,46,33.85720299991135,11.52035099994464,4283.333333333323
22.11.24.08.2026~p011,voronoi,1,0,completed,True,False,3,3,0,,13.598819999970146,4.532939999990049,5279.999999999975,18.283205999978236,288.78961381314963,264,0,1,1,11891.440432935768,11271.654083197023,58.385400382550785,59.303979867604035,-72.44051736977237,20.0,kinematic,False,0,0.0,,,,22.11.24.08.2026~perturbed,once,0,0,13.598819999970146,4.7034809999786376,5279.999999999975
22.11.24.08.2026~p011,voronoi,1,0,completed,True,False,3,502,0,,936.3273909983718,1.8651940059728522,3233.3333333333267,954.2314589999705,3.388416199065416,194,0,0,0,11891.440432935768,9248.549260701522,59.44768877472734,59.887893408849635,0.4074904326202784,20.0,kinematic,False,0,0.0,,,,22.11.24.08.2026~perturbed,cycle,204,0,13.325641000164978,5.603977999953713,3233.3333333333267
22.11.24.08.2026~p011,voronoi,1,0,completed,True,False,3,486,0,,46.60527499845557,0.09589562756883863,3699.999999999992,62.54587699993408,59.15657717940211,222,0,0,0,11891.440432935768,9231.773319667169,59.36557041532979,59.84459996665237,0.24920985654989636,20.0,kinematic,False,0,0.0,,,,22.11.24.08.2026~perturbed,event,4,0,13.283198000067387,4.489353999929335,3699.999999999992
22.11.24.08.2026~p011,prm,1,0,completed,True,False,3,3,0,,19.22736699998495,6.409122333328317,3800.0000000000027,22.730378000005658,167.17715825047242,190,1,0,1,12853.359211748513,12029.452881786168,58.94570040255113,59.56755682322288,-60.36158738828486,20.0,kinematic,False,0,0.0,,,,22.11.24.08.2026~perturbed,once,0,0,19.22736699998495,6.552191999958268,3800.0000000000027
22.11.24.08.2026~p011,prm,1,0,completed,True,False,3,451,0,,907.3533149993409,2.011869878047319,2966.666666666661,924.8363719999588,3.207774646936997,178,0,0,0,12853.359211748513,11187.268349005588,58.711922341707236,59.890018086454816,4.462754307403145,20.0,kinematic,False,0,0.0,,,,22.11.24.08.2026~perturbed,cycle,135,8,18.215372000213392,9.371520999934546,2966.666666666661
22.11.24.08.2026~p011,prm,1,0,completed,True,False,3,588,0,,78.6028309989888,0.1336782840118857,4349.99999999999,97.1664780000765,44.76852603422103,261,1,0,1,12853.359211748513,12206.251733411751,59.26608736417319,59.966166800990365,-158.0408175646608,20.0,kinematic,False,0,0.0,,,,22.11.24.08.2026~perturbed,event,7,132,18.594207000091956,6.548897000016041,4349.99999999999
22.11.24.08.2026~p011,visibility,1,0,completed,True,False,3,3,0,,33.43246899976293,11.14415633325431,2680.000000000002,35.85708000002796,74.74116687688769,134,1,5,6,7294.216489473021,7094.67740498983,59.03349801302385,59.40308283971233,-41.637319966127166,20.0,kinematic,False,0,0.0,,,,22.11.24.08.2026~perturbed,once,0,0,33.43246899976293,11.310844999911751,2680.000000000002
22.11.24.08.2026~p011,visibility,1,0,completed,True,False,3,446,0,,1522.0977040005437,3.4127751210774524,2699.9999999999955,1537.9472099999703,1.7555869164066091,162,0,2,2,7294.216489473021,7141.647050494586,58.78712441413745,59.68631196312219,-21.99928003603617,20.0,kinematic,False,0,0.0,,,,22.11.24.08.2026~perturbed,cycle,136,23,33.35377399992012,12.590832000000773,2699.9999999999955
22.11.24.08.2026~p011,visibility,1,0,completed,True,False,3,461,0,,216.8387380020249,0.4703660260347612,2699.9999999999955,230.36298900001384,11.720632779251849,162,0,2,2,7294.216489473021,7102.847449985259,59.05905099695021,59.68631196312219,-21.99928003603617,20.0,kinematic,False,0,0.0,,,,22.11.24.08.2026~perturbed,event,16,23,33.32232399998247,12.772558000051504,2699.9999999999955
22.11.24.08.2026~p012,voronoi,1,0,completed,True,False,3,3,0,,13.659271000051376,4.553090333350458,5339.9999999999745,18.56281300001683,287.6719169662019,267,0,0,0,12711.692114869493,11942.995446534424,58.29862332140448,58.650618104134246,0.4107467446376347,20.0,kinematic,False,0,0.0,,,,22.11.24.08.2026~perturbed,once,0,0,13.659271000051376,4.7317470000507456,5339.9999999999745
22.11.24.08.2026~p012,voronoi,1,0,timed_out,False,True,3,2061,0,,8162.240197998358,3.9603300329928954,30000.0,8269.217292999998,3.6279128890947634,1801,0,0,0,12711.692114869493,18887.539449298903,735.8850658041438,2090.359114810075,5.696681848648268,20.0,kinematic,False,0,0.0,,,,22.11.24.08.2026~perturbed,cycle,1837,0,13.365990000124839,10.443836000035844,
22.11.24.08.2026~p012,voronoi,1,0,completed,True,False,3,410,0,,46.887743998581755,0.11436035121605306,2399.9999999999964,59.93605599996954,40.04267481332465,144,0,0,0,12711.692114869493,8416.263643223883,58.66992990991659,59.05556360039111,1.2419102635105617,20.0,kinematic,False,0,0.0,,,,22.11.24.08.2026~perturbed,event,4,0,13.425342000005003,4.645201000016641,2399.9999999999964
22.11.24.08.2026~p012,prm,1,0,planning_failed,False,False,3,3,1,Y1,12.991128999829016,4.330376333276338,3400.0000000000027,15.997503999983564,212.53315517242538,170,0,0,0,9430.3310093402,9067.260536668113,809.3801104103171,2311.54478650101,16.928750656907795,20.0,kinematic,False,0,0.0,,,,22.11.24.08.2026~perturbed,once,0,0,12.991128999829016,6.491174999950999,
22.11.24.08.2026~p012,prm,1,0,planning_failed,False,False,3,224,1,Y1,192.16181600052096,0.8578652500023257,2199.9999999999973,201.89852600003633,10.896562959551282,132,0,0,0,9430.3310093402,5278.041158310038,810.0220483252729,2311.54478650101,1.617001756633755,20.0,kinematic,False,0,0.0,,,,22.11.24.08.2026~perturbed,cycle,25,0,13.095572000111133,6.617872999981955,
22.11.24.08.2026~p012,prm,1,0,planning_failed,False,False,3,232,1,Y1,16.311643999756598,0.07030881034377844,2199.9999999999973,23.946635000015704,91.87094554197509,132,0,0,0,9430.3310093402,5556.729881842827,809.5816048015296,2311.54478650101,12.849064851811846,20.0,kinematic,False,0,0.0,,,,22.11.24.08.2026~perturbed,event,0,0,12.366610000071887,6.14674999997078,
22.11.24.08.2026~p012,visibility,1,0,planning_failed,False,False,3,3,1,Y1,22.325514000044677,7.441838000014893,3440.0000000000027,25.323100000036902,135.84434765076116,172,0,3,3,5290.054983067077,5145.616495607941,809.4076752998811,2311.54478650101,-23.612583512494382,20.0,kinematic,False,0,0.0,,,,22.11.24.08.2026~perturbed,once,0,0,22.325514000044677,11.156389000007039,
22.11.24.08.2026~p012,visibility,1,0,planning_failed,False,False,3,357,1,Y1,1361.4198159990565,3.8135008851514187,3433.333333333326,1376.289646000032,2.4946299227867956,206,0,3,3,5290.054983067077,5144.01990157519,809.8271562310015,2311.54478650101,-24.14503216753741,20.0,kinematic,False,0,0.0,,,,22.11.24.08.2026~perturbed,cycle,122,43,21.977814999900147,12.554770999940956,
22.11.24.08.2026~p012,visibility,1,0,planning_failed,False,False,3,357,1,Y1,390.34652999941954,1.0934076470571976,3433.333333333326,402.9030579999926,8.521487402891315,206,0,3,3,5290.054983067077,5144.01990157519,809.8271562310015,2311.54478650101,-24.14503216753741,20.0,kinematic,False,0,0.0,,,,22.11.24.08.2026~perturbed,event,33,43,22.19476899995243,12.253031000000192,
22.11.24.08.2026~p013,voronoi,1,0,completed,True,False,3,3,0,,13.762334999910308,4.587444999970103,5259.999999999975,18.479622999961975,284.6378413678027,263,0,0,0,12931.113461029328,11990.427402968802,59.596882343367064,59.856058718013685,144.40212269980714,20.0,kinematic,False,0,0.0,,,,22.11.24.08.2026~perturbed,once,0,0,13.762334999910308,4.648718999987977,5259.999999999975
22.11.24.08.2026~p013,voronoi,1,0,timed_out,False,True,3,2039,0,,8138.954014998603,3.9916400269733217,30000.0,8246.169947999988,3.638052597651853,1801,0,0,0,12931.113461029328,19786.414789705916,721.0811458056406,2044.5859054018433,0.9135417540336448,20.0,kinematic,False,0,0.0,,,,22.11.24.08.2026~perturbed,cycle,1820,0,13.374135999924874,7.468458999937866,
22.11.24.08.2026~p013,voronoi,1,0,completed,True,False,3,425,0,,31.064113000638827,0.07309203058973841,3199.9999999999936,45.046044999935475,71.03842301814903,192,0,0,0,12931.113461029328,8871.504243393636,59.19942801773286,59.212138174628215,12.844075573015914,20.0,kinematic,False,0,0.0,,,,22.11.24.08.2026~perturbed,event,1,0,13.379733000078886,4.5008839999809425,3199.9999999999936
22.11.24.08.2026~p013,prm,1,0,completed,True,False,3,3,0,,18.49661800008562,6.165539333361873,3160.0000000000023,21.40057799999795,147.6595632136807,158,0,0,0,10319.294555409646,9760.377814189673,58.81713102074176,59.36148236527727,4.998800856904239,20.0,kinematic,False,0,0.0,,,,22.11.24.08.2026~perturbed,once,0,0,18.49661800008562,6.226396999977624,3160.0000000000023
22.11.24.08.2026~p013,prm,1,0,completed,True,False,3,391,0,,598.2657020006172,1.5300913094644941,2533.3333333333294,613.1416319999516,4.131726180572794,152,0,0,0,10319.294555409646,8450.207788008289,59.29396494047961,59.53062113307097,1.7557058159246424,20.0,kinematic,False,0,0.0,,,,22.11.24.08.2026~perturbed,cycle,90,7,18.13784100011162,6.44203000001653,2533.3333333333294
22.11.24.08.2026~p013,prm,1,0,completed,True,False,3,396,0,,68.28828999971392,0.17244517676695437,2533.3333333333294,80.09445300001516,31.629323110963124,152,0,0,0,10319.294555409646,8452.75364394844,59.098012388252606,59.548061439111926,2.309753561970467,20.0,kinematic,False,0,0.0,,,,22.11.24.08.2026~perturbed,event,7,8,18.266706999952476,6.368429999952241,2533.3333333333294
22.11.24.08.2026~p013,visibility,1,0,completed,True,False,3,3,0,,33.5207639999453,11.173587999981768,4439.999999999994,37.43793699993603,118.59627842227472,222,0,3,3,7420.757775862923,7226.994416204776,58.71083578332823,59.187108510675976,-20.292781658630304,20.0,kinematic,False,0,0.0,,,,22.11.24.08.2026~perturbed,once,0,0,33.5207639999453,11.248094000052333,4439.999999999994
22.11.24.08.2026~p013,visibility,1,0,completed,True,False,3,575,0,,3278.3962320016826,5.7015586643507525,4433.333333333323,3301.566783999988,1.3427968062975701,266,0,4,4,7420.757775862923,7282.738618479027,59.35011034932396,59.826666545497886,-16.765583991719637,20.0,kinematic,False,0,0.0,,,,22.11.24.08.2026~perturbed,cycle,293,32,32.851879999839184,27.948219999984758,4433.333333333323
22.11.24.08.2026~p013,visibility,1,0,completed,True,False,3,591,0,,651.3487459995986,1.1021129373935679,4433.333333333323,670.8682739999858,6.608351453110178,266,0,4,4,7420.757775862923,7265.378310988397,59.26799446168511,59.826666545497886,-17.509442995363088,20.0,kinematic,False,0,0.0,,,,22.11.24.08.2026~perturbed,event,56,33,33.49378500001876,12.338225999997121,4433.333333333323
22.11.24.08.2026~p014,voronoi,1,0,completed,True,False,3,3,0,,13.677552999865839,4.559184333288613,5239.999999999976,18.3650309999166,285.3248655024744,262,0,0,0,12870.511918386357,12222.251726356648,59.19406200725508,59.579443031448214,114.42972075636982,20.0,kinematic,False,0,0.0,,,,22.11.24.08.2026~perturbed,once,0,0,13.677552999865839,4.683473999989474,5239.999999999976
22.11.24.08.2026~p014,voronoi,1,0,completed,True,False,3,427,0,,532.7616350009521,1.2476853278710822,2833.333333333328,548.0464280000206,5.169878296028638,170,0,0,0,12870.511918386357,8966.831979647857,59.22020264636791,59.954536886758255,0.9788858968313718,20.0,kinematic,False,0,0.0,,,,22.11.24.08.2026~perturbed,cycle,110,0,14.226678999989417,7.422817000019677,2833.333333333328
22.11.24.08.2026~p014,voronoi,1,0,completed,True,False,3,449,0,,32.47965499951988,0.07233776169158103,2983.3333333333276,46.37269900001684,64.33382998328918,179,0,0,0,12870.511918386357,9034.01292367616,58.487552076904514,58.709400867679356,0.5526157407676351,20.0,kinematic,False,0,0.0,,,,22.11.24.08.2026~perturbed,event,1,0,13.79897600008917,4.747860000065884,2983.3333333333276
22.11.24.08.2026~p014,prm,1,0,completed,True,False,3,3,0,,20.03596200006541,6.678654000021804,4379.9999999999945,24.04514400006974,182.15736200154555,219,0,0,0,13763.568290367222,13145.047708449176,59.04238390115729,59.37680942657981,35.41102548631946,20.0,kinematic,False,0,0.0,,,,22.11.24.08.2026~perturbed,once,0,0,20.03596200006541,6.805967999980567,4379.9999999999945
22.11.24.08.2026~p014,prm,1,0,completed,True,False,3,358,0,,411.24537200005307,1.1487300893856232,2416.666666666663,425.08956700010003,5.685076403359704,145,0,0,0,13763.568290367222,8315.645927101054,58.80500993908959,59.29821711993511,2.4878562501480985,20.0,kinematic,False,0,0.0,,,,22.11.24.08.2026~perturbed,cycle,53,0,19.680363000020407,7.53765799993289,2416.666666666663
22.11.24.08.2026~p014,prm,1,0,completed,True,False,3,393,0,,40.74457999956849,0.10367577608032694,2449.9999999999964,52.31782100008786,46.82916744556089,147,0,0,0,13763.568290367222,9350.074298724372,58.385291730849396,58.677036471141925,2.109376468375274,20.0,kinematic,False,0,0.0,,,,22.11.24.08.2026~perturbed,event,2,5,19.936153000003287,6.769288999976197,2449.9999999999964
22.11.24.08.2026~p014,visibility,1,0,completed,True,False,3,3,0,,32.61679799993544,10.872265999978481,3780.0000000000027,35.97549500000241,105.07152160101617,189,1,4,5,7464.432919517686,7261.639449510287,58.837584804121036,59.71143275168108,-54.312828739553126,20.0,kinematic,False,0,0.0,,,,22.11.24.08.2026~perturbed,once,0,0,32.61679799993544,11.086672000033104,3780.0000000000027
22.11.24.08.2026~p014,visibility,1,0,completed,True,False,3,507,0,,2258.448449998582,4.454533431949866,3799.9999999999914,2278.0502660000366,1.668093130654357,228,0,2,2,7464.432919517686,7271.757554984318,59.16289339368702,59.97089830769885,-43.84876899945641,20.0,kinematic,False,0,0.0,,,,22.11.24.08.2026~perturbed,cycle,210,26,32.32585199998539,12.639608999961638,3799.9999999999914
22.11.24.08.2026~p014,visibility,1,0,completed,True,False,3,506,0,,362.79605899926537,0.7169882588918288,3799.9999999999914,378.8129029999254,10.031337290537698,228,0,2,2,7464.432919517686,7287.687324547782,58.84277659502907,59.060569742067,-43.84876899945641,20.0,kinematic,False,0,0.0,,,,22.11.24.08.2026~perturbed,event,31,26,32.28122199993777,10.89995099994212,3799.9999999999914
22.11.24.08.2026~p015,voronoi,1,0,completed,True,False,3,3,0,,13.38653899995279,4.46217966665093,4379.9999999999945,17.280536999919605,253.46434546683196,219,0,0,0,12087.169131394918,11452.204247891728,59.213565613728036,59.94285178476956,139.41933275422542,20.0,kinematic,False,0,0.0,,,,22.11.24.08.2026~perturbed,once,0,0,13.38653899995279,4.535750999934862,4379.9999999999945
22.11.24.08.2026~p015,voronoi,1,0,completed,True,False,3,355,0,,196.96116699992672,0.554820188732188,2199.9999999999973,208.6022400000047,10.54638722959038,132,0,0,0,12087.169131394918,7830.020230275342,58.56519289944962,58.70407711835538,1.6710358620192096,20.0,kinematic,False,0,0.0,,,,22.11.24.08.2026~perturbed,cycle,39,0,13.4466849999626,4.643668999960937,2199.9999999999973
22.11.24.08.2026~p015,voronoi,1,0,completed,True,False,3,372,0,,47.822184000210655,0.12855425806508242,2199.9999999999973,58.99343500004761,37.29228515000393,132,0,0,0,12087.169131394918,8214.067749307365,59.06331294438794,59.39602498248879,0.6282408574831209,20.0,kinematic,False,0,0.0,,,,22.11.24.08.2026~perturbed,event,5,0,13.761683999859997,4.67585199999121,2199.9999999999973
22.11.24.08.2026~p015,prm,1,0,completed,True,False,3,3,0,,34.209797000016806,11.403265666672269,3920.000000000003,38.05809700008922,103.00042064611937,196,0,0,0,10274.887554339664,9730.030406037959,59.18235547907923,59.780020721154195,11.581963212478968,20.0,kinematic,False,0,0.0,,,,22.11.24.08.2026~perturbed,once,0,0,34.209797000016806,19.920635000062248,3920.000000000003
22.11.24.08.2026~p015,prm,1,0,completed,True,False,3,355,0,,411.940075999496,1.1603945802802704,2216.666666666664,424.8988140000165,5.216928345360309,133,0,0,0,10274.887554339664,8002.046474233396,59.22602396608435,59.57484337128056,1.965025594042146,20.0,kinematic,False,0,0.0,,,,22.11.24.08.2026~perturbed,cycle,54,14,19.59103399997275,7.266862999927071,2216.666666666664
22.11.24.08.2026~p015,prm,1,0,completed,True,False,3,367,0,,47.34628799997154,0.12900895912798785,2549.999999999996,58.62908799997513,43.49376882685055,153,0,0,0,10274.887554339664,8362.999436177077,59.15321354243999,59.541451323164885,3.4563578119010003,20.0,kinematic,False,0,0.0,,,,22.11.24.08.2026~perturbed,event,3,0,20.462956999836024,7.335104999924624,2549.999999999996
22.11.24.08.2026~p015,visibility,1,0,completed,True,False,3,3,0,,33.60050900016631,11.200169666722104,3940.000000000003,37.25618500004657,105.75425261591003,197,1,4,5,7335.6716888323135,7136.514067867888,59.039103996333516,59.49936061514992,-123.60939864481415,20.0,kinematic,False,0,0.0,,,,22.11.24.08.2026~perturbed,once,0,0,33.60050900016631,11.328203000061876,3940.000000000003
22.11.24.08.2026~p015,visibility,1,0,completed,True,False,3,598,0,,3055.3124910005636,5.1092182123755245,4283.333333333323,3079.7756520000803,1.3907939464849082,257,1,2,3,7335.6716888323135,7198.871908793524,59.23959273820134,59.8693439852888,-156.94847555358885,20.0,kinematic,False,0,0.0,,,,22.11.24.08.2026~perturbed,cycle,278,65,33.10973299994657,18.522935999953916,4283.333333333323
22.11.24.08.2026~p015,visibility,1,0,completed,True,False,3,590,0,,985.4297480001151,1.6702199118646017,4283.333333333323,1005.2461420000327,4.26097962913961,257,1,1,2,7335.6716888323135,7225.842549787558,58.83024946790613,59.8693439852888,-120.59048209776128,20.0,kinematic,False,0,0.0,,,,22.11.24.08.2026~perturbed,event,87,61,34.26017399999637,14.954921999901671,4283.333333333323
22.11.24.08.2026~p016,voronoi,1,0,completed,True,False,3,3,0,,14.156436000121175,4.7188120000403915,5239.999999999976,18.856085999914285,277.8943625959171,262,0,0,0,12640.02811666204,11982.671764521148,58.68931633687041,59.467644558228706,194.5156699956891,20.0,kinematic,False,0,0.0,,,,22.11.24.08.2026~perturbed,once,0,0,14.156436000121175,5.050552999932734,5239.999999999976
22.11.24.08.2026~p016,voronoi,1,0,completed,True,False,3,366,0,,297.5709019997339,0.8130352513653932,2266.6666666666633,309.54898800007413,7.322481269640334,136,0,0,0,12640.02811666204,8294.335555705617,59.55361003624552,59.948821781839904,11.622401012105172,20.0,kinematic,False,0,0.0,,,,22.11.24.08.2026~perturbed,cycle,58,1,14.244258000076115,9.159425000007104,2266.6666666666633
22.11.24.08.2026~p016,voronoi,1,0,completed,True,False,3,414,0,,39.74277199984044,0.09599703381603972,2983.3333333333276,52.85832900005971,56.44017489334476,179,0,0,0,12640.02811666204,8697.361265741652,58.742669333301116,59.225847169107794,8.299029530026303,20.0,kinematic,False,0,0.0,,,,22.11.24.08.2026~perturbed,event,1,2,13.561556999889035,4.627599999935228,2983.3333333333276
22.11.24.08.2026~p016,prm,1,0,completed,True,False,3,3,0,,19.44617100002688,6.48205700000896,3140.0000000000023,22.363879000067755,140.40498072764967,157,1,0,1,9936.007279932359,9363.432841583239,59.326898917469805,59.61351687418722,-122.70975134408494,20.0,kinematic,False,0,0.0,,,,22.11.24.08.2026~perturbed,once,0,0,19.44617100002688,6.541424000033658,3140.0000000000023
22.11.24.08.2026~p016,prm,1,0,completed,True,False,3,376,0,,537.8639040015969,1.4304891063872258,2416.666666666663,553.1990340000448,4.368530163894804,145,0,0,0,9936.007279932359,8176.312528567563,59.67767732305807,59.921194563031186,2.2670098143250073,20.0,kinematic,False,0,0.0,,,,22.11.24.08.2026~perturbed,cycle,78,8,18.43111800008046,6.809030999988863,2416.666666666663
22.11.24.08.2026~p016,prm,1,0,completed,True,False,3,376,0,,64.3035159999954,0.17101998936168988,2416.666666666663,75.53984100002253,31.991948019402663,145,0,0,0,9936.007279932359,8176.312528567563,59.67767732305807,59.921194563031186,2.2670098143250073,20.0,kinematic,False,0,0.0,,,,22.11.24.08.2026~perturbed,event,6,8,18.949032000250554,6.816910999987158,2416.666666666663
22.11.24.08.2026~p016,visibility,1,0,completed,True,False,3,3,0,,34.96257900019373,11.654193000064575,3740.0000000000027,38.99264000006042,95.91553688065767,187,0,3,3,7310.2992631023935,7118.276167590142,58.24225296268879,58.74992425752013,-17.281889326053488,20.0,kinematic,False,0,0.0,,,,22.11.24.08.2026~perturbed,once,0,0,34.96257900019373,12.482042000101501,3740.0000000000027
22.11.24.08.2026~p016,visibility,1,0,completed,True,False,3,561,0,,3048.959937999257,5.434866199642169,3733.333333333325,3070.876011999985,1.2157225881945972,224,0,2,2,7310.2992631023935,7193.281179098873,59.443811947202185,59.64910804443872,-23.524598936988525,20.0,kinematic,False,0,0.0,,,,22.11.24.08.2026~perturbed,cycle,263,38,33.38644599989493,34.87961199994061,3733.333333333325
22.11.24.08.2026~p016,visibility,1,0,completed,True,False,3,546,0,,623.382093999794,1.1417254468860696,3733.333333333325,640.7097850000127,5.826871105664869,224,0,2,2,7310.2992631023935,7114.022527584781,59.41399569513049,59.559659288223635,-17.639707595206232,20.0,kinematic,False,0,0.0,,,,22.11.24.08.2026~perturbed,event,54,25,33.77351500000714,11.512234999941029,3733.333333333325
22.11.24.08.2026~p017,voronoi,1,0,completed,True,False,3,3,0,,13.872401000071477,4.624133666690493,5299.9999999999745,18.549045999975533,285.7289803479363,265,0,0,0,13195.117988465398,12268.194527918822,58.97081935796975,59.31895691032216,98.2169598332332,20.0,kinematic,False,0,0.0,,,,22.11.24.08.2026~perturbed,once,0,0,13.872401000071477,4.7448700000813915,5299.9999999999745
22.11.24.08.2026~p017,voronoi,1,0,timed_out,False,True,3,2083,0,,8482.911078000143,4.072448909265551,30000.0,8590.935401999901,3.4920527970698325,1801,0,0,0,13195.117988465398,20881.230654824296,460.3825959886182,1262.6471388325713,0.1817833773173163,20.0,kinematic,False,0,0.0,,,,22.11.24.08.2026~perturbed,cycle,1859,1,13.421255000025667,11.78328599996803,
22.11.24.08.2026~p017,voronoi,1,0,completed,True,False,3,502,0,,29.919457000005423,0.059600511952202034,3433.333333333326,45.31937900003413,75.75861384443817,206,0,0,0,13195.117988465398,8611.839933031331,58.78528388163026,59.583063216871885,1.0191449298635575,20.0,kinematic,False,0,0.0,,,,22.11.24.08.2026~perturbed,event,0,0,13.593580000019756,4.669274999969275,3433.333333333326
22.11.24.08.2026~p017,prm,1,0,completed,True,False,3,3,0,,18.289664000008088,6.096554666669363,4140.0,21.94701200005511,188.6361569397057,207,0,0,0,10911.744248119367,10292.303516985094,58.05562397440852,58.4362677468203,31.18629359720299,20.0,kinematic,False,0,0.0,,,,22.11.24.08.2026~perturbed,once,0,0,18.289664000008088,6.188264999991588,4140.0
22.11.24.08.2026~p017,prm,1,0,completed,True,False,3,333,0,,299.0002400000549,0.8978986186187834,2149.9999999999973,311.66899699996975,6.898344142969748,129,0,0,0,10911.744248119367,7705.76949018129,58.94621356742574,59.112466838924824,1.1700314849146594,20.0,kinematic,False,0,0.0,,,,22.11.24.08.2026~perturbed,cycle,41,7,18.317082000066875,6.528592999984539,2149.9999999999973
22.11.24.08.2026~p017,prm,1,0,completed,True,False,3,337,0,,31.610120000095776,0.09379857566793999,2149.9999999999973,41.77866100008032,51.461678008202895,129,0,0,0,10911.744248119367,7725.632124808531,59.12756697080672,59.227143349595664,1.1700314849146594,20.0,kinematic,False,0,0.0,,,,22.11.24.08.2026~perturbed,event,1,7,18.628350999961185,6.851948999951674,2149.9999999999973
22.11.24.08.2026~p017,visibility,1,0,completed,True,False,3,3,0,,34.51194299998406,11.503980999994686,2880.0000000000023,37.17623700003969,77.46884118467739,144,1,4,5,7226.453056799834,7012.134067341885,58.992523681451594,59.16582784388521,-32.636654952217924,20.0,kinematic,False,0,0.0,,,,22.11.24.08.2026~perturbed,once,0,0,34.51194299998406,11.73501200003102,2880.0000000000023
22.11.24.08.2026~p017,visibility,1,0,completed,True,False,3,454,0,,1697.72102800016,3.7394736299562994,2899.9999999999945,1714.890260000061,1.6910703079040703,174,0,2,2,7226.453056799834,7047.599215872086,58.85816361545207,59.654340636127486,-33.0704613210379,20.0,kinematic,False,0,0.0,,,,22.11.24.08.2026~perturbed,cycle,147,35,34.46985599987329,13.265558999933091,2899.9999999999945
22.11.24.08.2026~p017,visibility,1,0,completed,True,False,3,471,0,,520.7913959992538,1.1057142165589253,2899.9999999999945,535.3483500000493,5.417033600644753,174,0,3,3,7226.453056799834,7016.803685860596,58.51680213639412,58.71426209291651,-33.0704613210379,20.0,kinematic,False,0,0.0,,,,22.11.24.08.2026~perturbed,event,43,38,34.53385599982539,12.135251000017888,2899.9999999999945
22.11.24.08.2026~p018,voronoi,1,0,completed,True,False,3,3,0,,14.529282000012245,4.843094000004082,4679.999999999988,18.6674750000293,250.7034293600309,234,0,0,0,10049.289134110106,9526.12911029665,57.96385214983075,58.327944584163134,8.778111462897215,20.0,kinematic,False,0,0.0,,,,22.11.24.08.2026~perturbed,once,0,0,14.529282000012245,5.08611700001893,4679.999999999988
22.11.24.08.2026~p018,voronoi,1,0,completed,True,False,3,413,0,,494.80535999907715,1.1980759322011554,2583.333333333329,508.6409510000749,5.078893723075295,155,0,0,0,10049.289134110106,8526.49838252038,59.406282720841496,59.81085910287981,1.3734392608640462,20.0,kinematic,False,0,0.0,,,,22.11.24.08.2026~perturbed,cycle,101,2,13.479630000006182,6.004551000046376,2583.333333333329
22.11.24.08.2026~p018,voronoi,1,0,completed,True,False,3,386,0,,30.247737999047786,0.07836201554157457,2199.9999999999973,41.837118999978884,52.584882816646804,132,0,0,0,10049.289134110106,7788.0372477182045,59.012625555147224,59.57187468503595,0.19479065092130554,20.0,kinematic,False,0,0.0,,,,22.11.24.08.2026~perturbed,event,1,0,13.63791599999331,4.656130000057601,2199.9999999999973
22.11.24.08.2026~p018,prm,1,0,completed,True,False,3,3,0,,20.246052999937092,6.748684333312364,5279.999999999975,25.06694500004869,210.63595902850227,264,0,0,0,13641.677354957155,12844.833321506781,58.23560888981521,58.72994549003388,3.3120309924395883,20.0,kinematic,False,0,0.0,,,,22.11.24.08.2026~perturbed,once,0,0,20.246052999937092,7.108098999992762,5279.999999999975
22.11.24.08.2026~p018,prm,1,0,completed,True,False,3,359,0,,395.9241120005572,1.1028526796672904,2199.9999999999973,409.22978599996895,5.375952766058344,132,0,0,0,13641.677354957155,8297.14531692404,59.4628739598947,59.616699780383236,3.319956032783182,20.0,kinematic,False,0,0.0,,,,22.11.24.08.2026~perturbed,cycle,44,7,20.894554000051357,13.070315000049959,2199.9999999999973
22.11.24.08.2026~p018,prm,1,0,completed,True,False,3,368,0,,37.65185800057225,0.10231483152329415,2199.9999999999973,48.22207999995953,45.6222543698207,132,0,0,0,13641.677354957155,8660.857875823725,58.9548317685469,59.498936997260294,3.319956032783182,20.0,kinematic,False,0,0.0,,,,22.11.24.08.2026~perturbed,event,1,7,19.77866000004269,9.640933000014229,2199.9999999999973
22.11.24.08.2026~p018,visibility,1,0,completed,True,False,3,3,0,,33.79224900004374,11.26408300001458,3800.0000000000027,37.18280800001139,102.19776838798292,190,1,4,5,7395.888582441739,7200.1313017100565,58.43868691446331,58.8570728293917,-106.07880466948356,20.0,kinematic,False,0,0.0,,,,22.11.24.08.2026~perturbed,once,0,0,33.79224900004374,11.471348999975817,3800.0000000000027
22.11.24.08.2026~p018,visibility,1,0,completed,True,False,3,552,0,,2466.4925500002255,4.468283605072872,3583.3333333333253,2487.724630999992,1.4404059390982238,215,1,5,6,7395.888582441739,7287.114636632234,59.11088282961032,59.54232143558909,-46.904058661567376,20.0,kinematic,False,0,0.0,,,,22.11.24.08.2026~perturbed,cycle,222,90,33.6743299999398,15.121736999958557,3583.3333333333253
22.11.24.08.2026~p018,visibility,1,0,completed,True,False,3,672,0,,791.9023820021494,1.1784261636936746,3816.666666666658,813.120065000021,4.693853750450199,229,0,5,5,7395.888582441739,7814.282113606824,59.169323838480345,59.28339831458567,-70.55855800223706,20.0,kinematic,False,0,0.0,,,,22.11.24.08.2026~perturbed,event,67,114,33.36172500007706,30.563068999981624,3816.666666666658
22.11.24.08.2026~p019,voronoi,1,0,planning_failed,False,False,3,3,1,Y1,13.60490700005812,4.534969000019373,5419.999999999973,18.230103000064446,297.31044306117263,271,0,0,0,8949.958441002807,8513.541697270202,760.2634002698211,2164.7523946169918,111.8272434163747,20.0,kinematic,False,0,0.0,,,,22.11.24.08.2026~perturbed,once,0,0,13.60490700005812,4.585205000012138,
22.11.24.08.2026~p019,voronoi,1,0,planning_failed,False,False,3,277,1,Y1,279.8661879999145,1.0103472490971641,2449.9999999999964,290.04947400005676,8.446834832044953,147,0,0,0,8949.958441002807,5756.570602538942,761.4039518399237,2164.7523946169918,13.260661719166677,20.0,kinematic,False,0,0.0,,,,22.11.24.08.2026~perturbed,cycle,58,0,13.323368000101254,5.030931999954191,
22.11.24.08.2026~p019,voronoi,1,0,planning_failed,False,False,3,268,1,Y1,21.620888000597915,0.08067495522611162,2299.999999999997,30.620106000014857,75.1140443471646,138,0,0,0,8949.958441002807,5687.728400729616,761.5341564259598,2164.7523946169918,13.707707147086694,20.0,kinematic,False,0,0.0,,,,22.11.24.08.2026~perturbed,event,0,0,13.274870000032024,4.611836999970365,
22.11.24.08.2026~p019,prm,1,0,planning_failed,False,False,3,3,1,Y1,14.153012999940984,4.717670999980328,4159.999999999999,17.729222000070877,234.64086579678278,208,0,1,1,7480.712344429152,7067.156691631137,760.7338570415542,2164.7523946169918,-5.630457068055506,20.0,kinematic,False,0,0.0,,,,22.11.24.08.2026~perturbed,once,0,0,14.153012999940984,7.302304999939224,
22.11.24.08.2026~p019,prm,1,0,planning_failed,False,False,3,259,1,Y1,371.11221600082445,1.432865698844882,2149.9999999999973,381.36497400000735,5.637644111490836,129,0,1,1,7480.712344429152,5347.335619163455,760.5657766559638,2164.7523946169918,-5.345864600135485,20.0,kinematic,False,0,0.0,,,,22.11.24.08.2026~perturbed,cycle,49,2,13.181410000015603,10.924281000029623,
22.11.24.08.2026~p019,prm,1,0,planning_failed,False,False,3,259,1,Y1,44.247723998864785,0.17084063320025014,2149.9999999999973,52.50552200004677,40.94807399492347,129,0,1,1,7480.712344429152,5347.335619163455,760.5657766559638,2164.7523946169918,-5.345864600135485,20.0,kinematic,False,0,0.0,,,,22.11.24.08.2026~perturbed,event,4,2,13.626454999894122,6.872952999970039,
22.11.24.08.2026~p019,visibility,1,0,planning_failed,False,False,3,3,1,Y1,22.682379000002584,7.560793000000861,2740.000000000002,25.13249900005121,109.02218677077909,137,0,2,2,5375.978466467253,5229.8542564589825,761.06279059691,2164.7523946169918,-27.86702249429692,20.0,kinematic,False,0,0.0,,,,22.11.24.08.2026~perturbed,once,0,0,22.682379000002584,11.341014999970866,
22.11.24.08.2026~p019,visibility,1,0,planning_failed,False,False,3,319,1,Y1,964.3000660005328,3.022884219437407,2749.999999999995,977.0108970000138,2.8147076030002114,165,0,2,2,5375.978466467253,5230.568239276954,760.8916126998898,2164.7523946169918,-28.382599760175623,20.0,kinematic,False,0,0.0,,,,22.11.24.08.2026~perturbed,cycle,82,43,28.610618000016075,16.762405000008584,
22.11.24.08.2026~p019,visibility,1,0,planning_failed,False,False,3,319,1,Y1,285.44910200048434,0.8948247711613929,2749.999999999995,296.3742550000461,9.27880864685621,165,0,2,2,5375.978466467253,5230.568239276954,760.8916126998898,2164.7523946169918,-28.382599760175623,20.0,kinematic,False,0,0.0,,,,22.11.24.08.2026~perturbed,event,23,43,22.721541000009893,11.388880000026802,
crowded,voronoi,1,0,completed,True,False,3,3,0,,14.538007000055586,4.846002333351862,9979.999999999876,23.15735299998778,430.96462708864624,499,1,0,1,22854.683707277938,21713.968751648077,58.559378754345495,59.221009467961906,-68.28004262027912,20.0,kinematic,False,0,0.0,,,,crowded,once,0,0,14.538007000055586,4.932592000045588,9979.999999999876
crowded,voronoi,1,0,completed,True,False,3,558,0,,1272.582696999848,2.2806141523294765,3533.3333333333258,1294.1070660000378,2.730325354187675,212,0,0,0,22854.683707277938,12816.421613201037,58.63586496019844,59.398964281608194,1.3711680940215558,20.0,kinematic,False,0,0.0,,,,crowded,cycle,253,2,14.449910000053023,10.76965000004293,3533.3333333333258
crowded,voronoi,1,0,completed,True,False,3,869,0,,47.62690900088273,0.054806569621268966,7233.333333333313,78.1129399999827,92.60096129187961,434,0,0,0,22854.683707277938,15997.304705966224,59.35055152979216,59.835530272334545,0.21560021166931165,20.0,kinematic,False,0,0.0,,,,crowded,event,1,0,14.42378000001554,4.89735999997265,7233.333333333313
crowded,prm,1,0,completed,True,False,3,3,0,,21.500901999957023,7.166967333319008,4020.0000000000023,25.099103999991712,160.16507999653413,201,1,0,1,11572.025797384194,10707.244565540983,58.17190314546332,58.33671773572048,-77.87559992016375,20.0,kinematic,False,0,0.0,,,,crowded,once,0,0,21.500901999957023,7.416769999963435,4020.0000000000023
crowded,prm,1,0,completed,True,False,3,492,0,,928.2583029992111,1.8867038678845753,3199.9999999999936,949.7809309999639,3.3691979861407804,192,1,0,1,11572.025797384194,9315.625190579816,59.042311574605925,59.40822664894973,-146.4457630709677,20.0,kinematic,False,0,0.0,,,,crowded,cycle,117,127,20.985081000048922,13.871343000005254,3199.9999999999936
crowded,prm,1,0,completed,True,False,3,592,0,,48.72554800033413,0.08230666891948332,3449.9999999999927,65.84318599993821,52.39722148322577,207,0,0,0,11572.025797384194,10301.17920758282,59.126888786732536,59.617389740123244,1.0375197860678895,20.0,kinematic,False,0,0.0,,,,crowded,event,2,0,21.029506999980185,7.408600000076149,3449.9999999999927
crowded,visibility,1,0,completed,True,False,3,3,0,,21.747504000018125,7.2491680000060414,3860.000000000003,25.278401000036865,152.6995319045051,193,0,5,5,5743.219306469773,5280.735605845488,59.00240487780443,59.94164577895575,-61.71843201044736,20.0,kinematic,False,0,0.0,,,,crowded,once,0,0,21.747504000018125,8.113469000022633,3860.000000000003
crowded,visibility,1,0,completed,True,False,3,586,0,,1777.783137998881,3.0337596211585,3899.999999999991,1799.3277540000463,2.167476153985835,234,0,4,4,5743.219306469773,5290.742579978614,58.7660369065567,59.44284198973463,-58.33154602111412,20.0,kinematic,False,0,0.0,,,,crowded,cycle,262,166,20.11264000020674,14.968225999950846,3899.999999999991
crowded,visibility,1,0,completed,True,False,3,654,0,,427.9766909992304,0.6543986100905664,3899.999999999991,448.45024899996133,8.696616868196514,234,0,5,5,5743.219306469773,5356.468187189867,58.87909972771442,59.86747123203511,-58.33154602111412,20.0,kinematic,False,0,0.0,,,,crowded,event,57,135,20.061777000137226,11.209539999981644,3899.999999999991
crowded~p000,voronoi,1,0,completed,True,False,3,3,0,,14.325756999937767,4.775252333312589,9399.999999999889,22.42349599998761,419.2031429891701,470,0,1,1,22853.976602495146,21700.043322602804,58.82242381826139,59.271639944751655,-0.8913068477462787,20.0,kinematic,False,0,0.0,,,,crowded~perturbed,once,0,0,14.325756999937767,4.855711999994128,9399.999999999889
crowded~p000,voronoi,1,0,completed,True,False,3,556,0,,1314.91155399965,2.3649488381288672,3583.3333333333253,1335.088474000031,2.6839669453496025,215,0,0,0,22853.976602495146,11361.278733649082,59.23341400853533,59.5127349948971,1.5750292599819318,20.0,kinematic,False,0,0.0,,,,crowded~perturbed,cycle,266,2,14.393892000157393,9.486581000032857,3583.3333333333253
crowded~p000,voronoi,1,0,completed,True,False,3,817,0,,56.598392003024856,0.06927587760468158,5749.9999999999845,82.61787899994033,69.59752622073653,345,0,0,0,22853.976602495146,16843.298130933777,59.07558796398257,59.83426873388968,0.05489793907375429,20.0,kinematic,False,0,0.0,,,,crowded~perturbed,event,2,1,14.437742000040998,5.103204999954869,5749.9999999999845
crowded~p000,prm,1,0,completed,True,False,3,3,0,,21.917548000033094,7.305849333344365,3760.0000000000027,25.403811000046517,148.0092888422575,188,0,1,1,11758.260603989107,10917.515909139922,58.16880199765054,58.59956484082707,-5.317312215629045,20.0,kinematic,False,0,0.0,,,,crowded~perturbed,once,0,0,21.917548000033094,7.595723000008547,3760.0000000000027
crowded~p000,prm,1,0,completed,True,False,3,349,0,,713.2767860008471,2.0437730257903928,2233.3333333333303,726.4114459999291,3.0744743156670307,134,0,0,0,11758.260603989107,6847.981472301033,58.887040329387276,59.17738739317124,1.1888731886120638,20.0,kinematic,False,0,0.0,,,,crowded~perturbed,cycle,91,30,21.720956000194747,11.31231800002297,2233.3333333333303
crowded~p000,prm,1,0,completed,True,False,3,527,0,,84.67854199966496,0.1606803453504079,3866.666666666658,101.62761499998396,38.04740145350521,232,0,0,0,11758.260603989107,8256.83190970433,59.212088291236626,59.93918933283398,0.40626061134761926,20.0,kinematic,False,0,0.0,,,,crowded~perturbed,event,7,0,21.562820000099236,7.940833000020575,3866.666666666658
crowded~p000,visibility,1,0,completed,True,False,3,3,0,,19.308549000015773,6.436183000005258,3660.0000000000027,22.793578000005255,160.5715434408393,183,0,4,4,5189.413742487359,4677.511197839426,59.024568771318805,59.538584763093425,-53.500808564162796,20.0,kinematic,False,0,0.0,,,,crowded~perturbed,once,0,0,19.308549000015773,6.692285999974956,3660.0000000000027
crowded~p000,visibility,1,0,completed,True,False,3,565,0,,1707.1730670000989,3.0215452513276086,3216.66666666666,1727.037776999964,1.8625340507920616,193,0,6,6,5189.413742487359,4390.174396346556,58.59953296854339,59.3870670593018,-55.13280464604807,20.0,kinematic,False,0,0.0,,,,crowded~perturbed,cycle,261,213,20.426981000014166,12.46150999998008,3216.66666666666
crowded~p000,visibility,1,0,completed,True,False,3,604,0,,484.76366400029747,0.8025888476826117,3383.333333333326,503.14428599995153,6.724379919388873,203,0,6,6,5189.413742487359,4466.031171101606,58.56232466939911,58.96471127353823,-53.48295587576443,20.0,kinematic,False,0,0.0,,,,crowded~perturbed,event,70,198,19.300748999967254,7.825822999961929,3383.333333333326
crowded~p001,voronoi,1,0,completed,True,False,3,3,0,,14.39005699990048,4.796685666633493,10839.999999999858,23.74570900008166,456.50353080476896,542,1,0,1,28669.54317234795,27449.636580762173,58.471809461931514,58.61233565723005,-97.23393528703545,20.0,kinematic,False,0,0.0,,,,crowded~perturbed,once,0,0,14.39005699990048,4.8941530000092826,10839.999999999858
crowded~p001,voronoi,1,0,completed,True,False,3,538,0,,977.7227589988797,1.8173285483250552,4116.666666666657,998.1835930000216,4.124157815792278,247,0,4,4,28669.54317234795,13416.820839352,58.66432509478157,59.57559974125474,-0.8202649113119094,20.0,kinematic,False,0,0.0,,,,crowded~perturbed,cycle,196,5,14.448822000076689,9.21158899996044,4116.666666666657
crowded~p001,voronoi,1,0,timed_out,False,True,3,2358,0,,3133.0922279989863,1.328707475826542,30000.0,3234.6921089999796,9.274453020282861,1801,0,0,0,28669.54317234795,26905.751454389734,84.73497974604744,136.00328556018073,0.5090202056620114,20.0,kinematic,False,0,0.0,,,,crowded~perturbed,event,642,4,14.824051000118743,9.414515999992545,
crowded~p001,prm,1,0,planning_failed,False,False,3,3,1,B1,14.049655000007988,4.683218333335996,3940.000000000003,17.491559999939454,225.25149272069737,197,0,0,0,7790.224197955545,7157.34444888757,497.6006378999751,1375.4300600175932,77.7917507752378,20.0,kinematic,False,0,0.0,,,,crowded~perturbed,once,0,0,14.049655000007988,7.039665999968747,
crowded~p001,prm,1,0,planning_failed,False,False,3,231,1,B1,654.4915890010543,2.833296922082486,2349.9999999999964,664.6931450000011,3.5354659780641975,141,0,0,0,7790.224197955545,4571.899872370892,498.3049134759635,1375.4300600175932,2.1488668330910627,20.0,kinematic,False,0,0.0,,,,crowded~perturbed,cycle,74,12,18.1227499998613,32.7874880000536,
crowded~p001,prm,1,0,planning_failed,False,False,3,349,1,B1,21.047896999448312,0.06030916045687196,3133.333333333327,32.57392099999379,96.19146965248441,188,0,0,0,7790.224197955545,5693.971479440821,497.9019716769865,1375.4300600175932,1.3891989926047756,20.0,kinematic,False,0,0.0,,,,crowded~perturbed,event,0,0,14.419030999988536,7.321768999986489,
crowded~p001,visibility,1,0,planning_failed,False,False,3,3,1,B1,13.545625999995536,4.5152086666651785,3460.0000000000027,16.59085200003574,208.54866284097704,173,1,4,5,3252.4518750671996,3019.0609108834938,498.1091978813279,1375.4300600175932,-156.36180807835564,20.0,kinematic,False,0,0.0,,,,crowded~perturbed,once,0,0,13.545625999995536,6.996001000061369,
crowded~p001,visibility,1,0,planning_failed,False,False,3,396,1,B1,1082.1003609992204,2.7325766691899505,3666.6666666666583,1098.0368049999925,3.3392930455247205,220,1,6,7,3252.4518750671996,3174.7462810357547,497.90036105546636,1375.4300600175932,-76.84792771099187,20.0,kinematic,False,0,0.0,,,,crowded~perturbed,cycle,157,147,13.402517000145053,10.652188999983991,
crowded~p001,visibility,1,0,planning_failed,False,False,3,525,1,B1,584.5640970007935,1.1134554228586542,4433.333333333323,602.9035489999615,7.353304422717217,266,0,5,5,3252.4518750671996,3704.8243021714898,497.5959869439337,1375.4300600175932,-76.99995309185422,20.0,kinematic,False,0,0.0,,,,crowded~perturbed,event,85,116,13.73864799995772,11.534753000091769,
crowded~p002,voronoi,1,0,completed,True,False,3,3,0,,14.711010000041824,4.903670000013942,10119.999999999873,23.35528300000078,433.3066741259155,506,1,0,1,20837.515383618538,19791.206075082497,59.20462631614817,59.71840883537884,-103.47279479564799,20.0,kinematic,False,0,0.0,,,,crowded~perturbed,once,0,0,14.711010000041824,5.014282999923125,10119.999999999873
crowded~p002,voronoi,1,0,completed,True,False,3,474,0,,888.5295449995283,1.874534905062296,3166.66666666666,905.8953930000371,3.4956206766651814,190,0,0,0,20837.515383618538,10472.469662725847,58.72233022037771,59.61789212993743,1.8378584139036604,20.0,kinematic,False,0,0.0,,,,crowded~perturbed,cycle,173,7,14.728322000109983,9.39471300000605,3166.66666666666
crowded~p002,voronoi,1,0,completed,True,False,3,846,0,,56.34174900069411,0.06659781205755805,6299.999999999983,83.41995399996449,75.52149932859786,378,0,0,0,20837.515383618538,15744.253677557246,59.056558450186365,59.42954537557916,0.12985267116377486,20.0,kinematic,False,0,0.0,,,,crowded~perturbed,event,1,2,14.469609999991917,4.829277999988335,6299.999999999983
crowded~p002,prm,1,0,completed,True,False,3,3,0,,21.440214999984164,7.146738333328055,4080.000000000001,25.17283800000314,162.07946040885386,204,1,1,2,11845.245397444742,10969.370923544922,58.83445870846842,59.93768009195108,-166.0822898344232,20.0,kinematic,False,0,0.0,,,,crowded~perturbed,once,0,0,21.440214999984164,7.409897000002275,4080.000000000001
crowded~p002,prm,1,0,completed,True,False,3,443,0,,1307.3432779995073,2.951113494355547,3183.333333333327,1325.0872280000294,2.402357570178962,191,0,0,0,11845.245397444742,9125.73431500307,59.422946696947626,59.934457155439205,8.225343102317396,20.0,kinematic,False,0,0.0,,,,crowded~perturbed,cycle,172,35,21.97144500007653,11.77416199993786,3183.333333333327
crowded~p002,prm,1,0,completed,True,False,3,617,0,,49.04480699894975,0.07948915234837885,3766.6666666666583,67.26460400000178,55.99775279531206,226,0,0,0,11845.245397444742,10541.967243170628,59.1051611941274,59.646908565489255,2.462227257206962,20.0,kinematic,False,0,0.0,,,,crowded~perturbed,event,2,3,22.197721999987152,8.156344999974863,3766.6666666666583
crowded~p002,visibility,1,0,completed,True,False,3,3,0,,20.641257999955087,6.880419333318362,3880.000000000003,24.109480999982225,160.93253936087896,194,0,5,5,5670.4278478362285,5239.894545605714,59.09123861784704,59.74747698281619,-57.086985668978755,20.0,kinematic,False,0,0.0,,,,crowded~perturbed,once,0,0,20.641257999955087,7.071808999967288,3880.000000000003
crowded~p002,visibility,1,0,completed,True,False,3,567,0,,1593.1907330016202,2.80986019929739,3566.666666666659,1614.0226299999085,2.2097996647462503,214,0,3,3,5670.4278478362285,5247.827619902654,59.11705518209445,59.99402738500614,-61.24858544234482,20.0,kinematic,False,0,0.0,,,,crowded~perturbed,cycle,230,143,22.535433000030025,11.339207999981227,3566.666666666659
crowded~p002,visibility,1,0,completed,True,False,3,578,0,,322.33921200133864,0.5576802975801707,3566.666666666659,340.5087400000184,10.474523111114463,214,0,4,4,5670.4278478362285,5159.697395758396,59.242334920013214,59.80272561371049,-57.692621435403225,20.0,kinematic,False,0,0.0,,,,crowded~perturbed,event,42,148,20.326230999899053,7.636829999910333,3566.666666666659
crowded~p003,voronoi,1,0,completed,True,False,3,3,0,,14.191222000135895,4.730407333378632,8039.999999999917,21.144636000030914,380.23827887073406,402,0,0,0,22091.825185989335,20949.56343262437,58.07551073002484,58.27041435969258,20.154103928517486,20.0,kinematic,False,0,0.0,,,,crowded~perturbed,once,0,0,14.191222000135895,4.764686000044094,8039.999999999917
crowded~p003,voronoi,1,0,completed,True,False,3,470,0,,863.5504559999845,1.8373413957446478,3416.6666666666592,880.456812000034,3.880561340544807,205,0,1,1,22091.825185989335,10375.857530456102,59.39370330438336,59.69128845745071,-0.36220342991822463,20.0,kinematic,False,0,0.0,,,,crowded~perturbed,cycle,178,0,14.120009000066602,8.953082999937578,3416.6666666666592
crowded~p003,voronoi,1,0,completed,True,False,3,777,0,,74.59211499997309,0.09600014800511338,6433.333333333316,101.4740250000159,63.398818893133566,386,0,0,0,22091.825185989335,15771.117028914261,58.86534648622838,59.32938763529403,2.3326572337647065,20.0,kinematic,False,0,0.0,,,,crowded~perturbed,event,6,0,14.113586000007672,5.38396600006763,6433.333333333316
crowded~p003,prm,1,0,planning_failed,False,False,3,3,1,B5,14.563828999826,4.854609666608667,4000.0000000000027,18.002221999950052,222.19479350999566,200,1,1,2,7668.854568195833,7127.053931569175,425.5978656893396,1160.398310926037,-168.2500662424487,20.0,kinematic,False,0,0.0,,,,crowded~perturbed,once,0,0,14.563828999826,7.453938999901766,
crowded~p003,prm,1,0,planning_failed,False,False,3,298,1,B5,982.438422000314,3.296773228188973,2699.9999999999955,995.6579969999666,2.7117745331583833,162,0,0,0,7668.854568195833,5860.600885739026,425.78043953985593,1160.398310926037,0.1994151196716416,20.0,kinematic,False,0,0.0,,,,crowded~perturbed,cycle,129,0,14.090640000063104,11.17069999997966,
crowded~p003,prm,1,0,planning_failed,False,False,3,432,1,B5,32.86552400072651,0.07607760185353359,4033.3333333333244,47.437277999961225,85.02455249090433,242,0,0,0,7668.854568195833,7014.578188339924,425.83544468355075,1160.398310926037,0.21004913714770623,20.0,kinematic,False,0,0.0,,,,crowded~perturbed,event,1,0,14.188823999916167,9.676655000021128,
crowded~p003,visibility,1,0,planning_failed,False,False,3,3,1,B5,36.06605999993917,12.022019999979724,3860.000000000003,39.45087900001454,97.84319381067735,193,1,3,4,3278.6318318800227,3041.5990774343454,426.19245247795106,1160.398310926037,-45.83525597879901,20.0,kinematic,False,0,0.0,,,,crowded~perturbed,once,0,0,36.06605999993917,28.297393999991982,
crowded~p003,visibility,1,0,planning_failed,False,False,3,353,1,B5,1215.457091000303,3.4432212209640314,3566.666666666659,1229.706644000089,2.9004207499966963,214,1,4,5,3278.6318318800227,2913.04309799976,426.40766693873434,1160.398310926037,-46.87226027061956,20.0,kinematic,False,0,0.0,,,,crowded~perturbed,cycle,159,90,15.512092999983906,12.017480000054093,
crowded~p003,visibility,1,0,planning_failed,False,False,3,353,1,B5,270.9120339978881,0.7674561869628558,3566.666666666659,283.54756900000666,12.578724195186364,214,1,4,5,3278.6318318800227,2913.04309799976,426.40766693873434,1160.398310926037,-46.87226027061956,20.0,kinematic,False,0,0.0,,,,crowded~perturbed,event,33,90,14.84543300000496,7.9561340000964265,
crowded~p004,voronoi,1,0,completed,True,False,3,3,0,,14.38363100010065,4.794543666700217,11679.99999999984,24.185461999991276,482.9347481558985,584,0,1,1,22605.040398402878,21525.08235030712,58.83524553098861,59.18546356177552,-10.196852154931491,20.0,kinematic,False,0,0.0,,,,crowded~perturbed,once,0,0,14.38363100010065,4.885542000010901,11679.99999999984
crowded~p004,voronoi,1,0,timed_out,False,True,3,2113,0,,9161.362312998222,4.335713352105169,30000.0,9270.93235199993,3.235920494396487,1801,0,0,0,22605.040398402878,26145.009311890626,812.9513153209135,2320.939514285458,0.7735075794194586,20.0,kinematic,False,0,0.0,,,,crowded~perturbed,cycle,1912,0,14.342884999905436,10.93121400003838,
crowded~p004,voronoi,1,0,completed,True,False,3,983,0,,51.930138000898296,0.0528282177018294,9550.000000000055,86.26282600005197,110.70817457330114,573,0,0,0,22605.040398402878,16039.095178096617,59.00658566683433,59.90200915052973,0.35411905683480427,20.0,kinematic,False,0,0.0,,,,crowded~perturbed,event,1,0,14.124804000061886,4.989092999949207,9550.000000000055
crowded~p004,prm,1,0,completed,True,False,3,3,0,,21.28111400020316,7.093704666734387,4179.999999999999,25.073636000001898,166.70896873511614,209,1,1,2,11500.05068084149,10528.01822058391,58.90194638849167,59.759525727230965,-85.72480595540706,20.0,kinematic,False,0,0.0,,,,crowded~perturbed,once,0,0,21.28111400020316,7.456275000095047,4179.999999999999
crowded~p004,prm,1,0,completed,True,False,3,483,0,,1813.9407009992965,3.755570809522353,3899.999999999991,1834.4216970000389,2.126010614886392,234,0,0,0,11500.05068084149,8807.258700788103,58.927975579388225,59.519315571458684,0.31300728616386664,20.0,kinematic,False,0,0.0,,,,crowded~perturbed,cycle,247,12,20.563949000006687,11.70401900003526,3899.999999999991
crowded~p004,prm,1,0,completed,True,False,3,630,0,,95.8342370003038,0.15211783650841873,3916.6666666666574,114.73660899991955,34.13615497970141,235,0,0,0,11500.05068084149,10726.16406094714,58.84546533428755,59.41111934400664,0.3060944427631398,20.0,kinematic,False,0,0.0,,,,crowded~perturbed,event,9,0,21.12575499995728,7.536667999943347,3916.6666666666574
crowded~p004,visibility,1,0,completed,True,False,3,3,0,,22.087587999976677,7.362529333325559,3800.0000000000027,25.530231999937314,148.8431440814691,190,0,2,2,5182.922610061455,4765.183831369596,58.30784281138357,58.846812586784,-55.73823134077948,20.0,kinematic,False,0,0.0,,,,crowded~perturbed,once,0,0,22.087587999976677,7.698966000020846,3800.0000000000027
crowded~p004,visibility,1,0,completed,True,False,3,516,0,,1851.540044999524,3.5882559011618684,3633.3333333333253,1871.6644090000045,1.9412311928688903,218,0,2,2,5182.922610061455,4697.740877809237,58.71367623058953,59.87985630569376,-54.74707489011378,20.0,kinematic,False,0,0.0,,,,crowded~perturbed,cycle,243,113,21.8555330000072,18.66949600002954,3633.3333333333253
crowded~p004,visibility,1,0,completed,True,False,3,604,0,,397.0405179991303,0.6573518509919376,4233.333333333324,416.41156900004717,10.166224112118375,254,0,3,3,5182.922610061455,4650.656723628059,58.667226714220504,59.723444118643926,-54.74707489011378,20.0,kinematic,False,0,0.0,,,,crowded~perturbed,event,49,138,22.36298299999362,11.626645999967877,4233.333333333324
crowded~p005,voronoi,1,0,completed,True,False,3,3,0,,14.40279099995223,4.80093033331741,10439.999999999865,23.42333800004326,445.70931777446003,522,2,0,2,28946.821868396117,27594.326929528583,58.482063003966005,59.21152399944822,-95.84877911527995,20.0,kinematic,False,0,0.0,,,,crowded~perturbed,once,0,0,14.40279099995223,4.861940999944636,10439.999999999865
crowded~p005,voronoi,1,0,completed,True,False,3,543,0,,1236.480415000301,2.2771278360963185,3466.6666666666592,1256.1477579999973,2.759760262746627,208,0,0,0,28946.821868396117,13121.966877930336,58.71439987910671,59.18007024656094,0.10735320109731106,20.0,kinematic,False,0,0.0,,,,crowded~perturbed,cycle,256,0,14.161791999981688,9.186588999909873,3466.6666666666592
crowded~p005,voronoi,1,0,completed,True,False,3,1089,0,,56.24700099781421,0.05165013865731333,9450.00000000005,92.84431799994763,101.78328845073081,567,0,0,0,28946.821868396117,19850.166038892068,59.33879467487472,59.603916889968836,0.5257344886213957,20.0,kinematic,False,0,0.0,,,,crowded~perturbed,event,1,0,14.059829999951035,4.875175000051968,9450.00000000005
crowded~p005,prm,1,0,completed,True,False,3,3,0,,21.235422000017934,7.078474000005978,4159.999999999999,25.00847800001793,166.34358956178846,208,1,2,3,12237.663518183987,11153.301774308995,58.72550260289057,59.57320392377861,-111.52391178960514,20.0,kinematic,False,0,0.0,,,,crowded~perturbed,once,0,0,21.235422000017934,7.367413999986638,4159.999999999999
crowded~p005,prm,1,0,completed,True,False,3,509,0,,2078.2256499998084,4.082958055009446,3933.3333333333244,2099.4631979999667,1.8734947757504758,236,0,0,0,12237.663518183987,10198.06354907955,58.18282217765105,58.35680183355663,0.5182944049946911,20.0,kinematic,False,0,0.0,,,,crowded~perturbed,cycle,275,22,21.166439999888098,36.040829000057784,3933.3333333333244
crowded~p005,prm,1,0,completed,True,False,3,635,0,,55.541624000625234,0.08746712441043344,4049.999999999991,74.44696699997166,54.40114168790157,243,0,0,0,12237.663518183987,10688.348106062896,58.927884722413346,59.14095913717156,0.8243079627600878,20.0,kinematic,False,0,0.0,,,,crowded~perturbed,event,3,0,21.47033400001419,7.430574999943929,4049.999999999991
crowded~p005,visibility,1,0,completed,True,False,3,3,0,,21.71915300004912,7.239717666683039,4339.999999999995,25.606645000038952,169.48725613970097,217,2,8,10,4749.264055236585,4329.999392594667,59.338669274553354,59.95626367738513,-133.34302725664818,20.0,kinematic,False,0,0.0,,,,crowded~perturbed,once,0,0,21.71915300004912,7.467107000024953,4339.999999999995
crowded~p005,visibility,1,0,completed,True,False,3,647,0,,2121.0345590009183,3.2782605239581426,4116.666666666657,2144.8131629999807,1.919359102080769,247,0,7,7,4749.264055236585,4936.56405240681,58.921907351493076,59.71123113691754,-62.42483073244138,20.0,kinematic,False,0,0.0,,,,crowded~perturbed,cycle,305,260,21.4424590001272,12.465915000007044,4116.666666666657
crowded~p005,visibility,1,0,completed,True,False,3,670,0,,491.55937199827804,0.7336707044750419,4383.333333333323,513.4000020000258,8.53785219372302,263,0,7,7,4749.264055236585,5013.890319500113,58.97833779265776,59.80117553559063,-79.56996284658567,20.0,kinematic,False,0,0.0,,,,crowded~perturbed,event,64,276,21.63563300007354,10.423466000020198,4383.333333333323
crowded~p006,voronoi,1,0,completed,True,False,3,3,0,,14.63506300001427,4.87835433333809,10379.999999999867,24.020649000021876,432.1282076929068,519,2,0,2,30768.470747219515,29481.0599813065,58.45392102564711,59.28480590044446,-145.64863865378084,20.0,kinematic,False,0,0.0,,,,crowded~perturbed,once,0,0,14.63506300001427,4.894870000043738,10379.999999999867
crowded~p006,voronoi,1,0,completed,True,False,3,564,0,,1470.370941002102,2.6070406755356417,3583.3333333333253,1491.1642260000235,2.40304405836334,215,0,0,0,30768.470747219515,13618.45864567582,58.808268438815325,59.98074929411272,0.5685536548120069,20.0,kinematic,False,0,0.0,,,,crowded~perturbed,cycle,285,1,14.472287999979017,20.877307999967343,3583.3333333333253
crowded~p006,voronoi,1,0,completed,True,False,3,1037,0,,73.85084899885896,0.07121586210111762,6099.999999999984,105.19048300000122,57.9900369884214,366,0,0,0,30768.470747219515,20184.44163514598,59.506151665542596,59.79751234532309,0.21438682048182045,20.0,kinematic,False,0,0.0,,,,crowded~perturbed,event,4,1,15.582599000026676,5.93907899997248,6099.999999999984
crowded~p006,prm,1,0,completed,True,False,3,3,0,,21.648436999953447,7.2161456666511485,3740.0000000000027,25.084946999982094,149.09339852313312,187,0,0,0,11920.896317544295,11072.691518341919,59.036156372695906,59.61009238701227,25.872046305494877,20.0,kinematic,False,0,0.0,,,,crowded~perturbed,once,0,0,21.648436999953447,7.260867000013604,3740.0000000000027
crowded~p006,prm,1,0,completed,True,False,3,351,0,,741.0695869994015,2.1113093646706598,2099.9999999999973,753.7654760000123,2.786012449315154,126,0,0,0,11920.896317544295,6974.437908439559,59.665534407841086,59.72317074407875,4.0648183281331,20.0,kinematic,False,0,0.0,,,,crowded~perturbed,cycle,93,22,31.58627699997396,17.806687999950555,2099.9999999999973
crowded~p006,prm,1,0,completed,True,False,3,504,0,,31.29282999964289,0.062088948411989864,3549.9999999999923,46.81565800001408,75.82933043467902,213,0,0,0,11920.896317544295,8546.04356825069,59.04367495312744,59.99248594777298,2.6479505577034104,20.0,kinematic,False,0,0.0,,,,crowded~perturbed,event,0,0,21.52194700011023,7.394012000077055,3549.9999999999923
crowded~p006,visibility,1,0,completed,True,False,3,3,0,,18.717883000022084,6.239294333340695,3480.0000000000027,21.95807500004321,158.48383794996397,174,2,5,7,4932.355767946943,4508.079354981679,58.4747685716558,59.551197969948674,-137.1774131116806,20.0,kinematic,False,0,0.0,,,,crowded~perturbed,once,0,0,18.717883000022084,6.3718870000002426,3480.0000000000027
crowded~p006,visibility,1,0,completed,True,False,3,575,0,,1363.1957340005556,2.3707751895661837,3483.3333333333258,1387.3000419999926,2.510872362053417,209,0,5,5,4932.355767946943,4680.205149053776,59.62533868200804,59.85305929979886,-68.41300966297945,20.0,kinematic,False,0,0.0,,,,crowded~perturbed,cycle,222,190,18.322245000035764,10.255535999931453,3483.3333333333258
crowded~p006,visibility,1,0,completed,True,False,3,651,0,,211.05752299979486,0.32420510445436995,4116.666666666657,231.12210900001173,17.811652396553928,247,0,4,4,4932.355767946943,4890.587887339719,59.89906261441049,59.992943657942185,-68.08811647796847,20.0,kinematic,False,0,0.0,,,,crowded~perturbed,event,29,151,18.392863999906695,6.54358899998897,4116.666666666657
crowded~p007,voronoi,1,0,completed,True,False,3,3,0,,14.400722999994287,4.8002409999980955,9839.99999999988,23.482510000008006,419.03527348637454,492,0,0,0,22508.618309355305,21408.91297944365,59.246082584444565,59.46528366125269,12.220580988648095,20.0,kinematic,False,0,0.0,,,,crowded~perturbed,once,0,0,14.400722999994287,4.931360000000495,9839.99999999988
crowded~p007,voronoi,1,0,completed,True,False,3,654,0,,1616.3134650009852,2.471427316515268,4033.3333333333244,1640.2617100000043,2.458957194905997,242,0,0,0,22508.618309355305,17258.52114653041,58.789979636079636,59.10123389641604,3.1549209296751712,20.0,kinematic,False,0,0.0,,,,crowded~perturbed,cycle,328,9,14.29873199992926,8.981279999943581,4033.3333333333244
crowded~p007,voronoi,1,0,completed,True,False,3,845,0,,76.53431800190447,0.09057315739870352,6066.666666666651,104.17011499998807,58.23807208686815,364,0,0,0,22508.618309355305,13623.032519333528,58.84477845359652,59.35160582069265,2.1066696760897514,20.0,kinematic,False,0,0.0,,,,crowded~perturbed,event,5,2,14.873666000084995,5.32369400002608,6066.666666666651
crowded~p007,prm,1,0,completed,True,False,3,3,0,,26.232174000028863,8.744058000009622,4779.999999999986,30.629950000047756,156.05640884142917,239,2,0,2,12787.602635555988,11708.34635934525,58.57503788522848,59.4420059353303,-109.74296506020134,20.0,kinematic,False,0,0.0,,,,crowded~perturbed,once,0,0,26.232174000028863,12.179111000023113,4779.999999999986
crowded~p007,prm,1,0,completed,True,False,3,400,0,,1339.5678380003346,3.3489195950008366,2899.9999999999945,1355.5925760000491,2.139285838048061,174,0,0,0,12787.602635555988,7287.0148812445095,59.05747638050266,59.66472619886893,0.6545921600532552,20.0,kinematic,False,0,0.0,,,,crowded~perturbed,cycle,175,21,22.116143999937776,12.262720000080662,2899.9999999999945
crowded~p007,prm,1,0,completed,True,False,3,623,0,,88.6739740012672,0.14233382664729888,4999.999999999987,109.42849400009891,45.69193833550764,300,0,0,0,12787.602635555988,9528.84370630695,58.89503357081941,59.88374580835711,0.06864008647394826,20.0,kinematic,False,0,0.0,,,,crowded~perturbed,event,7,28,21.340700999871842,7.742413999949349,4999.999999999987
crowded~p007,visibility,1,0,completed,True,False,3,3,0,,20.97919999982878,6.993066666609593,3600.0000000000027,24.408109999967564,147.49196066409021,180,1,5,6,5131.479432465025,4764.421068348238,58.824623043364255,59.88070918184298,-173.9718607930069,20.0,kinematic,False,0,0.0,,,,crowded~perturbed,once,0,0,20.97919999982878,7.351582999945094,3600.0000000000027
crowded~p007,visibility,1,0,completed,True,False,3,540,0,,1545.8140670000375,2.862618642592662,3366.6666666666597,1564.7218299999395,2.1516071432752937,202,1,4,5,5131.479432465025,4680.927486832254,59.46071989592401,59.98432329995631,-171.1800602901261,20.0,kinematic,False,0,0.0,,,,crowded~perturbed,cycle,219,192,20.22199099997124,11.174746000051528,3366.6666666666597
crowded~p007,visibility,1,0,completed,True,False,3,574,0,,323.4373850004886,0.5634797648092136,3599.9999999999923,341.6786630000388,10.536215426479773,216,1,4,5,5131.479432465025,4766.847997443735,58.722326383685534,59.227223913078674,-157.0360970453352,20.0,kinematic,False,0,0.0,,,,crowded~perturbed,event,42,180,20.72669599999699,7.44345299995075,3599.9999999999923
crowded~p008,voronoi,1,0,planning_failed,False,False,3,3,1,B5,14.354413999967619,4.784804666655873,5579.999999999969,19.087582999986807,292.33664629009473,279,0,0,0,12612.089126153753,11908.030745764529,377.24860828903826,1015.1888297257807,66.74093701694494,20.0,kinematic,False,0,0.0,,,,crowded~perturbed,once,0,0,14.354413999967619,4.895007999948575,
crowded~p008,voronoi,1,0,planning_failed,False,False,3,237,1,B5,308.7126300007412,1.3025849367119884,1999.9999999999977,317.21541299998535,6.304863881251855,120,0,0,0,12612.089126153753,4441.7782141547705,377.94013695331165,1015.1888297257807,2.811015979213664,20.0,kinematic,False,0,0.0,,,,crowded~perturbed,cycle,60,0,14.218367000012222,7.22773099994356,
crowded~p008,voronoi,1,0,planning_failed,False,False,3,422,1,B5,28.490778001128092,0.06751369194580116,3599.9999999999923,47.022387000083654,76.55927803055995,216,0,0,0,12612.089126153753,9295.469461940791,377.90233647299436,1015.1888297257807,1.6304923922950536,20.0,kinematic,False,0,0.0,,,,crowded~perturbed,event,0,0,14.410513999905561,4.886780999981966,
crowded~p008,prm,1,0,planning_failed,False,False,3,3,1,B5,14.44778600000518,4.815928666668394,4000.0000000000027,17.8787590000411,223.7291749383057,200,1,0,1,7199.828639951982,6673.997410994047,378.2297628721714,1015.1888297257807,-19.412669549687678,20.0,kinematic,False,0,0.0,,,,crowded~perturbed,once,0,0,14.44778600000518,7.218789000035031,
crowded~p008,prm,1,0,planning_failed,False,False,3,274,1,B5,875.322274999121,3.1946068430624854,2783.3333333333285,887.0052270000315,3.1378995845908695,167,0,0,0,7199.828639951982,5649.531980041988,377.69228538776355,1015.1888297257807,0.054382417183632015,20.0,kinematic,False,0,0.0,,,,crowded~perturbed,cycle,117,41,14.016659000049003,9.526036000011118,
crowded~p008,prm,1,0,planning_failed,False,False,3,354,1,B5,20.997260000058304,0.05931429378547544,4016.666666666658,33.57910600004743,119.6180346987494,241,0,0,0,7199.828639951982,6005.121914635703,378.26240369878843,1015.1888297257807,0.27659641799351675,20.0,kinematic,False,0,0.0,,,,crowded~perturbed,event,0,0,13.983836000079464,6.974603000003299,
crowded~p008,visibility,1,0,planning_failed,False,False,3,3,1,B5,13.573258000064925,4.524419333354975,2980.0000000000023,16.26164799995422,183.2532594487589,149,2,3,5,3250.721041039793,3060.661286147191,377.7939537942036,1015.1888297257807,-40.20412867996035,20.0,kinematic,False,0,0.0,,,,crowded~perturbed,once,0,0,13.573258000064925,7.065269000008811,
crowded~p008,visibility,1,0,planning_failed,False,False,3,318,1,B5,1022.7987220000614,3.21634818239013,2999.999999999994,1036.5983380000898,2.894081429638308,180,1,1,2,3250.721041039793,3156.7595933514367,377.6805605548737,1015.1888297257807,-39.72031946624375,20.0,kinematic,False,0,0.0,,,,crowded~perturbed,cycle,154,67,12.80238299989378,11.865704000001642,
crowded~p008,visibility,1,0,planning_failed,False,False,3,331,1,B5,167.28578999891397,0.5053951359483806,2999.999999999994,178.67996500001482,16.78979509538042,180,1,2,3,3250.721041039793,3110.7186641227054,377.8356226651909,1015.1888297257807,-39.72031946624375,20.0,kinematic,False,0,0.0,,,,crowded~perturbed,event,21,52,13.10204700007489,13.145022000003337,
crowded~p009,voronoi,1,0,completed,True,False,3,3,0,,14.166944999942643,4.722314999980881,5279.999999999975,19.31160899994211,273.41067230678726,264,0,0,0,13846.901114205684,13036.218442264977,58.57129018393016,58.8181563971211,34.327052357026474,20.0,kinematic,False,0,0.0,,,,crowded~perturbed,once,0,0,14.166944999942643,4.798601999937091,5279.999999999975
crowded~p009,voronoi,1,0,completed,True,False,3,400,0,,626.9841589996759,1.5674603974991896,2366.6666666666633,640.6480350000265,3.694176111328532,142,0,0,0,13846.901114205684,7271.166350997097,59.136669107446686,59.909699679007076,0.7049922893757241,20.0,kinematic,False,0,0.0,,,,crowded~perturbed,cycle,123,5,14.848888999836163,5.430999999930464,2366.6666666666633
crowded~p009,voronoi,1,0,completed,True,False,3,539,0,,31.629958999133123,0.05868266975720431,4349.99999999999,50.98055500002374,85.32665052387061,261,0,0,0,13846.901114205684,9797.157802667223,59.323657278161384,59.909699679007076,0.7049922893757241,20.0,kinematic,False,0,0.0,,,,crowded~perturbed,event,0,0,14.119207999897299,4.720253999948909,4349.99999999999
crowded~p009,prm,1,0,completed,True,False,3,3,0,,21.179482999968968,7.059827666656322,4000.0000000000027,24.78519999999662,161.38663395899763,200,1,0,1,11214.486790136621,10386.596007454333,58.592741002092254,59.528071476810055,-126.1875438254539,20.0,kinematic,False,0,0.0,,,,crowded~perturbed,once,0,0,21.179482999968968,7.278384999949594,4000.0000000000027
crowded~p009,prm,1,0,completed,True,False,3,447,0,,1339.5459440002924,2.99674707830043,3149.9999999999936,1357.4257349999925,2.3205689407384122,189,0,0,0,11214.486790136621,9052.197205952842,58.41891561726218,58.57088875003735,8.612223379089954,20.0,kinematic,False,0,0.0,,,,crowded~perturbed,cycle,176,29,20.815017999893826,18.03202999997211,3149.9999999999936
crowded~p009,prm,1,0,completed,True,False,3,605,0,,75.93764699845451,0.12551677189827193,3966.6666666666574,94.08698400000048,42.1595687100209,238,0,0,0,11214.486790136621,10955.063478485998,59.326101706659436,59.89990432840286,9.654802170102187,20.0,kinematic,False,0,0.0,,,,crowded~perturbed,event,6,8,20.841901000039798,7.5332540000090376,3966.6666666666574
crowded~p009,visibility,1,0,completed,True,False,3,3,0,,21.254607000059877,7.0848690000199595,3840.000000000003,24.701186000015696,155.45812253701354,192,2,4,6,4933.197690594702,4632.881445945379,58.984163630958705,59.69565325092727,-47.52678796712897,20.0,kinematic,False,0,0.0,,,,crowded~perturbed,once,0,0,21.254607000059877,7.411241999989215,3840.000000000003
crowded~p009,visibility,1,0,completed,True,False,3,506,0,,1684.988475000182,3.3300167490122172,3449.9999999999927,1703.5226449999072,2.025215226886626,207,0,3,3,4933.197690594702,4984.017207348331,59.32103211191631,59.61371983901304,-60.76884317561789,20.0,kinematic,False,0,0.0,,,,crowded~perturbed,cycle,241,87,21.169605999943997,13.987863000011203,3449.9999999999927
crowded~p009,visibility,1,0,completed,True,False,3,575,0,,380.3491749991963,0.6614768260855588,3949.999999999991,398.31462199992984,9.916783823217735,237,0,3,3,4933.197690594702,5337.839502202243,59.190356730614916,59.98463501939552,-83.27331285047042,20.0,kinematic,False,0,0.0,,,,crowded~perturbed,event,50,76,21.56799099998352,7.398586000022078,3949.999999999991
crowded~p010,voronoi,1,0,completed,True,False,3,3,0,,14.221183000017845,4.740394333339282,8599.999999999905,21.763704999898437,395.15330684918024,430,1,0,1,22679.277824602614,21513.372948227505,58.7572450515174,59.830452148368494,-5.290334406601829,20.0,kinematic,False,0,0.0,,,,crowded~perturbed,once,0,0,14.221183000017845,4.89394800001719,8599.999999999905
crowded~p010,voronoi,1,0,completed,True,False,3,523,0,,1120.0008990002743,2.141493114723278,3799.9999999999914,1139.666917999989,3.334307541951506,228,0,0,0,22679.277824602614,13553.83219478075,58.90106494041547,59.34473650541432,0.8384258488972876,20.0,kinematic,False,0,0.0,,,,crowded~perturbed,cycle,234,0,14.268454000102793,5.436876999965534,3799.9999999999914
crowded~p010,voronoi,1,0,completed,True,False,3,886,0,,43.6633169997549,0.04928139616225158,7783.333333333311,74.08298900008958,105.06235558778413,467,0,0,0,22679.277824602614,16990.762967944323,58.54074306168305,58.85912162955451,0.16402895349304458,20.0,kinematic,False,0,0.0,,,,crowded~perturbed,event,0,0,14.098617000058766,4.760942000075374,7783.333333333311
crowded~p010,prm,1,0,completed,True,False,3,3,0,,21.264098999949965,7.088032999983322,4619.999999999989,25.846677000004092,178.746381981686,231,1,0,1,12162.19344659128,11200.63733771651,58.73597115205835,59.16345387298447,-113.6250869077842,20.0,kinematic,False,0,0.0,,,,crowded~perturbed,once,0,0,21.264098999949965,7.1864970000206085,4619.999999999989
crowded~p010,prm,1,0,completed,True,False,3,330,0,,771.5834630009795,2.338131706063574,1999.9999999999977,784.1166299999713,2.5506409677857116,120,0,0,0,12162.19344659128,6491.344164070324,59.09141995667537,59.55150890508387,2.9432729255285324,20.0,kinematic,False,0,0.0,,,,crowded~perturbed,cycle,101,16,20.954816999960713,9.606553000025997,1999.9999999999977
crowded~p010,prm,1,0,completed,True,False,3,576,0,,83.66560800095613,0.1452527916683266,4033.3333333333244,101.47074600001815,39.74873046988935,242,0,0,0,12162.19344659128,9249.778175005647,59.47060756421996,59.97634866452131,2.057099968050636,20.0,kinematic,False,0,0.0,,,,crowded~perturbed,event,7,0,20.667604999971445,7.835665000015979,4033.3333333333244
crowded~p010,visibility,1,0,completed,True,False,3,3,0,,23.58572499974798,7.861908333249327,3680.0000000000027,26.90821800001686,136.76119317889044,184,0,4,4,4829.7822257720345,4466.927670349864,58.36972034946623,59.42826778738506,-41.480141231742266,20.0,kinematic,False,0,0.0,,,,crowded~perturbed,once,0,0,23.58572499974798,9.685124999919026,3680.0000000000027
crowded~p010,visibility,1,0,completed,True,False,3,450,0,,1044.0793230000054,2.3201762733333453,3049.999999999994,1060.3239050000184,2.8764795225473496,183,0,6,6,4829.7822257720345,4168.008762408905,58.69398354435173,59.23523795620628,-45.6669172650698,20.0,kinematic,False,0,0.0,,,,crowded~perturbed,cycle,148,124,21.528656000100455,11.580948999949214,3049.999999999994
crowded~p010,visibility,1,0,completed,True,False,3,527,0,,247.47378700101308,0.4695897286546738,3683.3333333333253,264.7042959999908,13.914898205254113,221,0,4,4,4829.7822257720345,4440.331852982417,59.41006502402464,59.94583171748183,-42.394093885664546,20.0,kinematic,False,0,0.0,,,,crowded~perturbed,event,31,76,20.64179199987848,7.391884000071514,3683.3333333333253
crowded~p011,voronoi,1,0,completed,True,False,3,3,0,,14.857684000048721,4.952561333349574,10079.999999999874,23.458211000047413,429.7002870329498,504,1,1,2,23063.991390821007,21915.666427310418,58.95227720138133,59.24431972456168,-115.58852850582888,20.0,kinematic,False,0,0.0,,,,crowded~perturbed,once,0,0,14.857684000048721,5.099094000001969,10079.999999999874
crowded~p011,voronoi,1,0,timed_out,False,True,3,2128,0,,1315.3584709963297,0.6181195822351173,30000.0,1407.5512320000598,21.31361141105429,1801,0,387,387,23063.991390821007,22300.199169592735,67.0757708593169,83.30141708150757,-2.612257265775469,20.0,kinematic,False,0,0.0,,,,crowded~perturbed,cycle,631,13,14.14715900000374,5.3898779999599356,
crowded~p011,voronoi,1,0,timed_out,False,True,3,2290,0,,1445.1079659985453,0.6310515135364827,30000.0,1538.4305620000305,19.500392634555194,1801,0,0,0,23063.991390821007,26299.484514091502,76.12638285061108,110.06315319068109,1.4512547477320084,20.0,kinematic,False,0,0.0,,,,crowded~perturbed,event,283,2,14.362834000053226,5.068402999995669,
crowded~p011,prm,1,0,planning_failed,False,False,3,3,1,B5,14.689619000023413,4.896539666674471,3660.0000000000027,17.837560999964808,205.1850025912861,183,1,1,2,6409.930623613207,5940.667778332567,388.92434985016763,1047.863063572717,-157.3857463170848,20.0,kinematic,False,0,0.0,,,,crowded~perturbed,once,0,0,14.689619000023413,7.357738999985486,
crowded~p011,prm,1,0,planning_failed,False,False,3,354,1,B5,1368.2054270012713,3.8649870819244954,3083.333333333327,1384.437923000064,2.227137296739006,185,0,0,0,6409.930623613207,5902.281665030068,388.9417938056988,1047.863063572717,1.0578930482678288,20.0,kinematic,False,0,0.0,,,,crowded~perturbed,cycle,186,13,14.079622000167547,8.362659999988864,
crowded~p011,prm,1,0,planning_failed,False,False,3,427,1,B5,58.77769499977603,0.13765268149830454,3999.9999999999905,73.1338919999871,54.69420388567172,240,0,0,0,6409.930623613207,6442.063362106224,388.3280843621403,1047.863063572717,0.3245016410250514,20.0,kinematic,False,0,0.0,,,,crowded~perturbed,event,5,0,14.312689999883332,7.603285000072901,
crowded~p011,visibility,1,0,planning_failed,False,False,3,3,1,B5,13.288771999896198,4.429590666632066,3820.0000000000027,16.668351000021175,229.17683938832042,191,2,2,4,3963.092606442525,3714.581491633672,387.71570806096116,1047.863063572717,-51.717215510204085,20.0,kinematic,False,0,0.0,,,,crowded~perturbed,once,0,0,13.288771999896198,6.681554000010692,
crowded~p011,visibility,1,0,planning_failed,False,False,3,391,1,B5,1479.7440000018014,3.784511508956014,3666.6666666666583,1495.756263999965,2.4513797835358715,220,1,2,3,3963.092606442525,3639.1443705834613,388.15633298686885,1047.863063572717,-51.30792892096483,20.0,kinematic,False,0,0.0,,,,crowded~perturbed,cycle,214,76,13.226308999946923,19.727650000049834,
crowded~p011,visibility,1,0,planning_failed,False,False,3,450,1,B5,217.7082369994423,0.4837960822209829,3816.666666666658,233.09508900001674,16.373861341481902,229,2,2,4,3963.092606442525,3712.162197812427,388.45994155051307,1047.863063572717,-51.30792892096483,20.0,kinematic,False,0,0.0,,,,crowded~perturbed,event,28,81,13.189355999998043,12.117874999944434,
crowded~p012,voronoi,1,0,completed,True,False,3,3,0,,14.628465000100732,4.876155000033577,10379.999999999867,24.421298999982355,425.03881550311337,519,0,0,0,27306.08919402703,26096.87963896844,58.788281410867796,59.575457755202756,57.771284958345234,20.0,kinematic,False,0,0.0,,,,crowded~perturbed,once,0,0,14.628465000100732,4.9945979999392875,10379.999999999867
crowded~p012,voronoi,1,0,completed,True,False,3,635,0,,1968.6770339989152,3.100278793699079,4549.999999999989,1994.4393580000224,2.281342865477055,273,0,6,6,27306.08919402703,13611.479134123067,58.81164865316049,59.2180791103539,-3.1876774167123756,20.0,kinematic,False,0,0.0,,,,crowded~perturbed,cycle,411,0,14.383002000045053,9.863149000011617,4549.999999999989
crowded~p012,voronoi,1,0,completed,True,False,3,982,0,,53.45529499777513,0.05443512728897671,8816.666666666684,87.64227100004973,100.59833646553592,529,0,0,0,27306.08919402703,17687.856256722316,59.2085266999218,59.91002069463937,0.09798942833182878,20.0,kinematic,False,0,0.0,,,,crowded~perturbed,event,1,0,14.646127999867531,5.4299490000175865,8816.666666666684
crowded~p012,prm,1,0,completed,True,False,3,3,0,,21.86971099990842,7.28990366663614,4559.999999999991,25.995418999968933,175.415522250495,228,1,0,1,11831.445238195809,10855.210639655776,59.29694455660109,59.57940600303828,-120.91535552476388,20.0,kinematic,False,0,0.0,,,,crowded~perturbed,once,0,0,21.86971099990842,7.512163000001237,4559.999999999991
crowded~p012,prm,1,0,completed,True,False,3,442,0,,1518.5713869989286,3.4356818710383,3666.6666666666583,1537.7005390000704,2.384512831770875,220,0,0,0,11831.445238195809,9376.045270163198,58.77902819213713,59.608654780475206,1.3305543725090558,20.0,kinematic,False,0,0.0,,,,crowded~perturbed,cycle,203,19,21.108043999902293,11.304874999950698,3666.6666666666583
crowded~p012,prm,1,0,completed,True,False,3,607,0,,54.72239699884085,0.09015221910846928,3983.333333333324,73.06148800000756,54.52028753278214,239,0,0,0,11831.445238195809,10661.344788110095,58.94726657785943,59.7345522718123,1.140066875375254,20.0,kinematic,False,0,0.0,,,,crowded~perturbed,event,3,0,20.69435699991118,7.947531000013441,3983.333333333324
crowded~p012,visibility,1,0,completed,True,False,3,3,0,,23.718004999977893,7.906001666659297,3760.0000000000027,27.237080000077185,138.04710343360404,188,0,5,5,5086.187567059547,4623.890798770266,59.23612313324089,59.57965366512871,-75.70525120600148,20.0,kinematic,False,0,0.0,,,,crowded~perturbed,once,0,0,23.718004999977893,10.045764999972562,3760.0000000000027
crowded~p012,visibility,1,0,completed,True,False,3,560,0,,1782.81901599928,3.1836053857130002,3549.9999999999923,1803.421622999963,1.9684803346732775,213,1,5,6,5086.187567059547,4514.976399337878,58.95401428487185,59.61867641175601,-73.81367746678936,20.0,kinematic,False,0,0.0,,,,crowded~perturbed,cycle,257,176,21.454148000088935,11.550937000038175,3549.9999999999923
crowded~p012,visibility,1,0,completed,True,False,3,579,0,,624.6287579988348,1.0788061450757078,3783.333333333325,643.4203559999787,5.880033632839322,227,0,5,5,5086.187567059547,4627.700589881987,59.520460712395504,59.87555702093945,-74.0197997117916,20.0,kinematic,False,0,0.0,,,,crowded~perturbed,event,84,145,21.103194999909647,11.560458999952061,3783.333333333325
crowded~p013,voronoi,1,0,completed,True,False,3,3,0,,14.329416000009587,4.776472000003196,8819.9999999999,21.94649099999424,401.8865703862278,441,0,0,0,23208.102387344145,21883.32192737641,58.97252007576714,59.693956052758686,54.44194726350898,20.0,kinematic,False,0,0.0,,,,crowded~perturbed,once,0,0,14.329416000009587,4.89836600002036,8819.9999999999
crowded~p013,voronoi,1,0,completed,True,False,3,479,0,,943.6205479998989,1.969980267223171,3049.999999999994,960.8240349999733,3.1743585598377324,183,0,0,0,23208.102387344145,11438.6904298713,58.66653336127346,58.87470794838833,0.777767118015845,20.0,kinematic,False,0,0.0,,,,crowded~perturbed,cycle,193,0,14.300293000019337,9.705166999992798,3049.999999999994
crowded~p013,voronoi,1,0,completed,True,False,3,886,0,,48.20873399978609,0.05441166365664344,7966.666666666643,78.2867199999373,101.76268295150216,478,0,0,0,23208.102387344145,17325.417045739803,59.566628978683774,59.784874819165964,0.3765554074455508,20.0,kinematic,False,0,0.0,,,,crowded~perturbed,event,1,0,14.346953000085705,4.835912000089593,7966.666666666643
crowded~p013,prm,1,0,completed,True,False,3,3,0,,21.144878999848515,7.048292999949505,4619.999999999989,25.30609599989475,182.5647069393558,231,1,0,1,11490.02385835259,10529.803867552568,58.718913440777875,59.596344056289745,-121.01385131141774,20.0,kinematic,False,0,0.0,,,,crowded~perturbed,once,0,0,21.144878999848515,7.279696999944463,4619.999999999989
crowded~p013,prm,1,0,completed,True,False,3,495,0,,914.532410000561,1.8475402222233555,3249.999999999993,933.0826259999867,3.483078464264578,195,1,0,1,11490.02385835259,9228.194395038703,58.48408547660889,58.635439117306426,-148.13548380958184,20.0,kinematic,False,0,0.0,,,,crowded~perturbed,cycle,120,135,21.124571999962427,11.717641000018375,3249.999999999993
crowded~p013,prm,1,0,completed,True,False,3,556,0,,66.83489400188591,0.12020664388828402,3349.999999999993,83.39271799991366,40.17137323673107,201,0,0,0,11490.02385835259,9911.699698362661,58.29752492409526,58.648349721185504,2.15718651351321,20.0,kinematic,False,0,0.0,,,,crowded~perturbed,event,5,0,20.888043000013568,7.609666000007564,3349.999999999993
crowded~p013,visibility,1,0,completed,True,False,3,3,0,,21.322997000083888,7.107665666694629,3720.0000000000027,24.655625000036707,150.87834926084673,186,1,6,7,5333.902077321544,4806.820713221845,59.18358312743169,59.69850215484331,-72.39051023618086,20.0,kinematic,False,0,0.0,,,,crowded~perturbed,once,0,0,21.322997000083888,7.360743000049297,3720.0000000000027
crowded~p013,visibility,1,0,completed,True,False,3,565,0,,1714.8762360009187,3.035179178762688,3333.333333333326,1734.3448730000546,1.92195530728981,200,0,5,5,5333.902077321544,4837.007832693394,59.236147924839,59.59286912211158,-73.61684666686965,20.0,kinematic,False,0,0.0,,,,crowded~perturbed,cycle,256,185,21.04506900002434,10.855913999989752,3333.333333333326
crowded~p013,visibility,1,0,completed,True,False,3,650,0,,308.9799959998345,0.4753538399997454,4183.333333333324,329.20855500003654,12.707243690349602,251,0,5,5,5333.902077321544,5103.739826142036,59.10424712907153,59.69223909555087,-93.46821749576412,20.0,kinematic,False,0,0.0,,,,crowded~perturbed,event,42,221,21.212771000023167,7.212774999970861,4183.333333333324
crowded~p014,voronoi,1,0,completed,True,False,3,3,0,,14.214039000080447,4.7380130000268155,9139.999999999894,22.019500000055814,415.0866277606997,457,1,0,1,22516.7227179357,21373.979752537918,58.81112036092063,59.67830923745247,-5.82814736921182,20.0,kinematic,False,0,0.0,,,,crowded~perturbed,once,0,0,14.214039000080447,4.787050000004456,9139.999999999894
crowded~p014,voronoi,1,0,completed,True,False,3,472,0,,946.6083350006329,2.005526133475917,2966.666666666661,963.2482350000373,3.0798568415404843,178,0,0,0,22516.7227179357,10672.668193465319,59.96763313816141,59.980698739801326,0.11001724647266542,20.0,kinematic,False,0,0.0,,,,crowded~perturbed,cycle,194,2,14.027030999841372,9.041053000032662,2966.666666666661
crowded~p014,voronoi,1,0,completed,True,False,3,949,0,,49.88425900000948,0.05256507797682769,7883.33333333331,80.7532489999403,97.62249111907731,473,0,0,0,22516.7227179357,17084.82345056117,59.35276552089501,59.72004688122877,0.16797225184657805,20.0,kinematic,False,0,0.0,,,,crowded~perturbed,event,1,0,14.018498999917028,4.729469999915636,7883.33333333331
crowded~p014,prm,1,0,completed,True,False,3,3,0,,20.830472000056943,6.943490666685648,4479.999999999993,24.817156000040086,180.5202820175187,224,2,1,3,11546.313000297587,10632.677236889362,58.667464043047886,58.99600053921791,-22.035449424557754,20.0,kinematic,False,0,0.0,,,,crowded~perturbed,once,0,0,20.830472000056943,7.076675000007526,4479.999999999993
crowded~p014,prm,1,0,completed,True,False,3,415,0,,1119.5849270005738,2.6977950048206596,3099.999999999994,1135.7736370000566,2.7294171118358506,186,0,0,0,11546.313000297587,8354.223124741795,59.64541279944075,59.92689465215168,0.782324207482759,20.0,kinematic,False,0,0.0,,,,crowded~perturbed,cycle,151,30,20.453047000046354,11.250544999938938,3099.999999999994
crowded~p014,prm,1,0,completed,True,False,3,775,0,,93.27430199846276,0.1203539380625326,4966.666666666654,116.57903799994074,42.60342812804116,298,0,0,0,11546.313000297587,12551.3038605634,58.848655562124804,59.592630584439526,0.7977229313193845,20.0,kinematic,False,0,0.0,,,,crowded~perturbed,event,8,0,20.75571199998194,7.5764350000326885,4966.666666666654
crowded~p014,visibility,1,0,completed,True,False,3,3,0,,20.29465100008565,6.764883666695217,3680.0000000000027,23.6675619999005,155.48707551776874,184,0,11,11,5397.618131793228,4909.2672451304925,58.3768408044798,59.072885927487455,-70.52862392051966,20.0,kinematic,False,0,0.0,,,,crowded~perturbed,once,0,0,20.29465100008565,7.182800999999017,3680.0000000000027
crowded~p014,visibility,1,0,completed,True,False,3,663,0,,1860.7126489985149,2.806504749620686,3999.9999999999905,1883.5939200000666,2.1235999742448994,240,0,9,9,5397.618131793228,5229.952725530013,58.82722658262441,59.62468259802116,-69.66866262945476,20.0,kinematic,False,0,0.0,,,,crowded~perturbed,cycle,273,299,20.13813799987929,11.172978999979932,3999.9999999999905
crowded~p014,visibility,1,0,completed,True,False,3,664,0,,612.7369209998506,0.9227965677708593,3999.9999999999905,633.7505390000615,6.311631712868022,240,0,8,8,5397.618131793228,5293.740651267525,59.053315470481,59.62468259802116,-69.66866262945476,20.0,kinematic,False,0,0.0,,,,crowded~perturbed,event,85,276,20.444794000013644,11.462974999972175,3999.9999999999905
crowded~p015,voronoi,1,0,completed,True,False,3,3,0,,14.473354999950061,4.82445166665002,9559.999999999885,22.799394000003304,419.30939041618825,478,0,0,0,21370.50272757766,20255.814624777893,58.54650582775181,59.10622638233357,19.82553860123005,20.0,kinematic,False,0,0.0,,,,crowded~perturbed,once,0,0,14.473354999950061,4.914805999987948,9559.999999999885
crowded~p015,voronoi,1,0,completed,True,False,3,441,0,,812.3577749995547,1.8420811224479698,2633.333333333329,827.7354610000884,3.181370688349726,158,0,0,0,21370.50272757766,9143.940854952412,59.15734427983469,59.84500075777794,4.5707991927582725,20.0,kinematic,False,0,0.0,,,,crowded~perturbed,cycle,161,3,14.459356000088519,9.385223999970549,2633.333333333329
crowded~p015,voronoi,1,0,completed,True,False,3,789,0,,59.77155100265463,0.07575608492098179,5916.666666666651,85.04626800004189,69.56997415411263,355,0,0,0,21370.50272757766,15644.522235147646,59.170748950462404,59.5414590115385,3.014579720462251,20.0,kinematic,False,0,0.0,,,,crowded~perturbed,event,3,1,14.365500999929282,4.932748999976866,5916.666666666651
crowded~p015,prm,1,0,completed,True,False,3,3,0,,22.031942000126037,7.343980666708679,3740.0000000000027,25.455159999978605,146.9250242388241,187,2,1,3,10299.13481978672,9477.84316269483,59.002299967484866,59.96178582861364,-27.750079218565332,20.0,kinematic,False,0,0.0,,,,crowded~perturbed,once,0,0,22.031942000126037,7.710264000024836,3740.0000000000027
crowded~p015,prm,1,0,completed,True,False,3,370,0,,842.778983000926,2.2777810351376377,2349.9999999999964,856.8793309999592,2.7425098435477473,141,0,0,0,10299.13481978672,6920.896575871044,59.70571175815903,59.865014713910725,0.8584411409955521,20.0,kinematic,False,0,0.0,,,,crowded~perturbed,cycle,108,30,20.81519599994408,12.63510400008272,2349.9999999999964
crowded~p015,prm,1,0,completed,True,False,3,579,0,,47.03941599734662,0.0812425146759009,4466.666666666656,65.12518700003511,68.58585552567008,268,0,0,0,10299.13481978672,9451.34041725973,59.35981802354519,59.64587539794731,2.7000415697638687,20.0,kinematic,False,0,0.0,,,,crowded~perturbed,event,2,0,20.998727999995026,7.374388000016552,4466.666666666656
crowded~p015,visibility,1,0,completed,True,False,3,3,0,,18.115726000019094,6.038575333339698,3580.0000000000027,21.422830999995313,167.11143359161008,179,0,4,4,5403.045006879804,4989.355528180002,58.08156308145249,58.785793646490355,-52.05207423205624,20.0,kinematic,False,0,0.0,,,,crowded~perturbed,once,0,0,18.115726000019094,6.321590999959881,3580.0000000000027
crowded~p015,visibility,1,0,completed,True,False,3,565,0,,1692.7148710012716,2.995955523896056,3633.3333333333253,1713.3449149999933,2.120608233359329,218,0,3,3,5403.045006879804,4945.562069213558,59.247014280557885,59.620743213462994,-53.37711816933523,20.0,kinematic,False,0,0.0,,,,crowded~perturbed,cycle,264,137,17.60550799997418,10.809881000000132,3633.3333333333253
crowded~p015,visibility,1,0,completed,True,False,3,611,0,,266.70914899898435,0.43651251881994163,3633.3333333333253,285.39605200001006,12.730846512667236,218,0,3,3,5403.045006879804,4994.3507581271815,59.21034226030158,59.620743213462994,-53.37711816933523,20.0,kinematic,False,0,0.0,,,,crowded~perturbed,event,36,101,18.32549599998856,10.623713000086354,3633.3333333333253
crowded~p016,voronoi,1,0,completed,True,False,3,3,0,,13.97834400006559,4.659448000021864,6939.99999999994,20.07611400006226,345.6844287683571,347,0,0,0,16163.793883255745,14867.666135967145,58.81096420169582,59.565881736440176,28.118760836892676,20.0,kinematic,False,0,0.0,,,,crowded~perturbed,once,0,0,13.97834400006559,4.7828729999537245,6939.99999999994
crowded~p016,voronoi,1,0,completed,True,False,3,430,0,,774.2132400013588,1.8004959069799042,2633.333333333329,789.3590880000829,3.336039799079443,158,0,0,0,16163.793883255745,7596.517015446789,58.559501220544256,58.82728224210407,0.6958734974444098,20.0,kinematic,False,0,0.0,,,,crowded~perturbed,cycle,160,0,13.896010000053138,8.83823799995298,2633.333333333329
crowded~p016,voronoi,1,0,completed,True,False,3,636,0,,39.283415000454625,0.06176637578687834,4449.999999999989,59.257374000026175,75.0961390897616,267,0,0,0,16163.793883255745,10628.94816150739,59.026539677861514,59.6084093593155,1.4952616206581126,20.0,kinematic,False,0,0.0,,,,crowded~perturbed,event,1,0,14.187520000177756,4.93473900007757,4449.999999999989
crowded~p016,prm,1,0,completed,True,False,3,3,0,,21.61172500007069,7.203908333356897,3940.000000000003,25.191158999973595,156.4040781134418,197,1,0,1,11366.976942396337,10515.65200486032,58.62603956395488,59.390098019184414,-37.067738472760084,20.0,kinematic,False,0,0.0,,,,crowded~perturbed,once,0,0,21.61172500007069,7.493392000014865,3940.000000000003
crowded~p016,prm,1,0,completed,True,False,3,398,0,,1110.319184000332,2.7897466934681705,2883.333333333328,1126.998925999942,2.5584171083171703,173,0,0,0,11366.976942396337,7523.413675486735,59.46571879017376,59.85070814479256,0.5564452157728397,20.0,kinematic,False,0,0.0,,,,crowded~perturbed,cycle,142,16,21.08470800010309,11.460454999905778,2883.333333333328
crowded~p016,prm,1,0,completed,True,False,3,566,0,,74.74616599961337,0.1320603639569141,3266.66666666666,91.83494500007328,35.57106357132412,196,0,0,0,11366.976942396337,9985.082055525889,58.514475136155596,58.9637486922679,0.3486346120949406,20.0,kinematic,False,0,0.0,,,,crowded~perturbed,event,5,0,24.190936999957557,9.451985000055174,3266.66666666666
crowded~p016,visibility,1,0,completed,True,False,3,3,0,,24.260507000121834,8.086835666707278,3860.000000000003,28.747761999966315,134.27132171208757,193,3,6,9,5469.28757495627,5084.6025607890915,58.849908632292774,59.38471185167518,-154.34838330909432,20.0,kinematic,False,0,0.0,,,,crowded~perturbed,once,0,0,24.260507000121834,8.3011469999974,3860.000000000003
crowded~p016,visibility,1,0,completed,True,False,3,897,0,,2422.47947700082,2.7006460167233226,6233.333333333317,2459.016525000038,2.5348887532722943,374,2,10,12,5469.28757495627,7340.233344325272,58.462892584667294,58.8569637864588,-172.20927277353582,20.0,kinematic,False,0,0.0,,,,crowded~perturbed,cycle,325,391,23.069017000011627,12.541052999949898,6233.333333333317
crowded~p016,visibility,1,0,completed,True,False,3,927,0,,480.12915300148507,0.5179386763770065,6283.333333333317,510.8172029999878,12.300551540613379,377,2,8,10,5469.28757495627,7278.136104795358,59.07615813167962,59.45569434338608,-149.30841339400547,20.0,kinematic,False,0,0.0,,,,crowded~perturbed,event,61,361,23.078007999970396,11.720144999912918,6283.333333333317
crowded~p017,voronoi,1,0,planning_failed,False,False,3,3,1,B5,14.838200999975015,4.946066999991672,10479.999999999865,24.45397100007085,428.5602530554036,524,0,0,0,21092.63184839622,20247.656138302264,372.71010466856256,999.4551765837225,100.10942504671277,20.0,kinematic,False,0,0.0,,,,crowded~perturbed,once,0,0,14.838200999975015,4.989098999999442,
crowded~p017,voronoi,1,0,planning_failed,False,False,3,340,1,B5,820.4584580010987,2.4131131117679376,2833.333333333328,835.4525519999925,3.391375520429739,170,0,0,0,21092.63184839622,10263.571017226343,372.9856186875618,999.4551765837225,5.434434412639774,20.0,kinematic,False,0,0.0,,,,crowded~perturbed,cycle,144,0,14.590072000032706,11.550596999995832,
crowded~p017,voronoi,1,0,planning_failed,False,False,3,751,1,B5,41.36015000142379,0.0550734354213366,6899.999999999981,67.51299300003666,102.20254936699718,414,0,0,0,21092.63184839622,14653.350501999044,372.2088127887533,999.4551765837225,0.9829254458379069,20.0,kinematic,False,0,0.0,,,,crowded~perturbed,event,0,0,15.060115999972368,5.467855000006239,
crowded~p017,prm,1,0,planning_failed,False,False,3,3,1,B5,15.287373999967713,5.095791333322571,4759.999999999986,19.47001199994247,244.4785344772284,238,1,0,1,9089.448920604686,8249.210011595547,372.3712083319483,999.4551765837225,-159.6322001869637,20.0,kinematic,False,0,0.0,,,,crowded~perturbed,once,0,0,15.287373999967713,7.7823780000016995,
crowded~p017,prm,1,0,planning_failed,False,False,3,255,1,B5,1128.5374200014076,4.42563694118199,2766.6666666666615,1142.5478920000387,2.4214885748234067,166,0,0,0,9089.448920604686,5099.735396664275,372.59597971963643,999.4551765837225,2.0209123396109305,20.0,kinematic,False,0,0.0,,,,crowded~perturbed,cycle,142,5,21.629418000088663,13.929591999954027,
crowded~p017,prm,1,0,planning_failed,False,False,3,462,1,B5,53.6266520002755,0.11607500432960065,4016.666666666658,69.03757800000676,58.18087457625273,241,0,0,0,9089.448920604686,7626.346452433047,372.646718027512,999.4551765837225,1.4241742650314961,20.0,kinematic,False,0,0.0,,,,crowded~perturbed,event,4,0,14.636372000154552,7.724161000055574,
crowded~p017,visibility,1,0,planning_failed,False,False,3,3,1,B5,13.621415999978126,4.540471999992708,3880.000000000003,17.07386900000074,227.2478487447593,194,2,2,4,4038.91533130032,3725.6822640438877,372.3976541611034,999.4551765837225,-67.56323465626132,20.0,kinematic,False,0,0.0,,,,crowded~perturbed,once,0,0,13.621415999978126,6.831473000033839,
crowded~p017,visibility,1,0,planning_failed,False,False,3,432,1,B5,1623.3147979984324,3.75767314351489,3899.999999999991,1642.9017639999302,2.3738485680998735,234,1,2,3,4038.91533130032,3701.5673542933787,372.54619559467136,999.4551765837225,-67.2230724342397,20.0,kinematic,False,0,0.0,,,,crowded~perturbed,cycle,222,141,13.23357199999009,17.31338800004778,
crowded~p017,visibility,1,0,planning_failed,False,False,3,468,1,B5,334.86915099956605,0.7155323739306967,3899.999999999991,351.9291530000146,11.08177588231751,234,2,2,4,4038.91533130032,3725.2907277494537,372.4295073586066,999.4551765837225,-67.2230724342397,20.0,kinematic,False,0,0.0,,,,crowded~perturbed,event,45,163,13.300564000019222,7.304912999984481,
crowded~p018,voronoi,1,0,completed,True,False,3,3,0,,14.479264999977204,4.826421666659068,9019.999999999896,22.719884999901296,397.00905176408605,451,1,0,1,23088.23643920146,21983.44591621672,58.48324744234001,59.411407268101414,-80.02035984240788,20.0,kinematic,False,0,0.0,,,,crowded~perturbed,once,0,0,14.479264999977204,4.9369639999667925,9019.999999999896
crowded~p018,voronoi,1,0,completed,True,False,3,493,0,,1108.911956000611,2.2493143123744646,3383.333333333326,1129.184218999967,2.996263387677954,203,0,0,0,23088.23643920146,9864.191713265996,58.61667260463762,58.954974817421885,1.2980216617073381,20.0,kinematic,False,0,0.0,,,,crowded~perturbed,cycle,224,2,15.086864999943828,7.378532000075211,3383.333333333326
crowded~p018,voronoi,1,0,completed,True,False,3,950,0,,64.13595800188432,0.0675115347388256,6299.999999999983,94.02189200000066,67.00567140257014,378,0,0,0,23088.23643920146,19328.939793093305,58.54304348363403,59.327991767375615,0.2900724452270538,20.0,kinematic,False,0,0.0,,,,crowded~perturbed,event,2,2,14.380335999931049,4.874226000083581,6299.999999999983
crowded~p018,prm,1,0,completed,True,False,3,3,0,,22.422560999984853,7.474186999994951,3980.000000000003,26.23038000001543,151.73245679237823,199,1,2,3,11580.765768076892,10737.54988546814,58.75940625151375,59.37317192100588,-72.1007044177707,20.0,kinematic,False,0,0.0,,,,crowded~perturbed,once,0,0,22.422560999984853,7.719677999943997,3980.000000000003
crowded~p018,prm,1,0,completed,True,False,3,505,0,,1784.158171999934,3.53298647920779,3916.6666666666574,1807.8218539999398,2.1665114059777197,235,0,0,0,11580.765768076892,9765.398899655127,59.40748722251738,59.99198210369152,0.36281285306552036,20.0,kinematic,False,0,0.0,,,,crowded~perturbed,cycle,235,22,21.87590400001227,13.847908000002462,3916.6666666666574
crowded~p018,prm,1,0,completed,True,False,3,683,0,,73.6895829986679,0.10789104392191494,4099.999999999991,94.44697699996141,43.410600637876065,246,0,0,0,11580.765768076892,11267.657201135726,58.70386440767714,59.116862556642346,1.5596325274744345,20.0,kinematic,False,0,0.0,,,,crowded~perturbed,event,5,13,21.581649999916408,7.8326569999944695,4099.999999999991
crowded~p018,visibility,1,0,completed,True,False,3,3,0,,22.144849000028444,7.381616333342815,3580.0000000000027,25.408341999991535,140.8986072369931,179,2,5,7,5523.484560677217,5115.246953660273,59.19852633859353,59.65201249953,-161.83276508708917,20.0,kinematic,False,0,0.0,,,,crowded~perturbed,once,0,0,22.144849000028444,7.758807999948658,3580.0000000000027
crowded~p018,visibility,1,0,completed,True,False,3,673,0,,2390.4280519992653,3.551899037146011,3883.3333333333244,2414.8155069999575,1.6081283734001601,233,1,6,7,5523.484560677217,5814.987269709456,58.95914297656,59.64018125419472,-63.53550558172442,20.0,kinematic,False,0,0.0,,,,crowded~perturbed,cycle,336,180,22.137482999823987,13.373038999930031,3883.3333333333244
crowded~p018,visibility,1,0,completed,True,False,3,692,0,,541.0398449988634,0.7818494869925772,4049.999999999991,562.3424850000447,7.20201675674508,243,1,6,7,5523.484560677217,5685.686616851801,59.205991867261254,59.64018125419472,-60.45150824980092,20.0,kinematic,False,0,0.0,,,,crowded~perturbed,event,74,187,21.610436000059963,7.669870999961859,4049.999999999991
crowded~p019,voronoi,1,0,completed,True,False,3,3,0,,14.402208000092287,4.800736000030763,10219.99999999987,23.451329000067744,435.796197305933,511,2,0,2,27522.735616737482,26194.588184217195,58.80781998912852,59.836454087288516,-105.32066494995834,20.0,kinematic,False,0,0.0,,,,crowded~perturbed,once,0,0,14.402208000092287,4.917692000049101,10219.99999999987
crowded~p019,voronoi,1,0,completed,True,False,3,557,0,,1271.542184000623,2.2828405457820877,3533.3333333333258,1291.6693470000382,2.735478194585678,212,0,0,0,27522.735616737482,13962.136954719987,58.676564611272134,59.75574829583853,2.0907159273856735,20.0,kinematic,False,0,0.0,,,,crowded~perturbed,cycle,263,0,14.271938000092632,9.087220000083107,3533.3333333333258
crowded~p019,voronoi,1,0,completed,True,False,3,944,0,,50.421714000776774,0.0534128326279415,7149.99999999998,81.07075299994904,88.19456752800205,429,0,0,0,27522.735616737482,17918.00996179688,58.607342468926994,58.87744086776764,2.159777959122664,20.0,kinematic,False,0,0.0,,,,crowded~perturbed,event,0,0,18.82443699992109,9.251630999983718,7149.99999999998
crowded~p019,prm,1,0,completed,True,False,3,3,0,,21.58401799999865,7.194672666666217,4060.0000000000014,25.341007999941212,160.21462129720413,203,1,1,2,11891.188143642361,11017.376061307185,58.83023108543765,59.65887214401741,-126.44759862832434,20.0,kinematic,False,0,0.0,,,,crowded~perturbed,once,0,0,21.58401799999865,7.373755999992682,4060.0000000000014
crowded~p019,prm,1,0,completed,True,False,3,442,0,,1287.4283320002178,2.9127337828059225,3199.9999999999936,1306.935027999998,2.448476727184328,192,0,0,0,11891.188143642361,8901.99110661401,59.52095881071113,59.995939602865384,4.645161103927194,20.0,kinematic,False,0,0.0,,,,crowded~perturbed,cycle,166,39,21.324281999909545,18.073774999948,3199.9999999999936
crowded~p019,prm,1,0,completed,True,False,3,646,0,,55.84379799870476,0.08644550773793307,3833.3333333333244,75.12379199999941,51.02688817057257,230,0,0,0,11891.188143642361,11076.432150618028,58.63612508022779,58.98088664451077,4.561659857803846,20.0,kinematic,False,0,0.0,,,,crowded~perturbed,event,2,0,21.55131800009258,14.03101300002163,3833.3333333333244
crowded~p019,visibility,1,0,completed,True,False,3,3,0,,20.399511000050552,6.799837000016851,3280.0000000000023,23.563128999967375,139.20052807946448,164,0,3,3,5172.962550540182,4738.503145480849,59.35925966873695,59.964401176576544,-79.17556266629049,20.0,kinematic,False,0,0.0,,,,crowded~perturbed,once,0,0,20.399511000050552,7.034535999991931,3280.0000000000023
crowded~p019,visibility,1,0,completed,True,False,3,515,0,,2029.5058830000698,3.9407881223302326,3166.66666666666,2050.6992489999902,1.5441887288986251,190,0,3,3,5172.962550540182,4601.463370361769,59.230117531584646,59.96109928539051,-79.14859148688046,20.0,kinematic,False,0,0.0,,,,crowded~perturbed,cycle,272,130,20.016639999994368,13.859673999945699,3166.66666666666
crowded~p019,visibility,1,0,completed,True,False,3,592,0,,368.3830720003698,0.6222687027033273,3683.3333333333253,386.73753199998373,9.524116561134491,221,0,3,3,5172.962550540182,4748.033328393716,59.52286613311305,59.90802858141378,-79.14859148688046,20.0,kinematic,False,0,0.0,,,,crowded~perturbed,event,48,128,19.744111000022713,8.86923600000955,3683.3333333333253
snapshot_1787566435,voronoi,1,0,completed,True,False,3,3,0,,13.440672000001541,4.480224000000514,5979.999999999961,18.76467199997478,318.68396100971006,299,0,0,0,14135.051375600542,13344.563131450486,58.1445406143314,58.632922461422886,114.65139913895848,20.0,kinematic,False,0,0.0,,,,snapshot_1787566435,once,0,0,13.440672000001541,4.559146000019609,5979.999999999961
snapshot_1787566435,voronoi,1,0,completed,True,False,3,366,0,,260.8966299998201,0.7128323224038801,2283.3333333333303,272.70704600005047,8.372843191345,137,0,0,0,14135.051375600542,8099.158183936807,58.862026339072116,59.80126307799503,8.387805821580287,20.0,kinematic,False,0,0.0,,,,snapshot_1787566435,cycle,53,0,13.292977999981304,8.942559000047368,2283.3333333333303
snapshot_1787566435,voronoi,1,0,completed,True,False,3,428,0,,26.716606001059517,0.062421976637989526,2683.3333333333285,39.694465999900785,67.59968337500838,161,0,0,0,14135.051375600542,9182.978664993174,59.12295921233277,59.74582956347937,1.9783441292636041,20.0,kinematic,False,0,0.0,,,,snapshot_1787566435,event,0,0,13.323711000225558,4.509882000093057,2683.3333333333285
snapshot_1787566435,prm,1,0,completed,True,False,3,3,0,,19.584758999940277,6.528252999980093,3520.0000000000027,22.826497999972162,154.206746913359,176,0,0,0,11164.864366004127,10460.874719914777,58.68439083011279,59.63670774283948,15.17613183107261,20.0,kinematic,False,0,0.0,,,,snapshot_1787566435,once,0,0,19.584758999940277,6.703044999994745,3520.0000000000027
snapshot_1787566435,prm,1,0,completed,True,False,3,374,0,,591.4506790004452,1.581418927808677,2466.666666666663,606.0220139999046,4.070259181487508,148,0,0,0,11164.864366004127,8274.935337140094,58.620616001573644,59.244970268335535,2.8744813368030293,20.0,kinematic,False,0,0.0,,,,snapshot_1787566435,cycle,83,10,19.152355999949577,7.071992999954091,2466.666666666663
snapshot_1787566435,prm,1,0,completed,True,False,3,430,0,,55.69710799909444,0.12952815813742893,2549.999999999996,68.54293499998221,37.202958992063266,153,0,0,0,11164.864366004127,9898.644705962084,59.12796935894057,59.268978645516604,2.8744813368030293,20.0,kinematic,False,0,0.0,,,,snapshot_1787566435,event,4,0,20.302014999970197,7.006571000033546,2549.999999999996
snapshot_1787566435,visibility,1,0,completed,True,False,3,3,0,,35.443795999981376,11.814598666660459,3420.0000000000027,38.61171500000182,88.57415424307989,171,0,3,3,7313.070734352056,7117.808209382201,58.4536958529871,59.14928965187328,-16.808778806619358,20.0,kinematic,False,0,0.0,,,,snapshot_1787566435,once,0,0,35.443795999981376,14.748030999953698,3420.0000000000027
snapshot_1787566435,visibility,1,0,completed,True,False,3,549,0,,2989.094312000816,5.44461623315267,3499.9999999999923,3011.5834590000077,1.162179314519865,210,0,4,4,7313.070734352056,7239.7551338365665,59.08126200584604,59.58317141157282,-36.03397531216211,20.0,kinematic,False,0,0.0,,,,snapshot_1787566435,cycle,309,23,30.36414500002138,13.869372999920415,3499.9999999999923
snapshot_1787566435,visibility,1,0,completed,True,False,3,519,0,,402.5910599998497,0.7757053179187855,3299.999999999993,418.6992290000262,7.881552607300804,198,0,1,1,7313.070734352056,7130.123261753748,58.45407626467851,58.714270135600884,-5.335646430264006,20.0,kinematic,False,0,0.0,,,,snapshot_1787566435,event,38,2,30.502508999916245,10.35003999993478,3299.999999999993
snapshot_1787566435~p000,voronoi,1,0,completed,True,False,3,3,0,,13.829386999987037,4.609795666662346,5279.999999999975,18.529454000031365,284.95173144287133,264,1,0,1,14369.677164005052,13411.668903501399,58.68823332605368,59.288354088563295,-79.86201434435607,20.0,kinematic,False,0,0.0,,,,snapshot_1787566435~perturbed,once,0,0,13.829386999987037,4.702938000036738,5279.999999999975
snapshot_1787566435~p000,voronoi,1,0,completed,True,False,3,386,0,,403.0923019989814,1.0442805751268949,2199.9999999999973,415.7248820000632,5.2919613312913585,132,0,0,0,14369.677164005052,9122.614500258915,59.337968790534326,59.920216253651915,3.817576478220275,20.0,kinematic,False,0,0.0,,,,snapshot_1787566435~perturbed,cycle,86,0,13.460953000048903,4.757130999905712,2199.9999999999973
snapshot_1787566435~p000,voronoi,1,0,completed,True,False,3,460,0,,28.524400998549027,0.062009567388150055,3583.3333333333253,45.39387900001657,78.93868980291413,215,0,0,0,14369.677164005052,9473.583891426984,59.02279555145478,59.74493683936617,2.0218565880297774,20.0,kinematic,False,0,0.0,,,,snapshot_1787566435~perturbed,event,0,0,13.79673000008097,4.662196000026597,3583.3333333333253
snapshot_1787566435~p000,prm,1,0,completed,True,False,3,3,0,,20.98054200007482,6.99351400002494,3560.0000000000027,24.24128399991332,146.85690741516547,178,0,0,0,11020.996570642626,10348.307536848635,58.711428030144,59.470299403385475,32.002393029368164,20.0,kinematic,False,0,0.0,,,,snapshot_1787566435~perturbed,once,0,0,20.98054200007482,7.228837000070598,3560.0000000000027
snapshot_1787566435~p000,prm,1,0,completed,True,False,3,344,0,,549.4471180007849,1.5972299941883283,2233.3333333333303,563.311631999909,3.9646497719288907,134,0,0,0,11020.996570642626,8185.163972813218,58.35738868527304,58.52453231274045,0.7534009699952549,20.0,kinematic,False,0,0.0,,,,snapshot_1787566435~perturbed,cycle,73,7,20.1243550000072,10.72227399993153,2233.3333333333303
snapshot_1787566435~p000,prm,1,0,completed,True,False,3,454,0,,43.139724002116964,0.09502141850686556,3399.9999999999927,57.92147700003625,58.70016056389351,204,0,0,0,11020.996570642626,10158.699043818384,59.17769918594183,59.621569912182096,0.7534009699952549,20.0,kinematic,False,0,0.0,,,,snapshot_1787566435~perturbed,event,2,0,20.72022899994863,7.128917999921214,3399.9999999999927
snapshot_1787566435~p000,visibility,1,0,completed,True,False,3,3,0,,31.818573000009565,10.606191000003188,3300.0000000000023,34.84665300004508,94.70063021535334,165,1,3,4,7312.391495559888,7109.264997252381,59.03460803369109,59.53501965896399,-171.43887504257947,20.0,kinematic,False,0,0.0,,,,snapshot_1787566435~perturbed,once,0,0,31.818573000009565,10.75432400000409,3300.0000000000023
snapshot_1787566435~p000,visibility,1,0,completed,True,False,3,600,0,,2925.0093130010555,4.875015521668426,3716.6666666666583,2951.358314999993,1.2593071630025603,223,0,3,3,7312.391495559888,7711.204546922845,59.08933928152165,59.85898222930416,-86.0364772393615,20.0,kinematic,False,0,0.0,,,,snapshot_1787566435~perturbed,cycle,297,87,31.98835400007738,14.486299999930452,3716.6666666666583
snapshot_1787566435~p000,visibility,1,0,completed,True,False,3,548,0,,633.6345209995216,1.1562673740867182,3316.6666666666597,651.1392620000152,5.093636431136574,199,1,2,3,7312.391495559888,7160.4650266020635,58.759798596315655,59.756390238688816,-149.16189693080858,20.0,kinematic,False,0,0.0,,,,snapshot_1787566435~perturbed,event,58,49,31.145337999987532,17.171673000007104,3316.6666666666597
snapshot_1787566435~p001,voronoi,1,0,completed,True,False,3,3,0,,15.102149000085774,5.034049666695258,4779.999999999986,19.687747000034506,242.79060473458992,239,0,0,0,12018.095999506579,11249.9131826175,58.80364023889303,59.94742793811103,75.447626726106,20.0,kinematic,False,0,0.0,,,,snapshot_1787566435~perturbed,once,0,0,15.102149000085774,5.079718000047251,4779.999999999986
snapshot_1787566435~p001,voronoi,1,0,completed,True,False,3,369,0,,311.469821999367,0.84409165853487,2333.33333333333,324.14779599992016,7.198362481952228,140,0,0,0,12018.095999506579,7647.901832623384,58.2363297606527,58.40342752271049,5.3436442256809755,20.0,kinematic,False,0,0.0,,,,snapshot_1787566435~perturbed,cycle,59,0,14.186698000003162,6.456161999949472,2333.33333333333
snapshot_1787566435~p001,voronoi,1,0,completed,True,False,3,370,0,,25.00890300075298,0.06759162973176482,2433.3333333333294,36.58147700002701,66.51818168335666,146,0,0,0,12018.095999506579,7690.527645345741,59.453220928346504,59.826583382259706,3.153690982828607,20.0,kinematic,False,0,0.0,,,,snapshot_1787566435~perturbed,event,0,0,13.663835000102154,4.62598900003286,2433.3333333333294
snapshot_1787566435~p001,prm,1,0,completed,True,False,3,3,0,,22.845405999987634,7.615135333329211,3560.0000000000027,26.17046599993955,136.03120403007824,178,0,0,0,11200.211789545412,10468.195808318922,59.231832441882,59.675994080865394,59.511067967670556,20.0,kinematic,False,0,0.0,,,,snapshot_1787566435~perturbed,once,0,0,22.845405999987634,8.56020800006263,3560.0000000000027
snapshot_1787566435~p001,prm,1,0,completed,True,False,3,426,0,,907.690691999278,2.130729323941967,2516.6666666666624,924.8690040000156,2.7211060764088706,151,0,0,0,11200.211789545412,9205.253635397483,58.39697854082504,58.91260821473946,0.5590284036207152,20.0,kinematic,False,0,0.0,,,,snapshot_1787566435~perturbed,cycle,124,10,21.391442999856736,11.316859999965345,2516.6666666666624
snapshot_1787566435~p001,prm,1,0,completed,True,False,3,485,0,,37.18821799827765,0.07667673814077866,3399.9999999999927,52.04860000003464,65.32356297763494,204,0,0,0,11200.211789545412,9851.352615332267,58.1615919331497,58.23703902019772,0.5590284036207152,20.0,kinematic,False,0,0.0,,,,snapshot_1787566435~perturbed,event,1,0,20.312263000050734,7.523778999939168,3399.9999999999927
snapshot_1787566435~p001,visibility,1,0,completed,True,False,3,3,0,,29.727424000043357,9.909141333347785,3600.0000000000027,32.9142220000449,109.37521172443607,180,0,4,4,7253.846605092749,7014.8603757636265,58.36987859858672,59.370746824654184,-67.90885789208791,20.0,kinematic,False,0,0.0,,,,snapshot_1787566435~perturbed,once,0,0,29.727424000043357,9.965068000042265,3600.0000000000027
snapshot_1787566435~p001,visibility,1,0,completed,True,False,3,519,0,,2616.6785849992493,5.041769913293352,3616.666666666659,2638.1627929999922,1.3709035228087494,217,0,3,3,7253.846605092749,7022.428457667054,59.14228985914374,59.449690737339466,-67.45379850726118,20.0,kinematic,False,0,0.0,,,,snapshot_1787566435~perturbed,cycle,263,39,29.304501999945387,34.070348000000195,3616.666666666659
snapshot_1787566435~p001,visibility,1,0,completed,True,False,3,525,0,,370.32796599976336,0.7053866019043111,3749.9999999999914,387.42788800004746,9.679220614081173,225,0,3,3,7253.846605092749,7019.089852301131,58.803551307976285,59.449690737339466,-67.45379850726118,20.0,kinematic,False,0,0.0,,,,snapshot_1787566435~perturbed,event,35,49,30.008793000092737,13.27122700001837,3749.9999999999914
snapshot_1787566435~p002,voronoi,1,0,completed,True,False,3,3,0,,13.67550999998457,4.55850333332819,5399.999999999973,18.491165000000365,292.0313565965079,270,0,0,0,14465.877697806933,13683.430171549426,58.91349005396531,59.483865183655254,162.12165383748118,20.0,kinematic,False,0,0.0,,,,snapshot_1787566435~perturbed,once,0,0,13.67550999998457,4.6455069999638,5399.999999999973
snapshot_1787566435~p002,voronoi,1,0,completed,True,False,3,369,0,,336.68211999906816,0.9124176693741685,2416.666666666663,349.16957400002957,6.9211834209427945,145,0,0,0,14465.877697806933,8257.137568635218,58.91834888647323,59.26337379628345,1.1949143621485803,20.0,kinematic,False,0,0.0,,,,snapshot_1787566435~perturbed,cycle,69,2,13.71820999997908,4.809472000033566,2416.666666666663
snapshot_1787566435~p002,voronoi,1,0,completed,True,False,3,430,0,,63.611253999852124,0.1479331488368654,3016.666666666661,77.72689099999752,38.81110678499616,181,0,0,0,14465.877697806933,8774.452419184945,59.07787637136618,59.79828040225799,1.050482617609788,20.0,kinematic,False,0,0.0,,,,snapshot_1787566435~perturbed,event,8,0,13.517801999910262,4.9392319999697065,3016.666666666661
snapshot_1787566435~p002,prm,1,0,completed,True,False,3,3,0,,19.82188399995266,6.607294666650887,3180.0000000000023,22.783097000001362,139.57716108568613,159,0,1,1,10574.6918767223,10006.559501031415,58.45189076905151,59.14338552524991,-21.75133120395435,20.0,kinematic,False,0,0.0,,,,snapshot_1787566435~perturbed,once,0,0,19.82188399995266,6.801662999919245,3180.0000000000023
snapshot_1787566435~p002,prm,1,0,completed,True,False,3,437,0,,1116.5674260003016,2.555074201373688,3749.9999999999914,1136.3622599999417,3.300003996965003,225,0,0,0,10574.6918767223,8344.141015440116,59.33469853805045,59.90699511467921,0.49711524060268175,20.0,kinematic,False,0,0.0,,,,snapshot_1787566435~perturbed,cycle,162,10,19.36521600021024,7.938351999996485,3749.9999999999914
snapshot_1787566435~p002,prm,1,0,completed,True,False,3,439,0,,136.09186700250575,0.31000425285308825,3749.9999999999914,152.20372299995688,24.638030700478026,225,0,0,0,10574.6918767223,8325.0596357121,59.033799171612934,59.9034689821588,0.49711524060268175,20.0,kinematic,False,0,0.0,,,,snapshot_1787566435~perturbed,event,15,12,26.031966000005013,10.62108899998293,3749.9999999999914
snapshot_1787566435~p002,visibility,1,0,completed,True,False,3,3,0,,29.82458899998619,9.941529666662063,3480.0000000000027,33.01416900001186,105.40928653993237,174,1,3,4,7254.447149385145,7057.028793283043,59.144051796746304,59.66714825411466,-135.56989646623245,20.0,kinematic,False,0,0.0,,,,snapshot_1787566435~perturbed,once,0,0,29.82458899998619,10.010609999994813,3480.0000000000027
snapshot_1787566435~p002,visibility,1,0,completed,True,False,3,542,0,,2838.690792999728,5.237436887453373,3416.6666666666592,2859.9928180000234,1.194641694609539,205,0,2,2,7254.447149385145,7320.01749595299,58.783046698433544,59.6575167815862,-24.52428978666643,20.0,kinematic,False,0,0.0,,,,snapshot_1787566435~perturbed,cycle,296,27,29.621700000120654,13.577736000002005,3416.6666666666592
snapshot_1787566435~p002,visibility,1,0,completed,True,False,3,581,0,,883.9591790009536,1.5214443700532763,3866.666666666658,902.9233840000188,4.282386230310076,232,1,3,4,7254.447149385145,7115.618016445282,59.150038365183526,59.736156809059814,-113.24900374390045,20.0,kinematic,False,0,0.0,,,,snapshot_1787566435~perturbed,event,89,83,30.02676399989923,13.38132700004735,3866.666666666658
snapshot_1787566435~p003,voronoi,1,0,completed,True,False,3,3,0,,13.640189999819086,4.5467299999396955,5019.999999999981,18.159415000013723,276.4406232247122,251,0,0,0,13292.892398206332,12601.581778100646,58.23730272466469,59.09769197112828,7.239085578950522,20.0,kinematic,False,0,0.0,,,,snapshot_1787566435~perturbed,once,0,0,13.640189999819086,4.633725999951821,5019.999999999981
snapshot_1787566435~p003,voronoi,1,0,completed,True,False,3,407,0,,467.1707099998912,1.147839582309315,2283.3333333333303,480.3928659999883,4.753054208205885,137,0,0,0,13292.892398206332,9600.739811094107,58.76575632764936,59.471827292761326,7.355002604050355,20.0,kinematic,False,0,0.0,,,,snapshot_1787566435~perturbed,cycle,99,0,13.468442999851504,7.476299000018116,2283.3333333333303
snapshot_1787566435~p003,voronoi,1,0,completed,True,False,3,441,0,,27.21636199976274,0.06171510657542571,2999.999999999994,40.985391999925014,73.1968111956934,180,0,0,0,13292.892398206332,9331.347499097628,59.07745381175699,59.4816742668016,0.07295547397271207,20.0,kinematic,False,0,0.0,,,,snapshot_1787566435~perturbed,event,0,0,13.473316000045088,4.517845000009402,2999.999999999994
snapshot_1787566435~p003,prm,1,0,completed,True,False,3,3,0,,19.33478700004798,6.444929000015994,3460.0000000000027,22.47867899995981,153.92363581535145,173,0,0,0,11084.322826920616,10395.906733325019,58.82134987540604,59.30122636325241,76.07777812673055,20.0,kinematic,False,0,0.0,,,,snapshot_1787566435~perturbed,once,0,0,19.33478700004798,6.534752999982629,3460.0000000000027
snapshot_1787566435~p003,prm,1,0,completed,True,False,3,424,0,,935.4618800012986,2.206278018870987,2533.3333333333294,951.3742020000109,2.6628148293359972,152,0,0,0,11084.322826920616,9502.514235889792,58.7188241967863,59.302973036820504,3.056202984235995,20.0,kinematic,False,0,0.0,,,,snapshot_1787566435~perturbed,cycle,135,0,19.15888300015922,7.285087000013846,2533.3333333333294
snapshot_1787566435~p003,prm,1,0,completed,True,False,3,440,0,,47.786607999114494,0.10860592727071476,2899.9999999999945,60.99873100004061,47.541972635431776,174,0,0,0,11084.322826920616,8587.81882393516,58.56320855246789,58.83434380449399,3.056202984235995,20.0,kinematic,False,0,0.0,,,,snapshot_1787566435~perturbed,event,3,0,19.419565000021066,6.944566000015584,2899.9999999999945
snapshot_1787566435~p003,visibility,1,0,completed,True,False,3,3,0,,28.905731000008927,9.635243666669643,3380.0000000000027,32.02619900002901,105.53859357449633,169,1,3,4,7505.914368188667,7288.4571587160935,59.240810121700804,59.82378648392755,-123.38180264346725,20.0,kinematic,False,0,0.0,,,,snapshot_1787566435~perturbed,once,0,0,28.905731000008927,9.745941999995011,3380.0000000000027
snapshot_1787566435~p003,visibility,1,0,completed,True,False,3,525,0,,2503.8996229999384,4.769332615237978,3299.999999999993,2524.8577999999497,1.3070042994104694,198,0,3,3,7505.914368188667,7290.106051541303,58.764934901735295,59.06947142586141,-38.08512439168865,20.0,kinematic,False,0,0.0,,,,snapshot_1787566435~perturbed,cycle,266,34,29.154310000194528,14.230804000021635,3299.999999999993
snapshot_1787566435~p003,visibility,1,0,completed,True,False,3,534,0,,279.70607099905465,0.5237941404476679,3266.66666666666,295.70068099997115,11.04720711369271,196,1,2,3,7505.914368188667,7291.947539012471,58.83703432971502,59.17946775949644,-126.13475898473908,20.0,kinematic,False,0,0.0,,,,snapshot_1787566435~perturbed,event,27,60,28.67260899995472,10.440775000006397,3266.66666666666
snapshot_1787566435~p004,voronoi,1,0,completed,True,False,3,3,0,,13.583627000002707,4.527875666667569,5059.99999999998,18.195896999941397,278.08466930848624,253,0,0,0,15545.709390524316,14673.85520440185,59.00582000692683,59.71841912461321,319.68007498750194,20.0,kinematic,False,0,0.0,,,,snapshot_1787566435~perturbed,once,0,0,13.583627000002707,4.605680999929973,5059.99999999998
snapshot_1787566435~p004,voronoi,1,0,completed,True,False,3,346,0,,169.07746500169196,0.48866319364650856,2266.6666666666633,180.35242400003426,12.5679855939515,136,0,0,0,15545.709390524316,7365.220635291242,58.33435063339485,58.51901585824841,8.890038195158866,20.0,kinematic,False,0,0.0,,,,snapshot_1787566435~perturbed,cycle,32,0,13.410933000045588,5.374619999997776,2266.6666666666633
snapshot_1787566435~p004,voronoi,1,0,completed,True,False,3,347,0,,28.480786000500302,0.08207719308501528,2283.3333333333303,39.0038220000406,58.541271502340294,137,0,0,0,15545.709390524316,7357.508863160229,59.13142298396652,59.7845410920104,2.37099163288849,20.0,kinematic,False,0,0.0,,,,snapshot_1787566435~perturbed,event,1,0,13.39470900006745,4.5057400000132475,2283.3333333333303
snapshot_1787566435~p004,prm,1,0,completed,True,False,3,3,0,,19.707843999981378,6.569281333327126,3120.0000000000023,22.562393000043812,138.28320426800224,156,0,0,0,9741.381945989175,9190.358226501223,58.730100651770705,59.77381362293209,32.131848457941516,20.0,kinematic,False,0,0.0,,,,snapshot_1787566435~perturbed,once,0,0,19.707843999981378,6.651183000030869,3120.0000000000023
snapshot_1787566435~p004,prm,1,0,completed,True,False,3,395,0,,633.3477809993155,1.6034121037957356,2666.666666666662,648.311423999985,4.113249540188148,160,0,0,0,9741.381945989175,8304.465479276923,59.16014355647451,59.49455390921423,2.3985776425759866,20.0,kinematic,False,0,0.0,,,,snapshot_1787566435~perturbed,cycle,90,0,19.736068999918643,6.849611999996341,2666.666666666662
snapshot_1787566435~p004,prm,1,0,completed,True,False,3,395,0,,26.691288000392888,0.06757288101365289,2666.666666666662,38.792104999970434,68.7425100202398,160,0,0,0,9741.381945989175,8304.465479276923,59.16014355647451,59.49455390921423,2.3985776425759866,20.0,kinematic,False,0,0.0,,,,snapshot_1787566435~perturbed,event,0,0,19.638234999888482,6.655521999960001,2666.666666666662
snapshot_1787566435~p004,visibility,1,0,completed,True,False,3,3,0,,29.451356999857126,9.817118999952376,3380.0000000000027,32.53156699997817,103.8990836193741,169,0,2,2,7118.020380767082,6940.5385894856445,57.85790918221832,58.04927208508486,-7.068839921296018,20.0,kinematic,False,0,0.0,,,,snapshot_1787566435~perturbed,once,0,0,29.451356999857126,9.968010999955368,3380.0000000000027
snapshot_1787566435~p004,visibility,1,0,completed,True,False,3,439,0,,1759.8698219982225,4.008815084278411,3383.333333333326,1777.093276999949,1.9038580456761378,203,0,1,1,7118.020380767082,6953.236192909456,58.72663434332862,59.193868191737785,-6.822261683495867,20.0,kinematic,False,0,0.0,,,,snapshot_1787566435~perturbed,cycle,182,9,29.29439799981992,10.072493999928156,3383.333333333326
snapshot_1787566435~p004,visibility,1,0,completed,True,False,3,465,0,,298.2625489988777,0.6414248365567263,3383.333333333326,312.9826319999438,10.809971504533625,203,0,1,1,7118.020380767082,6938.133031176594,58.8199209830694,59.47372811096012,-6.822261683495867,20.0,kinematic,False,0,0.0,,,,snapshot_1787566435~perturbed,event,28,9,29.69726800006356,9.986660999970809,3383.333333333326
snapshot_1787566435~p005,voronoi,1,0,completed,True,False,3,3,0,,13.488861000041652,4.496287000013884,4779.999999999986,17.77572899993629,268.9059897356175,239,1,0,1,13497.299203097034,12827.398168454256,59.30579141769192,59.73522401098799,-36.445673264275825,20.0,kinematic,False,0,0.0,,,,snapshot_1787566435~perturbed,once,0,0,13.488861000041652,4.575711000029514,4779.999999999986
snapshot_1787566435~p005,voronoi,1,0,completed,True,False,3,369,0,,292.75697800005673,0.7933793441735955,2316.6666666666633,304.7979179999629,7.600664341371732,139,1,0,1,13497.299203097034,8457.420400729665,59.43685023111406,59.62849835693156,-0.606538267922133,20.0,kinematic,False,0,0.0,,,,snapshot_1787566435~perturbed,cycle,63,0,13.36503699997138,5.419648000042798,2316.6666666666633
snapshot_1787566435~p005,voronoi,1,0,completed,True,False,3,384,0,,38.43080299884605,0.10008021614282825,2516.6666666666624,50.15805899995485,50.17472200566868,151,1,0,1,13497.299203097034,8402.391814643146,58.828635640818966,59.69500991918578,-13.508126189714147,20.0,kinematic,False,0,0.0,,,,snapshot_1787566435~perturbed,event,5,0,13.396005000004152,4.519779000020208,2516.6666666666624
snapshot_1787566435~p005,prm,1,0,completed,True,False,3,3,0,,19.87592099999347,6.6253069999978225,3160.0000000000023,22.781477999956223,138.70917418115167,158,0,0,0,10403.700475234256,9860.348897821747,58.9871409967378,59.668638907624405,80.37616070552366,20.0,kinematic,False,0,0.0,,,,snapshot_1787566435~perturbed,once,0,0,19.87592099999347,6.847777000075439,3160.0000000000023
snapshot_1787566435~p005,prm,1,0,completed,True,False,3,378,0,,620.4931050000368,1.6415161507937484,2583.333333333329,635.3624980000632,4.06592038633837,155,0,0,0,10403.700475234256,8313.157100556693,59.268079896959506,59.915866997469166,0.5005667159094571,20.0,kinematic,False,0,0.0,,,,snapshot_1787566435~perturbed,cycle,87,10,19.359544999929312,7.110865000072408,2583.333333333329
snapshot_1787566435~p005,prm,1,0,completed,True,False,3,383,0,,53.78998000196589,0.14044381201557674,2649.9999999999955,65.68762899996727,40.34245169667055,159,0,0,0,10403.700475234256,8758.298318878793,59.059060710509236,59.4757812144383,0.5005667159094571,20.0,kinematic,False,0,0.0,,,,snapshot_1787566435~perturbed,event,4,7,19.89451600013581,6.812965000108306,2649.9999999999955
snapshot_1787566435~p005,visibility,1,0,completed,True,False,3,3,0,,30.22800400003689,10.07600133334563,3460.0000000000027,33.35001100003865,103.74809171715094,173,1,4,5,7601.3694763938565,7408.51988462677,59.077852557713015,59.812076852252204,-162.9794562213746,20.0,kinematic,False,0,0.0,,,,snapshot_1787566435~perturbed,once,0,0,30.22800400003689,10.219650999943042,3460.0000000000027
snapshot_1787566435~p005,visibility,1,0,completed,True,False,3,549,0,,2826.363320999235,5.14820277049041,3399.9999999999927,2847.2763299999997,1.194123648687092,204,1,4,5,7601.3694763938565,7414.581117460339,58.81149746367296,59.16232670195351,-126.38774702457836,20.0,kinematic,False,0,0.0,,,,snapshot_1787566435~perturbed,cycle,290,44,30.04804800002603,12.028765999957614,3399.9999999999927
snapshot_1787566435~p005,visibility,1,0,completed,True,False,3,543,0,,577.3773629994139,1.0633100607724013,3316.6666666666597,594.2717010000251,5.581061088868035,199,1,3,4,7601.3694763938565,7414.342945753763,59.14172107542689,59.857350066467596,-126.38774702457836,20.0,kinematic,False,0,0.0,,,,snapshot_1787566435~perturbed,event,56,43,30.805106999878262,10.321577000013349,3316.6666666666597
snapshot_1787566435~p006,voronoi,1,0,completed,True,False,3,3,0,,13.39027700009865,4.46342566669955,4899.999999999984,17.88781300001574,273.9295183819102,245,1,0,1,12812.399164505958,12153.215559951639,58.57646207235815,59.502141992409115,-15.699493269838541,20.0,kinematic,False,0,0.0,,,,snapshot_1787566435~perturbed,once,0,0,13.39027700009865,4.542958999991242,4899.999999999984
snapshot_1787566435~p006,voronoi,1,0,completed,True,False,3,370,0,,276.66805299975294,0.7477514945939269,2183.3333333333303,288.64176900003713,7.564162806018035,131,0,0,0,12812.399164505958,8382.74167583314,58.74524619127502,58.80645347993721,1.7882955716671631,20.0,kinematic,False,0,0.0,,,,snapshot_1787566435~perturbed,cycle,57,0,13.686837000022933,5.334259000051134,2183.3333333333303
snapshot_1787566435~p006,voronoi,1,0,completed,True,False,3,478,0,,77.52830199910932,0.1621931004165467,2966.666666666661,92.16992999995455,32.18692546113601,178,0,0,0,12812.399164505958,9506.892599819574,59.11049642257777,59.668827086318814,1.3995372748725856,20.0,kinematic,False,0,0.0,,,,snapshot_1787566435~perturbed,event,11,0,14.034265999953277,5.110467999998036,2966.666666666661
snapshot_1787566435~p006,prm,1,0,completed,True,False,3,3,0,,19.48554399996283,6.495181333320943,3160.0000000000023,22.899304000020493,137.99546047326044,158,0,0,0,10176.74873991122,9627.373697902027,58.75768657925068,59.362994866361134,41.184948322922736,20.0,kinematic,False,0,0.0,,,,snapshot_1787566435~perturbed,once,0,0,19.48554399996283,6.664811999939957,3160.0000000000023
snapshot_1787566435~p006,prm,1,0,completed,True,False,3,359,0,,370.0450199996794,1.0307660724225054,2283.3333333333303,383.04255999992165,5.961043423826839,137,0,0,0,10176.74873991122,8158.319335071863,58.89553375907163,59.31408005919064,0.6990522623418371,20.0,kinematic,False,0,0.0,,,,snapshot_1787566435~perturbed,cycle,48,10,19.219171999907303,6.857985999999983,2283.3333333333303
snapshot_1787566435~p006,prm,1,0,completed,True,False,3,359,0,,73.3638280003106,0.20435606685323288,2283.3333333333303,84.07564099991305,27.15808415110022,137,0,0,0,10176.74873991122,8158.319335071863,58.89553375907163,59.31408005919064,0.6990522623418371,20.0,kinematic,False,0,0.0,,,,snapshot_1787566435~perturbed,event,7,10,20.261188999938895,6.988656999965315,2283.3333333333303
snapshot_1787566435~p006,visibility,1,0,completed,True,False,3,3,0,,29.882389000022158,9.960796333340719,3420.0000000000027,33.0023760000131,103.62890235535299,171,1,3,4,7375.785336096294,7187.444811724701,58.55490044368659,59.564549816984666,-105.53614195804683,20.0,kinematic,False,0,0.0,,,,snapshot_1787566435~perturbed,once,0,0,29.882389000022158,10.025540000015098,3420.0000000000027
snapshot_1787566435~p006,visibility,1,0,completed,True,False,3,507,0,,2373.0574880013364,4.680586761343859,3433.333333333326,2392.0703349999712,1.4352978184202796,206,1,3,4,7375.785336096294,7186.372450492969,59.36663397184316,59.51937224195933,-89.76737869125041,20.0,kinematic,False,0,0.0,,,,snapshot_1787566435~perturbed,cycle,251,24,29.73610499998358,10.843604000001505,3433.333333333326
snapshot_1787566435~p006,visibility,1,0,completed,True,False,3,507,0,,593.0260559977114,1.1696766390487405,3433.333333333326,609.4764660000465,5.633250051254751,206,1,3,4,7375.785336096294,7186.372450492969,59.36663397184316,59.51937224195933,-89.76737869125041,20.0,kinematic,False,0,0.0,,,,snapshot_1787566435~perturbed,event,59,24,29.336301999819625,10.052634999965449,3433.333333333326
snapshot_1787566435~p007,voronoi,1,0,completed,True,False,3,3,0,,13.529838999943422,4.509946333314474,5559.999999999969,18.42638799996621,301.7411768388989,278,0,0,0,12581.886876737592,11947.902548501563,59.15300433491686,59.84065253410752,29.99786397261653,20.0,kinematic,False,0,0.0,,,,snapshot_1787566435~perturbed,once,0,0,13.529838999943422,4.551534000029278,5559.999999999969
snapshot_1787566435~p007,voronoi,1,0,completed,True,False,3,387,0,,402.7995649986451,1.0408257493505042,2283.3333333333303,415.42166600004293,5.49642332167888,137,0,0,0,12581.886876737592,8199.983491065397,58.37774228707578,58.58091064775159,0.09446610896978314,20.0,kinematic,False,0,0.0,,,,snapshot_1787566435~perturbed,cycle,84,1,13.712928000131797,5.728799999928924,2283.3333333333303
snapshot_1787566435~p007,voronoi,1,0,completed,True,False,3,567,0,,31.750474999853395,0.05599731040538518,4516.666666666656,50.12035400000059,90.1164159109212,271,0,0,0,12581.886876737592,10460.48744041521,58.78704281421929,59.42916376533186,1.1759993483028381,20.0,kinematic,False,0,0.0,,,,snapshot_1787566435~perturbed,event,0,0,13.421207000078539,4.601005000040459,4516.666666666656
snapshot_1787566435~p007,prm,1,0,completed,True,False,3,3,0,,19.32652099992538,6.442173666641793,3560.0000000000027,22.505769000076725,158.18166444291978,178,0,1,1,11117.846672117272,10448.37372047178,58.90144310246192,59.691066117322464,-2.670502615080892,20.0,kinematic,False,0,0.0,,,,snapshot_1787566435~perturbed,once,0,0,19.32652099992538,6.537452999964444,3560.0000000000027
snapshot_1787566435~p007,prm,1,0,completed,True,False,3,454,0,,929.044591999741,2.046353726871676,2983.3333333333276,946.0512839999637,3.153458362975428,179,0,0,0,11117.846672117272,9918.597489742193,59.26775992631468,59.76097997658979,0.5430978881263115,20.0,kinematic,False,0,0.0,,,,snapshot_1787566435~perturbed,cycle,134,6,19.0052600000854,8.40124800004105,2983.3333333333276
snapshot_1787566435~p007,prm,1,0,completed,True,False,3,458,0,,47.789279000880924,0.10434340393205442,3049.999999999994,61.466053999993164,49.620885049824956,183,0,0,0,11117.846672117272,9930.320164875491,59.31127457040276,59.76097997658979,0.5430978881263115,20.0,kinematic,False,0,0.0,,,,snapshot_1787566435~perturbed,event,3,0,19.309714999963035,6.766201999994337,3049.999999999994
snapshot_1787566435~p007,visibility,1,0,completed,True,False,3,3,0,,31.41176700012238,10.470589000040794,3320.0000000000027,34.42755499997929,96.43438228482968,166,0,4,4,7380.063306057028,7187.337860788075,58.84148586879095,58.85334027034115,-13.26008384761451,20.0,kinematic,False,0,0.0,,,,snapshot_1787566435~perturbed,once,0,0,31.41176700012238,10.556668000049285,3320.0000000000027
snapshot_1787566435~p007,visibility,1,0,completed,True,False,3,538,0,,2814.285028999848,5.231013065055479,3599.9999999999923,2834.6909770000366,1.2699797012124,216,0,4,4,7380.063306057028,7307.895799023448,58.626455057596104,59.27579351005374,-48.82670328444223,20.0,kinematic,False,0,0.0,,,,snapshot_1787566435~perturbed,cycle,284,37,30.74712099999033,12.071002000084263,3599.9999999999923
snapshot_1787566435~p007,visibility,1,0,completed,True,False,3,515,0,,422.5680380002359,0.8205204621363804,3333.333333333326,438.28084599999784,7.60547343958842,200,0,4,4,7380.063306057028,7187.129228678354,58.87452043731337,59.27579351005374,-12.840447626569613,20.0,kinematic,False,0,0.0,,,,snapshot_1787566435~perturbed,event,40,17,31.138903000055507,10.533848000022772,3333.333333333326
snapshot_1787566435~p008,voronoi,1,0,completed,True,False,3,3,0,,13.259780999987925,4.419926999995975,4759.999999999986,17.40212100003191,273.52987604161916,238,0,0,0,11159.035110877712,10367.383300014706,59.33997039236107,59.62498287893131,37.16107210456158,20.0,kinematic,False,0,0.0,,,,snapshot_1787566435~perturbed,once,0,0,13.259780999987925,4.507482000008167,4759.999999999986
snapshot_1787566435~p008,voronoi,1,0,completed,True,False,3,340,0,,180.97764500100766,0.5322871911794342,2233.3333333333303,192.24717399993096,11.616989144059575,134,0,0,0,11159.035110877712,7637.74318588779,58.76115750400158,59.5968715122566,1.7519446934489054,20.0,kinematic,False,0,0.0,,,,snapshot_1787566435~perturbed,cycle,36,0,13.106781000146839,4.5779230000562166,2233.3333333333303
snapshot_1787566435~p008,voronoi,1,0,completed,True,False,3,347,0,,47.18308499968771,0.13597430835644872,2249.999999999997,57.650489999900856,39.028289265258046,135,0,0,0,11159.035110877712,7701.5824837853925,59.09306870010392,59.419346127515325,5.218891745353062,20.0,kinematic,False,0,0.0,,,,snapshot_1787566435~perturbed,event,5,0,13.73218900005213,4.9739730000055715,2249.999999999997
snapshot_1787566435~p008,prm,1,0,completed,True,False,3,3,0,,19.629162000001088,6.543054000000363,3560.0000000000027,22.847291999937624,155.81715329806798,178,1,0,1,11183.515263989906,10489.98056239038,58.55443409578472,59.03896584477054,-26.62621935269462,20.0,kinematic,False,0,0.0,,,,snapshot_1787566435~perturbed,once,0,0,19.629162000001088,6.7719390000320345,3560.0000000000027
snapshot_1787566435~p008,prm,1,0,completed,True,False,3,417,0,,890.7409179997785,2.1360693477212913,2549.999999999996,906.143596999982,2.8141235102719007,153,0,0,0,11183.515263989906,9936.215253810786,59.34129193094464,59.94484674223948,1.5835959035070744,20.0,kinematic,False,0,0.0,,,,snapshot_1787566435~perturbed,cycle,124,0,19.99006300002293,17.683745999988787,2549.999999999996
snapshot_1787566435~p008,prm,1,0,completed,True,False,3,427,0,,42.137334000585724,0.09868228103181668,2916.666666666661,54.993223999986185,53.03683716865543,175,0,0,0,11183.515263989906,8782.927640775019,58.8448543440259,59.94484674223948,1.5835959035070744,20.0,kinematic,False,0,0.0,,,,snapshot_1787566435~perturbed,event,2,0,20.74812400007886,7.303897000042525,2916.666666666661
snapshot_1787566435~p008,visibility,1,0,completed,True,False,3,3,0,,29.418124000017087,9.80604133333903,2960.0000000000023,32.0621339999434,92.32074196949048,148,0,3,3,7371.087410703041,7178.531206840835,59.04256967227828,59.987689330485935,-30.350166666485734,20.0,kinematic,False,0,0.0,,,,snapshot_1787566435~perturbed,once,0,0,29.418124000017087,10.061471999961213,2960.0000000000023
snapshot_1787566435~p008,visibility,1,0,completed,True,False,3,468,0,,2198.4840770013534,4.697615549148191,2966.666666666661,2216.5209810000306,1.3384338303570609,178,0,2,2,7371.087410703041,7212.999721396019,59.02297699812758,59.252135559080976,-30.971621850532813,20.0,kinematic,False,0,0.0,,,,snapshot_1787566435~perturbed,cycle,228,8,29.57515700006752,18.255987999964418,2966.666666666661
snapshot_1787566435~p008,visibility,1,0,completed,True,False,3,467,0,,87.4788449997368,0.18732086723712377,2966.666666666661,101.6693750000286,29.179550544751816,178,0,2,2,7371.087410703041,7259.6469124250525,58.90348063580719,59.252135559080976,-30.971621850532813,20.0,kinematic,False,0,0.0,,,,snapshot_1787566435~perturbed,event,5,8,30.86491299984573,10.740440999938983,2966.666666666661
snapshot_1787566435~p009,voronoi,1,0,completed,True,False,3,3,0,,13.553758000057314,4.517919333352438,4859.9999999999845,17.82410299995263,272.6644925701395,243,0,0,0,10913.329656094711,10293.850441153258,59.49460694768532,59.790351122615924,27.174693267736444,20.0,kinematic,False,0,0.0,,,,snapshot_1787566435~perturbed,once,0,0,13.553758000057314,4.634566000049745,4859.9999999999845
snapshot_1787566435~p009,voronoi,1,0,completed,True,False,3,348,0,,305.79531599983056,0.8787221724133062,2316.6666666666633,317.4793430000591,7.297062683748316,139,0,0,0,10913.329656094711,7680.071789599202,59.06846341793611,59.13507051950883,9.930128937763584,20.0,kinematic,False,0,0.0,,,,snapshot_1787566435~perturbed,cycle,60,3,14.288295000028484,5.19048399996791,2316.6666666666633
snapshot_1787566435~p009,voronoi,1,0,completed,True,False,3,355,0,,51.493013000253995,0.1450507408457859,2349.9999999999964,62.45169500004977,37.629082765457746,141,0,0,0,10913.329656094711,7797.471403130796,58.43869846260941,58.65562576896506,4.204595681038256,20.0,kinematic,False,0,0.0,,,,snapshot_1787566435~perturbed,event,6,0,13.79340499988757,4.6724369999537885,2349.9999999999964
snapshot_1787566435~p009,prm,1,0,completed,True,False,3,3,0,,19.748414000105186,6.582804666701729,3940.000000000003,23.531753000042954,167.43333996378473,197,0,0,0,10329.632477649626,9782.107238795186,58.17733128609765,58.72971546600149,46.78980574090971,20.0,kinematic,False,0,0.0,,,,snapshot_1787566435~perturbed,once,0,0,19.748414000105186,6.74280999999155,3940.000000000003
snapshot_1787566435~p009,prm,1,0,completed,True,False,3,355,0,,495.58314300099937,1.3960088535239419,2366.6666666666633,508.74844899999516,4.651938834051729,142,1,0,1,10329.632477649626,7915.773285352629,59.2422367108839,59.90389138369915,-0.5533127530680417,20.0,kinematic,False,0,0.0,,,,snapshot_1787566435~perturbed,cycle,68,12,19.524008999951548,7.2612300000400865,2366.6666666666633
snapshot_1787566435~p009,prm,1,0,completed,True,False,3,363,0,,79.91131700123333,0.2201413691494031,2483.3333333333294,90.82306400000562,27.342540803657272,149,1,0,1,10329.632477649626,7950.340294102685,58.96207245331232,59.6560426075387,-7.569718387268324,20.0,kinematic,False,0,0.0,,,,snapshot_1787566435~perturbed,event,8,14,19.823616000053335,6.988072000012835,2483.3333333333294
snapshot_1787566435~p009,visibility,1,0,completed,True,False,3,3,0,,30.15404200004923,10.051347333349744,3460.0000000000027,33.25650899989796,104.03978361079989,173,1,3,4,7305.937906814672,7108.895939380773,58.095483262311994,58.7900415758022,-148.11084979974206,20.0,kinematic,False,0,0.0,,,,snapshot_1787566435~perturbed,once,0,0,30.15404200004923,10.180192999996507,3460.0000000000027
snapshot_1787566435~p009,visibility,1,0,completed,True,False,3,521,0,,2297.6878390001048,4.410149403071219,3466.6666666666592,2317.376667000076,1.4959444081891007,208,1,2,3,7305.937906814672,7152.004796752266,58.82026585723452,59.86742738790468,-116.41847916788916,20.0,kinematic,False,0,0.0,,,,snapshot_1787566435~perturbed,cycle,242,66,29.30717900005675,10.727847999987716,3466.6666666666592
snapshot_1787566435~p009,visibility,1,0,completed,True,False,3,532,0,,512.0676289988069,0.9625331372158024,3466.6666666666592,528.9409990000422,6.553976101720908,208,1,2,3,7305.937906814672,7165.108177728579,58.76415108657398,59.44427661566199,-144.76608959514152,20.0,kinematic,False,0,0.0,,,,snapshot_1787566435~perturbed,event,51,72,29.608325000026525,9.92081499998676,3466.6666666666592
snapshot_1787566435~p010,voronoi,1,0,completed,True,False,3,3,0,,13.67675100004817,4.558917000016057,5699.999999999966,18.733694000047763,304.2646047269393,285,0,0,0,12848.22077387642,12137.780948964093,59.142820868683,59.738335582030096,73.90101711973975,20.0,kinematic,False,0,0.0,,,,snapshot_1787566435~perturbed,once,0,0,13.67675100004817,4.622219999987465,5699.999999999966
snapshot_1787566435~p010,voronoi,1,0,completed,True,False,3,418,0,,554.7016900005701,1.3270375358865314,2383.33333333333,568.7845400000242,4.190221719692361,143,0,0,0,12848.22077387642,9774.02008094597,58.98922233541186,59.86837356376139,7.076067302992641,20.0,kinematic,False,0,0.0,,,,snapshot_1787566435~perturbed,cycle,118,0,13.632404000190945,5.312769000056505,2383.33333333333
snapshot_1787566435~p010,voronoi,1,0,completed,True,False,3,485,0,,29.437691999987692,0.06069627216492308,3683.3333333333253,44.83018299993091,82.16190715391463,221,0,0,0,12848.22077387642,9822.556946650118,59.386328784767784,59.88311313323155,0.9766339495182024,20.0,kinematic,False,0,0.0,,,,snapshot_1787566435~perturbed,event,0,0,13.832298000011178,4.648727000017061,3683.3333333333253
snapshot_1787566435~p010,prm,1,0,completed,True,False,3,3,0,,19.821635000084825,6.607211666694941,3340.0000000000027,22.903010000050017,145.8323600257219,167,0,1,1,11142.474752118938,10450.859084063763,58.78791216964345,59.2602004542788,-37.3337983014103,20.0,kinematic,False,0,0.0,,,,snapshot_1787566435~perturbed,once,0,0,19.821635000084825,6.875927999999476,3340.0000000000027
snapshot_1787566435~p010,prm,1,0,completed,True,False,3,445,0,,854.3913330008763,1.919980523597475,3149.9999999999936,872.6022920000105,3.60989196209899,189,0,0,0,11142.474752118938,10403.498825291803,59.58901884487949,59.81181130811675,1.378512426002203,20.0,kinematic,False,0,0.0,,,,snapshot_1787566435~perturbed,cycle,118,0,19.52397499997005,7.237895999992361,3149.9999999999936
snapshot_1787566435~p010,prm,1,0,completed,True,False,3,448,0,,49.31929600047624,0.11008771428677733,3199.9999999999936,63.40947299997879,50.46564572459172,192,0,0,0,11142.474752118938,10401.360475712994,59.60095410113899,59.81181130811675,1.7341033999337299,20.0,kinematic,False,0,0.0,,,,snapshot_1787566435~perturbed,event,3,0,20.579924999992727,7.157489000064743,3199.9999999999936
snapshot_1787566435~p010,visibility,1,0,completed,True,False,3,3,0,,29.803593999986333,9.934531333328778,3480.0000000000027,33.009889000027215,105.42295370933037,174,1,3,4,7755.290035058402,7544.912238184935,58.64024255719684,59.104910899681606,-102.12909252214064,20.0,kinematic,False,0,0.0,,,,snapshot_1787566435~perturbed,once,0,0,29.803593999986333,10.292647999904148,3480.0000000000027
snapshot_1787566435~p010,visibility,1,0,completed,True,False,3,544,0,,2439.6093480006584,4.484576007354152,3483.3333333333258,2461.6384299999936,1.4150466985248256,209,1,4,5,7755.290035058402,7592.60742613555,59.237768425922205,59.49066190974611,-51.83034776292587,20.0,kinematic,False,0,0.0,,,,snapshot_1787566435~perturbed,cycle,263,59,28.806802999952197,11.503777000029913,3483.3333333333258
snapshot_1787566435~p010,visibility,1,0,completed,True,False,3,545,0,,456.0907669989547,0.8368637926586324,3483.3333333333258,473.5015469999553,7.356540554942801,209,1,4,5,7755.290035058402,7593.250792292962,59.231180862839956,59.49066190974611,-50.174293907044614,20.0,kinematic,False,0,0.0,,,,snapshot_1787566435~perturbed,event,46,62,29.12909499991656,13.853282000013678,3483.3333333333258
snapshot_1787566435~p011,voronoi,1,0,completed,True,False,3,3,0,,13.49737299995013,4.49912433331671,4779.999999999986,17.657954000014797,270.6995385759857,239,0,0,0,9704.128484760271,9258.526724100473,58.640679779718035,58.980639300650594,21.65411649886596,20.0,kinematic,False,0,0.0,,,,snapshot_1787566435~perturbed,once,0,0,13.49737299995013,4.580298999940169,4779.999999999986
snapshot_1787566435~p011,voronoi,1,0,completed,True,False,3,362,0,,358.3702989998301,0.9899732016569892,2383.33333333333,370.63485600003787,6.430407973644784,143,0,0,0,9704.128484760271,7878.890853053377,58.52077329201575,59.11633253820339,2.1166578810120598,20.0,kinematic,False,0,0.0,,,,snapshot_1787566435~perturbed,cycle,75,0,13.377633999994032,4.935561000024791,2383.33333333333
snapshot_1787566435~p011,voronoi,1,0,completed,True,False,3,474,0,,51.36320300096031,0.10836118776573905,2916.666666666661,65.72097399998711,44.379541098511915,175,0,0,0,9704.128484760271,9305.422972524,59.367801909491924,59.81418909833341,2.1166578810120598,20.0,kinematic,False,0,0.0,,,,snapshot_1787566435~perturbed,event,5,0,13.52670100004616,4.575577000082376,2916.666666666661
snapshot_1787566435~p011,prm,1,0,completed,True,False,3,3,0,,19.908199999917997,6.636066666639333,3140.0000000000023,22.79369300003964,137.75740508545684,157,1,0,1,10051.265046967206,9476.096253475867,58.18867932120421,58.81466189970246,-130.08201727388357,20.0,kinematic,False,0,0.0,,,,snapshot_1787566435~perturbed,once,0,0,19.908199999917997,6.827390000012201,3140.0000000000023
snapshot_1787566435~p011,prm,1,0,completed,True,False,3,377,0,,602.5212640001882,1.5981996392577937,2549.999999999996,618.0246379999517,4.126049097738714,153,1,0,1,10051.265046967206,8110.479779008884,59.16234062871087,59.76929405971154,-8.920960874247811,20.0,kinematic,False,0,0.0,,,,snapshot_1787566435~perturbed,cycle,83,19,19.9098129999129,7.387130999973124,2549.999999999996
snapshot_1787566435~p011,prm,1,0,completed,True,False,3,377,0,,91.45469900067837,0.24258540848986307,2549.999999999996,103.37189200004104,24.66821445039415,153,1,0,1,10051.265046967206,8110.479779008884,59.16234062871087,59.76929405971154,-8.920960874247811,20.0,kinematic,False,0,0.0,,,,snapshot_1787566435~perturbed,event,9,19,20.318746000043575,7.372372000077121,2549.999999999996
snapshot_1787566435~p011,visibility,1,0,completed,True,False,3,3,0,,30.18067499999688,10.06022499999896,3580.0000000000027,33.423099000060574,107.11155180414343,179,0,3,3,7280.188414196273,7074.169229403438,58.15550679014038,58.49548198635204,-38.35669154122516,20.0,kinematic,False,0,0.0,,,,snapshot_1787566435~perturbed,once,0,0,30.18067499999688,10.144141000068885,3580.0000000000027
snapshot_1787566435~p011,visibility,1,0,completed,True,False,3,530,0,,2910.0208070010467,5.49060529622839,3499.9999999999923,2934.0032329999985,1.1929093876359727,210,0,3,3,7280.188414196273,7107.325235183152,59.345198021855076,59.708626545425254,-13.815360689382715,20.0,kinematic,False,0,0.0,,,,snapshot_1787566435~perturbed,cycle,294,18,30.19764500004385,21.369738000089455,3499.9999999999923
snapshot_1787566435~p011,visibility,1,0,completed,True,False,3,530,0,,316.8859900000598,0.5978980943397355,3583.3333333333253,334.31278500006556,10.71850522657284,215,0,2,2,7280.188414196273,7076.7901481577055,58.78565559128068,59.708626545425254,-38.259063439712634,20.0,kinematic,False,0,0.0,,,,snapshot_1787566435~perturbed,event,28,26,31.504326000117544,11.04479100001754,3583.3333333333253
snapshot_1787566435~p012,voronoi,1,0,completed,True,False,3,3,0,,14.761296999836304,4.920432333278768,4879.999999999984,20.143012999938037,242.26762897958687,244,0,0,0,12089.390478480536,11370.174816722501,58.830790687642065,59.77891625751048,24.628874776035673,20.0,kinematic,False,0,0.0,,,,snapshot_1787566435~perturbed,once,0,0,14.761296999836304,5.2391329999181835,4879.999999999984
snapshot_1787566435~p012,voronoi,1,0,completed,True,False,3,342,0,,193.0393529999037,0.5644425526312974,2299.999999999997,204.62125800008835,11.240278857043307,138,0,0,0,12089.390478480536,7675.772483307449,58.64123788430686,59.46765807643898,1.2437566185605249,20.0,kinematic,False,0,0.0,,,,snapshot_1787566435~perturbed,cycle,37,0,14.092993999952341,5.086698000013712,2299.999999999997
snapshot_1787566435~p012,voronoi,1,0,completed,True,False,3,350,0,,25.010545999293754,0.07145870285512501,2416.666666666663,36.359921999974176,66.46512241330933,145,0,0,0,12089.390478480536,7759.1109637772915,58.57506842817187,59.119109571298246,1.1268296670240545,20.0,kinematic,False,0,0.0,,,,snapshot_1787566435~perturbed,event,0,0,14.01672999998027,5.03805599998941,2416.666666666663
snapshot_1787566435~p012,prm,1,0,completed,True,False,3,3,0,,19.697243999985403,6.565747999995135,3500.0000000000027,23.05659499995727,151.80038509617268,175,0,1,1,11216.262247387907,10508.337062595596,58.94742428243189,59.5492255125802,-31.357273093992177,20.0,kinematic,False,0,0.0,,,,snapshot_1787566435~perturbed,once,0,0,19.697243999985403,6.709349999937331,3500.0000000000027
snapshot_1787566435~p012,prm,1,0,completed,True,False,3,379,0,,608.6059359994351,1.6058204116080084,2399.9999999999964,624.78623100003,3.8413138461111203,144,0,0,0,11216.262247387907,8377.766966395673,58.93790460628162,59.592574288745645,0.8637516199729305,20.0,kinematic,False,0,0.0,,,,snapshot_1787566435~perturbed,cycle,81,13,19.84462899997652,9.083205000024464,2399.9999999999964
snapshot_1787566435~p012,prm,1,0,completed,True,False,3,417,0,,60.29503000195291,0.14459239808621802,2549.999999999996,73.17278100003932,34.849023983366514,153,0,0,0,11216.262247387907,9548.693343622966,59.421376673578116,59.954821640748285,0.8637516199729305,20.0,kinematic,False,0,0.0,,,,snapshot_1787566435~perturbed,event,4,0,19.91506299998491,9.76634300002388,2549.999999999996
snapshot_1787566435~p012,visibility,1,0,completed,True,False,3,3,0,,30.558116999941376,10.18603899998046,3500.0000000000027,33.75841100000798,103.6778656435925,175,0,4,4,7491.762415908024,7292.467903912979,58.33890436899014,58.66998318615414,-40.42833430894095,20.0,kinematic,False,0,0.0,,,,snapshot_1787566435~perturbed,once,0,0,30.558116999941376,10.431014000005234,3500.0000000000027
snapshot_1787566435~p012,visibility,1,0,completed,True,False,3,520,0,,2622.1053070000835,5.042510205769391,3499.9999999999923,2644.389627999999,1.3235568476522528,210,0,3,3,7491.762415908024,7308.620319407706,59.00217623071998,59.50079522740541,-36.4470443022322,20.0,kinematic,False,0,0.0,,,,snapshot_1787566435~perturbed,cycle,271,22,30.997317000014846,17.303649000041332,3499.9999999999923
snapshot_1787566435~p012,visibility,1,0,completed,True,False,3,546,0,,427.75010299988026,0.7834250970693778,3633.3333333333253,448.5651060000464,8.099901853116835,218,0,3,3,7491.762415908024,7315.349797600361,58.821505811457975,58.96128509015635,-49.17172055993305,20.0,kinematic,False,0,0.0,,,,snapshot_1787566435~perturbed,event,39,23,31.209091999926386,11.835927999982232,3633.3333333333253
snapshot_1787566435~p013,voronoi,1,0,completed,True,False,3,3,0,,13.736944000015683,4.578981333338561,5999.99999999996,19.913535999990017,301.30259136312947,300,0,0,0,15431.865179897013,14527.108226462538,59.476489657122606,59.905553294551815,222.60498009835902,20.0,kinematic,False,0,0.0,,,,snapshot_1787566435~perturbed,once,0,0,13.736944000015683,4.676301000017702,5999.99999999996
snapshot_1787566435~p013,voronoi,1,0,completed,True,False,3,416,0,,588.2150279998086,1.4139784326918476,2733.3333333333285,603.3973239999568,4.529906289961478,164,0,0,0,15431.865179897013,9787.330138659261,58.77278542963787,59.676774931044214,1.2337424815064821,20.0,kinematic,False,0,0.0,,,,snapshot_1787566435~perturbed,cycle,117,2,13.650072999894292,6.743924000033985,2733.3333333333285
snapshot_1787566435~p013,voronoi,1,0,completed,True,False,3,440,0,,27.71603699886782,0.06299099317924504,2866.6666666666615,41.38295399991421,69.27167806030968,172,0,0,0,15431.865179897013,9010.129183933976,58.88782371282236,59.58175176427961,2.5131346868074047,20.0,kinematic,False,0,0.0,,,,snapshot_1787566435~perturbed,event,0,0,13.896878999844375,4.674480999938169,2866.6666666666615
snapshot_1787566435~p013,prm,1,0,completed,True,False,3,3,0,,19.70831900007397,6.5694396666913235,3160.0000000000023,22.73293999996895,139.0053376291988,158,0,0,0,9907.227500124507,9337.536025462443,58.40905039322373,58.92686913526578,27.842493710619465,20.0,kinematic,False,0,0.0,,,,snapshot_1787566435~perturbed,once,0,0,19.70831900007397,6.7922930001032,3160.0000000000023
snapshot_1787566435~p013,prm,1,0,completed,True,False,3,423,0,,871.5853730008121,2.06048551536835,2683.3333333333285,888.2997800000112,3.020751995833315,161,0,0,0,9907.227500124507,8655.231322733627,58.99511663938262,59.55441998242498,1.082381387353223,20.0,kinematic,False,0,0.0,,,,snapshot_1787566435~perturbed,cycle,122,6,19.573573000002398,8.719926999901872,2683.3333333333285
snapshot_1787566435~p013,prm,1,0,completed,True,False,3,423,0,,36.80030199836892,0.08699834987794072,2683.3333333333285,51.74574099999063,51.856119585451765,161,0,0,0,9907.227500124507,8655.231322733627,58.99511663938262,59.55441998242498,1.082381387353223,20.0,kinematic,False,0,0.0,,,,snapshot_1787566435~perturbed,event,1,6,19.989579999901252,7.0918129999881785,2683.3333333333285
snapshot_1787566435~p013,visibility,1,0,completed,True,False,3,3,0,,31.605360000071414,10.535120000023804,3460.0000000000027,34.70941499995206,99.68476852763959,173,0,4,4,7016.6444512334165,6807.868289880738,58.68032895400102,59.84898429933663,-31.59014518091294,20.0,kinematic,False,0,0.0,,,,snapshot_1787566435~perturbed,once,0,0,31.605360000071414,10.803807999991477,3460.0000000000027
snapshot_1787566435~p013,visibility,1,0,completed,True,False,3,563,0,,2876.6030699991916,5.10941930728098,3849.9999999999914,2901.3106270000435,1.3269864881654858,231,1,4,5,7016.6444512334165,7018.5635258273,59.159312072945774,59.551604144680155,-128.6953202984044,20.0,kinematic,False,0,0.0,,,,snapshot_1787566435~perturbed,cycle,275,113,32.98726000002716,15.05294399999002,3849.9999999999914
snapshot_1787566435~p013,visibility,1,0,completed,True,False,3,476,0,,357.03524799885145,0.7500740504177551,3299.999999999993,372.4681309998914,8.85981839880136,198,0,1,1,7016.6444512334165,6810.321397760168,59.5247516327806,59.980550842656776,-33.35572924947675,20.0,kinematic,False,0,0.0,,,,snapshot_1787566435~perturbed,event,31,24,32.73627499993381,11.83803500009617,3299.999999999993
snapshot_1787566435~p014,voronoi,1,0,completed,True,False,3,3,0,,13.755758000115748,4.585252666705249,5819.999999999964,19.043119000002662,305.6222040097082,291,0,0,0,15394.868054445362,14457.568320717815,58.68295681387327,59.21616682340975,209.61652942348326,20.0,kinematic,False,0,0.0,,,,snapshot_1787566435~perturbed,once,0,0,13.755758000115748,4.629738000062389,5819.999999999964
snapshot_1787566435~p014,voronoi,1,0,completed,True,False,3,411,0,,400.98317599824895,0.9756281654458612,2516.6666666666624,414.80086500007474,6.067168318624912,151,0,0,0,15394.868054445362,9512.550411897917,58.925103766702854,59.39535946469309,0.8639407417392704,20.0,kinematic,False,0,0.0,,,,snapshot_1787566435~perturbed,cycle,82,2,13.513858999999684,4.747706999978618,2516.6666666666624
snapshot_1787566435~p014,voronoi,1,0,completed,True,False,3,524,0,,30.704638999623057,0.058596639312257746,4499.999999999989,48.20760299992344,93.34627154158932,270,0,0,0,15394.868054445362,10302.385812790506,58.56732189278236,58.98855843241971,2.418012337345516,20.0,kinematic,False,0,0.0,,,,snapshot_1787566435~perturbed,event,0,0,13.753030000088984,4.644710999968993,4499.999999999989
snapshot_1787566435~p014,prm,1,0,completed,True,False,3,3,0,,20.07728400008091,6.692428000026969,3560.0000000000027,23.392658000034317,152.1845016498245,178,0,0,0,11245.170016470529,10540.586438202883,58.933560752012504,59.491294103972564,36.81430103784382,20.0,kinematic,False,0,0.0,,,,snapshot_1787566435~perturbed,once,0,0,20.07728400008091,6.84178400001656,3560.0000000000027
snapshot_1787566435~p014,prm,1,0,completed,True,False,3,430,0,,861.769499000161,2.004115113953863,2583.333333333329,878.271390000009,2.941383907920879,155,0,0,0,11245.170016470529,9465.828670260511,58.49963340239424,58.81217414901492,3.101025645071246,20.0,kinematic,False,0,0.0,,,,snapshot_1787566435~perturbed,cycle,122,6,21.449551999921823,7.590101999994658,2583.333333333329
snapshot_1787566435~p014,prm,1,0,completed,True,False,3,447,0,,42.260814999394825,0.09454321028947388,2633.333333333329,55.5801859999292,47.378994617554596,158,0,0,0,11245.170016470529,9771.260435959757,58.925512853603216,59.63974441512941,2.884347643199476,20.0,kinematic,False,0,0.0,,,,snapshot_1787566435~perturbed,event,2,0,20.188557999972545,6.93818700005977,2633.333333333329
snapshot_1787566435~p014,visibility,1,0,completed,True,False,3,3,0,,29.893517999880714,9.964505999960238,3780.0000000000027,33.472104999987096,112.92985606974703,189,0,4,4,7419.024191609556,7168.179248168957,59.20657770510844,59.85170945170903,-49.52278947816231,20.0,kinematic,False,0,0.0,,,,snapshot_1787566435~perturbed,once,0,0,29.893517999880714,10.049440999978287,3780.0000000000027
snapshot_1787566435~p014,visibility,1,0,completed,True,False,3,503,0,,2359.672411000929,4.69119763618475,3383.333333333326,2379.8111910000443,1.4216814115877747,203,0,2,2,7419.024191609556,7274.776262864847,58.98404438185215,59.530524488509464,-29.480288785943003,20.0,kinematic,False,0,0.0,,,,snapshot_1787566435~perturbed,cycle,247,31,29.198377000057008,10.482658999990235,3383.333333333326
snapshot_1787566435~p014,visibility,1,0,completed,True,False,3,538,0,,555.4263300025468,1.032390947960124,3633.3333333333253,572.8206700000555,6.342880981115735,218,0,3,3,7419.024191609556,7168.587018252885,59.402312975894375,59.96711613982325,-49.00840413847041,20.0,kinematic,False,0,0.0,,,,snapshot_1787566435~perturbed,event,56,66,29.549587999895266,9.907535999900574,3633.3333333333253
snapshot_1787566435~p015,voronoi,1,0,completed,True,False,3,3,0,,13.766117000045597,4.588705666681865,4739.999999999987,18.058601999996426,262.4787898864444,237,1,0,1,13178.072165322079,12415.689830705156,59.504014925218335,59.91248522293161,-63.64370211585275,20.0,kinematic,False,0,0.0,,,,snapshot_1787566435~perturbed,once,0,0,13.766117000045597,4.686597999921105,4739.999999999987
snapshot_1787566435~p015,voronoi,1,0,completed,True,False,3,414,0,,531.8906589997141,1.2847600458930293,2549.999999999996,545.9805350000124,4.670496174373575,153,0,0,0,13178.072165322079,9845.68921929647,59.035312514011075,59.50596911001463,1.4379816735118993,20.0,kinematic,False,0,0.0,,,,snapshot_1787566435~perturbed,cycle,112,2,13.547926000114785,5.709868000053575,2549.999999999996
snapshot_1787566435~p015,voronoi,1,0,completed,True,False,3,472,0,,28.92228599819191,0.06127602965718625,3166.66666666666,43.73703299995668,72.40241162837444,190,0,0,0,13178.072165322079,9392.085815784547,58.89769878249161,59.50989179953015,0.02827802057376516,20.0,kinematic,False,0,0.0,,,,snapshot_1787566435~perturbed,event,0,0,13.951226999893152,4.7565549999717405,3166.66666666666
snapshot_1787566435~p015,prm,1,0,completed,True,False,3,3,0,,20.04039900009502,6.680133000031674,3940.000000000003,23.966698999970504,164.3947712617767,197,1,1,2,11141.346917570172,10437.263228238242,58.50309563834073,58.72898990355746,-8.877758026479029,20.0,kinematic,False,0,0.0,,,,snapshot_1787566435~perturbed,once,0,0,20.04039900009502,6.806205999964732,3940.000000000003
snapshot_1787566435~p015,prm,1,0,completed,True,False,3,493,0,,1325.1808159996017,2.687993541581342,3733.333333333325,1346.346036,2.7729374421638844,224,0,0,0,11141.346917570172,9807.258266393395,59.27446505678344,59.72602956031419,0.3420663398931083,20.0,kinematic,False,0,0.0,,,,snapshot_1787566435~perturbed,cycle,196,0,19.524047999993854,8.86802600007286,3733.333333333325
snapshot_1787566435~p015,prm,1,0,completed,True,False,3,534,0,,96.2530210007344,0.18024910299762997,4299.99999999999,113.92199599993091,37.74512518199381,258,0,0,0,11141.346917570172,8728.378913904955,58.781645722108685,59.95932318639267,0.2955722410518433,20.0,kinematic,False,0,0.0,,,,snapshot_1787566435~perturbed,event,10,0,20.227685000008933,6.887751000022035,4299.99999999999
snapshot_1787566435~p015,visibility,1,0,completed,True,False,3,3,0,,28.860288000032597,9.620096000010866,3340.0000000000027,31.875280000008388,104.78339327526295,167,0,4,4,7193.457424760943,6970.7306654229615,58.992222436794755,59.74152925590084,-32.11438090719747,20.0,kinematic,False,0,0.0,,,,snapshot_1787566435~perturbed,once,0,0,28.860288000032597,9.820670000067366,3340.0000000000027
snapshot_1787566435~p015,visibility,1,0,completed,True,False,3,488,0,,2074.638355000502,4.251308104509226,3333.333333333326,2093.7075089999553,1.5920721108391447,200,0,3,3,7193.457424760943,6971.916895894354,58.84772857174453,59.32901633325769,-32.265372959528776,20.0,kinematic,False,0,0.0,,,,snapshot_1787566435~perturbed,cycle,222,33,28.487380000001394,9.923079999907713,3333.333333333326
snapshot_1787566435~p015,visibility,1,0,completed,True,False,3,480,0,,277.5485109999636,0.5782260645832574,3199.9999999999936,292.71126200001163,10.932274959751519,192,0,2,2,7193.457424760943,6973.950484304977,58.706817807181835,58.9062840395696,-32.265372959528776,20.0,kinematic,False,0,0.0,,,,snapshot_1787566435~perturbed,event,26,31,29.1990689999011,10.067633999938153,3199.9999999999936
snapshot_1787566435~p016,voronoi,1,0,completed,True,False,3,3,0,,9.213102999979128,3.071034333326376,5219.999999999976,13.818071000059717,377.766187478514,261,0,0,0,13787.490883897237,13013.008482781786,58.90681648197283,59.89005473329381,50.17099476617389,20.0,kinematic,False,0,0.0,,,,snapshot_1787566435~perturbed,once,0,0,9.213102999979128,4.651216000070235,5219.999999999976
snapshot_1787566435~p016,voronoi,1,0,completed,True,False,3,401,0,,346.3707949996433,0.8637675685776641,2383.33333333333,359.6619790000659,6.62659239088737,143,0,0,0,13787.490883897237,8878.279932141702,58.90325682253476,59.73191236340391,4.1522347154743215,20.0,kinematic,False,0,0.0,,,,snapshot_1787566435~perturbed,cycle,71,2,9.125460999939605,4.912198000056378,2383.33333333333
snapshot_1787566435~p016,voronoi,1,0,completed,True,False,3,499,0,,29.977922000284707,0.060075995992554525,4149.999999999991,46.56858700002431,89.11586688249366,249,0,0,0,13787.490883897237,9626.504888286494,59.29306291567416,59.618325577556824,4.616164005034705,20.0,kinematic,False,0,0.0,,,,snapshot_1787566435~perturbed,event,1,0,9.370210000042789,4.7453849999783415,4149.999999999991
snapshot_1787566435~p016,prm,1,0,completed,True,False,3,3,0,,13.96261799993681,4.654205999978937,3440.0000000000027,17.058745999975145,201.65608890624287,172,0,0,0,11060.562645993392,10373.151932785766,58.76831768611188,59.31780347459146,50.17099476617389,20.0,kinematic,False,0,0.0,,,,snapshot_1787566435~perturbed,once,0,0,13.96261799993681,7.153384999924128,3440.0000000000027
snapshot_1787566435~p016,prm,1,0,completed,True,False,3,386,0,,522.0423360000268,1.3524412849741627,2433.3333333333294,537.0129519999409,4.531237699707468,146,0,0,0,11060.562645993392,8974.867301639584,59.08039407745675,59.84872287883828,2.5282977840197987,20.0,kinematic,False,0,0.0,,,,snapshot_1787566435~perturbed,cycle,71,12,13.552329000049212,7.466163000003689,2433.3333333333294
snapshot_1787566435~p016,prm,1,0,completed,True,False,3,432,0,,27.986226999587416,0.06478293286941532,2983.3333333333276,41.36487900007069,72.12237544145191,179,0,0,0,11060.562645993392,9199.947321122356,59.203651230226335,59.363546013337924,6.127433797458707,20.0,kinematic,False,0,0.0,,,,snapshot_1787566435~perturbed,event,1,0,13.253190000114046,6.810339000026033,2983.3333333333276
snapshot_1787566435~p016,visibility,1,0,completed,True,False,3,3,0,,19.897981999974945,6.632660666658315,3540.0000000000027,23.096022999993693,153.27314144088658,177,0,2,2,7538.724956364404,7303.678956186071,58.61891281128202,59.868714788268086,-80.8168548840581,20.0,kinematic,False,0,0.0,,,,snapshot_1787566435~perturbed,once,0,0,19.897981999974945,9.974338000006355,3540.0000000000027
snapshot_1787566435~p016,visibility,1,0,completed,True,False,3,455,0,,1538.53268700027,3.381390520879714,3399.9999999999927,1556.5138429999479,2.1843686230550965,204,0,2,2,7538.724956364404,7430.824422427822,58.55762579027813,58.90770763637747,-80.44079618174045,20.0,kinematic,False,0,0.0,,,,snapshot_1787566435~perturbed,cycle,160,19,20.572225000023536,11.3672539999925,3399.9999999999927
snapshot_1787566435~p016,visibility,1,0,completed,True,False,3,440,0,,57.23407000016323,0.1300774318185528,3149.9999999999936,70.70184199994856,44.55329466525477,189,0,2,2,7538.724956364404,7303.756085531953,58.727180414683694,59.27200120129652,-80.44079618174045,20.0,kinematic,False,0,0.0,,,,snapshot_1787566435~perturbed,event,3,14,20.200953999960802,10.36878299998989,3149.9999999999936
snapshot_1787566435~p017,voronoi,1,0,completed,True,False,3,3,0,,13.991227000019535,4.663742333339845,4919.999999999983,18.46031499997025,266.5176623480104,246,0,0,0,14114.214777791385,13402.524794628951,59.13400835341836,59.469651356734104,33.37970920263635,20.0,kinematic,False,0,0.0,,,,snapshot_1787566435~perturbed,once,0,0,13.991227000019535,4.735081000035279,4919.999999999983
snapshot_1787566435~p017,voronoi,1,0,completed,True,False,3,429,0,,521.5596960005087,1.2157568671340528,2549.999999999996,536.2784200000306,4.754992751712535,153,0,0,0,14114.214777791385,9921.7909101945,59.06957514193675,59.95407602664498,2.6827172000026565,20.0,kinematic,False,0,0.0,,,,snapshot_1787566435~perturbed,cycle,110,1,13.576327999999194,5.959486000051584,2549.999999999996
snapshot_1787566435~p017,voronoi,1,0,completed,True,False,3,563,0,,36.31922000033683,0.06451015985850236,4433.333333333323,54.73616699998729,80.99458870282884,266,0,0,0,14114.214777791385,10705.452002596621,59.703940703148724,59.78673788494777,1.2274504053218607,20.0,kinematic,False,0,0.0,,,,snapshot_1787566435~perturbed,event,1,0,13.672472999928686,4.6393119999947885,4433.333333333323
snapshot_1787566435~p017,prm,1,0,completed,True,False,3,3,0,,20.763295000051585,6.921098333350528,3960.000000000003,24.39535199994225,162.32600374076904,198,0,0,0,11439.088973346768,10740.82416739939,58.57897851289956,59.60100399052033,33.97772781635027,20.0,kinematic,False,0,0.0,,,,snapshot_1787566435~perturbed,once,0,0,20.763295000051585,7.246956000017235,3960.000000000003
snapshot_1787566435~p017,prm,1,0,completed,True,False,3,466,0,,1251.6932310015818,2.686036976398244,2883.333333333328,1270.7160979999799,2.2690617816768808,173,0,0,0,11439.088973346768,10003.97602782326,59.294081242440875,59.80892283045467,2.5088839633967837,20.0,kinematic,False,0,0.0,,,,snapshot_1787566435~perturbed,cycle,172,7,19.932903000039914,23.208597000007103,2883.333333333328
snapshot_1787566435~p017,prm,1,0,completed,True,False,3,514,0,,47.00441300121838,0.09144827432143654,3416.6666666666592,63.30195800001093,53.97410719374698,205,0,0,0,11439.088973346768,9641.01276357509,59.64377519002008,59.91418866451602,1.4032774150832665,20.0,kinematic,False,0,0.0,,,,snapshot_1787566435~perturbed,event,2,0,22.06382899998971,7.543418000068414,3416.6666666666592
snapshot_1787566435~p017,visibility,1,0,completed,True,False,3,3,0,,32.3165519999975,10.772183999999166,3420.0000000000027,35.452809999924284,96.46626036151456,171,1,3,4,7593.893913463141,7378.268121704477,58.59169521793864,59.567246502851646,-52.474057903244045,20.0,kinematic,False,0,0.0,,,,snapshot_1787566435~perturbed,once,0,0,32.3165519999975,10.852587000044878,3420.0000000000027
snapshot_1787566435~p017,visibility,1,0,completed,True,False,3,502,0,,2531.8009479992725,5.043428183265483,3233.3333333333267,2554.1181699999242,1.265929419911461,194,0,1,1,7593.893913463141,7390.353596683819,58.647722849426096,58.80302543395843,-28.38042861029419,20.0,kinematic,False,0,0.0,,,,snapshot_1787566435~perturbed,cycle,242,25,32.18802800006415,18.16684699997495,3233.3333333333267
snapshot_1787566435~p017,visibility,1,0,completed,True,False,3,500,0,,326.4316909999252,0.6528633819998504,3233.3333333333267,341.80261500000597,9.459650662219978,194,0,1,1,7593.893913463141,7402.7197033522325,58.98812785420793,59.82424044830394,-28.38042861029419,20.0,kinematic,False,0,0.0,,,,snapshot_1787566435~perturbed,event,29,25,31.80830100006915,11.005084000089482,3233.3333333333267
snapshot_1787566435~p018,voronoi,1,0,completed,True,False,3,3,0,,13.84569900005772,4.6152330000192405,5079.99999999998,18.517732999953296,274.3316366000521,254,0,0,0,13599.17627992378,12949.077419985946,58.814088238252424,59.99053724020105,40.27367303417006,20.0,kinematic,False,0,0.0,,,,snapshot_1787566435~perturbed,once,0,0,13.84569900005772,4.719720000025518,5079.99999999998
snapshot_1787566435~p018,voronoi,1,0,completed,True,False,3,378,0,,381.19539999934204,1.0084534391516986,2416.666666666663,395.30515800004196,6.113420525280387,145,0,0,0,13599.17627992378,8683.545718034131,58.90484205505459,59.752205497454156,1.853414075351509,20.0,kinematic,False,0,0.0,,,,snapshot_1787566435~perturbed,cycle,79,0,13.656395000111843,5.200544999979684,2416.666666666663
snapshot_1787566435~p018,voronoi,1,0,completed,True,False,3,392,0,,53.4175980009195,0.1362693826554069,2649.9999999999955,65.85116600001584,40.242263895514895,159,0,0,0,13599.17627992378,8711.049307637648,59.61760862097617,59.824962895540615,4.03915420013692,20.0,kinematic,False,0,0.0,,,,snapshot_1787566435~perturbed,event,6,0,13.926128999969478,4.701981999915006,2649.9999999999955
snapshot_1787566435~p018,prm,1,0,completed,True,False,3,3,0,,20.015944999954627,6.671981666651543,3980.000000000003,23.635342000034143,168.39189380015122,199,1,0,1,10536.847675712866,9973.148845251084,58.51901415854692,59.49915241551933,-126.58640472476063,20.0,kinematic,False,0,0.0,,,,snapshot_1787566435~perturbed,once,0,0,20.015944999954627,6.8988799999942785,3980.000000000003
snapshot_1787566435~p018,prm,1,0,completed,True,False,3,386,0,,667.8398299999344,1.73015499999983,2733.3333333333285,687.9847569999811,3.972956239978735,164,0,0,0,10536.847675712866,8435.64526297408,59.420843884582325,59.97170091447268,2.1596786225850053,20.0,kinematic,False,0,0.0,,,,snapshot_1787566435~perturbed,cycle,94,12,19.87922399996478,6.913091000001259,2733.3333333333285
snapshot_1787566435~p018,prm,1,0,completed,True,False,3,420,0,,79.65508699987822,0.1896549690473291,3299.999999999993,93.10523999999987,35.443762348929,198,0,0,0,10536.847675712866,8503.604347086362,59.10479909531159,59.97170091447268,2.1596786225850053,20.0,kinematic,False,0,0.0,,,,snapshot_1787566435~perturbed,event,8,12,19.465652000121736,6.728714000018954,3299.999999999993
snapshot_1787566435~p018,visibility,1,0,completed,True,False,3,3,0,,28.30229899996084,9.434099666653614,3480.0000000000027,31.483707999996113,110.5333590312943,174,0,2,2,7575.235799865382,7386.955092487715,58.931907628691455,59.40837789585573,-13.803647775107692,20.0,kinematic,False,0,0.0,,,,snapshot_1787566435~perturbed,once,0,0,28.30229899996084,9.454328999936479,3480.0000000000027
snapshot_1787566435~p018,visibility,1,0,completed,True,False,3,494,0,,2431.4871159997438,4.922038696355757,3483.3333333333258,2451.149115000021,1.4211021728611952,209,0,2,2,7575.235799865382,7397.352314448919,58.95383310551625,59.73308430314937,-6.655215660579216,20.0,kinematic,False,0,0.0,,,,snapshot_1787566435~perturbed,cycle,260,11,28.16301699988344,14.674378999984583,3483.3333333333258
snapshot_1787566435~p018,visibility,1,0,completed,True,False,3,516,0,,346.9036200001483,0.6722938372095897,3483.3333333333258,363.31934800000454,9.587525003852209,209,0,2,2,7575.235799865382,7384.2583082999045,59.5291361925101,59.866206622395474,-15.947374724042646,20.0,kinematic,False,0,0.0,,,,snapshot_1787566435~perturbed,event,34,13,28.740551000169035,9.90536599999814,3483.3333333333258
snapshot_1787566435~p019,voronoi,1,0,completed,True,False,3,3,0,,13.647123000055217,4.549041000018406,4719.999999999987,17.974227999957293,262.59820449652705,236,1,0,1,13728.289882761837,12863.31278162184,58.61607321660699,59.090086745535785,-8.515450024413525,20.0,kinematic,False,0,0.0,,,,snapshot_1787566435~perturbed,once,0,0,13.647123000055217,4.612741000073584,4719.999999999987
snapshot_1787566435~p019,voronoi,1,0,completed,True,False,3,442,0,,584.6250299997564,1.3226810633478652,2666.666666666662,599.6312229999603,4.447177805927625,160,0,0,0,13728.289882761837,10063.186251382522,58.857209824342895,59.942566029945816,2.2547812862354704,20.0,kinematic,False,0,0.0,,,,snapshot_1787566435~perturbed,cycle,121,3,13.426967999976114,8.312565999972321,2666.666666666662
snapshot_1787566435~p019,voronoi,1,0,completed,True,False,3,433,0,,27.176233999625765,0.0627626651261565,3116.6666666666606,40.82155999992665,76.34854392316856,187,0,0,0,13728.289882761837,9286.055557314303,58.94324415812243,59.40597030723715,0.41786133284884386,20.0,kinematic,False,0,0.0,,,,snapshot_1787566435~perturbed,event,0,0,13.666374999957043,4.587324999988596,3116.6666666666606
snapshot_1787566435~p019,prm,1,0,completed,True,False,3,3,0,,20.848523000040586,6.949507666680195,3920.000000000003,24.42954999992253,160.46140841777415,196,1,1,2,10811.883826251764,10059.31953865555,58.79402798994598,58.95330281627533,-52.91005659421276,20.0,kinematic,False,0,0.0,,,,snapshot_1787566435~perturbed,once,0,0,20.848523000040586,7.069672000056926,3920.000000000003
snapshot_1787566435~p019,prm,1,0,completed,True,False,3,396,0,,616.9462740001563,1.557945136364031,2483.3333333333294,631.7000210000288,3.931190835488695,149,0,0,0,10811.883826251764,8571.843387951096,58.50066514332347,58.70669619043624,3.461539997326753,20.0,kinematic,False,0,0.0,,,,snapshot_1787566435~perturbed,cycle,80,0,20.489190000034796,7.457669000018541,2483.3333333333294
snapshot_1787566435~p019,prm,1,0,completed,True,False,3,402,0,,33.97755099922506,0.08452127114235089,2516.6666666666624,45.85078600007364,54.888190284515964,151,0,0,0,10811.883826251764,8622.795096892676,59.031001268877255,59.72897366216247,3.891807126037037,20.0,kinematic,False,0,0.0,,,,snapshot_1787566435~perturbed,event,1,0,20.322577000115416,6.949834000010924,2516.6666666666624
snapshot_1787566435~p019,visibility,1,0,completed,True,False,3,3,0,,30.848895999838533,10.282965333279511,3440.0000000000027,37.70940399999745,91.22392918223358,172,0,3,3,7680.3173940504275,7451.885307663746,58.460614947979586,59.31908932399387,-48.18761070148196,20.0,kinematic,False,0,0.0,,,,snapshot_1787566435~perturbed,once,0,0,30.848895999838533,10.390129999905184,3440.0000000000027
snapshot_1787566435~p019,visibility,1,0,completed,True,False,3,533,0,,2484.422073999781,4.661204641650621,3449.9999999999927,2505.4930989999775,1.3769744571944733,207,1,2,3,7680.3173940504275,7479.789580342938,58.800494294717204,59.62981896889657,-124.37040753129202,20.0,kinematic,False,0,0.0,,,,snapshot_1787566435~perturbed,cycle,248,57,32.47241799999756,14.040481000051841,3449.9999999999927
snapshot_1787566435~p019,visibility,1,0,completed,True,False,3,541,0,,535.7450799996286,0.9902866543431212,3449.9999999999927,553.2364800000096,6.236031289910479,207,0,2,2,7680.3173940504275,7501.7859282443715,59.021817566871334,59.62981896889657,-48.62030424868621,20.0,kinematic,False,0,0.0,,,,snapshot_1787566435~perturbed,event,48,31,31.76891800001158,14.444970999988982,3449.9999999999927
random-s0-0000,voronoi,1,0,completed,True,False,3,3,0,,4.012794999994185,1.337598333331395,9499.999999999887,14.91701700001613,636.8565511448846,475,0,0,0,18130.274030111064,17737.664617852988,58.87022201687423,59.16635580827475,51.60094193637127,20.0,kinematic,False,0,0.0,,,,random,once,0,0,4.012794999994185,3.9424090000466094,9499.999999999887
random-s0-0000,voronoi,1,0,completed,True,False,3,540,0,,644.7117440023931,1.1939106370414687,4766.666666666655,669.941146000042,7.115052859682628,286,0,0,0,18130.274030111064,15871.430027991848,58.909215259335014,59.40705612749542,57.00365330280695,20.0,kinematic,False,0,0.0,,,,random,cycle,162,0,4.001981999977033,5.010018999996646,4766.666666666655
random-s0-0000,voronoi,1,0,completed,True,False,3,634,0,,33.154689999832954,0.052294463722134,6333.333333333316,62.35301000003801,101.57221493123515,380,0,0,0,18130.274030111064,16765.983175141842,58.743488367346515,59.12268732782851,0.6428152901354167,20.0,kinematic,False,0,0.0,,,,random,event,1,0,3.943872000036208,4.04941899989808,6333.333333333316
random-s0-0000,prm,1,0,completed,True,False,3,3,0,,6.476887999951941,2.158962666650647,4619.999999999989,11.906698000075266,388.0168960337101,231,0,1,1,14791.757420741425,14584.663700830974,58.840596909184,59.16635580827475,-11.583777463855938,20.0,kinematic,False,0,0.0,,,,random,once,0,0,6.476887999951941,6.437559000005422,4619.999999999989
random-s0-0000,prm,1,0,completed,True,False,3,416,0,,215.10740500139036,0.5170851081764192,2699.9999999999955,233.125962000031,11.581721644540115,162,0,1,1,14791.757420741425,14392.82215029455,58.56187448071493,59.12268732782851,-15.101971308837022,20.0,kinematic,False,0,0.0,,,,random,cycle,23,2,6.619518000093194,8.30488700000842,2699.9999999999955
random-s0-0000,prm,1,0,completed,True,False,3,416,0,,13.838120999480452,0.03326471394105878,2699.9999999999955,28.87884800009033,93.49403411076337,162,0,1,1,14791.757420741425,14392.82215029455,58.56187448071493,59.12268732782851,-15.101971308837022,20.0,kinematic,False,0,0.0,,,,random,event,0,2,6.916136999848277,6.8731179999304,2699.9999999999955
random-s0-0000,visibility,1,0,completed,True,False,3,3,0,,9.958582999956889,3.3195276666522964,3560.0000000000027,14.247468999997182,249.86894163452519,178,0,1,1,14557.713048601527,14382.007277703553,58.46181147729888,59.16635580827475,-168.35031700501656,20.0,kinematic,False,0,0.0,,,,random,once,0,0,9.958582999956889,9.919470999989244,3560.0000000000027
random-s0-0000,visibility,1,0,completed,True,False,3,453,0,,1008.8733759986326,2.2270935452508445,3316.6666666666597,1029.4867860000068,3.2216699735926846,199,0,0,0,14557.713048601527,14400.773057614404,58.4477067334665,59.12268732782851,0.7038187607525117,20.0,kinematic,False,0,0.0,,,,random,cycle,99,0,9.956385999885242,14.100294999934704,3316.6666666666597
random-s0-0000,visibility,1,0,completed,True,False,3,493,0,,138.77155700004096,0.281483888438217,3983.333333333324,158.23782300003586,25.173079721479873,239,0,1,1,14557.713048601527,14423.614145515196,58.92657706180156,59.45914153489505,-10.044780826637748,20.0,kinematic,False,0,0.0,,,,random,event,12,5,9.83378899991294,10.560401000020647,3983.333333333324
random-s0-0001,voronoi,1,0,completed,True,False,3,3,0,,0.10286100007306231,0.03428700002435411,2660.000000000002,3.4031550000008792,781.6276367075008,133,0,0,0,13745.188601491176,13568.673159802931,58.83848056274625,59.662498044545984,8.253704158942043,20.0,kinematic,False,0,0.0,,,,random,once,0,0,0.10286100007306231,0.046913999995013,2660.000000000002
random-s0-0001,voronoi,1,0,completed,True,False,3,409,0,,26.916479000419713,0.06581046210371568,2666.666666666662,42.67270799994094,62.49115164358336,160,0,0,0,13745.188601491176,13660.917353356794,58.99235219522742,59.81047879905789,30.355061820531432,20.0,kinematic,False,0,0.0,,,,random,cycle,4,0,0.08361499999409716,4.100423000068076,2666.666666666662
random-s0-0001,voronoi,1,0,completed,True,False,3,410,0,,15.951049998648159,0.03890499999670283,2666.666666666662,31.340081000053033,85.0880591745168,160,0,0,0,13745.188601491176,13690.811143809293,58.873734437571954,59.454625526091505,30.355061820531432,20.0,kinematic,False,0,0.0,,,,random,event,1,0,0.08825400004752737,4.11296200002198,2666.666666666662
random-s0-0001,prm,1,0,completed,True,False,3,3,0,,0.050966999992851925,0.01698899999761731,2660.000000000002,3.3830150000540016,786.2808766610675,133,0,0,0,13745.188601491176,13568.673159802931,58.83848056274625,59.662498044545984,8.253704158942043,20.0,kinematic,False,0,0.0,,,,random,once,0,0,0.050966999992851925,0.02112200002102327,2660.000000000002
random-s0-0001,prm,1,0,completed,True,False,3,411,0,,78.27728800066325,0.19045568856609063,2666.666666666662,95.55207800008247,27.907992400378358,160,0,0,0,13745.188601491176,13680.029395659172,58.87659073663492,59.46319442328041,30.355061820531432,20.0,kinematic,False,0,0.0,,,,random,cycle,4,0,0.5536849999998594,6.553759999974318,2666.666666666662
random-s0-0001,prm,1,0,completed,True,False,3,411,0,,13.156081997522051,0.03200993186745025,2666.666666666662,27.97851000002538,95.31124661978936,160,0,0,0,13745.188601491176,13680.029395659172,58.87659073663492,59.46319442328041,30.355061820531432,20.0,kinematic,False,0,0.0,,,,random,event,1,0,0.059652000004462025,6.671395999887864,2666.666666666662
random-s0-0001,visibility,1,0,completed,True,False,3,3,0,,0.04800700003215752,0.016002333344052506,2660.000000000002,3.25155400003041,818.0703749576738,133,0,0,0,13745.188601491176,13568.673159802931,58.83848056274625,59.662498044545984,8.253704158942043,20.0,kinematic,False,0,0.0,,,,random,once,0,0,0.04800700003215752,0.018469999986336916,2660.000000000002
random-s0-0001,visibility,1,0,completed,True,False,3,410,0,,59.2302740001287,0.1444640829271432,2666.666666666662,75.85939000000508,35.15275652317378,160,0,0,0,13745.188601491176,13573.544223120212,58.90607076860439,59.551634519188816,30.355061820531432,20.0,kinematic,False,0,0.0,,,,random,cycle,4,0,0.19307399986701057,9.808704999954898,2666.666666666662
random-s0-0001,visibility,1,0,completed,True,False,3,410,0,,34.1999370002668,0.08341448048845561,2666.666666666662,48.98799600005077,54.43510419703428,160,0,0,0,13745.188601491176,13575.47450428021,58.91049489388117,59.56490689501915,30.355061820531432,20.0,kinematic,False,0,0.0,,,,random,event,3,0,0.061496000057559286,9.296457999994345,2666.666666666662
random-s0-0002,voronoi,1,0,completed,True,False,3,3,0,,0.10452599997279322,0.03484199999093107,2200.0000000000014,2.806492999980037,783.8964857619992,110,0,0,0,8903.552185905397,8728.40089423103,58.383763891455125,59.3561851021611,283.8266615927491,20.0,kinematic,False,0,0.0,,,,random,once,0,0,0.10452599997279322,0.04763599997659185,2200.0000000000014
random-s0-0002,voronoi,1,0,completed,True,False,3,349,0,,9.587535002083314,0.027471446997373392,2199.9999999999973,22.58960999995452,97.38990624470395,132,0,0,0,8903.552185905397,8728.162158757114,58.463342382760636,58.819910598228596,283.5999168083747,20.0,kinematic,False,0,0.0,,,,random,cycle,0,0,0.0870950001399251,0.08959399997365836,2199.9999999999973
random-s0-0002,voronoi,1,0,completed,True,False,3,349,0,,10.05266400011351,0.02880419484273212,2199.9999999999973,22.88635999991584,96.12712550218066,132,0,0,0,8903.552185905397,8728.162158757114,58.463342382760636,58.819910598228596,283.5999168083747,20.0,kinematic,False,0,0.0,,,,random,event,0,0,0.08513600016613054,0.05940700009432476,2199.9999999999973
random-s0-0002,prm,1,0,completed,True,False,3,3,0,,0.059423000038805185,0.019807666679601727,2200.0000000000014,2.7926830000524205,787.7729051090674,110,0,0,0,8903.552185905397,8728.40089423103,58.383763891455125,59.3561851021611,283.8266615927491,20.0,kinematic,False,0,0.0,,,,random,once,0,0,0.059423000038805185,0.029448999953274324,2200.0000000000014
random-s0-0002,prm,1,0,completed,True,False,3,349,0,,44.60831900053108,0.12781753295281112,2199.9999999999973,59.21319399999447,37.15388161632022,132,0,0,0,8903.552185905397,8728.162158757114,58.463342382760636,58.819910598228596,283.5999168083747,20.0,kinematic,False,0,0.0,,,,random,cycle,0,0,0.5349939999632625,0.2545050000435367,2199.9999999999973
random-s0-0002,prm,1,0,completed,True,False,3,349,0,,5.490203998988363,0.015731243550109922,2199.9999999999973,17.991714999993746,122.27850430049398,132,0,0,0,8903.552185905397,8728.162158757114,58.463342382760636,58.819910598228596,283.5999168083747,20.0,kinematic,False,0,0.0,,,,random,event,0,0,0.056074999974953244,0.04141399995205575,2199.9999999999973
random-s0-0002,visibility,1,0,completed,True,False,3,3,0,,0.05673299995123671,0.01891099998374557,2200.0000000000014,2.844965000008415,773.295980791853,110,0,0,0,8903.552185905397,8728.40089423103,58.383763891455125,59.3561851021611,283.8266615927491,20.0,kinematic,False,0,0.0,,,,random,once,0,0,0.05673299995123671,0.027237000040258863,2200.0000000000014
random-s0-0002,visibility,1,0,completed,True,False,3,349,0,,18.660229997976785,0.053467707730592506,2199.9999999999973,32.66002899999876,67.36062604231249,132,0,0,0,8903.552185905397,8728.162158757114,58.463342382760636,58.819910598228596,283.5999168083747,20.0,kinematic,False,0,0.0,,,,random,cycle,0,0,0.19390199997815216,0.090232000047763,2199.9999999999973
random-s0-0002,visibility,1,0,completed,True,False,3,349,0,,5.596389998117957,0.016035501427272083,2199.9999999999973,18.196159000012813,120.90463707194733,132,0,0,0,8903.552185905397,8728.162158757114,58.463342382760636,58.819910598228596,283.5999168083747,20.0,kinematic,False,0,0.0,,,,random,event,0,0,0.05670100017596269,0.05164600008811249,2199.9999999999973
random-s0-0003,voronoi,1,0,completed,True,False,3,3,0,,4.1170790000251145,1.3723596666750382,4259.999999999997,9.095857000033902,468.34509381404297,213,1,0,1,9202.844274973424,8916.0531102774,59.28286303344987,59.683147797801055,-96.14435120474307,20.0,kinematic,False,0,0.0,,,,random,once,0,0,4.1170790000251145,4.0512240000225574,4259.999999999997
random-s0-0003,voronoi,1,0,completed,True,False,3,344,0,,43.814084999894476,0.12736652616248395,2283.3333333333303,56.90478600001825,40.12550602215775,137,0,0,0,9202.844274973424,8307.632012109805,58.68217259984613,59.4480966259531,13.013873781402111,20.0,kinematic,False,0,0.0,,,,random,cycle,8,0,3.9747039999156186,4.016102000036881,2283.3333333333303
random-s0-0003,voronoi,1,0,completed,True,False,3,344,0,,13.823262000869363,0.04018390116531791,2283.3333333333303,26.557061000062276,85.97838945084985,137,0,0,0,9202.844274973424,8313.547380555376,58.54932022836899,59.04953951152165,4.967737494011004,20.0,kinematic,False,0,0.0,,,,random,event,0,0,4.014587000028769,3.9510149999841815,2283.3333333333303
random-s0-0003,prm,1,0,completed,True,False,3,3,0,,6.477636000113307,2.159212000037769,4319.999999999995,11.782668000023477,366.6402210425846,216,0,0,0,9126.115651196804,8878.793765013545,59.16866034066941,59.683147797801055,10.037873508053508,20.0,kinematic,False,0,0.0,,,,random,once,0,0,6.477636000113307,6.4343459999918196,4319.999999999995
random-s0-0003,prm,1,0,completed,True,False,3,353,0,,246.61659700041128,0.6986305864034313,2433.3333333333294,262.1240250000483,9.283137374885348,146,0,0,0,9126.115651196804,8536.662155985545,58.36845010240415,58.50692913362713,5.736592749840042,20.0,kinematic,False,0,0.0,,,,random,cycle,30,0,6.818023000050744,9.092635000001792,2433.3333333333294
random-s0-0003,prm,1,0,completed,True,False,3,349,0,,19.38517500036596,0.05554491404116321,2366.6666666666633,32.29440199993405,73.2841148961822,142,0,0,0,9126.115651196804,8569.36418034833,58.355064898953714,58.46677352327584,3.9571352889416573,20.0,kinematic,False,0,0.0,,,,random,event,1,0,6.629038999903969,6.981991000088783,2366.6666666666633
random-s0-0003,visibility,1,0,completed,True,False,3,3,0,,9.6893719999116,3.2297906666372,3240.0000000000023,13.621434000015142,237.86041910098456,162,0,0,0,8407.107805585358,8228.280922975988,59.17162023793427,59.683147797801055,3.03298238105063,20.0,kinematic,False,0,0.0,,,,random,once,0,0,9.6893719999116,9.646043999964604,3240.0000000000023
random-s0-0003,visibility,1,0,completed,True,False,3,402,0,,788.865279999186,1.9623514427840447,3249.999999999993,807.2056299999986,4.026235545458223,195,0,0,0,8407.107805585358,8230.861265259244,58.307394980225446,58.34412966986919,2.131616265514083,20.0,kinematic,False,0,0.0,,,,random,cycle,84,0,9.446703999969941,13.711674999967727,3249.999999999993
random-s0-0003,visibility,1,0,completed,True,False,3,402,0,,25.54905100009819,0.0635548532340751,3249.999999999993,43.4739490000311,74.75741391695676,195,0,0,0,8407.107805585358,8230.861265259244,58.307394980225446,58.34412966986919,2.131616265514083,20.0,kinematic,False,0,0.0,,,,random,event,1,0,9.248698999954286,9.205676999954449,3249.999999999993
random-s0-0004,voronoi,1,0,completed,True,False,3,3,0,,0.10145299995656387,0.03381766665218796,2500.000000000002,3.1413880000172867,795.8265581921892,125,0,1,1,12038.07859282101,11861.940040997917,58.71285060769859,59.478575827584066,-172.53499951765565,20.0,kinematic,False,0,0.0,,,,random,once,0,0,0.10145299995656387,0.04631499996321509,2500.000000000002
random-s0-0004,voronoi,1,0,completed,True,False,3,420,0,,100.7604989997617,0.2399059499994326,2716.666666666662,116.86800200004654,23.24559862558085,163,0,1,1,12038.07859282101,12242.860385380452,59.72363331680399,59.818062305401696,-87.33053993364886,20.0,kinematic,False,0,0.0,,,,random,cycle,49,0,0.08126099987748603,4.227026000080514,2716.666666666662
random-s0-0004,voronoi,1,0,completed,True,False,3,438,0,,17.119299999762916,0.03908515981681031,3016.666666666661,34.14130100009061,88.35828097642369,181,0,0,0,12038.07859282101,12382.839267661522,59.67237107078211,59.818062305401696,22.235350593378854,20.0,kinematic,False,0,0.0,,,,random,event,1,0,0.08675300000504649,3.96659200009708,3016.666666666661
random-s0-0004,prm,1,0,completed,True,False,3,3,0,,0.050496000085331616,0.016832000028443872,2500.000000000002,3.249673000027542,769.3081734620109,125,0,1,1,12038.07859282101,11861.940040997917,58.71285060769859,59.478575827584066,-172.53499951765565,20.0,kinematic,False,0,0.0,,,,random,once,0,0,0.050496000085331616,0.020040000094923016,2500.000000000002
random-s0-0004,prm,1,0,completed,True,False,3,429,0,,170.22265200012043,0.39678939860167933,2866.6666666666615,188.493947999973,15.208269003241803,172,0,1,1,12038.07859282101,12180.955247571033,59.24133188133206,59.818062305401696,-75.19179728425425,20.0,kinematic,False,0,0.0,,,,random,cycle,19,35,0.5249010000625276,6.858668999939255,2866.6666666666615
random-s0-0004,prm,1,0,completed,True,False,3,429,0,,21.655388999192837,0.05047876223588074,2866.6666666666615,37.467104000029394,76.51156242725385,172,0,1,1,12038.07859282101,12180.955247571033,59.24133188133206,59.818062305401696,-75.19179728425425,20.0,kinematic,False,0,0.0,,,,random,event,2,35,0.05993499996748142,6.699490999949376,2866.6666666666615
random-s0-0004,visibility,1,0,completed,True,False,3,3,0,,0.046894000092834176,0.01563133336427806,2500.000000000002,3.105427000036798,805.0422695398662,125,0,1,1,12038.07859282101,11861.940040997917,58.71285060769859,59.478575827584066,-172.53499951765565,20.0,kinematic,False,0,0.0,,,,random,once,0,0,0.046894000092834176,0.01856599999427999,2500.000000000002
random-s0-0004,visibility,1,0,completed,True,False,3,406,0,,273.8612089996195,0.6745349975360087,2499.999999999996,290.70375799994963,8.599820027095863,150,0,0,0,12038.07859282101,11878.074422507963,59.491293815891815,59.818062305401696,22.235350593378854,20.0,kinematic,False,0,0.0,,,,random,cycle,26,0,0.19276099988019268,11.589793999974063,2499.999999999996
random-s0-0004,visibility,1,0,completed,True,False,3,406,0,,64.47237599854816,0.15879895566144867,2499.999999999996,79.62682200002291,31.39645583242386,150,0,0,0,12038.07859282101,11883.00847318669,59.62270164366935,59.818062305401696,22.235350593378854,20.0,kinematic,False,0,0.0,,,,random,event,6,0,0.05874600003608066,9.858097999995152,2499.999999999996
random-s0-0005,voronoi,1,0,completed,True,False,3,3,0,,8.0540789999759,2.6846929999919666,7799.999999999922,17.26906900000813,451.67460967329794,390,1,0,1,14977.74314044245,14513.864559751306,58.73978617655129,59.24933323567549,-46.69630626083287,20.0,kinematic,False,0,0.0,,,,random,once,0,0,8.0540789999759,4.111204999958318,7799.999999999922
random-s0-0005,voronoi,1,0,completed,True,False,3,406,0,,62.07924100044693,0.15290453448385943,2833.333333333328,78.12483599991538,36.266742797852366,170,0,0,0,14977.74314044245,13233.800514523837,59.296212682323265,59.50893061011998,7.34346898025791,20.0,kinematic,False,0,0.0,,,,random,cycle,11,0,7.826187999853573,4.141049999930146,2833.333333333328
random-s0-0005,voronoi,1,0,completed,True,False,3,406,0,,28.071534001128384,0.06914170936238519,2833.333333333328,46.09054599995943,61.473199587087166,170,0,0,0,14977.74314044245,13236.075083977856,59.269442555689466,59.57398532391404,13.125461920785398,20.0,kinematic,False,0,0.0,,,,random,event,2,0,8.11131300008583,4.107570999963173,2833.333333333328
random-s0-0005,prm,1,0,completed,True,False,3,3,0,,13.639932999922166,4.5466443333073885,5039.999999999981,21.463197000002765,234.82056284528963,252,1,0,1,14702.004557488577,14313.440732204339,59.006866081461965,59.98839182031799,-155.7760749722542,20.0,kinematic,False,0,0.0,,,,random,once,0,0,13.639932999922166,7.068594999964262,5039.999999999981
random-s0-0005,prm,1,0,completed,True,False,3,404,0,,190.87615799890045,0.4724657376210407,2866.6666666666615,209.25110999996832,13.69964855463417,172,0,0,0,14702.004557488577,13184.511898741312,59.117300096433915,59.941449926949495,8.302322154863361,20.0,kinematic,False,0,0.0,,,,random,cycle,19,4,17.56614900000386,10.788019999949938,2866.6666666666615
random-s0-0005,prm,1,0,completed,True,False,3,425,0,,58.82312600010664,0.13840735529436857,3166.66666666666,76.54697400005261,41.36893336455708,190,0,0,0,14702.004557488577,14061.102652942469,58.86554518583335,59.941449926949495,3.792055379387449,20.0,kinematic,False,0,0.0,,,,random,event,6,4,13.223439999933362,6.871629999977813,3166.66666666666
random-s0-0005,visibility,1,0,completed,True,False,3,3,0,,17.227265999849806,5.7424219999499355,3600.0000000000027,21.58008499998232,166.82047359882745,180,0,0,0,13253.82609879347,13075.184804568158,59.026039598657405,59.452016804748915,5.19658613845624,20.0,kinematic,False,0,0.0,,,,random,once,0,0,17.227265999849806,8.650774999978239,3600.0000000000027
random-s0-0005,visibility,1,0,completed,True,False,3,434,0,,412.1875429998454,0.949740882488123,3316.6666666666597,431.3142030000563,7.689676443755382,199,0,0,0,13253.82609879347,13073.216147470597,59.7678221054446,59.94518737963164,10.88129979770946,20.0,kinematic,False,0,0.0,,,,random,cycle,43,4,18.093032000024323,9.914627000057408,3316.6666666666597
random-s0-0005,visibility,1,0,completed,True,False,3,440,0,,24.836872001515076,0.05644743636707972,3349.999999999993,42.23743900001864,79.31352087891774,201,0,0,0,13253.82609879347,13072.040777000562,59.7913740681583,59.96938524214605,2.637076658399195,20.0,kinematic,False,0,0.0,,,,random,event,0,0,17.32981799989375,8.695493000004717,3349.999999999993
random-s0-0006,voronoi,1,0,completed,True,False,3,3,0,,0.09713699989788438,0.03237899996596146,2180.0000000000014,2.806784000085827,776.6896205526825,109,0,0,0,9837.754192774079,9662.895078142528,58.28637154385067,58.71355143501487,316.84106692101955,20.0,kinematic,False,0,0.0,,,,random,once,0,0,0.09713699989788438,0.04202299999178649,2180.0000000000014
random-s0-0006,voronoi,1,0,completed,True,False,3,359,0,,116.55897900141099,0.3246768217309498,2183.3333333333303,135.18537699997069,16.150662015269624,131,0,0,0,9837.754192774079,9922.318170681809,58.74302666346765,59.12007227810868,295.28093836292487,20.0,kinematic,False,0,0.0,,,,random,cycle,17,3,0.08026800003335666,7.689982999977474,2183.3333333333303
random-s0-0006,voronoi,1,0,completed,True,False,3,374,0,,21.17979299896433,0.05663046256407575,2333.33333333333,41.670600999964336,55.99471275529064,140,0,0,0,9837.754192774079,10092.893229489657,58.96317135914779,59.283495628459235,190.0867012401722,20.0,kinematic,False,0,0.0,,,,random,event,1,0,0.17921299991030537,6.493536999983007,2333.33333333333
random-s0-0006,prm,1,0,completed,True,False,3,3,0,,0.051820000066982175,0.017273333355660725,2180.0000000000014,2.8952809999509554,752.9493683124123,109,0,0,0,9837.754192774079,9662.895078142528,58.28637154385067,58.71355143501487,316.84106692101955,20.0,kinematic,False,0,0.0,,,,random,once,0,0,0.051820000066982175,0.021409000055427896,2180.0000000000014
random-s0-0006,prm,1,0,completed,True,False,3,373,0,,86.78323200069826,0.23266282037720715,2316.6666666666633,112.52903799993419,20.58727869572668,139,0,0,0,9837.754192774079,9832.196246181866,59.002068167128044,59.400186052399974,272.9633815272164,20.0,kinematic,False,0,0.0,,,,random,cycle,2,18,0.5317910001849668,11.405507000063153,2316.6666666666633
random-s0-0006,prm,1,0,completed,True,False,3,371,0,,13.083730000630567,0.03526611860008239,2283.3333333333303,26.82382900002267,85.12331827538121,137,0,0,0,9837.754192774079,9706.889323272018,59.128010512447304,59.778013088357746,281.85762268306775,20.0,kinematic,False,0,0.0,,,,random,event,1,0,0.0600200000917539,6.405396999980439,2283.3333333333303
random-s0-0006,visibility,1,0,completed,True,False,3,3,0,,0.04950199991071713,0.01650066663690571,2180.0000000000014,2.7463899999702335,793.7692753118199,109,0,0,0,9837.754192774079,9662.895078142528,58.28637154385067,58.71355143501487,316.84106692101955,20.0,kinematic,False,0,0.0,,,,random,once,0,0,0.04950199991071713,0.019619999989117787,2180.0000000000014
random-s0-0006,visibility,1,0,completed,True,False,3,362,0,,28.531077000479854,0.07881512983557971,2183.3333333333303,42.83676500006095,50.968679201854385,131,0,0,0,9837.754192774079,9660.424209183306,59.16650535182905,59.893497606503,319.0319859117222,20.0,kinematic,False,0,0.0,,,,random,cycle,1,18,0.21600400009447185,9.405853999965075,2183.3333333333303
random-s0-0006,visibility,1,0,completed,True,False,3,362,0,,15.902721001111786,0.043930168511358524,2183.3333333333303,28.64703400007329,76.21498732915053,131,0,0,0,9837.754192774079,9660.424209183306,59.16650535182905,59.893497606503,319.0319859117222,20.0,kinematic,False,0,0.0,,,,random,event,1,17,0.05675499994595157,9.503309000024274,2183.3333333333303
random-s0-0007,voronoi,1,0,completed,True,False,3,3,0,,8.171391000132644,2.7237970000442147,6439.999999999951,15.862029999993865,406.00099735043005,322,0,0,0,20391.438419070168,19913.87821355235,58.11553982400971,58.32888856260301,224.55710350950454,20.0,kinematic,False,0,0.0,,,,random,once,0,0,8.171391000132644,4.076655000062601,6439.999999999951
random-s0-0007,voronoi,1,0,completed,True,False,3,468,0,,147.9576759986685,0.31614888033903527,2733.3333333333285,165.55578499992407,16.510044232731474,164,0,0,0,20391.438419070168,17289.12647040381,59.65233483609128,59.89244065975113,70.03342673808734,20.0,kinematic,False,0,0.0,,,,random,cycle,33,0,8.161758999790436,4.275450000022829,2733.3333333333285
random-s0-0007,voronoi,1,0,completed,True,False,3,471,0,,26.446541002087542,0.05614976858192684,2799.999999999995,44.12223399992854,63.460068681121854,168,0,0,0,20391.438419070168,17222.321351611397,59.21337046315984,59.89244065975113,81.32250494978894,20.0,kinematic,False,0,0.0,,,,random,event,1,0,8.1436070000791,4.156255999987479,2799.999999999995
random-s0-0007,prm,1,0,completed,True,False,3,3,0,,17.09267599994746,5.697558666649154,5379.999999999974,23.712603999911153,226.88355947833193,269,2,0,2,24569.04734656432,24095.15919423118,58.26732474610568,58.836953680219196,-169.53966996280585,20.0,kinematic,False,0,0.0,,,,random,once,0,0,17.09267599994746,10.226530999943861,5379.999999999974
random-s0-0007,prm,1,0,completed,True,False,3,451,0,,198.49152099993717,0.440114237250415,2633.333333333329,217.1428519999381,12.127193269682575,158,0,0,0,24569.04734656432,17229.27696544573,59.31467542278671,59.89244065975113,10.239982189212668,20.0,kinematic,False,0,0.0,,,,random,cycle,20,0,14.226708999899529,7.3544039998978405,2633.333333333329
random-s0-0007,prm,1,0,completed,True,False,3,458,0,,39.150925001081305,0.08548236899799412,2633.333333333329,55.69414899991898,47.28204633016585,158,0,0,0,24569.04734656432,17930.81841660241,59.65406226611824,59.89244065975113,50.86680333753685,20.0,kinematic,False,0,0.0,,,,random,event,3,0,12.77633600000172,6.452275000015106,2633.333333333329
random-s0-0007,visibility,1,0,completed,True,False,3,3,0,,17.56917800003066,5.856392666676887,3220.0000000000023,21.569925999983752,149.281921505082,161,0,1,1,16921.011147697853,16732.458453004227,58.7419011574349,59.76649818575535,-5.816365361294288,20.0,kinematic,False,0,0.0,,,,random,once,0,0,17.56917800003066,9.17376699999295,3220.0000000000023
random-s0-0007,visibility,1,0,completed,True,False,3,474,0,,375.22763400227177,0.7916194810174509,2699.9999999999955,394.3027490000759,6.847530246357668,162,0,0,0,16921.011147697853,16715.605053475945,59.08855145407487,59.89244065975113,4.576433436732401,20.0,kinematic,False,0,0.0,,,,random,cycle,39,0,17.352034000055028,12.16836699995838,2699.9999999999955
random-s0-0007,visibility,1,0,completed,True,False,3,476,0,,59.566831000211096,0.1251404012609477,2699.9999999999955,76.06921499996133,35.49399057163095,162,0,0,0,16921.011147697853,16719.15111334582,59.455872951213884,59.89244065975113,0.03092902820910126,20.0,kinematic,False,0,0.0,,,,random,event,4,0,17.453688999921724,9.008259999973234,2699.9999999999955
random-s0-0008,voronoi,1,0,completed,True,False,3,3,0,,3.910065000013674,1.303355000004558,4579.99999999999,9.274032999996962,493.85202748378083,229,0,1,1,10107.820166732447,9676.962241088346,58.88218986781225,59.51814145703748,-125.91257608745309,20.0,kinematic,False,0,0.0,,,,random,once,0,0,3.910065000013674,3.8044980000222495,4579.99999999999
random-s0-0008,voronoi,1,0,completed,True,False,3,356,0,,83.57934700006808,0.23477344662940472,2116.6666666666642,96.93665999998302,21.83556424026818,127,0,0,0,10107.820166732447,8571.7336158486,58.995219196855565,59.511218945103295,0.41452993601657795,20.0,kinematic,False,0,0.0,,,,random,cycle,19,0,3.787190999901213,3.9149749999296546,2116.6666666666642
random-s0-0008,voronoi,1,0,completed,True,False,3,401,0,,15.345870001169715,0.03826900249668258,2849.9999999999945,30.609980000008363,93.10688866831066,171,0,0,0,10107.820166732447,9277.701254837404,59.062838717102295,59.511218945103295,5.870052968313416,20.0,kinematic,False,0,0.0,,,,random,event,0,0,3.8051139999879524,3.740469000035773,2849.9999999999945
random-s0-0008,prm,1,0,completed,True,False,3,3,0,,6.332806999921559,2.1109356666405197,2980.0000000000023,9.981504999927893,298.5521722447196,149,0,0,0,9595.408822258865,9282.467725205246,58.80736683645591,59.51814145703748,405.11166613897296,20.0,kinematic,False,0,0.0,,,,random,once,0,0,6.332806999921559,6.289820999995754,2980.0000000000023
random-s0-0008,prm,1,0,completed,True,False,3,345,0,,61.61175600175284,0.1785848000050807,2116.6666666666642,76.44357300000593,27.68926913798888,127,0,0,0,9595.408822258865,8397.136128156431,59.2397862487108,59.939322639156075,19.42029269616856,20.0,kinematic,False,0,0.0,,,,random,cycle,2,0,6.645082000090952,6.274087000065265,2116.6666666666642
random-s0-0008,prm,1,0,completed,True,False,3,345,0,,11.643459997799255,0.033749159413910886,2116.6666666666642,24.183643000014854,87.52472349452745,127,0,0,0,9595.408822258865,8397.136128156431,59.2397862487108,59.939322639156075,19.42029269616856,20.0,kinematic,False,0,0.0,,,,random,event,0,0,6.231106999962321,6.178739000006317,2116.6666666666642
random-s0-0008,visibility,1,0,completed,True,False,3,3,0,,10.586985000145432,3.5289950000484773,2600.000000000002,13.808399000026839,188.29119871137473,130,0,0,0,8498.94513851566,8321.333145655784,58.56369387208644,59.51814145703748,3.3127983018302416,20.0,kinematic,False,0,0.0,,,,random,once,0,0,10.586985000145432,10.525876999963657,2600.000000000002
random-s0-0008,visibility,1,0,completed,True,False,3,383,0,,454.1038970006639,1.1856498616205324,2549.999999999996,470.7101709999506,5.417346293119006,153,0,0,0,8498.94513851566,8320.548556241654,58.752381976835615,59.511218945103295,1.102068767574906,20.0,kinematic,False,0,0.0,,,,random,cycle,45,0,9.575456999982634,10.544310000000223,2549.999999999996
random-s0-0008,visibility,1,0,completed,True,False,3,383,0,,15.884046002270225,0.04147270496676299,2549.999999999996,30.055360999995173,84.84343275731759,153,0,0,0,8498.94513851566,8320.548556241654,58.752381976835615,59.511218945103295,1.102068767574906,20.0,kinematic,False,0,0.0,,,,random,event,0,0,9.536340000067867,9.48423600004844,2549.999999999996
random-s0-0009,voronoi,1,0,completed,True,False,3,3,0,,10.613725000098384,3.537908333366128,7279.999999999933,19.303344999912042,377.1367086913229,364,0,0,0,13213.81622948087,12635.669017502969,58.71553690074264,59.23758613055782,75.9745723453185,20.0,kinematic,False,0,0.0,,,,random,once,0,0,10.613725000098384,6.351326000071822,7279.999999999933
random-s0-0009,voronoi,1,0,completed,True,False,3,412,0,,357.9827939994402,0.8688902766976704,3016.666666666661,375.58727600003294,8.031865985434491,181,0,0,0,13213.81622948087,11126.273371957035,59.28989796379525,59.93843332060844,0.08081698286048322,20.0,kinematic,False,0,0.0,,,,random,cycle,85,0,8.066364999876896,8.193279000010989,3016.666666666661
random-s0-0009,voronoi,1,0,completed,True,False,3,635,0,,28.616434001492053,0.04506525039605048,6699.999999999982,56.53676700001142,118.5069531832025,402,0,0,0,13213.81622948087,11487.82582582179,59.80296472376557,59.9217056318076,1.3024608994598452,20.0,kinematic,False,0,0.0,,,,random,event,0,0,8.052110999983597,4.072410999924614,6699.999999999982
random-s0-0009,prm,1,0,completed,True,False,3,3,0,,13.6183899999196,4.539463333306533,5179.999999999977,19.796386999928473,261.663908672764,259,0,1,1,14594.667483205767,13905.893788230576,59.320863037949664,59.76129190993212,-141.75654550890843,20.0,kinematic,False,0,0.0,,,,random,once,0,0,13.6183899999196,6.8185500000481625,5179.999999999977
random-s0-0009,prm,1,0,completed,True,False,3,432,0,,978.8679150005919,2.265897951390259,3333.333333333326,1002.1751670000185,3.326098513607716,200,0,0,0,14594.667483205767,11258.879207043994,58.99156911683235,59.59311380914095,0.4404171228700591,20.0,kinematic,False,0,0.0,,,,random,cycle,142,0,13.698549000082494,10.680105000005824,3333.333333333326
random-s0-0009,prm,1,0,completed,True,False,3,511,0,,22.828935000575257,0.04467501957059737,4649.999999999989,43.68811300003017,106.43627478249697,279,0,1,1,14594.667483205767,11745.181431705701,59.22072637414281,59.59311380914095,-7.641125618059874,20.0,kinematic,False,0,0.0,,,,random,event,0,7,13.161464999939199,6.625216999964323,4649.999999999989
random-s0-0009,visibility,1,0,completed,True,False,3,3,0,,17.58010500009277,5.860035000030924,3460.0000000000027,21.782779999966806,158.84106620024053,173,0,1,1,10855.805245268768,10666.493997736223,58.411786679768575,59.23758613055782,-13.735704983614028,20.0,kinematic,False,0,0.0,,,,random,once,0,0,17.58010500009277,8.850602000052277,3460.0000000000027
random-s0-0009,visibility,1,0,completed,True,False,3,437,0,,1229.7899519990096,2.8141646498833173,3449.9999999999927,1250.5667599999697,2.758749161060443,207,0,1,1,10855.805245268768,10648.598870155314,59.04232199350785,59.59311380914095,-14.15648202525611,20.0,kinematic,False,0,0.0,,,,random,cycle,134,21,18.23986200008676,13.463139000009505,3449.9999999999927
random-s0-0009,visibility,1,0,completed,True,False,3,436,0,,166.1636439994254,0.3811092752280399,3449.9999999999927,185.22616500001732,18.625878260772016,207,0,1,1,10855.805245268768,10648.565849923521,59.33533257104281,59.59311380914095,-14.15648202525611,20.0,kinematic,False,0,0.0,,,,random,event,16,21,17.2444990000713,9.418798999945466,3449.9999999999927
random-s0-0010,voronoi,1,0,completed,True,False,3,3,0,,0.10091600006489898,0.03363866668829966,2280.0000000000014,3.0261299999665425,753.4375588706399,114,0,0,0,9791.475761128608,9615.131078088978,58.78156101320966,59.87395509590929,79.75912362549593,20.0,kinematic,False,0,0.0,,,,random,once,0,0,0.10091600006489898,0.04608500000813365,2280.0000000000014
random-s0-0010,voronoi,1,0,completed,True,False,3,357,0,,9.665853000342395,0.027075218488354046,2266.6666666666633,23.00070700005108,98.54769536700022,136,0,0,0,9791.475761128608,9611.721168802038,59.918197442189154,59.97765183298757,78.97949847625665,20.0,kinematic,False,0,0.0,,,,random,cycle,0,0,0.08864899996297027,0.06394100000761682,2266.6666666666633
random-s0-0010,voronoi,1,0,completed,True,False,3,357,0,,11.145941999870956,0.031221126050058702,2266.6666666666633,24.825904999943305,91.30247886922308,136,0,0,0,9791.475761128608,9611.721168802038,59.918197442189154,59.97765183298757,78.97949847625665,20.0,kinematic,False,0,0.0,,,,random,event,0,0,0.08565200005250517,0.6281749999743624,2266.6666666666633
random-s0-0010,prm,1,0,completed,True,False,3,3,0,,0.049176999937117216,0.016392333312372404,2280.0000000000014,4.773764999981722,477.61043956054203,114,0,0,0,9791.475761128608,9615.131078088978,58.78156101320966,59.87395509590929,79.75912362549593,20.0,kinematic,False,0,0.0,,,,random,once,0,0,0.049176999937117216,0.019801000007646508,2280.0000000000014
random-s0-0010,prm,1,0,completed,True,False,3,357,0,,51.156034002019624,0.14329421289081126,2266.6666666666633,66.00946000003205,34.33851248996072,136,0,0,0,9791.475761128608,9611.721168802038,59.918197442189154,59.97765183298757,78.97949847625665,20.0,kinematic,False,0,0.0,,,,random,cycle,0,0,0.5770760000132213,4.981633000056718,2266.6666666666633
random-s0-0010,prm,1,0,completed,True,False,3,357,0,,5.6869310006959495,0.015929778713434033,2266.6666666666633,18.434370000022682,122.95872691412153,136,0,0,0,9791.475761128608,9611.721168802038,59.918197442189154,59.97765183298757,78.97949847625665,20.0,kinematic,False,0,0.0,,,,random,event,0,0,0.1023739999936879,0.0701150000850248,2266.6666666666633
random-s0-0010,visibility,1,0,completed,True,False,3,3,0,,0.0513199998977143,0.017106666632571432,2280.0000000000014,2.8686019999213386,794.8122465446662,114,0,0,0,9791.475761128608,9615.131078088978,58.78156101320966,59.87395509590929,79.75912362549593,20.0,kinematic,False,0,0.0,,,,random,once,0,0,0.0513199998977143,0.01929799998379167,2280.0000000000014
random-s0-0010,visibility,1,0,completed,True,False,3,357,0,,19.880105000311232,0.05568656862832278,2266.6666666666633,34.210478000090916,66.2565038308041,136,0,0,0,9791.475761128608,9611.721168802038,59.918197442189154,59.97765183298757,78.97949847625665,20.0,kinematic,False,0,0.0,,,,random,cycle,0,0,0.2250750000030166,0.5852849999428145,2266.6666666666633
random-s0-0010,visibility,1,0,completed,True,False,3,357,0,,5.718032000345374,0.016016896359510854,2266.6666666666633,18.713354999931653,121.12561679479398,136,0,0,0,9791.475761128608,9611.721168802038,59.918197442189154,59.97765183298757,78.97949847625665,20.0,kinematic,False,0,0.0,,,,random,event,0,0,0.05909999993036763,0.06618099996558158,2266.6666666666633
random-s0-0011,voronoi,1,0,completed,True,False,3,3,0,,0.12539800013655622,0.041799333378852076,2680.000000000002,3.3904790000178764,790.4487831913636,134,0,0,0,13936.109095844424,13759.819404998925,58.7632302818335,59.50122740270152,43.52603185433,20.0,kinematic,False,0,0.0,,,,random,once,0,0,0.12539800013655622,0.05030800002714386,2680.000000000002
random-s0-0011,voronoi,1,0,completed,True,False,3,414,0,,70.49105999976746,0.1702682608690035,2766.6666666666615,86.60979800004043,31.94403786353791,166,0,0,0,13936.109095844424,13888.755157046868,59.03336159177832,59.45278149708778,388.8360854744044,20.0,kinematic,False,0,0.0,,,,random,cycle,12,0,0.08251399981418217,16.511910999952306,2766.6666666666615
random-s0-0011,voronoi,1,0,completed,True,False,3,415,0,,19.94158900038201,0.04805202168766749,2783.3333333333285,35.50095399998554,78.4016489622916,167,0,0,0,13936.109095844424,13906.65618439547,59.285964674225994,59.73265791159419,397.647484046017,20.0,kinematic,False,0,0.0,,,,random,event,2,0,0.11329799997383816,3.9337910000085685,2783.3333333333285
random-s0-0011,prm,1,0,completed,True,False,3,3,0,,0.05077000002984278,0.016923333343280927,2680.000000000002,3.3136050000166506,808.786804699575,134,0,0,0,13936.109095844424,13759.819404998925,58.7632302818335,59.50122740270152,43.52603185433,20.0,kinematic,False,0,0.0,,,,random,once,0,0,0.05077000002984278,0.020740999957524764,2680.000000000002
random-s0-0011,prm,1,0,completed,True,False,3,413,0,,139.4461050015252,0.33764190073008526,2749.999999999995,157.71717400002672,17.436274885318,165,0,0,0,13936.109095844424,13803.637553422646,58.90407540200122,59.45278149708778,203.86679783524386,20.0,kinematic,False,0,0.0,,,,random,cycle,14,0,0.5356350000056409,6.598876999987624,2749.999999999995
random-s0-0011,prm,1,0,completed,True,False,3,413,0,,20.983425000281386,0.050807324455887135,2749.999999999995,36.037357999930464,76.30970061693483,165,0,0,0,13936.109095844424,13803.637553422646,58.90407540200122,59.45278149708778,203.86679783524386,20.0,kinematic,False,0,0.0,,,,random,event,2,0,0.062272000036500685,7.886838999979773,2749.999999999995
random-s0-0011,visibility,1,0,completed,True,False,3,3,0,,0.048494999987269694,0.016164999995756563,2680.000000000002,3.4580129999994824,775.0115456478628,134,0,0,0,13936.109095844424,13759.819404998925,58.7632302818335,59.50122740270152,43.52603185433,20.0,kinematic,False,0,0.0,,,,random,once,0,0,0.048494999987269694,0.01929699999436707,2680.000000000002
random-s0-0011,visibility,1,0,completed,True,False,3,414,0,,184.1119109982401,0.44471476086531425,2766.6666666666615,201.22862899995653,13.74887201893752,166,0,0,0,13936.109095844424,13761.007079336763,59.2703322116271,59.68576052379751,171.92075759443708,20.0,kinematic,False,0,0.0,,,,random,cycle,16,0,0.2147119998880953,11.233024000034675,2766.6666666666615
random-s0-0011,visibility,1,0,completed,True,False,3,413,0,,107.8838389989869,0.26121994915008934,2749.999999999995,123.03580700006478,22.351216829085757,165,0,0,0,13936.109095844424,13762.029811742379,59.35611795918188,59.94311776646183,156.63199519416924,20.0,kinematic,False,0,0.0,,,,random,event,10,0,0.05997799996748654,10.698786000034488,2749.999999999995
random-s0-0012,voronoi,1,0,completed,True,False,3,3,0,,4.140447999930075,1.380149333310025,8099.999999999916,13.56713799998488,597.0308549974906,405,0,0,0,16138.592496056677,15820.331485628361,57.83821292324936,57.9356324106597,201.81981352465198,20.0,kinematic,False,0,0.0,,,,random,once,0,0,4.140447999930075,4.065600999979324,8099.999999999916
random-s0-0012,voronoi,1,0,completed,True,False,3,430,0,,70.76391000043714,0.16456723255915612,2883.333333333328,87.53250500001286,32.94014415939432,173,0,0,0,16138.592496056677,14976.457186158506,59.187419450816925,59.888855326982565,4.557186158376027,20.0,kinematic,False,0,0.0,,,,random,cycle,14,0,4.089867999937269,4.136814000048616,2883.333333333328
random-s0-0012,voronoi,1,0,completed,True,False,3,430,0,,16.73149500152249,0.038910453491912765,2883.333333333328,32.72637400004896,88.10427129290322,173,0,0,0,16138.592496056677,14979.695178999445,59.269516216406736,59.888855326982565,4.425216158236651,20.0,kinematic,False,0,0.0,,,,random,event,0,0,4.20730799987723,4.142942999919796,2883.333333333328
random-s0-0012,prm,1,0,completed,True,False,3,3,0,,6.600083999956041,2.200027999985347,4599.99999999999,11.990005000029669,383.65288421386043,230,0,0,0,15402.567557088241,15207.206466428264,58.43349899952295,59.52186912398509,89.5493693375928,20.0,kinematic,False,0,0.0,,,,random,once,0,0,6.600083999956041,6.5640239999993355,4599.99999999999
random-s0-0012,prm,1,0,completed,True,False,3,423,0,,206.1743099988007,0.48740971630922153,2766.6666666666615,224.87029000001257,12.303389063386305,166,0,0,0,15402.567557088241,14842.696929610298,59.41623229043194,59.888855326982565,3.5709322918650344,20.0,kinematic,False,0,0.0,,,,random,cycle,22,0,6.440058000066529,10.820502999990822,2766.6666666666615
random-s0-0012,prm,1,0,completed,True,False,3,421,0,,12.936961000832525,0.030729123517416926,2733.3333333333285,28.460637999955907,96.03907450484994,164,0,0,0,15402.567557088241,14854.153306233708,59.629303782596395,59.888855326982565,9.959169282673372,20.0,kinematic,False,0,0.0,,,,random,event,0,0,6.183576000125868,6.138539000062337,2733.3333333333285
random-s0-0012,visibility,1,0,completed,True,False,3,3,0,,11.077696000143078,3.692565333381026,3720.0000000000027,17.147184000009474,216.94524302054188,186,0,0,0,14969.893879773072,14795.345299092904,58.18257637489109,58.769101250089534,3.3490493381755755,20.0,kinematic,False,0,0.0,,,,random,once,0,0,11.077696000143078,11.041781000017181,3720.0000000000027
random-s0-0012,visibility,1,0,completed,True,False,3,432,0,,244.5840379987203,0.5661667546266673,2916.666666666661,263.1419990000268,11.084002849223488,175,0,0,0,14969.893879773072,14790.902732047784,59.662003789315435,59.888855326982565,4.459945274664221,20.0,kinematic,False,0,0.0,,,,random,cycle,23,0,10.351920999937647,10.327368999924147,2916.666666666661
random-s0-0012,visibility,1,0,completed,True,False,3,432,0,,15.922811000791626,0.036858358798128765,2916.666666666661,31.607413000074303,92.27793070757814,175,0,0,0,14969.893879773072,14790.902732047784,59.662003789315435,59.888855326982565,4.459945274664221,20.0,kinematic,False,0,0.0,,,,random,event,0,0,9.004725000067992,8.961093000039,2916.666666666661
random-s0-0013,voronoi,1,0,completed,True,False,3,3,0,,4.287427999997817,1.429142666665939,5919.999999999962,11.238801999979842,526.7465340176453,296,0,0,0,12306.864831036575,12027.357452617773,59.13443667187616,59.992744824753814,248.12363516339497,20.0,kinematic,False,0,0.0,,,,random,once,0,0,4.287427999997817,4.213767000010193,5919.999999999962
random-s0-0013,voronoi,1,0,completed,True,False,3,409,0,,193.86819299950275,0.47400536185697495,2649.9999999999955,210.55884500003685,12.585555358643479,159,0,0,0,12306.864831036575,11848.859768989741,59.05064116475214,59.3462132080954,39.18526206943446,20.0,kinematic,False,0,0.0,,,,random,cycle,46,0,4.042158999936873,4.167467000002034,2649.9999999999955
random-s0-0013,voronoi,1,0,completed,True,False,3,445,0,,17.92114900172237,0.040272244947690716,3249.999999999993,35.78268699993714,90.82604668580933,195,0,0,0,12306.864831036575,11360.102722913589,59.17119971831763,59.70788886879185,2.64050715529919,20.0,kinematic,False,0,0.0,,,,random,event,0,0,4.072382000003927,4.009091000057197,3249.999999999993
random-s0-0013,prm,1,0,completed,True,False,3,3,0,,6.712355999979991,2.2374519999933304,3200.0000000000023,10.598708999964401,301.92356446532784,160,0,0,0,11699.668016530512,11482.988040326736,59.31633719856344,59.992744824753814,248.12363516339497,20.0,kinematic,False,0,0.0,,,,random,once,0,0,6.712355999979991,6.6743229999701725,3200.0000000000023
random-s0-0013,prm,1,0,completed,True,False,3,390,0,,258.0570270008593,0.661684684617588,2333.33333333333,274.5133320000832,8.499890756972862,140,0,0,0,11699.668016530512,11324.66934658795,59.16966832312468,59.70329468321302,15.68045964880065,20.0,kinematic,False,0,0.0,,,,random,cycle,32,0,6.767094999872825,6.842760000040471,2333.33333333333
random-s0-0013,prm,1,0,completed,True,False,3,388,0,,12.870954000391066,0.033172561856678,2299.999999999997,26.59629300001143,86.4782170958565,138,0,0,0,11699.668016530512,11285.895376548238,59.054495539559106,59.35777633251629,1.725879172065902,20.0,kinematic,False,0,0.0,,,,random,event,0,0,6.567620999931023,6.523576999938996,2299.999999999997
random-s0-0013,visibility,1,0,completed,True,False,3,3,0,,9.404773999904137,3.134924666634712,3140.0000000000023,13.311812999972972,235.88071737534005,157,0,1,1,11381.549666014871,11196.068905996242,59.47281632531175,59.992744824753814,-12.399238077827931,20.0,kinematic,False,0,0.0,,,,random,once,0,0,9.404773999904137,9.369899999910558,3140.0000000000023
random-s0-0013,visibility,1,0,completed,True,False,3,476,0,,1028.6398639984782,2.1610081176438616,3766.6666666666583,1050.3879890000007,3.5859765211639862,226,0,2,2,11381.549666014871,11177.00325248677,59.004044843967385,59.20642424574112,-25.982304102997205,20.0,kinematic,False,0,0.0,,,,random,cycle,111,16,9.103981999942334,13.211020000085227,3766.6666666666583
random-s0-0013,visibility,1,0,completed,True,False,3,438,0,,33.715717000404766,0.07697652283197436,3133.333333333327,49.8107409999875,62.90477255365692,188,0,1,1,11381.549666014871,11196.826887718737,59.167238792742474,59.696006092066405,-12.86811336058389,20.0,kinematic,False,0,0.0,,,,random,event,2,2,9.19477200000074,9.152459000006274,3133.333333333327
random-s0-0014,voronoi,1,0,completed,True,False,3,3,0,,0.13693000005332578,0.045643333351108595,2140.0000000000014,2.7786580000110916,770.1559529785454,107,0,0,0,9548.932997177195,9372.37730560405,58.851897191048835,59.59509865313956,106.58909356908674,20.0,kinematic,False,0,0.0,,,,random,once,0,0,0.13693000005332578,0.08015200000954792,2140.0000000000014
random-s0-0014,voronoi,1,0,completed,True,False,3,366,0,,67.54106800019599,0.18453843715900545,2133.3333333333308,81.1196460000474,26.298602601545923,128,0,0,0,9548.932997177195,9826.713234909255,59.325973180105734,59.94552590113568,89.77140422925169,20.0,kinematic,False,0,0.0,,,,random,cycle,15,0,0.08202200001505844,4.044074000034925,2133.3333333333308
random-s0-0014,voronoi,1,0,completed,True,False,3,363,0,,14.612303999001597,0.04025428098898511,2133.3333333333308,27.724514000055933,76.9475466126846,128,0,0,0,9548.932997177195,9415.62914594234,59.191563540328396,59.94552590113568,106.56875683146001,20.0,kinematic,False,0,0.0,,,,random,event,1,0,0.12564900009692792,4.2926319999878615,2133.3333333333308
random-s0-0014,prm,1,0,completed,True,False,3,3,0,,0.049805000003289024,0.01660166666776301,2140.0000000000014,2.7037809999228557,791.4842215627152,107,0,0,0,9548.932997177195,9372.37730560405,58.851897191048835,59.59509865313956,106.58909356908674,20.0,kinematic,False,0,0.0,,,,random,once,0,0,0.049805000003289024,0.020295000012993114,2140.0000000000014
random-s0-0014,prm,1,0,completed,True,False,3,360,0,,99.26450099965223,0.27573472499903395,2133.3333333333308,114.45361299990964,18.639283439090867,128,0,0,0,9548.932997177195,9698.164433512673,59.33174388061516,59.94552590113568,106.56875683146001,20.0,kinematic,False,0,0.0,,,,random,cycle,9,0,0.6029439999792885,6.510530000014114,2133.3333333333308
random-s0-0014,prm,1,0,completed,True,False,3,355,0,,23.83094499998606,0.067129422535172,2133.3333333333308,36.95235300006061,57.73200243377821,128,0,0,0,9548.932997177195,9454.384197718176,59.47060260945991,59.94552590113568,106.56875683146001,20.0,kinematic,False,0,0.0,,,,random,event,3,0,0.06598300001314783,6.1641739999913625,2133.3333333333308
random-s0-0014,visibility,1,0,completed,True,False,3,3,0,,0.048734999950283964,0.016244999983427988,2140.0000000000014,2.7436120000174924,779.993672569721,107,0,0,0,9548.932997177195,9372.37730560405,58.851897191048835,59.59509865313956,106.58909356908674,20.0,kinematic,False,0,0.0,,,,random,once,0,0,0.048734999950283964,0.019300999952065467,2140.0000000000014
random-s0-0014,visibility,1,0,completed,True,False,3,358,0,,87.12812700105133,0.24337465642751765,2133.3333333333308,101.39360300001954,21.04011762293248,128,0,0,0,9548.932997177195,9372.862726728908,59.051376509189254,59.94552590113568,106.56875683146001,20.0,kinematic,False,0,0.0,,,,random,cycle,7,0,0.1861230001622971,9.865901000011945,2133.3333333333308
random-s0-0014,visibility,1,0,completed,True,False,3,357,0,,56.25988599877019,0.15759071708338987,2133.3333333333308,69.29296900000281,30.787154369633722,128,0,0,0,9548.932997177195,9371.56173361009,59.636069681832545,59.94552590113568,106.56875683146001,20.0,kinematic,False,0,0.0,,,,random,event,5,0,0.05924300000970106,10.64916699999685,2133.3333333333308
random-s0-0015,voronoi,1,0,completed,True,False,3,3,0,,8.582843999874967,2.8609479999583223,6459.99999999995,16.12865899994631,400.5292690496745,323,0,0,0,14146.771876388557,13732.613023525044,58.534970720875414,58.818328862549045,134.1289544120375,20.0,kinematic,False,0,0.0,,,,random,once,0,0,8.582843999874967,4.642601999989893,6459.99999999995
random-s0-0015,voronoi,1,0,completed,True,False,3,406,0,,187.20390399960252,0.4610933596049323,2566.6666666666624,202.8966750000336,12.650116945811149,154,0,0,0,14146.771876388557,10997.946220365744,59.13618218359303,59.23904467177538,77.55659721037358,20.0,kinematic,False,0,0.0,,,,random,cycle,43,1,7.759627000154978,4.278745999954481,2566.6666666666624
random-s0-0015,voronoi,1,0,completed,True,False,3,408,0,,23.435601999835853,0.057440200979989836,2599.9999999999955,38.49435400002221,67.54237257750826,156,0,0,0,14146.771876388557,10941.012964302026,59.396371496514405,59.71749159916967,78.49579097187063,20.0,kinematic,False,0,0.0,,,,random,event,1,0,7.759696999869448,3.879036999933305,2599.9999999999955
random-s0-0015,prm,1,0,completed,True,False,3,3,0,,12.159735000068395,4.053245000022798,4819.999999999985,17.869722000000365,269.7299935611694,241,1,0,1,16082.098035046381,15622.278345051613,58.67667072817022,59.215890069783036,-67.36504119871664,20.0,kinematic,False,0,0.0,,,,random,once,0,0,12.159735000068395,6.241164000016397,4819.999999999985
random-s0-0015,prm,1,0,completed,True,False,3,405,0,,320.40224799914085,0.7911166617262737,2483.3333333333294,338.6796329999697,7.33239643416512,149,0,0,0,16082.098035046381,11517.15437636365,59.17996918399238,59.84479288558459,35.79613788795612,20.0,kinematic,False,0,0.0,,,,random,cycle,41,3,12.369474000024638,10.561250000023392,2483.3333333333294
random-s0-0015,prm,1,0,completed,True,False,3,400,0,,24.97427700041044,0.0624356925010261,2399.9999999999964,39.44204099991566,60.84877808440816,144,0,0,0,16082.098035046381,11357.729571366755,59.069878014504376,59.51451937712058,95.16533024024977,20.0,kinematic,False,0,0.0,,,,random,event,1,0,12.26131999987956,6.256865999944239,2399.9999999999964
random-s0-0015,visibility,1,0,completed,True,False,3,3,0,,19.36409600011757,6.454698666705856,2960.0000000000023,22.987813999975515,128.76387463388886,148,0,0,0,10836.58613796675,10656.2454124401,58.97092949731435,59.17804554751657,4.901903621335208,20.0,kinematic,False,0,0.0,,,,random,once,0,0,19.36409600011757,9.720302999994601,2960.0000000000023
random-s0-0015,visibility,1,0,completed,True,False,3,441,0,,747.9403580009603,1.6960098820883454,3166.66666666666,767.3544870000342,4.126732455878008,190,0,2,2,10836.58613796675,10771.869144983713,59.12360284348052,59.693375330439245,-27.371603712137727,20.0,kinematic,False,0,0.0,,,,random,cycle,74,23,19.71948599998541,13.598902000012458,3166.66666666666
random-s0-0015,visibility,1,0,completed,True,False,3,438,0,,195.39158399970802,0.44609950684864846,3116.6666666666606,212.06619899999168,14.696668688190062,187,0,2,2,10836.58613796675,10753.949176177208,59.56883688147777,59.949631980942,-20.008701062300077,20.0,kinematic,False,0,0.0,,,,random,event,18,19,18.900508000001537,9.728434999942692,3116.6666666666606
random-s0-0016,voronoi,1,0,completed,True,False,3,3,0,,3.97339699998156,1.32446566666052,6019.99999999996,10.956982000038806,549.4213643847037,301,0,0,0,13920.086674203469,13558.71644956175,58.883567120417524,58.9126922230825,116.92205179234259,20.0,kinematic,False,0,0.0,,,,random,once,0,0,3.97339699998156,3.910328999950252,6019.99999999996
random-s0-0016,voronoi,1,0,completed,True,False,3,414,0,,75.86208000066108,0.1832417391320316,2599.9999999999955,91.3126899999952,28.473588939282504,156,0,0,0,13920.086674203469,12889.64284703642,58.812162592474714,59.513918623566035,57.861936952169344,20.0,kinematic,False,0,0.0,,,,random,cycle,16,0,3.897263999988354,3.948403999970651,2599.9999999999955
random-s0-0016,voronoi,1,0,completed,True,False,3,415,0,,15.724807999390578,0.03789110361298934,2616.6666666666624,30.867169999964972,84.7718357941344,157,0,0,0,13920.086674203469,12890.150512901875,58.68066072305569,59.119413015308936,53.90249518157586,20.0,kinematic,False,0,0.0,,,,random,event,0,0,3.9143069999454383,3.8528520000227218,2616.6666666666624
random-s0-0016,prm,1,0,completed,True,False,3,3,0,,6.626643000004151,2.2088810000013837,4319.999999999995,11.731349999990925,368.2440639826906,216,0,1,1,13124.921643470037,12940.191770224512,58.78697049727949,58.9126922230825,-111.36478921955424,20.0,kinematic,False,0,0.0,,,,random,once,0,0,6.626643000004151,6.587016000025869,4319.999999999995
random-s0-0016,prm,1,0,completed,True,False,3,401,0,,89.0130400008502,0.22197765586246931,2383.33333333333,105.41711600001236,22.608599284133806,143,0,0,0,13124.921643470037,12896.115185790799,58.82141151642676,59.54166539542215,51.171983481245775,20.0,kinematic,False,0,0.0,,,,random,cycle,5,0,6.7633019999675525,6.8331930000340435,2383.33333333333
random-s0-0016,prm,1,0,completed,True,False,3,401,0,,12.824854002019492,0.031982179556158334,2383.33333333333,26.751181999998153,89.0926364798944,143,0,0,0,13124.921643470037,12896.115185790799,58.82141151642676,59.54166539542215,51.171983481245775,20.0,kinematic,False,0,0.0,,,,random,event,0,0,6.625802000144176,6.5841990000308215,2383.33333333333
random-s0-0016,visibility,1,0,completed,True,False,3,3,0,,9.829835000118692,3.2766116667062306,3260.0000000000023,13.750024999922061,237.09047801865674,163,0,0,0,13071.411122206368,12893.268209428166,59.15471885256057,59.66138609186685,116.92205179234259,20.0,kinematic,False,0,0.0,,,,random,once,0,0,9.829835000118692,9.792722000042886,3260.0000000000023
random-s0-0016,visibility,1,0,completed,True,False,3,406,0,,137.05864700114034,0.3375828743870452,2466.666666666663,154.0793220000296,16.00907009875205,148,0,0,0,13071.411122206368,12890.512348654971,58.767981279170755,59.38137468365416,44.88907773142961,20.0,kinematic,False,0,0.0,,,,random,cycle,11,0,9.637509999947724,10.455051999997522,2466.666666666663
random-s0-0016,visibility,1,0,completed,True,False,3,405,0,,16.157442001713207,0.03989491852274866,2449.9999999999964,30.436316999953306,80.49594173972348,147,0,0,0,13071.411122206368,12890.62935419296,58.90720250168175,59.79903835118714,44.90748807924601,20.0,kinematic,False,0,0.0,,,,random,event,0,0,9.797871000046143,9.756387000038558,2449.9999999999964
random-s0-0017,voronoi,1,0,completed,True,False,3,3,0,,0.10610300012103835,0.03536766670701278,2320.000000000002,3.051934000041001,760.1737127896062,116,0,1,1,11886.178190768407,11711.179703698213,58.332829023399746,58.82008711971202,-138.6300016693921,20.0,kinematic,False,0,0.0,,,,random,once,0,0,0.10610300012103835,0.04809899996871536,2320.000000000002
random-s0-0017,voronoi,1,0,completed,True,False,3,446,0,,235.51615700182538,0.5280631322910883,2849.9999999999945,252.9741670000476,11.265972465874187,171,0,0,0,11886.178190768407,12818.112332992878,59.38604402493351,59.98199574660817,31.684671750743803,20.0,kinematic,False,0,0.0,,,,random,cycle,59,0,0.08434600010787108,4.0945759999431175,2849.9999999999945
random-s0-0017,voronoi,1,0,completed,True,False,3,477,0,,30.250793999698544,0.06341885534527997,3366.6666666666597,50.87733499999558,66.17222908131788,202,0,1,1,11886.178190768407,12881.172919817855,59.81603336093159,59.98199574660817,-17.339812237519567,20.0,kinematic,False,0,0.0,,,,random,event,24,0,0.08946299988110695,8.3460879999393,3366.6666666666597
random-s0-0017,prm,1,0,completed,True,False,3,3,0,,0.05151199991360045,0.017170666637866816,2320.000000000002,2.926645999991706,792.7163039214776,116,0,1,1,11886.178190768407,11711.179703698213,58.332829023399746,58.82008711971202,-138.6300016693921,20.0,kinematic,False,0,0.0,,,,random,once,0,0,0.05151199991360045,0.021376999939093366,2320.000000000002
random-s0-0017,prm,1,0,completed,True,False,3,427,0,,242.2654619996365,0.5673664215448162,2533.3333333333294,260.6702340000311,9.718537074444132,152,0,1,1,11886.178190768407,12085.209859454219,59.43871783021444,59.98199574660817,-78.93125104293155,20.0,kinematic,False,0,0.0,,,,random,cycle,31,23,0.538431999984823,6.852434999927937,2533.3333333333294
random-s0-0017,prm,1,0,completed,True,False,3,427,0,,14.338879999513665,0.03358051522134348,2533.3333333333294,29.305241000088245,86.44642551568509,152,0,1,1,11886.178190768407,12085.209859454219,59.43871783021444,59.98199574660817,-78.93125104293155,20.0,kinematic,False,0,0.0,,,,random,event,1,23,0.082290000023022,6.504022000058285,2533.3333333333294
random-s0-0017,visibility,1,0,completed,True,False,3,3,0,,0.04756600003474887,0.01585533334491629,2320.000000000002,2.912428999934491,796.5859425421822,116,0,1,1,11886.178190768407,11711.179703698213,58.332829023399746,58.82008711971202,-138.6300016693921,20.0,kinematic,False,0,0.0,,,,random,once,0,0,0.04756600003474887,0.018627000031301577,2320.000000000002
random-s0-0017,visibility,1,0,completed,True,False,3,409,0,,227.84739900180284,0.5570841051388823,2316.6666666666633,244.05002699995748,9.492589265999413,139,0,1,1,11886.178190768407,11770.322523194227,59.4463783183103,59.98199574660817,-18.960276726341135,20.0,kinematic,False,0,0.0,,,,random,cycle,22,9,0.1919449999832068,9.647044999951504,2316.6666666666633
random-s0-0017,visibility,1,0,completed,True,False,3,408,0,,130.1593320019947,0.31901797059312426,2316.6666666666633,144.4678710000744,16.035860780875424,139,0,1,1,11886.178190768407,11765.785729255189,59.92150113644961,59.98199574660817,-16.781292235549785,20.0,kinematic,False,0,0.0,,,,random,event,13,9,0.05686500003321271,9.856763000016144,2316.6666666666633
random-s0-0018,voronoi,1,0,completed,True,False,3,3,0,,8.019736999813176,2.6732456666043922,4999.999999999981,14.002018000041971,357.09138496929467,250,1,0,1,14773.239868438064,14378.121375316865,59.091747846503345,59.839191760729115,-79.07497598081162,20.0,kinematic,False,0,0.0,,,,random,once,0,0,8.019736999813176,4.002160999903026,4999.999999999981
random-s0-0018,voronoi,1,0,completed,True,False,3,484,0,,444.6543290000591,0.9187072913224361,3366.6666666666597,464.49993600003836,7.247937848297964,202,0,0,0,14773.239868438064,14491.607087279408,59.306377072231605,59.93660413957958,3.96487535860291,20.0,kinematic,False,0,0.0,,,,random,cycle,103,8,7.7496479999581425,8.909659000096326,3366.6666666666597
random-s0-0018,voronoi,1,0,completed,True,False,3,525,0,,28.109002000974215,0.05354095619233184,3349.999999999993,47.53449299994372,70.47513896916833,201,0,0,0,14773.239868438064,14273.097119689537,58.4204876830485,58.44276648418679,4.091334750528205,20.0,kinematic,False,0,0.0,,,,random,event,1,0,7.98420699993585,4.095077999977548,3349.999999999993
random-s0-0018,prm,1,0,completed,True,False,3,3,0,,13.227411999878314,4.4091373332927715,3940.000000000003,17.927223000015147,219.77748589375355,197,0,1,1,14727.606242970734,14350.878525858167,58.5164377463247,58.640898676166984,-28.339556411688562,20.0,kinematic,False,0,0.0,,,,random,once,0,0,13.227411999878314,6.964574999983597,3940.000000000003
random-s0-0018,prm,1,0,completed,True,False,3,478,0,,498.6878289990955,1.0432799769855554,3433.333333333326,520.2966529999458,6.598799576236528,206,0,0,0,14727.606242970734,15050.687121930765,58.71634742003625,58.88801669276057,1.9726413133589915,20.0,kinematic,False,0,0.0,,,,random,cycle,67,38,12.896507000050406,8.908918999964044,3433.333333333326
random-s0-0018,prm,1,0,completed,True,False,3,465,0,,27.062318000389496,0.05819853333417096,3216.66666666666,44.32010800007902,72.57804215325751,193,0,0,0,14727.606242970734,13696.083767611533,58.818672437977824,59.19499174658527,1.9726413133589915,20.0,kinematic,False,0,0.0,,,,random,event,1,0,12.900491999971564,6.511783000064497,3216.66666666666
random-s0-0018,visibility,1,0,completed,True,False,3,3,0,,18.961580999985017,6.320526999995006,2960.0000000000023,22.570921999999882,131.14218373533956,148,0,0,0,13664.44675370793,13484.832884341842,59.040479568947255,59.61037043046586,3.952206196150712,20.0,kinematic,False,0,0.0,,,,random,once,0,0,18.961580999985017,9.687214999985372,2960.0000000000023
random-s0-0018,visibility,1,0,completed,True,False,3,485,0,,1315.3343640009325,2.712029616496768,2883.333333333328,1335.5598279999867,2.1588949239744255,173,0,0,0,13664.44675370793,13531.904836167165,58.85794712269686,59.59033553232814,0.8250927681462485,20.0,kinematic,False,0,0.0,,,,random,cycle,136,38,18.54584199998044,10.536824000041634,2883.333333333328
random-s0-0018,visibility,1,0,completed,True,False,3,485,0,,75.75331899829507,0.15619241030576303,2883.333333333328,92.95399200004795,31.018929594027988,173,0,0,0,13664.44675370793,13513.696832309692,59.269646052947394,59.71414487133132,0.8250927681462485,20.0,kinematic,False,0,0.0,,,,random,event,5,37,18.95701800003735,9.754726000096525,2883.333333333328
random-s0-0019,voronoi,1,0,completed,True,False,3,3,0,,0.10619199986194872,0.035397333287316236,2640.000000000002,3.314196000019365,796.5732865481028,132,0,0,0,12882.626982560483,12704.056374200323,59.52353612005104,59.86437665383882,404.3579468465009,20.0,kinematic,False,0,0.0,,,,random,once,0,0,0.10619199986194872,0.04622199992354581,2640.000000000002
random-s0-0019,voronoi,1,0,completed,True,False,3,396,0,,10.759843000869296,0.0271713207092659,2649.9999999999955,25.6670019999774,103.24540435234036,159,0,0,0,12882.626982560483,12706.644731677412,58.66075029435549,59.4105375395183,405.7674818056562,20.0,kinematic,False,0,0.0,,,,random,cycle,0,0,0.08062799986419122,0.05985599989344337,2649.9999999999955
random-s0-0019,voronoi,1,0,completed,True,False,3,396,0,,11.398395999549393,0.028783828281690387,2649.9999999999955,25.781843999993725,102.78551060973918,159,0,0,0,12882.626982560483,12706.644731677412,58.66075029435549,59.4105375395183,405.7674818056562,20.0,kinematic,False,0,0.0,,,,random,event,0,0,0.09055200007423991,0.06320299996787071,2649.9999999999955
random-s0-0019,prm,1,0,completed,True,False,3,3,0,,0.048920999802248843,0.01630699993408295,2640.000000000002,3.262077000044883,809.3003322618314,132,0,0,0,12882.626982560483,12704.056374200323,59.52353612005104,59.86437665383882,404.3579468465009,20.0,kinematic,False,0,0.0,,,,random,once,0,0,0.048920999802248843,0.019099999917671084,2640.000000000002
random-s0-0019,prm,1,0,completed,True,False,3,396,0,,52.14266300208692,0.13167339141941142,2649.9999999999955,69.37307300006523,38.19925924281174,159,0,0,0,12882.626982560483,12706.644731677412,58.66075029435549,59.4105375395183,405.7674818056562,20.0,kinematic,False,0,0.0,,,,random,cycle,0,0,0.5745119999573944,0.30854599992835574,2649.9999999999955
random-s0-0019,prm,1,0,completed,True,False,3,396,0,,6.245061001209251,0.015770356063659726,2649.9999999999955,20.392351000054987,129.95068592105196,159,0,0,0,12882.626982560483,12706.644731677412,58.66075029435549,59.4105375395183,405.7674818056562,20.0,kinematic,False,0,0.0,,,,random,event,0,0,0.06135899991477345,0.049120999960905465,2649.9999999999955
random-s0-0019,visibility,1,0,completed,True,False,3,3,0,,0.05131200009600434,0.017104000032001448,2640.000000000002,3.2757390000597297,805.9250141576799,132,0,0,0,12882.626982560483,12704.056374200323,59.52353612005104,59.86437665383882,404.3579468465009,20.0,kinematic,False,0,0.0,,,,random,once,0,0,0.05131200009600434,0.018494000073587813,2640.000000000002
random-s0-0019,visibility,1,0,completed,True,False,3,396,0,,21.196499999405205,0.053526515150013144,2649.9999999999955,37.050459000056435,71.52408017390444,159,0,0,0,12882.626982560483,12706.644731677412,58.66075029435549,59.4105375395183,405.7674818056562,20.0,kinematic,False,0,0.0,,,,random,cycle,0,0,0.1972629999045239,0.09243399995284562,2649.9999999999955
random-s0-0019,visibility,1,0,completed,True,False,3,396,0,,6.278948000044693,0.015855929293042154,2649.9999999999955,20.461575000013,129.51104692567958,159,0,0,0,12882.626982560483,12706.644731677412,58.66075029435549,59.4105375395183,405.7674818056562,20.0,kinematic,False,0,0.0,,,,random,event,0,0,0.057048000144277466,0.05691200010460307,2649.9999999999955
random-s0-0020,voronoi,1,0,completed,True,False,3,3,0,,11.866546999954153,3.9555156666513844,7599.999999999926,20.727586000020892,366.66112493718595,380,2,1,3,15457.028925708932,14781.245063370206,59.36026024027793,59.74133621282348,-148.62649039767473,20.0,kinematic,False,0,0.0,,,,random,once,0,0,11.866546999954153,4.10237899995991,7599.999999999926
random-s0-0020,voronoi,1,0,completed,True,False,3,425,0,,240.01525800167656,0.5647417835333566,2633.333333333329,256.32559899997887,10.273391903137798,158,0,0,0,15457.028925708932,12164.735955261345,58.55746394165516,58.68381442897519,2.55592841261938,20.0,kinematic,False,0,0.0,,,,random,cycle,56,0,11.698450000039884,3.998658999989857,2633.333333333329
random-s0-0020,voronoi,1,0,completed,True,False,3,466,0,,25.713892000226224,0.05518002575155842,2999.999999999994,42.8917059999776,69.94359235796217,180,0,1,1,15457.028925708932,12459.109988142816,59.440543577336456,59.94031231952822,-132.09525171432256,20.0,kinematic,False,0,0.0,,,,random,event,0,0,11.681488999897738,3.9552219999450244,2999.999999999994
random-s0-0020,prm,1,0,completed,True,False,3,3,0,,17.913597000074333,5.971199000024778,5319.9999999999745,24.286095000093155,219.05538951319957,266,0,1,1,13052.245261894715,12624.147750696586,59.445979035891575,59.69713031349101,-25.02283159956454,20.0,kinematic,False,0,0.0,,,,random,once,0,0,17.913597000074333,6.055562000028658,5319.9999999999745
random-s0-0020,prm,1,0,completed,True,False,3,397,0,,263.4660929994652,0.6636425516359326,2599.9999999999955,281.09178600004725,9.24964772894345,156,0,0,0,13052.245261894715,11651.62937958873,58.749652370132786,59.509251500184405,18.581130009208465,20.0,kinematic,False,0,0.0,,,,random,cycle,33,0,18.37425999997322,6.382256999927449,2599.9999999999955
random-s0-0020,prm,1,0,completed,True,False,3,456,0,,37.10015599995131,0.0813599912279634,3033.3333333333276,53.612636000025304,56.57870158318453,182,0,2,2,13052.245261894715,12124.292469505142,58.95998444504547,59.509251500184405,-132.83175071951314,20.0,kinematic,False,0,0.0,,,,random,event,2,2,17.70880300000499,5.940678999991178,3033.3333333333276
random-s0-0020,visibility,1,0,completed,True,False,3,3,0,,26.949618000003284,8.983206000001095,3340.0000000000027,30.971834000069975,107.83991674475773,167,0,2,2,11730.23191210024,11539.008698880054,58.298343652217966,58.72850493208511,-83.32311555377488,20.0,kinematic,False,0,0.0,,,,random,once,0,0,26.949618000003284,9.22664999995959,3340.0000000000027
random-s0-0020,visibility,1,0,completed,True,False,3,474,0,,1115.4249530011384,2.353217200424343,3349.999999999993,1136.051846999976,2.948809078429379,201,0,2,2,11730.23191210024,11496.362560544701,58.54543063208403,59.07254955713248,-80.8464211270956,20.0,kinematic,False,0,0.0,,,,random,cycle,122,42,26.69800600006056,9.32237399990754,3349.999999999993
random-s0-0020,visibility,1,0,completed,True,False,3,456,0,,54.68534399813052,0.11992399999590027,3349.999999999993,71.782082000027,46.66902807303267,201,0,2,2,11730.23191210024,11502.249840067707,58.88370922285423,59.35239913793897,-80.8464211270956,20.0,kinematic,False,0,0.0,,,,random,event,2,42,26.841231000048538,9.218067999995583,3349.999999999993
random-s0-0021,voronoi,1,0,completed,True,False,3,3,0,,4.120844999988549,1.3736149999961829,9919.999999999878,15.542497999945226,638.2500419195703,496,0,0,0,18418.090315380723,17572.532658506774,58.735201919881455,59.370106113256774,38.42441546034621,20.0,kinematic,False,0,0.0,,,,random,once,0,0,4.120844999988549,4.032682999991266,9919.999999999878
random-s0-0021,voronoi,1,0,completed,True,False,3,435,0,,42.51157799956218,0.0977277655162349,3049.999999999994,59.29491599999892,51.43779949026405,183,0,0,0,18418.090315380723,15362.345141688864,59.038156330011624,59.65315396005899,37.08996249221053,20.0,kinematic,False,0,0.0,,,,random,cycle,6,1,4.048213000032774,3.9804400000775786,3049.999999999994
random-s0-0021,voronoi,1,0,completed,True,False,3,435,0,,24.09753599999931,0.05539663448275703,3049.999999999994,40.68792600003235,74.96081269901958,183,0,0,0,18418.090315380723,15361.07741887456,59.046531146554706,59.678278409688225,37.08996249221053,20.0,kinematic,False,0,0.0,,,,random,event,1,1,3.9989270001115074,3.9231450000443147,3049.999999999994
random-s0-0021,prm,1,0,planning_failed,False,False,3,3,1,B1,0.21546099992519885,0.07182033330839961,2360.000000000002,3.101768999954402,760.8561437149883,118,0,0,0,7558.291137432125,7439.9418238664075,2656.5363196661383,7851.2596454326995,38.42441546034621,20.0,kinematic,False,0,0.0,,,,random,once,0,0,0.21546099992519885,0.1749289999679604,
random-s0-0021,prm,1,0,planning_failed,False,False,3,253,1,B1,33.09189299989157,0.13079799604700226,2366.6666666666633,45.13479900003858,52.435520243806565,142,0,0,0,7558.291137432125,7440.8298224021455,2656.240320154225,7851.2596454326995,37.08996249221053,20.0,kinematic,False,0,0.0,,,,random,cycle,0,0,0.39659100002609193,0.21464700000706216,
random-s0-0021,prm,1,0,planning_failed,False,False,3,253,1,B1,4.145909999238029,0.016386996044419087,2366.6666666666633,14.451742000005652,163.76341804785457,142,0,0,0,7558.291137432125,7440.8298224021455,2656.240320154225,7851.2596454326995,37.08996249221053,20.0,kinematic,False,0,0.0,,,,random,event,0,0,0.12091600001440383,0.07533400003012503,
random-s0-0021,visibility,1,0,planning_failed,False,False,3,3,1,B1,0.11406100009025977,0.03802033336341992,2360.000000000002,2.87916000002042,819.6835187982829,118,0,0,0,7558.291137432125,7439.9418238664075,2656.5363196661383,7851.2596454326995,38.42441546034621,20.0,kinematic,False,0,0.0,,,,random,once,0,0,0.11406100009025977,0.07975200003329519,
random-s0-0021,visibility,1,0,planning_failed,False,False,3,253,1,B1,13.564978000886185,0.0536165138374948,2366.6666666666633,24.751175999995212,95.61835230241671,142,0,0,0,7558.291137432125,7440.8298224021455,2656.240320154225,7851.2596454326995,37.08996249221053,20.0,kinematic,False,0,0.0,,,,random,cycle,0,0,0.15821899989987287,0.08547699997052405,
random-s0-0021,visibility,1,0,planning_failed,False,False,3,253,1,B1,4.087631000402325,0.016156644270364923,2366.6666666666633,14.241212999991149,166.18434586071666,142,0,0,0,7558.291137432125,7440.8298224021455,2656.240320154225,7851.2596454326995,37.08996249221053,20.0,kinematic,False,0,0.0,,,,random,event,0,0,0.09881999994831858,0.0571499999750813,
random-s0-0022,voronoi,1,0,completed,True,False,3,3,0,,4.0728639999088045,1.3576213333029348,4179.999999999999,9.072094999964975,460.75355251638535,209,0,0,0,8416.652057146024,8029.931948485853,58.17792581039541,58.95177313842835,38.261699505146964,20.0,kinematic,False,0,0.0,,,,random,once,0,0,4.0728639999088045,3.998502999934317,4179.999999999999
random-s0-0022,voronoi,1,0,completed,True,False,3,307,0,,60.92595100017206,0.19845586645007188,1766.6666666666654,72.29205199996613,24.43791008543364,106,0,2,2,8416.652057146024,7549.008799640427,59.32516817641014,59.65816186975412,-0.9284576934041411,20.0,kinematic,False,0,0.0,,,,random,cycle,15,0,3.9443619999701696,3.892773999950805,1766.6666666666654
random-s0-0022,voronoi,1,0,completed,True,False,3,346,0,,25.62048199979472,0.074047635837557,2416.666666666663,38.90601099999458,62.11550874920073,145,0,1,1,8416.652057146024,7746.0290632600845,59.32154378796215,59.65816186975412,-2.0723264923361455,20.0,kinematic,False,0,0.0,,,,random,event,5,0,3.9027590000841883,3.9875620000202616,2416.666666666663
random-s0-0022,prm,1,0,completed,True,False,3,3,0,,6.786041999930603,2.2620139999768676,3160.0000000000023,10.726167999905556,294.6066106766019,158,0,0,0,7652.239575789705,7477.197950832233,58.30588483953952,58.95177313842835,1.912774461934248,20.0,kinematic,False,0,0.0,,,,random,once,0,0,6.786041999930603,6.746204000023681,3160.0000000000023
random-s0-0022,prm,1,0,completed,True,False,3,397,0,,346.6532259994892,0.8731819294697462,3266.66666666666,365.257425999971,8.943464072560483,196,0,0,0,7652.239575789705,9021.674683254852,59.18554683053349,59.65816186975412,0.8927404562305981,20.0,kinematic,False,0,0.0,,,,random,cycle,48,0,6.90030099985961,7.027784999991127,3266.66666666666
random-s0-0022,prm,1,0,completed,True,False,3,396,0,,96.86706600098205,0.24461380303278296,3249.999999999993,112.42295299996385,28.908687356762798,195,0,0,0,7652.239575789705,9031.362485733222,59.44018906520279,59.65816186975412,1.388195034455265,20.0,kinematic,False,0,0.0,,,,random,event,14,0,6.407413000033557,6.4367730000185475,3249.999999999993
random-s0-0022,visibility,1,0,completed,True,False,3,3,0,,8.943801999862444,2.9812673332874815,2900.0000000000023,12.461592000022392,232.7150495694925,145,0,1,1,7652.328400242051,7475.684935884994,58.80221295418957,59.707822740125884,-50.504900347683105,20.0,kinematic,False,0,0.0,,,,random,once,0,0,8.943801999862444,8.90956599994297,2900.0000000000023
random-s0-0022,visibility,1,0,completed,True,False,3,366,0,,389.59204499974476,1.064459139343565,2749.999999999995,404.97413999992204,6.790557046433938,165,0,1,1,7652.328400242051,7519.821359835232,59.17873552939961,59.65816186975412,-142.13690303572264,20.0,kinematic,False,0,0.0,,,,random,cycle,42,32,8.645702999956484,9.08978899997237,2749.999999999995
random-s0-0022,visibility,1,0,completed,True,False,3,366,0,,154.93862300218098,0.4233295710442103,2749.999999999995,168.96131999999398,16.275914511085098,165,0,1,1,7652.328400242051,7520.271745524606,59.12058710810558,59.65816186975412,-142.616587777145,20.0,kinematic,False,0,0.0,,,,random,event,16,32,8.836635999955433,9.130160000040632,2749.999999999995
random-s0-0023,voronoi,1,0,completed,True,False,3,3,0,,3.964246999998977,1.3214156666663257,5419.999999999973,10.415491000003385,520.3787320250395,271,0,0,0,16410.957699752675,16123.047201130266,59.4980915654462,59.83710313153385,22.093420511037493,20.0,kinematic,False,0,0.0,,,,random,once,0,0,3.964246999998977,3.889114999992671,5419.999999999973
random-s0-0023,voronoi,1,0,completed,True,False,3,456,0,,173.12270600086777,0.37965505701944685,2899.9999999999945,190.581251000026,15.216607010306586,174,0,0,0,16410.957699752675,15144.714700306118,58.616347372015156,58.71557204911108,24.727095241681894,20.0,kinematic,False,0,0.0,,,,random,cycle,42,0,3.937754000048699,3.884995000021263,2899.9999999999945
random-s0-0023,voronoi,1,0,completed,True,False,3,466,0,,21.265722000521237,0.04563459656764214,3083.333333333327,38.348934000055124,80.4020610671706,185,0,0,0,16410.957699752675,15099.25928120123,58.47866823799219,58.71557204911108,20.75206809036996,20.0,kinematic,False,0,0.0,,,,random,event,1,0,3.857120999896324,3.8131659999862677,3083.333333333327
random-s0-0023,prm,1,0,completed,True,False,3,3,0,,6.709510000064256,2.236503333354752,4939.999999999983,12.516977000018414,394.66398316404315,247,1,0,1,15052.707400950214,14795.37961836259,58.90423220628862,59.56535758825485,-33.70659948015364,20.0,kinematic,False,0,0.0,,,,random,once,0,0,6.709510000064256,6.674559000089175,4939.999999999983
random-s0-0023,prm,1,0,completed,True,False,3,462,0,,498.23659599883285,1.0784341904736643,3016.666666666661,518.6655489999339,5.816207906006585,181,0,0,0,15052.707400950214,14300.163725615861,58.71585912993154,59.06344437315718,141.175429758726,20.0,kinematic,False,0,0.0,,,,random,cycle,69,0,6.772270999931607,6.79975100001684,3016.666666666661
random-s0-0023,prm,1,0,completed,True,False,3,462,0,,26.613356000439126,0.057604666667617155,3016.666666666661,43.2101670000975,69.81381642565404,181,0,0,0,15052.707400950214,14300.163725615861,58.71585912993154,59.06344437315718,141.175429758726,20.0,kinematic,False,0,0.0,,,,random,event,2,0,6.544544000121277,6.472648999988451,3016.666666666661
random-s0-0023,visibility,1,0,completed,True,False,3,3,0,,9.68781400001717,3.2292713333390566,4100.000000000001,14.542691999963608,281.9285452796677,205,0,0,0,14426.662833356719,14247.24273470564,59.12439106647914,59.56535758825485,13.339645942323159,20.0,kinematic,False,0,0.0,,,,random,once,0,0,9.68781400001717,9.654915000055553,4100.000000000001
random-s0-0023,visibility,1,0,completed,True,False,3,420,0,,299.0436309994493,0.7120086452367841,2749.999999999995,316.1711399999376,8.697821059823921,165,0,0,0,14426.662833356719,14238.792953773998,58.70728123837966,59.35586373350079,49.33027171590405,20.0,kinematic,False,0,0.0,,,,random,cycle,29,0,9.558719999972709,9.546475999968607,2749.999999999995
random-s0-0023,visibility,1,0,completed,True,False,3,428,0,,64.38869899966448,0.15044088551323478,2749.999999999995,79.66929199994865,34.517690956783795,165,0,0,0,14426.662833356719,14238.521780332921,58.88749117926551,59.92136290735583,62.60377716266606,20.0,kinematic,False,0,0.0,,,,random,event,5,0,9.751170999948044,9.7046749999663,2749.999999999995
random-s0-0024,voronoi,1,0,completed,True,False,3,3,0,,0.10208899993813247,0.034029666646044156,2240.0000000000014,2.8651840000293305,781.7997029081102,112,0,0,0,11381.00891279355,11206.038938925818,58.32332462257708,58.96738334886967,86.60835652644062,20.0,kinematic,False,0,0.0,,,,random,once,0,0,0.10208899993813247,0.045735999947282835,2240.0000000000014
random-s0-0024,voronoi,1,0,completed,True,False,3,381,0,,28.993344000696197,0.07609801574985879,2283.3333333333303,43.16387500000474,52.89917398132303,137,0,0,0,11381.00891279355,11407.205927213334,59.086868306292665,59.66466131862306,99.11860744310576,20.0,kinematic,False,0,0.0,,,,random,cycle,5,0,0.08135299992773071,3.7839699999722143,2283.3333333333303
random-s0-0024,voronoi,1,0,completed,True,False,3,382,0,,18.77005799849485,0.04913627748297081,2299.999999999997,32.76228699996864,70.2026693070053,138,0,0,0,11381.00891279355,11417.18798350757,58.56555288817841,58.92655349687336,99.11860744310576,20.0,kinematic,False,0,0.0,,,,random,event,2,0,0.0942140000006475,3.933811000024434,2299.999999999997
random-s0-0024,prm,1,0,completed,True,False,3,3,0,,0.050166000050921866,0.016722000016973954,2240.0000000000014,2.832162000004246,790.9152089451957,112,0,0,0,11381.00891279355,11206.038938925818,58.32332462257708,58.96738334886967,86.60835652644062,20.0,kinematic,False,0,0.0,,,,random,once,0,0,0.050166000050921866,0.020112000015615195,2240.0000000000014
random-s0-0024,prm,1,0,completed,True,False,3,381,0,,94.67620900034035,0.24849398687753374,2283.3333333333303,111.19770000004792,20.533997855462356,137,0,0,0,11381.00891279355,11300.916881485042,58.96090262197387,59.28676426566669,99.11860744310576,20.0,kinematic,False,0,0.0,,,,random,cycle,7,0,0.5511229999228817,6.424541000001227,2283.3333333333303
random-s0-0024,prm,1,0,completed,True,False,3,389,0,,19.295591000741297,0.049603061698563745,2416.666666666663,32.9145000000608,73.42255439584982,145,0,0,0,11381.00891279355,11449.75651605882,58.96948338938365,59.31250656789602,99.11860744310576,20.0,kinematic,False,0,0.0,,,,random,event,2,0,0.061577999986184295,6.552747999990061,2416.666666666663
random-s0-0024,visibility,1,0,completed,True,False,3,3,0,,0.049102999923889,0.016367666641296335,2240.0000000000014,2.7778959999977815,806.3656810772578,112,0,0,0,11381.00891279355,11206.038938925818,58.32332462257708,58.96738334886967,86.60835652644062,20.0,kinematic,False,0,0.0,,,,random,once,0,0,0.049102999923889,0.019134000012854813,2240.0000000000014
random-s0-0024,visibility,1,0,completed,True,False,3,387,0,,120.94825000110632,0.31252777778063645,2383.33333333333,136.1214610000161,17.50887270694992,143,0,0,0,11381.00891279355,11210.018636091161,58.64282729320916,58.92655349687336,99.11860744310576,20.0,kinematic,False,0,0.0,,,,random,cycle,11,0,0.1920730001074844,9.379044999946018,2383.33333333333
random-s0-0024,visibility,1,0,completed,True,False,3,388,0,,24.67503499974555,0.06359545103027203,2399.9999999999964,38.241053999968244,62.75977644345235,144,0,0,0,11381.00891279355,11206.261360158856,58.63084224514452,58.92655349687336,99.11860744310576,20.0,kinematic,False,0,0.0,,,,random,event,2,0,0.05884600000172213,9.406581000007463,2399.9999999999964
random-s0-0025,voronoi,1,0,completed,True,False,3,3,0,,7.619137000006049,2.5397123333353497,9039.999999999896,18.115850999947725,499.0105074294319,452,1,0,1,20334.78594349841,19697.6146589149,59.249834586191675,59.6675386598413,-117.08999999786485,20.0,kinematic,False,0,0.0,,,,random,once,0,0,7.619137000006049,3.8941439999007343,9039.999999999896
random-s0-0025,voronoi,1,0,completed,True,False,3,501,0,,317.890093997903,0.6345111656644771,3916.6666666666574,338.71752499999275,11.563224154601215,235,0,0,0,20334.78594349841,17162.791324568618,58.99190815998643,59.49896707636152,6.817350446205751,20.0,kinematic,False,0,0.0,,,,random,cycle,78,1,7.499845000097594,3.9812370000618102,3916.6666666666574
random-s0-0025,voronoi,1,0,completed,True,False,3,455,0,,25.016147998485394,0.05498054505161625,3116.6666666666606,42.2779289999653,73.71852738267333,187,0,0,0,20334.78594349841,15370.19571092724,58.84695805983275,59.49896707636152,9.202212414779922,20.0,kinematic,False,0,0.0,,,,random,event,1,0,7.635415999970974,3.9288729999498173,3116.6666666666606
random-s0-0025,prm,1,0,completed,True,False,3,3,0,,12.333661999946344,4.111220666648781,5539.99999999997,18.92662599993855,292.7093291756257,277,1,0,1,16145.133618536627,15809.064534598918,59.13077677158497,59.5480814219818,-174.698548945373,20.0,kinematic,False,0,0.0,,,,random,once,0,0,12.333661999946344,6.276403000015307,5539.99999999997
random-s0-0025,prm,1,0,completed,True,False,3,456,0,,313.1720650017087,0.6867808443019927,2933.3333333333276,333.2498749999786,8.80220385178994,176,0,0,0,16145.133618536627,15434.364475283342,59.106733931852794,59.49896707636152,9.575959082979551,20.0,kinematic,False,0,0.0,,,,random,cycle,40,0,12.203876999933527,8.081621999963318,2933.3333333333276
random-s0-0025,prm,1,0,completed,True,False,3,465,0,,63.49622400011867,0.13655101935509392,2966.666666666661,80.79420599995046,36.71880464631931,178,0,0,0,16145.133618536627,15445.69077558826,59.12851602130001,59.49896707636152,9.575959082979551,20.0,kinematic,False,0,0.0,,,,random,event,7,0,12.218418999850655,6.697455999983504,2966.666666666661
random-s0-0025,visibility,1,0,completed,True,False,3,3,0,,18.399237000039648,6.133079000013216,4479.999999999993,23.764462000031017,188.5167861150884,224,1,1,2,15312.771848134598,15134.962633154013,58.94621223856999,59.5480814219818,-61.27365367651777,20.0,kinematic,False,0,0.0,,,,random,once,0,0,18.399237000039648,9.431338000013056,4479.999999999993
random-s0-0025,visibility,1,0,completed,True,False,3,551,0,,1597.9643489993123,2.900116785842672,3733.333333333325,1624.3358880000187,2.298375207316285,224,1,0,1,15312.771848134598,15252.507696141254,59.01006704644599,59.49896707636152,-76.91975781379479,20.0,kinematic,False,0,0.0,,,,random,cycle,177,6,17.938998999966316,10.580272000083824,3733.333333333325
random-s0-0025,visibility,1,0,completed,True,False,3,581,0,,380.2317930010304,0.6544437056816358,4033.3333333333244,402.7081520000593,10.01552442706134,242,2,0,2,15312.771848134598,15330.19145758474,59.06619928754807,59.49896707636152,-34.9251504927291,20.0,kinematic,False,0,0.0,,,,random,event,41,30,18.16148600005363,9.418469000024743,4033.3333333333244
random-s0-0026,voronoi,1,0,completed,True,False,3,3,0,,7.978332000107002,2.6594440000356676,8379.99999999991,17.70892999991247,473.20758510205474,419,0,1,1,21666.386569800427,21100.21631903192,58.91652270397407,59.2779100821036,-107.40122775988033,20.0,kinematic,False,0,0.0,,,,random,once,0,0,7.978332000107002,4.046076999998149,8379.99999999991
random-s0-0026,voronoi,1,0,completed,True,False,3,496,0,,204.2456389998506,0.4117855624996988,3166.66666666666,223.53080900006717,14.166578114365025,190,0,0,0,21666.386569800427,18956.11684380022,59.4405374246964,59.78496925097429,7.8303705302295725,20.0,kinematic,False,0,0.0,,,,random,cycle,47,0,8.097908000081588,4.293017999998483,3166.66666666666
random-s0-0026,voronoi,1,0,completed,True,False,3,484,0,,25.59811300113779,0.0528886632254913,3166.66666666666,43.65689899998415,72.53530917685679,190,0,0,0,21666.386569800427,19029.11162660679,59.16898855010339,59.78496925097429,7.8303705302295725,20.0,kinematic,False,0,0.0,,,,random,event,1,0,7.819046000122398,3.9519260000133727,3166.66666666666
random-s0-0026,prm,1,0,completed,True,False,3,3,0,,11.832896000100845,3.944298666700282,6179.999999999956,19.11286100005327,323.34248650595697,309,0,3,3,20045.18458523989,19774.541496827896,58.32683768609541,59.2779100821036,-159.66915237390467,20.0,kinematic,False,0,0.0,,,,random,once,0,0,11.832896000100845,5.927281000026596,6179.999999999956
random-s0-0026,prm,1,0,completed,True,False,3,500,0,,355.44969700174534,0.7108993940034907,3633.3333333333253,378.726209999968,9.593561885599712,218,0,0,0,20045.18458523989,18941.56455363992,59.33999845335916,59.63286248149333,2.5828180324655534,20.0,kinematic,False,0,0.0,,,,random,cycle,49,0,11.911821999888161,7.738082999935614,3633.3333333333253
random-s0-0026,prm,1,0,completed,True,False,3,528,0,,39.12225899978239,0.07409518749958786,4099.999999999991,59.615054999994754,68.7745738052301,246,0,0,0,20045.18458523989,18971.26581253931,59.34964692172761,59.63286248149333,2.5828180324655534,20.0,kinematic,False,0,0.0,,,,random,event,3,0,11.606249999886131,6.429185999991205,4099.999999999991
random-s0-0026,visibility,1,0,completed,True,False,3,3,0,,18.89887100003307,6.2996236666776895,4020.0000000000023,23.68046799995227,169.76015845667007,201,0,1,1,18677.37697638367,18500.293948762883,58.71431824124617,59.2779100821036,-31.049584220234976,20.0,kinematic,False,0,0.0,,,,random,once,0,0,18.89887100003307,9.443196999995962,4020.0000000000023
random-s0-0026,visibility,1,0,completed,True,False,3,511,0,,835.5640099999846,1.6351546183952732,3366.6666666666597,857.0732690000114,3.92809668488986,202,0,0,0,18677.37697638367,18497.220333707617,59.39491738645333,59.63286248149333,0.8516563425460788,20.0,kinematic,False,0,0.0,,,,random,cycle,86,0,18.77380100006576,10.621596999953908,3366.6666666666597
random-s0-0026,visibility,1,0,completed,True,False,3,520,0,,27.70372300096824,0.053276390386477385,3366.6666666666597,46.582618000002185,72.27302395641442,202,0,0,0,18677.37697638367,18496.740041082532,59.433517267367165,59.63286248149333,1.1118993624481845,20.0,kinematic,False,0,0.0,,,,random,event,0,0,18.923934999975245,9.49198900002557,3366.6666666666597
random-s0-0027,voronoi,1,0,completed,True,False,3,3,0,,8.03529699999217,2.6784323333307234,4679.999999999988,13.609985000016422,343.8651842742179,234,1,1,2,9953.517914146989,9569.20124920795,58.96736839073254,59.5777987255864,-41.4234739563546,20.0,kinematic,False,0,0.0,,,,random,once,0,0,8.03529699999217,4.141050000043833,4679.999999999988
random-s0-0027,voronoi,1,0,completed,True,False,3,365,0,,162.13435899931028,0.4442037232857816,2316.6666666666633,176.2185989999807,13.146550249596054,139,0,0,0,9953.517914146989,8242.24788844274,58.71408036478484,59.264116221053236,125.23672780319214,20.0,kinematic,False,0,0.0,,,,random,cycle,37,1,7.781041000043842,3.939988000070116,2316.6666666666633
random-s0-0027,voronoi,1,0,completed,True,False,3,359,0,,38.185088000204814,0.10636514763288249,2249.999999999997,51.76956700006485,43.46182767951639,135,0,0,0,9953.517914146989,8276.334375674898,59.19605146866354,59.74445463554226,59.582574720040924,20.0,kinematic,False,0,0.0,,,,random,event,4,1,8.042449000186025,4.113666000080229,2249.999999999997
random-s0-0027,prm,1,0,completed,True,False,3,3,0,,13.305929999887667,4.435309999962556,3140.0000000000023,17.108123999946656,183.53853409116002,157,1,0,1,9651.972688278707,9270.378792468859,58.071571359442345,58.44139120614196,-124.00716446122428,20.0,kinematic,False,0,0.0,,,,random,once,0,0,13.305929999887667,6.798363999905632,3140.0000000000023
random-s0-0027,prm,1,0,completed,True,False,3,350,0,,405.88885800059415,1.159682451430269,2166.666666666664,422.2501059999786,5.131240077573299,130,0,0,0,9651.972688278707,8428.31841675277,58.911078517788916,59.11538243479961,10.937189761429522,20.0,kinematic,False,0,0.0,,,,random,cycle,54,2,13.062640000043757,10.121165999976256,2166.666666666664
random-s0-0027,prm,1,0,completed,True,False,3,350,0,,32.01786899990111,0.09147962571400317,2166.666666666664,44.57799600004364,48.60394950604201,130,0,0,0,9651.972688278707,8428.31841675277,58.911078517788916,59.11538243479961,10.937189761429522,20.0,kinematic,False,0,0.0,,,,random,event,2,2,13.134000999912132,6.635040999981356,2166.666666666664
random-s0-0027,visibility,1,0,completed,True,False,3,3,0,,17.797157000131847,5.932385666710616,2960.0000000000023,21.373654999933933,138.48824639534755,148,2,0,2,8088.558707180742,7912.303231797855,58.28213646404395,59.15784451256215,-159.38774704165476,20.0,kinematic,False,0,0.0,,,,random,once,0,0,17.797157000131847,8.935471000086181,2960.0000000000023
random-s0-0027,visibility,1,0,completed,True,False,3,369,0,,589.6465050001325,1.5979580081304403,2333.33333333333,604.7290600000679,3.8584772713470525,140,0,0,0,8088.558707180742,7919.27099855204,59.00478771087068,59.73001691579415,5.18024958579764,20.0,kinematic,False,0,0.0,,,,random,cycle,60,10,30.85181599999487,22.179013000027226,2333.33333333333
random-s0-0027,visibility,1,0,completed,True,False,3,360,0,,100.5029110013993,0.2791747527816647,2283.3333333333303,113.45728100002361,20.125048945363453,137,0,0,0,8088.558707180742,7923.529716330202,58.9223458430966,59.68127601382147,3.3630594915078973,20.0,kinematic,False,0,0.0,,,,random,event,8,9,17.92800099985925,9.822731000099338,2283.3333333333303
random-s0-0028,voronoi,1,0,completed,True,False,3,3,0,,7.8169720001142196,2.6056573333714064,10439.999999999865,19.85021500001949,525.9388878150496,522,0,0,0,21341.160168058715,20580.234294871356,58.80864983680695,59.240979915455654,10.657886273475327,20.0,kinematic,False,0,0.0,,,,random,once,0,0,7.8169720001142196,3.911241000082555,10439.999999999865
random-s0-0028,voronoi,1,0,completed,True,False,3,464,0,,144.8725590006461,0.31222534267380625,3266.66666666666,163.01086599992232,20.039563906544835,196,0,0,0,21341.160168058715,16659.332557648813,59.292419837108525,59.606434109722265,14.910700267499408,20.0,kinematic,False,0,0.0,,,,random,cycle,33,0,7.735668999998779,3.9418800000703413,3266.66666666666
random-s0-0028,voronoi,1,0,completed,True,False,3,473,0,,29.392170000960505,0.06213989429378542,3366.6666666666597,47.290685000007215,71.19090507287315,202,0,0,0,21341.160168058715,16916.036203094296,58.935474870131564,59.34881284037101,14.910700267499408,20.0,kinematic,False,0,0.0,,,,random,event,2,0,7.779368999990766,3.8881039999978384,3366.6666666666597
random-s0-0028,prm,1,0,completed,True,False,3,3,0,,12.572146999900724,4.190715666633575,5839.999999999964,19.454625000093984,300.1856884916441,292,1,0,1,17160.516903713862,16871.51521998233,58.74721203694964,59.741247817905474,-162.5533092825389,20.0,kinematic,False,0,0.0,,,,random,once,0,0,12.572146999900724,6.43127299997559,5839.999999999964
random-s0-0028,prm,1,0,completed,True,False,3,459,0,,283.03771300113567,0.61663989760596,3149.9999999999936,303.2014729999446,10.389131585784114,189,0,0,0,17160.516903713862,16231.817994203577,58.750811740632344,59.25964698663332,21.225101549796904,20.0,kinematic,False,0,0.0,,,,random,cycle,35,0,12.356770999872424,6.738369999993665,3149.9999999999936
random-s0-0028,prm,1,0,completed,True,False,3,474,0,,46.115142998587544,0.09728933122064883,3316.6666666666597,63.41316300006383,52.302495408773744,199,0,0,0,17160.516903713862,16723.856927742352,59.24753156957221,59.59416737760806,21.225101549796904,20.0,kinematic,False,0,0.0,,,,random,event,4,0,12.3137199999519,6.672290000096837,3316.6666666666597
random-s0-0028,visibility,1,0,completed,True,False,3,3,0,,18.945465000001604,6.3151550000005345,3940.000000000003,23.6964100000705,166.269911770951,197,0,0,0,16187.716857135512,16011.505916170925,58.293021276392246,58.60236094995216,1.5699073568918038,20.0,kinematic,False,0,0.0,,,,random,once,0,0,18.945465000001604,9.633592000000135,3940.000000000003
random-s0-0028,visibility,1,0,completed,True,False,3,469,0,,410.0846869969246,0.8743809957290503,3149.9999999999936,429.14000600001145,7.340261816559488,189,0,0,0,16187.716857135512,16041.684480609963,59.00525418600697,59.700853894628885,1.7595031923234217,20.0,kinematic,False,0,0.0,,,,random,cycle,40,0,18.800338000005468,9.630248000007668,3149.9999999999936
random-s0-0028,visibility,1,0,completed,True,False,3,464,0,,101.62255800094044,0.21901413362271646,2983.3333333333276,118.48601999997754,25.17877917862287,179,0,0,0,16187.716857135512,16049.030686459671,58.94182133298233,59.48743071198091,0.09258231576609433,20.0,kinematic,False,0,0.0,,,,random,event,8,0,18.76824399994348,10.247392999986005,2983.3333333333276
random-s0-0029,voronoi,1,0,completed,True,False,3,3,0,,0.09994199990615016,0.03331399996871672,2340.000000000002,2.9808150000008027,785.0202042056859,117,0,0,0,11373.470327853658,11197.729125061123,58.58040093084449,59.52146193990846,29.806136447045276,20.0,kinematic,False,0,0.0,,,,random,once,0,0,0.09994199990615016,0.04504499997892708,2340.000000000002
random-s0-0029,voronoi,1,0,completed,True,False,3,434,0,,301.835261999031,0.695472953914818,3083.333333333327,319.3196089999901,9.655947353153067,185,0,0,0,11373.470327853658,12179.838821580544,59.11834790180663,59.593048817712344,85.82631222054977,20.0,kinematic,False,0,0.0,,,,random,cycle,72,2,0.08134600000175851,4.078243999970255,3083.333333333327
random-s0-0029,voronoi,1,0,completed,True,False,3,428,0,,21.06406000154948,0.049215093461564205,2949.9999999999945,36.776041999928566,80.21526623244895,177,0,0,0,11373.470327853658,12206.683810303804,59.10586114975322,59.232249030487566,71.20309285635983,20.0,kinematic,False,0,0.0,,,,random,event,2,0,0.08780899997873348,4.109977999974035,2949.9999999999945
random-s0-0029,prm,1,0,completed,True,False,3,3,0,,0.049734000072021445,0.01657800002400715,2340.000000000002,2.87515299999086,813.8697314568792,117,0,0,0,11373.470327853658,11197.729125061123,58.58040093084449,59.52146193990846,29.806136447045276,20.0,kinematic,False,0,0.0,,,,random,once,0,0,0.049734000072021445,0.01899700009744265,2340.000000000002
random-s0-0029,prm,1,0,completed,True,False,3,398,0,,321.96342899874253,0.8089533391928204,2466.666666666663,338.9543609999919,7.277282579841839,148,0,0,0,11373.470327853658,11475.12219208703,59.20349347680485,59.211653151912806,96.13517853389112,20.0,kinematic,False,0,0.0,,,,random,cycle,48,0,0.5385829998658664,6.45919999999478,2466.666666666663
random-s0-0029,prm,1,0,completed,True,False,3,393,0,,23.970627000608147,0.060993961833608515,2466.666666666663,38.03379400005724,64.85460447787435,148,0,0,0,11373.470327853658,11493.107505706746,59.33597307773928,59.902328725615796,45.44697694961087,20.0,kinematic,False,0,0.0,,,,random,event,3,0,0.058064000086233136,5.953613000087898,2466.666666666663
random-s0-0029,visibility,1,0,completed,True,False,3,3,0,,0.0475309998364537,0.015843666612151235,2340.000000000002,2.8995699999541102,807.0162127615597,117,0,0,0,11373.470327853658,11197.729125061123,58.58040093084449,59.52146193990846,29.806136447045276,20.0,kinematic,False,0,0.0,,,,random,once,0,0,0.0475309998364537,0.017942999988918018,2340.000000000002
random-s0-0029,visibility,1,0,completed,True,False,3,385,0,,243.5878140005343,0.6326956207806086,2383.33333333333,259.0408700000353,9.200607353322297,143,0,0,0,11373.470327853658,11199.17680400021,59.20074506523569,59.38632709800471,29.745752461164614,20.0,kinematic,False,0,0.0,,,,random,cycle,25,0,0.19360099986442947,9.331958999950984,2383.33333333333
random-s0-0029,visibility,1,0,completed,True,False,3,389,0,,25.162851999652958,0.06468599485771968,2416.666666666663,38.86236200003168,62.18527496256385,145,0,0,0,11373.470327853658,11197.221776214905,58.82372088901682,59.18817614057886,31.217873280981678,20.0,kinematic,False,0,0.0,,,,random,event,2,0,0.06108000002313929,9.462311999982376,2416.666666666663
random-s0-0030,voronoi,1,0,completed,True,False,3,3,0,,4.102102000047125,1.3673673333490417,6559.999999999948,11.85241500002121,553.4737013501644,328,1,0,1,11800.277944070922,11282.2182442546,58.515114807475676,59.07617848875155,-3.5870350570735923,20.0,kinematic,False,0,0.0,,,,random,once,0,0,4.102102000047125,4.017304000058175,6559.999999999948
random-s0-0030,voronoi,1,0,completed,True,False,3,456,0,,493.22761300049933,1.0816395021940775,4049.999999999991,513.6466380000684,7.884798031130988,243,0,0,0,11800.277944070922,9777.172150543292,58.48203138583833,58.75379871127584,1.4081917293688946,20.0,kinematic,False,0,0.0,,,,random,cycle,126,0,3.970693000042047,3.9436869999462942,4049.999999999991
random-s0-0030,voronoi,1,0,completed,True,False,3,559,0,,25.665197000421358,0.04591269588626361,5766.6666666666515,50.131011999951625,115.03192208990747,346,0,0,0,11800.277944070922,10691.411926615396,58.90945111272665,59.74118283352467,0.3856010677436359,20.0,kinematic,False,0,0.0,,,,random,event,1,0,3.9781269999821234,4.061354999976174,5766.6666666666515
random-s0-0030,prm,1,0,completed,True,False,3,3,0,,6.656769999949574,2.218923333316525,5039.999999999981,12.532935999956862,402.1404082824111,252,0,0,0,9666.656638214357,9416.439352447487,58.429695496014695,59.07617848875155,76.77710321610056,20.0,kinematic,False,0,0.0,,,,random,once,0,0,6.656769999949574,6.609217999994144,5039.999999999981
random-s0-0030,prm,1,0,completed,True,False,3,401,0,,749.2559519999986,1.868468708229423,3016.666666666661,769.1425809999828,3.9221163165152193,181,0,0,0,9666.656638214357,9177.604249659049,58.53347271741787,58.75379871127584,0.5115784356776203,20.0,kinematic,False,0,0.0,,,,random,cycle,114,9,6.92123300007097,6.857161999960226,3016.666666666661
random-s0-0030,prm,1,0,completed,True,False,3,488,0,,15.946042000223315,0.03267631557422811,4583.333333333322,36.25875399995948,126.40625580621011,275,0,0,0,9666.656638214357,9376.44450539257,58.8893405953327,59.68085128134283,1.945903682689817,20.0,kinematic,False,0,0.0,,,,random,event,0,0,6.450189000020146,6.392363000031764,4583.333333333322
random-s0-0030,visibility,1,0,completed,True,False,3,3,0,,9.644146000027831,3.2147153333426104,4479.999999999993,15.006116999984442,298.54492004858,224,1,1,2,9015.475750842312,8834.57965339254,58.41727694662793,59.07617848875155,-145.7554699815134,20.0,kinematic,False,0,0.0,,,,random,once,0,0,9.644146000027831,9.598808000077952,4479.999999999993
random-s0-0030,visibility,1,0,completed,True,False,3,420,0,,1358.7890739993327,3.235212080950792,3366.6666666666597,1379.2003029999478,2.4410280793469252,202,0,1,1,9015.475750842312,8818.291094317408,59.20890712587455,59.47730954873845,-7.508849596389268,20.0,kinematic,False,0,0.0,,,,random,cycle,142,19,9.54670199996599,12.094026999989183,3366.6666666666597
random-s0-0030,visibility,1,0,completed,True,False,3,539,0,,308.8128600007849,0.572936660483831,5433.333333333319,332.1770989999777,16.35673666152911,326,1,1,2,9015.475750842312,8857.495413358289,58.800016425238404,59.412878771059944,-24.446316524738222,20.0,kinematic,False,0,0.0,,,,random,event,33,13,9.152606000043306,9.453248999989228,5433.333333333319
random-s0-0031,voronoi,1,0,completed,True,False,3,3,0,,0.10474099997281883,0.03491366665760628,2440.000000000002,3.1117899999344445,784.1146092928523,122,0,0,0,14059.479683638294,13882.635393144872,58.948096831140596,59.71680851899493,128.44088903169074,20.0,kinematic,False,0,0.0,,,,random,once,0,0,0.10474099997281883,0.04504699995777628,2440.000000000002
random-s0-0031,voronoi,1,0,completed,True,False,3,427,0,,116.65313099854302,0.27319234425888295,2733.3333333333285,132.900047000021,20.56683496381981,164,0,0,0,14059.479683638294,14591.543450919131,58.7598356204264,59.45895561642152,267.40087179869886,20.0,kinematic,False,0,0.0,,,,random,cycle,28,0,0.08291500000723317,3.9768540000295616,2733.3333333333285
random-s0-0031,voronoi,1,0,completed,True,False,3,433,0,,20.361013000183448,0.04702312471174006,2833.333333333328,36.391605000062555,77.8567840942563,170,0,0,0,14059.479683638294,14714.793768816915,59.142970700547636,59.45895561642152,267.40087179869886,20.0,kinematic,False,0,0.0,,,,random,event,2,0,0.11477600003217958,3.8215219999528927,2833.333333333328
random-s0-0031,prm,1,0,completed,True,False,3,3,0,,0.050305000058870064,0.016768333352956688,2440.000000000002,3.066096999987167,795.8000024168232,122,0,0,0,14059.479683638294,13882.635393144872,58.948096831140596,59.71680851899493,128.44088903169074,20.0,kinematic,False,0,0.0,,,,random,once,0,0,0.050305000058870064,0.019152000049871276,2440.000000000002
random-s0-0031,prm,1,0,completed,True,False,3,419,0,,155.92444499952762,0.37213471360269124,2599.9999999999955,173.34970000001704,14.998583787567789,156,0,0,0,14059.479683638294,13986.544908084708,59.362570649538064,59.831077030654214,267.40087179869886,20.0,kinematic,False,0,0.0,,,,random,cycle,16,0,0.5509110000048167,6.91026000004058,2599.9999999999955
random-s0-0031,prm,1,0,completed,True,False,3,421,0,,20.40313100133062,0.04846349406491834,2633.333333333329,35.64170299989655,73.8834879281995,158,0,0,0,14059.479683638294,14019.841117878384,58.80057503355943,59.45895561642152,267.40087179869886,20.0,kinematic,False,0,0.0,,,,random,event,2,0,0.06324200001017743,6.873022000036144,2633.333333333329
random-s0-0031,visibility,1,0,completed,True,False,3,3,0,,0.050616999828889675,0.01687233327629656,2440.000000000002,3.050431000019671,799.8869667874039,122,0,0,0,14059.479683638294,13882.635393144872,58.948096831140596,59.71680851899493,128.44088903169074,20.0,kinematic,False,0,0.0,,,,random,once,0,0,0.050616999828889675,0.021468999989338045,2440.000000000002
random-s0-0031,visibility,1,0,completed,True,False,3,418,0,,179.81164000093486,0.4301713875620451,2583.333333333329,196.4046129999133,13.153119439890494,155,0,0,0,14059.479683638294,13887.312626503532,59.28569926470005,59.60046287614018,267.40087179869886,20.0,kinematic,False,0,0.0,,,,random,cycle,16,0,0.1875420000487793,10.638734000053773,2583.333333333329
random-s0-0031,visibility,1,0,completed,True,False,3,419,0,,76.29948199951286,0.18209900238547222,2599.9999999999955,91.14155500003562,28.527053329285188,156,0,0,0,14059.479683638294,13890.999926284374,58.82024578119123,59.45895561642152,267.40087179869886,20.0,kinematic,False,0,0.0,,,,random,event,7,0,0.05974300017896894,10.258887999953004,2599.9999999999955
random-s0-0032,voronoi,1,0,completed,True,False,3,3,0,,0.11265900002399576,0.037553000007998584,2440.000000000002,3.1100190000188377,784.561123255267,122,0,0,0,12429.023862756905,12252.9014055816,58.707485725101414,59.56703151197027,19.3811834558293,20.0,kinematic,False,0,0.0,,,,random,once,0,0,0.11265900002399576,0.054807999958939035,2440.000000000002
random-s0-0032,voronoi,1,0,completed,True,False,3,395,0,,37.4389599985534,0.0947821772115276,2433.3333333333294,52.197105999994164,46.618165638026014,146,0,0,0,12429.023862756905,12452.425606717545,58.88236718690095,59.5035055452656,7.416611785499697,20.0,kinematic,False,0,0.0,,,,random,cycle,7,0,0.08015999992494471,3.942112000004272,2433.3333333333294
random-s0-0032,voronoi,1,0,completed,True,False,3,395,0,,15.338516999463536,0.0388316886062368,2433.3333333333294,29.798899000070378,81.65849796422286,146,0,0,0,12429.023862756905,12418.242027001652,58.93393450485457,59.5035055452656,19.240535626948912,20.0,kinematic,False,0,0.0,,,,random,event,1,0,0.08729000001039822,3.866560999995272,2433.3333333333294
random-s0-0032,prm,1,0,completed,True,False,3,3,0,,0.04798000009031966,0.015993333363439888,2440.000000000002,3.07574900000418,793.3027044783843,122,0,0,0,12429.023862756905,12252.9014055816,58.707485725101414,59.56703151197027,19.3811834558293,20.0,kinematic,False,0,0.0,,,,random,once,0,0,0.04798000009031966,0.019264999991719378,2440.000000000002
random-s0-0032,prm,1,0,completed,True,False,3,395,0,,96.26545599974179,0.24371001518921973,2433.3333333333294,112.7981690000297,21.57245418879706,146,0,0,0,12429.023862756905,12299.30724795714,58.9995994855455,59.5035055452656,10.345054012844571,20.0,kinematic,False,0,0.0,,,,random,cycle,7,0,0.5429219999086854,6.8715109999857305,2433.3333333333294
random-s0-0032,prm,1,0,completed,True,False,3,395,0,,20.094165000728026,0.05087130379931146,2433.3333333333294,34.12359399999332,71.30940935863337,146,0,0,0,12429.023862756905,12299.30724795714,58.9995994855455,59.5035055452656,10.345054012844571,20.0,kinematic,False,0,0.0,,,,random,event,2,0,0.05624599998554913,7.023489000062,2433.3333333333294
random-s0-0032,visibility,1,0,completed,True,False,3,3,0,,0.049208000064027146,0.01640266668800905,2440.000000000002,3.0403380000052493,802.5423489085059,122,0,0,0,12429.023862756905,12252.9014055816,58.707485725101414,59.56703151197027,19.3811834558293,20.0,kinematic,False,0,0.0,,,,random,once,0,0,0.049208000064027146,0.01898999994409678,2440.000000000002
random-s0-0032,visibility,1,0,completed,True,False,3,394,0,,62.2787369990192,0.15806786040360205,2433.3333333333294,77.98306400002275,31.20335632532494,146,0,0,0,12429.023862756905,12254.292256835288,58.9594183363541,59.5035055452656,19.240535626948912,20.0,kinematic,False,0,0.0,,,,random,cycle,5,0,0.25136799990832515,8.387373999994452,2433.3333333333294
random-s0-0032,visibility,1,0,completed,True,False,3,394,0,,39.72527400105719,0.100825568530602,2433.3333333333294,53.66498099999717,45.343039128877315,146,0,0,0,12429.023862756905,12254.781495436348,58.94318287214705,59.5035055452656,19.240535626948912,20.0,kinematic,False,0,0.0,,,,random,event,4,0,0.05804199997783144,8.593815000040195,2433.3333333333294
random-s0-0033,voronoi,1,0,completed,True,False,3,3,0,,11.622547999877497,3.8741826666258325,8859.9999999999,22.055948999991415,401.70568040410996,443,1,0,1,22223.956152598577,21498.74924414086,59.334050337852375,59.7054565208852,-132.0845636957529,20.0,kinematic,False,0,0.0,,,,random,once,0,0,11.622547999877497,3.9502449999417877,8859.9999999999
random-s0-0033,voronoi,1,0,completed,True,False,3,511,0,,315.49683600121625,0.6174106379671551,3266.66666666666,335.59917800005223,9.733833932889286,196,0,0,0,22223.956152598577,18174.035973896738,59.49967575242636,59.99165664269713,0.6721675607491022,20.0,kinematic,False,0,0.0,,,,random,cycle,76,0,11.464872999795261,4.309230999979263,3266.66666666666
random-s0-0033,voronoi,1,0,completed,True,False,3,555,0,,33.195117999412105,0.059811023422364155,3983.333333333324,54.493502000013905,73.09740037137469,239,0,0,0,22223.956152598577,17527.17216780923,59.498460428285604,59.96795666631387,1.2622436067649971,20.0,kinematic,False,0,0.0,,,,random,event,1,0,12.44252200012852,4.49800600006256,3983.333333333324
random-s0-0033,prm,1,0,completed,True,False,3,3,0,,17.769931999964683,5.923310666654895,4699.999999999988,23.46001700004763,200.34086079266038,235,1,0,1,17490.758922660727,17277.330167352455,58.687493900395374,59.51992500985901,-138.72888514149608,20.0,kinematic,False,0,0.0,,,,random,once,0,0,17.769931999964683,6.182083999988208,4699.999999999988
random-s0-0033,prm,1,0,completed,True,False,3,490,0,,493.72286199968585,1.0075976775503792,2799.999999999995,514.9458570000434,5.437464855649395,168,0,0,0,17490.758922660727,17276.826074476492,58.5856975999628,59.1397204193592,7.924534193871892,20.0,kinematic,False,0,0.0,,,,random,cycle,72,0,17.262047000258463,6.471589000057065,2799.999999999995
random-s0-0033,prm,1,0,completed,True,False,3,513,0,,38.61960200026715,0.07528187524418548,2966.666666666661,56.637518000002274,52.37988477296166,178,0,0,0,17490.758922660727,17166.750955998934,58.1815397762467,58.43847570058421,0.5393522236689137,20.0,kinematic,False,0,0.0,,,,random,event,2,0,18.007505999889872,6.327927999905114,2966.666666666661
random-s0-0033,visibility,1,0,completed,True,False,3,3,0,,29.176329000051737,9.725443000017245,3680.0000000000027,33.67440700003499,109.28180561564689,184,0,0,0,17230.71548280285,17052.17824639596,58.89789948964625,59.436872029487674,5.471678731531227,20.0,kinematic,False,0,0.0,,,,random,once,0,0,29.176329000051737,9.956812000041282,3680.0000000000027
random-s0-0033,visibility,1,0,completed,True,False,3,518,0,,1063.5299540002734,2.053146629344157,3583.3333333333253,1085.9734440000466,3.2996509750133187,215,0,0,0,17230.71548280285,17061.874953063743,59.182546807719724,59.43560539485844,0.7698725418077572,20.0,kinematic,False,0,0.0,,,,random,cycle,107,0,28.959989000099995,11.495194999952218,3583.3333333333253
random-s0-0033,visibility,1,0,completed,True,False,3,504,0,,58.979753000130586,0.11702331944470354,3349.999999999993,77.57698000000346,43.18291328174729,201,0,0,0,17230.71548280285,17061.4937735099,59.2006692196498,59.48844005260239,0.8416555974010294,20.0,kinematic,False,0,0.0,,,,random,event,2,0,32.53003799989074,11.76152200002889,3349.999999999993
random-s0-0034,voronoi,1,0,completed,True,False,3,3,0,,0.111693999997442,0.037231333332480666,2640.000000000002,3.455726999959552,763.9492355822384,132,0,0,0,12469.571560995622,12292.358710362161,59.07095021115399,59.58633084711546,283.0853602023068,20.0,kinematic,False,0,0.0,,,,random,once,0,0,0.111693999997442,0.05561499995110353,2640.000000000002
random-s0-0034,voronoi,1,0,completed,True,False,3,392,0,,37.33768300025986,0.09524919132719352,2649.9999999999955,52.543335999985175,50.43455938923907,159,0,0,0,12469.571560995622,12409.325305687638,58.45069927644288,59.13645845633048,315.2475392011898,20.0,kinematic,False,0,0.0,,,,random,cycle,7,0,0.16582099999595812,3.914841000096203,2649.9999999999955
random-s0-0034,voronoi,1,0,completed,True,False,3,390,0,,30.281425000566742,0.07764467948863267,2649.9999999999955,44.91700599999149,58.99769900069692,159,0,0,0,12469.571560995622,12489.238883499333,59.20575085357883,59.997989302432195,312.838913809104,20.0,kinematic,False,0,0.0,,,,random,event,4,1,0.08649299991247972,3.8532250000571366,2649.9999999999955
random-s0-0034,prm,1,0,completed,True,False,3,3,0,,0.05112100006954279,0.017040333356514264,2640.000000000002,3.6245079999162044,728.3747201167818,132,0,0,0,12469.571560995622,12292.358710362161,59.07095021115399,59.58633084711546,283.0853602023068,20.0,kinematic,False,0,0.0,,,,random,once,0,0,0.05112100006954279,0.02057400001831411,2640.000000000002
random-s0-0034,prm,1,0,completed,True,False,3,408,0,,88.40567400068267,0.21668057353108497,2649.9999999999955,105.7405149999795,25.061349474234255,159,0,0,0,12469.571560995622,12758.880396312918,59.05816456659944,59.5972246658397,307.19436517104276,20.0,kinematic,False,0,0.0,,,,random,cycle,6,6,0.5343730000504365,6.679858999973476,2649.9999999999955
random-s0-0034,prm,1,0,completed,True,False,3,408,0,,19.024362000209294,0.046628338235807094,2649.9999999999955,33.504010999990896,79.0950074604714,159,0,0,0,12469.571560995622,12758.880396312918,59.05816456659944,59.5972246658397,307.19436517104276,20.0,kinematic,False,0,0.0,,,,random,event,2,0,0.060609999991356744,6.28622900001119,2649.9999999999955
random-s0-0034,visibility,1,0,completed,True,False,3,3,0,,0.04730900013782957,0.015769666712609858,2640.000000000002,3.2299229999352974,817.3569462965175,132,0,0,0,12469.571560995622,12292.358710362161,59.07095021115399,59.58633084711546,283.0853602023068,20.0,kinematic,False,0,0.0,,,,random,once,0,0,0.04730900013782957,0.01813400001537957,2640.000000000002
random-s0-0034,visibility,1,0,completed,True,False,3,398,0,,92.99484900100197,0.23365539950000494,2649.9999999999955,109.02778399997715,24.305731096951863,159,0,0,0,12469.571560995622,12300.55058417218,58.51090112529977,59.13645845633048,218.50976153835063,20.0,kinematic,False,0,0.0,,,,random,cycle,8,5,0.21105799999077135,9.107248000077561,2649.9999999999955
random-s0-0034,visibility,1,0,completed,True,False,3,398,0,,41.89494799982185,0.10526368844176345,2649.9999999999955,56.24929099997189,47.11170492800202,159,0,0,0,12469.571560995622,12295.514866674002,58.98070893958871,59.598698520990524,226.30231087885562,20.0,kinematic,False,0,0.0,,,,random,event,4,0,0.05890899990390608,9.052661999930933,2649.9999999999955
random-s0-0035,voronoi,1,0,completed,True,False,3,3,0,,0.10490499994375568,0.03496833331458523,2420.000000000002,3.119069000035779,775.8725440098445,121,0,1,1,12983.320177252066,12805.896486684054,59.14123018933916,59.902030019192004,-88.0078760228444,20.0,kinematic,False,0,0.0,,,,random,once,0,0,0.10490499994375568,0.05068600000868173,2420.000000000002
random-s0-0035,voronoi,1,0,completed,True,False,3,408,0,,73.81555700021636,0.18092048284366755,2433.3333333333294,89.23105700000633,27.270026996689694,146,0,0,0,12983.320177252066,13068.36066163033,59.02980695162304,59.04744136335719,65.89019218885991,20.0,kinematic,False,0,0.0,,,,random,cycle,16,0,0.1264469998432105,6.161139000028015,2433.3333333333294
random-s0-0035,voronoi,1,0,completed,True,False,3,408,0,,19.297721998555062,0.047298338231752605,2433.3333333333294,34.136665999994875,71.28210274939254,146,0,0,0,12983.320177252066,13105.454666143587,59.124180103495995,59.32199225383958,41.13139368891365,20.0,kinematic,False,0,0.0,,,,random,event,2,0,0.08822200015856652,3.889543000013873,2433.3333333333294
random-s0-0035,prm,1,0,completed,True,False,3,3,0,,0.05029999999806023,0.016766666666020075,2420.000000000002,3.008284000088679,804.4453249522533,121,0,1,1,12983.320177252066,12805.896486684054,59.14123018933916,59.902030019192004,-88.0078760228444,20.0,kinematic,False,0,0.0,,,,random,once,0,0,0.05029999999806023,0.020833000007769442,2420.000000000002
random-s0-0035,prm,1,0,completed,True,False,3,403,0,,129.69106599973657,0.3218140595526962,2433.3333333333294,147.11019200001374,16.54088884156376,146,0,0,0,12983.320177252066,12970.58579431236,59.166792162799624,59.44982843175047,70.13136334252778,20.0,kinematic,False,0,0.0,,,,random,cycle,11,0,0.6218499999022242,12.865356000020256,2433.3333333333294
random-s0-0035,prm,1,0,completed,True,False,3,403,0,,20.421202000761696,0.050672957818267236,2433.3333333333294,36.493523999979516,66.67849707621262,146,0,0,0,12983.320177252066,12970.58579431236,59.166792162799624,59.44982843175047,70.13136334252778,20.0,kinematic,False,0,0.0,,,,random,event,2,0,0.05864500008101459,6.764495999959763,2433.3333333333294
random-s0-0035,visibility,1,0,completed,True,False,3,3,0,,0.04857999999785534,0.016193333332618447,2420.000000000002,3.1112319999238025,777.8269187444943,121,0,1,1,12983.320177252066,12805.896486684054,59.14123018933916,59.902030019192004,-88.0078760228444,20.0,kinematic,False,0,0.0,,,,random,once,0,0,0.04857999999785534,0.018951000015476893,2420.000000000002
random-s0-0035,visibility,1,0,completed,True,False,3,454,0,,325.1139700009844,0.7161100660814634,2866.6666666666615,343.90355000005,8.335670471172062,172,0,1,1,12983.320177252066,12907.075188947269,58.863445505880776,59.04744136335719,-99.450433137148,20.0,kinematic,False,0,0.0,,,,random,cycle,32,31,0.2037520000612858,10.854888000039864,2866.6666666666615
random-s0-0035,visibility,1,0,completed,True,False,3,455,0,,149.97867399983988,0.32962345934030746,2883.333333333328,167.10364199991545,17.254760571494828,173,0,1,1,12983.320177252066,12910.87099842521,58.84374004907723,59.04744136335719,-95.56100874665218,20.0,kinematic,False,0,0.0,,,,random,event,15,32,0.05830099996728677,10.813222000024325,2883.333333333328
random-s0-0036,voronoi,1,0,completed,True,False,3,3,0,,0.10840299989922642,0.03613433329974214,1960.0000000000014,3.9914320000207226,491.05183302379334,98,0,0,0,7074.484585942667,6899.9627275206985,58.173952807322706,58.704710521194805,340.1295304779826,20.0,kinematic,False,0,0.0,,,,random,once,0,0,0.10840299989922642,0.05249799994544446,1960.0000000000014
random-s0-0036,voronoi,1,0,completed,True,False,3,326,0,,9.3113799995308,0.02856251533598405,1966.6666666666645,22.597852999979295,87.02891671471916,118,0,0,0,7074.484585942667,6899.379286931586,58.368433003693816,58.66762807506539,340.1177427714832,20.0,kinematic,False,0,0.0,,,,random,cycle,0,0,0.09208399990257021,0.13205700008711574,1966.6666666666645
random-s0-0036,voronoi,1,0,completed,True,False,3,326,0,,10.206933000176832,0.03130961042999028,1966.6666666666645,22.622036000029766,86.93588263514728,118,0,0,0,7074.484585942667,6899.379286931586,58.368433003693816,58.66762807506539,340.1177427714832,20.0,kinematic,False,0,0.0,,,,random,event,0,0,0.08839299994178873,0.4002360000185945,1966.6666666666645
random-s0-0036,prm,1,0,completed,True,False,3,3,0,,0.050749000024552515,0.016916333341517504,1960.0000000000014,2.4954760000355236,785.4212983703711,98,0,0,0,7074.484585942667,6899.9627275206985,58.173952807322706,58.704710521194805,340.1295304779826,20.0,kinematic,False,0,0.0,,,,random,once,0,0,0.050749000024552515,0.020525999957499153,1960.0000000000014
random-s0-0036,prm,1,0,completed,True,False,3,326,0,,42.87794500044129,0.1315274386516604,1966.6666666666645,56.764251999993576,34.64621830420468,118,0,0,0,7074.484585942667,6899.379286931586,58.368433003693816,58.66762807506539,340.1177427714832,20.0,kinematic,False,0,0.0,,,,random,cycle,0,0,0.6080289999772504,0.3349610000213943,1966.6666666666645
random-s0-0036,prm,1,0,completed,True,False,3,326,0,,5.1204159998405885,0.015706797545523277,1966.6666666666645,16.529744999957074,118.97743532472956,118,0,0,0,7074.484585942667,6899.379286931586,58.368433003693816,58.66762807506539,340.1177427714832,20.0,kinematic,False,0,0.0,,,,random,event,0,0,0.05647599994063057,0.0580570000465741,1966.6666666666645
random-s0-0036,visibility,1,0,completed,True,False,3,3,0,,0.047238999968612916,0.01574633332287097,1960.0000000000014,2.4846079999178983,788.8568337801246,98,0,0,0,7074.484585942667,6899.9627275206985,58.173952807322706,58.704710521194805,340.1295304779826,20.0,kinematic,False,0,0.0,,,,random,once,0,0,0.047238999968612916,0.018916999920293165,1960.0000000000014
random-s0-0036,visibility,1,0,completed,True,False,3,326,0,,18.756726999640705,0.057535972391535906,1966.6666666666645,32.60499300006359,60.31796009472626,118,0,0,0,7074.484585942667,6899.379286931586,58.368433003693816,58.66762807506539,340.1177427714832,20.0,kinematic,False,0,0.0,,,,random,cycle,0,0,0.19186299994089495,0.12490800008890801,1966.6666666666645
random-s0-0036,visibility,1,0,completed,True,False,3,326,0,,5.449158000828902,0.0167152085914997,1966.6666666666645,17.701612999985628,111.10098648457975,118,0,0,0,7074.484585942667,6899.379286931586,58.368433003693816,58.66762807506539,340.1177427714832,20.0,kinematic,False,0,0.0,,,,random,event,0,0,0.05655300003581942,0.05407699995885196,1966.6666666666645
random-s0-0037,voronoi,1,0,completed,True,False,3,3,0,,4.593244000034247,1.5310813333447488,5419.999999999973,11.039047999929608,490.98436749568754,271,0,0,0,10792.471029049362,10287.246887239588,58.72641160514843,59.846087982743626,114.85841165548158,20.0,kinematic,False,0,0.0,,,,random,once,0,0,4.593244000034247,4.523067000036463,5419.999999999973
random-s0-0037,voronoi,1,0,completed,True,False,3,354,0,,59.00642000233347,0.16668480226647872,2433.3333333333294,73.2220680000637,33.23223994890738,146,0,0,0,10792.471029049362,8771.040807569776,59.221736618621,59.792722144709685,390.0299162955323,20.0,kinematic,False,0,0.0,,,,random,cycle,11,0,4.181507000112106,4.533355000035044,2433.3333333333294
random-s0-0037,voronoi,1,0,completed,True,False,3,354,0,,14.533571998526895,0.04105528813143191,2433.3333333333294,28.23983700000099,86.16669187337179,146,0,0,0,10792.471029049362,8771.040807569776,59.221736618621,59.792722144709685,390.0299162955323,20.0,kinematic,False,0,0.0,,,,random,event,0,0,4.202056000053744,4.10767300002135,2433.3333333333294
random-s0-0037,prm,1,0,completed,True,False,3,3,0,,7.6216290001411835,2.540543000047061,3400.0000000000027,11.632595999913065,292.2821354773614,170,0,0,0,9469.019155972508,9235.110815224933,59.10742670673923,59.846087982743626,106.83442124035025,20.0,kinematic,False,0,0.0,,,,random,once,0,0,7.6216290001411835,7.580681000035838,3400.0000000000027
random-s0-0037,prm,1,0,completed,True,False,3,364,0,,383.1345869998586,1.0525675467029083,2599.9999999999955,400.55034099998466,6.491069246150249,156,0,0,0,9469.019155972508,9382.414249114778,58.91764135311812,59.792722144709685,2.5184395015097607,20.0,kinematic,False,0,0.0,,,,random,cycle,50,0,6.720618000031209,11.60752600003434,2599.9999999999955
random-s0-0037,prm,1,0,completed,True,False,3,425,0,,26.56765599897426,0.06251213176229238,3616.666666666659,43.201537999948414,83.71615535240846,217,0,0,0,9469.019155972508,9654.929148793504,58.76934230686363,59.792722144709685,20.835790188090186,20.0,kinematic,False,0,0.0,,,,random,event,2,0,6.558006999966892,6.5264060000345125,3616.666666666659
random-s0-0037,visibility,1,0,completed,True,False,3,3,0,,9.184731000004831,3.0615770000016105,3520.0000000000027,13.44956400009778,261.71852113380123,176,0,0,0,8791.686127098406,8612.189545744735,59.07709660088293,59.846087982743626,327.4690345876153,20.0,kinematic,False,0,0.0,,,,random,once,0,0,9.184731000004831,9.104880999984744,3520.0000000000027
random-s0-0037,visibility,1,0,completed,True,False,3,344,0,,165.5165660001785,0.4811528081400538,2266.6666666666633,179.55626599996322,12.623712428209705,136,0,0,0,8791.686127098406,8599.546219130507,58.92061812614216,59.792722144709685,260.8544526471011,20.0,kinematic,False,0,0.0,,,,random,cycle,16,0,8.98671300001297,9.404826999912075,2266.6666666666633
random-s0-0037,visibility,1,0,completed,True,False,3,344,0,,14.048202000367382,0.04083779651269588,2266.6666666666633,26.428713999962383,85.76530309684722,136,0,0,0,8791.686127098406,8600.33512821045,58.96772598219292,59.792722144709685,270.2565791195449,20.0,kinematic,False,0,0.0,,,,random,event,0,0,8.677156999965518,8.63614399997914,2266.6666666666633
random-s0-0038,voronoi,1,0,completed,True,False,3,3,0,,4.0994870000758965,1.3664956666919654,3620.0000000000027,8.47425500001009,427.17619424901574,181,0,0,0,9840.503027046894,9563.642578589279,59.005318747509044,59.75006318933038,50.694347136438495,20.0,kinematic,False,0,0.0,,,,random,once,0,0,4.0994870000758965,4.028156999993371,3620.0000000000027
random-s0-0038,voronoi,1,0,completed,True,False,3,371,0,,103.56738100017537,0.2791573611864565,2149.9999999999973,117.23720800000592,18.338887770168398,129,0,0,0,9840.503027046894,9271.710909452173,59.190522928454556,59.75359971411082,11.726562701471579,20.0,kinematic,False,0,0.0,,,,random,cycle,23,0,3.950684000074034,4.3324409999740965,2149.9999999999973
random-s0-0038,voronoi,1,0,completed,True,False,3,377,0,,23.247749999882217,0.061665119363082804,2249.999999999997,37.519488000043566,59.968835395551885,135,0,0,0,9840.503027046894,9205.524407570738,58.88842904031545,59.04638624568902,50.01928032440662,20.0,kinematic,False,0,0.0,,,,random,event,2,0,3.9725159999761672,4.622301000040352,2249.999999999997
random-s0-0038,prm,1,0,completed,True,False,3,3,0,,6.421473000045808,2.140491000015269,2800.000000000002,9.829739999986487,284.8498536079135,140,1,0,1,9352.539478273135,9129.153054458335,58.5715548409872,59.75006318933038,-37.70275056851966,20.0,kinematic,False,0,0.0,,,,random,once,0,0,6.421473000045808,6.386586000076022,2800.000000000002
random-s0-0038,prm,1,0,completed,True,False,3,371,0,,245.62957200112123,0.6620743180623214,2233.3333333333303,261.78791600000295,8.531078773449975,134,0,0,0,9352.539478273135,9510.845220058569,59.48557949969996,59.916306981672236,14.035632118555952,20.0,kinematic,False,0,0.0,,,,random,cycle,31,0,6.439491000037378,10.492768999938562,2233.3333333333303
random-s0-0038,prm,1,0,completed,True,False,3,371,0,,37.97392699982538,0.10235559838227866,2233.3333333333303,51.229608999960874,43.59458088651498,134,0,0,0,9352.539478273135,9510.845220058569,59.48557949969996,59.916306981672236,14.035632118555952,20.0,kinematic,False,0,0.0,,,,random,event,4,0,6.662119000111488,6.729157999984636,2233.3333333333303
random-s0-0038,visibility,1,0,completed,True,False,3,3,0,,9.435797000037383,3.1452656666791277,2680.000000000002,12.739271999976154,210.37308882367992,134,0,1,1,9061.496718553466,8880.282831905324,58.5730224935864,59.75006318933038,-7.280782490278284,20.0,kinematic,False,0,0.0,,,,random,once,0,0,9.435797000037383,9.400761000051716,2680.000000000002
random-s0-0038,visibility,1,0,completed,True,False,3,387,0,,455.2046559986138,1.1762394211850487,2399.9999999999964,471.42124100003,5.090988252690641,144,0,0,0,9061.496718553466,8903.526975413268,59.0964883650285,59.25847563664937,6.394425814586668,20.0,kinematic,False,0,0.0,,,,random,cycle,48,0,9.203843000022971,10.343306999970991,2399.9999999999964
random-s0-0038,visibility,1,0,completed,True,False,3,388,0,,88.2572400000754,0.22746711340225617,2416.666666666663,102.29370599995491,23.624783588031587,145,0,0,0,9061.496718553466,8907.641461119185,59.11487528988443,59.27233784484418,9.260819676594423,20.0,kinematic,False,0,0.0,,,,random,event,8,0,9.244727999998759,9.592475999966155,2416.666666666663
random-s0-0039,voronoi,1,0,completed,True,False,3,3,0,,0.10858200016627961,0.036194000055426535,2560.000000000002,3.1602770000063174,810.0555742407657,128,0,0,0,10492.322809776997,10314.900896900132,59.140637625624095,59.89768456342174,391.7720232901273,20.0,kinematic,False,0,0.0,,,,random,once,0,0,0.10858200016627961,0.04436200003965496,2560.000000000002
random-s0-0039,voronoi,1,0,completed,True,False,3,365,0,,9.995673000048555,0.02738540547958508,2549.999999999996,23.9213300000074,106.59942402864752,153,0,0,0,10492.322809776997,10315.554151319155,58.92288615261242,59.5809415801443,390.4739232975792,20.0,kinematic,False,0,0.0,,,,random,cycle,0,0,0.11673400013023638,0.10558600001786544,2549.999999999996
random-s0-0039,voronoi,1,0,completed,True,False,3,365,0,,10.605084999497194,0.029055027395882723,2549.999999999996,24.26645599996391,105.08332984444817,153,0,0,0,10492.322809776997,10315.554151319155,58.92288615261242,59.5809415801443,390.4739232975792,20.0,kinematic,False,0,0.0,,,,random,event,0,0,0.09040099996582285,0.07112399998732144,2549.999999999996
random-s0-0039,prm,1,0,completed,True,False,3,3,0,,0.05222600009346934,0.01740866669782311,2560.000000000002,3.0815109998911794,830.7612726647433,128,0,0,0,10492.322809776997,10314.900896900132,59.140637625624095,59.89768456342174,391.7720232901273,20.0,kinematic,False,0,0.0,,,,random,once,0,0,0.05222600009346934,0.022344000058183155,2560.000000000002
random-s0-0039,prm,1,0,completed,True,False,3,365,0,,46.270473999470596,0.1267684219163578,2549.999999999996,61.978605000035714,41.143229990389855,153,0,0,0,10492.322809776997,10315.554151319155,58.92288615261242,59.5809415801443,390.4739232975792,20.0,kinematic,False,0,0.0,,,,random,cycle,0,0,0.5492049999702431,0.2841740000576465,2549.999999999996
random-s0-0039,prm,1,0,completed,True,False,3,365,0,,5.734536999284501,0.01571106027201233,2549.999999999996,18.957703999944897,134.5099596452929,153,0,0,0,10492.322809776997,10315.554151319155,58.92288615261242,59.5809415801443,390.4739232975792,20.0,kinematic,False,0,0.0,,,,random,event,0,0,0.05875500005458889,0.04864899995027372,2549.999999999996
random-s0-0039,visibility,1,0,completed,True,False,3,3,0,,0.0492580001036913,0.0164193333678971,2560.000000000002,3.1184690000145565,820.9156480273019,128,0,0,0,10492.322809776997,10314.900896900132,59.140637625624095,59.89768456342174,391.7720232901273,20.0,kinematic,False,0,0.0,,,,random,once,0,0,0.0492580001036913,0.020034000044688582,2560.000000000002
random-s0-0039,visibility,1,0,completed,True,False,3,365,0,,19.4775979981614,0.05336328218674356,2549.999999999996,34.24033500004953,74.47357042494787,153,0,0,0,10492.322809776997,10315.554151319155,58.92288615261242,59.5809415801443,390.4739232975792,20.0,kinematic,False,0,0.0,,,,random,cycle,0,0,0.18868500001190114,0.1077160000022559,2549.999999999996
random-s0-0039,visibility,1,0,completed,True,False,3,365,0,,5.716145999599576,0.015660673971505685,2549.999999999996,18.982062999953087,134.33734784287137,153,0,0,0,10492.322809776997,10315.554151319155,58.92288615261242,59.5809415801443,390.4739232975792,20.0,kinematic,False,0,0.0,,,,random,event,0,0,0.05729600002268853,0.0442030000158411,2549.999999999996
random-s0-0040,voronoi,1,0,completed,True,False,3,3,0,,4.006778999951166,1.335592999983722,4199.999999999998,8.937120000041432,469.9500510209695,210,0,0,0,11563.638138469167,11236.624553972568,58.22106587501592,58.36426284557535,92.03735092230693,20.0,kinematic,False,0,0.0,,,,random,once,0,0,4.006778999951166,3.942104999964613,4199.999999999998
random-s0-0040,voronoi,1,0,completed,True,False,3,362,0,,51.79880000093817,0.14309060773739826,2033.333333333331,65.19342000001416,31.18924169544855,122,0,0,0,11563.638138469167,9665.301108666858,59.24288246572587,59.798364915841745,11.70159600689081,20.0,kinematic,False,0,0.0,,,,random,cycle,10,0,3.9145150001331785,4.002952999940135,2033.333333333331
random-s0-0040,voronoi,1,0,completed,True,False,3,362,0,,14.277598999342445,0.03944088121365316,2033.333333333331,26.93942500002322,75.47797821711407,122,0,0,0,11563.638138469167,9729.72760168614,59.29815959184282,59.798364915841745,13.234699295408547,20.0,kinematic,False,0,0.0,,,,random,event,0,0,3.99448799998936,3.926459000012983,2033.333333333331
random-s0-0040,prm,1,0,completed,True,False,3,3,0,,6.896989999972902,2.2989966666576342,2820.0000000000023,14.605124000013348,193.08292076105792,141,0,1,1,9637.977254653866,9453.016809604538,58.61113847781578,59.23188382774249,-37.9615106320264,20.0,kinematic,False,0,0.0,,,,random,once,0,0,6.896989999972902,6.857912999976179,2820.0000000000023
random-s0-0040,prm,1,0,completed,True,False,3,410,0,,495.29212399966127,1.2080295707308812,2816.6666666666615,513.7925939999377,5.482108344027635,169,0,1,1,9637.977254653866,9450.205097638038,59.50624692008862,59.99224975223186,-37.40422281575616,20.0,kinematic,False,0,0.0,,,,random,cycle,69,4,10.683152999945378,10.339437999959955,2816.6666666666615
random-s0-0040,prm,1,0,completed,True,False,3,410,0,,33.62886799880016,0.08202162926536624,2816.6666666666615,48.97129400001177,57.516688586296794,169,0,1,1,9637.977254653866,9450.205097638038,59.50624692008862,59.99224975223186,-37.40422281575616,20.0,kinematic,False,0,0.0,,,,random,event,3,4,6.656473000020924,6.723213999975997,2816.6666666666615
random-s0-0040,visibility,1,0,completed,True,False,3,3,0,,9.418851999953404,3.1396173333178012,3200.0000000000023,13.239696000027834,241.69739244717363,160,0,2,2,9597.369702647182,9415.345745154526,58.79250193658418,59.775974204047685,-12.41312468470801,20.0,kinematic,False,0,0.0,,,,random,once,0,0,9.418851999953404,9.382282000046871,3200.0000000000023
random-s0-0040,visibility,1,0,completed,True,False,3,433,0,,1406.1298800007762,3.2474131177847028,3199.9999999999936,1431.7432990000043,2.235037525396502,192,0,2,2,9597.369702647182,9413.593151974368,59.35715124240502,59.798364915841745,-12.993627839972078,20.0,kinematic,False,0,0.0,,,,random,cycle,148,7,9.629254999936165,22.571318000018437,3199.9999999999936
random-s0-0040,visibility,1,0,completed,True,False,3,433,0,,108.58948200075247,0.250784023096426,3199.9999999999936,124.92001699990851,25.616391006433638,192,0,2,2,9597.369702647182,9413.593151974368,59.35715124240502,59.798364915841745,-12.993627839972078,20.0,kinematic,False,0,0.0,,,,random,event,10,7,9.631885999965561,9.591153999963353,3199.9999999999936
random-s0-0041,voronoi,1,0,completed,True,False,3,3,0,,4.055533000041578,1.3518443333471926,3840.000000000003,8.558114999914324,448.69693852424814,192,0,0,0,9216.386207007294,8924.82960723012,58.76519728543612,59.35059946141837,122.96012680552792,20.0,kinematic,False,0,0.0,,,,random,once,0,0,4.055533000041578,3.9744820001033077,3840.000000000003
random-s0-0041,voronoi,1,0,completed,True,False,3,357,0,,113.43314899932011,0.31773991316336164,2283.3333333333303,126.9330950000267,17.98847915378452,137,0,0,0,9216.386207007294,8495.723941055647,59.156597993447456,59.53876738401278,20.18448824418053,20.0,kinematic,False,0,0.0,,,,random,cycle,26,0,3.8968200000226716,4.278201000033732,2283.3333333333303
random-s0-0041,voronoi,1,0,completed,True,False,3,359,0,,18.243787000074008,0.05081834818962119,2316.6666666666633,31.490798000049836,73.56646429420421,139,0,0,0,9216.386207007294,8078.101596603398,59.19251782900191,59.617524555780975,20.86281045751133,20.0,kinematic,False,0,0.0,,,,random,event,1,0,3.9904159998513933,3.9220649999833768,2316.6666666666633
random-s0-0041,prm,1,0,completed,True,False,3,3,0,,6.847612999990815,2.2825376666636052,3080.0000000000023,10.538324999970428,292.2665603887378,154,0,0,0,9424.171781966103,9118.94293475159,58.64872188037233,59.35059946141837,65.90333620180272,20.0,kinematic,False,0,0.0,,,,random,once,0,0,6.847612999990815,6.802156999924591,3080.0000000000023
random-s0-0041,prm,1,0,completed,True,False,3,357,0,,195.66880000104447,0.548091876753626,2299.999999999997,211.349188999975,10.882464280476935,138,0,0,0,9424.171781966103,8073.586130404966,58.70021365069379,59.10792672641499,20.498335084384138,20.0,kinematic,False,0,0.0,,,,random,cycle,23,0,7.036999000092692,6.64550200008307,2299.999999999997
random-s0-0041,prm,1,0,completed,True,False,3,355,0,,18.957306999254797,0.05340086478663323,2266.6666666666633,31.630614999926365,71.66053099732459,136,0,0,0,9424.171781966103,8098.459408945275,59.04319020015123,59.17540885016071,20.498335084384138,20.0,kinematic,False,0,0.0,,,,random,event,1,0,6.703522000179873,6.648415000086061,2266.6666666666633
random-s0-0041,visibility,1,0,completed,True,False,3,3,0,,8.446466999998847,2.8154889999996158,2340.000000000002,11.370537000061631,205.7950297323089,117,0,1,1,8204.137159000386,8023.657614308308,58.26907152591273,59.35059946141837,-6.4414223761752964,20.0,kinematic,False,0,0.0,,,,random,once,0,0,8.446466999998847,8.4015749999935,2340.000000000002
random-s0-0041,visibility,1,0,completed,True,False,3,369,0,,401.91651499890213,1.0892046476935018,2333.33333333333,417.41631500008225,5.589942820833129,140,0,1,1,8204.137159000386,8024.094345823167,58.99069347386445,59.59960331766995,-4.29300528253836,20.0,kinematic,False,0,0.0,,,,random,cycle,47,2,8.211077999931149,8.709683999995832,2333.33333333333
random-s0-0041,visibility,1,0,completed,True,False,3,370,0,,99.54762699987896,0.2690476405402134,2333.33333333333,113.05909199995767,20.638175064542384,140,0,1,1,8204.137159000386,8026.903713291735,59.10461988971887,59.94138256523322,-4.29300528253836,20.0,kinematic,False,0,0.0,,,,random,event,10,2,8.30811299999823,14.215899999953763,2333.33333333333
random-s0-0042,voronoi,1,0,completed,True,False,3,3,0,,4.488765000019157,1.4962550000063857,3000.0000000000023,8.145894999984193,368.283656983772,150,0,0,0,11802.219770311835,11501.12785164097,58.59072907283996,59.33131773789775,82.90895198097019,20.0,kinematic,False,0,0.0,,,,random,once,0,0,4.488765000019157,4.413293999959933,3000.0000000000023
random-s0-0042,voronoi,1,0,completed,True,False,3,377,0,,103.02496400061045,0.2732757665798686,2733.3333333333285,117.757910000023,23.21146268078972,164,0,0,0,11802.219770311835,10517.571107580672,59.17186935239719,59.69211095017957,3.844846783921895,20.0,kinematic,False,0,0.0,,,,random,cycle,23,0,4.167075999930603,4.351397000050383,2733.3333333333285
random-s0-0042,voronoi,1,0,completed,True,False,3,377,0,,18.950901999573944,0.0502676445612041,2749.999999999995,33.35722400004215,82.44091294876696,165,0,0,0,11802.219770311835,10573.192667174062,58.80909773462535,59.2169410863059,33.02984180564164,20.0,kinematic,False,0,0.0,,,,random,event,1,0,3.9944920000607453,4.006563000075403,2749.999999999995
random-s0-0042,prm,1,0,completed,True,False,3,3,0,,6.73480099999324,2.2449336666644135,3500.0000000000027,10.899506999976438,321.1154412770751,175,0,1,1,11119.259012967424,10885.462833595258,58.91265951718173,59.53611394681728,-8.169366714465411,20.0,kinematic,False,0,0.0,,,,random,once,0,0,6.73480099999324,6.699057999981051,3500.0000000000027
random-s0-0042,prm,1,0,completed,True,False,3,379,0,,198.42034600105762,0.5235365329843209,2666.666666666662,215.54752199995164,12.37159509849183,160,0,0,0,11119.259012967424,10582.44735062246,58.81733389277531,59.2169410863059,7.3022059732494995,20.0,kinematic,False,0,0.0,,,,random,cycle,23,0,6.775196000148753,7.065289000024677,2666.666666666662
random-s0-0042,prm,1,0,completed,True,False,3,379,0,,20.61882299778972,0.05440322690709689,2666.666666666662,35.54754700007834,75.01689685256721,160,0,0,0,11119.259012967424,10582.44735062246,58.81733389277531,59.2169410863059,7.3022059732494995,20.0,kinematic,False,0,0.0,,,,random,event,1,0,7.558592000123099,7.490027000017108,2666.666666666662
random-s0-0042,visibility,1,0,completed,True,False,3,3,0,,9.282228999950348,3.094076333316783,2960.0000000000023,12.957218999986253,228.44408202123793,148,0,1,1,10663.51829729358,10483.002763722388,58.702765155327434,59.33131773789775,-9.225586525755034,20.0,kinematic,False,0,0.0,,,,random,once,0,0,9.282228999950348,9.248422999917238,2960.0000000000023
random-s0-0042,visibility,1,0,completed,True,False,3,436,0,,779.3009040009338,1.7873873944975545,2966.666666666661,798.1210279999686,3.7170636564994473,178,0,1,1,10663.51829729358,10482.449059589135,59.157532225103864,59.44192513077488,-11.022570195278917,20.0,kinematic,False,0,0.0,,,,random,cycle,80,11,9.391762999939601,20.088141999963227,2966.666666666661
random-s0-0042,visibility,1,0,completed,True,False,3,436,0,,268.5190770015424,0.6158694426640882,2966.666666666661,284.7304399999757,10.41921147126705,178,0,1,1,10663.51829729358,10482.882157902939,59.161084142359215,59.452580882540914,-11.022570195278917,20.0,kinematic,False,0,0.0,,,,random,event,27,11,9.371676000000662,10.600591999946118,2966.666666666661
random-s0-0043,voronoi,1,0,completed,True,False,3,3,0,,7.807355999943866,2.6024519999812887,6859.999999999942,16.208263999942574,423.24088502163136,343,1,0,1,19028.261895977877,18527.05199281568,59.07047283871597,59.69618268791574,-134.14787527680153,20.0,kinematic,False,0,0.0,,,,random,once,0,0,7.807355999943866,3.972478000036972,6859.999999999942
random-s0-0043,voronoi,1,0,completed,True,False,3,559,0,,724.4121680014359,1.2959072772834275,3466.6666666666592,747.7141450000317,4.636352929589839,208,0,0,0,19028.261895977877,18325.20948433213,58.82117782342777,59.520017570582034,1.376969744772822,20.0,kinematic,False,0,0.0,,,,random,cycle,181,0,7.6677690000224175,11.208550999981526,3466.6666666666592
random-s0-0043,voronoi,1,0,completed,True,False,3,671,0,,55.90829500056316,0.08332085693079457,4966.666666666654,81.547553000064,60.90515881773615,298,0,0,0,19028.261895977877,18376.977137234586,59.19339768573616,59.84357528202867,0.2966938474255869,20.0,kinematic,False,0,0.0,,,,random,event,7,0,7.801844999903551,4.074226000057024,4966.666666666654
random-s0-0043,prm,1,0,completed,True,False,3,3,0,,12.717019999968215,4.2390066666560715,4499.999999999992,18.098680999969474,248.63690343001136,225,0,1,1,17602.07100516597,17327.251603258843,59.08509185710715,59.77907213308872,-39.14224645072946,20.0,kinematic,False,0,0.0,,,,random,once,0,0,12.717019999968215,6.409284000028492,4499.999999999992
random-s0-0043,prm,1,0,completed,True,False,3,561,0,,1413.0000349998681,2.5187166399284635,3733.333333333325,1439.0272370000048,2.594345150211575,224,0,0,0,17602.07100516597,18213.059803984113,59.402090570471636,59.71991271642648,12.11782468988153,20.0,kinematic,False,0,0.0,,,,random,cycle,221,0,12.515591000010318,10.262011999998322,3733.333333333325
random-s0-0043,prm,1,0,completed,True,False,3,595,0,,29.258180999363503,0.04917341344430841,4599.999999999989,52.04200799994396,88.39013283278659,276,0,0,0,17602.07100516597,17667.23198319027,58.79188910628875,58.972357670849036,0.5014895028664057,20.0,kinematic,False,0,0.0,,,,random,event,1,0,12.54892099996141,6.271785999956592,4599.999999999989
random-s0-0043,visibility,1,0,completed,True,False,3,3,0,,18.82383499992102,6.2746116666403395,3260.0000000000023,22.837167000034242,142.74975525620644,163,0,1,1,16900.006651146272,16718.729944315146,59.03514126472849,59.76402783405971,-0.19620917769108814,20.0,kinematic,False,0,0.0,,,,random,once,0,0,18.82383499992102,9.563001999936205,3260.0000000000023
random-s0-0043,visibility,1,0,completed,True,False,3,530,0,,2097.28037300124,3.957132779247623,3199.9999999999936,2120.739704000016,1.5089074788218184,192,0,0,0,16900.006651146272,16720.094381422834,59.079538088180094,59.82904591086353,0.42767743774680866,20.0,kinematic,False,0,0.0,,,,random,cycle,219,0,24.859794999997575,21.322516999930485,3199.9999999999936
random-s0-0043,visibility,1,0,completed,True,False,3,575,0,,57.91110399866284,0.10071496347593537,3833.3333333333244,79.46350600002461,48.24017371360556,230,0,0,0,16900.006651146272,16746.259747470744,58.9556571544741,59.45740310974555,0.5412567065822884,20.0,kinematic,False,0,0.0,,,,random,event,3,0,18.6592270000574,9.48432600000615,3833.3333333333244
random-s0-0044,voronoi,1,0,completed,True,False,3,3,0,,4.025652999985141,1.3418843333283803,5879.999999999963,10.788638999997602,545.0177728628486,294,0,1,1,14104.89405155342,13684.184100071892,59.2454859523238,59.583751190894155,-142.45428915269673,20.0,kinematic,False,0,0.0,,,,random,once,0,0,4.025652999985141,3.960918999950991,5879.999999999963
random-s0-0044,voronoi,1,0,completed,True,False,3,413,0,,78.50218300063716,0.19007792494101008,2383.33333333333,93.82185399999798,25.40275246887981,143,0,0,0,14104.89405155342,13147.812337910378,59.07943250916008,59.91086774552489,82.58616815096013,20.0,kinematic,False,0,0.0,,,,random,cycle,16,0,3.9171979999537143,5.614501999957611,2383.33333333333
random-s0-0044,voronoi,1,0,completed,True,False,3,413,0,,20.017449002693866,0.048468399522261174,2383.33333333333,34.93551299993669,68.22093419202542,143,0,0,0,14104.89405155342,13079.906417514489,58.71377300057744,59.91086774552489,82.58616815096013,20.0,kinematic,False,0,0.0,,,,random,event,1,0,3.9763760000823822,3.9681250000285218,2383.33333333333
random-s0-0044,prm,1,0,completed,True,False,3,3,0,,7.1537090000219905,2.384569666673997,4120.0,12.015966000035405,342.8771353038,206,0,1,1,13910.776834546232,13661.16135738411,59.68341244311585,59.906547245497926,-142.45428915269673,20.0,kinematic,False,0,0.0,,,,random,once,0,0,7.1537090000219905,7.116246999999021,4120.0
random-s0-0044,prm,1,0,completed,True,False,3,408,0,,162.33524199969906,0.3978804950973016,2383.33333333333,180.03224000005957,13.238369601647689,143,0,0,0,13910.776834546232,13151.572153909874,59.14218644325155,59.91086774552489,82.58616815096013,20.0,kinematic,False,0,0.0,,,,random,cycle,15,0,7.781373000170788,7.698180000033972,2383.33333333333
random-s0-0044,prm,1,0,completed,True,False,3,415,0,,27.75858699976652,0.06688816144522053,2383.33333333333,42.61894500007202,55.92192235939446,143,0,0,0,13910.776834546232,13417.351779690343,58.971721207526514,59.91086774552489,82.58616815096013,20.0,kinematic,False,0,0.0,,,,random,event,2,0,6.99770999995053,6.954682999889883,2383.33333333333
random-s0-0044,visibility,1,0,completed,True,False,3,3,0,,9.57114699997419,3.1903823333247296,2560.000000000002,12.665676999972675,202.12105519551184,128,0,0,0,13129.407155414123,12943.203038674383,59.51642794302615,59.583751190894155,79.7189483127002,20.0,kinematic,False,0,0.0,,,,random,once,0,0,9.57114699997419,9.533647000012024,2560.000000000002
random-s0-0044,visibility,1,0,completed,True,False,3,406,0,,125.96221299941135,0.3102517561561856,2383.33333333333,142.7223949999643,16.69908449430046,143,0,0,0,13129.407155414123,12939.649904650076,58.8593018268694,59.91086774552489,82.58616815096013,20.0,kinematic,False,0,0.0,,,,random,cycle,10,0,9.709248000149273,9.906113000056394,2383.33333333333
random-s0-0044,visibility,1,0,completed,True,False,3,407,0,,74.22410199933438,0.18236880098116556,2383.33333333333,88.49216400005844,26.932704836235622,143,0,0,0,13129.407155414123,12940.715069598838,59.026548312268915,59.91086774552489,82.58616815096013,20.0,kinematic,False,0,0.0,,,,random,event,6,0,10.03071600007388,10.253239999997277,2383.33333333333
random-s0-0045,voronoi,1,0,completed,True,False,3,3,0,,0.10205700004917162,0.03401900001639054,1920.0000000000014,2.5181559999509773,762.4626909680653,96,1,1,2,7235.361652219222,7059.997660670579,58.454663849547295,59.49763097153008,-162.03323300801173,20.0,kinematic,False,0,0.0,,,,random,once,0,0,0.10205700004917162,0.04562399999485933,1920.0000000000014
random-s0-0045,voronoi,1,0,completed,True,False,3,383,0,,189.0872320013841,0.49370034465113344,2399.9999999999964,204.4715270000097,11.737575569628737,144,0,1,1,7235.361652219222,8510.673934618295,58.65091851552106,59.43274235963706,-93.81809431807729,20.0,kinematic,False,0,0.0,,,,random,cycle,70,2,0.08204600010230934,4.331582999952843,2399.9999999999964
random-s0-0045,voronoi,1,0,completed,True,False,3,502,0,,43.54617999945276,0.08674537848496566,3383.333333333326,62.465120000069874,54.163560933358355,203,2,0,2,7235.361652219222,10265.273254597902,58.76555748789843,58.92562586031922,-2.513624099132869,20.0,kinematic,False,0,0.0,,,,random,event,11,0,0.08678899996539258,3.9714380000077654,3383.333333333326
random-s0-0045,prm,1,0,completed,True,False,3,3,0,,0.07893999986663403,0.02631333328887801,1920.0000000000014,2.435740999999325,788.2611492767636,96,1,1,2,7235.361652219222,7059.997660670579,58.454663849547295,59.49763097153008,-162.03323300801173,20.0,kinematic,False,0,0.0,,,,random,once,0,0,0.07893999986663403,0.04273499996543251,1920.0000000000014
random-s0-0045,prm,1,0,completed,True,False,3,403,0,,621.5418389994056,1.54228744168587,2466.666666666663,639.464954999994,3.8573914760765677,148,0,0,0,7235.361652219222,9228.600510157046,58.70482673163946,59.59699421193109,7.597339589413934,20.0,kinematic,False,0,0.0,,,,random,cycle,99,16,0.5115809999551857,7.805241999903956,2466.666666666663
random-s0-0045,prm,1,0,completed,True,False,3,386,0,,54.036943999562936,0.13999208290042212,2416.666666666663,68.06838900001821,35.503509076232376,145,0,0,0,7235.361652219222,8988.47313574135,58.88594407752706,59.4935612193168,1.9346624005709998,20.0,kinematic,False,0,0.0,,,,random,event,8,0,0.08778699987033178,6.268004000048677,2416.666666666663
random-s0-0045,visibility,1,0,completed,True,False,3,3,0,,0.051409000093372015,0.01713633336445734,1920.0000000000014,2.478117000009661,774.7818202258071,96,1,1,2,7235.361652219222,7059.997660670579,58.454663849547295,59.49763097153008,-162.03323300801173,20.0,kinematic,False,0,0.0,,,,random,once,0,0,0.051409000093372015,0.0204699999812874,1920.0000000000014
random-s0-0045,visibility,1,0,completed,True,False,3,398,0,,416.2422129999186,1.0458347060299462,2466.666666666663,432.7864289999752,5.699500957935084,148,1,1,2,7235.361652219222,7130.556237793893,58.86378241016151,59.13976810618589,-133.43853558555716,20.0,kinematic,False,0,0.0,,,,random,cycle,43,60,0.18536500010668533,12.783813000055488,2466.666666666663
random-s0-0045,visibility,1,0,completed,True,False,3,401,0,,244.96295399887913,0.6108801845358581,2466.666666666663,260.18957999997383,9.480266914097447,148,1,0,1,7235.361652219222,7142.46886537407,58.573455398035215,59.007805611702935,-133.88685773570435,20.0,kinematic,False,0,0.0,,,,random,event,25,58,0.05923699995946663,10.669911000036336,2466.666666666663
random-s0-0046,voronoi,1,0,completed,True,False,3,3,0,,0.10360299995681999,0.03453433331893999,2220.0000000000014,2.8462159999662617,779.9829668676997,111,0,1,1,11067.822665498355,10893.168262727373,58.218134256993814,58.787400931574524,-26.58374753764835,20.0,kinematic,False,0,0.0,,,,random,once,0,0,0.10360299995681999,0.049188999923899246,2220.0000000000014
random-s0-0046,voronoi,1,0,completed,True,False,3,390,0,,45.9928170009789,0.11793030000251001,2283.3333333333303,60.367283000005045,37.82402022852576,137,0,1,1,11067.822665498355,11448.405267089562,59.2560866528828,59.99598836958377,-4.074902134107219,20.0,kinematic,False,0,0.0,,,,random,cycle,16,0,0.08184199998595432,4.055944000015188,2283.3333333333303
random-s0-0046,voronoi,1,0,completed,True,False,3,408,0,,20.417172999827926,0.05004209068585276,2583.333333333329,35.58024300002671,72.6058372713022,155,0,1,1,11067.822665498355,11357.41348435763,59.027457189040625,59.31009997805723,-4.074902134107219,20.0,kinematic,False,0,0.0,,,,random,event,9,0,0.09508100015409582,4.182786000001215,2583.333333333329
random-s0-0046,prm,1,0,completed,True,False,3,3,0,,0.050293999947825796,0.016764666649275266,2220.0000000000014,2.7769360000320376,799.4422629741518,111,0,1,1,11067.822665498355,10893.168262727373,58.218134256993814,58.787400931574524,-26.58374753764835,20.0,kinematic,False,0,0.0,,,,random,once,0,0,0.050293999947825796,0.020410000047377252,2220.0000000000014
random-s0-0046,prm,1,0,completed,True,False,3,375,0,,56.13296499950593,0.14968790666534915,2216.666666666664,72.6048340000034,30.530565866544922,133,0,1,1,11067.822665498355,10898.179232767434,58.746649383381346,58.89616300427142,-4.026014045213401,20.0,kinematic,False,0,0.0,,,,random,cycle,1,1,0.5825419999609949,6.746099999986654,2216.666666666664
random-s0-0046,prm,1,0,completed,True,False,3,375,0,,12.829262000991548,0.03421136533597746,2216.666666666664,26.456939000013335,83.78394290683237,133,0,1,1,11067.822665498355,10898.179232767434,58.746649383381346,58.89616300427142,-4.026014045213401,20.0,kinematic,False,0,0.0,,,,random,event,1,1,0.08545599996523379,6.599462000053791,2216.666666666664
random-s0-0046,visibility,1,0,completed,True,False,3,3,0,,0.04855500003486668,0.016185000011622225,2220.0000000000014,2.868328999966252,773.9697921772995,111,0,1,1,11067.822665498355,10893.168262727373,58.218134256993814,58.787400931574524,-26.58374753764835,20.0,kinematic,False,0,0.0,,,,random,once,0,0,0.04855500003486668,0.01908199999434146,2220.0000000000014
random-s0-0046,visibility,1,0,completed,True,False,3,374,0,,29.093950000174118,0.07779131016089337,2216.666666666664,44.56530799996017,49.73973626904239,133,0,1,1,11067.822665498355,10890.100618035307,59.240682487681056,59.94977587397855,-26.514861337329847,20.0,kinematic,False,0,0.0,,,,random,cycle,1,3,0.1877729998795985,8.882362999997895,2216.666666666664
random-s0-0046,visibility,1,0,completed,True,False,3,374,0,,14.881547998811584,0.039790235290940064,2216.666666666664,28.136735000089175,78.78194348632272,133,0,1,1,11067.822665498355,10890.100618035307,59.240682487681056,59.94977587397855,-26.514861337329847,20.0,kinematic,False,0,0.0,,,,random,event,1,3,0.06266499985940754,8.882587000016429,2216.666666666664
random-s0-0047,voronoi,1,0,completed,True,False,3,3,0,,0.10385700011283916,0.034619000037613055,2200.0000000000014,2.8960619999907067,759.6522450165297,110,0,0,0,8979.215457601695,8803.4071481302,58.60276982383191,58.69760860910248,16.60533872647372,20.0,kinematic,False,0,0.0,,,,random,once,0,0,0.10385700011283916,0.046555000039916195,2200.0000000000014
random-s0-0047,voronoi,1,0,completed,True,False,3,347,0,,9.374796000543029,0.027016703171593742,2199.9999999999973,22.44499299990821,98.01740637695875,132,0,0,0,8979.215457601695,8801.597430905242,59.20600889881788,59.937569890530895,16.291599454789548,20.0,kinematic,False,0,0.0,,,,random,cycle,0,0,0.0860510000393333,0.06609899992326973,2199.9999999999973
random-s0-0047,voronoi,1,0,completed,True,False,3,347,0,,10.009589999299351,0.02884608068962349,2199.9999999999973,22.695459000033225,96.93569096781769,132,0,0,0,8979.215457601695,8801.597430905242,59.20600889881788,59.937569890530895,16.291599454789548,20.0,kinematic,False,0,0.0,,,,random,event,0,0,0.12382199997773569,0.06888100006108289,2199.9999999999973
random-s0-0047,prm,1,0,completed,True,False,3,3,0,,0.04981999995834485,0.016606666652781616,2200.0000000000014,2.7611839999508447,796.7596509465383,110,0,0,0,8979.215457601695,8803.4071481302,58.60276982383191,58.69760860910248,16.60533872647372,20.0,kinematic,False,0,0.0,,,,random,once,0,0,0.04981999995834485,0.01975299994683155,2200.0000000000014
random-s0-0047,prm,1,0,completed,True,False,3,347,0,,45.4730860002428,0.1310463573494029,2199.9999999999973,60.39119500007928,36.42915163372921,132,0,0,0,8979.215457601695,8801.597430905242,59.20600889881788,59.937569890530895,16.291599454789548,20.0,kinematic,False,0,0.0,,,,random,cycle,0,0,0.49190300001100695,0.29719499991642806,2199.9999999999973
random-s0-0047,prm,1,0,completed,True,False,3,347,0,,5.545097999629434,0.015980109509018542,2199.9999999999973,17.925257999991118,122.73184575647879,132,0,0,0,8979.215457601695,8801.597430905242,59.20600889881788,59.937569890530895,16.291599454789548,20.0,kinematic,False,0,0.0,,,,random,event,0,0,0.06451299998389004,0.04593799997110182,2199.9999999999973
random-s0-0047,visibility,1,0,completed,True,False,3,3,0,,0.05135999992944562,0.017119999976481875,2200.0000000000014,2.8343709999489874,776.1863214235527,110,0,0,0,8979.215457601695,8803.4071481302,58.60276982383191,58.69760860910248,16.60533872647372,20.0,kinematic,False,0,0.0,,,,random,once,0,0,0.05135999992944562,0.018901999965237337,2200.0000000000014
random-s0-0047,visibility,1,0,completed,True,False,3,347,0,,18.864768998923864,0.05436532852715811,2199.9999999999973,32.522438000000875,67.64560516649884,132,0,0,0,8979.215457601695,8801.597430905242,59.20600889881788,59.937569890530895,16.291599454789548,20.0,kinematic,False,0,0.0,,,,random,cycle,0,0,0.20450400006666314,0.13818499996887113,2199.9999999999973
random-s0-0047,visibility,1,0,completed,True,False,3,347,0,,5.658392999634998,0.016306608068112387,2199.9999999999973,18.16578099999333,121.10682166656116,132,0,0,0,8979.215457601695,8801.597430905242,59.20600889881788,59.937569890530895,16.291599454789548,20.0,kinematic,False,0,0.0,,,,random,event,0,0,0.057326000046487025,0.047431000098185905,2199.9999999999973
random-s0-0048,voronoi,1,0,completed,True,False,3,3,0,,8.246313999961785,2.748771333320595,8679.999999999904,18.386421000059272,472.08752589598174,434,0,2,2,21021.57303310566,20328.608469402654,58.25385262329615,58.48692663675319,-146.17452060661088,20.0,kinematic,False,0,0.0,,,,random,once,0,0,8.246313999961785,4.156121999926654,8679.999999999904
random-s0-0048,voronoi,1,0,completed,True,False,3,546,0,,635.4758970006742,1.163875269232004,3599.9999999999923,658.5557350000499,5.466507705683741,216,0,1,1,21021.57303310566,17900.923455815595,58.66420710691173,59.078714760244104,-2.0461683973044273,20.0,kinematic,False,0,0.0,,,,random,cycle,152,0,8.014001999981701,8.675567999944178,3599.9999999999923
random-s0-0048,voronoi,1,0,completed,True,False,3,574,0,,53.82717100064838,0.09377555923457906,4149.999999999991,77.5456620000341,53.51685565593812,249,0,1,1,21021.57303310566,18089.036303878158,58.86796831182261,59.812049683848,-2.3990501855146817,20.0,kinematic,False,0,0.0,,,,random,event,8,0,8.116689000075894,4.082035999999789,4149.999999999991
random-s0-0048,prm,1,0,completed,True,False,3,3,0,,13.80022699993333,4.600075666644443,5859.999999999963,20.895590999998603,280.4419362917447,293,2,1,3,17444.448937213067,17129.590106022,58.808094382052765,59.71586700730656,-146.17452060661088,20.0,kinematic,False,0,0.0,,,,random,once,0,0,13.80022699993333,6.985313999962273,5859.999999999963
random-s0-0048,prm,1,0,completed,True,False,3,599,0,,1469.0870390024884,2.4525660083513996,3983.333333333324,1497.78870800003,2.659476141098831,239,0,0,0,17444.448937213067,19070.451214969347,59.47590835779467,59.958370888217566,1.846021412722962,20.0,kinematic,False,0,0.0,,,,random,cycle,217,10,13.126288999842473,12.989744000037717,3983.333333333324
random-s0-0048,prm,1,0,completed,True,False,3,653,0,,83.2027710004013,0.12741618836202342,4033.3333333333244,107.07413000000088,37.668607098029106,242,0,0,0,17444.448937213067,18310.913275144805,59.12635838819747,59.787282278317036,2.561058179498019,20.0,kinematic,False,0,0.0,,,,random,event,9,0,12.422642000046835,6.810097999959908,4033.3333333333244
random-s0-0048,visibility,1,0,completed,True,False,3,3,0,,18.050740000148835,6.016913333382945,3860.000000000003,22.649884000088605,170.42029884059906,193,0,1,1,15924.528800940185,15744.149345720696,58.59963044936949,59.49492185174654,-146.17452060661088,20.0,kinematic,False,0,0.0,,,,random,once,0,0,18.050740000148835,9.065732000067328,3860.000000000003
random-s0-0048,visibility,1,0,completed,True,False,3,495,0,,1277.8127170000744,2.5814398323233827,3199.9999999999936,1299.0615440000965,2.463316703338388,192,0,0,0,15924.528800940185,15784.38178470024,58.75328414672675,59.1658143275662,46.68821334961996,20.0,kinematic,False,0,0.0,,,,random,cycle,151,0,17.8373889998511,14.05858900000112,3199.9999999999936
random-s0-0048,visibility,1,0,completed,True,False,3,549,0,,147.31489199925818,0.26833313661067065,3749.9999999999914,167.7922110000054,22.34907078016792,225,0,0,0,15924.528800940185,15812.48425587004,59.563610497360905,59.85396294193646,8.963406143197517,20.0,kinematic,False,0,0.0,,,,random,event,15,0,17.68677799998386,9.069382999996378,3749.9999999999914
random-s0-0049,voronoi,1,0,completed,True,False,3,3,0,,3.882489000034184,1.2941630000113946,5679.999999999967,10.56204099995739,537.7748486322749,284,0,0,0,16768.77646709744,16398.029189473207,58.29056618762389,59.10370999444974,162.264913026704,20.0,kinematic,False,0,0.0,,,,random,once,0,0,3.882489000034184,3.7970829999949274,5679.999999999967
random-s0-0049,voronoi,1,0,completed,True,False,3,435,0,,85.51830299836638,0.19659379999624454,2633.333333333329,101.4806690000114,25.949112863387146,158,0,0,0,16768.77646709744,15354.077155471503,59.37960443777401,59.46114760875951,57.06206105984222,20.0,kinematic,False,0,0.0,,,,random,cycle,19,0,3.8363600000366205,3.7692249999281557,2633.333333333329
random-s0-0049,voronoi,1,0,completed,True,False,3,435,0,,19.994338001083634,0.04596399540478996,2633.333333333329,35.73095300009754,73.6989392173822,158,0,0,0,16768.77646709744,15208.23446625123,59.23993924983363,59.46114760875951,40.488468099574135,20.0,kinematic,False,0,0.0,,,,random,event,1,0,3.803330000096139,3.7352269999928467,2633.333333333329
random-s0-0049,prm,1,0,completed,True,False,3,3,0,,6.43937799975447,2.14645933325149,4299.999999999996,11.54143999997359,372.5704938040518,215,0,0,0,15448.77921654741,15217.574220154445,58.469847378305595,59.10370999444974,69.8277290028285,20.0,kinematic,False,0,0.0,,,,random,once,0,0,6.43937799975447,6.3707569998996405,4299.999999999996
random-s0-0049,prm,1,0,completed,True,False,3,435,0,,204.12042099985683,0.4692423471261077,2633.333333333329,222.72540599999502,11.823228344831877,158,0,0,0,15448.77921654741,15058.830901145848,59.0366251864589,59.46114760875951,8.052295638598508,20.0,kinematic,False,0,0.0,,,,random,cycle,22,0,6.583165000051849,12.570615999948132,2633.333333333329
random-s0-0049,prm,1,0,completed,True,False,3,442,0,,13.243833999126764,0.029963425337390867,2749.999999999995,29.352661999951124,93.68826582081633,165,0,0,0,15448.77921654741,15076.28580025084,59.251366453935255,59.46114760875951,3.981175098637067,20.0,kinematic,False,0,0.0,,,,random,event,0,0,6.257093999920471,6.205526999906397,2749.999999999995
random-s0-0049,visibility,1,0,completed,True,False,3,3,0,,9.543373000042266,3.1811243333474217,3060.0000000000023,13.294545000007929,230.16959211452345,153,0,1,1,15063.660777217949,14887.623740813116,58.569859217325536,59.10370999444974,-1.029177170977107,20.0,kinematic,False,0,0.0,,,,random,once,0,0,9.543373000042266,9.501612999997633,3060.0000000000023
random-s0-0049,visibility,1,0,completed,True,False,3,464,0,,1139.8095199982663,2.4564860344790223,3116.6666666666606,1160.249082000064,2.686204811551395,187,0,1,1,15063.660777217949,14886.707552440104,59.18514556401367,59.46114760875951,-0.9841116361315869,20.0,kinematic,False,0,0.0,,,,random,cycle,122,2,9.38235400008125,16.060469999956695,3116.6666666666606
random-s0-0049,visibility,1,0,completed,True,False,3,567,0,,302.38697399965986,0.5333103597877599,4833.333333333321,325.66728099993725,14.841323078243935,290,0,1,1,15063.660777217949,14903.475364192338,59.16821334699384,59.46114760875951,-3.508625857883146,20.0,kinematic,False,0,0.0,,,,random,event,30,7,9.262871999908384,17.262606999906893,4833.333333333321
random-s0-0050,voronoi,1,0,completed,True,False,3,3,0,,4.09543099988241,1.36514366662747,4479.999999999993,9.547789999942324,469.2185312022002,224,0,0,0,14235.81219105133,13879.089794834696,58.97192618244954,59.90170070672019,213.2544068244241,20.0,kinematic,False,0,0.0,,,,random,once,0,0,4.09543099988241,4.0100439999832815,4479.999999999993
random-s0-0050,voronoi,1,0,completed,True,False,3,444,0,,222.65603699804615,0.5014775608064103,2683.3333333333285,239.67412399997556,11.19575734147088,161,0,0,0,14235.81219105133,13203.808199633339,58.99462576618556,59.46062870705252,1.5735338619986692,20.0,kinematic,False,0,0.0,,,,random,cycle,53,0,3.9724669999259277,5.333914000061668,2683.3333333333285
random-s0-0050,voronoi,1,0,completed,True,False,3,463,0,,21.62757300118301,0.04671182073689635,2999.999999999994,40.98668500000713,73.19450206815878,180,0,0,0,14235.81219105133,13220.13418239035,59.222040398789915,59.98983096113904,5.220283962704059,20.0,kinematic,False,0,0.0,,,,random,event,1,0,4.07541900005981,3.9811110000300687,2999.999999999994
random-s0-0050,prm,1,0,completed,True,False,3,3,0,,10.397985999929915,3.4659953333099716,3120.0000000000023,14.22752100006619,219.2932978264792,156,0,0,0,14112.047945389615,13839.400575274563,59.173464646566764,59.90170070672019,96.16076371541567,20.0,kinematic,False,0,0.0,,,,random,once,0,0,10.397985999929915,10.345959999995102,3120.0000000000023
random-s0-0050,prm,1,0,completed,True,False,3,406,0,,129.8466810003447,0.31981941133089825,2516.6666666666624,146.69668800002,17.155579317961966,151,0,0,0,14112.047945389615,13176.636224291135,58.87274512329799,59.35867810512366,13.287732517760901,20.0,kinematic,False,0,0.0,,,,random,cycle,12,0,6.5722019999157055,6.4436760000035065,2516.6666666666624
random-s0-0050,prm,1,0,completed,True,False,3,406,0,,19.43911699936507,0.04787959852060362,2516.6666666666624,33.633779999945546,74.82556723242934,151,0,0,0,14112.047945389615,13176.636224291135,58.87274512329799,59.35867810512366,13.287732517760901,20.0,kinematic,False,0,0.0,,,,random,event,1,0,6.879939000100421,6.826157000091371,2516.6666666666624
random-s0-0050,visibility,1,0,completed,True,False,3,3,0,,9.8710279999068,3.2903426666356004,2920.0000000000023,13.543043000026955,215.60885540968823,146,0,0,0,13199.154481083107,13019.93336282242,58.79266661017555,59.90170070672019,1.6683029180952929,20.0,kinematic,False,0,0.0,,,,random,once,0,0,9.8710279999068,9.825531000046794,2920.0000000000023
random-s0-0050,visibility,1,0,completed,True,False,3,457,0,,732.5114169997278,1.6028696214436056,2899.9999999999945,752.2953430000143,3.8548690045525635,174,0,0,0,13199.154481083107,13021.227096032933,58.50253270896678,59.07895342400466,1.3701872216678623,20.0,kinematic,False,0,0.0,,,,random,cycle,77,0,9.493799999972907,10.663879000048837,2899.9999999999945
random-s0-0050,visibility,1,0,completed,True,False,3,457,0,,51.00751499992384,0.11161381838057734,2899.9999999999945,67.42248099999415,43.012359631207374,174,0,0,0,13199.154481083107,13021.39965937865,58.5015027059915,59.07895342400466,1.3701872216678623,20.0,kinematic,False,0,0.0,,,,random,event,3,0,9.646128000099452,15.12359599996671,2899.9999999999945
random-s0-0051,voronoi,1,0,completed,True,False,3,3,0,,8.02292200012289,2.6743073333742964,7479.999999999928,17.43339399990873,429.0616044150146,374,1,1,2,16693.912019330026,16251.666813921323,58.225027420614914,58.873483355985826,-147.98777479161228,20.0,kinematic,False,0,0.0,,,,random,once,0,0,8.02292200012289,4.02056600000833,7479.999999999928
random-s0-0051,voronoi,1,0,completed,True,False,3,466,0,,313.21616899958826,0.6721377017158546,3466.6666666666592,332.7559370000017,10.418046024725447,208,0,0,0,16693.912019330026,15557.823927805875,58.60907374916287,58.84629522811146,1.1754075794564471,20.0,kinematic,False,0,0.0,,,,random,cycle,77,0,7.798683999908462,4.292047000035382,3466.6666666666592
random-s0-0051,voronoi,1,0,completed,True,False,3,557,0,,40.21784099973047,0.07220438240526117,4966.666666666654,63.951772999985224,77.6626891433925,298,0,0,0,16693.912019330026,16685.609057053807,58.58919898451814,58.89012531930348,1.9149324215988202,20.0,kinematic,False,0,0.0,,,,random,event,4,0,7.772395000074539,3.9630290000332025,4966.666666666654
random-s0-0051,prm,1,0,completed,True,False,3,3,0,,12.881423000067116,4.293807666689038,4959.999999999982,18.70542800008934,265.16367334531407,248,2,0,2,16263.197403657257,15966.40727766512,58.68489307963568,59.08678979388039,-45.5658987486396,20.0,kinematic,False,0,0.0,,,,random,once,0,0,12.881423000067116,6.624123000051441,4959.999999999982
random-s0-0051,prm,1,0,completed,True,False,3,502,0,,833.5503559991366,1.660458876492304,4033.3333333333244,857.7242439999964,4.702366012792034,242,0,0,0,16263.197403657257,15515.947899177812,59.60745993723453,59.956627574534394,1.007267062471925,20.0,kinematic,False,0,0.0,,,,random,cycle,123,0,12.389116999884209,8.607851999954619,4033.3333333333244
random-s0-0051,prm,1,0,completed,True,False,3,443,0,,33.29155599931255,0.07515023927610057,3049.999999999994,49.46208800004115,61.66338954387564,183,0,0,0,16263.197403657257,15289.675343640394,59.40601002019318,59.93447738750919,4.9180267820457,20.0,kinematic,False,0,0.0,,,,random,event,2,0,12.795340000025135,6.608886999970309,3049.999999999994
random-s0-0051,visibility,1,0,completed,True,False,3,3,0,,20.5789569999979,6.859652333332633,4639.999999999989,26.11425700001746,177.68072053502755,232,1,0,1,14926.068259297019,14748.027492901925,58.5547013823869,58.873483355985826,-93.02213260841458,20.0,kinematic,False,0,0.0,,,,random,once,0,0,20.5789569999979,10.476077000021178,4639.999999999989
random-s0-0051,visibility,1,0,completed,True,False,3,472,0,,1373.2163039987881,2.909356576268619,3599.9999999999923,1394.868362000011,2.580888704679047,216,0,0,0,14926.068259297019,14752.170363899222,58.56596593046002,58.8862403217396,0.6050762869242874,20.0,kinematic,False,0,0.0,,,,random,cycle,138,0,20.136112000045614,15.061687999946116,3599.9999999999923
random-s0-0051,visibility,1,0,completed,True,False,3,493,0,,87.86344199882024,0.17822199188401672,3949.999999999991,107.15526800004227,36.86239672321507,237,0,0,0,14926.068259297019,14781.15514269246,58.824714130786724,59.15019080308893,0.6827611622572363,20.0,kinematic,False,0,0.0,,,,random,event,6,0,20.412019999980657,10.300098000016078,3949.999999999991
random-s0-0052,voronoi,1,0,completed,True,False,3,3,0,,4.024243999992905,1.3414146666643016,4239.999999999997,9.049578000031033,468.5301347737383,212,0,3,3,11839.387204061108,11537.932055147015,58.56421812570219,59.255688916675346,-152.44549272796337,20.0,kinematic,False,0,0.0,,,,random,once,0,0,4.024243999992905,3.9540450000004057,4239.999999999997
random-s0-0052,voronoi,1,0,completed,True,False,3,436,0,,95.83253299967964,0.21979938761394413,3299.999999999993,113.29288799993265,29.12804200032358,198,0,1,1,11839.387204061108,10665.840725216673,59.36429726451248,59.87275177318082,-34.38507533346041,20.0,kinematic,False,0,0.0,,,,random,cycle,42,2,3.8630629999261146,4.268963999948028,3299.999999999993
random-s0-0052,voronoi,1,0,completed,True,False,3,457,0,,29.59731899943563,0.06476437417819612,3633.3333333333253,47.58708500003195,76.35124810294403,218,0,2,2,11839.387204061108,10796.567145991732,58.891021638262906,59.11795348890141,-110.17842749578543,20.0,kinematic,False,0,0.0,,,,random,event,37,2,3.953967000029479,4.041729999926247,3633.3333333333253
random-s0-0052,prm,1,0,completed,True,False,3,3,0,,6.496909999896161,2.1656366666320537,3920.000000000003,11.236833999987539,348.852710648244,196,0,2,2,10851.176873117434,10584.42302354515,59.0380004240192,59.659766832100125,-152.44549272796337,20.0,kinematic,False,0,0.0,,,,random,once,0,0,6.496909999896161,6.459513999971023,3920.000000000003
random-s0-0052,prm,1,0,completed,True,False,3,373,0,,148.62288100005117,0.3984527640752042,2233.3333333333303,164.082752000013,13.611018258233221,134,0,1,1,10851.176873117434,10192.557307322344,58.97902044181057,59.79262167674395,-4.257788632017508,20.0,kinematic,False,0,0.0,,,,random,cycle,15,4,7.086525999966398,6.819500000005974,2233.3333333333303
random-s0-0052,prm,1,0,completed,True,False,3,373,0,,25.54527800100459,0.06848600000269327,2233.3333333333303,38.553257999978996,57.928524051963315,134,0,1,1,10851.176873117434,10204.10927620679,58.861151830933125,59.439015844111616,-4.257788632017508,20.0,kinematic,False,0,0.0,,,,random,event,2,4,6.527344000005542,6.488040000022011,2233.3333333333303
random-s0-0052,visibility,1,0,completed,True,False,3,3,0,,9.756812999967224,3.2522709999890744,2700.000000000002,13.100323999992725,206.1017727501626,135,0,2,2,10302.379532552835,10106.757589778344,58.47644123914207,59.255688916675346,-152.44549272796337,20.0,kinematic,False,0,0.0,,,,random,once,0,0,9.756812999967224,9.718696000049931,2700.000000000002
random-s0-0052,visibility,1,0,completed,True,False,3,405,0,,429.7669890001998,1.0611530592597527,2683.3333333333285,446.43336900003305,6.010602073370393,161,0,2,2,10302.379532552835,10103.886231119777,59.37315225963863,59.95053186024594,-152.29853870262338,20.0,kinematic,False,0,0.0,,,,random,cycle,43,3,9.358806999898661,11.456012999929044,2683.3333333333285
random-s0-0052,visibility,1,0,completed,True,False,3,405,0,,299.94969900087654,0.7406165407429051,2683.3333333333285,315.03010400001585,8.517704496371538,161,0,2,2,10302.379532552835,10103.886231119777,59.37315225963863,59.95053186024594,-152.29853870262338,20.0,kinematic,False,0,0.0,,,,random,event,30,3,9.540177999951993,10.707037000088349,2683.3333333333285
random-s0-0053,voronoi,1,0,completed,True,False,3,3,0,,0.10046299996702146,0.03348766665567382,2180.0000000000014,2.8657979999024974,760.6956247698446,109,0,0,0,10986.224435090906,10811.105373522492,58.37302052280345,59.64533834759894,46.18240284175516,20.0,kinematic,False,0,0.0,,,,random,once,0,0,0.10046299996702146,0.044993999949838326,2180.0000000000014
random-s0-0053,voronoi,1,0,completed,True,False,3,373,0,,10.174340998446496,0.027277053615138058,2183.3333333333303,24.065592000056313,90.72427278448922,131,0,0,0,10986.224435090906,10808.460723049433,59.25457068048928,59.9950488540603,43.27169687997804,20.0,kinematic,False,0,0.0,,,,random,cycle,0,0,0.0828110000838933,0.06580700005542894,2183.3333333333303
random-s0-0053,voronoi,1,0,completed,True,False,3,373,0,,10.718177000626383,0.028735058982912554,2183.3333333333303,24.248595000017303,90.03958098734266,131,0,0,0,10986.224435090906,10808.460723049433,59.25457068048928,59.9950488540603,43.27169687997804,20.0,kinematic,False,0,0.0,,,,random,event,0,0,0.08826399994177336,0.06170699998619966,2183.3333333333303
random-s0-0053,prm,1,0,completed,True,False,3,3,0,,0.05800000008093775,0.019333333360312583,2180.0000000000014,2.9805430000351407,731.4103503872614,109,0,0,0,10986.224435090906,10811.105373522492,58.37302052280345,59.64533834759894,46.18240284175516,20.0,kinematic,False,0,0.0,,,,random,once,0,0,0.05800000008093775,0.024757000005593,2180.0000000000014
random-s0-0053,prm,1,0,completed,True,False,3,373,0,,48.61034600060066,0.13032264343324573,2183.3333333333303,64.19802899995375,34.009351491693046,131,0,0,0,10986.224435090906,10808.460723049433,59.25457068048928,59.9950488540603,43.27169687997804,20.0,kinematic,False,0,0.0,,,,random,cycle,0,0,0.5307209999045881,0.26387399998384353,2183.3333333333303
random-s0-0053,prm,1,0,completed,True,False,3,373,0,,5.921828999248646,0.01587621715616259,2183.3333333333303,18.878427000004194,115.65229101624014,131,0,0,0,10986.224435090906,10808.460723049433,59.25457068048928,59.9950488540603,43.27169687997804,20.0,kinematic,False,0,0.0,,,,random,event,0,0,0.0572659998852032,0.048416999902656244,2183.3333333333303
random-s0-0053,visibility,1,0,completed,True,False,3,3,0,,0.04677600009017624,0.015592000030058747,2180.0000000000014,2.7126850000058766,803.6318260304012,109,0,0,0,10986.224435090906,10811.105373522492,58.37302052280345,59.64533834759894,46.18240284175516,20.0,kinematic,False,0,0.0,,,,random,once,0,0,0.04677600009017624,0.017673000002105255,2180.0000000000014
random-s0-0053,visibility,1,0,completed,True,False,3,373,0,,19.95397300049717,0.05349590616755274,2183.3333333333303,34.54997899996215,63.193477869718016,131,0,0,0,10986.224435090906,10808.460723049433,59.25457068048928,59.9950488540603,43.27169687997804,20.0,kinematic,False,0,0.0,,,,random,cycle,0,0,0.19112899985884724,0.09063499999228952,2183.3333333333303
random-s0-0053,visibility,1,0,completed,True,False,3,373,0,,5.857935998960784,0.01570492224922462,2183.3333333333303,18.82910200004062,115.95525550441121,131,0,0,0,10986.224435090906,10808.460723049433,59.25457068048928,59.9950488540603,43.27169687997804,20.0,kinematic,False,0,0.0,,,,random,event,0,0,0.05607599996437784,0.046055999973759754,2183.3333333333303
random-s0-0054,voronoi,1,0,completed,True,False,3,3,0,,4.292885000040769,1.4309616666802565,4479.999999999993,9.552426999903219,468.9907601539779,224,0,0,0,11499.997496017982,11163.752055274363,58.26017668055109,58.54208935366427,187.92888305844258,20.0,kinematic,False,0,0.0,,,,random,once,0,0,4.292885000040769,4.20771100004913,4479.999999999993
random-s0-0054,voronoi,1,0,completed,True,False,3,358,0,,25.266867999334863,0.07057784357356107,2199.9999999999973,38.6460030000535,56.92697379330411,132,0,0,0,11499.997496017982,9446.670343391024,59.49924604930587,59.996090301181205,491.14880523093643,20.0,kinematic,False,0,0.0,,,,random,cycle,3,0,4.0815009999732865,4.011963000039032,2199.9999999999973
random-s0-0054,voronoi,1,0,completed,True,False,3,358,0,,14.114480998500767,0.03942592457681778,2199.9999999999973,27.238736000072095,80.76733075992125,132,0,0,0,11499.997496017982,9446.865112934674,59.51112591938869,59.996090301181205,492.0147317388023,20.0,kinematic,False,0,0.0,,,,random,event,0,0,4.077478000112933,4.007308000041121,2199.9999999999973
random-s0-0054,prm,1,0,completed,True,False,3,3,0,,6.72372400003951,2.2412413333465033,4759.999999999986,12.302596000040467,386.91020984386785,238,0,0,0,13514.924562942679,13125.07806309237,58.27879556389007,58.59794600368121,50.230836290562394,20.0,kinematic,False,0,0.0,,,,random,once,0,0,6.72372400003951,6.679730999962885,4759.999999999986
random-s0-0054,prm,1,0,completed,True,False,3,358,0,,74.75683500126706,0.2088179748638745,2199.9999999999973,90.78775600005429,24.232342519829235,132,0,0,0,13514.924562942679,9445.778559687296,59.27734335410545,59.996090301181205,444.2624298583777,20.0,kinematic,False,0,0.0,,,,random,cycle,3,0,6.7333640000697415,6.417513000087638,2199.9999999999973
random-s0-0054,prm,1,0,completed,True,False,3,359,0,,12.324649999641224,0.034330501391758285,2216.666666666664,24.903771999902347,89.00927404392218,133,0,0,0,13514.924562942679,9445.618265593059,59.47960340020677,59.996090301181205,446.9516360555424,20.0,kinematic,False,0,0.0,,,,random,event,0,0,6.599725999990369,6.543014000044423,2216.666666666664
random-s0-0054,visibility,1,0,completed,True,False,3,3,0,,10.019003999900633,3.3396679999668777,3180.0000000000023,13.86176300002262,229.40804860065873,159,0,0,0,9630.904506237648,9455.847993965652,58.0348932338212,58.429832326423735,504.7842517193902,20.0,kinematic,False,0,0.0,,,,random,once,0,0,10.019003999900633,9.976402999996026,3180.0000000000023
random-s0-0054,visibility,1,0,completed,True,False,3,356,0,,58.811919999470774,0.1652020224704235,2166.666666666664,72.80951300003835,29.758016190350325,130,0,0,0,9630.904506237648,9443.494246289782,59.69504817760568,59.996090301181205,457.7728266360157,20.0,kinematic,False,0,0.0,,,,random,cycle,3,0,10.058439000090402,10.01073500003713,2166.666666666664
random-s0-0054,visibility,1,0,completed,True,False,3,356,0,,26.03147199920386,0.07312211235731421,2166.666666666664,38.74620800002049,55.91945066380478,130,0,0,0,9630.904506237648,9443.819130396567,59.713168848369016,59.996090301181205,450.8875324105885,20.0,kinematic,False,0,0.0,,,,random,event,1,0,10.238942999876599,10.156643999948756,2166.666666666664
random-s0-0055,voronoi,1,0,completed,True,False,3,3,0,,0.10300699989329587,0.034335666631098626,2460.000000000002,3.1527630000027784,780.2679744712285,123,1,0,1,12111.193984191377,11933.082104320103,59.37062662375919,59.96771239197323,-15.245118931001201,20.0,kinematic,False,0,0.0,,,,random,once,0,0,0.10300699989329587,0.046316999942064285,2460.000000000002
random-s0-0055,voronoi,1,0,completed,True,False,3,443,0,,270.77953799835086,0.6112404920956002,3416.6666666666592,289.4195410000293,11.805238356957775,205,0,0,0,12111.193984191377,13287.663004316366,59.034893448047995,59.44537752220485,54.353289812672415,20.0,kinematic,False,0,0.0,,,,random,cycle,66,0,0.12289799997233786,5.925150999928519,3416.6666666666592
random-s0-0055,voronoi,1,0,completed,True,False,3,414,0,,20.13134599985733,0.04862643961318196,2933.3333333333276,35.813247999954,81.9063753540895,176,0,0,0,12111.193984191377,12745.212562166298,59.5340797090715,59.751338796870826,189.3693540687148,20.0,kinematic,False,0,0.0,,,,random,event,2,0,0.08980500001598557,4.031466000014916,2933.3333333333276
random-s0-0055,prm,1,0,completed,True,False,3,3,0,,0.0499000000218075,0.0166333333406025,2460.000000000002,3.0628079999814872,803.1845287118458,123,1,0,1,12111.193984191377,11933.082104320103,59.37062662375919,59.96771239197323,-15.245118931001201,20.0,kinematic,False,0,0.0,,,,random,once,0,0,0.0499000000218075,0.01950199998645985,2460.000000000002
random-s0-0055,prm,1,0,completed,True,False,3,391,0,,124.932935001425,0.31952157289367006,2549.999999999996,141.52758900002027,18.017688409852234,153,0,0,0,12111.193984191377,12130.553425917617,59.369003980894945,59.44537752220485,240.97609425240955,20.0,kinematic,False,0,0.0,,,,random,cycle,13,0,0.5255890001762964,6.173493999995117,2549.999999999996
random-s0-0055,prm,1,0,completed,True,False,3,399,0,,18.27173099945867,0.04579381202871847,2683.3333333333285,32.7240479999773,81.99882035789673,161,0,0,0,12111.193984191377,12450.961970952145,59.1412403943153,59.44537752220485,140.83329003128932,20.0,kinematic,False,0,0.0,,,,random,event,2,0,0.08675800006585632,5.96705500004191,2683.3333333333285
random-s0-0055,visibility,1,0,completed,True,False,3,3,0,,0.04764100003740168,0.015880333345800562,2460.000000000002,3.087969000034718,796.6401217021104,123,1,0,1,12111.193984191377,11933.082104320103,59.37062662375919,59.96771239197323,-15.245118931001201,20.0,kinematic,False,0,0.0,,,,random,once,0,0,0.04764100003740168,0.018955000086862128,2460.000000000002
random-s0-0055,visibility,1,0,completed,True,False,3,399,0,,244.04427900049086,0.6116397969937114,2683.3333333333285,260.59987500002535,10.296756026199427,161,0,0,0,12111.193984191377,11936.667164349568,59.570466201491406,59.86049827413056,158.18687793105323,20.0,kinematic,False,0,0.0,,,,random,cycle,24,0,0.21660000015799596,10.639694000019517,2683.3333333333285
random-s0-0055,visibility,1,0,completed,True,False,3,401,0,,65.46626100112007,0.16325750873097275,2716.666666666662,80.2344329999869,33.85911216780339,163,0,0,0,12111.193984191377,11933.96494630691,59.17676542173251,59.44537752220485,170.41217592860914,20.0,kinematic,False,0,0.0,,,,random,event,6,0,0.059298999985912815,11.724138999966272,2716.666666666662
random-s0-0056,voronoi,1,0,completed,True,False,3,3,0,,0.10220500007562805,0.03406833335854268,2620.000000000002,3.4250850000034916,764.9445196242812,131,0,0,0,12672.988197140061,12497.89388774968,58.36476979679452,59.09789563720504,162.90167316891836,20.0,kinematic,False,0,0.0,,,,random,once,0,0,0.10220500007562805,0.04548900005829637,2620.000000000002
random-s0-0056,voronoi,1,0,completed,True,False,3,413,0,,137.25509899791177,0.33233680144772826,2966.666666666661,153.726726000059,19.298314248008655,178,0,0,0,12672.988197140061,12517.73157859334,58.65341080793595,59.50377291516925,369.5154965615027,20.0,kinematic,False,0,0.0,,,,random,cycle,35,0,0.08750899996812223,3.793996000013067,2966.666666666661
random-s0-0056,voronoi,1,0,completed,True,False,3,410,0,,19.21605700147211,0.046868431710907585,2916.666666666661,34.80837499989775,83.79209505399861,175,0,0,0,12672.988197140061,12518.532487999775,58.79798039402247,59.93748167342883,369.5154965615027,20.0,kinematic,False,0,0.0,,,,random,event,2,0,0.09059600006366963,3.6996469999621695,2916.666666666661
random-s0-0056,prm,1,0,completed,True,False,3,3,0,,0.05285900010676414,0.017619666702254715,2620.000000000002,3.2957180000039443,794.9709289438193,131,0,0,0,12672.988197140061,12497.89388774968,58.36476979679452,59.09789563720504,162.90167316891836,20.0,kinematic,False,0,0.0,,,,random,once,0,0,0.05285900010676414,0.019679000047290174,2620.000000000002
random-s0-0056,prm,1,0,completed,True,False,3,424,0,,419.0407389997972,0.9883036297165029,3149.9999999999936,439.23015299992585,7.171638783188287,189,0,0,0,12672.988197140061,12759.136307613991,58.170986384360106,58.283257105923944,170.26466940431214,20.0,kinematic,False,0,0.0,,,,random,cycle,62,4,0.5015010001443443,7.683205000034832,3149.9999999999936
random-s0-0056,prm,1,0,completed,True,False,3,416,0,,22.696992999499344,0.054560079325719574,3016.666666666661,39.77979600006165,75.83414119725465,181,0,0,0,12672.988197140061,12549.745431735499,58.67757961351075,59.57627933189366,291.831824868547,20.0,kinematic,False,0,0.0,,,,random,event,2,4,0.059800999906656216,8.974125000008826,3016.666666666661
random-s0-0056,visibility,1,0,completed,True,False,3,3,0,,0.0479590000850294,0.01598633336167647,2620.000000000002,3.261918000021069,803.2084190905715,131,0,0,0,12672.988197140061,12497.89388774968,58.36476979679452,59.09789563720504,162.90167316891836,20.0,kinematic,False,0,0.0,,,,random,once,0,0,0.0479590000850294,0.018058000023302156,2620.000000000002
random-s0-0056,visibility,1,0,completed,True,False,3,400,0,,344.41052000136096,0.8610263000034024,2749.999999999995,362.16248999994605,7.593276708475261,165,0,0,0,12672.988197140061,12502.371970682336,58.33939447774683,58.561723924601914,245.64145179992107,20.0,kinematic,False,0,0.0,,,,random,cycle,35,4,0.19336000002567744,11.407790000021123,2749.999999999995
random-s0-0056,visibility,1,0,completed,True,False,3,399,0,,71.77107299935415,0.17987737593823094,2733.3333333333285,86.52296599996134,31.59084182729646,164,0,0,0,12672.988197140061,12502.895967960967,58.81841329387581,59.99878037298882,252.76154608434416,20.0,kinematic,False,0,0.0,,,,random,event,7,4,0.05769500000951666,9.548425999923893,2733.3333333333285
random-s0-0057,voronoi,1,0,completed,True,False,3,3,0,,4.123623000054977,1.3745410000183256,5699.999999999966,10.692109000046912,533.10343169668,285,0,1,1,9515.913003071793,9169.645476246998,58.780028712535376,59.05376021058802,-3.054419902998461,20.0,kinematic,False,0,0.0,,,,random,once,0,0,4.123623000054977,4.050726000059512,5699.999999999966
random-s0-0057,voronoi,1,0,completed,True,False,3,439,0,,314.7000869993235,0.7168566902034704,3349.999999999993,332.9907649999768,10.060339060755112,201,0,1,1,9515.913003071793,10277.566814423972,58.53143892899987,59.1775431986455,-32.14404177980481,20.0,kinematic,False,0,0.0,,,,random,cycle,90,0,4.067729999860603,5.850769999938166,3349.999999999993
random-s0-0057,voronoi,1,0,completed,True,False,3,434,0,,24.892299999237366,0.05735552995215983,3266.66666666666,41.46674699995856,78.77798243180071,196,0,0,0,9515.913003071793,9976.367204891509,58.56088681542483,59.2658868579204,20.457789210398232,20.0,kinematic,False,0,0.0,,,,random,event,2,0,4.0640340000663855,4.067878999990171,3266.66666666666
random-s0-0057,prm,1,0,completed,True,False,3,3,0,,5.777192999971703,1.9257309999905676,4379.9999999999945,10.889478000080999,402.2231368636233,219,1,2,3,9955.866873725907,9669.731513134437,59.32386699312201,59.94053723408554,-20.473639475867827,20.0,kinematic,False,0,0.0,,,,random,once,0,0,5.777192999971703,5.742306000001918,4379.9999999999945
random-s0-0057,prm,1,0,completed,True,False,3,352,0,,127.42431800063514,0.3620009034108953,2283.3333333333303,142.36312000002727,16.038798063240627,137,0,1,1,9955.866873725907,8365.558074211378,58.44393404920917,58.76218723585978,-3.223408976777705,20.0,kinematic,False,0,0.0,,,,random,cycle,14,3,5.8411900000692185,5.845806000024822,2283.3333333333303
random-s0-0057,prm,1,0,completed,True,False,3,463,0,,25.42222799945648,0.05490761986923646,3699.999999999992,43.139259999975366,85.76874058577047,222,0,0,0,9955.866873725907,12191.131213137192,58.515839130774815,58.76218723585978,17.006521545327217,20.0,kinematic,False,0,0.0,,,,random,event,2,0,5.7571629999984,5.901305999941542,3699.999999999992
random-s0-0057,visibility,1,0,completed,True,False,3,3,0,,8.71173399991676,2.9039113333055866,3420.0000000000027,12.81350499994005,266.905893431657,171,1,3,4,8299.931473641624,8119.415371019009,59.301538900049344,59.873552954867534,-135.27106971111866,20.0,kinematic,False,0,0.0,,,,random,once,0,0,8.71173399991676,8.678260000010596,3420.0000000000027
random-s0-0057,visibility,1,0,completed,True,False,3,417,0,,494.78348000047845,1.1865311270994687,3433.333333333326,513.019229000065,6.69240671548569,206,1,3,4,8299.931473641624,8120.014739057302,59.10291565018141,59.822736939822605,-136.32180447460115,20.0,kinematic,False,0,0.0,,,,random,cycle,56,42,8.764788999997108,9.475066000049992,3433.333333333326
random-s0-0057,visibility,1,0,completed,True,False,3,417,0,,240.68148700087022,0.5771738297382979,3433.333333333326,257.3048020000215,13.343448340824356,206,1,3,4,8299.931473641624,8120.014739057302,59.10291565018141,59.822736939822605,-136.32180447460115,20.0,kinematic,False,0,0.0,,,,random,event,25,42,8.425512000030722,10.600655000075676,3433.333333333326
random-s0-0058,voronoi,1,0,completed,True,False,3,3,0,,3.9068930001349145,1.3022976667116382,4759.999999999986,10.36237699997855,459.35406519274864,238,0,0,0,10840.179390377138,10547.987134573266,59.00938609199545,59.8649829955181,63.51555493014476,20.0,kinematic,False,0,0.0,,,,random,once,0,0,3.9068930001349145,3.823209000074712,4759.999999999986
random-s0-0058,voronoi,1,0,completed,True,False,3,370,0,,113.45249799887824,0.3066283729699412,2133.3333333333308,127.46491099994728,16.73663219624586,128,0,0,0,10840.179390377138,9612.181265713833,59.344324562156174,59.80242602270164,84.82664909697166,20.0,kinematic,False,0,0.0,,,,random,cycle,25,0,4.910592999863184,5.683960000055777,2133.3333333333308
random-s0-0058,voronoi,1,0,completed,True,False,3,373,0,,19.227808000209734,0.05154908311048186,2166.666666666664,33.46731600004205,64.73977975000868,130,0,0,0,10840.179390377138,9541.290985328702,59.252653368526076,59.79995827730917,77.3889276490986,20.0,kinematic,False,0,0.0,,,,random,event,1,0,3.894404000106988,3.8258050000195,2166.666666666664
random-s0-0058,prm,1,0,completed,True,False,3,3,0,,12.216257999966729,4.07208599998891,3080.0000000000023,15.953991999936079,193.05513002716452,154,0,0,0,9968.60144446939,9719.011370936933,58.871779953049135,59.8649829955181,74.81788062444934,20.0,kinematic,False,0,0.0,,,,random,once,0,0,12.216257999966729,12.168297000016537,3080.0000000000023
random-s0-0058,prm,1,0,completed,True,False,3,363,0,,92.94661399917459,0.25605127823464074,2133.3333333333308,107.79614000000493,19.790442712821008,128,0,0,0,9968.60144446939,9721.823724189811,58.734140524008005,59.440906265697855,92.09236938825325,20.0,kinematic,False,0,0.0,,,,random,cycle,6,0,11.901361000127508,11.546330999976817,2133.3333333333308
random-s0-0058,prm,1,0,completed,True,False,3,392,0,,24.3930150010101,0.062227079084209436,2333.33333333333,37.991876999967644,61.41663738633701,140,0,0,0,9968.60144446939,10414.107013725496,59.023508804752346,59.43222734842433,81.15972605439708,20.0,kinematic,False,0,0.0,,,,random,event,1,0,11.875887000201146,11.822626000025593,2333.33333333333
random-s0-0058,visibility,1,0,completed,True,False,3,3,0,,10.162206000018159,3.387402000006053,2760.000000000002,13.573408999945968,203.3387485790039,138,0,0,0,9339.571614841938,9154.014075800576,59.38134795703869,59.8649829955181,85.97127962059398,20.0,kinematic,False,0,0.0,,,,random,once,0,0,10.162206000018159,10.09769100005542,2760.000000000002
random-s0-0058,visibility,1,0,completed,True,False,3,356,0,,117.44508799904452,0.32990193258158573,2016.6666666666645,132.07959800001845,15.268570598362835,121,0,0,0,9339.571614841938,9124.88601774148,58.93013779033129,59.440906265697855,92.09236938825325,20.0,kinematic,False,0,0.0,,,,random,cycle,9,0,9.997657000099025,10.08118499999,2016.6666666666645
random-s0-0058,visibility,1,0,completed,True,False,3,355,0,,15.975829999547386,0.045002338026894045,1999.9999999999977,28.139095000028647,71.07549123374301,120,0,0,0,9339.571614841938,9127.15694838587,58.700365539094754,59.440906265697855,92.09236938825325,20.0,kinematic,False,0,0.0,,,,random,event,0,0,10.309183999993365,10.255739999934121,1999.9999999999977
random-s0-0059,voronoi,1,0,completed,True,False,3,3,0,,8.210174000055304,2.736724666685101,8859.9999999999,18.715302000032352,473.4094058425872,443,1,0,1,20290.44441426352,19692.43761813397,58.4263509552178,58.73679806264425,-127.51951318413484,20.0,kinematic,False,0,0.0,,,,random,once,0,0,8.210174000055304,4.094794000025104,8859.9999999999
random-s0-0059,voronoi,1,0,completed,True,False,3,552,0,,489.4168970007513,0.8866248134071582,4299.99999999999,513.0369180000116,8.381463105545736,258,0,13,13,20290.44441426352,16843.633315899067,59.072621724032274,59.247641552692436,-18.84640186101251,20.0,kinematic,False,0,0.0,,,,random,cycle,157,0,7.783246999906623,4.882333000068684,4299.99999999999
random-s0-0059,voronoi,1,0,completed,True,False,3,532,0,,28.73996600112605,0.05402249248331964,4049.999999999991,49.45990999999594,81.88449999202027,243,0,0,0,20290.44441426352,16083.796889517469,59.431326231479,59.90893496821176,24.81244291403624,20.0,kinematic,False,0,0.0,,,,random,event,1,0,8.744618999912745,4.7665939999888,4049.999999999991
random-s0-0059,prm,1,0,completed,True,False,3,3,0,,13.183632000050238,4.394544000016746,5079.99999999998,19.760286000064298,257.08129932853456,254,0,2,2,16367.58297601638,16147.889911815091,58.81631913630182,59.97091198809181,-75.16081340181096,20.0,kinematic,False,0,0.0,,,,random,once,0,0,13.183632000050238,6.591371000013169,5079.99999999998
random-s0-0059,prm,1,0,completed,True,False,3,525,0,,874.1356269995322,1.6650202419038709,3766.6666666666583,899.4744139999966,4.187630696370951,226,0,0,0,16367.58297601638,15732.974791381705,58.88949739454648,59.60717946450134,6.3481427457736,20.0,kinematic,False,0,0.0,,,,random,cycle,125,0,14.171372000078009,8.463066999979674,3766.6666666666583
random-s0-0059,prm,1,0,completed,True,False,3,525,0,,65.99252900070951,0.1257000552394467,3766.6666666666583,85.67131500001324,43.96648594300294,226,0,0,0,16367.58297601638,15738.621918142035,59.38563854452059,59.60717946450134,11.363578892870436,20.0,kinematic,False,0,0.0,,,,random,event,6,0,13.844478000123672,8.422948000088581,3766.6666666666583
random-s0-0059,visibility,1,0,completed,True,False,3,3,0,,19.596645000092394,6.532215000030798,3960.000000000003,24.280110999939097,163.09645371925754,198,0,1,1,15702.665626787355,15525.594535982993,58.36623846229555,58.717012039935426,-13.952161966405612,20.0,kinematic,False,0,0.0,,,,random,once,0,0,19.596645000092394,10.00775500006057,3960.000000000003
random-s0-0059,visibility,1,0,completed,True,False,3,477,0,,849.8907629993937,1.7817416415081628,3049.999999999994,869.6946459999708,3.5069780112226843,183,0,1,1,15702.665626787355,15520.133483089696,59.32895571763188,59.71674409800828,-10.905142435194392,20.0,kinematic,False,0,0.0,,,,random,cycle,84,5,19.495186999961334,11.996153000040977,3049.999999999994
random-s0-0059,visibility,1,0,completed,True,False,3,477,0,,85.62383799915096,0.1795049014657253,3049.999999999994,102.74525500005893,29.685069154757993,183,0,1,1,15702.665626787355,15523.744234540303,59.407316191550485,59.83269633149242,-10.905142435194392,20.0,kinematic,False,0,0.0,,,,random,event,6,5,19.869162999953005,10.039404000053764,3049.999999999994
random-s0-0060,voronoi,1,0,completed,True,False,3,3,0,,3.9946340000369673,1.3315446666789892,5259.999999999975,10.098708999976225,520.8586562908545,263,0,0,0,10086.22049173212,9705.802137226608,58.33365535653282,59.224206927464486,2.4541886088383933,20.0,kinematic,False,0,0.0,,,,random,once,0,0,3.9946340000369673,3.9296940000213,5259.999999999975
random-s0-0060,voronoi,1,0,completed,True,False,3,445,0,,556.497540999203,1.2505562719083214,3333.333333333326,575.5120970000007,5.7919431245827,200,0,0,0,10086.22049173212,8972.96723825266,58.81436366687792,59.15146746170506,5.924564149123853,20.0,kinematic,False,0,0.0,,,,random,cycle,139,3,3.931131999934223,4.025849000072412,3333.333333333326
random-s0-0060,voronoi,1,0,completed,True,False,3,516,0,,43.457630999000685,0.08422021511434241,4133.333333333324,63.896510000063245,64.68793574686994,248,0,0,0,10086.22049173212,9649.461748439957,59.06916128787386,59.77268263282287,2.8393535684331823,20.0,kinematic,False,0,0.0,,,,random,event,2,4,3.9279489999444195,3.9705159999812167,4133.333333333324
random-s0-0060,prm,1,0,completed,True,False,3,3,0,,6.518638999978066,2.1728796666593553,3280.0000000000023,10.491886000068007,312.62253516467314,164,0,0,0,8955.458786197303,8733.21543036514,58.2897178101073,59.224206927464486,2.4541886088383933,20.0,kinematic,False,0,0.0,,,,random,once,0,0,6.518638999978066,6.477797000002283,3280.0000000000023
random-s0-0060,prm,1,0,completed,True,False,3,480,0,,1130.4793299983658,2.3551652708299287,4133.333333333324,1154.3685689999847,3.5806010699979294,248,0,0,0,8955.458786197303,9387.28657260811,59.26997814846654,59.66983363453962,0.04520236227685359,20.0,kinematic,False,0,0.0,,,,random,cycle,174,16,6.552474999921287,8.349160000079792,4133.333333333324
random-s0-0060,prm,1,0,completed,True,False,3,440,0,,29.720817000566058,0.06754731136492285,3083.333333333327,46.00480300007348,67.02198753744044,185,0,0,0,8955.458786197303,10124.502771720141,46.18574956249401,59.906177406848556,0.13235552121633987,20.0,kinematic,False,0,0.0,,,,random,event,2,30,6.315006999898287,6.915816000059749,3083.333333333327
random-s0-0060,visibility,1,0,completed,True,False,3,3,0,,9.260928000003332,3.0869760000011106,2680.000000000002,12.524708999990253,213.97702733070184,134,0,1,1,8476.60450743062,8290.320282351724,58.304607613174305,59.224206927464486,-19.34126042317851,20.0,kinematic,False,0,0.0,,,,random,once,0,0,9.260928000003332,9.224375000030705,2680.000000000002
random-s0-0060,visibility,1,0,completed,True,False,3,379,0,,1138.6843859983173,3.0044442902330273,2683.3333333333285,1155.3138900000022,2.3226011186737514,161,0,1,1,8476.60450743062,8292.221263188905,58.47732000643276,59.15146746170506,-19.471282750241386,20.0,kinematic,False,0,0.0,,,,random,cycle,124,40,9.148138000114159,11.484986999903413,2683.3333333333285
random-s0-0060,visibility,1,0,completed,True,False,3,379,0,,90.24655999894549,0.2381175725565844,2683.3333333333285,104.55752400002893,25.663703870154635,161,0,1,1,8476.60450743062,8294.100087966375,58.72223788464216,59.15146746170506,-19.471282750241386,20.0,kinematic,False,0,0.0,,,,random,event,8,40,9.138978000123643,9.364452999989226,2683.3333333333285
random-s0-0061,voronoi,1,0,completed,True,False,3,3,0,,0.1006879999749799,0.033562666658326634,2620.000000000002,3.337120000082905,785.1081171593808,131,0,0,0,13568.127852714893,13393.459377879593,58.222824945099724,58.96077586279611,131.52217478202567,20.0,kinematic,False,0,0.0,,,,random,once,0,0,0.1006879999749799,0.04527099997631012,2620.000000000002
random-s0-0061,voronoi,1,0,completed,True,False,3,408,0,,29.89599900013218,0.07327450735326514,2616.6666666666624,45.099661999984164,58.01965138159087,157,0,0,0,13568.127852714893,13527.628119955403,58.65632165996883,59.031745672018154,129.5261272843926,20.0,kinematic,False,0,0.0,,,,random,cycle,5,0,0.08357699994121504,3.9175940000859555,2616.6666666666624
random-s0-0061,voronoi,1,0,completed,True,False,3,408,0,,15.695379000931098,0.03846906617875269,2616.6666666666624,30.504746000019622,85.77900195153171,157,0,0,0,13568.127852714893,13537.799094666032,58.55731461475266,59.031745672018154,129.5261272843926,20.0,kinematic,False,0,0.0,,,,random,event,1,0,0.08957899990491569,3.865671999960796,2616.6666666666624
random-s0-0061,prm,1,0,completed,True,False,3,3,0,,0.04884299994500907,0.01628099998166969,2620.000000000002,3.249093000022185,806.378887887208,131,0,0,0,13568.127852714893,13393.459377879593,58.222824945099724,58.96077586279611,131.52217478202567,20.0,kinematic,False,0,0.0,,,,random,once,0,0,0.04884299994500907,0.019402000020818377,2620.000000000002
random-s0-0061,prm,1,0,completed,True,False,3,408,0,,82.69191599970327,0.20267626470515507,2616.6666666666624,99.69776600007663,26.245990975009924,157,0,0,0,13568.127852714893,13558.71389548216,59.10571654982317,59.76557606343073,129.5261272843926,20.0,kinematic,False,0,0.0,,,,random,cycle,5,0,0.5565730000398617,6.509545999961119,2616.6666666666624
random-s0-0061,prm,1,0,completed,True,False,3,409,0,,12.573200000588258,0.030741320294836817,2616.6666666666624,27.12349900002664,96.47231231723062,157,0,0,0,13568.127852714893,13594.325982147198,58.70674959979656,59.031745672018154,129.5261272843926,20.0,kinematic,False,0,0.0,,,,random,event,1,0,0.05874499993296922,6.205969999996341,2616.6666666666624
random-s0-0061,visibility,1,0,completed,True,False,3,3,0,,0.07812800015472021,0.02604266671824007,2620.000000000002,3.185482000048978,822.4814957233217,131,0,0,0,13568.127852714893,13393.459377879593,58.222824945099724,58.96077586279611,131.52217478202567,20.0,kinematic,False,0,0.0,,,,random,once,0,0,0.07812800015472021,0.04813100008504989,2620.000000000002
random-s0-0061,visibility,1,0,completed,True,False,3,405,0,,60.449591999827135,0.14925825185142502,2616.6666666666624,76.50614900001074,34.20204389932494,157,0,0,0,13568.127852714893,13391.296385008478,59.08589159501656,59.70610119901091,129.5261272843926,20.0,kinematic,False,0,0.0,,,,random,cycle,4,0,0.20804199994017836,9.889638999993622,2616.6666666666624
random-s0-0061,visibility,1,0,completed,True,False,3,405,0,,35.85932299961314,0.08854153827064973,2616.6666666666624,50.75778899993111,51.55202222599203,157,0,0,0,13568.127852714893,13391.426736111558,59.09356221380705,59.729113055382385,129.5261272843926,20.0,kinematic,False,0,0.0,,,,random,event,3,0,0.058070999898518494,9.868830999948841,2616.6666666666624
random-s0-0062,voronoi,1,0,completed,True,False,3,3,0,,8.54542800004765,2.8484760000158835,4499.999999999992,14.24401199994918,315.92222753084224,225,0,0,0,13425.042841821254,13053.402859437247,58.551030702962585,58.81924002774334,7.174614660505199,20.0,kinematic,False,0,0.0,,,,random,once,0,0,8.54542800004765,4.302131000031295,4499.999999999992
random-s0-0062,voronoi,1,0,completed,True,False,3,575,0,,862.4818829988499,1.4999684921719127,4916.666666666654,889.7709299999406,5.525766802324035,295,0,1,1,13425.042841821254,12753.320669118131,59.0986138182327,59.27489267107627,-12.196703571357318,20.0,kinematic,False,0,0.0,,,,random,cycle,213,8,8.41851300003782,6.240653999952883,4916.666666666654
random-s0-0062,voronoi,1,0,completed,True,False,3,419,0,,20.67470599979515,0.04934297374652781,2766.6666666666615,36.35610299988912,76.09909859357312,166,0,0,0,13425.042841821254,11344.887211596588,58.875055448691704,59.27489267107627,0.9872317680393792,20.0,kinematic,False,0,0.0,,,,random,event,0,0,8.057138000026498,4.042239999989761,2766.6666666666615
random-s0-0062,prm,1,0,completed,True,False,3,3,0,,12.676007999857575,4.225335999952525,4279.999999999996,17.828296999937265,240.06779783930327,214,0,1,1,12241.069483100775,11951.279916346313,58.779411521330424,59.57463652543555,-16.513765979487147,20.0,kinematic,False,0,0.0,,,,random,once,0,0,12.676007999857575,6.384739999930389,4279.999999999996
random-s0-0062,prm,1,0,completed,True,False,3,464,0,,881.5938140006665,1.8999866681048847,3633.3333333333253,904.4726210000817,4.017073871529602,218,0,0,0,12241.069483100775,11563.08870064472,59.452382079637744,59.58035601539309,0.8779173438127259,20.0,kinematic,False,0,0.0,,,,random,cycle,130,12,12.41654499995093,10.351743000001079,3633.3333333333253
random-s0-0062,prm,1,0,completed,True,False,3,395,0,,27.78459800094879,0.07034075443278175,2516.6666666666624,42.42057200008276,59.326561335895065,151,0,0,0,12241.069483100775,11141.858296301063,59.05459438796054,59.530010739851164,1.6879861829484923,20.0,kinematic,False,0,0.0,,,,random,event,1,12,13.691671999936261,7.210030999999617,2516.6666666666624
random-s0-0062,visibility,1,0,completed,True,False,3,3,0,,17.259926000065207,5.753308666688402,3060.0000000000023,21.027187999948183,145.52587821098774,153,0,1,1,11089.100033592402,10910.005159654731,58.566773147104065,58.967842447905845,-8.877483496699739,20.0,kinematic,False,0,0.0,,,,random,once,0,0,17.259926000065207,8.82758400007333,3060.0000000000023
random-s0-0062,visibility,1,0,completed,True,False,3,459,0,,1604.8844340014057,3.4964802483690756,3066.6666666666606,1626.8487449999611,1.8850349032704536,184,0,1,1,11089.100033592402,10908.444116299865,58.76908586827077,59.27489267107627,-8.947220342320037,20.0,kinematic,False,0,0.0,,,,random,cycle,177,17,17.538147000095705,11.63835200009089,3066.6666666666606
random-s0-0062,visibility,1,0,completed,True,False,3,460,0,,80.25523099922793,0.17446789347658245,3066.6666666666606,97.32290499994178,31.510225333578926,184,0,1,1,11089.100033592402,10908.61936421609,58.723744055835674,59.27489267107627,-8.947220342320037,20.0,kinematic,False,0,0.0,,,,random,event,6,5,17.00846999995065,9.454636999976174,3066.6666666666606
random-s0-0063,voronoi,1,0,completed,True,False,3,3,0,,4.212224000070819,1.404074666690273,4000.0000000000027,9.014180999997734,443.74524984588265,200,1,0,1,9062.992696292209,8727.454786829581,59.05507486120144,59.47155165734693,-37.480428187653786,20.0,kinematic,False,0,0.0,,,,random,once,0,0,4.212224000070819,4.128301000037027,4000.0000000000027
random-s0-0063,voronoi,1,0,completed,True,False,3,331,0,,20.937528000104066,0.06325537160152286,1933.3333333333314,33.25039900005322,58.144665672440105,116,0,0,0,9062.992696292209,7090.628154909201,58.73420410459345,59.39850840155871,5.585760988795926,20.0,kinematic,False,0,0.0,,,,random,cycle,2,0,4.046157999823663,3.979039999990164,1933.3333333333314
random-s0-0063,voronoi,1,0,completed,True,False,3,331,0,,13.65640399910717,0.041258018124190846,1933.3333333333314,25.725091000026623,75.15360522267271,116,0,0,0,9062.992696292209,7090.628154909201,58.73420410459345,59.39850840155871,5.585760988795926,20.0,kinematic,False,0,0.0,,,,random,event,0,0,4.14442799990411,4.069663999985096,1933.3333333333314
random-s0-0063,prm,1,0,completed,True,False,3,3,0,,6.759663000025284,2.2532210000084283,3100.0000000000023,10.459574000037719,296.3791833193994,155,1,0,1,8421.219145136856,8128.614297410123,59.28182196342872,59.47155165734693,-147.9980595077307,20.0,kinematic,False,0,0.0,,,,random,once,0,0,6.759663000025284,6.716842000059842,3100.0000000000023
random-s0-0063,prm,1,0,completed,True,False,3,329,0,,48.578255999814246,0.1476542735556664,1899.9999999999982,62.41954100005387,30.439185703053447,114,0,0,0,8421.219145136856,7101.172987379785,58.935301501787585,59.39850840155871,9.776122480768208,20.0,kinematic,False,0,0.0,,,,random,cycle,0,0,6.755555999916396,6.392446999939239,1899.9999999999982
random-s0-0063,prm,1,0,completed,True,False,3,329,0,,11.772513000437357,0.03578271428704364,1899.9999999999982,23.19185099997867,81.92532799567165,114,0,0,0,8421.219145136856,7101.172987379785,58.935301501787585,59.39850840155871,9.776122480768208,20.0,kinematic,False,0,0.0,,,,random,event,0,0,6.633086000078947,6.581132999940564,1899.9999999999982
random-s0-0063,visibility,1,0,completed,True,False,3,3,0,,9.094670999957088,3.031556999985696,2800.000000000002,12.515200999928311,223.72792894145613,140,0,0,0,7256.115641415063,7078.5043885906625,59.1770997174418,59.47155165734693,9.209613662757448,20.0,kinematic,False,0,0.0,,,,random,once,0,0,9.094670999957088,9.054214000002503,2800.000000000002
random-s0-0063,visibility,1,0,completed,True,False,3,355,0,,380.4495180019103,1.0716887831039728,2333.33333333333,395.4547390000016,5.900380253967118,140,0,0,0,7256.115641415063,7078.867434229927,59.013495218306296,59.543326405662064,0.7453042451964791,20.0,kinematic,False,0,0.0,,,,random,cycle,39,0,8.974782999871422,9.5883200000344,2333.33333333333
random-s0-0063,visibility,1,0,completed,True,False,3,355,0,,14.804510000203663,0.04170284507099623,2333.33333333333,27.96858300007443,83.42694134082947,140,0,0,0,7256.115641415063,7078.867434229927,59.013495218306296,59.543326405662064,0.7453042451964791,20.0,kinematic,False,0,0.0,,,,random,event,0,0,8.873704999928123,8.818948999987697,2333.33333333333
random-s0-0064,voronoi,1,0,completed,True,False,3,3,0,,0.10307599995940109,0.034358666653133696,2160.0000000000014,2.8066050000461473,769.6131090639708,108,0,0,0,12159.077688395264,11982.24455154957,58.944378948566055,59.42921784264119,27.565273884802025,20.0,kinematic,False,0,0.0,,,,random,once,0,0,0.10307599995940109,0.0473009999950591,2160.0000000000014
random-s0-0064,voronoi,1,0,completed,True,False,3,428,0,,217.0826000008219,0.5072023364505185,2816.6666666666615,234.52194699996198,12.010247666360701,169,0,0,0,12159.077688395264,12618.715405959048,58.64372709877917,58.98158689494626,162.35256431206176,20.0,kinematic,False,0,0.0,,,,random,cycle,53,0,0.08555499994145066,4.305552999994688,2816.6666666666615
random-s0-0064,voronoi,1,0,completed,True,False,3,409,0,,15.930319999711173,0.03894943765210556,2499.999999999996,30.877838000037627,80.9642177667021,150,0,0,0,12159.077688395264,12111.739786632521,58.649085386613926,58.98158689494626,155.9493254471762,20.0,kinematic,False,0,0.0,,,,random,event,1,0,0.11223000001336914,3.967217999957029,2499.999999999996
random-s0-0064,prm,1,0,completed,True,False,3,3,0,,0.074271000016779,0.024757000005593,2160.0000000000014,2.774566000084633,778.5001329700266,108,0,0,0,12159.077688395264,11982.24455154957,58.944378948566055,59.42921784264119,27.565273884802025,20.0,kinematic,False,0,0.0,,,,random,once,0,0,0.074271000016779,0.03909700001258898,2160.0000000000014
random-s0-0064,prm,1,0,completed,True,False,3,405,0,,159.24682599938933,0.39320203950466504,2433.3333333333294,176.6919729999472,13.771612213159544,146,0,0,0,12159.077688395264,12457.74917027361,58.80038963140242,58.98158689494626,25.688864296604123,20.0,kinematic,False,0,0.0,,,,random,cycle,17,0,0.5648940000355651,6.778980000035517,2433.3333333333294
random-s0-0064,prm,1,0,completed,True,False,3,405,0,,13.191516000574666,0.03257164444586337,2433.3333333333294,27.519222000023547,88.42304238583661,146,0,0,0,12159.077688395264,12457.74917027361,58.80038963140242,58.98158689494626,25.688864296604123,20.0,kinematic,False,0,0.0,,,,random,event,1,0,0.05872399992767896,6.578410999964035,2433.3333333333294
random-s0-0064,visibility,1,0,completed,True,False,3,3,0,,0.04979800007731683,0.01659933335910561,2160.0000000000014,2.722937000044112,793.26110004198,108,0,0,0,12159.077688395264,11982.24455154957,58.944378948566055,59.42921784264119,27.565273884802025,20.0,kinematic,False,0,0.0,,,,random,once,0,0,0.04979800007731683,0.019806000068456342,2160.0000000000014
random-s0-0064,visibility,1,0,completed,True,False,3,402,0,,316.87751499964634,0.7882525248747422,2383.33333333333,332.9216610000003,7.158841290694292,143,0,0,0,12159.077688395264,11990.403711519559,58.58071969335871,58.98158689494626,162.35256431206176,20.0,kinematic,False,0,0.0,,,,random,cycle,31,0,0.25498100001186685,11.356218000059926,2383.33333333333
random-s0-0064,visibility,1,0,completed,True,False,3,401,0,,73.18963299815096,0.1825177880253141,2366.6666666666633,87.4985469999956,27.048068200112883,142,0,0,0,12159.077688395264,11992.156434696133,58.97952127815205,59.26701260822354,162.35256431206176,20.0,kinematic,False,0,0.0,,,,random,event,7,0,0.05916599991451221,9.760864999975638,2366.6666666666633
random-s0-0065,voronoi,1,0,completed,True,False,3,3,0,,0.10348799992243585,0.034495999974145285,2020.0000000000014,2.6217240000505626,770.4853752572901,101,1,1,2,9023.542331164104,8847.574845432486,58.655828577207366,59.22541229848758,-148.95080265479558,20.0,kinematic,False,0,0.0,,,,random,once,0,0,0.10348799992243585,0.046452999981738685,2020.0000000000014
random-s0-0065,voronoi,1,0,completed,True,False,3,388,0,,249.80764700069358,0.6438341417543649,2583.333333333329,265.3695900000912,9.73485067875502,155,0,0,0,9023.542331164104,10004.020982108712,59.36572287319574,59.99318536838067,1.4549363788180756,20.0,kinematic,False,0,0.0,,,,random,cycle,56,5,0.11203200006093539,4.192191000015555,2583.333333333329
random-s0-0065,voronoi,1,0,completed,True,False,3,422,0,,40.86442400080159,0.09683512796398482,3233.3333333333267,57.39378599992051,56.33594782086348,194,0,0,0,9023.542331164104,9947.479416065236,58.80460613502879,59.09948488986864,0.29814567790060664,20.0,kinematic,False,0,0.0,,,,random,event,4,3,0.0894270000344477,4.134869999916191,3233.3333333333267
random-s0-0065,prm,1,0,completed,True,False,3,3,0,,0.04958299996360438,0.016527666654534794,2020.0000000000014,2.6161030000366736,772.1408522415533,101,1,1,2,9023.542331164104,8847.574845432486,58.655828577207366,59.22541229848758,-148.95080265479558,20.0,kinematic,False,0,0.0,,,,random,once,0,0,0.04958299996360438,0.01942100004725944,2020.0000000000014
random-s0-0065,prm,1,0,completed,True,False,3,369,0,,159.83760199810604,0.4331642330571979,2216.666666666664,175.84277599996767,12.605958101270373,133,0,0,0,9023.542331164104,9018.316715417062,58.96741293805551,59.750677248550936,3.139288379070422,20.0,kinematic,False,0,0.0,,,,random,cycle,18,29,0.5868240001518643,6.892053000001397,2216.666666666664
random-s0-0065,prm,1,0,completed,True,False,3,372,0,,46.12512799906199,0.12399227956737094,2233.3333333333303,59.58857300004183,37.47922161740242,134,0,1,1,9023.542331164104,9074.558500152221,59.050420189012016,59.66971536430939,-5.442810713469015,20.0,kinematic,False,0,0.0,,,,random,event,6,21,0.05962099999123893,6.916863000014928,2233.3333333333303
random-s0-0065,visibility,1,0,completed,True,False,3,3,0,,0.05036799996105401,0.016789333320351336,2020.0000000000014,2.6320120000491443,767.4737045128535,101,1,1,2,9023.542331164104,8847.574845432486,58.655828577207366,59.22541229848758,-148.95080265479558,20.0,kinematic,False,0,0.0,,,,random,once,0,0,0.05036799996105401,0.02056000005268288,2020.0000000000014
random-s0-0065,visibility,1,0,completed,True,False,3,352,0,,64.7666380004921,0.18399613068321619,2033.333333333331,78.58345400006783,25.874827712861485,122,1,1,2,9023.542331164104,8849.51114645459,59.06216757714907,59.70654127350288,-153.6460287927468,20.0,kinematic,False,0,0.0,,,,random,cycle,5,43,0.18393900006685726,9.402081000075668,2033.333333333331
random-s0-0065,visibility,1,0,completed,True,False,3,352,0,,54.76846500141619,0.15559223011765963,2033.333333333331,67.12688000004619,30.29089588748847,122,1,1,2,9023.542331164104,8849.51114645459,59.06216757714907,59.70654127350288,-153.6460287927468,20.0,kinematic,False,0,0.0,,,,random,event,5,43,0.06017299995164649,9.85266399993634,2033.333333333331
random-s0-0066,voronoi,1,0,completed,True,False,3,3,0,,4.052569999885236,1.350856666628412,2820.0000000000023,7.454553000002306,378.29230002109176,141,0,0,0,10316.804962386786,9971.222101535679,58.456937019922286,59.7827015895118,9.195245671137172,20.0,kinematic,False,0,0.0,,,,random,once,0,0,4.052569999885236,3.979823999998189,2820.0000000000023
random-s0-0066,voronoi,1,0,completed,True,False,3,349,0,,43.22829799889405,0.12386331804840701,2316.6666666666633,56.7822419999402,40.799140454318504,139,0,0,0,10316.804962386786,8919.326110376625,59.23261761539308,59.70655846274394,9.77076282737869,20.0,kinematic,False,0,0.0,,,,random,cycle,8,0,3.8130799999862575,3.8490240000328413,2316.6666666666633
random-s0-0066,voronoi,1,0,completed,True,False,3,349,0,,14.005003999955079,0.04012895128926957,2316.6666666666633,26.971670999955677,85.89258954962303,139,0,0,0,10316.804962386786,8890.547808009456,59.25981505026747,59.788150767367114,9.77076282737869,20.0,kinematic,False,0,0.0,,,,random,event,0,0,3.919841999959317,3.858659999991687,2316.6666666666633
random-s0-0066,prm,1,0,completed,True,False,3,3,0,,6.6269150000835,2.2089716666945,2940.0000000000023,10.256774999902518,286.6398063746104,147,0,0,0,10863.657379132197,10487.65574503179,58.88054928520367,59.7827015895118,9.195245671137172,20.0,kinematic,False,0,0.0,,,,random,once,0,0,6.6269150000835,6.590636000055383,2940.0000000000023
random-s0-0066,prm,1,0,completed,True,False,3,347,0,,111.10416699852976,0.32018491930412035,2316.6666666666633,125.63575900003343,18.439548462202126,139,0,0,0,10863.657379132197,8943.396070254505,59.249051547341935,59.755860258590495,9.77076282737869,20.0,kinematic,False,0,0.0,,,,random,cycle,10,0,6.50534700002936,6.36606299997311,2316.6666666666633
random-s0-0066,prm,1,0,completed,True,False,3,347,0,,11.895261000290702,0.03428029106712018,2316.6666666666633,24.506300999973973,94.53351065381608,139,0,0,0,10863.657379132197,8943.396070254505,59.249051547341935,59.755860258590495,9.77076282737869,20.0,kinematic,False,0,0.0,,,,random,event,0,0,6.340086999898631,6.293920999951297,2316.6666666666633
random-s0-0066,visibility,1,0,completed,True,False,3,3,0,,9.85533999994459,3.285113333314863,2300.000000000002,12.72371100003511,180.76487276343005,115,0,0,0,8848.394753230521,8671.911077093733,58.731450021749936,59.7827015895118,9.195245671137172,20.0,kinematic,False,0,0.0,,,,random,once,0,0,9.85533999994459,9.821558999988156,2300.000000000002
random-s0-0066,visibility,1,0,completed,True,False,3,349,0,,85.96514099963315,0.2463184555863414,2316.6666666666633,100.15664400009427,23.13043422925076,139,0,0,0,8848.394753230521,8672.713290372812,59.1266947980504,59.46169142007339,9.77076282737869,20.0,kinematic,False,0,0.0,,,,random,cycle,6,0,9.629227999994328,9.739160999970409,2316.6666666666633
random-s0-0066,visibility,1,0,completed,True,False,3,350,0,,44.1372699999647,0.12610648571418487,2316.6666666666633,56.8314529999725,40.76381201564184,139,0,0,0,8848.394753230521,8674.34657541626,58.763522857024725,59.46169142007339,9.77076282737869,20.0,kinematic,False,0,0.0,,,,random,event,3,0,9.74177300008705,9.698182000079214,2316.6666666666633
random-s0-0067,voronoi,1,0,completed,True,False,3,3,0,,4.039703999978883,1.346567999992961,5399.999999999973,10.366885000053117,520.8893510415428,270,0,0,0,16357.725454425283,15994.178987521027,58.40566740576963,59.31408946691787,65.5195648510794,20.0,kinematic,False,0,0.0,,,,random,once,0,0,4.039703999978883,3.966975000025741,5399.999999999973
random-s0-0067,voronoi,1,0,completed,True,False,3,430,0,,119.09402500066335,0.276962848838752,2683.3333333333285,135.4971819999946,19.803609888605912,161,0,0,0,16357.725454425283,14496.154564961487,59.625962059347565,59.97422680841824,66.54206148917228,20.0,kinematic,False,0,0.0,,,,random,cycle,27,0,3.9419689998112517,4.155441999955656,2683.3333333333285
random-s0-0067,voronoi,1,0,completed,True,False,3,496,0,,30.440111999155306,0.061371193546684084,3749.9999999999914,49.80835000003481,75.28858113142417,225,0,0,0,16357.725454425283,15678.309180559168,59.639481117798034,59.98029597526528,9.201770533939339,20.0,kinematic,False,0,0.0,,,,random,event,3,0,4.024169000103939,3.962758000056965,3749.9999999999914
random-s0-0067,prm,1,0,completed,True,False,3,3,0,,8.072212000115542,2.6907373333718474,3220.0000000000023,11.927695000053973,269.95995454154655,161,0,0,0,15548.186217309323,15246.45741052311,58.789754525429224,59.31408946691787,65.5195648510794,20.0,kinematic,False,0,0.0,,,,random,once,0,0,8.072212000115542,8.033485000055407,3220.0000000000023
random-s0-0067,prm,1,0,completed,True,False,3,430,0,,237.08115499846372,0.5513515232522412,2783.3333333333285,255.8156830000371,10.880229471048203,167,0,0,0,15548.186217309323,14545.687675101834,59.20740393815539,59.97422680841824,23.02727060885951,20.0,kinematic,False,0,0.0,,,,random,cycle,29,0,6.601277999948252,6.858061000002635,2783.3333333333285
random-s0-0067,prm,1,0,completed,True,False,3,440,0,,32.17767899946011,0.07313108863513662,2966.666666666661,47.99998299995423,61.805577445089725,178,0,0,0,15548.186217309323,14881.266128912184,59.35759158400097,59.97422680841824,23.02727060885951,20.0,kinematic,False,0,0.0,,,,random,event,3,0,6.317276999993737,6.345102999944174,2966.666666666661
random-s0-0067,visibility,1,0,completed,True,False,3,3,0,,9.855202000039753,3.2850673333465843,2700.000000000002,13.191839000000982,204.6719945566195,135,0,1,1,14138.127727160834,13956.498290240903,58.71652516367741,59.31408946691787,-1.9073711699291493,20.0,kinematic,False,0,0.0,,,,random,once,0,0,9.855202000039753,9.812274999944748,2700.000000000002
random-s0-0067,visibility,1,0,completed,True,False,3,465,0,,649.1159780005091,1.395948339786041,2866.6666666666615,668.5721879999846,4.287744417311489,172,0,0,0,14138.127727160834,13993.825677796516,59.2969147473554,59.97422680841824,46.14622530674143,20.0,kinematic,False,0,0.0,,,,random,cycle,69,0,8.945662999963133,15.442510000070797,2866.6666666666615
random-s0-0067,visibility,1,0,completed,True,False,3,474,0,,71.19853000017429,0.15020786919867993,3016.666666666661,88.63764499994886,34.033696029135264,181,0,0,0,14138.127727160834,13977.502988710934,59.39946786466091,59.97422680841824,66.41587829786585,20.0,kinematic,False,0,0.0,,,,random,event,6,0,8.654272000057972,9.401557000046523,3016.666666666661
random-s0-0068,voronoi,1,0,completed,True,False,3,3,0,,8.056732999989435,2.685577666663145,6279.999999999954,15.592071000014585,402.7688175608025,314,0,0,0,17104.445337011613,16469.927744095454,58.932468701097605,59.87636807242994,64.83298555093577,20.0,kinematic,False,0,0.0,,,,random,once,0,0,8.056732999989435,4.080176000002211,6279.999999999954
random-s0-0068,voronoi,1,0,completed,True,False,3,423,0,,151.8737810007451,0.35903967139656057,2649.9999999999955,167.9838649999965,15.775324612277796,159,0,0,0,17104.445337011613,13279.714390136052,59.19751698018266,59.99485747589971,14.711974956023454,20.0,kinematic,False,0,0.0,,,,random,cycle,34,0,7.904772000074445,4.180149999911009,2649.9999999999955
random-s0-0068,voronoi,1,0,completed,True,False,3,459,0,,26.150938999649043,0.05697372331078223,2783.3333333333285,43.35471199999574,64.19909635966678,167,0,0,0,17104.445337011613,14266.336462415344,59.09382427496462,59.5695336456376,3.468391780516299,20.0,kinematic,False,0,0.0,,,,random,event,1,0,8.223772999940593,4.153970999936973,2783.3333333333285
random-s0-0068,prm,1,0,completed,True,False,3,3,0,,12.87919299988971,4.29306433329657,4379.9999999999945,18.09279899998728,242.08526276133802,219,0,0,0,14547.310028680768,14204.275248929305,58.51570820922316,58.89741617437396,78.39432308815014,20.0,kinematic,False,0,0.0,,,,random,once,0,0,12.87919299988971,6.760666999980458,4379.9999999999945
random-s0-0068,prm,1,0,completed,True,False,3,406,0,,235.84576699988702,0.5809009039406084,2566.6666666666624,254.01144099998874,10.10453173511494,154,0,1,1,14547.310028680768,12955.255562810158,58.60348913793596,58.71876389495791,-0.924739806400737,20.0,kinematic,False,0,0.0,,,,random,cycle,28,1,12.36662500014063,6.667945999993208,2566.6666666666624
random-s0-0068,prm,1,0,completed,True,False,3,407,0,,25.878928000793167,0.0635845896825385,2566.6666666666624,40.35802999999305,63.597422041341076,154,0,1,1,14547.310028680768,12962.679564172144,58.507523693997264,58.71876389495791,-0.924739806400737,20.0,kinematic,False,0,0.0,,,,random,event,1,1,12.911346000123558,6.6313390000232175,2566.6666666666624
random-s0-0068,visibility,1,0,completed,True,False,3,3,0,,17.231992000006358,5.743997333335453,3480.0000000000027,21.400218999929166,162.61515828466622,174,0,1,1,13025.143920025985,12843.461673665377,59.05920645314308,59.62231140085783,-129.93887645058,20.0,kinematic,False,0,0.0,,,,random,once,0,0,17.231992000006358,8.671587999970143,3480.0000000000027
random-s0-0068,visibility,1,0,completed,True,False,3,595,0,,2174.639956999272,3.6548570705870116,4633.333333333322,2202.837979999913,2.103347307155792,278,0,0,0,13025.143920025985,13185.599928618303,59.6876498924187,59.80954921773651,2.0747075091650515,20.0,kinematic,False,0,0.0,,,,random,cycle,235,0,16.73194400018474,14.45402699994247,4633.333333333322
random-s0-0068,visibility,1,0,completed,True,False,3,614,0,,1397.2275310001123,2.2756148713356876,4649.999999999989,1423.6586299999772,3.266232439443762,279,0,1,1,13025.143920025985,13224.093237219013,58.96910615355058,59.65800922895514,-5.056966560365794,20.0,kinematic,False,0,0.0,,,,random,event,150,1,17.367102999969575,14.865804999999455,4649.999999999989
random-s0-0069,voronoi,1,0,completed,True,False,3,3,0,,0.09959200008324842,0.033197333361082805,3100.0000000000023,3.701740999986214,837.4437865889448,155,0,0,0,16241.594477646855,16065.183646224357,58.803610474166675,59.528199467159176,3.7676523880761863,20.0,kinematic,False,0,0.0,,,,random,once,0,0,0.09959200008324842,0.04555900000013935,3100.0000000000023
random-s0-0069,voronoi,1,0,completed,True,False,3,440,0,,53.514871999595925,0.12162470908999073,3166.66666666666,70.46472000001813,44.93974667983986,190,0,0,0,16241.594477646855,16076.511610013964,59.06340120605455,59.577335622136424,2.6317264023678604,20.0,kinematic,False,0,0.0,,,,random,cycle,11,0,0.08913899989693164,3.9031439999916984,3166.66666666666
random-s0-0069,voronoi,1,0,completed,True,False,3,440,0,,16.732015000570755,0.03802730681947899,3166.66666666666,33.31905499999266,95.04071068844414,190,0,0,0,16241.594477646855,16081.868304518719,59.17472129864456,59.91129589990648,2.6317264023678604,20.0,kinematic,False,0,0.0,,,,random,event,1,0,0.0883579998571804,3.8633269999763797,3166.66666666666
random-s0-0069,prm,1,0,completed,True,False,3,3,0,,0.05268100005650922,0.01756033335216974,3100.0000000000023,3.8057919999801015,814.5479311576173,155,0,0,0,16241.594477646855,16065.183646224357,58.803610474166675,59.528199467159176,3.7676523880761863,20.0,kinematic,False,0,0.0,,,,random,once,0,0,0.05268100005650922,0.02175800000259187,3100.0000000000023
random-s0-0069,prm,1,0,completed,True,False,3,438,0,,107.69570900026793,0.24588061415586285,3133.333333333327,126.71437200003766,24.727529197180537,188,0,0,0,16241.594477646855,16128.712106777324,58.564955490004,59.54316206005893,2.6317264023678604,20.0,kinematic,False,0,0.0,,,,random,cycle,9,0,0.6299330001411363,6.0987660000364485,3133.333333333327
random-s0-0069,prm,1,0,completed,True,False,3,438,0,,12.609961998919061,0.02878986757744078,3133.333333333327,28.496946000018397,109.95330283221593,188,0,0,0,16241.594477646855,16128.712106777324,58.564955490004,59.54316206005893,2.6317264023678604,20.0,kinematic,False,0,0.0,,,,random,event,1,0,0.05926699998326512,5.599495999945248,3133.333333333327
random-s0-0069,visibility,1,0,completed,True,False,3,3,0,,0.049301000103696424,0.01643366670123214,3100.0000000000023,3.6803180000788416,842.3185170231466,155,0,0,0,16241.594477646855,16065.183646224357,58.803610474166675,59.528199467159176,3.7676523880761863,20.0,kinematic,False,0,0.0,,,,random,once,0,0,0.049301000103696424,0.01959200005785533,3100.0000000000023
random-s0-0069,visibility,1,0,completed,True,False,3,437,0,,138.1365790006157,0.31610201144305655,3116.6666666666606,156.22255900007076,19.950170363457232,187,0,0,0,16241.594477646855,16065.923936044139,58.632346162407764,59.54316206005893,2.6317264023678604,20.0,kinematic,False,0,0.0,,,,random,cycle,12,0,0.19242200016833522,10.051517000079002,3116.6666666666606
random-s0-0069,visibility,1,0,completed,True,False,3,437,0,,73.92766199973266,0.1691708512579695,3116.6666666666606,89.97038400002566,34.64102883750915,187,0,0,0,16241.594477646855,16066.08665643947,58.63368066166936,59.54316206005893,2.6317264023678604,20.0,kinematic,False,0,0.0,,,,random,event,7,0,0.05999199981943093,9.810146000063469,3116.6666666666606
random-s0-0070,voronoi,1,0,completed,True,False,3,3,0,,0.10350100001232931,0.0345003333374431,2280.0000000000014,2.9204749999962587,780.6949212038871,114,0,0,0,11238.361452735357,11062.02470294418,58.778916597056174,59.339947740193736,2.807746903211722,20.0,kinematic,False,0,0.0,,,,random,once,0,0,0.10350100001232931,0.04664300001877564,2280.0000000000014
random-s0-0070,voronoi,1,0,completed,True,False,3,377,0,,10.129348999271315,0.026868299732815158,2283.3333333333303,23.799654000072223,95.93977010448981,137,0,0,0,11238.361452735357,11062.547486851507,58.604655294615384,59.093288961357565,2.0921857707067204,20.0,kinematic,False,0,0.0,,,,random,cycle,0,0,0.10692700004710787,0.05980800006000209,2283.3333333333303
random-s0-0070,voronoi,1,0,completed,True,False,3,377,0,,10.905016999799955,0.028925774535278396,2283.3333333333303,24.572009000053185,92.92416152575835,137,0,0,0,11238.361452735357,11062.547486851507,58.604655294615384,59.093288961357565,2.0921857707067204,20.0,kinematic,False,0,0.0,,,,random,event,0,0,0.08720499999981257,0.06317000008948526,2283.3333333333303
random-s0-0070,prm,1,0,completed,True,False,3,3,0,,0.0479630000427278,0.015987666680909268,2280.0000000000014,2.8128559999913705,810.5640672707725,114,0,0,0,11238.361452735357,11062.02470294418,58.778916597056174,59.339947740193736,2.807746903211722,20.0,kinematic,False,0,0.0,,,,random,once,0,0,0.0479630000427278,0.01982100002351217,2280.0000000000014
random-s0-0070,prm,1,0,completed,True,False,3,377,0,,57.91112600104498,0.15361041379587528,2283.3333333333303,73.43032900007529,31.095234958445975,137,0,0,0,11238.361452735357,11062.547486851507,58.604655294615384,59.093288961357565,2.0921857707067204,20.0,kinematic,False,0,0.0,,,,random,cycle,0,0,0.5581460000030347,8.255401000042184,2283.3333333333303
random-s0-0070,prm,1,0,completed,True,False,3,377,0,,5.874601999948936,0.015582498673604606,2283.3333333333303,19.275057000072593,118.46052301296598,137,0,0,0,11238.361452735357,11062.547486851507,58.604655294615384,59.093288961357565,2.0921857707067204,20.0,kinematic,False,0,0.0,,,,random,event,0,0,0.05760500005180802,0.04893800007721438,2283.3333333333303
random-s0-0070,visibility,1,0,completed,True,False,3,3,0,,0.0497669999504069,0.016588999983468966,2280.0000000000014,2.773161000050095,822.1664735508739,114,0,0,0,11238.361452735357,11062.02470294418,58.778916597056174,59.339947740193736,2.807746903211722,20.0,kinematic,False,0,0.0,,,,random,once,0,0,0.0497669999504069,0.020382000002427958,2280.0000000000014
random-s0-0070,visibility,1,0,completed,True,False,3,377,0,,20.674858001598295,0.05484047215278062,2283.3333333333303,35.506690000033814,64.30713010227525,137,0,0,0,11238.361452735357,11062.547486851507,58.604655294615384,59.093288961357565,2.0921857707067204,20.0,kinematic,False,0,0.0,,,,random,cycle,0,0,0.2006200001005709,0.6803250000757544,2283.3333333333303
random-s0-0070,visibility,1,0,completed,True,False,3,377,0,,5.761189000622835,0.015281668436665344,2283.3333333333303,18.916170000011334,120.70801506499267,137,0,0,0,11238.361452735357,11062.547486851507,58.604655294615384,59.093288961357565,2.0921857707067204,20.0,kinematic,False,0,0.0,,,,random,event,0,0,0.0554599999986749,0.043842000081895094,2283.3333333333303
random-s0-0071,voronoi,1,0,completed,True,False,3,3,0,,0.1018849999354643,0.033961666645154764,2340.000000000002,2.9810890000590007,784.9480508477571,117,1,0,1,9541.013617277564,9363.612993324345,59.13354131773915,59.749746630293714,-145.43877256061538,20.0,kinematic,False,0,0.0,,,,random,once,0,0,0.1018849999354643,0.04630000000815926,2340.000000000002
random-s0-0071,voronoi,1,0,completed,True,False,3,401,0,,229.7418659993582,0.5729223591006439,2349.9999999999964,244.9079680000068,9.59544117404923,141,0,0,0,9541.013617277564,10232.417493839614,58.52237349319278,58.96911817604274,29.901377909923298,20.0,kinematic,False,0,0.0,,,,random,cycle,55,0,0.08166699990397319,16.253555000048436,2349.9999999999964
random-s0-0071,voronoi,1,0,completed,True,False,3,468,0,,25.564130997736356,0.05462421153362469,3033.3333333333276,42.90265199995247,70.70269999478559,182,0,0,0,9541.013617277564,11333.285347777415,58.74482017007555,59.108165633271604,31.16979904759137,20.0,kinematic,False,0,0.0,,,,random,event,3,0,0.09066199993412738,3.8107149999859757,3033.3333333333276
random-s0-0071,prm,1,0,completed,True,False,3,3,0,,0.05043599992404779,0.016811999974682596,2340.000000000002,2.8878410000743315,810.2939185155178,117,1,0,1,9541.013617277564,9363.612993324345,59.13354131773915,59.749746630293714,-145.43877256061538,20.0,kinematic,False,0,0.0,,,,random,once,0,0,0.05043599992404779,0.020844000005126873,2340.000000000002
random-s0-0071,prm,1,0,completed,True,False,3,358,0,,76.59847699903821,0.21396222625429667,2349.9999999999964,91.45582299993293,25.69546610500372,141,0,0,0,9541.013617277564,9602.189717270827,59.407563876552594,59.912222374589746,85.54120207606206,20.0,kinematic,False,0,0.0,,,,random,cycle,5,0,0.5458959999486979,6.456110999920384,2349.9999999999964
random-s0-0071,prm,1,0,completed,True,False,3,358,0,,12.20379099981983,0.03408880167547439,2349.9999999999964,25.137550000067677,93.48564199747666,141,0,0,0,9541.013617277564,9602.189717270827,59.407563876552594,59.912222374589746,85.54120207606206,20.0,kinematic,False,0,0.0,,,,random,event,1,0,0.05695799984550831,6.496147999996538,2349.9999999999964
random-s0-0071,visibility,1,0,completed,True,False,3,3,0,,0.07836299994323781,0.02612099998107927,2340.000000000002,2.8773809999620426,813.2395397171491,117,1,0,1,9541.013617277564,9363.612993324345,59.13354131773915,59.749746630293714,-145.43877256061538,20.0,kinematic,False,0,0.0,,,,random,once,0,0,0.07836299994323781,0.04056399995988613,2340.000000000002
random-s0-0071,visibility,1,0,completed,True,False,3,409,0,,364.934923999499,0.8922614278716358,2449.9999999999964,381.05393099999674,6.429536085798882,147,1,0,1,9541.013617277564,9473.839037216445,58.44705238455422,58.96911817604274,-158.1562639219339,20.0,kinematic,False,0,0.0,,,,random,cycle,36,38,0.22860600006424647,10.183331000007456,2449.9999999999964
random-s0-0071,visibility,1,0,completed,True,False,3,409,0,,274.29694499869584,0.670652677258425,2449.9999999999964,289.73376299995834,8.45603900157245,147,1,0,1,9541.013617277564,9472.780724518936,58.45055706331482,58.96911817604274,-158.80817979067123,20.0,kinematic,False,0,0.0,,,,random,event,27,38,0.06328899996788095,13.82584800001041,2449.9999999999964
random-s0-0072,voronoi,1,0,completed,True,False,3,3,0,,7.924683000055666,2.641561000018555,5759.999999999965,14.733768000041891,390.93869266731963,288,1,0,1,16614.203609086693,15975.367763022088,58.73905445095598,59.06060039016207,-145.40092046191236,20.0,kinematic,False,0,0.0,,,,random,once,0,0,7.924683000055666,3.9862009999751535,5759.999999999965
random-s0-0072,voronoi,1,0,completed,True,False,3,647,0,,581.7000990023189,0.899072795985037,5916.666666666651,611.0551680000071,9.682704568283075,355,0,3,3,16614.203609086693,16961.90695217617,58.74747519988072,59.47841716440945,-34.68499578443249,20.0,kinematic,False,0,0.0,,,,random,cycle,257,0,7.815262000235634,5.011746999912248,5916.666666666651
random-s0-0072,voronoi,1,0,completed,True,False,3,614,0,,79.95791899952565,0.13022462377772906,5166.666666666653,106.05586400004086,48.71646386912338,310,0,1,1,16614.203609086693,16026.087058658659,58.7664517475176,59.47841716440945,-21.70662483375156,20.0,kinematic,False,0,0.0,,,,random,event,46,0,7.894124000017655,4.868932999897879,5166.666666666653
random-s0-0072,prm,1,0,completed,True,False,3,3,0,,12.456564999979491,4.152188333326497,3480.0000000000027,16.880495000009432,206.15509201584777,174,1,0,1,14080.330993320598,13880.93504465196,59.20687863113824,59.698573983998116,-60.665872288501106,20.0,kinematic,False,0,0.0,,,,random,once,0,0,12.456564999979491,6.498542000031193,3480.0000000000027
random-s0-0072,prm,1,0,completed,True,False,3,428,0,,337.2031030016842,0.7878577172936547,2733.3333333333285,356.4990669999588,7.667154240641096,164,0,0,0,14080.330993320598,13686.676746120302,58.973489656020114,59.47841716440945,5.211900448777953,20.0,kinematic,False,0,0.0,,,,random,cycle,44,0,11.896930000148132,9.92314500001612,2733.3333333333285
random-s0-0072,prm,1,0,completed,True,False,3,428,0,,31.302935998724024,0.07313770093159819,2733.3333333333285,46.960782000041945,58.20459576952716,164,0,0,0,14080.330993320598,13686.676746120302,58.973489656020114,59.47841716440945,5.211900448777953,20.0,kinematic,False,0,0.0,,,,random,event,2,0,12.214086000085445,6.329467000000477,2733.3333333333285
random-s0-0072,visibility,1,0,completed,True,False,3,3,0,,19.325341000126173,6.441780333375391,3460.0000000000027,23.507060000042657,147.1898229720656,173,0,0,0,13831.407230900895,13652.16610478792,58.86281404646014,59.617919401923295,4.0994818429412305,20.0,kinematic,False,0,0.0,,,,random,once,0,0,19.325341000126173,9.818588000030104,3460.0000000000027
random-s0-0072,visibility,1,0,completed,True,False,3,493,0,,1247.7093369998329,2.5308505821497627,3199.9999999999936,1269.623949999982,2.5204313450451523,192,0,0,0,13831.407230900895,13650.960193207375,59.05266837382053,59.47841716440945,3.1714804630898925,20.0,kinematic,False,0,0.0,,,,random,cycle,127,0,19.330769999896802,23.739027000033275,3199.9999999999936
random-s0-0072,visibility,1,0,completed,True,False,3,493,0,,27.689708999901086,0.05616573833651336,3199.9999999999936,45.35164200001418,70.55973849853095,192,0,0,0,13831.407230900895,13650.960193207375,59.05266837382053,59.47841716440945,3.1714804630898925,20.0,kinematic,False,0,0.0,,,,random,event,0,0,19.095344000106707,9.559133000038855,3199.9999999999936
random-s0-0073,voronoi,1,0,completed,True,False,3,3,0,,0.1039190000255985,0.0346396666751995,2080.0000000000014,2.6425300000028074,787.1244602701925,104,1,0,1,10485.48810150925,10308.011599707728,59.15883393384146,59.52563742631626,-71.1066086715234,20.0,kinematic,False,0,0.0,,,,random,once,0,0,0.1039190000255985,0.044480000042312895,2080.0000000000014
random-s0-0073,voronoi,1,0,completed,True,False,3,372,0,,33.560617000716775,0.09021671236751821,2083.3333333333308,48.84283800004141,42.65381412381411,125,0,0,0,10485.48810150925,10491.725929781627,59.06993850706925,59.263071035705664,5.9583631221019004,20.0,kinematic,False,0,0.0,,,,random,cycle,6,0,0.08136299993566354,4.287377000082415,2083.3333333333308
random-s0-0073,voronoi,1,0,completed,True,False,3,372,0,,22.91363499966792,0.06159579300986,2083.3333333333308,36.13455000004251,57.65488523672994,125,0,0,0,10485.48810150925,10486.992453020459,59.04896762086551,59.200158377094446,5.561665729585144,20.0,kinematic,False,0,0.0,,,,random,event,3,0,0.08803200000784273,4.311836000056246,2083.3333333333308
random-s0-0073,prm,1,0,completed,True,False,3,3,0,,0.04902699993181159,0.016342333310603863,2080.0000000000014,2.584023000054003,804.946395584146,104,1,0,1,10485.48810150925,10308.011599707728,59.15883393384146,59.52563742631626,-71.1066086715234,20.0,kinematic,False,0,0.0,,,,random,once,0,0,0.04902699993181159,0.01936499995736085,2080.0000000000014
random-s0-0073,prm,1,0,completed,True,False,3,371,0,,71.60842599944317,0.19301462533542635,2083.3333333333308,86.94166800000858,23.962426547108866,125,0,0,0,10485.48810150925,10515.828633899613,59.27893367073088,59.890056526690536,62.5569541791904,20.0,kinematic,False,0,0.0,,,,random,cycle,4,0,0.5892660000199612,6.127213000013398,2083.3333333333308
random-s0-0073,prm,1,0,completed,True,False,3,371,0,,19.673297000053935,0.05302775471712651,2083.3333333333308,32.48658199993315,64.12904051702385,125,0,0,0,10485.48810150925,10515.828633899613,59.27893367073088,59.890056526690536,62.5569541791904,20.0,kinematic,False,0,0.0,,,,random,event,2,0,0.057341999877280614,6.184162000067772,2083.3333333333308
random-s0-0073,visibility,1,0,completed,True,False,3,3,0,,0.04824800009828323,0.016082666699427744,2080.0000000000014,2.612869000017781,796.0598101113552,104,1,0,1,10485.48810150925,10308.011599707728,59.15883393384146,59.52563742631626,-71.1066086715234,20.0,kinematic,False,0,0.0,,,,random,once,0,0,0.04824800009828323,0.01863500006038521,2080.0000000000014
random-s0-0073,visibility,1,0,completed,True,False,3,371,0,,57.720759999369875,0.15558156334061962,2083.3333333333308,72.07539700004872,28.904916518627324,125,0,0,0,10485.48810150925,10312.04994011375,59.0643249915585,59.2462304891734,93.89003940833226,20.0,kinematic,False,0,0.0,,,,random,cycle,4,0,0.19714499990186596,9.869211000022915,2083.3333333333308
random-s0-0073,visibility,1,0,completed,True,False,3,371,0,,40.505112999767334,0.1091782021557071,2083.3333333333308,53.24018299995714,39.13084471056397,125,0,0,0,10485.48810150925,10313.446130078912,59.06368418376124,59.24430806578162,93.89003940833226,20.0,kinematic,False,0,0.0,,,,random,event,3,0,0.05852700007835665,14.038238000011916,2083.3333333333308
random-s0-0074,voronoi,1,0,completed,True,False,3,3,0,,0.10530800000196905,0.035102666667323014,2180.0000000000014,2.8182680000554683,773.5247321961912,109,0,0,0,9610.029207965576,9432.183167267902,59.282013565891276,59.765624848118485,134.46009301038407,20.0,kinematic,False,0,0.0,,,,random,once,0,0,0.10530800000196905,0.046190000034584955,2180.0000000000014
random-s0-0074,voronoi,1,0,completed,True,False,3,357,0,,10.195368000381677,0.02855845378258173,2199.9999999999973,23.381707999988066,94.09064555938856,132,0,0,0,9610.029207965576,9433.537293958165,58.830638002471176,59.56978649117168,134.45694098331325,20.0,kinematic,False,0,0.0,,,,random,cycle,0,0,0.08158599996477278,0.5277330000126312,2199.9999999999973
random-s0-0074,voronoi,1,0,completed,True,False,3,357,0,,10.34228900027756,0.02896999719965703,2199.9999999999973,23.434259000055135,93.87964859459909,132,0,0,0,9610.029207965576,9433.537293958165,58.830638002471176,59.56978649117168,134.45694098331325,20.0,kinematic,False,0,0.0,,,,random,event,0,0,0.08911699978852994,0.10961300006329111,2199.9999999999973
random-s0-0074,prm,1,0,completed,True,False,3,3,0,,0.05109800008540333,0.01703266669513444,2180.0000000000014,2.712212999995245,803.7716801754963,109,0,0,0,9610.029207965576,9432.183167267902,59.282013565891276,59.765624848118485,134.46009301038407,20.0,kinematic,False,0,0.0,,,,random,once,0,0,0.05109800008540333,0.019977000079052232,2180.0000000000014
random-s0-0074,prm,1,0,completed,True,False,3,357,0,,47.60280499908731,0.13334119047363394,2199.9999999999973,62.33198400002493,35.294881677424506,132,0,0,0,9610.029207965576,9433.537293958165,58.830638002471176,59.56978649117168,134.45694098331325,20.0,kinematic,False,0,0.0,,,,random,cycle,0,0,0.5889969999088862,1.8764850000252409,2199.9999999999973
random-s0-0074,prm,1,0,completed,True,False,3,357,0,,5.673511000509279,0.01589218767649658,2199.9999999999973,18.318446999955995,120.09751700050131,132,0,0,0,9610.029207965576,9433.537293958165,58.830638002471176,59.56978649117168,134.45694098331325,20.0,kinematic,False,0,0.0,,,,random,event,0,0,0.05783299991435342,0.05290000001423323,2199.9999999999973
random-s0-0074,visibility,1,0,completed,True,False,3,3,0,,0.04801099987616908,0.016003666625389695,2180.0000000000014,2.6276959999904648,829.62412699487,109,0,0,0,9610.029207965576,9432.183167267902,59.282013565891276,59.765624848118485,134.46009301038407,20.0,kinematic,False,0,0.0,,,,random,once,0,0,0.04801099987616908,0.01921699993090442,2180.0000000000014
random-s0-0074,visibility,1,0,completed,True,False,3,357,0,,20.518584001479212,0.05747502521422748,2199.9999999999973,34.72587999999632,63.35332610722119,132,0,0,0,9610.029207965576,9433.537293958165,58.830638002471176,59.56978649117168,134.45694098331325,20.0,kinematic,False,0,0.0,,,,random,cycle,0,0,0.22191400000792783,0.7171569999400162,2199.9999999999973
random-s0-0074,visibility,1,0,completed,True,False,3,357,0,,5.512202998943394,0.015440344534855446,2199.9999999999973,18.050819999984924,121.87811966447146,132,0,0,0,9610.029207965576,9433.537293958165,58.830638002471176,59.56978649117168,134.45694098331325,20.0,kinematic,False,0,0.0,,,,random,event,0,0,0.05647599994063057,0.04831900002955081,2199.9999999999973
random-s0-0075,voronoi,1,0,completed,True,False,3,3,0,,0.09885399992981547,0.03295133330993849,2520.000000000002,3.218509000021186,782.97124537586,126,0,0,0,12081.033652493912,11905.683381518815,58.45009032503421,59.28534456986595,200.5126153169458,20.0,kinematic,False,0,0.0,,,,random,once,0,0,0.09885399992981547,0.04391400000258727,2520.000000000002
random-s0-0075,voronoi,1,0,completed,True,False,3,391,0,,48.70193999897765,0.12455739130173311,2516.6666666666624,64.07446700006858,39.277215784939244,151,0,0,0,12081.033652493912,12080.76411674012,59.22871878309206,59.82227712459884,281.6900184298159,20.0,kinematic,False,0,0.0,,,,random,cycle,10,0,0.0944969999636669,4.011480000031042,2516.6666666666624
random-s0-0075,voronoi,1,0,completed,True,False,3,390,0,,19.212466002045403,0.04926273333857795,2516.6666666666624,33.86699700001827,74.31029880403345,151,0,0,0,12081.033652493912,12039.349902086025,59.52291558611612,59.82865235150227,270.5997376616924,20.0,kinematic,False,0,0.0,,,,random,event,2,0,0.08900400007405551,4.011994000052255,2516.6666666666624
random-s0-0075,prm,1,0,completed,True,False,3,3,0,,0.07648500013601733,0.02549500004533911,2520.000000000002,3.159288999995624,797.647825192153,126,0,0,0,12081.033652493912,11905.683381518815,58.45009032503421,59.28534456986595,200.5126153169458,20.0,kinematic,False,0,0.0,,,,random,once,0,0,0.07648500013601733,0.03874200001519057,2520.000000000002
random-s0-0075,prm,1,0,completed,True,False,3,388,0,,111.18178200104012,0.2865509845387632,2516.6666666666624,127.63967499995488,19.71696235255654,151,0,0,0,12081.033652493912,11992.596493360645,59.555822300442806,59.82829243593811,190.1800356580061,20.0,kinematic,False,0,0.0,,,,random,cycle,10,0,0.5120929999975488,6.856354999968062,2516.6666666666624
random-s0-0075,prm,1,0,completed,True,False,3,389,0,,31.70767899985094,0.08151074293020807,2516.6666666666624,45.47679200004495,55.33958214695915,151,0,0,0,12081.033652493912,12004.74220677363,59.46352713004254,59.82829243593811,190.1800356580061,20.0,kinematic,False,0,0.0,,,,random,event,4,0,0.0979499999402833,6.6643290000456545,2516.6666666666624
random-s0-0075,visibility,1,0,completed,True,False,3,3,0,,0.047790999815333635,0.01593033327177788,2520.000000000002,3.086425999981657,816.4783474526779,126,0,0,0,12081.033652493912,11905.683381518815,58.45009032503421,59.28534456986595,200.5126153169458,20.0,kinematic,False,0,0.0,,,,random,once,0,0,0.047790999815333635,0.018872999930863443,2520.000000000002
random-s0-0075,visibility,1,0,completed,True,False,3,389,0,,103.49511199979133,0.26605427249303687,2516.6666666666624,119.344008999974,21.087498968358023,151,0,0,0,12081.033652493912,11906.057526167742,59.638215967780134,59.9586578072712,277.82393351327283,20.0,kinematic,False,0,0.0,,,,random,cycle,9,0,0.1785099999551676,9.340542000018104,2516.6666666666624
random-s0-0075,visibility,1,0,completed,True,False,3,390,0,,62.08762699930048,0.15919904358794995,2516.6666666666624,76.16807299996253,33.04096542744229,151,0,0,0,12081.033652493912,11910.419543680178,59.00266738083311,59.86000223777838,278.2833355446596,20.0,kinematic,False,0,0.0,,,,random,event,6,0,0.06202699989898974,9.530431999905886,2516.6666666666624
random-s0-0076,voronoi,1,0,completed,True,False,3,3,0,,7.969827999886547,2.6566093332955156,4000.0000000000027,12.798293999935595,312.5416559441541,200,0,0,0,10918.908413012341,10290.78482403346,58.532744813933526,58.965793742589206,57.65467758006625,20.0,kinematic,False,0,0.0,,,,random,once,0,0,7.969827999886547,3.9955480000344323,4000.0000000000027
random-s0-0076,voronoi,1,0,completed,True,False,3,384,0,,237.2492219999458,0.6178365156248589,2499.999999999996,252.3652149999407,9.906278089872979,150,0,0,0,10918.908413012341,9267.832598128898,58.85223431063287,59.611993570440994,1.8380662462450914,20.0,kinematic,False,0,0.0,,,,random,cycle,57,0,8.421080999937658,4.50598899999477,2499.999999999996
random-s0-0076,voronoi,1,0,completed,True,False,3,582,0,,36.47605900016515,0.06267364089375456,5799.9999999999845,65.72958300000664,88.24032855950719,348,0,1,1,10918.908413012341,11210.76073003234,58.965403508954864,59.78135412498233,-13.020405116132821,20.0,kinematic,False,0,0.0,,,,random,event,22,0,7.858526000063648,3.983624000056807,5799.9999999999845
random-s0-0076,prm,1,0,completed,True,False,3,3,0,,11.210010999889164,3.736670333296388,3060.0000000000023,14.945965000038086,204.73753283860927,153,0,0,0,10164.987731108013,9716.708445992354,58.54857715373159,58.965793742589206,134.0175615382443,20.0,kinematic,False,0,0.0,,,,random,once,0,0,11.210010999889164,6.0329929999625165,3060.0000000000023
random-s0-0076,prm,1,0,completed,True,False,3,337,0,,408.38417599991317,1.2118224807119085,2266.6666666666633,423.5055699999748,5.352153140906266,136,0,0,0,10164.987731108013,7891.185803710801,59.218438289196115,59.89190350591709,0.5768709349373182,20.0,kinematic,False,0,0.0,,,,random,cycle,64,0,11.076147000039782,6.4713310000570345,2266.6666666666633
random-s0-0076,prm,1,0,completed,True,False,3,326,0,,17.29665699940597,0.05305723005952751,2083.3333333333308,29.061186000035377,71.68782902840906,125,0,0,0,10164.987731108013,7920.645102543123,59.38228254688514,59.89190350591709,0.5768709349373182,20.0,kinematic,False,0,0.0,,,,random,event,0,0,12.019980999980362,6.3133029999562496,2083.3333333333308
random-s0-0076,visibility,1,0,completed,True,False,3,3,0,,18.010475999972186,6.003491999990729,2980.0000000000023,21.680235999951947,137.4523782862238,149,0,3,3,7869.397705309059,7669.860963711152,59.37754192043682,59.59731929856587,-151.5104570105033,20.0,kinematic,False,0,0.0,,,,random,once,0,0,18.010475999972186,9.23781299991333,2980.0000000000023
random-s0-0076,visibility,1,0,completed,True,False,3,457,0,,1685.4969070006973,3.6881770393888345,3333.333333333326,1706.4484769999808,1.9533747301843463,200,0,1,1,7869.397705309059,7704.040244992574,58.43936018724438,58.924986568614194,-24.45612884179647,20.0,kinematic,False,0,0.0,,,,random,cycle,191,37,17.84967100002177,13.055430000008528,3333.333333333326
random-s0-0076,visibility,1,0,completed,True,False,3,456,0,,176.1601239979882,0.3863160613990969,3316.6666666666597,193.93951099993956,17.101552177615286,199,0,1,1,7869.397705309059,7699.3746727669595,58.770058517032105,59.13544630674816,-24.45612884179647,20.0,kinematic,False,0,0.0,,,,random,event,18,37,18.124795999938215,10.175127000024986,3316.6666666666597
random-s0-0077,voronoi,1,0,completed,True,False,3,3,0,,0.10572900009719888,0.03524300003239963,2180.0000000000014,2.7785429999767075,784.5838628440432,109,1,0,1,9705.06650857556,9529.074689338793,58.66393974558957,58.9915918216369,-85.08647043819923,20.0,kinematic,False,0,0.0,,,,random,once,0,0,0.10572900009719888,0.04825099995287019,2180.0000000000014
random-s0-0077,voronoi,1,0,completed,True,False,3,379,0,,138.2503839988658,0.3647767387832871,2549.999999999996,153.19811099993785,16.64511385522913,153,0,0,0,9705.06650857556,11102.434242215088,59.279498987393104,59.51576990029066,10.137565048552347,20.0,kinematic,False,0,0.0,,,,random,cycle,34,0,0.08712399994692532,4.136478999953397,2549.999999999996
random-s0-0077,voronoi,1,0,completed,True,False,3,373,0,,18.545053999332595,0.049718643429846096,2433.3333333333294,32.55520200002593,74.7448390377486,146,1,0,1,9705.06650857556,10240.560550390026,58.86168589886447,59.070588348853185,-0.12161131347914989,20.0,kinematic,False,0,0.0,,,,random,event,4,0,0.0890400000344016,3.869839999993019,2433.3333333333294
random-s0-0077,prm,1,0,completed,True,False,3,3,0,,0.05087299985007121,0.016957666616690403,2180.0000000000014,2.86860300002445,759.9517953447795,109,1,0,1,9705.06650857556,9529.074689338793,58.66393974558957,58.9915918216369,-85.08647043819923,20.0,kinematic,False,0,0.0,,,,random,once,0,0,0.05087299985007121,0.019989999941572023,2180.0000000000014
random-s0-0077,prm,1,0,completed,True,False,3,358,0,,58.16552599924307,0.16247353631073483,2199.9999999999973,73.39562000004207,29.974540715082675,132,1,0,1,9705.06650857556,9627.698064881197,59.195979464654535,59.9274402128242,-139.92352340443225,20.0,kinematic,False,0,0.0,,,,random,cycle,2,8,0.57139599994116,6.553822000000764,2199.9999999999973
random-s0-0077,prm,1,0,completed,True,False,3,358,0,,12.909444000570147,0.03605989944293337,2199.9999999999973,25.731473999940135,85.49840557152363,132,1,0,1,9705.06650857556,9627.698064881197,59.195979464654535,59.9274402128242,-139.92352340443225,20.0,kinematic,False,0,0.0,,,,random,event,1,8,0.06706899989694648,6.6497679999883985,2199.9999999999973
random-s0-0077,visibility,1,0,completed,True,False,3,3,0,,0.05552100003569649,0.01850700001189883,2180.0000000000014,2.7530739999974685,791.8421371899215,109,1,0,1,9705.06650857556,9529.074689338793,58.66393974558957,58.9915918216369,-85.08647043819923,20.0,kinematic,False,0,0.0,,,,random,once,0,0,0.05552100003569649,0.020501999983935093,2180.0000000000014
random-s0-0077,visibility,1,0,completed,True,False,3,361,0,,56.900481000752734,0.1576190609439134,2249.999999999997,71.02815399991869,31.677579569399658,135,0,0,0,9705.06650857556,9533.008697683195,58.839241255810556,58.94885994914766,10.137565048552347,20.0,kinematic,False,0,0.0,,,,random,cycle,4,0,0.1925519999304015,9.532847999935257,2249.999999999997
random-s0-0077,visibility,1,0,completed,True,False,3,361,0,,33.819055999742886,0.09368159556715482,2249.999999999997,46.39154400001644,48.50021805696313,135,0,0,0,9705.06650857556,9534.419572061246,58.83490784422484,58.94885994914766,10.137565048552347,20.0,kinematic,False,0,0.0,,,,random,event,3,0,0.056701999938013614,9.550861999969129,2249.999999999997
random-s0-0078,voronoi,1,0,completed,True,False,3,3,0,,8.00501899993833,2.66833966664611,5059.99999999998,13.93865399995775,363.0192700109578,253,0,0,0,14564.808752194858,14124.399145545307,58.939889847455476,59.972600355882896,47.80674925345522,20.0,kinematic,False,0,0.0,,,,random,once,0,0,8.00501899993833,4.008291999980429,5059.99999999998
random-s0-0078,voronoi,1,0,completed,True,False,3,460,0,,444.9158979994081,0.9672084739117568,3016.666666666661,464.03855700009444,6.500896576717109,181,0,0,0,14564.808752194858,14006.406196253012,58.45073105615455,59.007078610989474,0.2706334862833444,20.0,kinematic,False,0,0.0,,,,random,cycle,101,0,7.770673999971223,7.972309000024325,3016.666666666661
random-s0-0078,voronoi,1,0,completed,True,False,3,527,0,,24.71674700109361,0.046900848199418615,4133.333333333324,45.294394999928045,91.25485246772564,248,0,0,0,14564.808752194858,13488.75253913485,59.12066662181411,59.75399571457835,0.8796274954564467,20.0,kinematic,False,0,0.0,,,,random,event,0,0,8.386540999936187,4.326805999994576,4133.333333333324
random-s0-0078,prm,1,0,completed,True,False,3,3,0,,11.14459300015369,3.7148643333845635,3920.000000000003,15.893380999955298,246.64355557895635,196,0,1,1,14124.916449331176,13761.720868257613,58.70962769150511,59.63302647660709,-8.803977434785992,20.0,kinematic,False,0,0.0,,,,random,once,0,0,11.14459300015369,5.588553000052343,3920.000000000003
random-s0-0078,prm,1,0,completed,True,False,3,419,0,,350.0150450007595,0.8353581026271111,2749.999999999995,368.62053200002265,7.460246408628769,165,0,0,0,14124.916449331176,12965.859046784251,58.696655432019746,59.40050475578981,0.6064401997623179,20.0,kinematic,False,0,0.0,,,,random,cycle,51,0,11.758009000004677,7.544582000036826,2749.999999999995
random-s0-0078,prm,1,0,completed,True,False,3,419,0,,18.570868998267542,0.044321883050757856,2749.999999999995,33.746993000022485,81.48874182651363,165,0,0,0,14124.916449331176,12965.859046784251,58.696655432019746,59.40050475578981,0.6064401997623179,20.0,kinematic,False,0,0.0,,,,random,event,0,0,11.187972000129776,5.696550000038769,2749.999999999995
random-s0-0078,visibility,1,0,completed,True,False,3,3,0,,17.60420699986298,5.868068999954327,3180.0000000000023,21.49336900004073,147.95260808084467,159,0,1,1,12412.870636697447,12226.652518109562,58.3068263337683,58.96920813251036,-16.251377354828946,20.0,kinematic,False,0,0.0,,,,random,once,0,0,17.60420699986298,8.822540999972261,3180.0000000000023
random-s0-0078,visibility,1,0,completed,True,False,3,478,0,,1649.000697000588,3.4497922531393055,3183.333333333327,1672.98839700004,1.9027826726363428,191,0,1,1,12412.870636697447,12225.038551660102,58.67580489761885,59.64491236350741,-16.50213557633853,20.0,kinematic,False,0,0.0,,,,random,cycle,189,33,17.819543000086924,20.847948999971777,3183.333333333327
random-s0-0078,visibility,1,0,completed,True,False,3,478,0,,197.36261799971544,0.4128925062755553,3183.333333333327,215.36875000003874,14.780850672777524,191,0,1,1,12412.870636697447,12225.038551660102,58.67580489761885,59.64491236350741,-16.50213557633853,20.0,kinematic,False,0,0.0,,,,random,event,20,33,17.326964999824668,8.81649699999798,3183.333333333327
random-s0-0079,voronoi,1,0,completed,True,False,3,3,0,,11.703357000101278,3.901119000033759,9679.999999999882,22.848982000027718,423.65125938600414,484,0,1,1,18719.15378766149,18109.31370677712,58.90207374128078,59.75400117367442,-95.2465490061214,20.0,kinematic,False,0,0.0,,,,random,once,0,0,11.703357000101278,4.034169000078691,9679.999999999882
random-s0-0079,voronoi,1,0,completed,True,False,3,467,0,,64.66147899948282,0.1384614111337962,3133.333333333327,83.39502000001175,37.57218756387235,188,0,1,1,18719.15378766149,15980.223978045433,59.13944017170251,59.393066804063494,-131.0892068426541,20.0,kinematic,False,0,0.0,,,,random,cycle,38,0,11.680200000000696,4.3527120000135255,3133.333333333327
random-s0-0079,voronoi,1,0,completed,True,False,3,473,0,,30.804585000623774,0.065125972517175,3149.9999999999936,49.53234499998871,63.594808604371785,189,0,1,1,18719.15378766149,16055.889110238082,59.06842924238777,59.59377368177947,-140.6003526652836,20.0,kinematic,False,0,0.0,,,,random,event,31,0,11.983594999946945,4.1264449999971475,3149.9999999999936
random-s0-0079,prm,1,0,completed,True,False,3,3,0,,18.753888999981427,6.251296333327143,5999.99999999996,26.31556099993304,228.00197951376475,300,1,0,1,16967.772952688145,16634.184231794454,58.299236431444,58.854696120274696,-134.80130235819883,20.0,kinematic,False,0,0.0,,,,random,once,0,0,18.753888999981427,6.515886999977738,5999.99999999996
random-s0-0079,prm,1,0,completed,True,False,3,456,0,,337.2117649998927,0.7394994846488875,3116.6666666666606,357.77604299994437,8.711222362832006,187,0,1,1,16967.772952688145,15884.063715114593,58.96309831200844,59.450466596979666,-169.00561087818227,20.0,kinematic,False,0,0.0,,,,random,cycle,41,19,18.89748599990071,10.597393000011834,3116.6666666666606
random-s0-0079,prm,1,0,completed,True,False,3,459,0,,35.68660100040688,0.07774858605753134,3149.9999999999936,52.75771699996312,59.706905058120604,189,0,1,1,16967.772952688145,15912.931817980292,58.15480012250479,58.27093366075243,-169.33115433965992,20.0,kinematic,False,0,0.0,,,,random,event,1,20,20.624873000087973,8.020126000019445,3149.9999999999936
random-s0-0079,visibility,1,0,completed,True,False,3,3,0,,29.564548999928775,9.854849666642925,4100.000000000001,34.51200999995763,118.79922380658313,205,1,1,2,15866.867543816652,15669.746938524459,59.09415314103563,59.89305596678849,-167.20855721950485,20.0,kinematic,False,0,0.0,,,,random,once,0,0,29.564548999928775,10.26473900003566,4100.000000000001
random-s0-0079,visibility,1,0,completed,True,False,3,480,0,,330.4362770007856,0.6884089104183033,3099.999999999994,350.2965000000131,8.849645942793828,186,1,1,2,15866.867543816652,15729.072468692437,59.1685984523541,59.62148297121731,-156.21225514528965,20.0,kinematic,False,0,0.0,,,,random,cycle,28,58,29.704150000043228,10.726909000027263,3099.999999999994
random-s0-0079,visibility,1,0,completed,True,False,3,480,0,,214.354931999992,0.4465727749999833,3099.999999999994,232.08774699992318,13.357017076825775,186,1,1,2,15866.867543816652,15726.61348656098,59.17209061119875,59.60041845466846,-156.27000875484146,20.0,kinematic,False,0,0.0,,,,random,event,18,58,28.957475000083832,10.183523000023342,3099.999999999994
random-s0-0080,voronoi,1,0,completed,True,False,3,3,0,,0.09956899998542212,0.03318966666180737,2500.000000000002,3.2003599999370635,781.1621192769455,125,0,0,0,11878.269856980232,11703.356152515025,58.30456815506741,59.162028027510665,84.39058317711431,20.0,kinematic,False,0,0.0,,,,random,once,0,0,0.09956899998542212,0.04476200001590769,2500.000000000002
random-s0-0080,voronoi,1,0,completed,True,False,3,386,0,,25.800307000963585,0.06684017357762587,2516.6666666666624,40.329541999994944,62.40256005552897,151,0,0,0,11878.269856980232,11705.797793041464,58.32837513139523,58.50934415337773,84.37936995925418,20.0,kinematic,False,0,0.0,,,,random,cycle,4,0,0.08761399999457353,3.96567400002823,2516.6666666666624
random-s0-0080,voronoi,1,0,completed,True,False,3,386,0,,15.056558000992482,0.03900662694557638,2516.6666666666624,29.242511000006743,86.06192083388743,151,0,0,0,11878.269856980232,11704.581157842098,58.38340611300247,58.50934415337773,84.37936995925418,20.0,kinematic,False,0,0.0,,,,random,event,1,0,0.09231600006387453,3.921075999983259,2516.6666666666624
random-s0-0080,prm,1,0,completed,True,False,3,3,0,,0.048924999987320916,0.016308333329106972,2500.000000000002,3.170923999959996,788.4137242114732,125,0,0,0,11878.269856980232,11703.356152515025,58.30456815506741,59.162028027510665,84.39058317711431,20.0,kinematic,False,0,0.0,,,,random,once,0,0,0.048924999987320916,0.01973099995211669,2500.000000000002
random-s0-0080,prm,1,0,completed,True,False,3,386,0,,82.0562220010288,0.212580886013028,2516.6666666666624,98.30368299992642,25.600939759994,151,0,0,0,11878.269856980232,11709.389189930589,58.288255316414315,58.50934415337773,84.37936995925418,20.0,kinematic,False,0,0.0,,,,random,cycle,4,0,0.5654619999404531,6.633623000084299,2516.6666666666624
random-s0-0080,prm,1,0,completed,True,False,3,386,0,,12.700487998017707,0.032902818647714265,2516.6666666666624,26.524282999957904,94.88160968085948,151,0,0,0,11878.269856980232,11709.389189930589,58.288255316414315,58.50934415337773,84.37936995925418,20.0,kinematic,False,0,0.0,,,,random,event,1,0,0.059893999946325494,6.690461000061987,2516.6666666666624
random-s0-0080,visibility,1,0,completed,True,False,3,3,0,,0.048063999884107034,0.016021333294702345,2500.000000000002,3.088996000087718,809.324453618266,125,0,0,0,11878.269856980232,11703.356152515025,58.30456815506741,59.162028027510665,84.39058317711431,20.0,kinematic,False,0,0.0,,,,random,once,0,0,0.048063999884107034,0.019212999973206024,2500.000000000002
random-s0-0080,visibility,1,0,completed,True,False,3,385,0,,58.51507200202377,0.15198720000525656,2499.999999999996,73.61199499996474,33.961856352367484,150,0,0,0,11878.269856980232,11703.351120788888,58.39254790630119,58.50934415337773,84.37936995925418,20.0,kinematic,False,0,0.0,,,,random,cycle,4,0,0.199819000044954,9.858955000026981,2499.999999999996
random-s0-0080,visibility,1,0,completed,True,False,3,385,0,,33.736934000557994,0.08762840000144934,2499.999999999996,47.3516470000277,52.79647400645924,150,0,0,0,11878.269856980232,11703.448887712531,58.393349710445726,58.50934415337773,84.37936995925418,20.0,kinematic,False,0,0.0,,,,random,event,3,0,0.05919299997003691,9.304071000087788,2499.999999999996
random-s0-0081,voronoi,1,0,completed,True,False,3,3,0,,0.09969500013085053,0.03323166671028351,2300.000000000002,2.9427529999566104,781.5810569333934,115,1,0,1,13286.063690323199,13110.971111167815,58.36419305179493,59.077256908191636,-41.64413368458844,20.0,kinematic,False,0,0.0,,,,random,once,0,0,0.09969500013085053,0.04388000002109038,2300.000000000002
random-s0-0081,voronoi,1,0,completed,True,False,3,415,0,,77.21697599936306,0.18606500240810375,2416.666666666663,92.56975699997838,26.106438484733488,145,0,0,0,13286.063690323199,13448.693520806968,59.00899665432499,59.5545694566787,55.64157144539877,20.0,kinematic,False,0,0.0,,,,random,cycle,16,1,0.08083100010480848,4.6850909999420765,2416.666666666663
random-s0-0081,voronoi,1,0,completed,True,False,3,413,0,,27.643123999723684,0.06693250363129222,2383.33333333333,42.13716499998554,56.56131192817902,143,0,0,0,13286.063690323199,13268.62615381353,58.58440335765467,58.96061320086892,55.64157144539877,20.0,kinematic,False,0,0.0,,,,random,event,3,1,0.08733200002097874,3.9097850000189283,2383.33333333333
random-s0-0081,prm,1,0,completed,True,False,3,3,0,,0.050362999900244176,0.016787666633414727,2300.000000000002,2.9033530000788232,792.1875155854486,115,1,0,1,13286.063690323199,13110.971111167815,58.36419305179493,59.077256908191636,-41.64413368458844,20.0,kinematic,False,0,0.0,,,,random,once,0,0,0.050362999900244176,0.019995000002381857,2300.000000000002
random-s0-0081,prm,1,0,completed,True,False,3,484,0,,169.12337900112107,0.3494284690105807,3233.3333333333267,189.3839859999389,17.072897247681595,194,1,0,1,13286.063690323199,14847.803832963626,58.76500470018454,58.96061320086892,-71.94343498758855,20.0,kinematic,False,0,0.0,,,,random,cycle,19,116,0.47954400008620723,6.925915000010718,3233.3333333333267
random-s0-0081,prm,1,0,completed,True,False,3,409,0,,19.307021000372515,0.047205430318759206,2416.666666666663,33.65552899992963,71.80593318475891,145,0,0,0,13286.063690323199,13674.057886872199,59.499449273069835,59.83528427591682,43.85777323582792,20.0,kinematic,False,0,0.0,,,,random,event,2,5,0.05852699996466981,6.752485999982127,2416.666666666663
random-s0-0081,visibility,1,0,completed,True,False,3,3,0,,0.051887000040551357,0.017295666680183786,2300.000000000002,2.9028380000681864,792.3280596250896,115,1,0,1,13286.063690323199,13110.971111167815,58.36419305179493,59.077256908191636,-41.64413368458844,20.0,kinematic,False,0,0.0,,,,random,once,0,0,0.051887000040551357,0.01869100003659696,2300.000000000002
random-s0-0081,visibility,1,0,completed,True,False,3,408,0,,104.31245700021918,0.2556677867652431,2366.6666666666633,120.2314459999343,19.684256867940828,142,0,0,0,13286.063690323199,13118.955474262171,59.34884299127463,59.75414912009513,52.086968658354635,20.0,kinematic,False,0,0.0,,,,random,cycle,9,16,0.19865599995227967,9.529577999956018,2366.6666666666633
random-s0-0081,visibility,1,0,completed,True,False,3,408,0,,92.70815000138555,0.2272258578465332,2366.6666666666633,106.89893000005668,22.13929238267781,142,0,0,0,13286.063690323199,13118.955474262171,59.34884299127463,59.75414912009513,52.086968658354635,20.0,kinematic,False,0,0.0,,,,random,event,9,16,0.05711500000415981,10.868074999962118,2366.6666666666633
random-s0-0082,voronoi,1,0,completed,True,False,3,3,0,,4.064865000032114,1.3549550000107047,7459.999999999929,12.694291999991947,587.6657004584944,373,0,0,0,13682.600484553106,13406.37381623247,58.751433408416524,59.42490184184388,62.5252236171022,20.0,kinematic,False,0,0.0,,,,random,once,0,0,4.064865000032114,3.9992570000322303,7459.999999999929
random-s0-0082,voronoi,1,0,completed,True,False,3,412,0,,194.3885079984966,0.47181676698664227,3016.666666666661,211.46065499999622,14.265853222987108,181,0,0,0,13682.600484553106,12841.6928845129,59.637818767250614,59.97503812528233,62.51779290093907,20.0,kinematic,False,0,0.0,,,,random,cycle,44,0,3.998862999992525,8.081780999987132,3016.666666666661
random-s0-0082,voronoi,1,0,completed,True,False,3,466,0,,22.552613002403632,0.04839616524120951,3849.9999999999914,41.140802999962034,93.58106111841191,231,0,0,0,13682.600484553106,12923.400881308442,58.71898901235582,59.97503812528233,34.26951512472465,20.0,kinematic,False,0,0.0,,,,random,event,1,0,4.032890999951633,4.042551999987154,3849.9999999999914
random-s0-0082,prm,1,0,completed,True,False,3,3,0,,6.731732999924134,2.243910999974711,5139.999999999978,12.778664000052231,402.232972083699,257,0,0,0,12861.8503030868,12657.218476272257,59.50758906799543,59.87883195887088,62.5252236171022,20.0,kinematic,False,0,0.0,,,,random,once,0,0,6.731732999924134,6.692907999990894,5139.999999999978
random-s0-0082,prm,1,0,completed,True,False,3,410,0,,296.5198699986331,0.7232191951186173,2766.6666666666615,314.41003400004774,8.799549529218401,166,0,0,0,12861.8503030868,12726.62221184478,58.895287847169186,59.308201799844504,11.137411856284984,20.0,kinematic,False,0,0.0,,,,random,cycle,37,4,6.819415000109075,7.056121999994502,2766.6666666666615
random-s0-0082,prm,1,0,completed,True,False,3,450,0,,31.596318999845607,0.07021404222187913,3833.3333333333244,49.52370399996653,77.40401108398345,230,1,0,1,12861.8503030868,12622.987013171001,59.153131005097954,59.929288678280926,-2.9757512580390824,20.0,kinematic,False,0,0.0,,,,random,event,2,20,6.574248999982046,8.514649999938229,3833.3333333333244
random-s0-0082,visibility,1,0,completed,True,False,3,3,0,,9.705678000045737,3.2352260000152455,3660.0000000000027,14.040372999943429,260.6768352959533,183,0,0,0,12655.701399152467,12477.988417654315,59.09426007422422,59.42490184184388,16.275252675311748,20.0,kinematic,False,0,0.0,,,,random,once,0,0,9.705678000045737,9.66898499996205,3660.0000000000027
random-s0-0082,visibility,1,0,completed,True,False,3,430,0,,712.174984998569,1.6562208953455093,3133.333333333327,731.2027779998971,4.285177009179481,188,0,0,0,12655.701399152467,12486.253827003336,59.59719610762088,59.97503812528233,37.78885508033548,20.0,kinematic,False,0,0.0,,,,random,cycle,71,0,9.667880999927547,14.070075000063298,3133.333333333327
random-s0-0082,visibility,1,0,completed,True,False,3,437,0,,65.653015999942,0.15023573455364303,3233.3333333333267,81.92323900004794,39.46784053950106,194,0,0,0,12655.701399152467,12488.780622876959,58.767016566151604,59.97503812528233,2.588757151239548,20.0,kinematic,False,0,0.0,,,,random,event,5,0,9.770593999860466,10.17693500000405,3233.3333333333267
random-s0-0083,voronoi,1,0,planning_failed,False,False,3,3,1,B0,4.052348999948663,1.3507829999828875,2220.0000000000014,6.699141000012787,331.3857702048313,111,0,0,0,8652.653106737685,8536.831029432442,2139.9327403261263,6303.976143673134,304.9756605405804,20.0,kinematic,False,0,0.0,,,,random,once,0,0,4.052348999948663,3.983902999948441,
random-s0-0083,voronoi,1,0,planning_failed,False,False,3,266,1,B0,22.64051799875233,0.08511472931861779,2216.666666666664,33.295534000103544,66.57549527993065,133,0,0,0,8652.653106737685,8534.926963920534,2140.5674288300947,6303.976143673134,306.13454812609086,20.0,kinematic,False,0,0.0,,,,random,cycle,0,3,3.8258879999375495,3.940543999988222,
random-s0-0083,voronoi,1,0,planning_failed,False,False,3,266,1,B0,22.918517000107386,0.08615983834626836,2216.666666666664,33.61495699994066,65.94286783322605,133,0,0,0,8652.653106737685,8534.926963920534,2140.5674288300947,6303.976143673134,306.13454812609086,20.0,kinematic,False,0,0.0,,,,random,event,0,3,3.814362999946752,3.896069000006719,
random-s0-0083,prm,1,0,planning_failed,False,False,3,3,1,B0,0.21666199995706847,0.07222066665235616,2220.0000000000014,3.1015409999781696,715.7732237025489,111,0,0,0,8652.653106737685,8536.831029432442,2139.9327403261263,6303.976143673134,304.9756605405804,20.0,kinematic,False,0,0.0,,,,random,once,0,0,0.21666199995706847,0.18279999994774698,
random-s0-0083,prm,1,0,planning_failed,False,False,3,266,1,B0,33.84130899905813,0.12722296616187267,2216.666666666664,45.78388499999164,48.41587092635473,133,0,0,0,8652.653106737685,8534.926963920534,2140.5674288300947,6303.976143673134,306.13454812609086,20.0,kinematic,False,0,0.0,,,,random,cycle,0,3,0.36233300011190295,0.2120259999855989,
random-s0-0083,prm,1,0,planning_failed,False,False,3,266,1,B0,4.516313999488375,0.016978624058226973,2216.666666666664,14.82286500004193,149.54373980066563,133,0,0,0,8652.653106737685,8534.926963920534,2140.5674288300947,6303.976143673134,306.13454812609086,20.0,kinematic,False,0,0.0,,,,random,event,0,3,0.13080700000500656,0.1111900000978494,
random-s0-0083,visibility,1,0,planning_failed,False,False,3,3,1,B0,0.11033400005544536,0.036778000018481784,2220.0000000000014,2.7425960000755367,809.4520665598791,111,0,0,0,8652.653106737685,8536.831029432442,2139.9327403261263,6303.976143673134,304.9756605405804,20.0,kinematic,False,0,0.0,,,,random,once,0,0,0.11033400005544536,0.07863300004373741,
random-s0-0083,visibility,1,0,planning_failed,False,False,3,266,1,B0,14.110186001289549,0.05304581203492312,2216.666666666664,25.577354999995805,86.66520313249855,133,0,0,0,8652.653106737685,8534.926963920534,2140.5674288300947,6303.976143673134,306.13454812609086,20.0,kinematic,False,0,0.0,,,,random,cycle,0,3,0.1556450000634868,0.08695600001829007,
random-s0-0083,visibility,1,0,planning_failed,False,False,3,266,1,B0,4.388525999615922,0.01649821804366888,2216.666666666664,14.587372999926629,151.95790679225198,133,0,0,0,8652.653106737685,8534.926963920534,2140.5674288300947,6303.976143673134,306.13454812609086,20.0,kinematic,False,0,0.0,,,,random,event,0,3,0.09680000005118927,0.0653300000976742,
random-s0-0084,voronoi,1,0,completed,True,False,3,3,0,,0.10675500004708738,0.03558500001569579,2440.000000000002,3.240446999939195,752.9825360654833,122,0,0,0,11771.35647727512,11593.142183963453,59.404764437222354,59.95748064246026,123.69886768578965,20.0,kinematic,False,0,0.0,,,,random,once,0,0,0.10675500004708738,0.051718000008804665,2440.000000000002
random-s0-0084,voronoi,1,0,completed,True,False,3,385,0,,32.872448001171506,0.0853829818212247,2516.6666666666624,47.35271299989563,53.14725402686451,151,0,0,0,11771.35647727512,11772.210923411527,59.454688482303915,59.96902724516854,120.99943770793914,20.0,kinematic,False,0,0.0,,,,random,cycle,6,0,0.11657300001388649,3.801215999942542,2516.6666666666624
random-s0-0084,voronoi,1,0,completed,True,False,3,389,0,,14.951470999903904,0.03843565809743934,2583.333333333329,29.317493000007744,88.11576533275361,155,0,0,0,11771.35647727512,11886.576582320866,59.6529936712513,59.96902724516854,120.99943770793914,20.0,kinematic,False,0,0.0,,,,random,event,1,0,0.08823900009247154,3.789292999954341,2583.333333333329
random-s0-0084,prm,1,0,completed,True,False,3,3,0,,0.049530000069353264,0.016510000023117755,2440.000000000002,3.031401000043843,804.9083575431664,122,0,0,0,11771.35647727512,11593.142183963453,59.404764437222354,59.95748064246026,123.69886768578965,20.0,kinematic,False,0,0.0,,,,random,once,0,0,0.049530000069353264,0.020188999997117207,2440.000000000002
random-s0-0084,prm,1,0,completed,True,False,3,383,0,,75.13702099981856,0.19618021148777692,2483.3333333333294,90.8461779999925,27.335584038918338,149,0,0,0,11771.35647727512,11604.658135845233,59.377268802876664,59.96902724516854,120.99943770793914,20.0,kinematic,False,0,0.0,,,,random,cycle,4,0,0.530595999975958,6.653970999991543,2483.3333333333294
random-s0-0084,prm,1,0,completed,True,False,3,383,0,,12.684137000519513,0.03311785117629116,2483.3333333333294,26.419803999942815,93.99514596469771,149,0,0,0,11771.35647727512,11604.658135845233,59.377268802876664,59.96902724516854,120.99943770793914,20.0,kinematic,False,0,0.0,,,,random,event,1,0,0.05928999996740458,6.667088999961379,2483.3333333333294
random-s0-0084,visibility,1,0,completed,True,False,3,3,0,,0.0493549998736853,0.016451666624561767,2440.000000000002,3.055129000017587,798.6569470506666,122,0,0,0,11771.35647727512,11593.142183963453,59.404764437222354,59.95748064246026,123.69886768578965,20.0,kinematic,False,0,0.0,,,,random,once,0,0,0.0493549998736853,0.01973199994154129,2440.000000000002
random-s0-0084,visibility,1,0,completed,True,False,3,383,0,,67.91009699975348,0.17731095822389942,2483.3333333333294,83.28701200002797,29.816573721392423,149,0,0,0,11771.35647727512,11592.99356731264,59.79633079427864,59.96902724516854,120.99943770793914,20.0,kinematic,False,0,0.0,,,,random,cycle,5,0,0.19088800013378204,9.673140000018066,2483.3333333333294
random-s0-0084,visibility,1,0,completed,True,False,3,383,0,,35.206053998535936,0.09192181200662124,2483.3333333333294,48.97275600001194,50.70846601593596,149,0,0,0,11771.35647727512,11593.745652963204,59.76456851018175,59.96902724516854,120.99943770793914,20.0,kinematic,False,0,0.0,,,,random,event,3,0,0.05630899988773308,9.913273000051959,2483.3333333333294
random-s0-0085,voronoi,1,0,completed,True,False,3,3,0,,4.297539000049255,1.4325130000164183,8599.999999999905,14.110556999980872,609.4727515016992,430,0,0,0,13137.095081926673,12678.289591907656,58.4258622056245,59.3614774031668,27.384677314973715,20.0,kinematic,False,0,0.0,,,,random,once,0,0,4.297539000049255,4.230664000033357,8599.999999999905
random-s0-0085,voronoi,1,0,completed,True,False,3,468,0,,512.7191759992229,1.0955537948701344,4283.333333333323,534.2259349999949,8.017831132315512,257,0,0,0,13137.095081926673,11827.540574732982,58.77981328198874,59.4897011869612,5.408127563740464,20.0,kinematic,False,0,0.0,,,,random,cycle,127,0,4.073415000107161,4.416740000010577,4283.333333333323
random-s0-0085,voronoi,1,0,completed,True,False,3,515,0,,20.06564700116087,0.038962421361477415,5066.666666666654,42.145833999938986,120.21749686277388,304,0,0,0,13137.095081926673,11852.813280131695,58.819719122925,59.4897011869612,6.880076087938676,20.0,kinematic,False,0,0.0,,,,random,event,0,0,4.2367080000076385,4.173087000026499,5066.666666666654
random-s0-0085,prm,1,0,completed,True,False,3,3,0,,6.411978999949497,2.137326333316499,5779.9999999999645,13.085746999990988,441.70195251397917,289,0,0,0,12241.178962107571,12046.226349209412,58.229916573909804,58.77364050802271,27.384677314973715,20.0,kinematic,False,0,0.0,,,,random,once,0,0,6.411978999949497,6.369352999968214,5779.9999999999645
random-s0-0085,prm,1,0,completed,True,False,3,397,0,,265.6518329985147,0.6691481939509186,3099.999999999994,284.0375580000227,10.914049613114003,186,0,0,0,12241.178962107571,11881.118993306609,59.242023176351324,59.966832309692734,2.0821205906894136,20.0,kinematic,False,0,0.0,,,,random,cycle,35,0,6.400466999821219,6.399973999918984,3099.999999999994
random-s0-0085,prm,1,0,completed,True,False,3,410,0,,19.286012000748087,0.04703905366036119,3316.6666666666597,35.288453000021036,93.98730702829853,199,0,0,0,12241.178962107571,12171.469791568792,58.96518376975806,59.4897011869612,27.414702445875832,20.0,kinematic,False,0,0.0,,,,random,event,1,0,6.2686259999509275,6.226599999990867,3316.6666666666597
random-s0-0085,visibility,1,0,completed,True,False,3,3,0,,9.538701999986188,3.179567333328729,4799.999999999985,15.18920600005913,316.01388512219137,240,0,1,1,11785.7722044866,11609.64864310044,58.20114234287407,58.68731781491552,-7.44486072445298,20.0,kinematic,False,0,0.0,,,,random,once,0,0,9.538701999986188,9.497645999999804,4799.999999999985
random-s0-0085,visibility,1,0,completed,True,False,3,492,0,,1527.7176710011418,3.1051172174819954,4683.333333333322,1551.8459160000475,3.0179113048831705,281,0,1,1,11785.7722044866,11607.833770079025,58.82134917267333,59.4897011869612,-3.5346502419524484,20.0,kinematic,False,0,0.0,,,,random,cycle,170,4,9.402736999959416,23.020525999982056,4683.333333333322
random-s0-0085,visibility,1,0,completed,True,False,3,499,0,,36.001676999376286,0.07214764929734727,4799.999999999988,56.54285500008882,84.89136248943298,288,0,1,1,11785.7722044866,11607.755892796231,58.82434347657681,59.4897011869612,-3.947584774200209,20.0,kinematic,False,0,0.0,,,,random,event,2,4,9.426643999972839,9.384136999983639,4799.999999999988
random-s0-0086,voronoi,1,0,completed,True,False,3,3,0,,7.8438150000010864,2.614605000000362,3060.0000000000023,11.628996000013103,263.13535579482135,153,0,0,0,10401.77871106621,10061.131195955633,59.66311524576266,59.85291006583681,106.5265463151797,20.0,kinematic,False,0,0.0,,,,random,once,0,0,7.8438150000010864,3.957243000058952,3060.0000000000023
random-s0-0086,voronoi,1,0,completed,True,False,3,353,0,,36.17955400011397,0.1024916543912577,2166.666666666664,49.21147599998221,44.02767083571009,130,0,0,0,10401.77871106621,9042.914468194049,58.97283223421448,59.45738552830437,34.33758114917126,20.0,kinematic,False,0,0.0,,,,random,cycle,4,1,7.560741999895981,3.8770979999753763,2166.666666666664
random-s0-0086,voronoi,1,0,completed,True,False,3,353,0,,21.635320000427782,0.06128985835815236,2166.666666666664,34.517991000029724,62.76919959405511,130,0,0,0,10401.77871106621,9022.360257479573,58.79293057228224,59.45738552830437,14.952279025093844,20.0,kinematic,False,0,0.0,,,,random,event,0,1,7.767534999970849,3.8923829999930604,2166.666666666664
random-s0-0086,prm,1,0,completed,True,False,3,3,0,,11.718169999880956,3.9060566666269856,3340.0000000000027,15.794460000051913,211.4665521954549,167,0,0,0,13248.84238452409,12706.438557585876,59.26479004005342,59.50589806767475,145.3079503394328,20.0,kinematic,False,0,0.0,,,,random,once,0,0,11.718169999880956,6.146725999997216,3340.0000000000027
random-s0-0086,prm,1,0,completed,True,False,3,393,0,,278.1902840000612,0.7078633180663134,2249.999999999997,294.7249200000215,7.634237376329876,135,0,0,0,13248.84238452409,10670.923298963262,59.053961068179184,59.45738552830437,1.7358732787349709,20.0,kinematic,False,0,0.0,,,,random,cycle,41,6,11.077847000137808,5.920392999996693,2249.999999999997
random-s0-0086,prm,1,0,completed,True,False,3,394,0,,18.735183999751825,0.047551228425766055,2266.6666666666633,32.62998899992908,69.46575025420908,136,0,0,0,13248.84238452409,10880.208553943086,58.75150537487568,59.45738552830437,6.506733205413184,20.0,kinematic,False,0,0.0,,,,random,event,0,6,11.867031000065253,6.131865000043035,2266.6666666666633
random-s0-0086,visibility,1,0,completed,True,False,3,3,0,,19.007009999995716,6.335669999998572,2520.000000000002,22.164019000001645,113.69779100080247,126,0,1,1,9189.832689806859,8999.545915560619,58.77236746224023,59.50589806767475,-14.63332106306342,20.0,kinematic,False,0,0.0,,,,random,once,0,0,19.007009999995716,9.544817999994848,2520.000000000002
random-s0-0086,visibility,1,0,completed,True,False,3,392,0,,446.878639000829,1.1399965280633393,2516.6666666666624,463.628889000006,5.428192087198927,151,0,1,1,9189.832689806859,8989.021360578394,58.89262823507428,59.45738552830437,-17.53009154365205,20.0,kinematic,False,0,0.0,,,,random,cycle,44,6,19.001447000050575,15.470899999968424,2516.6666666666624
random-s0-0086,visibility,1,0,completed,True,False,3,392,0,,27.34885799929998,0.06976749489617341,2516.6666666666624,41.723645999923065,60.31751555631794,151,0,1,1,9189.832689806859,8990.411138539599,58.829773411870065,59.45738552830437,-17.53009154365205,20.0,kinematic,False,0,0.0,,,,random,event,0,6,20.494861999964087,11.17229099997985,2516.6666666666624
random-s0-0087,voronoi,1,0,completed,True,False,3,3,0,,7.931424999924275,2.6438083333080917,6899.999999999941,15.991944999996122,431.4672167770471,345,1,0,1,16586.82266522497,16173.222860287213,59.144837717829176,59.83075547694478,-151.7522103945441,20.0,kinematic,False,0,0.0,,,,random,once,0,0,7.931424999924275,3.991327999983696,6899.999999999941
random-s0-0087,voronoi,1,0,completed,True,False,3,460,0,,308.9589970003317,0.6716499934789819,3083.333333333327,327.51703200005977,9.414268670255794,185,0,0,0,16586.82266522497,14499.450030615273,59.31727736355139,59.88889420374198,68.94879185338672,20.0,kinematic,False,0,0.0,,,,random,cycle,73,0,7.899865000013051,4.621155999984694,3083.333333333327
random-s0-0087,voronoi,1,0,completed,True,False,3,459,0,,25.811645002022487,0.056234520701574045,3116.6666666666606,43.58585400007087,71.50638064041588,187,0,0,0,16586.82266522497,14400.087716348666,59.179943074517546,59.52862312608015,81.15778811861884,20.0,kinematic,False,0,0.0,,,,random,event,1,0,7.9024080001772745,3.981572000043343,3116.6666666666606
random-s0-0087,prm,1,0,completed,True,False,3,3,0,,14.303376999919237,4.767792333306413,4819.999999999985,20.49605399997745,235.16721804135025,241,0,1,1,15183.326771283382,14927.614068766421,59.202098884876875,59.83075547694478,-115.96575790765073,20.0,kinematic,False,0,0.0,,,,random,once,0,0,14.303376999919237,7.569257000000107,4819.999999999985
random-s0-0087,prm,1,0,completed,True,False,3,412,0,,182.60039100050562,0.4432048325254991,2649.9999999999955,199.8106009999674,13.262559577609338,159,0,0,0,15183.326771283382,13996.949551793252,59.223082765126456,59.91129846331164,2.9203247305956097,20.0,kinematic,False,0,0.0,,,,random,cycle,19,0,12.892649000036727,7.780962999959229,2649.9999999999955
random-s0-0087,prm,1,0,completed,True,False,3,412,0,,33.963917999244586,0.08243669417292375,2649.9999999999955,54.24485699995785,48.85255757982835,159,0,0,0,15183.326771283382,14017.077358549755,59.21280708868303,59.91129846331164,2.9203247305956097,20.0,kinematic,False,0,0.0,,,,random,event,2,0,12.650048999830688,6.345765999981268,2649.9999999999955
random-s0-0087,visibility,1,0,completed,True,False,3,3,0,,29.843069999969885,9.947689999989962,4659.999999999988,37.97322899993105,122.71803380240456,233,0,1,1,13912.43559042063,13734.09724083548,58.78552798712892,59.83075547694478,-88.12379363220647,20.0,kinematic,False,0,0.0,,,,random,once,0,0,29.843069999969885,15.188896999916324,4659.999999999988
random-s0-0087,visibility,1,0,completed,True,False,3,589,0,,2182.694982001408,3.70576397623329,5249.999999999986,2212.8780429999324,2.372475978333952,315,0,0,0,13912.43559042063,13870.038802109044,58.9073421861771,59.13132159709251,15.985269367778045,20.0,kinematic,False,0,0.0,,,,random,cycle,238,0,29.01784799996676,14.811873999974523,5249.999999999986
random-s0-0087,visibility,1,0,completed,True,False,3,596,0,,39.15858099958314,0.06570231711339453,5199.999999999987,63.53616000001239,81.84315828968847,312,0,0,0,13912.43559042063,13748.749112522863,58.93186945657144,59.26184377893113,1.2209882221519592,20.0,kinematic,False,0,0.0,,,,random,event,1,0,18.637272999967536,9.422350000022561,5199.999999999987
random-s0-0088,voronoi,1,0,completed,True,False,3,3,0,,0.10257599990382005,0.034191999967940014,2480.000000000002,3.15577799995026,785.860095367637,124,0,1,1,14033.176824850874,13856.965467219807,58.73711921035814,59.28467802645839,-29.155627982518553,20.0,kinematic,False,0,0.0,,,,random,once,0,0,0.10257599990382005,0.046680999957970926,2480.000000000002
random-s0-0088,voronoi,1,0,completed,True,False,3,445,0,,150.12136200061832,0.33735137528228837,2833.333333333328,167.84774699999616,16.88037750863223,170,0,1,1,14033.176824850874,14637.562684326032,58.91858432963557,59.40558926594947,-16.48104022215952,20.0,kinematic,False,0,0.0,,,,random,cycle,43,6,0.08198600005471235,4.452753999999004,2833.333333333328
random-s0-0088,voronoi,1,0,completed,True,False,3,460,0,,22.80082699940067,0.04956701521608841,3083.333333333327,40.386517999991156,76.34560952578289,185,0,1,1,14033.176824850874,14196.989733914685,59.06637497063716,59.40558926594947,-16.48104022215952,20.0,kinematic,False,0,0.0,,,,random,event,16,0,0.08797500004220637,4.0928800000301635,3083.333333333327
random-s0-0088,prm,1,0,completed,True,False,3,3,0,,0.050979999969058554,0.016993333323019517,2480.000000000002,3.143783000041367,788.858518532408,124,0,1,1,14033.176824850874,13856.965467219807,58.73711921035814,59.28467802645839,-29.155627982518553,20.0,kinematic,False,0,0.0,,,,random,once,0,0,0.050979999969058554,0.0212660000897813,2480.000000000002
random-s0-0088,prm,1,0,completed,True,False,3,405,0,,82.26559199954409,0.2031249185173928,2433.3333333333294,99.48409799994806,24.459520488737805,146,1,0,1,14033.176824850874,14790.803185116427,59.57890799236583,59.703129784628786,-134.3452251188433,20.0,kinematic,False,0,0.0,,,,random,cycle,5,35,0.5727990001105354,6.644445000006272,2433.3333333333294
random-s0-0088,prm,1,0,completed,True,False,3,405,0,,20.48061100151699,0.050569409880288865,2433.3333333333294,34.95289699992554,69.61750075647558,146,1,0,1,14033.176824850874,14790.803185116427,59.57890799236583,59.703129784628786,-134.3452251188433,20.0,kinematic,False,0,0.0,,,,random,event,2,31,0.05708600019715959,6.552198000008502,2433.3333333333294
random-s0-0088,visibility,1,0,completed,True,False,3,3,0,,0.0475760000426817,0.0158586666808939,2480.000000000002,3.062804000023789,809.7155416999389,124,0,1,1,14033.176824850874,13856.965467219807,58.73711921035814,59.28467802645839,-29.155627982518553,20.0,kinematic,False,0,0.0,,,,random,once,0,0,0.0475760000426817,0.01850000001013541,2480.000000000002
random-s0-0088,visibility,1,0,completed,True,False,3,417,0,,107.00602499991874,0.2566091726616756,2599.9999999999955,124.56367200002205,20.872859303630158,156,0,1,1,14033.176824850874,13859.873146195285,58.86296437548162,59.40558926594947,-30.215431860607595,20.0,kinematic,False,0,0.0,,,,random,cycle,9,30,0.208619999966686,9.858476000090377,2599.9999999999955
random-s0-0088,visibility,1,0,completed,True,False,3,417,0,,45.14284500123722,0.10825622302454968,2599.9999999999955,60.44018000000051,43.01774084723066,156,0,1,1,14033.176824850874,13859.850318207875,58.872748004878275,59.40558926594947,-30.215431860607595,20.0,kinematic,False,0,0.0,,,,random,event,4,28,0.06264499995722872,9.50976299998274,2599.9999999999955
random-s0-0089,voronoi,1,0,completed,True,False,3,3,0,,0.10448799991991109,0.03482933330663703,2240.0000000000014,2.835586000060175,789.960170473569,112,0,0,0,10046.753766704122,9870.194599366092,58.85305577934292,59.58931755605341,713.7706266830505,20.0,kinematic,False,0,0.0,,,,random,once,0,0,0.10448799991991109,0.04806399999779387,2240.0000000000014
random-s0-0089,voronoi,1,0,completed,True,False,3,370,0,,61.907103001431096,0.16731649459846243,2249.999999999997,75.61611400001311,29.75556241887287,135,0,0,0,10046.753766704122,10195.558150486773,59.2681379117487,59.385099056465755,714.2620728629057,20.0,kinematic,False,0,0.0,,,,random,cycle,12,2,0.13798199995562754,4.02615899997727,2249.999999999997
random-s0-0089,voronoi,1,0,completed,True,False,3,371,0,,18.581358000119508,0.05008452291137334,2249.999999999997,32.12638899992726,70.03588233975164,135,0,0,0,10046.753766704122,10259.648660536659,59.131993704658704,59.385099056465755,714.2620728629057,20.0,kinematic,False,0,0.0,,,,random,event,1,1,0.08833599997615238,4.033676000062769,2249.999999999997
random-s0-0089,prm,1,0,completed,True,False,3,3,0,,0.05047399997692992,0.01682466665897664,2240.0000000000014,2.8157419999388367,795.5274311526618,112,0,0,0,10046.753766704122,9870.194599366092,58.85305577934292,59.58931755605341,713.7706266830505,20.0,kinematic,False,0,0.0,,,,random,once,0,0,0.05047399997692992,0.020215999938955065,2240.0000000000014
random-s0-0089,prm,1,0,completed,True,False,3,364,0,,122.60575500010873,0.33682899725304594,2249.999999999997,137.93785500001832,16.311693407148443,135,0,0,0,10046.753766704122,9981.35776370738,59.178621287049516,59.385099056465755,714.2620728629057,20.0,kinematic,False,0,0.0,,,,random,cycle,12,4,0.5394549998527509,6.803171999990809,2249.999999999997
random-s0-0089,prm,1,0,completed,True,False,3,373,0,,12.5096619993883,0.03353796782677828,2249.999999999997,25.67507799994928,87.63361887369696,135,0,0,0,10046.753766704122,9948.452121448801,59.22511162503505,59.385099056465755,714.2620728629057,20.0,kinematic,False,0,0.0,,,,random,event,1,0,0.05936099989867216,6.498694000015348,2249.999999999997
random-s0-0089,visibility,1,0,completed,True,False,3,3,0,,0.04952200004026963,0.016507333346756543,2240.0000000000014,2.9144720000431334,768.5783222370467,112,0,0,0,10046.753766704122,9870.194599366092,58.85305577934292,59.58931755605341,713.7706266830505,20.0,kinematic,False,0,0.0,,,,random,once,0,0,0.04952200004026963,0.019803999975920306,2240.0000000000014
random-s0-0089,visibility,1,0,completed,True,False,3,368,0,,133.3916489998046,0.3624773070646864,2249.999999999997,148.4836950000954,15.153178939940519,135,0,0,0,10046.753766704122,9873.082165395257,58.96501914454158,59.385099056465755,714.2620728629057,20.0,kinematic,False,0,0.0,,,,random,cycle,12,4,0.19292500007850322,9.68328700002985,2249.999999999997
random-s0-0089,visibility,1,0,completed,True,False,3,372,0,,15.588519999823802,0.04190462365544033,2249.999999999997,28.620583000019906,78.61475078961291,135,0,0,0,10046.753766704122,9868.604691623683,59.43272653949873,59.7736780064636,714.2620728629057,20.0,kinematic,False,0,0.0,,,,random,event,1,0,0.05813299992496468,9.65682100002141,2249.999999999997
random-s0-0090,voronoi,1,0,completed,True,False,3,3,0,,0.1001619999669856,0.03338733332232854,2320.000000000002,3.1655249999857915,732.8958071758761,116,0,0,0,11870.003814557276,11693.331987714897,58.890608947457984,59.646117108661656,11.225975360171873,20.0,kinematic,False,0,0.0,,,,random,once,0,0,0.1001619999669856,0.04545200010852568,2320.000000000002
random-s0-0090,voronoi,1,0,completed,True,False,3,383,0,,10.72624499943231,0.02800586161731674,2316.6666666666633,25.410101000034047,91.17109241964678,139,0,0,0,11870.003814557276,11691.478354288018,59.50848675642002,59.572859450716976,10.690097406967055,20.0,kinematic,False,0,0.0,,,,random,cycle,0,0,0.09195699999509088,0.08734400000776077,2316.6666666666633
random-s0-0090,voronoi,1,0,completed,True,False,3,383,0,,11.090526000771206,0.028956986947183305,2316.6666666666633,24.928805000058674,92.93131646949024,139,0,0,0,11870.003814557276,11691.478354288018,59.50848675642002,59.572859450716976,10.690097406967055,20.0,kinematic,False,0,0.0,,,,random,event,0,0,0.08895100006611756,0.08896200006347499,2316.6666666666633
random-s0-0090,prm,1,0,completed,True,False,3,3,0,,0.05055100007211877,0.01685033335737292,2320.000000000002,2.8557769999224547,812.3883622786368,116,0,0,0,11870.003814557276,11693.331987714897,58.890608947457984,59.646117108661656,11.225975360171873,20.0,kinematic,False,0,0.0,,,,random,once,0,0,0.05055100007211877,0.02069600009235728,2320.000000000002
random-s0-0090,prm,1,0,completed,True,False,3,383,0,,49.99067199901219,0.13052394777809972,2316.6666666666633,65.95653300007598,35.124142541937346,139,0,0,0,11870.003814557276,11691.478354288018,59.50848675642002,59.572859450716976,10.690097406967055,20.0,kinematic,False,0,0.0,,,,random,cycle,0,0,0.5255080000097223,0.275923000003786,2316.6666666666633
random-s0-0090,prm,1,0,completed,True,False,3,383,0,,6.2586630008354405,0.016341156660144754,2316.6666666666633,19.988763000014842,115.89845087787289,139,0,0,0,11870.003814557276,11691.478354288018,59.50848675642002,59.572859450716976,10.690097406967055,20.0,kinematic,False,0,0.0,,,,random,event,0,0,0.08467700001801859,0.051125000027241185,2316.6666666666633
random-s0-0090,visibility,1,0,completed,True,False,3,3,0,,0.04938700010370667,0.01646233336790222,2320.000000000002,2.8905660000191347,802.6109765300789,116,0,0,0,11870.003814557276,11693.331987714897,58.890608947457984,59.646117108661656,11.225975360171873,20.0,kinematic,False,0,0.0,,,,random,once,0,0,0.04938700010370667,0.02002600001560495,2320.000000000002
random-s0-0090,visibility,1,0,completed,True,False,3,383,0,,20.62614699855203,0.05385416970901313,2316.6666666666633,35.546410000051765,65.17301372102808,139,0,0,0,11870.003814557276,11691.478354288018,59.50848675642002,59.572859450716976,10.690097406967055,20.0,kinematic,False,0,0.0,,,,random,cycle,0,0,0.21850999996786413,0.11233700001866964,2316.6666666666633
random-s0-0090,visibility,1,0,completed,True,False,3,383,0,,5.906293999373702,0.015421133157633686,2316.6666666666633,19.41363299999921,119.33194918574786,139,0,0,0,11870.003814557276,11691.478354288018,59.50848675642002,59.572859450716976,10.690097406967055,20.0,kinematic,False,0,0.0,,,,random,event,0,0,0.06208999991486053,0.037529999985963514,2316.6666666666633
random-s0-0091,voronoi,1,0,completed,True,False,3,3,0,,0.10517500004425528,0.03505833334808509,2400.000000000002,3.087574999995013,777.3090532226353,120,0,0,0,12492.56919830052,12317.321345354816,58.41595098190137,59.07121123515301,10.451395453510344,20.0,kinematic,False,0,0.0,,,,random,once,0,0,0.10517500004425528,0.048515999992559955,2400.000000000002
random-s0-0091,voronoi,1,0,completed,True,False,3,391,0,,10.566838000272583,0.027025161126016835,2399.9999999999964,24.953266000011354,96.17979466090348,144,0,0,0,12492.56919830052,12314.653131098792,59.305355733907696,59.429112491028256,8.991088096117096,20.0,kinematic,False,0,0.0,,,,random,cycle,0,0,0.08157100012340379,0.05800500002806075,2399.9999999999964
random-s0-0091,voronoi,1,0,completed,True,False,3,391,0,,11.820277999390782,0.030230890024017347,2399.9999999999964,26.476086000002397,90.64783971466852,144,0,0,0,12492.56919830052,12314.653131098792,59.305355733907696,59.429112491028256,8.991088096117096,20.0,kinematic,False,0,0.0,,,,random,event,0,0,0.0879840000607146,0.09450900006413576,2399.9999999999964
random-s0-0091,prm,1,0,completed,True,False,3,3,0,,0.049508999950376165,0.01650299998345872,2400.000000000002,3.002908999974352,799.2250181475697,120,0,0,0,12492.56919830052,12317.321345354816,58.41595098190137,59.07121123515301,10.451395453510344,20.0,kinematic,False,0,0.0,,,,random,once,0,0,0.049508999950376165,0.020011999936286884,2400.000000000002
random-s0-0091,prm,1,0,completed,True,False,3,391,0,,50.70676300033483,0.12968481585763383,2399.9999999999964,67.21550899999329,35.706045162884,144,0,0,0,12492.56919830052,12314.653131098792,59.305355733907696,59.429112491028256,8.991088096117096,20.0,kinematic,False,0,0.0,,,,random,cycle,0,0,0.5438790000198424,0.25571799994850153,2399.9999999999964
random-s0-0091,prm,1,0,completed,True,False,3,391,0,,6.516321000617609,0.016665782610275213,2399.9999999999964,21.007000999929915,114.24762630363104,144,0,0,0,12492.56919830052,12314.653131098792,59.305355733907696,59.429112491028256,8.991088096117096,20.0,kinematic,False,0,0.0,,,,random,event,0,0,0.08522399991761631,0.06170299991481443,2399.9999999999964
random-s0-0091,visibility,1,0,completed,True,False,3,3,0,,0.049784999873736524,0.016594999957912176,2400.000000000002,3.0851930000608263,777.9091939961891,120,0,0,0,12492.56919830052,12317.321345354816,58.41595098190137,59.07121123515301,10.451395453510344,20.0,kinematic,False,0,0.0,,,,random,once,0,0,0.049784999873736524,0.019601999952101323,2400.000000000002
random-s0-0091,visibility,1,0,completed,True,False,3,391,0,,21.024200997089793,0.053770335030920186,2399.9999999999964,36.72151199998552,65.35678596243375,144,0,0,0,12492.56919830052,12314.653131098792,59.305355733907696,59.429112491028256,8.991088096117096,20.0,kinematic,False,0,0.0,,,,random,cycle,0,0,0.27667599999858794,0.12817499998618587,2399.9999999999964
random-s0-0091,visibility,1,0,completed,True,False,3,391,0,,6.314716999895609,0.016150171355231734,2399.9999999999964,20.555939000018952,116.75457881042475,144,0,0,0,12492.56919830052,12314.653131098792,59.305355733907696,59.429112491028256,8.991088096117096,20.0,kinematic,False,0,0.0,,,,random,event,0,0,0.06291199997576769,0.05165999994005688,2399.9999999999964
random-s0-0092,voronoi,1,0,completed,True,False,3,3,0,,8.284131999971578,2.761377333323859,5579.999999999969,14.992948999974942,372.1749470373904,279,0,0,0,13695.554214307671,13117.73657894394,58.77774264896258,59.71958275811836,96.43704681326506,20.0,kinematic,False,0,0.0,,,,random,once,0,0,8.284131999971578,4.160181999964152,5579.999999999969
random-s0-0092,voronoi,1,0,completed,True,False,3,373,0,,125.65373399900182,0.3368732814986644,2233.3333333333303,139.90292200003296,15.963450236820673,134,0,0,0,13695.554214307671,9594.359181184722,59.011033709012146,59.83020888845485,8.997587204557533,20.0,kinematic,False,0,0.0,,,,random,cycle,26,1,7.9335159998663585,4.742216999943594,2233.3333333333303
random-s0-0092,voronoi,1,0,completed,True,False,3,374,0,,26.8613439981209,0.07182177539604519,2233.3333333333303,40.526732999978776,55.10765778565225,134,0,0,0,13695.554214307671,9664.247783031773,58.825888949932846,59.27477461121691,1.7193115700171973,20.0,kinematic,False,0,0.0,,,,random,event,1,1,8.251647000065532,4.116401000032965,2233.3333333333303
random-s0-0092,prm,1,0,completed,True,False,3,3,0,,13.08877200006009,4.36292400002003,4020.0000000000023,18.202972000040063,220.84305793532806,201,0,0,0,10373.96153093193,10019.269547951453,59.04264382371223,59.88204652458711,59.207614032194414,20.0,kinematic,False,0,0.0,,,,random,once,0,0,13.08877200006009,6.710883000096146,4020.0000000000023
random-s0-0092,prm,1,0,completed,True,False,3,370,0,,223.03402399904826,0.6027946594568871,2316.6666666666633,239.84371500000634,9.65906764188756,139,0,0,0,10373.96153093193,9218.577830942664,58.642038031960226,59.27842372241373,2.4372466870811706,20.0,kinematic,False,0,0.0,,,,random,cycle,25,4,13.444126000081269,6.996332000085204,2316.6666666666633
random-s0-0092,prm,1,0,completed,True,False,3,377,0,,25.488953997523822,0.06760995755311358,2316.6666666666633,39.238716999989265,59.04032659037494,139,0,0,0,10373.96153093193,9433.585692455028,58.47788217052096,58.78595613809594,2.5524789212789187,20.0,kinematic,False,0,0.0,,,,random,event,0,0,19.147470999996585,11.773179999977401,2316.6666666666633
random-s0-0092,visibility,1,0,completed,True,False,3,3,0,,18.513069000050564,6.171023000016855,3000.0000000000023,22.25773499992556,134.78460409426367,150,0,3,3,9269.997114682661,9070.243335231014,58.793040679376986,59.93421676150539,-16.71697497056101,20.0,kinematic,False,0,0.0,,,,random,once,0,0,18.513069000050564,9.223495000014736,3000.0000000000023
random-s0-0092,visibility,1,0,completed,True,False,3,482,0,,1387.092478998511,2.87778522613799,3033.3333333333276,1408.624551999992,2.1534008682629753,182,0,3,3,9269.997114682661,9078.883118100886,58.67375638716663,59.65077063615908,-22.9438319323325,20.0,kinematic,False,0,0.0,,,,random,cycle,144,34,18.532663999963006,12.014560000011443,3033.3333333333276
random-s0-0092,visibility,1,0,completed,True,False,3,457,0,,195.6619019996424,0.42814420568849537,3016.666666666661,212.84098099999937,14.173335663523698,181,0,2,2,9269.997114682661,9096.560156789354,58.34910836540479,58.676826570873565,-22.9438319323325,20.0,kinematic,False,0,0.0,,,,random,event,18,23,18.772172999888426,10.016449999966426,3016.666666666661
random-s0-0093,voronoi,1,0,completed,True,False,3,3,0,,4.155903999958355,1.3853013333194515,5519.99999999997,10.623599000041395,519.5979253338215,276,0,1,1,11495.181091389657,11207.302000611337,59.614076201487855,59.99767585343675,-60.128347069087,20.0,kinematic,False,0,0.0,,,,random,once,0,0,4.155903999958355,4.071070999998483,5519.99999999997
random-s0-0093,voronoi,1,0,completed,True,False,3,387,0,,176.1747550006021,0.4552319250661553,2583.333333333329,191.7728780000516,13.4707960806253,155,0,0,0,11495.181091389657,10008.487910068267,59.135852488400964,59.52911008821342,7.4644084802181965,20.0,kinematic,False,0,0.0,,,,random,cycle,42,0,3.8977870000280745,4.4107380000468766,2583.333333333329
random-s0-0093,voronoi,1,0,completed,True,False,3,425,0,,16.615835000834522,0.039096082354904756,3216.66666666666,33.45836599999075,96.139383096818,193,0,0,0,11495.181091389657,10073.38269053201,59.05025225883988,59.27230939953017,11.809041434186582,20.0,kinematic,False,0,0.0,,,,random,event,0,0,3.9450330000363465,3.8513370000146097,3216.66666666666
random-s0-0093,prm,1,0,completed,True,False,3,3,0,,6.732617000011487,2.2442056666704957,4120.0,11.675115000002734,352.8873163132899,206,0,0,0,10583.916532981246,10301.558250316424,59.08248175006912,59.99767585343675,187.12970074749632,20.0,kinematic,False,0,0.0,,,,random,once,0,0,6.732617000011487,6.68923899991114,4120.0
random-s0-0093,prm,1,0,completed,True,False,3,377,0,,319.1487929993855,0.8465485225447891,2416.666666666663,336.0845449999488,7.190650991306462,145,0,0,0,10583.916532981246,10114.366798388386,59.06781708058236,59.325003864757605,7.94194914107652,20.0,kinematic,False,0,0.0,,,,random,cycle,42,0,7.513778999850729,7.2445329999482055,2416.666666666663
random-s0-0093,prm,1,0,completed,True,False,3,429,0,,14.31488699847705,0.033368034961484966,3283.3333333333267,31.952875000001768,102.75549018149837,197,0,0,0,10583.916532981246,9973.238799611054,58.63503717528824,59.13693706692116,9.787728368619298,20.0,kinematic,False,0,0.0,,,,random,event,0,0,6.543496000062987,6.490173000088362,3283.3333333333267
random-s0-0093,visibility,1,0,completed,True,False,3,3,0,,9.58752400015328,3.195841333384427,3040.0000000000023,13.181616999986545,230.62420945799786,152,0,1,1,9980.534315828812,9798.78462605652,59.763583324277555,59.99767585343675,-15.375718883178763,20.0,kinematic,False,0,0.0,,,,random,once,0,0,9.58752400015328,9.52424600006907,3040.0000000000023
random-s0-0093,visibility,1,0,completed,True,False,3,416,0,,960.8219690014721,2.3096681947150772,3066.6666666666606,980.6651179999335,3.1271293435226157,184,0,1,1,9980.534315828812,9803.55582126676,58.83474154231297,59.13693706692116,-16.108465169311444,20.0,kinematic,False,0,0.0,,,,random,cycle,101,5,9.575604999895404,14.40232200002356,3066.6666666666606
random-s0-0093,visibility,1,0,completed,True,False,3,414,0,,63.61546800076212,0.15366055072647855,3033.3333333333276,79.2885580000302,38.25688611126175,182,0,1,1,9980.534315828812,9827.407942973028,58.752121457996566,59.13693706692116,-11.592323430329998,20.0,kinematic,False,0,0.0,,,,random,event,5,4,9.362210999825038,10.36874400006127,3033.3333333333276
random-s0-0094,voronoi,1,0,completed,True,False,3,3,0,,0.1028539998060296,0.03428466660200987,2240.0000000000014,2.9446620000044277,760.6985114069571,112,0,0,0,9684.885134750148,9507.99329596479,58.963946261784734,59.36237267692137,267.7557593152768,20.0,kinematic,False,0,0.0,,,,random,once,0,0,0.1028539998060296,0.04680999995798629,2240.0000000000014
random-s0-0094,voronoi,1,0,completed,True,False,3,358,0,,9.797442999570194,0.02736715921667652,2249.999999999997,23.065431999953034,97.54857398745352,135,0,0,0,9684.885134750148,9508.954298176555,58.643612191197974,58.91569537170408,267.7557593152768,20.0,kinematic,False,0,0.0,,,,random,cycle,0,0,0.08848300001318421,0.06517900010294397,2249.999999999997
random-s0-0094,voronoi,1,0,completed,True,False,3,358,0,,10.252035999997133,0.0286369720670311,2249.999999999997,23.265519000005952,96.70964142254557,135,0,0,0,9684.885134750148,9508.954298176555,58.643612191197974,58.91569537170408,267.7557593152768,20.0,kinematic,False,0,0.0,,,,random,event,0,0,0.08641700003408914,0.06261600003654166,2249.999999999997
random-s0-0094,prm,1,0,completed,True,False,3,3,0,,0.052582000080292346,0.017527333360097447,2240.0000000000014,2.766168999983165,809.7842178166388,112,0,0,0,9684.885134750148,9507.99329596479,58.963946261784734,59.36237267692137,267.7557593152768,20.0,kinematic,False,0,0.0,,,,random,once,0,0,0.052582000080292346,0.021694999986721086,2240.0000000000014
random-s0-0094,prm,1,0,completed,True,False,3,358,0,,46.0076270026093,0.12851292458829414,2249.999999999997,61.03500599999734,36.86409074818629,135,0,0,0,9684.885134750148,9508.954298176555,58.643612191197974,58.91569537170408,267.7557593152768,20.0,kinematic,False,0,0.0,,,,random,cycle,0,0,0.5915530000493163,0.32010200004606304,2249.999999999997
random-s0-0094,prm,1,0,completed,True,False,3,358,0,,5.656232000205819,0.015799530726831896,2249.999999999997,18.213147999972534,123.53712823304295,135,0,0,0,9684.885134750148,9508.954298176555,58.643612191197974,58.91569537170408,267.7557593152768,20.0,kinematic,False,0,0.0,,,,random,event,0,0,0.08870900012425409,0.05484600001182116,2249.999999999997
random-s0-0094,visibility,1,0,completed,True,False,3,3,0,,0.047809000079723774,0.015936333359907923,2240.0000000000014,2.7796470000112095,805.8577222183134,112,0,0,0,9684.885134750148,9507.99329596479,58.963946261784734,59.36237267692137,267.7557593152768,20.0,kinematic,False,0,0.0,,,,random,once,0,0,0.047809000079723774,0.018694999994295358,2240.0000000000014
random-s0-0094,visibility,1,0,completed,True,False,3,358,0,,19.940256999689154,0.055699041898573054,2249.999999999997,34.51042400001825,65.19769215234236,135,0,0,0,9684.885134750148,9508.954298176555,58.643612191197974,58.91569537170408,267.7557593152768,20.0,kinematic,False,0,0.0,,,,random,cycle,0,0,0.1898389999723804,0.15834099997391604,2249.999999999997
random-s0-0094,visibility,1,0,completed,True,False,3,358,0,,5.694180001000859,0.01590553072905268,2249.999999999997,18.319743000006383,122.81831682896495,135,0,0,0,9684.885134750148,9508.954298176555,58.643612191197974,58.91569537170408,267.7557593152768,20.0,kinematic,False,0,0.0,,,,random,event,0,0,0.06326599987005466,0.05080200003249047,2249.999999999997
random-s0-0095,voronoi,1,0,completed,True,False,3,3,0,,0.1271280000310071,0.0423760000103357,2200.0000000000014,2.866251000000375,767.5531556725889,110,0,0,0,11537.816509068462,11361.471816648245,58.78156414007291,59.39039188433814,34.11969083002995,20.0,kinematic,False,0,0.0,,,,random,once,0,0,0.1271280000310071,0.07135700002436351,2200.0000000000014
random-s0-0095,voronoi,1,0,completed,True,False,3,380,0,,10.441879997870274,0.027478631573342824,2199.9999999999973,24.461224999981823,89.93825942902009,132,0,0,0,11537.816509068462,11360.814991689918,59.00050579284842,59.74373956895933,34.119690830030095,20.0,kinematic,False,0,0.0,,,,random,cycle,0,0,0.10271700000430428,0.059992000046804606,2199.9999999999973
random-s0-0095,voronoi,1,0,completed,True,False,3,380,0,,11.06972899901848,0.029130865786890735,2199.9999999999973,24.704747999976462,89.05170779325874,132,0,0,0,11537.816509068462,11360.814991689918,59.00050579284842,59.74373956895933,34.119690830030095,20.0,kinematic,False,0,0.0,,,,random,event,0,0,0.08651899997857981,0.0641489999679834,2199.9999999999973
random-s0-0095,prm,1,0,completed,True,False,3,3,0,,0.04936999994242797,0.016456666647475988,2200.0000000000014,2.815871000052539,781.2857904211356,110,0,0,0,11537.816509068462,11361.471816648245,58.78156414007291,59.39039188433814,34.11969083002995,20.0,kinematic,False,0,0.0,,,,random,once,0,0,0.04936999994242797,0.019793000092249713,2200.0000000000014
random-s0-0095,prm,1,0,completed,True,False,3,380,0,,48.61772800052222,0.12794138947505848,2199.9999999999973,64.40780499997345,34.157350960817624,132,0,0,0,11537.816509068462,11360.814991689918,59.00050579284842,59.74373956895933,34.119690830030095,20.0,kinematic,False,0,0.0,,,,random,cycle,0,0,0.5310210000288862,0.27979800006505684,2199.9999999999973
random-s0-0095,prm,1,0,completed,True,False,3,380,0,,6.0924389997580874,0.016032734209889703,2199.9999999999973,19.488134999960494,112.88920155799707,132,0,0,0,11537.816509068462,11360.814991689918,59.00050579284842,59.74373956895933,34.119690830030095,20.0,kinematic,False,0,0.0,,,,random,event,0,0,0.05876900013390696,0.05401700002494181,2199.9999999999973
random-s0-0095,visibility,1,0,completed,True,False,3,3,0,,0.050315000066802895,0.0167716666889343,2200.0000000000014,2.813234999962333,782.0178548999489,110,0,0,0,11537.816509068462,11361.471816648245,58.78156414007291,59.39039188433814,34.11969083002995,20.0,kinematic,False,0,0.0,,,,random,once,0,0,0.050315000066802895,0.017856999988907774,2200.0000000000014
random-s0-0095,visibility,1,0,completed,True,False,3,380,0,,20.59537800084854,0.05419836316012774,2199.9999999999973,35.46758899994984,62.02846209825846,132,0,0,0,11537.816509068462,11360.814991689918,59.00050579284842,59.74373956895933,34.119690830030095,20.0,kinematic,False,0,0.0,,,,random,cycle,0,0,0.19875099997079815,0.1118679999763117,2199.9999999999973
random-s0-0095,visibility,1,0,completed,True,False,3,380,0,,5.9951079992970335,0.01577659999815009,2199.9999999999973,19.26664500001607,114.18697962194052,132,0,0,0,11537.816509068462,11360.814991689918,59.00050579284842,59.74373956895933,34.119690830030095,20.0,kinematic,False,0,0.0,,,,random,event,0,0,0.05778099989584007,0.05056499992406316,2199.9999999999973
random-s0-0096,voronoi,1,0,completed,True,False,3,3,0,,11.995142000046144,3.998380666682048,6299.999999999954,19.759564999958457,318.8329297741726,315,2,0,2,17222.422362819736,16754.650154648076,58.371453550865475,58.689035437327306,-138.5964480825744,20.0,kinematic,False,0,0.0,,,,random,once,0,0,11.995142000046144,4.2885430000296765,6299.999999999954
random-s0-0096,voronoi,1,0,completed,True,False,3,514,0,,522.2604140000158,1.0160708443580073,3333.333333333326,544.0021310000702,6.127426977547807,200,0,0,0,17222.422362819736,15257.974346854684,59.03352022671303,59.860242554974356,14.106647148140837,20.0,kinematic,False,0,0.0,,,,random,cycle,128,0,11.931783000022733,4.42995699995663,3333.333333333326
random-s0-0096,voronoi,1,0,completed,True,False,3,713,0,,59.288372999844796,0.08315339831675286,4349.99999999999,85.85215899995546,50.66849862217497,261,1,0,1,17222.422362819736,16399.50991127368,58.68798193899122,58.79261960385646,-3.1459060869699726,20.0,kinematic,False,0,0.0,,,,random,event,8,0,11.66680400012865,4.459601999997176,4349.99999999999
random-s0-0096,prm,1,0,completed,True,False,3,3,0,,19.15981800004829,6.386606000016097,4599.99999999999,24.73791500005973,185.94938174817415,230,0,0,0,14547.893221331573,14309.97017247587,58.61721639772429,58.80122563193768,53.27200718388238,20.0,kinematic,False,0,0.0,,,,random,once,0,0,19.15981800004829,6.994142000053216,4599.99999999999
random-s0-0096,prm,1,0,completed,True,False,3,466,0,,922.2369459995434,1.9790492403423678,3049.999999999994,946.584013000006,3.222112309221912,183,0,1,1,14547.893221331573,14726.933925673118,59.00426681710758,59.893422007098486,-0.6813178986552941,20.0,kinematic,False,0,0.0,,,,random,cycle,134,1,18.322131999866542,8.680733999995027,3049.999999999994
random-s0-0096,prm,1,0,completed,True,False,3,450,0,,28.00148399956015,0.06222551999902256,2933.3333333333276,44.84294600001704,65.41348405905832,176,0,0,0,14547.893221331573,14052.191938686829,58.60542138890776,58.67942668575056,1.0474686618659632,20.0,kinematic,False,0,0.0,,,,random,event,0,0,20.351345000108267,7.011847000057969,2933.3333333333276
random-s0-0096,visibility,1,0,completed,True,False,3,3,0,,31.427907999955096,10.475969333318366,3620.0000000000027,35.857640000017454,100.9547756070461,181,0,1,1,13944.36695759045,13764.502923360866,58.9829426069638,59.762243406397296,-8.808588415657368,20.0,kinematic,False,0,0.0,,,,random,once,0,0,31.427907999955096,11.926865999953407,3620.0000000000027
random-s0-0096,visibility,1,0,completed,True,False,3,521,0,,1932.4620879982604,3.709140284065759,3449.9999999999927,1957.940452999992,1.7620556308103446,207,0,1,1,13944.36695759045,13764.39540105249,58.81965550933207,59.985846830803474,-8.823826822918079,20.0,kinematic,False,0,0.0,,,,random,cycle,207,17,29.275779999807128,10.719627000071341,3449.9999999999927
random-s0-0096,visibility,1,0,completed,True,False,3,521,0,,206.15108299909934,0.39568346065086246,3449.9999999999927,226.1217970000189,15.257264207924655,207,0,1,1,13944.36695759045,13764.39540105249,58.81965550933207,59.985846830803474,-8.823826822918079,20.0,kinematic,False,0,0.0,,,,random,event,19,17,29.503414000032535,9.98583000000508,3449.9999999999927
random-s0-0097,voronoi,1,0,completed,True,False,3,3,0,,4.202988999850277,1.4009963332834257,5439.999999999972,10.523616999989827,516.932533748162,272,0,0,0,12763.127339747294,12573.660653629722,58.56923809656555,59.15239442328151,31.231949048159805,20.0,kinematic,False,0,0.0,,,,random,once,0,0,4.202988999850277,4.133926999998039,5439.999999999972
random-s0-0097,voronoi,1,0,completed,True,False,3,417,0,,224.27906999996594,0.537839496402796,3049.999999999994,245.50503599994045,12.423370411027879,183,0,0,0,12763.127339747294,12874.1246477234,59.16363132675192,59.82732333030735,10.314286881727242,20.0,kinematic,False,0,0.0,,,,random,cycle,46,0,4.051710999988245,7.379080999953658,3049.999999999994
random-s0-0097,voronoi,1,0,completed,True,False,3,423,0,,35.86944600067454,0.08479774468244573,3099.999999999994,58.38562299993555,53.09526285269605,186,0,0,0,12763.127339747294,12863.47137530558,59.18557889773057,59.82732333030735,6.52801962273341,20.0,kinematic,False,0,0.0,,,,random,event,2,0,7.2271479999699295,7.1449299999812865,3099.999999999994
random-s0-0097,prm,1,0,completed,True,False,3,3,0,,8.938918999888301,2.9796396666294336,4699.999999999988,16.925984999943466,277.6795560208571,235,0,1,1,12744.610622162247,12554.096332237816,58.702041088501346,59.55080339908892,-31.533010377041137,20.0,kinematic,False,0,0.0,,,,random,once,0,0,8.938918999888301,8.876184999962788,4699.999999999988
random-s0-0097,prm,1,0,completed,True,False,3,419,0,,364.4647280001436,0.8698442195707485,3016.666666666661,384.6840549999797,7.841933211052432,181,0,0,0,12744.610622162247,12824.590161999595,58.924648766746316,59.82732333030735,0.9094941225953335,20.0,kinematic,False,0,0.0,,,,random,cycle,48,0,8.314071999961925,10.4257080000707,3016.666666666661
random-s0-0097,prm,1,0,completed,True,False,3,419,0,,25.624361000723184,0.06115599284182144,3016.666666666661,41.59157299989147,72.53071834225969,181,0,0,0,12744.610622162247,12824.590161999595,58.924648766746316,59.82732333030735,0.9094941225953335,20.0,kinematic,False,0,0.0,,,,random,event,2,0,6.013341999846489,6.386584000097173,3016.666666666661
random-s0-0097,visibility,1,0,completed,True,False,3,3,0,,10.757948999980727,3.5859829999935755,3680.0000000000027,15.39615500007585,239.02071653486684,184,0,0,0,12643.095669911509,12468.2195859372,58.152190385162775,58.28984868020709,13.847378031125004,20.0,kinematic,False,0,0.0,,,,random,once,0,0,10.757948999980727,10.71085800003857,3680.0000000000027
random-s0-0097,visibility,1,0,completed,True,False,3,439,0,,857.6215329994739,1.953579801821125,3399.9999999999927,877.6977049999459,3.8737710952544897,204,0,0,0,12643.095669911509,12465.990373068791,59.85842166553169,59.98903388843226,1.1847719952401974,20.0,kinematic,False,0,0.0,,,,random,cycle,86,0,10.449294000068221,11.226844999896457,3399.9999999999927
random-s0-0097,visibility,1,0,completed,True,False,3,440,0,,31.71401399856677,0.0720773045421972,3399.9999999999927,49.1130540000313,69.22803049465884,204,0,0,0,12643.095669911509,12464.427055858032,59.670222093441566,59.82732333030735,1.1847719952401974,20.0,kinematic,False,0,0.0,,,,random,event,1,0,11.088257999972484,12.743043000000398,3399.9999999999927
random-s0-0098,voronoi,1,0,completed,True,False,3,3,0,,4.2262930001015775,1.4087643333671924,6919.99999999994,12.394297000014376,558.3212988999629,346,0,2,2,17023.84877579088,16507.94668344417,58.8792159153798,59.91595335022323,-67.58339820279858,20.0,kinematic,False,0,0.0,,,,random,once,0,0,4.2262930001015775,4.1504179999947155,6919.99999999994
random-s0-0098,voronoi,1,0,completed,True,False,3,567,0,,829.305745999136,1.4626203633141728,4849.999999999988,856.759014999966,5.660868359815486,291,0,1,1,17023.84877579088,15586.213287422743,59.08317209158425,59.74922446436575,-67.15883858103737,20.0,kinematic,False,0,0.0,,,,random,cycle,207,0,4.0129689999730545,5.102483000086977,4849.999999999988
random-s0-0098,voronoi,1,0,completed,True,False,3,630,0,,27.48794100102714,0.04363165238258276,5866.6666666666515,54.35923499999262,107.92401082663227,352,0,1,1,17023.84877579088,15653.458824455687,59.304364575880804,59.65878119754156,-67.15883858103737,20.0,kinematic,False,0,0.0,,,,random,event,1,0,3.9014019998830918,4.046668000000864,5866.6666666666515
random-s0-0098,prm,1,0,completed,True,False,3,3,0,,6.285169000079804,2.095056333359935,5479.999999999971,12.85262600003989,426.37201144598487,274,0,1,1,15794.123114693248,15491.043519846306,59.36446973780769,59.91595335022323,-67.58339820279858,20.0,kinematic,False,0,0.0,,,,random,once,0,0,6.285169000079804,6.2482990000489735,5479.999999999971
random-s0-0098,prm,1,0,completed,True,False,3,475,0,,722.8891460001705,1.5218718863161484,3316.6666666666597,750.3814499999635,4.419974223332441,199,0,0,0,15794.123114693248,14922.879963761983,58.984429830901114,59.46137842011143,3.599810435358904,20.0,kinematic,False,0,0.0,,,,random,cycle,104,0,9.654753999939203,12.5651129999369,3316.6666666666597
random-s0-0098,prm,1,0,completed,True,False,3,544,0,,21.903513001348074,0.04026381066424278,4466.666666666656,43.69098800009397,102.23313482077928,268,0,1,1,15794.123114693248,14895.19610844613,58.783653946419626,59.46137842011143,-66.33490877868874,20.0,kinematic,False,0,0.0,,,,random,event,1,0,5.975824999836732,6.222380000053818,4466.666666666656
random-s0-0098,visibility,1,0,completed,True,False,3,3,0,,10.261098999990281,3.4203663333300938,4080.000000000001,15.194931999985783,268.5105797119604,204,0,2,2,13891.854781125689,13702.688309353642,58.86570094952745,59.91595335022323,-14.725314109440632,20.0,kinematic,False,0,0.0,,,,random,once,0,0,10.261098999990281,10.226405000025807,4080.000000000001
random-s0-0098,visibility,1,0,completed,True,False,3,519,0,,1892.644057001121,3.6467130192699826,4083.333333333324,1919.8981910000157,2.126848888381129,245,0,2,2,13891.854781125689,13702.090157005227,59.158965079592,59.77206947631666,-15.100925467989782,20.0,kinematic,False,0,0.0,,,,random,cycle,193,30,10.128051000037885,17.70857500002876,4083.333333333324
random-s0-0098,visibility,1,0,completed,True,False,3,519,0,,322.9526489993759,0.6222594393051559,4083.333333333324,343.9072099999976,11.873357738947528,245,0,2,2,13891.854781125689,13702.234432148402,59.160148306019344,59.77561915559871,-15.100925467989782,20.0,kinematic,False,0,0.0,,,,random,event,32,30,9.71912899990457,9.9040170000535,4083.333333333324
random-s0-0099,voronoi,1,0,completed,True,False,3,3,0,,7.921810000084406,2.6406033333614687,8519.999999999907,17.879338000057032,476.52771036448496,426,0,0,0,23070.08073386542,22102.168921150733,58.297191449971365,58.74401875264989,54.00940138622062,20.0,kinematic,False,0,0.0,,,,random,once,0,0,7.921810000084406,3.980208000029961,8519.999999999907
random-s0-0099,voronoi,1,0,completed,True,False,3,531,0,,500.45127599935313,0.9424694463264655,3483.3333333333258,522.034185999928,6.672615370315626,209,0,0,0,23070.08073386542,18399.3337905059,59.188143612615015,59.87245334760721,10.205467353779227,20.0,kinematic,False,0,0.0,,,,random,cycle,125,0,7.731536999926902,5.000712999958523,3483.3333333333258
random-s0-0099,voronoi,1,0,completed,True,False,3,520,0,,31.561616998828868,0.06069541730544013,3666.6666666666583,51.451815000064016,71.2640878978146,220,0,0,0,23070.08073386542,18434.60508434762,59.23563557571768,59.87245334760721,0.6374138122565967,20.0,kinematic,False,0,0.0,,,,random,event,2,0,8.037674999968658,4.114393999998356,3666.6666666666583
random-s0-0099,prm,1,0,completed,True,False,3,3,0,,12.371497999993153,4.123832666664384,5419.999999999973,18.872313999963808,287.1931868031852,271,1,0,1,17150.19031856431,16891.73831796967,58.44901263781818,59.27911003193856,-146.53539158459398,20.0,kinematic,False,0,0.0,,,,random,once,0,0,12.371497999993153,6.1785259999851405,5419.999999999973
random-s0-0099,prm,1,0,completed,True,False,3,499,0,,895.5936339993968,1.7947768216420779,3399.9999999999927,919.4685150000623,3.6977883902851882,204,0,0,0,17150.19031856431,16535.457823507186,59.39761755419573,59.87245334760721,2.0764317293184433,20.0,kinematic,False,0,0.0,,,,random,cycle,144,0,12.20927400004257,6.4365829999815105,3399.9999999999927
random-s0-0099,prm,1,0,completed,True,False,3,628,0,,29.469118002111827,0.046925347137120745,4549.999999999989,53.10252699996454,85.6833046759343,273,0,0,0,17150.19031856431,16570.111111319515,59.55143152550662,59.90541973428804,3.6961607112496893,20.0,kinematic,False,0,0.0,,,,random,event,1,0,11.927490999937618,6.067941999958748,4549.999999999989
random-s0-0099,visibility,1,0,completed,True,False,3,3,0,,18.719941000085782,6.2399803333619275,3700.0000000000027,23.17742900004305,159.6380685706396,185,0,0,0,16426.354943375947,16249.692949062992,58.4955771906971,59.345729528289944,5.188942123554909,20.0,kinematic,False,0,0.0,,,,random,once,0,0,18.719941000085782,9.439860000043154,3700.0000000000027
random-s0-0099,visibility,1,0,completed,True,False,3,521,0,,2003.4372140009964,3.8453689328234097,3566.666666666659,2027.7272699999003,1.7589479213675685,214,0,0,0,16426.354943375947,16251.358753564498,58.73323516226688,59.87245334760721,0.3499133401801089,20.0,kinematic,False,0,0.0,,,,random,cycle,204,0,18.701817999954073,12.29169600003388,3566.666666666659
random-s0-0099,visibility,1,0,completed,True,False,3,576,0,,136.36923300032322,0.23675214062556116,4483.333333333323,158.86371000010513,28.221255397663544,269,0,1,1,16426.354943375947,16268.702565607888,59.261683502805,59.87245334760721,-1.2471801941773037,20.0,kinematic,False,0,0.0,,,,random,event,11,1,18.912932000034743,10.127627999963806,4483.333333333323
random-s0-0100,voronoi,1,0,completed,True,False,3,3,0,,0.10135600007288303,0.03378533335762768,2640.000000000002,3.3246660000259,794.0647270972289,132,0,0,0,14613.045833720567,14437.334045564932,58.57059605187825,58.610400266983056,297.2218308019072,20.0,kinematic,False,0,0.0,,,,random,once,0,0,0.10135600007288303,0.046954000026744325,2640.000000000002
random-s0-0100,voronoi,1,0,completed,True,False,3,417,0,,11.411068999450436,0.02736467385959337,2649.9999999999955,26.893749999999272,98.53590518243335,159,0,0,0,14613.045833720567,14436.23891580942,58.9356393037163,59.37508801649074,296.9983652335899,20.0,kinematic,False,0,0.0,,,,random,cycle,0,0,0.08265100007065485,0.08453500004179659,2649.9999999999955
random-s0-0100,voronoi,1,0,completed,True,False,3,417,0,,12.195515000485102,0.029245839329700485,2649.9999999999955,27.31650299995181,97.01095341540133,159,0,0,0,14613.045833720567,14436.23891580942,58.9356393037163,59.37508801649074,296.9983652335899,20.0,kinematic,False,0,0.0,,,,random,event,0,0,0.09314500005075388,0.08701299998392642,2649.9999999999955
random-s0-0100,prm,1,0,completed,True,False,3,3,0,,0.0594739999542071,0.019824666651402367,2640.000000000002,3.266380000013669,808.2341919767308,132,0,0,0,14613.045833720567,14437.334045564932,58.57059605187825,58.610400266983056,297.2218308019072,20.0,kinematic,False,0,0.0,,,,random,once,0,0,0.0594739999542071,0.02940700005638064,2640.000000000002
random-s0-0100,prm,1,0,completed,True,False,3,417,0,,53.44584399915675,0.12816749160469246,2649.9999999999955,70.94381600006727,37.35350238275148,159,0,0,0,14613.045833720567,14436.23891580942,58.9356393037163,59.37508801649074,296.9983652335899,20.0,kinematic,False,0,0.0,,,,random,cycle,0,0,0.49845199998799217,0.25571300000137853,2649.9999999999955
random-s0-0100,prm,1,0,completed,True,False,3,417,0,,6.512393999173582,0.015617251796579334,2649.9999999999955,21.396002999949815,123.85490878862801,159,0,0,0,14613.045833720567,14436.23891580942,58.9356393037163,59.37508801649074,296.9983652335899,20.0,kinematic,False,0,0.0,,,,random,event,0,0,0.05900899998323439,0.04887699992650596,2649.9999999999955
random-s0-0100,visibility,1,0,completed,True,False,3,3,0,,0.04802100011147559,0.01600700003715853,2640.000000000002,3.2296000000542335,817.4386920843663,132,0,0,0,14613.045833720567,14437.334045564932,58.57059605187825,58.610400266983056,297.2218308019072,20.0,kinematic,False,0,0.0,,,,random,once,0,0,0.04802100011147559,0.019441000063125102,2640.000000000002
random-s0-0100,visibility,1,0,completed,True,False,3,417,0,,22.01983300028587,0.052805354916752686,2649.9999999999955,38.496505000011894,68.83741783829926,159,0,0,0,14613.045833720567,14436.23891580942,58.9356393037163,59.37508801649074,296.9983652335899,20.0,kinematic,False,0,0.0,,,,random,cycle,0,0,0.191311999969912,0.0887950000105775,2649.9999999999955
random-s0-0100,visibility,1,0,completed,True,False,3,417,0,,6.569165001337751,0.015753393288579737,2649.9999999999955,21.734079999987443,121.92832638885687,159,0,0,0,14613.045833720567,14436.23891580942,58.9356393037163,59.37508801649074,296.9983652335899,20.0,kinematic,False,0,0.0,,,,random,event,0,0,0.05816299994876317,0.04729399995540007,2649.9999999999955
random-s0-0101,voronoi,1,0,completed,True,False,3,3,0,,4.00859700005185,1.3361990000172834,5099.999999999979,9.955238999964422,512.2930750349847,255,0,1,1,10059.374718322659,9864.600498078278,58.37477212981697,58.48864526614723,-172.49692935594885,20.0,kinematic,False,0,0.0,,,,random,once,0,0,4.00859700005185,3.934364000087953,5099.999999999979
random-s0-0101,voronoi,1,0,completed,True,False,3,372,0,,119.44843499986746,0.3210979435480308,2649.9999999999955,134.3774570000278,19.720569648817268,159,0,1,1,10059.374718322659,9900.854465303259,59.30363653512118,59.972380055479064,-173.61265080046752,20.0,kinematic,False,0,0.0,,,,random,cycle,28,0,3.8221880000719466,4.342758000007052,2649.9999999999955
random-s0-0101,voronoi,1,0,completed,True,False,3,483,0,,18.707362001237016,0.03873159834624641,4499.999999999989,38.873453999940466,115.76023061925191,270,0,1,1,10059.374718322659,9828.214196700203,59.347630315881304,59.972380055479064,-173.61265080046752,20.0,kinematic,False,0,0.0,,,,random,event,0,0,4.029295999998794,3.9679739999201047,4499.999999999989
random-s0-0101,prm,1,0,completed,True,False,3,3,0,,6.388439000033941,2.1294796666779803,3460.0000000000027,10.640872999942985,325.161290809367,173,0,1,1,10190.031522460056,9995.66443991478,58.90271783018195,59.81524906091787,-172.49692935594885,20.0,kinematic,False,0,0.0,,,,random,once,0,0,6.388439000033941,6.352164999952947,3460.0000000000027
random-s0-0101,prm,1,0,completed,True,False,3,371,0,,204.74519499862254,0.5518738409666376,2633.333333333329,221.09245000001465,11.910552953450715,158,0,1,1,10190.031522460056,9902.410701074723,59.191015850228716,59.972380055479064,-173.61265080046752,20.0,kinematic,False,0,0.0,,,,random,cycle,24,0,6.580873999951109,7.440892999966309,2633.333333333329
random-s0-0101,prm,1,0,completed,True,False,3,371,0,,12.311683000461926,0.03318512938129899,2633.333333333329,26.073840000094606,100.99522484312914,158,0,1,1,10190.031522460056,9902.410701074723,59.191015850228716,59.972380055479064,-173.61265080046752,20.0,kinematic,False,0,0.0,,,,random,event,0,0,6.308786999966287,6.263203999992584,2633.333333333329
random-s0-0101,visibility,1,0,completed,True,False,3,3,0,,9.859666000011202,3.2865553333370676,3660.0000000000027,14.187819999960993,257.9677498030046,183,0,2,2,9990.595083177595,9813.57338634905,58.8421114860384,59.63343002848724,-172.49692935594885,20.0,kinematic,False,0,0.0,,,,random,once,0,0,9.859666000011202,9.82543899999655,3660.0000000000027
random-s0-0101,visibility,1,0,completed,True,False,3,434,0,,1283.8431879990821,2.958164027647655,3683.3333333333253,1305.8326270000862,2.8206779775407482,221,0,2,2,9990.595083177595,9811.259378412768,59.61632811155376,59.972380055479064,-173.61265080046752,20.0,kinematic,False,0,0.0,,,,random,cycle,138,9,9.748402000013812,18.193956999994043,3683.3333333333253
random-s0-0101,visibility,1,0,completed,True,False,3,434,0,,223.79938099982155,0.5156667764972847,3683.3333333333253,241.85278799996013,15.229650085050633,221,0,2,2,9990.595083177595,9811.259378412768,59.61632811155376,59.972380055479064,-173.61265080046752,20.0,kinematic,False,0,0.0,,,,random,event,24,9,9.919467000145232,9.875243000010414,3683.3333333333253
random-s0-0102,voronoi,1,0,completed,True,False,3,3,0,,4.019163000066328,1.3397210000221094,5379.999999999974,10.426469999970323,515.9943873636319,269,0,0,0,12871.826847917262,12579.420366633918,59.466415629975636,59.99383004101579,161.52096568146408,20.0,kinematic,False,0,0.0,,,,random,once,0,0,4.019163000066328,3.9338270000826014,5379.999999999974
random-s0-0102,voronoi,1,0,completed,True,False,3,367,0,,22.001496000370935,0.05994958038248211,2316.6666666666633,35.998640000002524,64.35428301364999,139,0,0,0,12871.826847917262,10217.494281101872,58.810358594736435,59.063365681493345,161.52096568146408,20.0,kinematic,False,0,0.0,,,,random,cycle,2,0,3.931356000066444,4.288229999929172,2316.6666666666633
random-s0-0102,voronoi,1,0,completed,True,False,3,367,0,,14.67082699969069,0.03997500544874847,2316.6666666666633,28.269415999943703,81.94957641400434,139,0,0,0,12871.826847917262,10217.933076584117,58.81285359831952,59.063365681493345,161.52096568146408,20.0,kinematic,False,0,0.0,,,,random,event,0,0,4.088378999995257,4.019097999957921,2316.6666666666633
random-s0-0102,prm,1,0,completed,True,False,3,3,0,,6.622999999990498,2.207666666663499,3780.0000000000027,11.21965699996963,336.90869515977494,189,0,0,0,10388.300072801017,10201.249067596933,59.371826323745466,59.7100621223253,161.52096568146408,20.0,kinematic,False,0,0.0,,,,random,once,0,0,6.622999999990498,6.574651000050835,3780.0000000000027
random-s0-0102,prm,1,0,completed,True,False,3,368,0,,89.7429059997421,0.24386659239060354,2316.6666666666633,105.79578099998344,21.897533576192664,139,0,0,0,10388.300072801017,10153.034098855667,58.48560263473646,59.063365681493345,161.52096568146408,20.0,kinematic,False,0,0.0,,,,random,cycle,5,0,7.203108999988217,7.803938000051858,2316.6666666666633
random-s0-0102,prm,1,0,completed,True,False,3,368,0,,13.04710399972464,0.03545408695577348,2316.6666666666633,26.194368000005852,88.44140338358787,139,0,0,0,10388.300072801017,10153.034098855667,58.48560263473646,59.063365681493345,161.52096568146408,20.0,kinematic,False,0,0.0,,,,random,event,0,0,7.012999999915337,6.9522039999583285,2316.6666666666633
random-s0-0102,visibility,1,0,completed,True,False,3,3,0,,9.61161899988383,3.203872999961277,3060.0000000000023,13.30946899997798,229.9115013532895,153,0,0,0,10327.478378531985,10149.956497721392,59.05548040322137,59.63609145966706,161.52096568146408,20.0,kinematic,False,0,0.0,,,,random,once,0,0,9.61161899988383,9.563205999938873,3060.0000000000023
random-s0-0102,visibility,1,0,completed,True,False,3,366,0,,97.63868399954845,0.26677236065450394,2316.6666666666633,112.63347700003123,20.568189213105985,139,0,0,0,10327.478378531985,10147.7775702677,58.9683653074493,59.45664580286684,161.52096568146408,20.0,kinematic,False,0,0.0,,,,random,cycle,7,0,9.617398000045796,9.970233999979428,2316.6666666666633
random-s0-0102,visibility,1,0,completed,True,False,3,366,0,,15.73583900005815,0.04299409562857418,2316.6666666666633,29.039071000056538,79.77757506988267,139,0,0,0,10327.478378531985,10148.45546035343,58.790467872566786,59.063365681493345,161.52096568146408,20.0,kinematic,False,0,0.0,,,,random,event,0,0,9.925788000032298,9.871008999994046,2316.6666666666633
random-s0-0103,voronoi,1,0,completed,True,False,3,3,0,,4.631189999940943,1.5437299999803145,6699.999999999945,20.657855999957064,324.3318183655589,335,1,1,2,15272.13113027942,14919.566137429858,58.63948783138486,59.37153058496732,-60.31587915325254,20.0,kinematic,False,0,0.0,,,,random,once,0,0,4.631189999940943,4.559358999927099,6699.999999999945
random-s0-0103,voronoi,1,0,completed,True,False,3,468,0,,407.43620900184396,0.8705901901748803,3099.999999999994,427.39037700005156,7.253321943651577,186,0,0,0,15272.13113027942,14944.482492462586,58.950058905315494,59.32493499108921,0.2979387633583599,20.0,kinematic,False,0,0.0,,,,random,cycle,102,0,4.306179000082011,6.166953999922953,3099.999999999994
random-s0-0103,voronoi,1,0,completed,True,False,3,545,0,,63.27722900016397,0.1161050073397504,4383.333333333323,85.50625700002001,51.26330501558847,263,0,0,0,15272.13113027942,15847.343113228606,58.94510817554417,59.32493499108921,9.05735916716057,20.0,kinematic,False,0,0.0,,,,random,event,11,0,3.928551999933916,4.10353299992039,4383.333333333323
random-s0-0103,prm,1,0,completed,True,False,3,3,0,,7.297005000054924,2.4323350000183077,3500.0000000000027,11.628614999949605,300.9816732272219,175,1,1,2,13631.676839023286,13446.811601056288,59.101850208801636,59.514413835494864,-60.31587915325254,20.0,kinematic,False,0,0.0,,,,random,once,0,0,7.297005000054924,7.255060000034064,3500.0000000000027
random-s0-0103,prm,1,0,completed,True,False,3,448,0,,414.2476400002124,0.9246599107147598,2816.6666666666615,436.52978400007214,6.4524043259009245,169,0,0,0,13631.676839023286,14871.236282840964,58.881156483606865,59.32493499108921,49.95685016698718,20.0,kinematic,False,0,0.0,,,,random,cycle,49,0,7.10619400001633,9.322244000031787,2816.6666666666615
random-s0-0103,prm,1,0,completed,True,False,3,468,0,,63.55762299938306,0.1358068867508185,3149.9999999999936,82.30864300003304,38.27058599421605,189,0,0,0,13631.676839023286,14662.395021919707,59.226294088405325,59.32493499108921,49.95685016698718,20.0,kinematic,False,0,0.0,,,,random,event,5,0,7.19234600001073,11.176479000027939,3149.9999999999936
random-s0-0103,visibility,1,0,completed,True,False,3,3,0,,10.141108999960124,3.3803696666533747,3440.0000000000027,14.244402000031187,241.49837950322316,172,1,1,2,13584.70868195416,13405.839640088165,58.7402075172497,59.37153058496732,-60.31587915325254,20.0,kinematic,False,0,0.0,,,,random,once,0,0,10.141108999960124,10.10193000001891,3440.0000000000027
random-s0-0103,visibility,1,0,completed,True,False,3,432,0,,626.7892450002819,1.450901030093245,2583.333333333329,646.1442559999568,3.9980752120676617,155,0,0,0,13584.70868195416,13409.442332259301,59.07690399052303,59.65456059283497,84.23241531089775,20.0,kinematic,False,0,0.0,,,,random,cycle,61,0,10.18433299998378,11.082824999903096,2583.333333333329
random-s0-0103,visibility,1,0,completed,True,False,3,433,0,,119.4698159993095,0.2759118152408995,2583.333333333329,135.22729299995717,19.10363859264821,155,0,0,0,13584.70868195416,13417.518507272245,59.27258609676821,59.6686568044186,84.23241531089775,20.0,kinematic,False,0,0.0,,,,random,event,10,0,10.887158000059571,10.933214000033331,2583.333333333329
random-s0-0104,voronoi,1,0,completed,True,False,3,3,0,,4.142309999906502,1.3807699999688339,4539.999999999991,9.461889000021984,479.81962164103203,227,1,0,1,16784.076426178417,16438.375168233764,59.076011012037895,59.46578745681437,-139.27082390233807,20.0,kinematic,False,0,0.0,,,,random,once,0,0,4.142309999906502,4.070268999953441,4539.999999999991
random-s0-0104,voronoi,1,0,completed,True,False,3,424,0,,79.31104399995093,0.18705434905648805,2699.9999999999955,95.44224799992662,28.28935881730354,162,0,0,0,16784.076426178417,14465.633344453543,59.02039446551845,59.674656107960615,9.986784742969178,20.0,kinematic,False,0,0.0,,,,random,cycle,16,0,4.059270999960063,4.023297999992792,2699.9999999999955
random-s0-0104,voronoi,1,0,completed,True,False,3,424,0,,18.23601500109362,0.043009469342201935,2699.9999999999955,33.93488599999728,79.56413939331378,162,0,0,0,16784.076426178417,14467.273216119216,59.05449338602309,59.77695286947451,9.246105208826208,20.0,kinematic,False,0,0.0,,,,random,event,0,0,5.871600999967086,5.802481999921838,2699.9999999999955
random-s0-0104,prm,1,0,completed,True,False,3,3,0,,8.762026999988848,2.9206756666629494,3920.000000000003,13.794707999977618,284.16694285999847,196,0,0,0,14876.94903661043,14645.178875675776,59.26651075317869,59.92957298135306,265.9199534626473,20.0,kinematic,False,0,0.0,,,,random,once,0,0,8.762026999988848,8.72231499999998,3920.000000000003
random-s0-0104,prm,1,0,completed,True,False,3,426,0,,284.23532300109855,0.6672190680776962,2699.9999999999955,303.7065859999757,8.890159530489113,162,0,0,0,14876.94903661043,14181.243654871345,58.8016247768405,59.16931722179579,10.840697849087974,20.0,kinematic,False,0,0.0,,,,random,cycle,34,0,11.110215999906359,10.805699999991702,2699.9999999999955
random-s0-0104,prm,1,0,completed,True,False,3,425,0,,13.791152000521834,0.032449769412992546,2699.9999999999955,29.0582729999187,92.91674009696136,162,0,0,0,14876.94903661043,14205.564064741227,58.895189051320926,59.29903986536804,10.780568391124177,20.0,kinematic,False,0,0.0,,,,random,event,0,0,6.803605000072821,6.761420000088947,2699.9999999999955
random-s0-0104,visibility,1,0,completed,True,False,3,3,0,,9.733113000152116,3.2443710000507053,3020.0000000000023,13.351390000025276,226.19367721220675,151,0,0,0,14161.685158102671,13985.661644570606,58.58356293727068,59.46578745681437,1.2685613556901387,20.0,kinematic,False,0,0.0,,,,random,once,0,0,9.733113000152116,9.688668000080725,3020.0000000000023
random-s0-0104,visibility,1,0,completed,True,False,3,470,0,,888.9568840015727,1.8913976255352611,3016.666666666661,910.0514730000668,3.3148308158020416,181,0,1,1,14161.685158102671,13985.040142139074,58.78990165506533,59.16931722179579,-0.5271036940702345,20.0,kinematic,False,0,0.0,,,,random,cycle,87,1,9.457558000008248,16.721864000032838,3016.666666666661
random-s0-0104,visibility,1,0,completed,True,False,3,470,0,,59.33507099916824,0.1262448319131239,3016.666666666661,76.4446160000034,39.462120741983014,181,0,1,1,14161.685158102671,13985.040142139074,58.78990165506533,59.16931722179579,-0.5271036940702345,20.0,kinematic,False,0,0.0,,,,random,event,4,1,9.83083699998133,12.090539000041645,3016.666666666661
random-s0-0105,voronoi,1,0,completed,True,False,3,3,0,,0.10695800006033096,0.03565266668677699,2120.0000000000014,2.7694829999518333,765.4858325676208,106,0,0,0,7529.604550153554,7353.605938510871,58.666203880895125,58.97122292085993,185.74100125635346,20.0,kinematic,False,0,0.0,,,,random,once,0,0,0.10695800006033096,0.05029500005093723,2120.0000000000014
random-s0-0105,voronoi,1,0,completed,True,False,3,330,0,,8.959295999375172,0.027149381816288398,2133.3333333333308,21.448176000035346,99.46455742109795,128,0,0,0,7529.604550153554,7353.859088379708,58.58182059128094,59.26627336609133,185.74100125635346,20.0,kinematic,False,0,0.0,,,,random,cycle,0,0,0.0849120001475967,0.08681399992838124,2133.3333333333308
random-s0-0105,voronoi,1,0,completed,True,False,3,330,0,,9.669239000118068,0.029300724242782024,2133.3333333333308,21.813051999970412,97.80077236950723,128,0,0,0,7529.604550153554,7353.859088379708,58.58182059128094,59.26627336609133,185.74100125635346,20.0,kinematic,False,0,0.0,,,,random,event,0,0,0.08661099991513765,0.09719100000893377,2133.3333333333308
random-s0-0105,prm,1,0,completed,True,False,3,3,0,,0.049278999995294726,0.01642633333176491,2120.0000000000014,2.7030810000496786,784.2902228830875,106,0,0,0,7529.604550153554,7353.605938510871,58.666203880895125,58.97122292085993,185.74100125635346,20.0,kinematic,False,0,0.0,,,,random,once,0,0,0.049278999995294726,0.01917000008688774,2120.0000000000014
random-s0-0105,prm,1,0,completed,True,False,3,330,0,,43.24675600048522,0.1310507757590461,2133.3333333333308,57.43942599997354,37.14057541825564,128,0,0,0,7529.604550153554,7353.859088379708,58.58182059128094,59.26627336609133,185.74100125635346,20.0,kinematic,False,0,0.0,,,,random,cycle,0,0,0.5232570000544001,0.3308100000367631,2133.3333333333308
random-s0-0105,prm,1,0,completed,True,False,3,330,0,,5.249305999313947,0.01590698787670893,2133.3333333333308,17.06625899998926,125.00298591124589,128,0,0,0,7529.604550153554,7353.859088379708,58.58182059128094,59.26627336609133,185.74100125635346,20.0,kinematic,False,0,0.0,,,,random,event,0,0,0.059652000004462025,0.07232300004034187,2133.3333333333308
random-s0-0105,visibility,1,0,completed,True,False,3,3,0,,0.07218400003239367,0.024061333344131224,2120.0000000000014,2.6589600000761493,797.3042091416521,106,0,0,0,7529.604550153554,7353.605938510871,58.666203880895125,58.97122292085993,185.74100125635346,20.0,kinematic,False,0,0.0,,,,random,once,0,0,0.07218400003239367,0.03702100002556108,2120.0000000000014
random-s0-0105,visibility,1,0,completed,True,False,3,330,0,,17.87657699958345,0.05417144545328318,2133.3333333333308,31.311125000001994,68.13339774068146,128,0,0,0,7529.604550153554,7353.859088379708,58.58182059128094,59.26627336609133,185.74100125635346,20.0,kinematic,False,0,0.0,,,,random,cycle,0,0,0.19561599981443578,0.12653900000714202,2133.3333333333308
random-s0-0105,visibility,1,0,completed,True,False,3,330,0,,5.205156999750216,0.015773203029546108,2133.3333333333308,16.925605999972504,126.04176969124748,128,0,0,0,7529.604550153554,7353.859088379708,58.58182059128094,59.26627336609133,185.74100125635346,20.0,kinematic,False,0,0.0,,,,random,event,0,0,0.07872799994856905,0.06888399991566985,2133.3333333333308
random-s0-0106,voronoi,1,0,completed,True,False,3,3,0,,4.090305999966404,1.3634353333221345,3940.000000000003,8.753122000030089,450.1251096450454,197,0,0,0,13140.72779813903,12831.250045318278,58.816968990239864,59.565738383268794,218.9662852609535,20.0,kinematic,False,0,0.0,,,,random,once,0,0,4.090305999966404,4.002326999966499,3940.000000000003
random-s0-0106,voronoi,1,0,completed,True,False,3,399,0,,68.90491000149268,0.17269401002880372,2283.3333333333303,83.72160600004008,27.272928010151134,137,0,0,0,13140.72779813903,12059.629833008657,59.22646704338414,59.916584497762706,220.31237973980132,20.0,kinematic,False,0,0.0,,,,random,cycle,14,0,3.9871870000069976,4.229807000001529,2283.3333333333303
random-s0-0106,voronoi,1,0,completed,True,False,3,399,0,,16.01889799962919,0.04014761403415837,2283.3333333333303,30.174267000006694,75.67154268678088,137,0,0,0,13140.72779813903,12080.047826640537,59.255745838180225,59.916584497762706,220.31237973980132,20.0,kinematic,False,0,0.0,,,,random,event,0,0,4.193604999954914,4.12308700003905,2283.3333333333303
random-s0-0106,prm,1,0,completed,True,False,3,3,0,,6.856470000002446,2.285490000000815,3060.0000000000023,10.679015999926378,286.5432545490238,153,0,0,0,12317.937083099567,12114.96917975699,58.63295054156148,59.565738383268794,218.9662852609535,20.0,kinematic,False,0,0.0,,,,random,once,0,0,6.856470000002446,6.789507999997113,3060.0000000000023
random-s0-0106,prm,1,0,completed,True,False,3,389,0,,147.64458200056652,0.37954905398603217,2283.3333333333303,164.51085500000318,13.879529915112812,137,0,0,0,12317.937083099567,11957.75582032145,59.06768650823924,59.916584497762706,149.91391046737584,20.0,kinematic,False,0,0.0,,,,random,cycle,13,0,6.867258999932346,8.784158000025855,2283.3333333333303
random-s0-0106,prm,1,0,completed,True,False,3,389,0,,13.198235998402197,0.033928627245249865,2283.3333333333303,27.310223999961636,83.60727225586058,137,0,0,0,12317.937083099567,11957.75582032145,59.06768650823924,59.916584497762706,149.91391046737584,20.0,kinematic,False,0,0.0,,,,random,event,0,0,6.726505000074212,6.666717000030076,2283.3333333333303
random-s0-0106,visibility,1,0,completed,True,False,3,3,0,,10.308180000038192,3.4360600000127306,3060.0000000000023,13.979060999986359,218.8988230327479,153,0,0,0,12108.086463152433,11931.201786564365,58.70319570311947,59.565738383268794,218.9662852609535,20.0,kinematic,False,0,0.0,,,,random,once,0,0,10.308180000038192,10.25760300001366,3060.0000000000023
random-s0-0106,visibility,1,0,completed,True,False,3,400,0,,303.4636929995713,0.7586592324989283,2299.999999999997,320.3464509999776,7.179726801468943,138,0,0,0,12108.086463152433,11930.233277001073,58.90747046528568,59.916584497762706,125.83872590523663,20.0,kinematic,False,0,0.0,,,,random,cycle,27,0,10.164513999939118,14.031412999997883,2299.999999999997
random-s0-0106,visibility,1,0,completed,True,False,3,400,0,,69.27605299972583,0.1731901324993146,2299.999999999997,84.8321930000111,27.11234872826753,138,0,0,0,12108.086463152433,11931.119370188833,59.36262495687968,59.916584497762706,132.32585534771772,20.0,kinematic,False,0,0.0,,,,random,event,3,0,17.643977000034283,17.72712899992257,2299.999999999997
random-s0-0107,voronoi,1,0,completed,True,False,3,3,0,,0.10181899995131971,0.033939666650439904,2160.0000000000014,2.8118180000547,768.1862766217379,108,0,0,0,9682.577714367191,9505.672554538258,58.96838660964406,59.98459048872148,709.6154343300974,20.0,kinematic,False,0,0.0,,,,random,once,0,0,0.10181899995131971,0.046978999989732984,2160.0000000000014
random-s0-0107,voronoi,1,0,completed,True,False,3,358,0,,30.744877000074666,0.085879544692946,2199.9999999999973,44.183851999946455,49.79194661440255,132,0,0,0,9682.577714367191,9645.44529802978,59.26793895102933,59.929248713138165,709.710300370767,20.0,kinematic,False,0,0.0,,,,random,cycle,5,0,0.08866399991802609,4.1739149999102665,2199.9999999999973
random-s0-0107,voronoi,1,0,completed,True,False,3,358,0,,14.69847199916785,0.041057184355217456,2199.9999999999973,28.044029999932718,78.44806898314098,132,0,0,0,9682.577714367191,9618.988400143215,59.490731567267495,59.929248713138165,709.710300370767,20.0,kinematic,False,0,0.0,,,,random,event,1,0,0.15935300007186015,4.036697000060485,2199.9999999999973
random-s0-0107,prm,1,0,completed,True,False,3,3,0,,0.051839999969161,0.017279999989720334,2160.0000000000014,2.9142920000140293,741.1748719721988,108,0,0,0,9682.577714367191,9505.672554538258,58.96838660964406,59.98459048872148,709.6154343300974,20.0,kinematic,False,0,0.0,,,,random,once,0,0,0.051839999969161,0.021477000018421677,2160.0000000000014
random-s0-0107,prm,1,0,completed,True,False,3,355,0,,70.80178800003978,0.19944165633814023,2166.666666666664,86.01242800000364,25.190158178845646,130,0,0,0,9682.577714367191,9530.224497368843,59.85251075884896,59.929248713138165,709.710300370767,20.0,kinematic,False,0,0.0,,,,random,cycle,4,0,1.0458169998628364,6.486821999942549,2166.666666666664
random-s0-0107,prm,1,0,completed,True,False,3,355,0,,19.32357200007573,0.054432597183311913,2166.666666666664,31.993647000035708,67.72177822254042,130,0,0,0,9682.577714367191,9530.224497368843,59.85251075884896,59.929248713138165,709.710300370767,20.0,kinematic,False,0,0.0,,,,random,event,2,0,0.0592220000044108,6.74609899999723,2166.666666666664
random-s0-0107,visibility,1,0,completed,True,False,3,3,0,,0.050190000024485926,0.016730000008161976,2160.0000000000014,2.6352490000363105,819.6568900966244,108,0,0,0,9682.577714367191,9505.672554538258,58.96838660964406,59.98459048872148,709.6154343300974,20.0,kinematic,False,0,0.0,,,,random,once,0,0,0.050190000024485926,0.020145999997112085,2160.0000000000014
random-s0-0107,visibility,1,0,completed,True,False,3,355,0,,55.65849100025844,0.15678448169086884,2166.666666666664,69.63973799997802,31.112504568402418,130,0,0,0,9682.577714367191,9504.048805324011,59.743224379984014,59.929248713138165,709.710300370767,20.0,kinematic,False,0,0.0,,,,random,cycle,4,0,0.2634839999018368,9.386727999981304,2166.666666666664
random-s0-0107,visibility,1,0,completed,True,False,3,355,0,,32.94503899985557,0.09280292676015653,2166.666666666664,45.5794980000519,47.535992315321174,130,0,0,0,9682.577714367191,9504.304673360873,59.73863887571385,59.929248713138165,709.710300370767,20.0,kinematic,False,0,0.0,,,,random,event,3,0,0.057734000051823386,9.25427499998932,2166.666666666664
random-s0-0108,voronoi,1,0,completed,True,False,3,3,0,,0.41755699999157514,0.13918566666385837,2020.0000000000014,2.9187260000753668,692.0827785642919,101,0,0,0,7879.0907409586625,7701.421631024511,59.22303664471639,59.64573370543142,19.816923034470705,20.0,kinematic,False,0,0.0,,,,random,once,0,0,0.41755699999157514,0.33027599999968515,2020.0000000000014
random-s0-0108,voronoi,1,0,completed,True,False,3,334,0,,9.032769998839285,0.027044221553411033,2033.333333333331,21.364973000004284,95.17135047785567,122,0,0,0,7879.0907409586625,7702.437183175076,58.88451926119524,59.600429019428965,19.77782147827287,20.0,kinematic,False,0,0.0,,,,random,cycle,0,0,0.08439899988843536,0.08025600004657463,2033.333333333331
random-s0-0108,voronoi,1,0,completed,True,False,3,334,0,,9.52838199918915,0.02852808981793159,2033.333333333331,21.912655999926756,92.79264610096227,122,0,0,0,7879.0907409586625,7702.437183175076,58.88451926119524,59.600429019428965,19.77782147827287,20.0,kinematic,False,0,0.0,,,,random,event,0,0,0.08816300010039413,0.0854249999520107,2033.333333333331
random-s0-0108,prm,1,0,completed,True,False,3,3,0,,0.04973000000063621,0.016576666666878737,2020.0000000000014,2.5186729999404633,802.0096296929972,101,0,0,0,7879.0907409586625,7701.421631024511,59.22303664471639,59.64573370543142,19.816923034470705,20.0,kinematic,False,0,0.0,,,,random,once,0,0,0.04973000000063621,0.019772999962697213,2020.0000000000014
random-s0-0108,prm,1,0,completed,True,False,3,334,0,,42.80587399864544,0.12816129939714202,2033.333333333331,56.73504200001389,35.83910862942224,122,0,0,0,7879.0907409586625,7702.437183175076,58.88451926119524,59.600429019428965,19.77782147827287,20.0,kinematic,False,0,0.0,,,,random,cycle,0,0,0.5157779999080958,0.26264899997840985,2033.333333333331
random-s0-0108,prm,1,0,completed,True,False,3,334,0,,5.269016999022824,0.015775499997074324,2033.333333333331,16.811860000075285,120.94636365781214,122,0,0,0,7879.0907409586625,7702.437183175076,58.88451926119524,59.600429019428965,19.77782147827287,20.0,kinematic,False,0,0.0,,,,random,event,0,0,0.05775899990112521,0.07372799996119284,2033.333333333331
random-s0-0108,visibility,1,0,completed,True,False,3,3,0,,0.04934199989747867,0.016447333299159556,2020.0000000000014,2.6259210000034727,769.2539112933443,101,0,0,0,7879.0907409586625,7701.421631024511,59.22303664471639,59.64573370543142,19.816923034470705,20.0,kinematic,False,0,0.0,,,,random,once,0,0,0.04934199989747867,0.018799999907059828,2020.0000000000014
random-s0-0108,visibility,1,0,completed,True,False,3,334,0,,18.0371280006284,0.05400337724739042,2033.333333333331,31.377479000070707,64.80231676129077,122,0,0,0,7879.0907409586625,7702.437183175076,58.88451926119524,59.600429019428965,19.77782147827287,20.0,kinematic,False,0,0.0,,,,random,cycle,0,0,0.18544799979736126,0.16886399998838897,2033.333333333331
random-s0-0108,visibility,1,0,completed,True,False,3,334,0,,5.3513750000320215,0.016022080838419227,2033.333333333331,17.420294999965336,116.72209531109417,122,0,0,0,7879.0907409586625,7702.437183175076,58.88451926119524,59.600429019428965,19.77782147827287,20.0,kinematic,False,0,0.0,,,,random,event,0,0,0.057679000065036234,0.07207999999536696,2033.333333333331
random-s0-0109,voronoi,1,0,completed,True,False,3,3,0,,8.175925000159623,2.725308333386541,7739.999999999923,17.20951800007242,449.7511202793333,387,0,0,0,17214.18919892731,16648.604172266903,58.167661273441205,58.539498272172686,31.664067490157663,20.0,kinematic,False,0,0.0,,,,random,once,0,0,8.175925000159623,4.1307070000584645,7739.999999999923
random-s0-0109,voronoi,1,0,completed,True,False,3,437,0,,151.1627339982624,0.34591014644911305,2849.9999999999945,167.94817499999226,16.96952050833613,171,0,0,0,17214.18919892731,14316.718654414033,58.601685315302554,59.04545278797691,8.700855337880256,20.0,kinematic,False,0,0.0,,,,random,cycle,33,0,8.049507999885464,5.388460000062878,2849.9999999999945
random-s0-0109,voronoi,1,0,completed,True,False,3,444,0,,25.095234001014433,0.05652079729958206,2849.9999999999945,41.496953999967445,68.67973972263675,171,0,0,0,17214.18919892731,14445.203028502154,58.939351288805966,59.32864433892264,8.700855337880256,20.0,kinematic,False,0,0.0,,,,random,event,1,0,8.201036000059503,4.161792999980207,2849.9999999999945
random-s0-0109,prm,1,0,completed,True,False,3,3,0,,13.21654299988495,4.405514333294984,5019.999999999981,19.179374000032112,261.7395124570581,251,0,0,0,15167.881962466636,14922.339087228882,58.514839449136524,59.11805188966734,16.15364068733635,20.0,kinematic,False,0,0.0,,,,random,once,0,0,13.21654299988495,6.653572000004715,5019.999999999981
random-s0-0109,prm,1,0,completed,True,False,3,416,0,,163.56710999912139,0.3931901682671187,2583.333333333329,183.04333100002168,14.113233840423408,155,0,0,0,15167.881962466636,13842.880291740428,58.438929993673945,58.834896262155304,3.289986394276866,20.0,kinematic,False,0,0.0,,,,random,cycle,13,0,20.978915999990022,13.33150300001762,2583.333333333329
random-s0-0109,prm,1,0,completed,True,False,3,421,0,,20.26440499992077,0.0481339786221396,2583.333333333329,35.372248999919975,73.03277021879987,155,0,0,0,15167.881962466636,13865.207555473855,58.746799071014685,59.30094049645286,2.8132015346107266,20.0,kinematic,False,0,0.0,,,,random,event,0,0,13.447607999978572,6.757281999966835,2583.333333333329
random-s0-0109,visibility,1,0,completed,True,False,3,3,0,,19.018144000142456,6.339381333380818,4020.0000000000023,23.885853000024326,168.30045801570947,201,0,1,1,14001.068830240954,13813.774461916779,58.36578867163058,58.74203624931363,-20.27636833468236,20.0,kinematic,False,0,0.0,,,,random,once,0,0,19.018144000142456,9.514312000078462,4020.0000000000023
random-s0-0109,visibility,1,0,completed,True,False,3,512,0,,1199.4976870000755,2.3427689199220225,3499.9999999999923,1223.9127170000756,2.859681047010296,210,0,1,1,14001.068830240954,13811.79308818051,58.75478958175676,59.97830049458918,-20.888207445941504,20.0,kinematic,False,0,0.0,,,,random,cycle,125,2,18.609162999950968,15.925470000070163,3499.9999999999923
random-s0-0109,visibility,1,0,completed,True,False,3,531,0,,37.69463000185169,0.07098800376996552,3816.666666666658,57.956349999926715,65.85415863268622,229,0,1,1,14001.068830240954,13813.248956334675,58.337086102047685,58.725190055461965,-20.888207445941504,20.0,kinematic,False,0,0.0,,,,random,event,1,2,19.123217000014847,9.624898000083704,3816.666666666658
random-s0-0110,voronoi,1,0,completed,True,False,3,3,0,,0.1007979999485542,0.03359933331618473,2340.000000000002,3.0223630000136836,774.2286416255782,117,0,0,0,11905.466164799756,11729.918397832878,58.51592232229237,59.11336094095768,103.95869031982329,20.0,kinematic,False,0,0.0,,,,random,once,0,0,0.1007979999485542,0.04587599994465563,2340.000000000002
random-s0-0110,voronoi,1,0,completed,True,False,3,389,0,,26.76268199934384,0.06879866837877593,2333.33333333333,41.39689400005864,56.36493726630855,140,0,0,0,11905.466164799756,11832.877761721156,58.871487356294544,59.63515644486318,140.69382136569055,20.0,kinematic,False,0,0.0,,,,random,cycle,4,0,0.08968999998160143,4.270689999998467,2333.33333333333
random-s0-0110,voronoi,1,0,completed,True,False,3,389,0,,15.49138999985189,0.039823624678282495,2333.33333333333,29.85455999998976,78.15668136908164,140,0,0,0,11905.466164799756,11831.685811257015,58.87252369600579,59.63515644486318,139.75886957684753,20.0,kinematic,False,0,0.0,,,,random,event,1,0,0.09022799997637776,4.032009000070502,2333.33333333333
random-s0-0110,prm,1,0,completed,True,False,3,3,0,,0.05079600009594287,0.01693200003198096,2340.000000000002,3.011713999967469,776.9662059628761,117,0,0,0,11905.466164799756,11729.918397832878,58.51592232229237,59.11336094095768,103.95869031982329,20.0,kinematic,False,0,0.0,,,,random,once,0,0,0.05079600009594287,0.020274999997127452,2340.000000000002
random-s0-0110,prm,1,0,completed,True,False,3,387,0,,74.45938199850843,0.19240150387211483,2333.33333333333,90.93114999996033,25.660440160872792,140,0,0,0,11905.466164799756,11754.693561149303,58.86906781851122,59.63515644486318,156.10438254346383,20.0,kinematic,False,0,0.0,,,,random,cycle,4,0,0.5323089999365038,6.248539000011988,2333.33333333333
random-s0-0110,prm,1,0,completed,True,False,3,387,0,,12.677017001010427,0.03275714987341195,2333.33333333333,26.624255999990964,87.63938167264173,140,0,0,0,11905.466164799756,11754.693561149303,58.86906781851122,59.63515644486318,156.10438254346383,20.0,kinematic,False,0,0.0,,,,random,event,1,0,0.06228999995983031,6.382450000046447,2333.33333333333
random-s0-0110,visibility,1,0,completed,True,False,3,3,0,,0.07558300001164753,0.02519433333721584,2340.000000000002,3.0003509999687594,779.9087506842922,117,0,0,0,11905.466164799756,11729.918397832878,58.51592232229237,59.11336094095768,103.95869031982329,20.0,kinematic,False,0,0.0,,,,random,once,0,0,0.07558300001164753,0.03809400004683994,2340.000000000002
random-s0-0110,visibility,1,0,completed,True,False,3,384,0,,61.08840299862095,0.15908438280890871,2333.33333333333,76.61941899993963,30.453550337352056,140,0,0,0,11905.466164799756,11727.81112698661,59.27658049307874,59.63515644486318,102.57046700050319,20.0,kinematic,False,0,0.0,,,,random,cycle,4,0,0.22938600000088627,10.540830000081769,2333.33333333333
random-s0-0110,visibility,1,0,completed,True,False,3,384,0,,35.38367500061668,0.0921449869807726,2333.33333333333,49.98438699999497,46.681243351720305,140,0,0,0,11905.466164799756,11727.86856432452,59.2770515470292,59.63515644486318,103.7950421460734,20.0,kinematic,False,0,0.0,,,,random,event,3,0,0.05891700004667655,9.984644999917691,2333.33333333333
random-s0-0111,voronoi,1,0,completed,True,False,3,3,0,,4.351925000037227,1.4506416666790756,3720.0000000000027,8.96995000005063,414.7180307559134,186,1,0,1,11927.67951899512,11511.94323741077,59.29323317981916,59.96217015334807,-137.85569095886896,20.0,kinematic,False,0,0.0,,,,random,once,0,0,4.351925000037227,4.276228999970044,3720.0000000000027
random-s0-0111,voronoi,1,0,completed,True,False,3,431,0,,336.98686100103714,0.7818720672877892,2649.9999999999955,354.1715409999142,7.482249964292409,159,0,0,0,11927.67951899512,11327.030315010392,58.97860911984736,59.40115985580081,2.1851914048436925,20.0,kinematic,False,0,0.0,,,,random,cycle,78,0,4.44167099999504,8.172623999939788,2649.9999999999955
random-s0-0111,voronoi,1,0,completed,True,False,3,622,0,,51.49539299986827,0.08279002090010976,5049.999999999987,76.56199500002003,65.9596187377127,303,0,0,0,11927.67951899512,14913.532454295131,58.998586540667134,59.69674398119685,3.306088430321182,20.0,kinematic,False,0,0.0,,,,random,event,7,0,4.195449000121698,4.282670999941729,5049.999999999987
random-s0-0111,prm,1,0,completed,True,False,3,3,0,,6.000740000104088,2.0002466667013628,3040.0000000000023,9.721058999957677,312.72313026937064,152,2,0,2,12052.164912935898,11703.787006926124,59.160407340323665,59.96217015334807,-137.85569095886896,20.0,kinematic,False,0,0.0,,,,random,once,0,0,6.000740000104088,5.965411000033782,3040.0000000000023
random-s0-0111,prm,1,0,completed,True,False,3,425,0,,532.9806909993522,1.254072214116123,2866.6666666666615,553.5444889999326,5.178746647529194,172,1,0,1,12052.164912935898,11205.747404719361,58.946456747389675,59.70314849467944,-148.58077589135934,20.0,kinematic,False,0,0.0,,,,random,cycle,80,12,6.047756999919329,6.785697999930562,2866.6666666666615
random-s0-0111,prm,1,0,completed,True,False,3,402,0,,38.32676599995466,0.09534021393023547,2499.999999999996,53.18690000001425,47.00405550989672,150,1,0,1,12052.164912935898,10935.87525784957,58.77147395072222,59.639731479361615,-148.58077589135934,20.0,kinematic,False,0,0.0,,,,random,event,4,12,6.266001000085453,6.676505999962501,2499.999999999996
random-s0-0111,visibility,1,0,completed,True,False,3,3,0,,9.59717900002488,3.1990596666749602,2300.000000000002,12.526065999963976,183.6171069198116,115,1,1,2,10578.568921714594,10378.972780410202,59.6724605882488,59.96217015334807,-137.85569095886896,20.0,kinematic,False,0,0.0,,,,random,once,0,0,9.59717900002488,9.562360000018089,2300.000000000002
random-s0-0111,visibility,1,0,completed,True,False,3,456,0,,1081.5698640025175,2.3718637368476263,2766.6666666666615,1104.7082329999967,2.5044320156403415,166,1,1,2,10578.568921714594,10441.451349752242,59.00360557770815,59.93141093530638,-45.09610283106713,20.0,kinematic,False,0,0.0,,,,random,cycle,115,7,9.698205000063354,15.883239000004323,2766.6666666666615
random-s0-0111,visibility,1,0,completed,True,False,3,463,0,,276.1184880005203,0.596368224623154,2833.333333333328,293.45209899997826,9.655181690602042,170,0,1,1,10578.568921714594,10471.909318004193,59.36098363805311,59.93141093530638,-45.09610283106713,20.0,kinematic,False,0,0.0,,,,random,event,29,3,9.626471999922614,9.703607999995256,2833.333333333328
random-s0-0112,voronoi,1,0,completed,True,False,3,3,0,,0.10521199999402597,0.03507066666467532,1860.0000000000011,2.43515700003627,763.8111218177299,93,0,0,0,6242.350268288592,6065.921559407838,58.80956962691787,59.918014177055205,672.3253808649406,20.0,kinematic,False,0,0.0,,,,random,once,0,0,0.10521199999402597,0.047478000055889424,1860.0000000000011
random-s0-0112,voronoi,1,0,completed,True,False,3,314,0,,8.593507000568934,0.02736785668970998,1866.666666666665,20.850779999932456,89.52502816070727,112,0,0,0,6242.350268288592,6065.3834590726965,58.98893640529844,59.80250651444295,672.348014221275,20.0,kinematic,False,0,0.0,,,,random,cycle,0,0,0.08228100000451377,0.08402399998885812,1866.666666666665
random-s0-0112,voronoi,1,0,completed,True,False,3,314,0,,9.033988999817666,0.02877066560451486,1866.666666666665,20.421613000053185,91.40642644936047,112,0,0,0,6242.350268288592,6065.3834590726965,58.98893640529844,59.80250651444295,672.348014221275,20.0,kinematic,False,0,0.0,,,,random,event,0,0,0.08814499994969083,0.07496900002479379,1866.666666666665
random-s0-0112,prm,1,0,completed,True,False,3,3,0,,0.05327500014118414,0.017758333380394713,1860.0000000000011,2.4028109999107983,774.0933432005479,93,0,0,0,6242.350268288592,6065.921559407838,58.80956962691787,59.918014177055205,672.3253808649406,20.0,kinematic,False,0,0.0,,,,random,once,0,0,0.05327500014118414,0.020363999965411494,1860.0000000000011
random-s0-0112,prm,1,0,completed,True,False,3,314,0,,43.069037998634485,0.1371625413969251,1866.666666666665,56.803268000066964,32.861959045463095,112,0,0,0,6242.350268288592,6065.3834590726965,58.98893640529844,59.80250651444295,672.348014221275,20.0,kinematic,False,0,0.0,,,,random,cycle,0,0,0.521196000022428,0.27376100001674786,1866.666666666665
random-s0-0112,prm,1,0,completed,True,False,3,314,0,,5.009518000292701,0.015953878981823887,1866.666666666665,16.25913100008347,114.80728377531874,112,0,0,0,6242.350268288592,6065.3834590726965,58.98893640529844,59.80250651444295,672.348014221275,20.0,kinematic,False,0,0.0,,,,random,event,0,0,0.05996200013669295,0.0755739999931393,1866.666666666665
random-s0-0112,visibility,1,0,completed,True,False,3,3,0,,0.047909000045365246,0.015969666681788414,1860.0000000000011,2.3871549999512354,779.170183770219,93,0,0,0,6242.350268288592,6065.921559407838,58.80956962691787,59.918014177055205,672.3253808649406,20.0,kinematic,False,0,0.0,,,,random,once,0,0,0.047909000045365246,0.01884200003132719,1860.0000000000011
random-s0-0112,visibility,1,0,completed,True,False,3,314,0,,17.030304000286378,0.05423663694358719,1866.666666666665,29.25452299996323,63.80779705992852,112,0,0,0,6242.350268288592,6065.3834590726965,58.98893640529844,59.80250651444295,672.348014221275,20.0,kinematic,False,0,0.0,,,,random,cycle,0,0,0.21868799990443222,0.11824000000615342,1866.666666666665
random-s0-0112,visibility,1,0,completed,True,False,3,314,0,,4.965712999819516,0.01581437261089018,1866.666666666665,15.785445999995318,118.25238682943888,112,0,0,0,6242.350268288592,6065.3834590726965,58.98893640529844,59.80250651444295,672.348014221275,20.0,kinematic,False,0,0.0,,,,random,event,0,0,0.06063599994377,0.075824999953511,1866.666666666665
random-s0-0113,voronoi,1,0,completed,True,False,3,3,0,,8.145578999801728,2.7151929999339095,5679.999999999967,14.855807000003551,382.3420700066048,284,0,0,0,16014.95265417322,15438.951592765012,59.26959393848423,59.96254527491886,37.615902419091384,20.0,kinematic,False,0,0.0,,,,random,once,0,0,8.145578999801728,4.113276999987647,5679.999999999967
random-s0-0113,voronoi,1,0,completed,True,False,3,410,0,,128.22373999983938,0.3127408292679009,2466.666666666663,143.9576189999343,17.134672577960522,148,0,0,0,16014.95265417322,12975.049773940931,59.32378281227947,59.71747505373736,22.7778279030436,20.0,kinematic,False,0,0.0,,,,random,cycle,28,0,7.826119000014842,4.404275999945639,2466.666666666663
random-s0-0113,voronoi,1,0,completed,True,False,3,412,0,,23.94988699984424,0.05813079368894233,2533.3333333333294,39.12252499992519,64.75383000811358,152,0,0,0,16014.95265417322,13079.95786826638,58.69455606830079,58.999281134455885,41.01515386216266,20.0,kinematic,False,0,0.0,,,,random,event,1,0,8.080917999905068,4.060961999925894,2533.3333333333294
random-s0-0113,prm,1,0,completed,True,False,3,3,0,,12.629304000029151,4.209768000009717,4339.999999999995,17.833696000025157,243.35953691225157,217,1,0,1,13134.181762408107,12922.89890914411,59.0558702687153,59.261531147106325,-131.19217921926008,20.0,kinematic,False,0,0.0,,,,random,once,0,0,12.629304000029151,6.373899000095662,4339.999999999995
random-s0-0113,prm,1,0,completed,True,False,3,407,0,,220.94464200006314,0.5428615282556833,2466.666666666663,238.25904099999207,10.352877508084761,148,0,0,0,13134.181762408107,12602.188285220322,59.195323040025066,59.67096109079673,27.07111004145196,20.0,kinematic,False,0,0.0,,,,random,cycle,26,0,13.027764000071329,6.724899999994705,2466.666666666663
random-s0-0113,prm,1,0,completed,True,False,3,407,0,,18.69037699952969,0.045922302210146655,2466.666666666663,32.88407700006246,75.01097466296461,148,0,0,0,13134.181762408107,12609.34293484616,59.382837254466445,59.77924105440357,27.07111004145196,20.0,kinematic,False,0,0.0,,,,random,event,0,0,12.124036000045635,6.080300999997235,2466.666666666663
random-s0-0113,visibility,1,0,completed,True,False,3,3,0,,19.537296000066817,6.512432000022272,4219.999999999998,24.53540699991663,171.9963316693437,211,0,0,0,12755.580667429042,12576.739980115013,59.00896438567677,59.543481687840014,9.821271844541172,20.0,kinematic,False,0,0.0,,,,random,once,0,0,19.537296000066817,9.922852000045168,4219.999999999998
random-s0-0113,visibility,1,0,completed,True,False,3,404,0,,290.31885000074453,0.718611014853328,2433.3333333333294,307.04300599995804,7.9250570303941785,146,0,0,0,12755.580667429042,12566.947822762075,58.81754445400665,59.36639676008748,11.80633495623377,20.0,kinematic,False,0,0.0,,,,random,cycle,25,0,25.598829000045953,15.759657999979026,2433.3333333333294
random-s0-0113,visibility,1,0,completed,True,False,3,407,0,,36.175320999291216,0.0888828525781111,2483.3333333333294,51.3405749999265,48.369799779937885,149,0,0,0,12755.580667429042,12565.85598693767,59.20557483956237,59.607312297187796,4.5102582466701335,20.0,kinematic,False,0,0.0,,,,random,event,1,0,19.944862999977886,9.980092999967383,2483.3333333333294
random-s0-0114,voronoi,1,0,completed,True,False,3,3,0,,4.016620000129478,1.3388733333764928,4399.9999999999945,9.229006000055051,476.7577353372344,220,0,0,0,17655.987559888574,17371.995461203544,59.117516093158805,59.789901304334386,245.0839578257278,20.0,kinematic,False,0,0.0,,,,random,once,0,0,4.016620000129478,3.932666000082463,4399.9999999999945
random-s0-0114,voronoi,1,0,completed,True,False,3,451,0,,108.17614000131925,0.239858403550597,2549.999999999996,125.16822899999624,20.37258192732017,153,0,0,0,17655.987559888574,16450.882463006998,59.31459527155457,59.96046880760373,245.63311921203888,20.0,kinematic,False,0,0.0,,,,random,cycle,24,0,3.905146000079185,4.07413200002793,2549.999999999996
random-s0-0114,voronoi,1,0,completed,True,False,3,450,0,,17.509155000198007,0.03890923333377335,2549.999999999996,33.91083599990452,75.19720245195889,153,0,0,0,17655.987559888574,16393.738132590974,59.36007414837911,59.96046880760373,237.34150320856526,20.0,kinematic,False,0,0.0,,,,random,event,0,0,3.961500999935197,3.887059000021509,2549.999999999996
random-s0-0114,prm,1,0,completed,True,False,3,3,0,,6.439657999976589,2.146552666658863,3260.0000000000023,10.345349999965947,315.11741990466567,163,0,0,0,16550.107330042054,16360.478635573705,58.575477050040966,59.789901304334386,245.0839578257278,20.0,kinematic,False,0,0.0,,,,random,once,0,0,6.439657999976589,6.391401999962909,3260.0000000000023
random-s0-0114,prm,1,0,completed,True,False,3,446,0,,204.14969800003746,0.4577347488790078,2549.999999999996,222.73976999997558,11.448337223299976,153,0,0,0,16550.107330042054,16289.483045939487,59.34949658900805,59.96046880760373,184.3668175441366,20.0,kinematic,False,0,0.0,,,,random,cycle,23,0,6.772026999897207,7.1775520000301185,2549.999999999996
random-s0-0114,prm,1,0,completed,True,False,3,449,0,,13.54352200098674,0.03016374610464753,2549.999999999996,28.98258300001544,87.98387638529795,153,0,0,0,16550.107330042054,16288.969084707936,59.34133971143215,59.96046880760373,202.6695007620275,20.0,kinematic,False,0,0.0,,,,random,event,0,0,6.3833479999857445,6.327916000032019,2549.999999999996
random-s0-0114,visibility,1,0,completed,True,False,3,3,0,,9.963821999917855,3.321273999972618,3160.0000000000023,13.71065599994381,230.4776664233245,158,0,0,0,16432.397389471626,16252.418875402524,59.065811928833114,59.789901304334386,245.0839578257278,20.0,kinematic,False,0,0.0,,,,random,once,0,0,9.963821999917855,9.918685999991794,3160.0000000000023
random-s0-0114,visibility,1,0,completed,True,False,3,449,0,,390.8862670000417,0.8705707505568857,2549.999999999996,409.42747099995813,6.2282093426023595,153,0,0,0,16432.397389471626,16237.870739842157,59.07729908743139,59.96046880760373,176.47144513715648,20.0,kinematic,False,0,0.0,,,,random,cycle,39,0,9.495981999975811,13.93869799994718,2549.999999999996
random-s0-0114,visibility,1,0,completed,True,False,3,452,0,,26.153689998864138,0.05786214601518615,2549.999999999996,41.78572500006794,61.02562537794545,153,0,0,0,16432.397389471626,16242.124726644372,59.15879846358806,59.96046880760373,211.30306904291456,20.0,kinematic,False,0,0.0,,,,random,event,1,0,9.586449000039465,9.510709999972278,2549.999999999996
random-s0-0115,voronoi,1,0,completed,True,False,3,3,0,,4.1260699999838835,1.3753566666612944,6739.9999999999445,11.936209999930725,564.6683495044962,337,0,0,0,13022.902008466343,12748.290240312264,59.31420109122694,59.844059543043066,175.6875628012948,20.0,kinematic,False,0,0.0,,,,random,once,0,0,4.1260699999838835,4.039188999968246,6739.9999999999445
random-s0-0115,voronoi,1,0,completed,True,False,3,389,0,,33.714250000912216,0.08666902313859182,2733.3333333333285,48.809965999907945,55.99949267201873,164,0,0,0,13022.902008466343,12083.798390036376,59.038405825677216,59.72869444735454,81.8785288815431,20.0,kinematic,False,0,0.0,,,,random,cycle,5,0,4.170700000031502,4.104090000055294,2733.3333333333285
random-s0-0115,voronoi,1,0,completed,True,False,3,390,0,,15.338755998527631,0.039330143585968286,2749.999999999995,30.071148999923025,91.44978131720322,165,0,0,0,13022.902008466343,12078.424852502303,59.56206431193251,59.72869444735454,82.04911935579435,20.0,kinematic,False,0,0.0,,,,random,event,0,0,4.177637999873696,4.107020999981614,2749.999999999995
random-s0-0115,prm,1,0,completed,True,False,3,3,0,,6.4558970000234694,2.15196566667449,4919.999999999983,12.289153999972768,400.3530267430032,246,0,0,0,13592.452628416224,13309.035094699531,59.05339318312406,59.844059543043066,175.6875628012948,20.0,kinematic,False,0,0.0,,,,random,once,0,0,6.4558970000234694,6.4133869999523085,4919.999999999983
random-s0-0115,prm,1,0,completed,True,False,3,390,0,,86.03921000155879,0.22061335897835585,2749.999999999995,102.86895900003401,26.733040041739763,165,0,0,0,13592.452628416224,12088.60959361309,59.06538058477912,59.72869444735454,86.99310159533474,20.0,kinematic,False,0,0.0,,,,random,cycle,5,0,6.659562999857371,6.294242999956623,2749.999999999995
random-s0-0115,prm,1,0,completed,True,False,3,390,0,,12.639855998827443,0.03240988717648062,2749.999999999995,26.949889999968946,102.04123282147584,165,0,0,0,13592.452628416224,12088.60959361309,59.06538058477912,59.72869444735454,86.99310159533474,20.0,kinematic,False,0,0.0,,,,random,event,0,0,6.4715910000359145,6.377047999990282,2749.999999999995
random-s0-0115,visibility,1,0,completed,True,False,3,3,0,,9.890571000028103,3.2968570000093678,3420.0000000000027,13.975961000028292,244.70589178039918,171,0,0,0,12262.597373800012,12082.196406041337,59.352119096100886,59.844059543043066,121.43219245232609,20.0,kinematic,False,0,0.0,,,,random,once,0,0,9.890571000028103,9.842879999951037,3420.0000000000027
random-s0-0115,visibility,1,0,completed,True,False,3,396,0,,177.47407699994255,0.44816686111096604,2849.9999999999945,194.3262780000623,14.666055611887348,171,0,0,0,12262.597373800012,12073.607961131653,59.60598595100226,59.75257571664589,73.14163720094501,20.0,kinematic,False,0,0.0,,,,random,cycle,16,0,9.485278999932234,9.401215000025331,2849.9999999999945
random-s0-0115,visibility,1,0,completed,True,False,3,399,0,,17.479873000183943,0.04380920551424547,2899.9999999999945,32.28228599994054,89.83254779433328,174,0,0,0,12262.597373800012,12077.96021373978,59.04467186208911,59.72869444735454,80.14810839800498,20.0,kinematic,False,0,0.0,,,,random,event,0,0,11.070922999920185,11.003311999957077,2899.9999999999945
random-s0-0116,voronoi,1,0,completed,True,False,3,3,0,,4.128809999997429,1.376269999999143,2500.000000000002,7.20544900002551,346.9596412369515,125,0,1,1,11976.55619571035,11747.818207681332,58.586966864767014,59.331738359733016,-4.211624370507536,20.0,kinematic,False,0,0.0,,,,random,once,0,0,4.128809999997429,4.041577999942092,2500.000000000002
random-s0-0116,voronoi,1,0,completed,True,False,3,381,0,,18.332160999989355,0.048115908136455,2349.9999999999964,32.83169500002714,71.57717565291874,141,0,0,0,11976.55619571035,11538.587544474198,59.68464129180333,59.91377645624019,5.580729870273444,20.0,kinematic,False,0,0.0,,,,random,cycle,1,0,3.984379000030458,3.9163170000620084,2349.9999999999964
random-s0-0116,voronoi,1,0,completed,True,False,3,381,0,,14.740776000508049,0.038689700788735036,2349.9999999999964,28.804244000070867,81.58519973633797,141,0,0,0,11976.55619571035,11538.655027985547,59.68199647796818,59.90584201473472,5.638875215616338,20.0,kinematic,False,0,0.0,,,,random,event,0,0,4.013422999832983,3.94507499993324,2349.9999999999964
random-s0-0116,prm,1,0,completed,True,False,3,3,0,,6.318868999983351,2.1062896666611173,3620.0000000000027,10.670864999951846,339.2414766765711,181,0,0,0,16457.141568946055,16050.268140369473,58.52590616590752,59.14855626315456,37.914727152702795,20.0,kinematic,False,0,0.0,,,,random,once,0,0,6.318868999983351,6.275696999978209,3620.0000000000027
random-s0-0116,prm,1,0,completed,True,False,3,382,0,,56.341151001333856,0.14748992408726141,2349.9999999999964,73.02100300000802,32.18252151370392,141,0,0,0,16457.141568946055,11671.847000965068,59.54345985378626,59.674035170129116,13.188507565825859,20.0,kinematic,False,0,0.0,,,,random,cycle,0,0,6.556225999929666,6.166706000044542,2349.9999999999964
random-s0-0116,prm,1,0,completed,True,False,3,382,0,,11.964485999328645,0.03132064397730012,2349.9999999999964,25.722769000026346,91.35874912990857,141,0,0,0,16457.141568946055,11671.847000965068,59.54345985378626,59.674035170129116,13.188507565825859,20.0,kinematic,False,0,0.0,,,,random,event,0,0,6.104147999963061,6.047814999988077,2349.9999999999964
random-s0-0116,visibility,1,0,completed,True,False,3,3,0,,12.318111000013232,4.10603700000441,2360.000000000002,15.296954000064034,154.27908065815734,118,0,0,0,11708.086951444187,11532.5583521962,58.467181791141854,58.97238313885756,10.633404954599769,20.0,kinematic,False,0,0.0,,,,random,once,0,0,12.318111000013232,12.262570999951095,2360.000000000002
random-s0-0116,visibility,1,0,completed,True,False,3,390,0,,234.67300200013597,0.6017256461541948,2349.9999999999964,250.3261739999516,9.387751837730123,141,0,0,0,11708.086951444187,11529.417282088782,59.43546200554105,59.674035170129116,0.14817352056684285,20.0,kinematic,False,0,0.0,,,,random,cycle,24,0,8.642003999966619,12.652215000002798,2349.9999999999964
random-s0-0116,visibility,1,0,completed,True,False,3,390,0,,15.098811000143542,0.038714900000368056,2349.9999999999964,28.94228299999213,81.19608256199538,141,0,0,0,11708.086951444187,11529.417282088782,59.43546200554105,59.674035170129116,0.14817352056684285,20.0,kinematic,False,0,0.0,,,,random,event,0,0,8.854584999994586,8.803916000033496,2349.9999999999964
random-s0-0117,voronoi,1,0,completed,True,False,3,3,0,,4.184098999985508,1.394699666661836,8419.999999999909,13.7745750000704,611.2711281441988,421,0,1,1,14906.307691989065,14288.605305636369,57.8749492867263,57.9853139935033,-123.17673499738586,20.0,kinematic,False,0,0.0,,,,random,once,0,0,4.184098999985508,4.117033000056836,8419.999999999909
random-s0-0117,voronoi,1,0,completed,True,False,3,401,0,,50.91099899925666,0.12696009725500415,2566.6666666666624,66.09869100009291,38.83082445101756,154,0,0,0,14906.307691989065,12696.754648714144,58.66188704132954,58.90497567161841,30.179966138646165,20.0,kinematic,False,0,0.0,,,,random,cycle,9,0,4.1552119998868875,4.902231999949436,2566.6666666666624
random-s0-0117,voronoi,1,0,completed,True,False,3,592,0,,26.18175900215647,0.04422594426039944,5749.9999999999845,51.46872000000258,111.71834077085454,345,0,0,0,14906.307691989065,13500.824973579707,58.62154320351053,58.90497567161841,17.234538902379143,20.0,kinematic,False,0,0.0,,,,random,event,1,0,4.096272999959183,4.0360610000789165,5749.9999999999845
random-s0-0117,prm,1,0,completed,True,False,3,3,0,,7.196107000027041,2.398702333342347,5759.999999999965,14.702695999972093,391.7648844817915,288,0,0,0,14786.119548951281,14354.194326129922,58.18014312788143,58.79814863613335,34.168663446320295,20.0,kinematic,False,0,0.0,,,,random,once,0,0,7.196107000027041,7.152615999984846,5759.999999999965
random-s0-0117,prm,1,0,completed,True,False,3,404,0,,221.46605900013583,0.5481833143567718,2616.6666666666624,239.18066500004898,10.94012622912528,157,0,0,0,14786.119548951281,12842.590059918057,58.59275399549563,58.90497567161841,13.620781792532142,20.0,kinematic,False,0,0.0,,,,random,cycle,26,0,6.977606999953423,6.990653999991991,2616.6666666666624
random-s0-0117,prm,1,0,completed,True,False,3,414,0,,27.226497999777166,0.06576448792216706,2783.3333333333285,42.41279400002895,65.62485209843588,167,0,0,0,14786.119548951281,13098.345076959513,58.959934556101835,59.23559641887648,4.311249865592771,20.0,kinematic,False,0,0.0,,,,random,event,2,0,6.989416999999776,6.943492999994305,2783.3333333333285
random-s0-0117,visibility,1,0,completed,True,False,3,3,0,,9.843784000054256,3.2812613333514187,3320.0000000000027,13.896676999934243,238.90603487551107,166,0,1,1,12797.246980228769,12610.891466801282,57.81695853618021,57.9853139935033,-23.98077916168549,20.0,kinematic,False,0,0.0,,,,random,once,0,0,9.843784000054256,9.804160000044249,3320.0000000000027
random-s0-0117,visibility,1,0,completed,True,False,3,446,0,,562.5112720007337,1.2612360358760846,3316.6666666666597,581.9761930000595,5.698973096424101,199,0,1,1,12797.246980228769,12608.419903613125,58.89857486585444,59.0515173481343,-30.443255157407464,20.0,kinematic,False,0,0.0,,,,random,cycle,56,11,9.69540500000221,16.808302999947955,3316.6666666666597
random-s0-0117,visibility,1,0,completed,True,False,3,446,0,,232.09218899933148,0.5203860739895325,3316.6666666666597,249.41570500004673,13.297745892408974,199,0,1,1,12797.246980228769,12608.734049356977,58.979567338511124,59.294494766104364,-30.443255157407464,20.0,kinematic,False,0,0.0,,,,random,event,23,11,9.682264999923973,9.9693729999899,3316.6666666666597
random-s0-0118,voronoi,1,0,completed,True,False,3,3,0,,7.9955369999424875,2.6651789999808293,6459.99999999995,15.520567000066876,416.2219073550673,323,0,0,0,14107.119795363426,13733.124204791311,59.338765157457466,59.48267309927724,65.8372746450577,20.0,kinematic,False,0,0.0,,,,random,once,0,0,7.9955369999424875,4.116833000011866,6459.99999999995
random-s0-0118,voronoi,1,0,completed,True,False,3,431,0,,245.2499599987732,0.5690254292314924,2983.3333333333276,262.67210100002103,11.357633041253546,179,0,0,0,14107.119795363426,11847.340901910075,59.68798273480083,59.9677853168015,2.626482421849232,20.0,kinematic,False,0,0.0,,,,random,cycle,59,0,7.945460999962961,4.156920000013997,2983.3333333333276
random-s0-0118,voronoi,1,0,completed,True,False,3,435,0,,21.721825000213357,0.049935229885547945,3049.999999999994,38.83888500001831,78.52954584042658,183,0,0,0,14107.119795363426,11847.80403794582,59.478633435097095,59.9677853168015,2.59656711182609,20.0,kinematic,False,0,0.0,,,,random,event,0,0,8.526762999963466,4.389027000001988,3049.999999999994
random-s0-0118,prm,1,0,completed,True,False,3,3,0,,13.212126999974316,4.404042333324772,4439.999999999994,18.45470099999602,240.58910518251966,222,0,1,1,13169.532852381022,12757.7923770483,59.04449085480612,59.257730456532435,-147.9917240416496,20.0,kinematic,False,0,0.0,,,,random,once,0,0,13.212126999974316,6.634332999965409,4439.999999999994
random-s0-0118,prm,1,0,completed,True,False,3,393,0,,246.0341319995223,0.6260410483448404,2499.999999999996,263.9142760000368,9.472772893875765,150,0,0,0,13169.532852381022,11835.256538345237,59.488484417155576,59.9677853168015,3.7695048077079036,20.0,kinematic,False,0,0.0,,,,random,cycle,27,0,12.87443399996846,7.150399000011021,2499.999999999996
random-s0-0118,prm,1,0,completed,True,False,3,461,0,,21.499748999076473,0.04663719956415721,3483.3333333333258,39.42002300004788,88.3645687707766,209,0,0,0,13169.532852381022,11934.896826097125,59.173698884414755,59.9677853168015,1.7509531144875154,20.0,kinematic,False,0,0.0,,,,random,event,0,0,13.12981299997773,6.56293800000185,3483.3333333333258
random-s0-0118,visibility,1,0,completed,True,False,3,3,0,,20.447517999855336,6.815839333285112,3260.0000000000023,24.535188999948332,132.87038465474495,163,0,1,1,11972.464796375842,11771.713650670477,59.0880191929806,59.539687251220634,-40.16950839242216,20.0,kinematic,False,0,0.0,,,,random,once,0,0,20.447517999855336,10.312681999948836,3260.0000000000023
random-s0-0118,visibility,1,0,completed,True,False,3,458,0,,998.8916499997913,2.1809861353707234,2983.3333333333276,1019.3820619999769,2.926609604528626,179,0,1,1,11972.464796375842,11769.959423108145,59.30468679247022,59.9677853168015,-40.81743484447048,20.0,kinematic,False,0,0.0,,,,random,cycle,101,3,19.087097000010544,13.624380000010206,2983.3333333333276
random-s0-0118,visibility,1,0,completed,True,False,3,458,0,,37.68225999999686,0.08227567685588834,2983.3333333333276,54.32280299999093,54.918619227616546,179,0,1,1,11972.464796375842,11769.959423108145,59.30468679247022,59.9677853168015,-40.81743484447048,20.0,kinematic,False,0,0.0,,,,random,event,1,3,19.30813300009504,10.133153000083439,2983.3333333333276
random-s0-0119,voronoi,1,0,completed,True,False,3,3,0,,0.10128200005965482,0.03376066668655161,2660.000000000002,3.419795000013437,777.8244017520203,133,0,1,1,13083.541838091958,12906.112532494844,59.143101865705624,59.83274059048505,-21.146302200281923,20.0,kinematic,False,0,0.0,,,,random,once,0,0,0.10128200005965482,0.04504300000007788,2660.000000000002
random-s0-0119,voronoi,1,0,completed,True,False,3,405,0,,26.521458000615894,0.06548508148300221,2783.3333333333285,42.12827499998184,66.06805840814816,167,0,1,1,13083.541838091958,13119.101355864173,58.826526097970834,59.22612363393543,-3.482920081064634,20.0,kinematic,False,0,0.0,,,,random,cycle,5,0,0.08460500009732641,4.035321999936059,2783.3333333333285
random-s0-0119,voronoi,1,0,completed,True,False,3,405,0,,27.86565699932453,0.06880409135635686,2783.3333333333285,43.151128999966204,64.50198170563529,167,0,1,1,13083.541838091958,13119.101355864173,58.826526097970834,59.22612363393543,-3.482920081064634,20.0,kinematic,False,0,0.0,,,,random,event,5,0,0.08652400015307649,4.3280200000026525,2783.3333333333285
random-s0-0119,prm,1,0,completed,True,False,3,3,0,,0.04947900015395135,0.016493000051317114,2660.000000000002,3.267109000034907,814.1754682722803,133,0,1,1,13083.541838091958,12906.112532494844,59.143101865705624,59.83274059048505,-21.146302200281923,20.0,kinematic,False,0,0.0,,,,random,once,0,0,0.04947900015395135,0.01975200007109379,2660.000000000002
random-s0-0119,prm,1,0,completed,True,False,3,411,0,,122.53330100304538,0.2981345523188452,2883.333333333328,140.5409049999662,20.515972437590477,173,0,0,0,13083.541838091958,13416.331232655692,58.974486152732794,59.22612363393543,44.7856339442944,20.0,kinematic,False,0,0.0,,,,random,cycle,11,0,0.5594470000005458,6.785760999946433,2883.333333333328
random-s0-0119,prm,1,0,completed,True,False,3,411,0,,12.91629899799318,0.03142651824329241,2883.333333333328,28.142183999989356,102.45591931793277,173,0,0,0,13083.541838091958,13416.331232655692,58.974486152732794,59.22612363393543,44.7856339442944,20.0,kinematic,False,0,0.0,,,,random,event,1,0,0.05942799998592818,6.382770000072924,2883.333333333328
random-s0-0119,visibility,1,0,completed,True,False,3,3,0,,0.04924700010633387,0.01641566670211129,2660.000000000002,3.4434180000744163,772.488266002709,133,0,1,1,13083.541838091958,12906.112532494844,59.143101865705624,59.83274059048505,-21.146302200281923,20.0,kinematic,False,0,0.0,,,,random,once,0,0,0.04924700010633387,0.019164000036653306,2660.000000000002
random-s0-0119,visibility,1,0,completed,True,False,3,415,0,,172.27346499862506,0.415116783129217,2949.9999999999945,190.56408999995256,15.48035624130826,177,0,1,1,13083.541838091958,12912.4834787107,59.08038608179667,59.22612363393543,-56.8502958831192,20.0,kinematic,False,0,0.0,,,,random,cycle,16,5,0.20404800000051182,10.263160000022253,2949.9999999999945
random-s0-0119,visibility,1,0,completed,True,False,3,414,0,,54.902587999890784,0.13261494685963957,2933.3333333333276,70.62047200008692,41.53658635033928,176,0,1,1,13083.541838091958,12911.314558817909,59.06590338173539,59.22612363393543,-56.705771060702205,20.0,kinematic,False,0,0.0,,,,random,event,5,4,0.05781099991963856,10.137956999983544,2933.3333333333276
random-s0-0120,voronoi,1,0,completed,True,False,3,3,0,,4.5707340000262775,1.523578000008759,8919.999999999898,15.936429000021235,559.7238879543223,446,0,2,2,16295.461040936469,15913.302570105647,58.662640909020325,59.61849492023699,-72.88139666899895,20.0,kinematic,False,0,0.0,,,,random,once,0,0,4.5707340000262775,4.445054000029813,8919.999999999898
random-s0-0120,voronoi,1,0,completed,True,False,3,452,0,,361.15021499824707,0.7990049004385997,2966.666666666661,380.4974060000177,7.796811804458197,178,0,0,0,16295.461040936469,15252.149233945272,59.08199751959942,59.56837602474057,2.70776775013411,20.0,kinematic,False,0,0.0,,,,random,cycle,85,2,4.0622999999868625,5.151265999984389,2966.666666666661
random-s0-0120,voronoi,1,0,completed,True,False,3,584,0,,30.724926001880704,0.05261117466075463,4066.6666666666574,53.352141999994274,76.22311896431626,244,0,0,0,16295.461040936469,16017.144225545133,59.66735890220883,59.89834064091697,0.4357691028322108,20.0,kinematic,False,0,0.0,,,,random,event,2,0,4.191127000012784,4.120272000022851,4066.6666666666574
random-s0-0120,prm,1,0,completed,True,False,3,3,0,,6.534871000098974,2.178290333366325,4899.999999999984,12.423702000091907,394.407399659436,245,0,0,0,15389.734838222274,15144.002350495633,59.0018379861194,59.61849492023699,94.24869714492092,20.0,kinematic,False,0,0.0,,,,random,once,0,0,6.534871000098974,6.488590000003569,4899.999999999984
random-s0-0120,prm,1,0,completed,True,False,3,499,0,,1165.7258929986938,2.3361240340655187,3516.6666666666592,1192.7080039999964,2.948472429859429,211,1,0,1,15389.734838222274,15433.55162776166,59.55760103631346,59.5919593297471,-2.450057516698763,20.0,kinematic,False,0,0.0,,,,random,cycle,172,11,6.932337999955962,8.814264000079675,3516.6666666666592
random-s0-0120,prm,1,0,completed,True,False,3,536,0,,29.428361997702268,0.05490366044347438,3733.333333333325,49.383352999939234,75.59902490496987,224,0,0,0,15389.734838222274,15185.674557321763,59.192853083364405,59.56837602474057,0.897945159374359,20.0,kinematic,False,0,0.0,,,,random,event,2,0,6.400042999985089,6.751054000005752,3733.333333333325
random-s0-0120,visibility,1,0,completed,True,False,3,3,0,,10.31731899990973,3.4391063333032434,3680.0000000000027,14.745214999948075,249.57248843187173,184,0,0,0,14239.062340694905,14062.318734212735,58.53915423139366,59.61849492023699,43.981853277401626,20.0,kinematic,False,0,0.0,,,,random,once,0,0,10.31731899990973,10.266360999935387,3680.0000000000027
random-s0-0120,visibility,1,0,completed,True,False,3,448,0,,1116.9603859996187,2.4932151473205773,3099.999999999994,1137.8067389999842,2.724540024015482,186,0,0,0,14239.062340694905,14055.265374317909,59.11125779754807,59.56837602474057,0.6373143919412314,20.0,kinematic,False,0,0.0,,,,random,cycle,110,0,10.13238099994851,10.609075999923334,3099.999999999994
random-s0-0120,visibility,1,0,completed,True,False,3,533,0,,161.34361900128624,0.30270847842642823,4516.666666666656,183.1419459999779,24.6621091744171,271,0,0,0,14239.062340694905,14076.78663670644,59.138400525986604,59.56837602474057,0.7917204581873705,20.0,kinematic,False,0,0.0,,,,random,event,13,0,9.881046000032256,23.255652999978338,4516.666666666656
random-s0-0121,voronoi,1,0,completed,True,False,3,3,0,,4.09186599995337,1.36395533331779,9999.999999999876,15.626293999957852,639.9470021507882,500,0,1,1,16973.398683181917,16416.296096312784,58.71640059904487,59.250413162364545,-73.77567679016872,20.0,kinematic,False,0,0.0,,,,random,once,0,0,4.09186599995337,4.013542999928177,9999.999999999876
random-s0-0121,voronoi,1,0,completed,True,False,3,407,0,,18.892096999593377,0.046417928745929676,2833.333333333328,34.57518599998366,81.94701637569403,170,0,0,0,16973.398683181917,13490.762778113083,58.64019672821262,59.20554548280631,86.59758675979862,20.0,kinematic,False,0,0.0,,,,random,cycle,1,0,4.00208099995325,3.927454999939073,2833.333333333328
random-s0-0121,voronoi,1,0,completed,True,False,3,407,0,,15.863136001712519,0.03897576413197179,2833.333333333328,31.369251000000986,90.32199504327467,170,0,0,0,16973.398683181917,13499.594301394884,59.098756261813584,59.94804787540371,95.03382373556803,20.0,kinematic,False,0,0.0,,,,random,event,0,0,4.0863669998998375,4.023971999913556,2833.333333333328
random-s0-0121,prm,1,0,completed,True,False,3,3,0,,6.5997660000221,2.199922000007367,5039.999999999981,12.455547000058687,404.6389933718876,252,1,1,2,15018.65777701405,14778.340155168358,58.35487419989271,59.250413162364545,-146.19370666608754,20.0,kinematic,False,0,0.0,,,,random,once,0,0,6.5997660000221,6.563924000033694,5039.999999999981
random-s0-0121,prm,1,0,completed,True,False,3,421,0,,178.45038700090754,0.4238726532088065,3066.6666666666606,197.15685600010602,15.554451054266211,184,0,0,0,15018.65777701405,13672.636324036677,58.73538391484383,59.20554548280631,4.2298688280028784,20.0,kinematic,False,0,0.0,,,,random,cycle,20,0,6.468325000014374,6.449128999975073,3066.6666666666606
random-s0-0121,prm,1,0,completed,True,False,3,421,0,,25.300168998001027,0.060095413296914556,3066.6666666666606,40.907244999971226,74.9663456111214,184,0,0,0,15018.65777701405,13649.686765148628,58.728027157917495,59.20554548280631,4.2298688280028784,20.0,kinematic,False,0,0.0,,,,random,event,2,0,6.294760999935534,6.248252999967008,3066.6666666666606
random-s0-0121,visibility,1,0,completed,True,False,3,3,0,,10.529560999998466,3.5098536666661553,3660.0000000000027,14.922855000008894,245.26137927345815,183,0,0,0,13656.032115402943,13480.771504493016,58.28726768332468,59.250413162364545,223.19874949482602,20.0,kinematic,False,0,0.0,,,,random,once,0,0,10.529560999998466,10.495058000060453,3660.0000000000027
random-s0-0121,visibility,1,0,completed,True,False,3,408,0,,60.64073000015924,0.14862924019646873,2849.9999999999945,77.2053829999777,36.91452447040924,171,0,0,0,13656.032115402943,13476.365736238853,59.037193326864106,59.76335907055526,75.09436241851498,20.0,kinematic,False,0,0.0,,,,random,cycle,3,0,10.005804000115859,9.874779000028866,2849.9999999999945
random-s0-0121,visibility,1,0,completed,True,False,3,408,0,,16.472189001774495,0.04037301225925122,2849.9999999999945,31.26172100007807,91.1658062584871,171,0,0,0,13656.032115402943,13476.544512148745,59.017632157400534,59.704675562164546,76.94195326232938,20.0,kinematic,False,0,0.0,,,,random,event,0,0,9.983690000012757,9.9380359999941,2849.9999999999945
random-s0-0122,voronoi,1,0,completed,True,False,3,3,0,,0.10622699994655704,0.035408999982185684,1900.0000000000011,2.5433480000174313,747.0468060159204,95,0,0,0,7928.980346744422,7752.855936482079,58.70813675411418,59.4888084824978,289.09748453812864,20.0,kinematic,False,0,0.0,,,,random,once,0,0,0.10622699994655704,0.045848000013393175,1900.0000000000011
random-s0-0122,voronoi,1,0,completed,True,False,3,336,0,,8.981543001368664,0.02673078274216864,1899.9999999999982,21.09552399997483,90.06649941486474,114,0,0,0,7928.980346744422,7750.593996499467,59.46211674831948,59.91677136637429,289.09748453812864,20.0,kinematic,False,0,0.0,,,,random,cycle,0,0,0.08471099999951548,0.0638980000076117,1899.9999999999982
random-s0-0122,voronoi,1,0,completed,True,False,3,336,0,,9.76243700051782,0.029054872025350658,1899.9999999999982,21.719770000004246,87.47790607357383,114,0,0,0,7928.980346744422,7750.593996499467,59.46211674831948,59.91677136637429,289.09748453812864,20.0,kinematic,False,0,0.0,,,,random,event,0,0,0.08833300000787858,0.07202200004030601,1899.9999999999982
random-s0-0122,prm,1,0,completed,True,False,3,3,0,,0.05033499996898172,0.016778333322993905,1900.0000000000011,2.400706999992508,791.4335235436605,95,0,0,0,7928.980346744422,7752.855936482079,58.70813675411418,59.4888084824978,289.09748453812864,20.0,kinematic,False,0,0.0,,,,random,once,0,0,0.05033499996898172,0.02045099995484634,1900.0000000000011
random-s0-0122,prm,1,0,completed,True,False,3,336,0,,43.11141699974996,0.12830778868973203,1899.9999999999982,57.09778599998572,33.27624647303266,114,0,0,0,7928.980346744422,7750.593996499467,59.46211674831948,59.91677136637429,289.09748453812864,20.0,kinematic,False,0,0.0,,,,random,cycle,0,0,0.5496159999438532,0.28177100000448263,1899.9999999999982
random-s0-0122,prm,1,0,completed,True,False,3,336,0,,5.305405999251889,0.015789898807297288,1899.9999999999982,16.930314999967777,112.22472824655739,114,0,0,0,7928.980346744422,7750.593996499467,59.46211674831948,59.91677136637429,289.09748453812864,20.0,kinematic,False,0,0.0,,,,random,event,0,0,0.08518999993611942,0.05267099993488955,1899.9999999999982
random-s0-0122,visibility,1,0,completed,True,False,3,3,0,,0.06840200012447895,0.02280066670815965,1900.0000000000011,2.4703850000378225,769.1108875624291,95,0,0,0,7928.980346744422,7752.855936482079,58.70813675411418,59.4888084824978,289.09748453812864,20.0,kinematic,False,0,0.0,,,,random,once,0,0,0.06840200012447895,0.034994000088772736,1900.0000000000011
random-s0-0122,visibility,1,0,completed,True,False,3,336,0,,18.33656800067729,0.054573119049634786,1899.9999999999982,31.287144999964767,60.72781648827778,114,0,0,0,7928.980346744422,7750.593996499467,59.46211674831948,59.91677136637429,289.09748453812864,20.0,kinematic,False,0,0.0,,,,random,cycle,0,0,0.20123399986005097,0.2172319999544925,1899.9999999999982
random-s0-0122,visibility,1,0,completed,True,False,3,336,0,,5.340154000350594,0.01589331547723391,1899.9999999999982,16.99037799994585,111.8280005310096,114,0,0,0,7928.980346744422,7750.593996499467,59.46211674831948,59.91677136637429,289.09748453812864,20.0,kinematic,False,0,0.0,,,,random,event,0,0,0.054295000040838204,0.10813400001552509,1899.9999999999982
random-s0-0123,voronoi,1,0,completed,True,False,3,3,0,,4.033970999898884,1.3446569999662945,6939.99999999994,12.139135999973405,571.7046089618854,347,0,0,0,13205.517417187035,12807.789993511293,58.65477155271069,58.85973030842869,47.36965546930486,20.0,kinematic,False,0,0.0,,,,random,once,0,0,4.033970999898884,3.967938999949183,6939.99999999994
random-s0-0123,voronoi,1,0,completed,True,False,3,393,0,,64.65752999997676,0.16452297709917751,2599.9999999999955,80.25394900005267,32.3971596712118,156,0,0,0,13205.517417187035,11901.678548118358,58.68007194976692,59.151629008586816,92.50500793443712,20.0,kinematic,False,0,0.0,,,,random,cycle,13,0,4.013907999933508,4.021241999907943,2599.9999999999955
random-s0-0123,voronoi,1,0,completed,True,False,3,393,0,,19.817494998619622,0.05042619592524077,2599.9999999999955,34.83342900005937,74.64094333048762,156,0,0,0,13205.517417187035,11910.29345175473,58.76134823136013,59.151629008586816,91.94991172232073,20.0,kinematic,False,0,0.0,,,,random,event,1,0,4.418430999976408,4.352670000002945,2599.9999999999955
random-s0-0123,prm,1,0,completed,True,False,3,3,0,,6.761537999977918,2.2538459999926395,4659.999999999988,12.426464999975906,375.00608580227953,233,0,0,0,13171.38592181314,12867.029705579136,58.90859709742648,59.479115607183786,150.80150661444497,20.0,kinematic,False,0,0.0,,,,random,once,0,0,6.761537999977918,6.7137830000092436,4659.999999999988
random-s0-0123,prm,1,0,completed,True,False,3,386,0,,148.81214800004727,0.3855236994819878,2483.3333333333294,166.2749370000256,14.935103137840594,149,0,0,0,13171.38592181314,11848.660822468686,59.1502999461102,59.91726294538589,19.473553633357966,20.0,kinematic,False,0,0.0,,,,random,cycle,14,0,7.133583000040744,7.013465999989421,2483.3333333333294
random-s0-0123,prm,1,0,completed,True,False,3,388,0,,19.99147700018966,0.05152442525822078,2516.6666666666624,34.52916300000197,72.8852496849263,151,0,0,0,13171.38592181314,11924.303201019422,59.17216580298399,59.98286051600727,91.4938719874084,20.0,kinematic,False,0,0.0,,,,random,event,1,0,6.992628999910266,6.920094999941284,2516.6666666666624
random-s0-0123,visibility,1,0,completed,True,False,3,3,0,,9.554161999972166,3.184720666657389,3340.0000000000027,13.690054999983658,243.97272326546457,167,0,0,0,11935.67059432422,11758.300991066628,58.47382427646744,58.85973030842869,5.0923691718246005,20.0,kinematic,False,0,0.0,,,,random,once,0,0,9.554161999972166,9.508697999990545,3340.0000000000027
random-s0-0123,visibility,1,0,completed,True,False,3,433,0,,574.472171000366,1.3267255681301755,3266.66666666666,593.8275169999088,5.501036198474383,196,0,0,0,11935.67059432422,11756.831092877015,58.85187051982669,59.151629008586816,1.2082943851296193,20.0,kinematic,False,0,0.0,,,,random,cycle,58,0,10.102609000000484,10.255813000071612,3266.66666666666
random-s0-0123,visibility,1,0,completed,True,False,3,433,0,,17.001219000235324,0.03926378521994301,3266.66666666666,33.91571199995269,96.31720739553445,196,0,0,0,11935.67059432422,11756.831092877015,58.85187051982669,59.151629008586816,1.2082943851296193,20.0,kinematic,False,0,0.0,,,,random,event,0,0,9.49548399989908,9.44910299995172,3266.66666666666
random-s0-0124,voronoi,1,0,completed,True,False,3,3,0,,4.205838999837397,1.4019463332791322,5719.999999999966,11.044834000017545,517.889177871834,286,0,1,1,18920.483495325647,18697.875951675713,58.896869580924054,59.79843976844222,-138.3123194627412,20.0,kinematic,False,0,0.0,,,,random,once,0,0,4.205838999837397,4.1291219999948225,5719.999999999966
random-s0-0124,voronoi,1,0,completed,True,False,3,499,0,,201.29294600269532,0.40339267736011086,2983.3333333333276,221.1712069999976,13.488796185542181,179,0,0,0,18920.483495325647,18674.08876199675,59.270395840715985,59.81893669414036,12.716484970602608,20.0,kinematic,False,0,0.0,,,,random,cycle,45,0,4.16882899992288,4.83704900000248,2983.3333333333276
random-s0-0124,voronoi,1,0,completed,True,False,3,495,0,,31.803831000388527,0.06425016363714854,2899.9999999999945,50.30842000007851,57.64442612181954,174,0,0,0,18920.483495325647,18751.37117443401,58.708183253826384,59.81893669414036,12.716484970602608,20.0,kinematic,False,0,0.0,,,,random,event,3,0,4.738062000001264,4.669368999998369,2899.9999999999945
random-s0-0124,prm,1,0,completed,True,False,3,3,0,,7.302931000026547,2.4343103333421823,4579.99999999999,12.881153999956041,355.5582054228697,229,0,1,1,19118.163083816245,18909.78405236902,58.919715129248964,59.79843976844222,-48.981659478647714,20.0,kinematic,False,0,0.0,,,,random,once,0,0,7.302931000026547,7.267898999998579,4579.99999999999
random-s0-0124,prm,1,0,completed,True,False,3,477,0,,219.49225999833288,0.46015148846610665,2683.3333333333285,239.90863200003787,11.184813614096656,161,0,0,0,19118.163083816245,18750.31445794312,59.146327821788816,59.81893669414036,12.716484970602608,20.0,kinematic,False,0,0.0,,,,random,cycle,24,0,6.908651999992799,7.0159160000002885,2683.3333333333285
random-s0-0124,prm,1,0,completed,True,False,3,482,0,,39.601389998892955,0.08216056016367833,2766.6666666666615,56.65944099996523,48.82975578012426,166,0,0,0,19118.163083816245,18819.29175128654,58.710074514786555,59.81893669414036,12.716484970602608,20.0,kinematic,False,0,0.0,,,,random,event,4,0,6.69162300005155,6.646508000017093,2766.6666666666615
random-s0-0124,visibility,1,0,completed,True,False,3,3,0,,9.143531999939114,3.0478439999797047,3520.0000000000027,13.46275000003061,261.46218268867796,176,0,0,0,18676.72578172294,18499.600452895942,59.00200193242426,59.79843976844222,16.156352300546928,20.0,kinematic,False,0,0.0,,,,random,once,0,0,9.143531999939114,9.110220000025038,3520.0000000000027
random-s0-0124,visibility,1,0,completed,True,False,3,487,0,,426.23551100155055,0.8752269219744364,2816.6666666666615,447.21179199996186,6.298283536018437,169,0,0,0,18676.72578172294,18507.32056905347,59.151400758286854,59.81893669414036,12.716484970602608,20.0,kinematic,False,0,0.0,,,,random,cycle,44,0,9.050196999851323,12.801382000020567,2816.6666666666615
random-s0-0124,visibility,1,0,completed,True,False,3,535,0,,63.72972000031041,0.11912097196319703,3616.666666666659,85.62506999999187,42.2384082917188,217,0,0,0,18676.72578172294,18502.954218504565,58.82879662969671,59.81893669414036,0.2820490153116282,20.0,kinematic,False,0,0.0,,,,random,event,4,0,15.143214999966403,15.09615199995551,3616.666666666659
random-s0-0125,voronoi,1,0,completed,True,False,3,3,0,,11.620871999980409,3.8736239999934696,10119.999999999873,23.87837200001286,423.8144878551361,506,1,1,2,27717.85632463482,26423.095160298653,59.4145058382426,59.87000120715416,-154.92768293339492,20.0,kinematic,False,0,0.0,,,,random,once,0,0,11.620871999980409,4.059805999986565,10119.999999999873
random-s0-0125,voronoi,1,0,completed,True,False,3,755,0,,1397.028315999023,1.8503686304622822,4716.666666666655,1430.7391110000935,3.296664381649344,283,0,0,0,27717.85632463482,23183.742774062972,59.39763084736834,59.91997986730206,1.4658732075632201,20.0,kinematic,False,0,0.0,,,,random,cycle,353,0,11.703447000058986,10.320209000042269,4716.666666666655
random-s0-0125,voronoi,1,0,completed,True,False,3,952,0,,61.70002000328623,0.06481094538160317,7049.99999999998,98.80729700000757,71.35100558412644,423,0,0,0,27717.85632463482,22983.847879611552,58.745902608358,59.36128609607969,2.1625971949152074,20.0,kinematic,False,0,0.0,,,,random,event,2,0,11.359955999864724,15.190413000027547,7049.99999999998
random-s0-0125,prm,1,0,completed,True,False,3,3,0,,19.410379999953875,6.470126666651292,5999.99999999996,26.779335000014726,224.0533605482235,300,3,0,3,20995.93033535344,20768.98772606818,58.721826924773694,59.29378779143414,-164.65525848673133,20.0,kinematic,False,0,0.0,,,,random,once,0,0,19.410379999953875,6.6288669999039485,5999.99999999996
random-s0-0125,prm,1,0,completed,True,False,3,706,0,,2271.1413269980767,3.2169140609037914,5349.999999999986,2309.8920569999564,2.316125545255333,321,0,0,0,20995.93033535344,21184.621530704084,59.3104522830587,59.80878865500584,0.8733262840675025,20.0,kinematic,False,0,0.0,,,,random,cycle,350,0,19.067828000061127,11.01673099992695,5349.999999999986
random-s0-0125,prm,1,0,completed,True,False,3,778,0,,61.99736700057201,0.07968813239148073,5699.999999999985,93.0482190000248,61.258561004788994,342,0,0,0,20995.93033535344,23258.312928593114,58.97582146382697,59.92958551047715,0.7875335516254438,20.0,kinematic,False,0,0.0,,,,random,event,4,0,19.224194000116768,7.144556000071134,5699.999999999985
random-s0-0125,visibility,1,0,completed,True,False,3,3,0,,28.256277000082264,9.418759000027421,4859.9999999999845,34.23215200007235,141.97179306722268,243,1,1,2,20431.781190896254,20252.93022788935,58.140362304572626,58.391655990681535,-154.58402580155803,20.0,kinematic,False,0,0.0,,,,random,once,0,0,28.256277000082264,9.613510999997743,4859.9999999999845
random-s0-0125,visibility,1,0,completed,True,False,3,635,0,,3391.4379780005675,5.340847209449713,4149.999999999991,3424.1334959999676,1.211985457006268,249,0,1,1,20431.781190896254,20251.636769653553,59.22624106604322,59.89012523220977,-3.745765104913062,20.0,kinematic,False,0,0.0,,,,random,cycle,342,2,28.271938000102637,44.61461500000041,4149.999999999991
random-s0-0125,visibility,1,0,completed,True,False,3,762,0,,141.83449999779896,0.18613451443280704,4983.333333333321,170.47966600000564,29.231247633563267,299,0,1,1,20431.781190896254,20274.47000685327,59.780827686597355,59.89012523220977,-1.254235157949779,20.0,kinematic,False,0,0.0,,,,random,event,10,2,27.966846999902373,14.653996999982155,4983.333333333321
random-s0-0126,voronoi,1,0,completed,True,False,3,3,0,,4.04039600005035,1.3467986666834502,4080.000000000001,8.939399000041703,456.4065212863826,204,0,0,0,20842.671664282203,20511.764172272004,58.62040624823758,59.63573717648614,61.1633472176585,20.0,kinematic,False,0,0.0,,,,random,once,0,0,4.04039600005035,3.9750140000478495,4080.000000000001
random-s0-0126,voronoi,1,0,completed,True,False,3,507,0,,259.7046479997971,0.5122379644966412,3316.6666666666597,287.86395000008724,11.521646481491185,199,0,0,0,20842.671664282203,20005.168184600218,59.19513525497613,59.67044811519984,1.0590844145992548,20.0,kinematic,False,0,0.0,,,,random,cycle,36,0,3.9510990000053425,13.549112000077912,3316.6666666666597
random-s0-0126,voronoi,1,0,completed,True,False,3,530,0,,32.98070300024847,0.06222774150990277,3699.999999999992,54.753209999944374,67.57594668885625,222,0,0,0,20842.671664282203,19951.709325350326,59.12662521625782,59.67044811519984,1.0590844145992548,20.0,kinematic,False,0,0.0,,,,random,event,3,0,4.33651599996665,4.2536720000043715,3699.999999999992
random-s0-0126,prm,1,0,completed,True,False,3,3,0,,6.55511399986608,2.18503799995536,3760.0000000000027,11.07463400001052,339.51460608056493,188,0,0,0,19981.35306709775,19763.96477009159,58.26659911985332,58.574315791333376,212.0797268605263,20.0,kinematic,False,0,0.0,,,,random,once,0,0,6.55511399986608,6.514750999940588,3760.0000000000027
random-s0-0126,prm,1,0,completed,True,False,3,513,0,,414.9271820007243,0.8088249161807491,3349.999999999993,438.9654670000027,7.631579820833543,201,0,0,0,19981.35306709775,20235.236346025893,59.24849280985274,59.8560463801226,2.4782943219265405,20.0,kinematic,False,0,0.0,,,,random,cycle,52,0,6.711417999895275,8.110534000024927,3349.999999999993
random-s0-0126,prm,1,0,completed,True,False,3,529,0,,58.70909700206539,0.11098127977706124,3616.666666666659,79.57083600001624,45.45216373830634,217,0,0,0,19981.35306709775,20573.306471173695,59.68315682384218,59.8560463801226,2.4782943219265405,20.0,kinematic,False,0,0.0,,,,random,event,6,0,7.144164000010278,7.674976999965111,3616.666666666659
random-s0-0126,visibility,1,0,completed,True,False,3,3,0,,9.476109000047472,3.1587030000158243,3000.0000000000023,19.43217299992739,154.38314593078255,150,1,1,2,19690.070477784153,19510.36253342696,57.94660703903485,58.14928081720875,-74.40051079010672,20.0,kinematic,False,0,0.0,,,,random,once,0,0,9.476109000047472,9.435064000058446,3000.0000000000023
random-s0-0126,visibility,1,0,completed,True,False,3,540,0,,814.2406539999456,1.5078530629628621,3133.333333333327,839.2140020000625,3.7336523531134955,188,0,1,1,19690.070477784153,19516.920916223455,58.68415874337189,59.23276698898597,-9.80034152216814,20.0,kinematic,False,0,0.0,,,,random,cycle,81,1,19.548987999996825,19.408456999940427,3133.333333333327
random-s0-0126,visibility,1,0,completed,True,False,3,543,0,,125.01790900057586,0.23023555985373087,3183.333333333327,145.7115689999,21.84681254331639,191,0,1,1,19690.070477784153,19517.456875712327,58.88565679048039,59.23276698898597,-9.80034152216814,20.0,kinematic,False,0,0.0,,,,random,event,10,1,9.835677999944892,14.718642000048021,3183.333333333327
random-s0-0127,voronoi,1,0,completed,True,False,3,3,0,,4.184254000051624,1.3947513333505412,5699.999999999966,15.9496470000704,357.3746804537309,285,0,0,0,13433.908613795618,13080.32113231936,58.85168121621799,59.64515542475323,13.940726331673915,20.0,kinematic,False,0,0.0,,,,random,once,0,0,4.184254000051624,4.108760999997685,5699.999999999966
random-s0-0127,voronoi,1,0,completed,True,False,3,421,0,,98.09228099970824,0.23299829216082715,2933.3333333333276,114.95532099991124,25.517160126372858,176,0,1,1,13433.908613795618,11474.728365330066,59.57846931905499,59.99486854087283,-170.9053471785574,20.0,kinematic,False,0,0.0,,,,random,cycle,50,0,4.11571000006461,5.743112000004658,2933.3333333333276
random-s0-0127,voronoi,1,0,completed,True,False,3,399,0,,15.548181000212935,0.0389678721809848,2566.6666666666624,31.223137000097267,82.20399720433814,154,0,0,0,13433.908613795618,11467.939401081847,59.453098351792306,59.99486854087283,96.01086845160478,20.0,kinematic,False,0,0.0,,,,random,event,0,0,3.9917789999890374,3.929541999923458,2566.6666666666624
random-s0-0127,prm,1,0,completed,True,False,3,3,0,,6.541624000078627,2.1805413333595425,4060.0000000000014,11.33138400007283,358.2969211857886,203,0,0,0,11537.04264421853,11272.389391627927,59.06281696028524,59.64515542475323,13.299405588344143,20.0,kinematic,False,0,0.0,,,,random,once,0,0,6.541624000078627,6.472759000075712,4060.0000000000014
random-s0-0127,prm,1,0,completed,True,False,3,376,0,,85.90693400049076,0.22847588829917756,2283.3333333333303,101.65561999997408,22.461456959624194,137,0,0,0,11537.04264421853,10821.513005050376,59.67729233145247,59.99486854087283,57.77213825558397,20.0,kinematic,False,0,0.0,,,,random,cycle,5,0,6.633867999994436,6.863301000066713,2283.3333333333303
random-s0-0127,prm,1,0,completed,True,False,3,376,0,,12.242066999874623,0.032558688829453786,2283.3333333333303,27.066635999972277,84.3597014913737,137,0,0,0,11537.04264421853,10821.513005050376,59.67729233145247,59.99486854087283,57.77213825558397,20.0,kinematic,False,0,0.0,,,,random,event,0,0,6.293856000070264,6.248343000038403,2283.3333333333303
random-s0-0127,visibility,1,0,completed,True,False,3,3,0,,9.942373000058069,3.3141243333526895,2540.000000000002,13.023341000007349,195.03443855141077,127,0,0,0,10955.145529495538,10759.21943769417,59.58261559926407,59.87429450214682,4.254326583364531,20.0,kinematic,False,0,0.0,,,,random,once,0,0,9.942373000058069,9.90765200003807,2540.000000000002
random-s0-0127,visibility,1,0,completed,True,False,3,385,0,,167.64272600198638,0.4354356519532114,2333.33333333333,183.5496859999921,12.712270907036203,140,0,0,0,10955.145529495538,10751.374226016984,59.811241329393255,59.99486854087283,33.52315114376839,20.0,kinematic,False,0,0.0,,,,random,cycle,14,0,9.666974000083428,10.935675000041556,2333.33333333333
random-s0-0127,visibility,1,0,completed,True,False,3,386,0,,134.37465000015436,0.3481208549226797,2349.9999999999964,159.53466300004493,14.73034107953915,141,0,0,0,10955.145529495538,10762.930937495974,59.37182533234651,59.99486854087283,51.38336394159043,20.0,kinematic,False,0,0.0,,,,random,event,4,0,30.509760000200004,31.12734499995895,2349.9999999999964
random-s0-0128,voronoi,1,0,completed,True,False,3,3,0,,23.08539299997392,7.6951309999913065,7139.999999999935,55.77173899996524,128.02182840317002,357,0,0,0,16753.54717394423,16332.440094368376,59.29246692971666,59.76216969473539,118.95079851540237,20.0,kinematic,False,0,0.0,,,,random,once,0,0,23.08539299997392,12.192891000040618,7139.999999999935
random-s0-0128,voronoi,1,0,completed,True,False,3,434,0,,297.8353610006934,0.6862565921674963,3049.999999999994,315.54552299996885,9.665800265530294,183,0,0,0,16753.54717394423,12611.218889690583,59.079790824490765,59.942381290309264,6.688503078636813,20.0,kinematic,False,0,0.0,,,,random,cycle,69,0,18.583713999987594,10.580386000015096,3049.999999999994
random-s0-0128,voronoi,1,0,completed,True,False,3,507,0,,23.213333999592578,0.04578566863824966,4266.666666666657,43.72129499995481,97.58783829872988,256,0,0,0,16753.54717394423,12592.831232531054,59.08174638304723,59.948247965978666,0.9264879812882896,20.0,kinematic,False,0,0.0,,,,random,event,0,0,7.79446200010625,3.912032000016552,4266.666666666657
random-s0-0128,prm,1,0,completed,True,False,3,3,0,,13.431139999966035,4.477046666655345,3420.0000000000027,17.682195999896066,193.4148903235834,171,0,0,0,12661.519288862015,12466.350846346144,58.68262391522442,59.76216969473539,71.91768075028332,20.0,kinematic,False,0,0.0,,,,random,once,0,0,13.431139999966035,6.817694999995183,3420.0000000000027
random-s0-0128,prm,1,0,completed,True,False,3,408,0,,383.6576950016024,0.9403374877490255,2649.9999999999955,402.12421800003995,6.590003489915975,159,0,0,0,12661.519288862015,12379.561171307967,58.591891860846,59.65261256098445,1.3163844990373263,20.0,kinematic,False,0,0.0,,,,random,cycle,53,0,13.589852999984942,6.76459499993598,2649.9999999999955
random-s0-0128,prm,1,0,completed,True,False,3,407,0,,20.120438999470025,0.04943596805766591,2649.9999999999955,34.812956999985545,76.12108330818022,159,0,0,0,12661.519288862015,12377.91197088123,59.22695311407747,59.91909515771531,1.3163844990373263,20.0,kinematic,False,0,0.0,,,,random,event,0,0,13.318068000103267,6.814335000058236,2649.9999999999955
random-s0-0128,visibility,1,0,completed,True,False,3,3,0,,19.706978000044728,6.568992666681576,3740.0000000000027,24.18328900000688,154.65224767395944,187,0,1,1,12498.095497710096,12317.41814658658,59.21988760944902,59.85756064011638,-5.508204029484176,20.0,kinematic,False,0,0.0,,,,random,once,0,0,19.706978000044728,9.954451999988123,3740.0000000000027
random-s0-0128,visibility,1,0,completed,True,False,3,472,0,,1329.8927729998695,2.8175694343217574,3733.333333333325,1352.2329590000481,2.7608655065574332,224,0,1,1,12498.095497710096,12307.102037003708,58.72560632330468,59.37291203539509,-5.938051981173828,20.0,kinematic,False,0,0.0,,,,random,cycle,136,8,21.600300000045536,12.351557999977558,3733.333333333325
random-s0-0128,visibility,1,0,completed,True,False,3,472,0,,267.50326200021846,0.5667441991530052,3733.333333333325,286.303991000068,13.03975302716768,224,0,1,1,12498.095497710096,12307.25549868125,58.732807359455,59.394515143846036,-5.938051981173828,20.0,kinematic,False,0,0.0,,,,random,event,26,8,19.671437000056358,9.98033000007581,3733.333333333325
random-s0-0129,voronoi,1,0,completed,True,False,3,3,0,,5.4062380000914345,1.8020793333638114,5139.999999999978,11.367526999947586,452.16518949316577,257,0,1,1,10622.02705459521,10251.9790109728,59.01649207388249,59.91984220026466,-67.52908297751634,20.0,kinematic,False,0,0.0,,,,random,once,0,0,5.4062380000914345,5.32861099998172,5139.999999999978
random-s0-0129,voronoi,1,0,completed,True,False,3,381,0,,184.99458200130903,0.4855500839929371,2699.9999999999955,200.38225300004342,13.474247143031226,162,0,0,0,10622.02705459521,9368.357867696268,58.997177065890504,59.86542415218716,0.8316123005164684,20.0,kinematic,False,0,0.0,,,,random,cycle,44,0,3.958169000043199,4.119875000014872,2699.9999999999955
random-s0-0129,voronoi,1,0,completed,True,False,3,380,0,,15.10454199888045,0.03974879473389592,2683.3333333333285,29.5155789999626,90.9124409633546,161,0,0,0,10622.02705459521,9599.448320948954,58.67412265791673,59.86542415218716,0.6052373260187665,20.0,kinematic,False,0,0.0,,,,random,event,0,0,4.103697000005013,4.039517000023807,2683.3333333333285
random-s0-0129,prm,1,0,completed,True,False,3,3,0,,6.578288000014254,2.192762666671418,3680.0000000000027,10.920984999984285,336.965942175115,184,0,0,0,11952.492109953584,11593.602323531777,59.13063199966508,59.91984220026466,337.8621558397624,20.0,kinematic,False,0,0.0,,,,random,once,0,0,6.578288000014254,6.541807000076005,3680.0000000000027
random-s0-0129,prm,1,0,completed,True,False,3,355,0,,135.40074000047753,0.38141053521261276,2266.6666666666633,150.70376999995005,15.040543887305637,136,0,0,0,11952.492109953584,9391.780345537587,59.00135257965294,59.86542415218716,7.305651875777244,20.0,kinematic,False,0,0.0,,,,random,cycle,13,0,6.790560000013102,6.978773000014371,2266.6666666666633
random-s0-0129,prm,1,0,completed,True,False,3,355,0,,12.22782100137465,0.034444566201055356,2266.6666666666633,24.817918999929134,91.3318585121152,136,0,0,0,11952.492109953584,9391.780345537587,59.00135257965294,59.86542415218716,7.305651875777244,20.0,kinematic,False,0,0.0,,,,random,event,0,0,6.476391000092008,6.423940999980005,2266.6666666666633
random-s0-0129,visibility,1,0,completed,True,False,3,3,0,,9.860588999913489,3.286862999971163,3120.0000000000023,13.564048000034745,230.01982888825003,156,0,0,0,9493.937448299745,9316.20937751952,58.78445916535884,59.91984220026466,10.97379622798644,20.0,kinematic,False,0,0.0,,,,random,once,0,0,9.860588999913489,9.825520999925175,3120.0000000000023
random-s0-0129,visibility,1,0,completed,True,False,3,393,0,,878.8131109980668,2.236165676839865,2899.9999999999945,896.5011129999993,3.234797991823571,174,0,0,0,9493.937448299745,9314.330787605522,59.14815526520476,59.86542415218716,0.8649345226586433,20.0,kinematic,False,0,0.0,,,,random,cycle,88,0,9.516236000081335,10.008725999909984,2899.9999999999945
random-s0-0129,visibility,1,0,completed,True,False,3,393,0,,16.943241999797465,0.043112575063097874,2899.9999999999945,32.37954200005788,89.56272451274359,174,0,0,0,9493.937448299745,9314.330787605522,59.14815526520476,59.86542415218716,0.8649345226586433,20.0,kinematic,False,0,0.0,,,,random,event,0,0,9.825519000060012,9.780088000070464,2899.9999999999945
random-s0-0130,voronoi,1,0,completed,True,False,3,3,0,,0.10389299995949841,0.03463099998649947,2600.000000000002,3.6458280000033483,713.1439003698513,130,0,0,0,11915.743249554615,11742.31967850796,57.807857015551896,57.968316670799204,156.93773264817025,20.0,kinematic,False,0,0.0,,,,random,once,0,0,0.10389299995949841,0.04703199999767094,2600.000000000002
random-s0-0130,voronoi,1,0,completed,True,False,3,402,0,,86.49267199893984,0.21515590049487524,2883.333333333328,102.49268300003678,28.1320895203055,173,0,0,0,11915.743249554615,11929.414319865788,58.63044757552467,58.85846934528016,137.05210133743515,20.0,kinematic,False,0,0.0,,,,random,cycle,20,0,0.08938999997099017,3.991212999949312,2883.333333333328
random-s0-0130,voronoi,1,0,completed,True,False,3,399,0,,15.675004000740955,0.039285724312633975,2833.333333333328,30.82724800003689,91.91003145431398,170,0,0,0,11915.743249554615,11850.052215601436,58.723472706621756,58.85846934528016,138.40078971094903,20.0,kinematic,False,0,0.0,,,,random,event,1,0,0.08848200013744645,4.011624999975538,2833.333333333328
random-s0-0130,prm,1,0,completed,True,False,3,3,0,,0.08748999994168116,0.02916333331389372,2600.000000000002,3.246312999976908,800.9086000082236,130,0,0,0,11915.743249554615,11742.31967850796,57.807857015551896,57.968316670799204,156.93773264817025,20.0,kinematic,False,0,0.0,,,,random,once,0,0,0.08748999994168116,0.05561900002248876,2600.000000000002
random-s0-0130,prm,1,0,completed,True,False,3,388,0,,112.10237300042536,0.28892364175367363,2649.9999999999955,129.71403899996403,20.429554275160072,159,0,0,0,11915.743249554615,11753.485445246968,59.07630255960493,59.879420770466794,163.15748524863267,20.0,kinematic,False,0,0.0,,,,random,cycle,9,0,0.5481209999516068,8.775547000027473,2649.9999999999955
random-s0-0130,prm,1,0,completed,True,False,3,388,0,,13.006192000261763,0.0335211134027365,2649.9999999999955,27.91917599995486,94.91684138544348,159,0,0,0,11915.743249554615,11753.485445246968,59.07630255960493,59.879420770466794,163.15748524863267,20.0,kinematic,False,0,0.0,,,,random,event,1,0,0.06074299994907051,6.605962000094223,2649.9999999999955
random-s0-0130,visibility,1,0,completed,True,False,3,3,0,,0.048436000042784144,0.016145333347594715,2600.000000000002,3.245245000016439,801.1721765188241,130,0,0,0,11915.743249554615,11742.31967850796,57.807857015551896,57.968316670799204,156.93773264817025,20.0,kinematic,False,0,0.0,,,,random,once,0,0,0.048436000042784144,0.01955700008693384,2600.000000000002
random-s0-0130,visibility,1,0,completed,True,False,3,389,0,,141.35119500019755,0.363370681234441,2666.666666666662,157.70711300001494,16.90898156677568,160,0,0,0,11915.743249554615,11741.726846209609,58.550752036905315,58.85846934528016,156.78564573429878,20.0,kinematic,False,0,0.0,,,,random,cycle,12,0,0.20833900009620265,10.751785999900676,2666.666666666662
random-s0-0130,visibility,1,0,completed,True,False,3,388,0,,75.9984610004949,0.19587232216622397,2649.9999999999955,90.53137500006869,29.271619921800422,159,0,0,0,11915.743249554615,11741.429430968861,58.90019317835979,59.35109262673135,157.3378627662305,20.0,kinematic,False,0,0.0,,,,random,event,7,0,0.05771899998308072,10.39696999998796,2649.9999999999955
random-s0-0131,voronoi,1,0,completed,True,False,3,3,0,,0.12719500011826312,0.04239833337275437,2980.0000000000023,3.7680899999941175,790.8515985564715,149,1,0,1,12224.802217141578,12046.892142181865,59.30335831990431,59.95573596368672,-17.520898522139476,20.0,kinematic,False,0,0.0,,,,random,once,0,0,0.12719500011826312,0.05350100002488034,2980.0000000000023
random-s0-0131,voronoi,1,0,completed,True,False,3,413,0,,145.57313600073485,0.3524773268782926,3383.333333333326,163.01567300001807,20.754650587081596,203,0,0,0,12224.802217141578,12370.398023280404,58.44428266888378,58.65916185124477,57.12176079225006,20.0,kinematic,False,0,0.0,,,,random,cycle,34,1,0.08880399991539889,4.100622999999359,3383.333333333326
random-s0-0131,voronoi,1,0,completed,True,False,3,425,0,,41.92658699923868,0.09865079293938513,3633.3333333333253,59.93081200006145,60.625464799802806,218,0,0,0,12224.802217141578,12395.233312620665,59.06845503758641,59.882098030323085,25.83338510021335,20.0,kinematic,False,0,0.0,,,,random,event,6,1,0.0900620000265917,5.573238000010861,3633.3333333333253
random-s0-0131,prm,1,0,completed,True,False,3,3,0,,0.0496530000191342,0.016551000006378064,2980.0000000000023,3.6767329999065623,810.5021496191683,149,1,0,1,12224.802217141578,12046.892142181865,59.30335831990431,59.95573596368672,-17.520898522139476,20.0,kinematic,False,0,0.0,,,,random,once,0,0,0.0496530000191342,0.02031100007116038,2980.0000000000023
random-s0-0131,prm,1,0,completed,True,False,3,409,0,,275.50156199833964,0.6735979510961849,3383.333333333326,294.8533800000632,11.474629639085707,203,0,0,0,12224.802217141578,12286.382425472124,58.90869370623585,59.94849813080588,46.97622425560294,20.0,kinematic,False,0,0.0,,,,random,cycle,34,2,0.5530519999865646,8.709221000003708,3383.333333333326
random-s0-0131,prm,1,0,completed,True,False,3,419,0,,46.98352700063424,0.11213252267454472,3533.3333333333258,63.763819000087096,55.41282483924778,212,0,0,0,12224.802217141578,12278.584177681307,59.15851406486166,59.882098030323085,47.24877573773156,20.0,kinematic,False,0,0.0,,,,random,event,6,0,0.05797899996196065,6.865886000014143,3533.3333333333258
random-s0-0131,visibility,1,0,completed,True,False,3,3,0,,0.05028999987644056,0.016763333292146854,2980.0000000000023,3.755458999989969,793.5115254907488,149,1,0,1,12224.802217141578,12046.892142181865,59.30335831990431,59.95573596368672,-17.520898522139476,20.0,kinematic,False,0,0.0,,,,random,once,0,0,0.05028999987644056,0.021149999952285725,2980.0000000000023
random-s0-0131,visibility,1,0,completed,True,False,3,400,0,,447.1899829990207,1.1179749574975517,3216.66666666666,465.65848800003096,6.907780593632057,193,0,0,0,12224.802217141578,12053.9755479257,59.286997240386164,59.882098030323085,20.362747309841467,20.0,kinematic,False,0,0.0,,,,random,cycle,43,0,0.23186700013866357,10.528638999971918,3216.66666666666
random-s0-0131,visibility,1,0,completed,True,False,3,396,0,,126.92082700016272,0.32050713888929977,3149.9999999999936,142.6347630000464,22.08437784552542,189,0,0,0,12224.802217141578,12056.29380581887,59.16997441478233,59.882098030323085,29.801002914652827,20.0,kinematic,False,0,0.0,,,,random,event,10,0,0.05837700007305102,26.168089000066175,3149.9999999999936
random-s0-0132,voronoi,1,0,completed,True,False,3,3,0,,4.209280999930343,1.4030936666434475,4060.0000000000014,9.11220900002263,445.55606659043025,203,0,0,0,12864.894591970304,12539.986740275152,58.272536942266846,58.92595411554747,108.83498349488912,20.0,kinematic,False,0,0.0,,,,random,once,0,0,4.209280999930343,4.1240279999783525,4060.0000000000014
random-s0-0132,voronoi,1,0,completed,True,False,3,404,0,,95.70685999949546,0.23689816831558283,2516.6666666666624,111.79503199991814,22.511435630417864,151,0,0,0,12864.894591970304,12228.5775942914,59.33832716919992,59.62680439959138,0.8649726601886414,20.0,kinematic,False,0,0.0,,,,random,cycle,20,0,5.199597000000722,5.5584509999562215,2516.6666666666624
random-s0-0132,voronoi,1,0,completed,True,False,3,399,0,,19.372027999111197,0.04855144861932631,2416.666666666663,34.04878399999234,70.97659248762619,145,0,0,0,12864.894591970304,12144.165741711668,59.05216766048019,59.398042197965644,1.6081074625629128,20.0,kinematic,False,0,0.0,,,,random,event,1,0,4.000807000011264,3.933335999931842,2416.666666666663
random-s0-0132,prm,1,0,completed,True,False,3,3,0,,6.4467019999483455,2.1489006666494483,3340.0000000000027,10.50383399990551,317.979130289954,167,0,0,0,12405.055299585969,12212.952336189177,58.36532715594537,58.92595411554747,44.71331510242953,20.0,kinematic,False,0,0.0,,,,random,once,0,0,6.4467019999483455,6.400454000072386,3340.0000000000027
random-s0-0132,prm,1,0,completed,True,False,3,393,0,,163.1659560001708,0.4151805496187552,2383.33333333333,179.9281810000366,13.246025831455746,143,0,0,0,12405.055299585969,12098.09235575954,58.81344899061879,59.14437574013152,0.839831067915469,20.0,kinematic,False,0,0.0,,,,random,cycle,17,0,6.5430500001184555,6.88326900001357,2383.33333333333
random-s0-0132,prm,1,0,completed,True,False,3,393,0,,18.873882999855596,0.04802514758232976,2383.33333333333,32.74770799998805,72.77863028869683,143,0,0,0,12405.055299585969,12098.09235575954,58.81344899061879,59.14437574013152,0.839831067915469,20.0,kinematic,False,0,0.0,,,,random,event,1,0,6.326756000021305,6.245227000022169,2383.33333333333
random-s0-0132,visibility,1,0,completed,True,False,3,3,0,,10.096504000102868,3.365501333367623,2920.0000000000023,13.713608999978533,212.92717329220727,146,0,0,0,12230.340244949231,12054.714495165574,58.30400176387553,58.92595411554747,13.573071504500263,20.0,kinematic,False,0,0.0,,,,random,once,0,0,10.096504000102868,10.05616400004783,2920.0000000000023
random-s0-0132,visibility,1,0,completed,True,False,3,400,0,,781.5420129996937,1.9538550324992343,2499.999999999996,798.3899600000086,3.131301901642111,150,0,0,0,12230.340244949231,12052.11240223661,59.008985440609614,59.28160215834728,0.02418207749889234,20.0,kinematic,False,0,0.0,,,,random,cycle,78,0,9.817489000056412,10.940559999994548,2499.999999999996
random-s0-0132,visibility,1,0,completed,True,False,3,400,0,,55.30486000077417,0.13826215000193542,2499.999999999996,69.7044769999593,35.86570199789973,150,0,0,0,12230.340244949231,12052.504492801483,59.04532813293148,59.28160215834728,0.02418207749889234,20.0,kinematic,False,0,0.0,,,,random,event,4,0,9.914434000052097,9.836639000013747,2499.999999999996
random-s0-0133,voronoi,1,0,completed,True,False,3,3,0,,4.119427999967229,1.373142666655743,4979.999999999982,10.105887000008806,492.7820784059472,249,0,0,0,14388.433604653492,13931.348867952522,58.71808713277874,59.17313282701905,423.6520463395567,20.0,kinematic,False,0,0.0,,,,random,once,0,0,4.119427999967229,4.044739999926605,4979.999999999982
random-s0-0133,voronoi,1,0,completed,True,False,3,386,0,,25.861538000640394,0.06699880311046734,2366.6666666666633,40.02407200005109,59.13108158169519,142,0,0,0,14388.433604653492,11735.635206368144,58.78608160161801,59.212469926526815,26.178680977645428,20.0,kinematic,False,0,0.0,,,,random,cycle,3,0,3.962301000115076,3.8977960000465828,2366.6666666666633
random-s0-0133,voronoi,1,0,completed,True,False,3,404,0,,19.410534000030566,0.048045876237699424,2366.6666666666633,33.93635000008999,69.73839751948539,142,0,0,0,14388.433604653492,12472.578529522652,59.41245576862577,59.89552971670283,9.87734830585211,20.0,kinematic,False,0,0.0,,,,random,event,1,0,4.08650100007435,4.026294000027519,2366.6666666666633
random-s0-0133,prm,1,0,completed,True,False,3,3,0,,6.7940140000928295,2.2646713333642765,3640.0000000000027,11.188112000013462,325.34533082933234,182,0,0,0,12703.613244465327,12230.058145217752,58.7368572989047,59.17313282701905,155.629545554154,20.0,kinematic,False,0,0.0,,,,random,once,0,0,6.7940140000928295,6.757524000022386,3640.0000000000027
random-s0-0133,prm,1,0,completed,True,False,3,385,0,,74.42037000100754,0.19329966234027932,2366.6666666666633,90.28673799991793,26.212782952340294,142,0,0,0,12703.613244465327,11665.107515806641,59.00796815922653,59.212469926526815,0.9889554050429297,20.0,kinematic,False,0,0.0,,,,random,cycle,3,0,6.792185999984213,6.473676000041451,2366.6666666666633
random-s0-0133,prm,1,0,completed,True,False,3,385,0,,25.42098900039491,0.0660285428581686,2366.6666666666633,38.99918699994487,60.685025733228976,142,0,0,0,12703.613244465327,11665.107515806641,59.00796815922653,59.212469926526815,0.9889554050429297,20.0,kinematic,False,0,0.0,,,,random,event,2,0,6.6316900000629175,6.587300000092,2366.6666666666633
random-s0-0133,visibility,1,0,completed,True,False,3,3,0,,9.83023100002356,3.2767436666745198,3480.0000000000027,14.0954610000108,246.88798755835913,174,0,0,0,11845.531891578768,11667.655535681944,58.566172610151966,59.17313282701905,15.04983529260491,20.0,kinematic,False,0,0.0,,,,random,once,0,0,9.83023100002356,9.797380999998495,3480.0000000000027
random-s0-0133,visibility,1,0,completed,True,False,3,387,0,,78.49128000134442,0.20281984496471428,2366.6666666666633,93.7501030000476,25.244416709232432,142,0,0,0,11845.531891578768,11661.253531071367,59.36781234593198,59.76159944862146,0.5006552973768237,20.0,kinematic,False,0,0.0,,,,random,cycle,5,0,9.80564800022421,9.870112999919911,2366.6666666666633
random-s0-0133,visibility,1,0,completed,True,False,3,386,0,,53.66293900067376,0.13902315803283358,2366.6666666666633,67.82257600002595,34.89496869988775,142,0,0,0,11845.531891578768,11661.896661431469,59.348143584464786,59.70259316421986,0.9921152255533627,20.0,kinematic,False,0,0.0,,,,random,event,2,0,10.326922000103878,26.6000350000013,2366.6666666666633
random-s0-0134,voronoi,1,0,completed,True,False,3,3,0,,0.10055000007014314,0.033516666690047714,2020.0000000000014,2.658523000036439,759.8203965029884,101,0,0,0,7423.75272692261,7245.3603712116355,59.464118570323514,59.86890946169481,250.83959892284713,20.0,kinematic,False,0,0.0,,,,random,once,0,0,0.10055000007014314,0.046018000034564466,2020.0000000000014
random-s0-0134,voronoi,1,0,completed,True,False,3,330,0,,9.045264999599567,0.027409893938180507,2033.333333333331,21.3664279999648,95.16486954846552,122,0,0,0,7423.75272692261,7247.981191052679,58.59051195664376,59.38299625066599,250.83959892284713,20.0,kinematic,False,0,0.0,,,,random,cycle,0,0,0.09625299981053104,0.08793599999989965,2033.333333333331
random-s0-0134,voronoi,1,0,completed,True,False,3,330,0,,9.511685001143633,0.028823287882253433,2033.333333333331,21.680836999962594,93.78481713306728,122,0,0,0,7423.75272692261,7247.981191052679,58.59051195664376,59.38299625066599,250.83959892284713,20.0,kinematic,False,0,0.0,,,,random,event,0,0,0.08796899999197194,0.11673599999539874,2033.333333333331
random-s0-0134,prm,1,0,completed,True,False,3,3,0,,0.04915900001378759,0.016386333337929198,2020.0000000000014,2.614895000078832,772.4975572400054,101,0,0,0,7423.75272692261,7245.3603712116355,59.464118570323514,59.86890946169481,250.83959892284713,20.0,kinematic,False,0,0.0,,,,random,once,0,0,0.04915900001378759,0.02002500002618035,2020.0000000000014
random-s0-0134,prm,1,0,completed,True,False,3,330,0,,41.92008200072905,0.12703055151736076,2033.333333333331,55.72980900001312,36.48556077651104,122,0,0,0,7423.75272692261,7247.981191052679,58.59051195664376,59.38299625066599,250.83959892284713,20.0,kinematic,False,0,0.0,,,,random,cycle,0,0,0.5314259999522619,0.26418800007377286,2033.333333333331
random-s0-0134,prm,1,0,completed,True,False,3,330,0,,5.073270000252705,0.015373545455311229,2033.333333333331,16.734660999986772,121.50430375225038,122,0,0,0,7423.75272692261,7247.981191052679,58.59051195664376,59.38299625066599,250.83959892284713,20.0,kinematic,False,0,0.0,,,,random,event,0,0,0.06011200014199858,0.03713499995683378,2033.333333333331
random-s0-0134,visibility,1,0,completed,True,False,3,3,0,,0.04965499988429656,0.016551666628098854,2020.0000000000014,2.5556570000162537,790.4034070249468,101,0,0,0,7423.75272692261,7245.3603712116355,59.464118570323514,59.86890946169481,250.83959892284713,20.0,kinematic,False,0,0.0,,,,random,once,0,0,0.04965499988429656,0.018791999991663033,2020.0000000000014
random-s0-0134,visibility,1,0,completed,True,False,3,330,0,,17.627282998546434,0.053416009086504346,2033.333333333331,30.535856000028616,66.58838492464156,122,0,0,0,7423.75272692261,7247.981191052679,58.59051195664376,59.38299625066599,250.83959892284713,20.0,kinematic,False,0,0.0,,,,random,cycle,0,0,0.19861499993112375,0.11353599995800323,2033.333333333331
random-s0-0134,visibility,1,0,completed,True,False,3,330,0,,5.225671000630427,0.01583536666857705,2033.333333333331,16.959664999944835,119.89230526310189,122,0,0,0,7423.75272692261,7247.981191052679,58.59051195664376,59.38299625066599,250.83959892284713,20.0,kinematic,False,0,0.0,,,,random,event,0,0,0.07809499993527425,0.05212299993218039,2033.333333333331
random-s0-0135,voronoi,1,0,completed,True,False,3,3,0,,0.12435999997251201,0.04145333332417067,2280.0000000000014,2.974695000034444,766.4651333913565,114,0,0,0,10663.091175010846,10486.697456769693,58.79790608038388,59.11936278598718,430.1984840968829,20.0,kinematic,False,0,0.0,,,,random,once,0,0,0.12435999997251201,0.06806499993672332,2280.0000000000014
random-s0-0135,voronoi,1,0,completed,True,False,3,369,0,,36.77957600018544,0.09967364769697952,2333.33333333333,50.488449999988916,46.21519047096598,140,0,0,0,10663.091175010846,10541.890768193309,59.65575612069858,59.78585526939115,430.8600629195312,20.0,kinematic,False,0,0.0,,,,random,cycle,7,0,0.10649299997567141,3.9771190000692513,2333.33333333333
random-s0-0135,voronoi,1,0,completed,True,False,3,372,0,,14.480654000635695,0.03892648924902069,2383.33333333333,28.23952999995072,84.39706090496156,143,0,0,0,10663.091175010846,10485.962989426422,59.34735909500555,59.78585526939115,430.8600629195312,20.0,kinematic,False,0,0.0,,,,random,event,1,0,0.09349499998734245,3.89393000000382,2383.33333333333
random-s0-0135,prm,1,0,completed,True,False,3,3,0,,0.05198100006964523,0.017327000023215078,2280.0000000000014,2.8391570000394495,803.0552730857509,114,0,0,0,10663.091175010846,10486.697456769693,58.79790608038388,59.11936278598718,430.1984840968829,20.0,kinematic,False,0,0.0,,,,random,once,0,0,0.05198100006964523,0.02156499999728112,2280.0000000000014
random-s0-0135,prm,1,0,completed,True,False,3,369,0,,86.83945600216703,0.23533727913866404,2333.33333333333,102.68380000002253,22.723480562005086,140,0,0,0,10663.091175010846,10620.145072794676,59.629905765801404,59.78585526939115,430.8600629195312,20.0,kinematic,False,0,0.0,,,,random,cycle,6,0,0.5882340000198383,6.925069999965672,2333.33333333333
random-s0-0135,prm,1,0,completed,True,False,3,369,0,,12.49144600001273,0.033852157181606314,2333.33333333333,25.564192000047115,91.27350214428954,140,0,0,0,10663.091175010846,10620.145072794676,59.629905765801404,59.78585526939115,430.8600629195312,20.0,kinematic,False,0,0.0,,,,random,event,1,0,0.05774300007033162,6.6367410000793825,2333.33333333333
random-s0-0135,visibility,1,0,completed,True,False,3,3,0,,0.049633000003268535,0.016544333334422845,2280.0000000000014,2.9086399999869172,783.8715000860391,114,0,0,0,10663.091175010846,10486.697456769693,58.79790608038388,59.11936278598718,430.1984840968829,20.0,kinematic,False,0,0.0,,,,random,once,0,0,0.049633000003268535,0.02075600002626743,2280.0000000000014
random-s0-0135,visibility,1,0,completed,True,False,3,366,0,,96.51178599904142,0.26369340436896566,2283.3333333333303,111.21304300002066,20.531164976152176,137,0,0,0,10663.091175010846,10485.429756082813,59.539196727030706,59.78585526939115,430.8600629195312,20.0,kinematic,False,0,0.0,,,,random,cycle,8,0,0.19794399997863366,9.825250000062624,2283.3333333333303
random-s0-0135,visibility,1,0,completed,True,False,3,367,0,,15.881186000456182,0.0432729863772648,2299.999999999997,28.924109999934444,79.51843634964774,138,0,0,0,10663.091175010846,10485.105354812102,59.408486293138175,59.78585526939115,430.8600629195312,20.0,kinematic,False,0,0.0,,,,random,event,1,0,0.06048700015526265,9.98508399993625,2299.999999999997
random-s0-0136,voronoi,1,0,completed,True,False,3,3,0,,0.10437600008117442,0.034792000027058144,2680.000000000002,3.413422999983595,785.1356248589412,134,1,1,2,15328.67543047605,15152.55673940676,58.70623035643126,59.755466925510774,-141.65582629380344,20.0,kinematic,False,0,0.0,,,,random,once,0,0,0.10437600008117442,0.04836400000840513,2680.000000000002
random-s0-0136,voronoi,1,0,completed,True,False,3,444,0,,147.5194160002502,0.33225093693750046,2699.9999999999955,164.1485879999891,16.448511881199824,162,0,1,1,15328.67543047605,15799.522887565894,58.63804030405473,59.625068906182726,-141.94947325387406,20.0,kinematic,False,0,0.0,,,,random,cycle,32,4,0.08486500007620634,4.017715000031785,2699.9999999999955
random-s0-0136,voronoi,1,0,completed,True,False,3,467,0,,22.13737799854698,0.047403379011877904,2799.999999999995,39.2306630000121,71.37274228577608,168,0,1,1,15328.67543047605,15788.379999831628,58.36488845988746,58.80561337368095,-141.94947325387406,20.0,kinematic,False,0,0.0,,,,random,event,2,0,0.09521999993467034,3.971616999933758,2799.999999999995
random-s0-0136,prm,1,0,completed,True,False,3,3,0,,0.05273800013583241,0.0175793333786108,2680.000000000002,3.3743609999419277,794.2244472497531,134,1,1,2,15328.67543047605,15152.55673940676,58.70623035643126,59.755466925510774,-141.65582629380344,20.0,kinematic,False,0,0.0,,,,random,once,0,0,0.05273800013583241,0.020429000073818315,2680.000000000002
random-s0-0136,prm,1,0,completed,True,False,3,473,0,,219.86490500228228,0.46483066596677014,2899.9999999999945,240.54036600000472,12.056188523467773,174,0,1,1,15328.67543047605,16907.461029689857,58.17409564491459,58.23323492876232,-141.94947325387406,20.0,kinematic,False,0,0.0,,,,random,cycle,26,16,0.580480000053285,6.624597999916659,2899.9999999999945
random-s0-0136,prm,1,0,completed,True,False,3,483,0,,20.685613000296144,0.04282735610827359,3066.6666666666606,38.34793400005765,79.96954064492888,184,0,1,1,15328.67543047605,17104.87897800828,58.26469503366312,58.505033095007946,-141.94947325387406,20.0,kinematic,False,0,0.0,,,,random,event,2,0,0.06271999995988153,6.493298000009418,3066.6666666666606
random-s0-0136,visibility,1,0,completed,True,False,3,3,0,,0.04887999989477976,0.01629333329825992,2680.000000000002,3.29900900010216,812.3651678176722,134,1,1,2,15328.67543047605,15152.55673940676,58.70623035643126,59.755466925510774,-141.65582629380344,20.0,kinematic,False,0,0.0,,,,random,once,0,0,0.04887999989477976,0.018902999954661936,2680.000000000002
random-s0-0136,visibility,1,0,completed,True,False,3,443,0,,205.97168000153943,0.46494735891995354,2699.9999999999955,223.7268959999028,12.06828525436284,162,0,1,1,15328.67543047605,15173.188079361862,58.42586888892372,58.98855466078971,-141.94947325387406,20.0,kinematic,False,0,0.0,,,,random,cycle,20,16,0.22327099998165068,10.242507000043588,2699.9999999999955
random-s0-0136,visibility,1,0,completed,True,False,3,445,0,,63.07434700011072,0.14174010561822634,2699.9999999999955,78.82125300000098,34.2547206145018,162,0,1,1,15328.67543047605,15171.543293026487,58.12934219180621,58.1865075270243,-141.94947325387406,20.0,kinematic,False,0,0.0,,,,random,event,6,16,0.059902999964833725,9.345680000024004,2699.9999999999955
random-s0-0137,voronoi,1,0,completed,True,False,3,3,0,,8.153874000072392,2.717958000024131,7059.999999999937,16.50130200005151,427.84502701531665,353,0,0,0,13003.92489966145,12468.54018856316,58.40820892576365,58.949019442430135,38.79249183466629,20.0,kinematic,False,0,0.0,,,,random,once,0,0,8.153874000072392,4.125924000049963,7059.999999999937
random-s0-0137,voronoi,1,0,completed,True,False,3,372,0,,182.43640700154629,0.49042044892888786,2566.6666666666624,197.33485500000825,13.006656460494803,154,0,0,0,13003.92489966145,9542.921350978722,59.059828759372635,59.52714161057852,4.039643989616337,20.0,kinematic,False,0,0.0,,,,random,cycle,42,0,8.205369999927825,4.1899550000152885,2566.6666666666624
random-s0-0137,voronoi,1,0,completed,True,False,3,401,0,,35.78605600080209,0.08924203491471844,3049.999999999994,51.338611000005585,59.40947642700466,183,0,0,0,13003.92489966145,10537.408840102089,59.321854424258255,59.55430157334206,0.24545976113142842,20.0,kinematic,False,0,0.0,,,,random,event,3,1,8.061841000085224,4.142075999993722,3049.999999999994
random-s0-0137,prm,1,0,completed,True,False,3,3,0,,12.380183999994188,4.126727999998063,3080.0000000000023,16.105610000067827,191.23771157919703,154,1,1,2,10620.725165549884,10193.898069093224,58.46832324778675,58.949019442430135,-122.8331505763616,20.0,kinematic,False,0,0.0,,,,random,once,0,0,12.380183999994188,6.377724999993006,3080.0000000000023
random-s0-0137,prm,1,0,completed,True,False,3,432,0,,590.953500999035,1.3679479189792476,3216.66666666666,611.7532219999475,5.258111524367151,193,0,0,0,10620.725165549884,9801.080268515274,59.216105521745156,59.813561663287985,4.706708303413279,20.0,kinematic,False,0,0.0,,,,random,cycle,86,0,12.269629999991594,7.082773999968595,3216.66666666666
random-s0-0137,prm,1,0,completed,True,False,3,432,0,,40.090142999474665,0.0928012569432284,3216.66666666666,56.3772829999607,57.05607818434426,193,0,0,0,10620.725165549884,9801.080268515274,59.216105521745156,59.813561663287985,4.706708303413279,20.0,kinematic,False,0,0.0,,,,random,event,3,0,12.224607000007381,7.25141700002041,3216.66666666666
random-s0-0137,visibility,1,0,completed,True,False,3,3,0,,18.005696000045646,6.001898666681882,3760.0000000000027,22.529483999960576,166.89241529040711,188,0,2,2,9136.271539259016,8943.247449373184,59.08647947366406,59.693289506881705,-15.156569464777135,20.0,kinematic,False,0,0.0,,,,random,once,0,0,18.005696000045646,9.088721000011901,3760.0000000000027
random-s0-0137,visibility,1,0,completed,True,False,3,442,0,,1155.5061130009108,2.614267223983961,3249.999999999993,1176.7612149999422,2.761817740568678,195,0,2,2,9136.271539259016,8942.34679592288,58.76480914374648,59.331974146847124,-15.475587466172442,20.0,kinematic,False,0,0.0,,,,random,cycle,120,5,17.918606999955955,15.419068000028346,3249.999999999993
random-s0-0137,visibility,1,0,completed,True,False,3,473,0,,45.09399699907135,0.09533614587541511,3766.6666666666583,63.69108699993831,59.1396197504104,226,0,2,2,9136.271539259016,8943.86764475345,58.78884435543432,59.40407978191061,-15.475587466172442,20.0,kinematic,False,0,0.0,,,,random,event,2,5,18.112503000111246,9.293603000060102,3766.6666666666583
random-s0-0138,voronoi,1,0,completed,True,False,3,3,0,,0.10417400005735544,0.034724666685785145,2600.000000000002,3.3955100000184757,765.7170793152883,130,1,0,1,14134.547754328461,13960.684423670413,57.9544435526843,58.13966482793276,-118.70910948254038,20.0,kinematic,False,0,0.0,,,,random,once,0,0,0.10417400005735544,0.04838500001369539,2600.000000000002
random-s0-0138,voronoi,1,0,completed,True,False,3,445,0,,160.6710349989271,0.3610585056155665,2649.9999999999955,177.7577679999922,14.907927961832371,159,0,0,0,14134.547754328461,14308.192153259228,59.26302654446592,59.68010857348947,17.837815264020804,20.0,kinematic,False,0,0.0,,,,random,cycle,37,0,0.11294900014036102,4.886177999992469,2649.9999999999955
random-s0-0138,voronoi,1,0,completed,True,False,3,447,0,,26.569270000550205,0.0594390827752801,2666.666666666662,44.39805399999841,60.06269253753233,160,0,0,0,14134.547754328461,14257.581987624242,59.23759464621705,59.71724705776847,9.155452875816394,20.0,kinematic,False,0,0.0,,,,random,event,3,0,0.08620899996003573,4.597530000069128,2666.666666666662
random-s0-0138,prm,1,0,completed,True,False,3,3,0,,0.05369100006191729,0.017897000020639098,2600.000000000002,3.3423979999724907,777.8846205692442,130,1,0,1,14134.547754328461,13960.684423670413,57.9544435526843,58.13966482793276,-118.70910948254038,20.0,kinematic,False,0,0.0,,,,random,once,0,0,0.05369100006191729,0.021582000044872984,2600.000000000002
random-s0-0138,prm,1,0,completed,True,False,3,438,0,,256.3173889994914,0.585199518263679,2716.666666666662,280.77917000007346,9.675456575592667,163,0,0,0,14134.547754328461,15476.575825237887,58.56859454407108,58.7536545160634,2.725019256980545,20.0,kinematic,False,0,0.0,,,,random,cycle,30,0,0.5991990000211445,6.974697000032393,2716.666666666662
random-s0-0138,prm,1,0,completed,True,False,3,531,0,,23.036506999346784,0.0433832523528188,4399.99999999999,44.31193899995378,99.29603847858202,264,0,1,1,14134.547754328461,18806.17222031998,59.28180906340336,59.94029058885782,-33.43429309459074,20.0,kinematic,False,0,0.0,,,,random,event,2,0,0.07302999983949121,6.946083000002545,4399.99999999999
random-s0-0138,visibility,1,0,completed,True,False,3,3,0,,0.047859999767752015,0.01595333325591734,2600.000000000002,3.2701309999083605,795.0751820256932,130,1,0,1,14134.547754328461,13960.684423670413,57.9544435526843,58.13966482793276,-118.70910948254038,20.0,kinematic,False,0,0.0,,,,random,once,0,0,0.047859999767752015,0.018916999920293165,2600.000000000002
random-s0-0138,visibility,1,0,completed,True,False,3,482,0,,546.5023979994612,1.1338224024885086,3233.3333333333267,568.046792999894,5.692019342733848,194,1,1,2,14134.547754328461,14001.572309247396,59.00839103406616,59.40692765078184,-155.92087760740063,20.0,kinematic,False,0,0.0,,,,random,cycle,52,34,0.19747400017422478,15.860118999967199,3233.3333333333267
random-s0-0138,visibility,1,0,completed,True,False,3,483,0,,279.4588009993504,0.5785896501021747,3249.999999999993,298.62613699992835,10.883173297053945,195,1,1,2,14134.547754328461,14009.753528568704,58.93806436194058,59.18770989961401,-155.97442288297623,20.0,kinematic,False,0,0.0,,,,random,event,29,34,0.11830300002202421,10.073885999986487,3249.999999999993
random-s0-0139,voronoi,1,0,completed,True,False,3,3,0,,7.992117999947368,2.6640393333157895,5259.999999999975,14.321140999982163,367.28917060494877,263,0,0,0,12215.218844548403,11943.232582883638,59.37572322773652,59.941494653838205,14.837460474646633,20.0,kinematic,False,0,0.0,,,,random,once,0,0,7.992117999947368,4.126505999920482,5259.999999999975
random-s0-0139,voronoi,1,0,completed,True,False,3,380,0,,71.7570100003968,0.18883423684314948,2383.33333333333,86.36369800001376,27.59647153289974,143,0,0,0,12215.218844548403,11043.391668902725,59.14263484781736,59.77267127099138,4.997838863966024,20.0,kinematic,False,0,0.0,,,,random,cycle,12,0,8.080298000095354,7.994725999992625,2383.33333333333
random-s0-0139,voronoi,1,0,completed,True,False,3,380,0,,23.96324700112018,0.06306117631873731,2383.33333333333,38.01153400002022,62.70026706451947,143,0,0,0,12215.218844548403,11043.522737788606,59.16202574512774,59.77267127099138,4.997838863966024,20.0,kinematic,False,0,0.0,,,,random,event,0,1,8.042091000106666,4.634129999999459,2383.33333333333
random-s0-0139,prm,1,0,completed,True,False,3,3,0,,12.881712999956108,4.293904333318703,4179.999999999999,17.883621999999377,233.73341261631143,209,0,0,0,11396.557826222135,11202.614694464992,58.54097221683883,59.61497822171234,19.863187025175392,20.0,kinematic,False,0,0.0,,,,random,once,0,0,12.881712999956108,6.660383000053116,4179.999999999999
random-s0-0139,prm,1,0,completed,True,False,3,414,0,,554.6698169998763,1.3397821666663678,2966.666666666661,575.1580849999982,5.1580021980681545,178,0,0,0,11396.557826222135,11079.64558027908,59.20542227618527,59.77267127099138,1.0571060955521716,20.0,kinematic,False,0,0.0,,,,random,cycle,75,0,13.260051999964162,7.999556999948254,2966.666666666661
random-s0-0139,prm,1,0,completed,True,False,3,438,0,,20.6959300020344,0.04725098173980457,3366.6666666666597,37.3275660000445,90.1925045598378,202,0,0,0,11396.557826222135,11082.055460716045,59.34331734751629,59.77267127099138,0.33379764687327906,20.0,kinematic,False,0,0.0,,,,random,event,0,0,13.165954999863061,6.801317999929779,3366.6666666666597
random-s0-0139,visibility,1,0,completed,True,False,3,3,0,,19.983545000059166,6.661181666686389,3760.0000000000027,24.45741500002896,153.736607077876,188,0,0,0,11210.568691392882,11034.89588234813,58.46896038188171,59.452866883304914,17.95685421598398,20.0,kinematic,False,0,0.0,,,,random,once,0,0,19.983545000059166,10.097353999981351,3760.0000000000027
random-s0-0139,visibility,1,0,completed,True,False,3,398,0,,549.7266349998426,1.3812227010046298,2699.9999999999955,567.2904299999573,4.759466857214917,162,0,0,0,11210.568691392882,11031.793841384753,59.15436049362366,59.77267127099138,1.332444312592827,20.0,kinematic,False,0,0.0,,,,random,cycle,52,0,19.49639399992975,13.55072800004109,2699.9999999999955
random-s0-0139,visibility,1,0,completed,True,False,3,398,0,,26.455759000668877,0.06647175628308763,2699.9999999999955,41.398130999937166,65.22033567177449,162,0,0,0,11210.568691392882,11031.804575177917,59.15444852339399,59.77267127099138,1.332444312592827,20.0,kinematic,False,0,0.0,,,,random,event,0,0,19.88204200006294,10.054398000079345,2699.9999999999955
random-s0-0140,voronoi,1,0,completed,True,False,3,3,0,,4.249578999974801,1.4165263333249338,4000.0000000000027,9.054151999976057,441.78626557303,200,1,0,1,11281.139630119425,10842.684956862136,58.844614104282954,59.95514349230772,-139.61025238489736,20.0,kinematic,False,0,0.0,,,,random,once,0,0,4.249578999974801,4.158212999982425,4000.0000000000027
random-s0-0140,voronoi,1,0,completed,True,False,3,369,0,,128.87995899905036,0.34926818156924216,2149.9999999999973,143.73515099998713,14.95806686841822,129,0,0,0,11281.139630119425,9132.702998298988,59.590749479997974,59.692273645960675,4.638148358765108,20.0,kinematic,False,0,0.0,,,,random,cycle,29,0,4.176682000093024,4.2955760000040755,2149.9999999999973
random-s0-0140,voronoi,1,0,completed,True,False,3,418,0,,26.152074999231445,0.06256477272543408,2999.999999999994,42.72603500010064,70.21479994558185,180,0,0,0,11281.139630119425,9454.232903835904,59.14662915243212,59.50000945842563,6.629269224535506,20.0,kinematic,False,0,0.0,,,,random,event,2,0,4.559613999958856,4.4821830000500995,2999.999999999994
random-s0-0140,prm,1,0,completed,True,False,3,3,0,,7.185424999988754,2.395141666662918,2940.0000000000023,12.056078000000525,243.86039970875058,147,0,1,1,9967.105459837278,9661.96278390622,58.92079293227056,59.95514349230772,-20.966394776677504,20.0,kinematic,False,0,0.0,,,,random,once,0,0,7.185424999988754,7.133711000051335,2940.0000000000023
random-s0-0140,prm,1,0,completed,True,False,3,420,0,,548.7145509994207,1.3064632166652874,3049.999999999994,570.9917340000175,5.3415834562675135,183,0,0,0,9967.105459837278,10079.589477188245,59.19480514485088,59.996637798629784,1.8825389150836145,20.0,kinematic,False,0,0.0,,,,random,cycle,73,0,7.444109999937609,10.364146000028995,3049.999999999994
random-s0-0140,prm,1,0,completed,True,False,3,452,0,,48.550882998597444,0.10741345796149877,3249.999999999993,66.93735399994694,48.55286033568894,195,0,0,0,9967.105459837278,11126.124189293914,58.692526370220435,59.50000945842563,1.176177859645179,20.0,kinematic,False,0,0.0,,,,random,event,5,0,6.576942000037889,6.992443999934039,3249.999999999993
random-s0-0140,visibility,1,0,completed,True,False,3,3,0,,10.594909000133157,3.531636333377719,2860.0000000000023,14.073076000045148,203.22493817206893,143,0,0,0,9095.09989621285,8917.98109333629,59.031071752150616,59.95514349230772,1.3470504027272625,20.0,kinematic,False,0,0.0,,,,random,once,0,0,10.594909000133157,10.54888100009066,2860.0000000000023
random-s0-0140,visibility,1,0,completed,True,False,3,408,0,,928.0847569998514,2.2747175416663024,2849.9999999999945,948.1505200000129,3.005851855673671,171,0,0,0,9095.09989621285,8920.218800005738,59.22069181530787,59.71603836328391,0.6805929674474385,20.0,kinematic,False,0,0.0,,,,random,cycle,92,0,10.068974999967395,10.612525000055939,2849.9999999999945
random-s0-0140,visibility,1,0,completed,True,False,3,408,0,,80.84742299956815,0.19815544852835332,2849.9999999999945,96.63202299998375,29.493328521130866,171,0,0,0,9095.09989621285,8923.801107145722,58.94705687921419,59.50000945842563,0.6805929674474385,20.0,kinematic,False,0,0.0,,,,random,event,6,0,11.191828999926656,11.113226000020404,2849.9999999999945
random-s0-0141,voronoi,1,0,completed,True,False,3,3,0,,8.347302999936801,2.782434333312267,7819.999999999921,18.018578000010166,433.99651182215985,391,0,0,0,20951.815527817176,20484.342148211057,59.05768485309201,59.74415358144233,287.5315724143878,20.0,kinematic,False,0,0.0,,,,random,once,0,0,8.347302999936801,4.272999000022537,7819.999999999921
random-s0-0141,voronoi,1,0,completed,True,False,3,469,0,,129.8504980020425,0.27686673347983476,3199.9999999999936,150.81003400007376,21.218747288382872,192,0,0,0,20951.815527817176,17361.26682071316,59.14172615216023,59.636422721253744,9.721395239913278,20.0,kinematic,False,0,0.0,,,,random,cycle,26,0,8.300581000071361,4.70590899999479,3199.9999999999936
random-s0-0141,voronoi,1,0,completed,True,False,3,473,0,,26.707011999633323,0.056463027483368546,3216.66666666666,45.18938399996841,71.18191004039596,193,0,0,0,20951.815527817176,17362.679384568833,59.27898167903752,59.70729401929665,8.424615786182073,20.0,kinematic,False,0,0.0,,,,random,event,1,0,8.190275000060865,4.297006000001602,3216.66666666666
random-s0-0141,prm,1,0,completed,True,False,3,3,0,,13.348907000022336,4.449635666674112,5199.999999999977,19.776425999907588,262.9393197751847,260,0,1,1,17937.451331375345,17699.95058306335,58.795883254447766,59.19445475214848,-30.138234498392933,20.0,kinematic,False,0,0.0,,,,random,once,0,0,13.348907000022336,6.716395000012199,5199.999999999977
random-s0-0141,prm,1,0,completed,True,False,3,545,0,,897.6327749987831,1.6470326146766663,3799.9999999999914,925.5043540000543,4.105869392808679,228,0,0,0,17937.451331375345,17729.752865093807,58.7967398157575,59.703211702247515,8.385918090639365,20.0,kinematic,False,0,0.0,,,,random,cycle,127,4,12.785583999971095,10.815494999974362,3799.9999999999914
random-s0-0141,prm,1,0,completed,True,False,3,540,0,,44.888899000284255,0.08312759074126713,3716.6666666666583,65.79385899999579,56.48956791950592,223,0,0,0,17937.451331375345,17572.81656095228,58.238537208203155,58.5702207565826,8.911931152778578,20.0,kinematic,False,0,0.0,,,,random,event,3,0,12.557473000015307,7.911047999982657,3716.6666666666583
random-s0-0141,visibility,1,0,completed,True,False,3,3,0,,18.96781499988265,6.322604999960883,5059.99999999998,25.16795299993646,201.04932649916958,253,0,0,0,17060.508059901145,16870.95014027288,59.24228439547573,59.843870165541595,5.857284401378763,20.0,kinematic,False,0,0.0,,,,random,once,0,0,18.96781499988265,9.918106999975862,5059.99999999998
random-s0-0141,visibility,1,0,completed,True,False,3,530,0,,1475.814233999813,2.784555158490213,4416.666666666656,1502.35396700009,2.939830934440759,265,0,0,0,17060.508059901145,16844.620754759846,58.54976394945961,58.60172272995844,0.7158401003350434,20.0,kinematic,False,0,0.0,,,,random,cycle,161,0,18.67238499994528,12.707045000070138,4416.666666666656
random-s0-0141,visibility,1,0,completed,True,False,3,531,0,,97.14303099997323,0.18294356120522268,4433.333333333323,118.08270699998502,37.54430641003077,266,0,1,1,17060.508059901145,16852.507552409483,58.40333783121904,58.57542379210425,-17.716012374713927,20.0,kinematic,False,0,0.0,,,,random,event,8,1,17.488086999946972,9.173611000051096,4433.333333333323
random-s0-0142,voronoi,1,0,completed,True,False,3,3,0,,4.0844950001428515,1.3614983333809505,5359.999999999974,10.443740000027901,513.2261048231433,268,0,0,0,11318.0920241905,11038.711146528225,59.21191867628735,59.89704880845315,55.549565874478134,20.0,kinematic,False,0,0.0,,,,random,once,0,0,4.0844950001428515,4.001018000053591,5359.999999999974
random-s0-0142,voronoi,1,0,completed,True,False,3,407,0,,195.63549399856583,0.48067688943136566,3133.333333333327,214.69527799990828,14.594328121807438,188,0,0,0,11318.0920241905,10774.198346641728,59.13009058165621,59.44778435351272,2.28271311496556,20.0,kinematic,False,0,0.0,,,,random,cycle,44,3,3.920191000020168,4.521654999962266,3133.333333333327
random-s0-0142,voronoi,1,0,completed,True,False,3,428,0,,17.069627999831027,0.03988230841082016,3483.3333333333258,34.07688699996925,102.2198222900017,209,0,0,0,11318.0920241905,10757.024889861035,59.398428851233746,59.44778435351272,12.651628782812367,20.0,kinematic,False,0,0.0,,,,random,event,0,0,4.208132000030673,4.136316999961309,3483.3333333333258
random-s0-0142,prm,1,0,completed,True,False,3,3,0,,6.296463000126096,2.0988210000420318,4459.999999999993,11.553373999959149,386.03441730664673,223,0,0,0,11272.176421240138,11065.95863481651,59.15383964394764,59.89704880845315,163.65368279321467,20.0,kinematic,False,0,0.0,,,,random,once,0,0,6.296463000126096,6.252327999959562,4459.999999999993
random-s0-0142,prm,1,0,completed,True,False,3,386,0,,211.44766399936543,0.5477918756460244,2783.3333333333285,229.78018499998143,12.11302590488189,167,0,0,0,11272.176421240138,11037.057581338131,59.37272964870569,59.44778435351272,147.53421219637278,20.0,kinematic,False,0,0.0,,,,random,cycle,24,15,6.992197000045053,7.181386000070233,2783.3333333333285
random-s0-0142,prm,1,0,completed,True,False,3,397,0,,19.217192000837713,0.048406025191026984,2966.666666666661,34.324007999998685,86.43124272278385,178,0,0,0,11272.176421240138,10932.442519947961,59.38420971390821,59.44778435351272,283.55765152867525,20.0,kinematic,False,0,0.0,,,,random,event,1,0,6.1225370000101975,6.245951999972021,2966.666666666661
random-s0-0142,visibility,1,0,completed,True,False,3,3,0,,9.802439000054619,3.267479666684873,3520.0000000000027,14.036597999961486,250.77301494348282,176,0,0,0,10820.762587585848,10642.874523115748,59.03495673368729,59.89704880845315,18.23862381615575,20.0,kinematic,False,0,0.0,,,,random,once,0,0,9.802439000054619,9.734266999998908,3520.0000000000027
random-s0-0142,visibility,1,0,completed,True,False,3,412,0,,670.052975999397,1.6263421747558178,3216.66666666666,690.2626109999801,4.660062149399474,193,0,0,0,10820.762587585848,10641.439019773914,59.29099895314166,59.44778435351272,0.8770438846358104,20.0,kinematic,False,0,0.0,,,,random,cycle,64,15,9.865222000030371,16.91775200004031,3216.66666666666
random-s0-0142,visibility,1,0,completed,True,False,3,412,0,,17.338928000754095,0.04208477670085945,3216.66666666666,34.07586599996648,94.39720964596539,193,0,0,0,10820.762587585848,10641.265051882101,59.34128119351513,59.44778435351272,0.8374750532296957,20.0,kinematic,False,0,0.0,,,,random,event,0,0,10.103122000032272,10.042889000033028,3216.66666666666
random-s0-0143,voronoi,1,0,completed,True,False,3,3,0,,0.1069439999810129,0.035647999993670965,2580.000000000002,3.3992270000453573,758.9960893949053,129,0,1,1,13918.629568304232,13742.781758832378,58.61593649061959,58.708893071653165,-86.18973197765678,20.0,kinematic,False,0,0.0,,,,random,once,0,0,0.1069439999810129,0.049622000005911104,2580.000000000002
random-s0-0143,voronoi,1,0,completed,True,False,3,545,0,,175.95754199999192,0.32285787522934295,4783.333333333322,200.59677699998701,23.845514393950765,287,0,8,8,13918.629568304232,15669.872700405529,58.81920367969699,59.53672957652525,-41.949686645707004,20.0,kinematic,False,0,0.0,,,,random,cycle,142,0,0.13323799998943286,7.379030000038256,4783.333333333322
random-s0-0143,voronoi,1,0,completed,True,False,3,533,0,,47.61547799910204,0.08933485553302446,4583.333333333322,69.5988390000366,65.85358892740885,275,0,1,1,13918.629568304232,15421.175030128696,59.017611159092525,59.56236669470443,-26.894190011457027,20.0,kinematic,False,0,0.0,,,,random,event,31,0,0.08811400005015457,4.147356999965268,4583.333333333322
random-s0-0143,prm,1,0,completed,True,False,3,3,0,,0.050224000005982816,0.016741333335327607,2580.000000000002,3.2943200000090656,783.1661769326909,129,0,1,1,13918.629568304232,13742.781758832378,58.61593649061959,58.708893071653165,-86.18973197765678,20.0,kinematic,False,0,0.0,,,,random,once,0,0,0.050224000005982816,0.019482999960018788,2580.000000000002
random-s0-0143,prm,1,0,completed,True,False,3,421,0,,133.37946799981637,0.3168158384793738,2733.3333333333285,152.45405400003165,17.928898980493894,164,0,0,0,13918.629568304232,14053.31115402885,58.578114299813855,58.69381533862409,93.35706607449265,20.0,kinematic,False,0,0.0,,,,random,cycle,13,0,0.6011400000716094,7.049127999948723,2733.3333333333285
random-s0-0143,prm,1,0,completed,True,False,3,421,0,,19.7150149999743,0.04682901425172043,2733.3333333333285,35.01962400002867,78.05147574774334,164,0,0,0,13918.629568304232,14053.31115402885,58.578114299813855,58.69381533862409,93.35706607449265,20.0,kinematic,False,0,0.0,,,,random,event,2,0,0.06070499989618838,6.750981999971373,2733.3333333333285
random-s0-0143,visibility,1,0,completed,True,False,3,3,0,,0.04927500003759633,0.01642500001253211,2580.000000000002,3.2375470000260975,796.8996280144211,129,0,1,1,13918.629568304232,13742.781758832378,58.61593649061959,58.708893071653165,-86.18973197765678,20.0,kinematic,False,0,0.0,,,,random,once,0,0,0.04927500003759633,0.01945700000760553,2580.000000000002
random-s0-0143,visibility,1,0,completed,True,False,3,442,0,,501.2725749998026,1.134100848415843,3116.6666666666606,521.8638970000029,5.972182947667375,187,0,0,0,13918.629568304232,13765.605870136227,59.2423928148743,59.760779733961115,41.70996715100057,20.0,kinematic,False,0,0.0,,,,random,cycle,43,0,0.20700100014892087,17.338709999989987,3116.6666666666606
random-s0-0143,visibility,1,0,completed,True,False,3,450,0,,181.824422999739,0.40405427333275334,3249.999999999993,199.90356200003134,16.257839367562063,195,0,0,0,13918.629568304232,13764.707587522314,58.7139958116193,59.29840454126109,55.178826948312576,20.0,kinematic,False,0,0.0,,,,random,event,16,0,0.06101100007072091,14.42560800001047,3249.999999999993
random-s0-0144,voronoi,1,0,completed,True,False,3,3,0,,8.148259999984475,2.7160866666614916,5939.999999999961,15.140975999997863,392.31288656694255,297,0,0,0,16143.747624159296,15594.724675872065,59.056154313572854,59.85859348763423,124.60071328528664,20.0,kinematic,False,0,0.0,,,,random,once,0,0,8.148259999984475,4.077692999999272,5939.999999999961
random-s0-0144,voronoi,1,0,completed,True,False,3,433,0,,249.56093299886106,0.5763531939927508,2716.666666666662,278.0304210000395,9.771113020277289,163,0,1,1,16143.747624159296,13493.48729565942,58.96217357878175,59.57621926071935,-1.1533156644556755,20.0,kinematic,False,0,0.0,,,,random,cycle,56,0,7.821452000030149,9.635179000042626,2716.666666666662
random-s0-0144,voronoi,1,0,completed,True,False,3,504,0,,45.08615300233032,0.08945665278240143,3849.9999999999914,65.05268500006878,59.182799295615865,231,0,0,0,16143.747624159296,13758.963544668797,58.89379045046692,59.57621926071935,9.463464165152203,20.0,kinematic,False,0,0.0,,,,random,event,4,0,9.06225899996116,5.2532030000520535,3849.9999999999914
random-s0-0144,prm,1,0,completed,True,False,3,3,0,,12.72686499999054,4.24228833333018,4379.9999999999945,17.951058999983616,243.99674693309137,219,1,0,1,15194.430548498216,14829.118695931658,58.060517292175625,58.358081271496516,-26.386426177371845,20.0,kinematic,False,0,0.0,,,,random,once,0,0,12.72686499999054,6.431310000039048,4379.9999999999945
random-s0-0144,prm,1,0,completed,True,False,3,468,0,,721.4336820009066,1.5415249615403988,2999.999999999994,744.0427809999619,4.032026217589426,180,0,1,1,15194.430548498216,14391.478287102827,58.67455557748627,59.57621926071935,-1.8072511426702533,20.0,kinematic,False,0,0.0,,,,random,cycle,107,2,12.443265000001702,8.683449000045584,2999.999999999994
random-s0-0144,prm,1,0,completed,True,False,3,463,0,,79.59932600056163,0.1719207904979733,2999.999999999994,96.64367499999571,31.04186590586634,180,0,1,1,15194.430548498216,14031.225890982725,58.86485851121023,59.57621926071935,-0.4528516920767913,20.0,kinematic,False,0,0.0,,,,random,event,10,1,12.135029999967628,6.504252000013366,2999.999999999994
random-s0-0144,visibility,1,0,completed,True,False,3,3,0,,19.265010000140137,6.421670000046713,3480.0000000000027,23.78362299998571,146.31917096911997,174,0,1,1,12676.689554754468,12501.756680687013,57.966333296900636,58.17135079297597,-9.533402899719988,20.0,kinematic,False,0,0.0,,,,random,once,0,0,19.265010000140137,9.713779000094291,3480.0000000000027
random-s0-0144,visibility,1,0,completed,True,False,3,456,0,,935.7470219994184,2.0520768026303036,3483.3333333333258,957.7694540000721,3.63692255874874,209,0,1,1,12676.689554754468,12497.318252024688,58.971247227748854,59.57621926071935,-7.562888689716345,20.0,kinematic,False,0,0.0,,,,random,cycle,92,2,19.17614399997092,17.158919000053174,3483.3333333333258
random-s0-0144,visibility,1,0,completed,True,False,3,456,0,,47.50658600210045,0.10418110965372905,3483.3333333333258,65.28111499994793,53.35897423529154,209,0,1,1,12676.689554754468,12497.3390042635,58.96864420729154,59.57621926071935,-7.562888689716345,20.0,kinematic,False,0,0.0,,,,random,event,2,2,19.23917800002073,10.440646999995806,3483.3333333333258
random-s0-0145,voronoi,1,0,completed,True,False,3,3,0,,0.10342900009163714,0.03447633336387904,2420.000000000002,3.115351000019473,776.7985052037075,121,0,0,0,10831.906942440884,10655.980294044459,58.6422161321419,59.428687508880884,170.63847470812175,20.0,kinematic,False,0,0.0,,,,random,once,0,0,0.10342900009163714,0.048037000055956014,2420.000000000002
random-s0-0145,voronoi,1,0,completed,True,False,3,370,0,,10.31642499890495,0.027882229726770135,2416.666666666663,24.93045500000335,96.93632413312706,145,0,0,0,10831.906942440884,10654.574458318762,59.11082804070787,59.8408768076452,169.98889097804113,20.0,kinematic,False,0,0.0,,,,random,cycle,0,0,0.0842740001871789,0.07693400004882278,2416.666666666663
random-s0-0145,voronoi,1,0,completed,True,False,3,370,0,,11.325134001481274,0.030608470274273714,2416.666666666663,25.22534000001997,95.80313552422881,145,0,0,0,10831.906942440884,10654.574458318762,59.11082804070787,59.8408768076452,169.98889097804113,20.0,kinematic,False,0,0.0,,,,random,event,0,0,0.08712399994692532,0.2139679999118016,2416.666666666663
random-s0-0145,prm,1,0,completed,True,False,3,3,0,,0.05617099998289632,0.01872366666096544,2420.000000000002,3.1250189999809663,774.3952916813438,121,0,0,0,10831.906942440884,10655.980294044459,58.6422161321419,59.428687508880884,170.63847470812175,20.0,kinematic,False,0,0.0,,,,random,once,0,0,0.05617099998289632,0.020804999962820148,2420.000000000002
random-s0-0145,prm,1,0,completed,True,False,3,370,0,,61.41315900015343,0.16598151081122547,2416.666666666663,77.66231600010087,31.117622949379,145,0,0,0,10831.906942440884,10654.574458318762,59.11082804070787,59.8408768076452,169.98889097804113,20.0,kinematic,False,0,0.0,,,,random,cycle,0,0,0.5719459999227183,8.258749999981774,2416.666666666663
random-s0-0145,prm,1,0,completed,True,False,3,370,0,,5.9211829993728315,0.016003197295602248,2416.666666666663,20.10439100001804,120.2059125623101,145,0,0,0,10831.906942440884,10654.574458318762,59.11082804070787,59.8408768076452,169.98889097804113,20.0,kinematic,False,0,0.0,,,,random,event,0,0,0.08677400001033675,0.04495400003179384,2416.666666666663
random-s0-0145,visibility,1,0,completed,True,False,3,3,0,,0.04894699998203578,0.01631566666067859,2420.000000000002,2.9366380000510617,824.0716084031887,121,0,0,0,10831.906942440884,10655.980294044459,58.6422161321419,59.428687508880884,170.63847470812175,20.0,kinematic,False,0,0.0,,,,random,once,0,0,0.04894699998203578,0.01961599991773255,2420.000000000002
random-s0-0145,visibility,1,0,completed,True,False,3,370,0,,20.258779998130194,0.05475345945440593,2416.666666666663,35.49700100006703,68.08086876584586,145,0,0,0,10831.906942440884,10654.574458318762,59.11082804070787,59.8408768076452,169.98889097804113,20.0,kinematic,False,0,0.0,,,,random,cycle,0,0,0.2060829999663838,0.15198999994936457,2416.666666666663
random-s0-0145,visibility,1,0,completed,True,False,3,370,0,,5.818823000822704,0.015726548650872172,2416.666666666663,19.235212000012325,125.6376413561293,145,0,0,0,10831.906942440884,10654.574458318762,59.11082804070787,59.8408768076452,169.98889097804113,20.0,kinematic,False,0,0.0,,,,random,event,0,0,0.05802200007565261,0.05317000000104599,2416.666666666663
random-s0-0146,voronoi,1,0,completed,True,False,3,3,0,,0.10458299993842957,0.034860999979476524,2400.000000000002,3.0781739999383717,779.6830198838833,120,0,0,0,12906.40738904591,12730.827043448935,58.52678186565722,59.08884995329966,213.80313563401552,20.0,kinematic,False,0,0.0,,,,random,once,0,0,0.10458299993842957,0.046408999992308964,2400.000000000002
random-s0-0146,voronoi,1,0,completed,True,False,3,402,0,,85.96716899910462,0.21384867910225028,2499.999999999996,102.68190399995092,24.347035871103355,150,0,0,0,12906.40738904591,13038.86382877857,59.225583933847474,59.91788950749429,212.55346224964597,20.0,kinematic,False,0,0.0,,,,random,cycle,18,0,0.11279099999228492,5.161827999927482,2499.999999999996
random-s0-0146,voronoi,1,0,completed,True,False,3,410,0,,27.855822000219632,0.06794102926882838,2483.3333333333294,46.98520100009773,52.85352154454259,149,0,0,0,12906.40738904591,13002.175430558073,58.52164843107463,58.724514886639554,212.55346224964597,20.0,kinematic,False,0,0.0,,,,random,event,2,0,0.08980199993402493,7.882135999921047,2483.3333333333294
random-s0-0146,prm,1,0,completed,True,False,3,3,0,,0.050587000146151695,0.016862333382050565,2400.000000000002,3.4557639999093226,694.4918692546645,120,0,0,0,12906.40738904591,12730.827043448935,58.52678186565722,59.08884995329966,213.80313563401552,20.0,kinematic,False,0,0.0,,,,random,once,0,0,0.050587000146151695,0.02033400005529984,2400.000000000002
random-s0-0146,prm,1,0,completed,True,False,3,399,0,,168.47116099961568,0.4222334862145756,2449.9999999999964,194.19207099997493,12.616375052719391,147,0,0,0,12906.40738904591,12841.204399192455,58.61453155878851,58.74479066606288,212.55346224964597,20.0,kinematic,False,0,0.0,,,,random,cycle,14,0,0.5127109998284141,19.25074299992957,2449.9999999999964
random-s0-0146,prm,1,0,completed,True,False,3,400,0,,19.128805002424087,0.04782201250606022,2466.666666666663,33.426835999989635,73.79300471834749,148,0,0,0,12906.40738904591,12863.230763082694,58.44951895607718,58.719290193310755,212.55346224964597,20.0,kinematic,False,0,0.0,,,,random,event,2,0,0.06069200014735543,6.560379000006833,2466.666666666663
random-s0-0146,visibility,1,0,completed,True,False,3,3,0,,0.06887699987601081,0.022958999958670272,2400.000000000002,3.027311999971971,792.7825080540832,120,0,0,0,12906.40738904591,12730.827043448935,58.52678186565722,59.08884995329966,213.80313563401552,20.0,kinematic,False,0,0.0,,,,random,once,0,0,0.06887699987601081,0.03917699996236479,2400.000000000002
random-s0-0146,visibility,1,0,completed,True,False,3,399,0,,183.6012769986155,0.4601535764376328,2399.9999999999964,199.82599599995865,12.010449331129534,144,0,0,0,12906.40738904591,12731.220016906685,59.197959572661006,59.57865414692597,212.55346224964597,20.0,kinematic,False,0,0.0,,,,random,cycle,17,0,0.20012999982554902,11.195602000043436,2399.9999999999964
random-s0-0146,visibility,1,0,completed,True,False,3,399,0,,99.83168000019305,0.2502047117799324,2399.9999999999964,113.94300400002066,21.063162421095736,144,0,0,0,12906.40738904591,12733.082635554789,59.260438239650504,59.75608431438065,212.55346224964597,20.0,kinematic,False,0,0.0,,,,random,event,10,0,0.06303999987267161,9.464300999979969,2399.9999999999964
random-s0-0147,voronoi,1,0,completed,True,False,3,3,0,,0.10458799988555256,0.03486266662851752,2760.000000000002,3.519743999959246,784.1479380409368,138,0,0,0,15869.037636162615,15691.959158315221,59.02615928246382,59.350226305142726,208.3509200801925,20.0,kinematic,False,0,0.0,,,,random,once,0,0,0.10458799988555256,0.04576399999223213,2760.000000000002
random-s0-0147,voronoi,1,0,completed,True,False,3,432,0,,11.992743000291739,0.02776097916734199,2766.6666666666615,28.029817000060575,98.70441418367741,166,0,0,0,15869.037636162615,15692.086838646963,58.98359917188481,59.68295051560214,206.8378284763117,20.0,kinematic,False,0,0.0,,,,random,cycle,0,0,0.08434000005763664,0.09148100002676074,2766.6666666666615
random-s0-0147,voronoi,1,0,completed,True,False,3,432,0,,12.633082001116236,0.02924324537295425,2766.6666666666615,28.39956400009669,97.41933596787761,166,0,0,0,15869.037636162615,15692.086838646963,58.98359917188481,59.68295051560214,206.8378284763117,20.0,kinematic,False,0,0.0,,,,random,event,0,0,0.09356199996091163,0.0681540000186942,2766.6666666666615
random-s0-0147,prm,1,0,completed,True,False,3,3,0,,0.051261000066915585,0.017087000022305194,2760.000000000002,3.428337999935138,805.0548108302679,138,0,0,0,15869.037636162615,15691.959158315221,59.02615928246382,59.350226305142726,208.3509200801925,20.0,kinematic,False,0,0.0,,,,random,once,0,0,0.051261000066915585,0.021023000044806395,2760.000000000002
random-s0-0147,prm,1,0,completed,True,False,3,432,0,,65.50225099965701,0.15162558101772455,2766.6666666666615,83.89937599997666,32.97601005599173,166,0,0,0,15869.037636162615,15692.086838646963,58.98359917188481,59.68295051560214,206.8378284763117,20.0,kinematic,False,0,0.0,,,,random,cycle,0,0,0.5560590000186494,4.168202999949244,2766.6666666666615
random-s0-0147,prm,1,0,completed,True,False,3,432,0,,6.906167999773061,0.015986499999474678,2766.6666666666615,22.459387000026254,123.18531519419597,166,0,0,0,15869.037636162615,15692.086838646963,58.98359917188481,59.68295051560214,206.8378284763117,20.0,kinematic,False,0,0.0,,,,random,event,0,0,0.06072500002574088,0.05567000005157752,2766.6666666666615
random-s0-0147,visibility,1,0,completed,True,False,3,3,0,,0.0726910000139469,0.0242303333379823,2760.000000000002,3.4674580000455535,795.972150192949,138,0,0,0,15869.037636162615,15691.959158315221,59.02615928246382,59.350226305142726,208.3509200801925,20.0,kinematic,False,0,0.0,,,,random,once,0,0,0.0726910000139469,0.03785399997013883,2760.000000000002
random-s0-0147,visibility,1,0,completed,True,False,3,432,0,,23.856324000917084,0.0552229722243451,2766.6666666666615,41.26043799999479,67.05373962988494,166,0,0,0,15869.037636162615,15692.086838646963,58.98359917188481,59.68295051560214,206.8378284763117,20.0,kinematic,False,0,0.0,,,,random,cycle,0,0,0.20710900002995913,0.3602110000429093,2766.6666666666615
random-s0-0147,visibility,1,0,completed,True,False,3,432,0,,6.962970998642959,0.016117988422784627,2766.6666666666615,22.373221000066223,123.6597388752595,166,0,0,0,15869.037636162615,15692.086838646963,58.98359917188481,59.68295051560214,206.8378284763117,20.0,kinematic,False,0,0.0,,,,random,event,0,0,0.05922100012867304,0.05627099994853779,2766.6666666666615
random-s0-0148,voronoi,1,0,completed,True,False,3,3,0,,7.983675999980733,2.661225333326911,7339.999999999932,16.77821500004484,437.47204335981604,367,0,0,0,14368.68072875475,13955.004977291166,59.25600392662401,59.365984133832676,504.39406349043134,20.0,kinematic,False,0,0.0,,,,random,once,0,0,7.983675999980733,4.049860000009176,7339.999999999932
random-s0-0148,voronoi,1,0,completed,True,False,3,434,0,,345.08169500054464,0.7951191129044808,2999.999999999994,363.7504309999713,8.247412908220667,180,0,0,0,14368.68072875475,12801.855282357961,58.689197189101264,59.09089187116336,8.396819939306226,20.0,kinematic,False,0,0.0,,,,random,cycle,81,0,7.854654999846389,6.636544999992111,2999.999999999994
random-s0-0148,voronoi,1,0,completed,True,False,3,546,0,,46.74779900051362,0.08561867948812019,3699.999999999992,68.50274400005674,54.012434888694784,222,0,0,0,14368.68072875475,14292.497281667967,58.542135189277666,58.90209775162229,9.40702431000696,20.0,kinematic,False,0,0.0,,,,random,event,5,0,8.252577999996902,4.631107000022894,3699.999999999992
random-s0-0148,prm,1,0,completed,True,False,3,3,0,,17.62423200000285,5.874744000000949,5919.999999999962,24.941662000060205,237.3538700021543,296,0,0,0,16102.022850383804,15513.300344936593,58.42898547914402,59.055086979188864,131.48621431362392,20.0,kinematic,False,0,0.0,,,,random,once,0,0,17.62423200000285,9.650089000047046,5919.999999999962
random-s0-0148,prm,1,0,completed,True,False,3,416,0,,367.34453000008216,0.8830397355771206,3033.3333333333276,387.5902689999293,7.8261338736909325,182,0,0,0,16102.022850383804,12424.745379529308,58.997841041873045,59.790370981095016,4.198656876955539,20.0,kinematic,False,0,0.0,,,,random,cycle,47,0,13.259566999977324,7.770452000045225,3033.3333333333276
random-s0-0148,prm,1,0,completed,True,False,3,454,0,,29.057863000275574,0.06400410352483607,3199.9999999999936,47.888510000007045,66.82187439115401,192,0,0,0,16102.022850383804,12595.070729961757,59.21293466964109,59.988347129330435,15.795941673248933,20.0,kinematic,False,0,0.0,,,,random,event,1,0,12.917971999968358,7.597435999969093,3199.9999999999936
random-s0-0148,visibility,1,0,completed,True,False,3,3,0,,21.674332000088725,7.224777333362908,3460.0000000000027,26.230022999925495,131.90991102103993,173,0,0,0,12448.676840700362,12266.948391420578,59.073685745425735,59.85954171569768,0.32432835145260697,20.0,kinematic,False,0,0.0,,,,random,once,0,0,21.674332000088725,11.350369000069804,3460.0000000000027
random-s0-0148,visibility,1,0,completed,True,False,3,456,0,,1506.3618730008557,3.3034251600895956,2933.3333333333276,1528.8670119999779,1.9186321048919133,176,0,1,1,12448.676840700362,12256.087314941855,59.16936182784499,59.84167318522333,-0.04349920370799509,20.0,kinematic,False,0,0.0,,,,random,cycle,147,1,19.75752900000316,23.089792999940073,2933.3333333333276
random-s0-0148,visibility,1,0,completed,True,False,3,455,0,,187.6481510003032,0.412413518681985,2916.666666666661,205.5440850000423,14.189981028478933,175,0,1,1,12448.676840700362,12258.991134592472,59.3919989134231,59.84167318522333,-0.04349920370799509,20.0,kinematic,False,0,0.0,,,,random,event,16,1,20.857756999930643,11.510874000009608,2916.666666666661
random-s0-0149,voronoi,1,0,completed,True,False,3,3,0,,0.10949700003948237,0.03649900001316079,2520.000000000002,3.2418549999420065,777.3327308115514,126,0,0,0,10257.268802649407,10081.0346974889,58.744701720168585,59.53184763538832,55.018203405303524,20.0,kinematic,False,0,0.0,,,,random,once,0,0,0.10949700003948237,0.04842900000312511,2520.000000000002
random-s0-0149,voronoi,1,0,completed,True,False,3,362,0,,9.957893001569573,0.02750799171704302,2533.3333333333294,24.0490989999671,105.34005175565184,152,0,0,0,10257.268802649407,10080.472283063116,58.93217319542965,59.64919263987706,54.741136999315785,20.0,kinematic,False,0,0.0,,,,random,cycle,0,0,0.0851880001846439,0.1533339999468808,2533.3333333333294
random-s0-0149,voronoi,1,0,completed,True,False,3,362,0,,10.545627000169588,0.02913156629881102,2533.3333333333294,24.327329000016107,104.13528477917374,152,0,0,0,10257.268802649407,10080.472283063116,58.93217319542965,59.64919263987706,54.741136999315785,20.0,kinematic,False,0,0.0,,,,random,event,0,0,0.08872400007930992,0.0672690000556031,2533.3333333333294
random-s0-0149,prm,1,0,completed,True,False,3,3,0,,0.06226800007880229,0.02075600002626743,2520.000000000002,3.182976000061899,791.7119073316908,126,0,0,0,10257.268802649407,10081.0346974889,58.744701720168585,59.53184763538832,55.018203405303524,20.0,kinematic,False,0,0.0,,,,random,once,0,0,0.06226800007880229,0.031784000043444394,2520.000000000002
random-s0-0149,prm,1,0,completed,True,False,3,362,0,,46.60750499851929,0.12875001380806433,2533.3333333333294,62.466473999961636,40.555087731298634,152,0,0,0,10257.268802649407,10080.472283063116,58.93217319542965,59.64919263987706,54.741136999315785,20.0,kinematic,False,0,0.0,,,,random,cycle,0,0,0.5604440000297473,0.7132139999157516,2533.3333333333294
random-s0-0149,prm,1,0,completed,True,False,3,362,0,,6.012444999896616,0.0166089640881122,2533.3333333333294,19.97524900002645,126.82361723400668,152,0,0,0,10257.268802649407,10080.472283063116,58.93217319542965,59.64919263987706,54.741136999315785,20.0,kinematic,False,0,0.0,,,,random,event,0,0,0.06281399998897541,0.04822200003218313,2533.3333333333294
random-s0-0149,visibility,1,0,completed,True,False,3,3,0,,0.04817000001366978,0.016056666671223258,2520.000000000002,3.1693399999994654,795.1182265078619,126,0,0,0,10257.268802649407,10081.0346974889,58.744701720168585,59.53184763538832,55.018203405303524,20.0,kinematic,False,0,0.0,,,,random,once,0,0,0.04817000001366978,0.01872699999694305,2520.000000000002
random-s0-0149,visibility,1,0,completed,True,False,3,362,0,,19.990734000202792,0.055223022100007714,2533.3333333333294,35.02354199997626,72.33229960964675,152,0,0,0,10257.268802649407,10080.472283063116,58.93217319542965,59.64919263987706,54.741136999315785,20.0,kinematic,False,0,0.0,,,,random,cycle,0,0,0.1967240000340098,0.12940199997046875,2533.3333333333294
random-s0-0149,visibility,1,0,completed,True,False,3,362,0,,6.0458129992184695,0.016701140881818975,2533.3333333333294,19.69602599990594,128.62154697325377,152,0,0,0,10257.268802649407,10080.472283063116,58.93217319542965,59.64919263987706,54.741136999315785,20.0,kinematic,False,0,0.0,,,,random,event,0,0,0.05793399998310633,0.05712600000151724,2533.3333333333294
random-s0-0150,voronoi,1,0,completed,True,False,3,3,0,,0.09767799997462134,0.03255933332487378,2460.000000000002,3.146833000073457,781.7383381776465,123,0,0,0,15840.998160322428,15664.595185357703,58.80099165490626,59.719899560701094,126.07969185735374,20.0,kinematic,False,0,0.0,,,,random,once,0,0,0.09767799997462134,0.04365500001313194,2460.000000000002
random-s0-0150,voronoi,1,0,completed,True,False,3,525,0,,486.7913890004729,0.9272216933342341,3949.999999999991,509.70511399998486,7.74957890652066,237,7,0,7,15840.998160322428,16703.52190345591,58.74959248578072,59.477910983865044,-10.140645386284547,20.0,kinematic,False,0,0.0,,,,random,cycle,130,2,0.08305900007599121,8.606097999972917,3949.999999999991
random-s0-0150,voronoi,1,0,completed,True,False,3,471,0,,21.734597000204303,0.046145641189393426,3049.999999999994,39.359317999924315,77.49118010647082,183,0,0,0,15840.998160322428,15992.160893155753,58.834308449837444,59.834511250289005,92.71609841822487,20.0,kinematic,False,0,0.0,,,,random,event,2,0,0.09223599988672504,3.894855999988067,3049.999999999994
random-s0-0150,prm,1,0,completed,True,False,3,3,0,,0.0540480000381649,0.018016000012721634,2460.000000000002,3.1077229999709743,791.5763406271981,123,0,0,0,15840.998160322428,15664.595185357703,58.80099165490626,59.719899560701094,126.07969185735374,20.0,kinematic,False,0,0.0,,,,random,once,0,0,0.0540480000381649,0.02009499996802333,2460.000000000002
random-s0-0150,prm,1,0,completed,True,False,3,437,0,,131.56186000071557,0.301056887873491,2516.6666666666624,151.78153799990923,16.5808483681867,151,0,0,0,15840.998160322428,16039.411693555885,59.0166330087026,59.69233076046883,281.79239016599985,20.0,kinematic,False,0,0.0,,,,random,cycle,12,0,0.5308539999759887,6.679130000065925,2516.6666666666624
random-s0-0150,prm,1,0,completed,True,False,3,437,0,,21.008699999470082,0.04807482837407341,2516.6666666666624,36.5458190000254,68.86332651800505,151,0,0,0,15840.998160322428,16054.185538084956,59.41876559993896,59.907294640835474,281.79239016599985,20.0,kinematic,False,0,0.0,,,,random,event,2,0,0.06300400002601236,7.264150000082736,2516.6666666666624
random-s0-0150,visibility,1,0,completed,True,False,3,3,0,,0.04881699999259581,0.01627233333086527,2460.000000000002,3.1632150000859838,777.6897871099919,123,0,0,0,15840.998160322428,15664.595185357703,58.80099165490626,59.719899560701094,126.07969185735374,20.0,kinematic,False,0,0.0,,,,random,once,0,0,0.04881699999259581,0.018773000078908808,2460.000000000002
random-s0-0150,visibility,1,0,completed,True,False,3,445,0,,305.5273030010994,0.6865782089912347,2666.666666666662,324.1659540000228,8.2262391647288,160,0,0,0,15840.998160322428,15670.912674245788,59.23643928761401,59.67633478791161,245.18902900378947,20.0,kinematic,False,0,0.0,,,,random,cycle,28,0,0.20687000005636946,11.576025000067602,2666.666666666662
random-s0-0150,visibility,1,0,completed,True,False,3,450,0,,47.60577799959265,0.10579061777687254,2749.999999999995,68.57525800000985,40.101927141121365,165,0,0,0,15840.998160322428,15664.843792099018,58.877078786966074,59.67958832718514,259.79629909156915,20.0,kinematic,False,0,0.0,,,,random,event,4,0,0.06615399991005688,10.183740999991642,2749.999999999995
random-s0-0151,voronoi,1,0,completed,True,False,3,3,0,,4.060611999989305,1.3535373333297684,3700.0000000000027,8.478284999910102,436.40901432768953,185,0,0,0,9103.073795199489,8644.314074787808,58.79241736040646,59.25190052194257,338.7526696731733,20.0,kinematic,False,0,0.0,,,,random,once,0,0,4.060611999989305,3.9771169999767153,3700.0000000000027
random-s0-0151,voronoi,1,0,completed,True,False,3,353,0,,173.33804200143277,0.4910426119020758,2116.6666666666642,186.98625899992294,11.319904884922781,127,0,0,0,9103.073795199489,7765.507953463442,59.18944626136516,59.71397443805898,7.19960291736902,20.0,kinematic,False,0,0.0,,,,random,cycle,42,0,3.8815949999388977,5.350432000000183,2116.6666666666642
random-s0-0151,voronoi,1,0,completed,True,False,3,360,0,,41.11394199890128,0.11420539444139245,2216.666666666664,54.433579000033205,40.72241266122354,133,0,0,0,9103.073795199489,8036.168208889539,58.58641279658193,58.785605166168,2.520373361935583,20.0,kinematic,False,0,0.0,,,,random,event,7,0,3.95787099989775,3.8879499999211475,2216.666666666664
random-s0-0151,prm,1,0,completed,True,False,3,3,0,,7.246174000101746,2.4153913333672485,2380.000000000002,10.248308999962319,232.23343480458607,119,0,0,0,7059.553817883652,6866.666263024478,58.71086523908283,59.25190052194257,245.552742109009,20.0,kinematic,False,0,0.0,,,,random,once,0,0,7.246174000101746,7.202168000048914,2380.000000000002
random-s0-0151,prm,1,0,completed,True,False,3,340,0,,210.96939200106135,0.6204982117678275,1933.3333333333314,225.89225999990958,8.558652400636062,116,0,0,0,7059.553817883652,7148.799546702577,59.06570948461003,59.677866462267154,27.860162153927774,20.0,kinematic,False,0,0.0,,,,random,cycle,24,0,6.895288000123401,8.224101999985578,1933.3333333333314
random-s0-0151,prm,1,0,completed,True,False,3,355,0,,40.1183120004589,0.11300932957875746,2149.9999999999973,53.117846999953144,40.47603811957766,129,0,0,0,7059.553817883652,7244.773825409392,58.78249904552347,59.11267509265574,27.860162153927774,20.0,kinematic,False,0,0.0,,,,random,event,4,0,7.30089000001044,7.242795000024671,2149.9999999999973
random-s0-0151,visibility,1,0,completed,True,False,3,3,0,,9.414218999836521,3.138072999945507,2760.000000000002,12.791650000053778,215.76575343981412,138,0,0,0,6993.492099137223,6815.386600592719,59.059453869416494,59.678003982744144,338.7526696731733,20.0,kinematic,False,0,0.0,,,,random,once,0,0,9.414218999836521,9.370177999926455,2760.000000000002
random-s0-0151,visibility,1,0,completed,True,False,3,348,0,,272.8544009996767,0.7840643706887263,2149.9999999999973,287.32921099992836,7.4827059612833215,129,1,0,1,6993.492099137223,6856.719204942903,59.220853106613085,59.64490769620349,-7.46554576375371,20.0,kinematic,False,0,0.0,,,,random,cycle,26,20,9.483803999842166,9.91625100004967,2149.9999999999973
random-s0-0151,visibility,1,0,completed,True,False,3,349,0,,130.57795000111128,0.37414885387137903,2149.9999999999973,143.54334500001187,14.978054189832482,129,1,0,1,6993.492099137223,6844.675398993653,58.899510824050374,59.4867573407918,-19.371672534323608,20.0,kinematic,False,0,0.0,,,,random,event,12,24,9.400097000025198,9.737126999993961,2149.9999999999973
random-s0-0152,voronoi,1,0,completed,True,False,3,3,0,,8.334841000078086,2.778280333359362,7119.999999999936,17.043012000044655,417.7665309383858,356,1,0,1,20241.51463838114,19709.497418402007,59.62124695036858,59.710543223280354,-78.76042494965886,20.0,kinematic,False,0,0.0,,,,random,once,0,0,8.334841000078086,8.259776000045349,7119.999999999936
random-s0-0152,voronoi,1,0,completed,True,False,3,488,0,,216.38653199988767,0.44341502458993376,3316.6666666666597,235.84988800007523,14.062617094249381,199,0,0,0,20241.51463838114,17428.776444803152,59.51175837436995,59.85345680657489,37.39656068000147,20.0,kinematic,False,0,0.0,,,,random,cycle,52,0,4.0334540000230845,4.028782999967007,3316.6666666666597
random-s0-0152,voronoi,1,0,completed,True,False,3,557,0,,29.09923299807815,0.05224278814735754,4466.666666666656,51.12672500001736,87.36461540740463,268,0,0,0,20241.51463838114,18885.070643241495,58.98438597674822,59.659111126285644,2.619777629673763,20.0,kinematic,False,0,0.0,,,,random,event,2,0,4.071536999845193,4.00503999992452,4466.666666666656
random-s0-0152,prm,1,0,completed,True,False,3,3,0,,6.884762000026967,2.294920666675656,4859.9999999999845,12.760884000044825,380.85135794533613,243,0,0,0,18134.048811882712,17922.153141287017,59.31396309616673,59.710543223280354,13.896576897318567,20.0,kinematic,False,0,0.0,,,,random,once,0,0,6.884762000026967,6.818844000008539,4859.9999999999845
random-s0-0152,prm,1,0,completed,True,False,3,577,0,,340.8778600022515,0.5907761871789454,3566.666666666659,365.6874280000011,9.753320441376093,214,1,0,1,18134.048811882712,19291.34043334271,59.54114571077199,59.83098839178842,-163.53134207842814,20.0,kinematic,False,0,0.0,,,,random,cycle,42,152,7.244274000186124,8.088009000061902,3566.666666666659
random-s0-0152,prm,1,0,completed,True,False,3,577,0,,51.14008600003217,0.0886309982669535,3566.666666666659,79.53646600003594,44.843162464184,214,1,0,1,18134.048811882712,19291.34043334271,59.54114571077199,59.83098839178842,-163.53134207842814,20.0,kinematic,False,0,0.0,,,,random,event,3,152,6.888351000043258,6.843590000016775,3566.666666666659
random-s0-0152,visibility,1,0,completed,True,False,3,3,0,,10.905248000085521,3.635082666695174,3720.0000000000027,15.64810899992608,237.72840539502732,186,0,0,0,17545.674159927767,17368.497187993937,58.96218989709795,59.710543223280354,172.37802386135468,20.0,kinematic,False,0,0.0,,,,random,once,0,0,10.905248000085521,10.862815999985287,3720.0000000000027
random-s0-0152,visibility,1,0,completed,True,False,3,468,0,,332.7372460004199,0.7109770213684186,2983.3333333333276,352.58607200000824,8.46129093078089,179,0,0,0,17545.674159927767,17381.432090791255,59.4594302179014,59.69647233716924,72.23878999143136,20.0,kinematic,False,0,0.0,,,,random,cycle,30,0,10.42577599980632,14.300872999911007,2983.3333333333276
random-s0-0152,visibility,1,0,completed,True,False,3,472,0,,128.54300700053045,0.272336879238412,3049.999999999994,147.07726799997545,20.73739906564285,183,0,0,0,17545.674159927767,17387.64102594645,59.0090036465397,59.659111126285644,71.81522566171245,20.0,kinematic,False,0,0.0,,,,random,event,9,0,9.87739800007148,17.751346999943962,3049.999999999994
random-s0-0153,voronoi,1,0,completed,True,False,3,3,0,,0.19087299995135254,0.06362433331711752,2820.0000000000023,4.977492999955757,566.5502693876351,141,0,0,0,14258.31794101942,14081.50331182958,58.93820972994761,59.316573382736166,26.20123970706092,20.0,kinematic,False,0,0.0,,,,random,once,0,0,0.19087299995135254,0.07511499995871418,2820.0000000000023
random-s0-0153,voronoi,1,0,completed,True,False,3,416,0,,32.36143299886862,0.07779190624728034,2883.333333333328,49.59798199990928,58.13408564361755,173,0,0,0,14258.31794101942,14201.85654832127,58.966926782013125,59.37599108609318,26.247039398109877,20.0,kinematic,False,0,0.0,,,,random,cycle,5,0,0.09881899984520714,4.3146399999614005,2883.333333333328
random-s0-0153,voronoi,1,0,completed,True,False,3,418,0,,16.724638000596315,0.04001109569520649,2916.666666666661,32.71006499994655,89.16725376948736,175,0,0,0,14258.31794101942,14216.640497535056,59.22676343489096,59.857451530212295,26.247039398109877,20.0,kinematic,False,0,0.0,,,,random,event,1,0,0.08979899996575114,4.236764999973275,2916.666666666661
random-s0-0153,prm,1,0,completed,True,False,3,3,0,,0.05081699987385946,0.016938999957953154,2820.0000000000023,3.7666109999463515,748.683630998839,141,0,0,0,14258.31794101942,14081.50331182958,58.93820972994761,59.316573382736166,26.20123970706092,20.0,kinematic,False,0,0.0,,,,random,once,0,0,0.05081699987385946,0.020612999946933996,2820.0000000000023
random-s0-0153,prm,1,0,completed,True,False,3,413,0,,103.59052799844903,0.2508245229986659,2833.333333333328,122.85550000001422,23.06232389541372,170,0,0,0,14258.31794101942,14088.710058349803,58.81921925430864,59.37599108609318,26.247039398109877,20.0,kinematic,False,0,0.0,,,,random,cycle,7,0,0.535168000055819,11.568629999942459,2833.333333333328
random-s0-0153,prm,1,0,completed,True,False,3,413,0,,19.487782998339753,0.04718591525021732,2833.333333333328,35.68213099993045,79.40482403752317,170,0,0,0,14258.31794101942,14088.710058349803,58.81921925430864,59.37599108609318,26.247039398109877,20.0,kinematic,False,0,0.0,,,,random,event,2,0,0.08859699994445691,6.241278999937094,2833.333333333328
random-s0-0153,visibility,1,0,completed,True,False,3,3,0,,0.04832500007978524,0.016108333359928412,2820.0000000000023,3.444030000082421,818.8081985152613,141,0,0,0,14258.31794101942,14081.50331182958,58.93820972994761,59.316573382736166,26.20123970706092,20.0,kinematic,False,0,0.0,,,,random,once,0,0,0.04832500007978524,0.01846600002863852,2820.0000000000023
random-s0-0153,visibility,1,0,completed,True,False,3,414,0,,87.48051899954135,0.2113056014481675,2849.9999999999945,106.08693699998639,26.86475904192012,171,0,0,0,14258.31794101942,14082.773722173151,58.73261279877141,59.37599108609318,26.247039398109877,20.0,kinematic,False,0,0.0,,,,random,cycle,6,0,0.2092320000883774,13.225986999941597,2849.9999999999945
random-s0-0153,visibility,1,0,completed,True,False,3,414,0,,52.02073899749848,0.12565395893115575,2849.9999999999945,68.20492600002126,41.78583816657328,171,0,0,0,14258.31794101942,14082.612770064366,58.91583842327444,59.37599108609318,26.247039398109877,20.0,kinematic,False,0,0.0,,,,random,event,4,0,0.0574230000438547,15.69101600000522,2849.9999999999945
random-s0-0154,voronoi,1,0,completed,True,False,3,3,0,,8.680232999836335,2.893410999945445,6239.9999999999545,16.21194300003026,384.9014272988936,312,0,0,0,12523.711056593664,11951.710112089877,58.6072456549313,58.82066149797046,233.43031453281037,20.0,kinematic,False,0,0.0,,,,random,once,0,0,8.680232999836335,4.722748999938631,6239.9999999999545
random-s0-0154,voronoi,1,0,completed,True,False,3,357,0,,69.71846799956438,0.195289826329312,2333.33333333333,83.5600020000129,27.9240459249028,140,0,0,0,12523.711056593664,9161.47226269486,58.19217765499108,58.38171248223048,360.87739372326314,20.0,kinematic,False,0,0.0,,,,random,cycle,13,0,7.900135999989288,5.357568000022184,2333.33333333333
random-s0-0154,voronoi,1,0,completed,True,False,3,359,0,,18.738401999598864,0.052196105848464805,2383.33333333333,32.94249000009586,72.34830558729455,143,0,0,0,12523.711056593664,9161.063735711577,58.87521576337324,59.96194995675641,361.077051839379,20.0,kinematic,False,0,0.0,,,,random,event,0,0,8.002261000001454,4.00358599995343,2383.33333333333
random-s0-0154,prm,1,0,planning_failed,False,False,3,3,1,B0,8.159339999906479,2.7197799999688264,4299.999999999996,13.118734999920889,327.7755057957895,215,0,0,0,8100.637550421528,7937.468670967155,591.3523092717828,1655.3519897592776,356.31254453945826,20.0,kinematic,False,0,0.0,,,,random,once,0,0,8.159339999906479,7.971952999923815,
random-s0-0154,prm,1,0,planning_failed,False,False,3,263,1,B0,134.43141100026423,0.5111460494306624,2416.666666666663,147.20686900000146,16.416806383312444,145,0,0,0,8100.637550421528,7552.105448190573,590.665929345895,1655.3519897592776,361.0964415464323,20.0,kinematic,False,0,0.0,,,,random,cycle,15,0,7.15048699998988,6.876244999943992,
random-s0-0154,prm,1,0,planning_failed,False,False,3,263,1,B0,16.327555999964716,0.06208196197705215,2416.666666666663,27.7882899999895,86.96708817518372,145,0,0,0,8100.637550421528,7551.007206008385,590.970288613887,1655.3519897592776,362.0228061987689,20.0,kinematic,False,0,0.0,,,,random,event,0,0,11.990530999923976,11.892944000010175,
random-s0-0154,visibility,1,0,planning_failed,False,False,3,3,1,B0,10.058472000196161,3.3528240000653873,3060.0000000000023,13.65832200008299,224.03923410074893,153,0,0,0,7666.63971416264,7545.331658937479,590.8690629238691,1655.3519897592776,359.18826984471,20.0,kinematic,False,0,0.0,,,,random,once,0,0,10.058472000196161,9.94992200003253,
random-s0-0154,visibility,1,0,planning_failed,False,False,3,254,1,B0,175.93867499931548,0.6926719488162026,2266.6666666666633,198.34993400002077,11.427614927597737,136,0,0,0,7666.63971416264,7526.64981389392,590.9581617943898,1655.3519897592776,361.8205169237424,20.0,kinematic,False,0,0.0,,,,random,cycle,12,0,9.686975000022358,33.19543899999644,
random-s0-0154,visibility,1,0,planning_failed,False,False,3,254,1,B0,18.659013001524727,0.07346068110836507,2266.6666666666633,29.487194000012096,76.86952738418357,136,0,0,0,7666.63971416264,7527.32796983141,590.9637234733419,1655.3519897592776,361.8110672041372,20.0,kinematic,False,0,0.0,,,,random,event,0,0,14.381586000013158,14.246994000018276,
random-s0-0155,voronoi,1,0,completed,True,False,3,3,0,,7.782162999887987,2.5940543332959956,6519.999999999949,17.2996939999166,376.8852790131075,326,1,0,1,11363.54355321299,10986.014116699196,58.92577054462259,59.85156476990885,-124.1948645882027,20.0,kinematic,False,0,0.0,,,,random,once,0,0,7.782162999887987,7.705121999947551,6519.999999999949
random-s0-0155,voronoi,1,0,completed,True,False,3,376,0,,142.2869970008378,0.3784228643639303,2616.6666666666624,157.77841700003137,16.58443985191043,157,0,0,0,11363.54355321299,10514.894829309062,58.11216837972389,58.138083975144916,54.56485702821891,20.0,kinematic,False,0,0.0,,,,random,cycle,27,3,4.024298999979692,6.114395999929911,2616.6666666666624
random-s0-0155,voronoi,1,0,completed,True,False,3,381,0,,24.382339999760916,0.0639956430439919,2683.3333333333285,40.14829999994163,66.83554056677941,161,0,0,0,11363.54355321299,10541.142351602433,58.82173880166176,59.736065190081675,57.613457497329364,20.0,kinematic,False,0,0.0,,,,random,event,1,1,4.355613000143421,4.293270000061966,2683.3333333333285
random-s0-0155,prm,1,0,completed,True,False,3,3,0,,6.321325000044453,2.107108333348151,4619.999999999989,11.695523000071262,395.0229502324812,231,1,0,1,10530.157389389333,10322.851185493872,58.92003695480161,59.85156476990885,-124.1948645882027,20.0,kinematic,False,0,0.0,,,,random,once,0,0,6.321325000044453,6.286649000003308,4619.999999999989
random-s0-0155,prm,1,0,completed,True,False,3,407,0,,220.34860799840317,0.5413970712491478,2616.6666666666624,238.08243599989964,10.990590950891335,157,0,0,0,10530.157389389333,11806.471594216186,58.99867340666187,59.785405575957675,34.7514564448189,20.0,kinematic,False,0,0.0,,,,random,cycle,27,27,6.387853999967774,7.880130000103236,2616.6666666666624
random-s0-0155,prm,1,0,completed,True,False,3,361,0,,23.972256001229653,0.06640514127764446,2616.6666666666624,38.58774299999368,67.81082445446708,157,0,0,0,10530.157389389333,10444.727261565218,58.67533010161035,59.10535525792087,65.45139516766122,20.0,kinematic,False,0,0.0,,,,random,event,1,25,6.249303999993572,6.204676000038489,2616.6666666666624
random-s0-0155,visibility,1,0,completed,True,False,3,3,0,,9.24966200000199,3.08322066666733,3540.0000000000027,13.46030900003825,262.9954483206844,177,1,0,1,10253.241104069071,10075.849044207822,58.99097370137003,59.85156476990885,-124.1948645882027,20.0,kinematic,False,0,0.0,,,,random,once,0,0,9.24966200000199,9.216108000032364,3540.0000000000027
random-s0-0155,visibility,1,0,completed,True,False,3,385,0,,375.8857270012186,0.9763265636395287,2566.6666666666624,395.0251410000192,6.497476743300593,154,1,0,1,10253.241104069071,10115.360420734625,58.67527978042938,58.8666494879503,-34.101789126732285,20.0,kinematic,False,0,0.0,,,,random,cycle,35,74,9.280960000069172,16.164534999916214,2566.6666666666624
random-s0-0155,visibility,1,0,completed,True,False,3,387,0,,99.52781200070149,0.25717780878734237,2566.6666666666624,114.075646999936,22.499689759972192,154,1,0,1,10253.241104069071,10128.369856390254,58.659384195345154,59.07617929821698,-36.54718938136497,20.0,kinematic,False,0,0.0,,,,random,event,9,82,9.414609000032215,9.371465000072021,2566.6666666666624
random-s0-0156,voronoi,1,0,completed,True,False,3,3,0,,0.10595000003377208,0.035316666677924026,2500.000000000002,3.2090830000015558,779.0387472056004,125,0,0,0,13797.908617217217,13620.112001474301,59.26553858097562,59.99762642724651,3.6755815671314167,20.0,kinematic,False,0,0.0,,,,random,once,0,0,0.10595000003377208,0.04648200001611258,2500.000000000002
random-s0-0156,voronoi,1,0,completed,True,False,3,408,0,,11.119721999875765,0.027254220587930797,2516.6666666666624,26.4582589999236,95.1183774667082,151,0,0,0,13797.908617217217,13622.66582246262,58.414264918200054,58.74146158901427,2.7883851674606603,20.0,kinematic,False,0,0.0,,,,random,cycle,0,0,0.08110700002816884,0.06665800003702316,2516.6666666666624
random-s0-0156,voronoi,1,0,completed,True,False,3,408,0,,11.776271000485394,0.028863409314915184,2516.6666666666624,26.69563200004177,94.27260110053678,151,0,0,0,13797.908617217217,13622.66582246262,58.414264918200054,58.74146158901427,2.7883851674606603,20.0,kinematic,False,0,0.0,,,,random,event,0,0,0.08690599997862591,0.06599099992854462,2516.6666666666624
random-s0-0156,prm,1,0,completed,True,False,3,3,0,,0.05042599991611496,0.016808666638704988,2500.000000000002,3.0658809999977166,815.4262999776781,125,0,0,0,13797.908617217217,13620.112001474301,59.26553858097562,59.99762642724651,3.6755815671314167,20.0,kinematic,False,0,0.0,,,,random,once,0,0,0.05042599991611496,0.020092999989174132,2500.000000000002
random-s0-0156,prm,1,0,completed,True,False,3,408,0,,52.50600500096425,0.12869118872785357,2516.6666666666624,69.4556639999746,36.23414595341832,151,0,0,0,13797.908617217217,13622.66582246262,58.414264918200054,58.74146158901427,2.7883851674606603,20.0,kinematic,False,0,0.0,,,,random,cycle,0,0,0.5721730000232128,0.26637899998149805,2516.6666666666624
random-s0-0156,prm,1,0,completed,True,False,3,408,0,,6.374988000402482,0.015624970589221769,2516.6666666666624,20.867244000100982,120.60369192282812,151,0,0,0,13797.908617217217,13622.66582246262,58.414264918200054,58.74146158901427,2.7883851674606603,20.0,kinematic,False,0,0.0,,,,random,event,0,0,0.05967100003090309,0.046465999957945314,2516.6666666666624
random-s0-0156,visibility,1,0,completed,True,False,3,3,0,,0.05190300009871862,0.017301000032906206,2500.000000000002,3.1301750000238826,798.6773902356665,125,0,0,0,13797.908617217217,13620.112001474301,59.26553858097562,59.99762642724651,3.6755815671314167,20.0,kinematic,False,0,0.0,,,,random,once,0,0,0.05190300009871862,0.018881000073633913,2500.000000000002
random-s0-0156,visibility,1,0,completed,True,False,3,408,0,,22.318809999433142,0.054702965684885155,2516.6666666666624,39.99000700002853,62.93238875064131,151,0,0,0,13797.908617217217,13622.66582246262,58.414264918200054,58.74146158901427,2.7883851674606603,20.0,kinematic,False,0,0.0,,,,random,cycle,0,0,0.2489609998974629,0.12188000005153299,2516.6666666666624
random-s0-0156,visibility,1,0,completed,True,False,3,408,0,,6.389423000086936,0.015660350490409158,2516.6666666666624,20.986339999922166,119.91927447453898,151,0,0,0,13797.908617217217,13622.66582246262,58.414264918200054,58.74146158901427,2.7883851674606603,20.0,kinematic,False,0,0.0,,,,random,event,0,0,0.05802600003335101,0.04720999993423902,2516.6666666666624
random-s0-0157,voronoi,1,0,completed,True,False,3,3,0,,0.1012080000464266,0.03373600001547553,2760.000000000002,3.573696000103155,772.3096760105881,138,0,0,0,11970.84403689931,11794.715668924076,58.70945599174442,59.97549443897212,17.09335611757686,20.0,kinematic,False,0,0.0,,,,random,once,0,0,0.1012080000464266,0.046577000034631055,2760.000000000002
random-s0-0157,voronoi,1,0,completed,True,False,3,440,0,,296.5845270001637,0.6740557431821902,3716.6666666666583,316.1023820000537,11.757793924710214,223,0,0,0,11970.84403689931,12614.74572419401,59.18706141548092,59.920282431627456,16.013649629590844,20.0,kinematic,False,0,0.0,,,,random,cycle,72,0,0.09264699997402204,5.50132399996528,3716.6666666666583
random-s0-0157,voronoi,1,0,completed,True,False,3,430,0,,16.580440000780072,0.03855916279251179,3549.9999999999923,33.70216800010439,105.33446987710096,213,0,0,0,11970.84403689931,12072.823723957412,59.50418968601835,59.920282431627456,16.013649629590844,20.0,kinematic,False,0,0.0,,,,random,event,1,0,0.09324099983132328,3.9204440000730756,3549.9999999999923
random-s0-0157,prm,1,0,completed,True,False,3,3,0,,0.049986000021817745,0.01666200000727258,2760.000000000002,3.422430999989956,806.444308156425,138,0,0,0,11970.84403689931,11794.715668924076,58.70945599174442,59.97549443897212,17.09335611757686,20.0,kinematic,False,0,0.0,,,,random,once,0,0,0.049986000021817745,0.02000300003146549,2760.000000000002
random-s0-0157,prm,1,0,completed,True,False,3,388,0,,198.1663340003479,0.5107379742277007,2849.9999999999945,216.92749399994682,13.13803035036533,171,0,0,0,11970.84403689931,11829.037837931915,59.16226706818484,59.920282431627456,16.013649629590844,20.0,kinematic,False,0,0.0,,,,random,cycle,21,0,0.48767100008717534,10.299422999992203,2849.9999999999945
random-s0-0157,prm,1,0,completed,True,False,3,389,0,,13.806082999735736,0.035491215937624,2866.6666666666615,29.413772999987486,97.46001190217525,172,0,0,0,11970.84403689931,11864.945396937177,59.16021790201623,59.920282431627456,16.013649629590844,20.0,kinematic,False,0,0.0,,,,random,event,1,0,0.07847000006222515,7.155355999998392,2866.6666666666615
random-s0-0157,visibility,1,0,completed,True,False,3,3,0,,0.04946800004290708,0.016489333347635693,2760.000000000002,3.611236000097051,764.2812599137325,138,0,0,0,11970.84403689931,11794.715668924076,58.70945599174442,59.97549443897212,17.09335611757686,20.0,kinematic,False,0,0.0,,,,random,once,0,0,0.04946800004290708,0.018970000041917956,2760.000000000002
random-s0-0157,visibility,1,0,completed,True,False,3,389,0,,297.2703420000471,0.7641911105399668,2866.6666666666615,314.5434489999843,9.11373826344355,172,0,0,0,11970.84403689931,11796.72443022624,59.508911097395604,59.920282431627456,16.013649629590844,20.0,kinematic,False,0,0.0,,,,random,cycle,30,0,0.20882700016500166,9.713960999988558,2866.6666666666615
random-s0-0157,visibility,1,0,completed,True,False,3,387,0,,78.85596100049952,0.20376217312790573,2833.333333333328,93.55613100001392,30.284849352448173,170,0,0,0,11970.84403689931,11802.442276139529,59.35794009401126,59.920282431627456,16.013649629590844,20.0,kinematic,False,0,0.0,,,,random,event,8,0,0.0584269998853415,9.561555999994198,2833.333333333328
random-s0-0158,voronoi,1,0,completed,True,False,3,3,0,,0.09853799986103695,0.032845999953678984,2340.000000000002,3.3168400000249676,705.4907683163455,117,0,0,0,13648.500273768967,13471.899659612895,58.866871385357854,59.81910954894274,59.65013963153396,20.0,kinematic,False,0,0.0,,,,random,once,0,0,0.09853799986103695,0.044263999939175847,2340.000000000002
random-s0-0158,voronoi,1,0,completed,True,False,3,405,0,,11.574498000072708,0.028579007407586933,2349.9999999999964,27.32323999998698,86.00736955065051,141,0,0,0,13648.500273768967,13470.841997545944,59.21942540767384,59.36591623501269,56.79391782978294,20.0,kinematic,False,0,0.0,,,,random,cycle,0,0,0.09260299998459232,0.08089800007837766,2349.9999999999964
random-s0-0158,voronoi,1,0,completed,True,False,3,405,0,,12.253148999889163,0.030254688888615218,2349.9999999999964,27.709011999945687,84.80995280541228,141,0,0,0,13648.500273768967,13470.841997545944,59.21942540767384,59.36591623501269,56.79391782978294,20.0,kinematic,False,0,0.0,,,,random,event,0,0,0.09270700002161902,0.12459699996725249,2349.9999999999964
random-s0-0158,prm,1,0,completed,True,False,3,3,0,,0.052434000053835916,0.017478000017945305,2340.000000000002,2.94087000008858,795.6829101352729,117,0,0,0,13648.500273768967,13471.899659612895,58.866871385357854,59.81910954894274,59.65013963153396,20.0,kinematic,False,0,0.0,,,,random,once,0,0,0.052434000053835916,0.019572000041989668,2340.000000000002
random-s0-0158,prm,1,0,completed,True,False,3,405,0,,53.61965500082988,0.1323942098785923,2349.9999999999964,70.6960520000166,33.240894413728284,141,0,0,0,13648.500273768967,13470.841997545944,59.21942540767384,59.36591623501269,56.79391782978294,20.0,kinematic,False,0,0.0,,,,random,cycle,0,0,0.5663550000463147,0.2951510000457347,2349.9999999999964
random-s0-0158,prm,1,0,completed,True,False,3,405,0,,6.298861999425753,0.015552745677594453,2349.9999999999964,20.28509399997347,115.84861277956463,141,0,0,0,13648.500273768967,13470.841997545944,59.21942540767384,59.36591623501269,56.79391782978294,20.0,kinematic,False,0,0.0,,,,random,event,0,0,0.05952900005468109,0.05165499999293388,2349.9999999999964
random-s0-0158,visibility,1,0,completed,True,False,3,3,0,,0.04995099982352258,0.016650333274507528,2340.000000000002,2.9243940000469593,800.165777922683,117,0,0,0,13648.500273768967,13471.899659612895,58.866871385357854,59.81910954894274,59.65013963153396,20.0,kinematic,False,0,0.0,,,,random,once,0,0,0.04995099982352258,0.020282999912524247,2340.000000000002
random-s0-0158,visibility,1,0,completed,True,False,3,405,0,,21.9408609985976,0.05417496542863605,2349.9999999999964,37.42369899998721,62.79443408308728,141,0,0,0,13648.500273768967,13470.841997545944,59.21942540767384,59.36591623501269,56.79391782978294,20.0,kinematic,False,0,0.0,,,,random,cycle,0,0,0.22712499992394442,0.12089599999853817,2349.9999999999964
random-s0-0158,visibility,1,0,completed,True,False,3,405,0,,6.440153001335602,0.015901612348976794,2349.9999999999964,20.364645999961795,115.39606433641936,141,0,0,0,13648.500273768967,13470.841997545944,59.21942540767384,59.36591623501269,56.79391782978294,20.0,kinematic,False,0,0.0,,,,random,event,0,0,0.05662500007019844,0.055126000006566755,2349.9999999999964
random-s0-0159,voronoi,1,0,completed,True,False,3,3,0,,7.949871000050734,2.6499570000169115,7219.999999999934,16.417067000020324,439.7862297809344,361,1,0,1,16028.26896274964,15263.009415308477,58.57170052564411,59.38368727511934,-79.92695894025744,20.0,kinematic,False,0,0.0,,,,random,once,0,0,7.949871000050734,4.005075000009128,7219.999999999934
random-s0-0159,voronoi,1,0,completed,True,False,3,443,0,,341.48346799884166,0.7708430428867757,3299.999999999993,360.25822600004176,9.16009618056469,198,0,0,0,16028.26896274964,11150.152389318331,59.00299651209713,59.67412781905675,0.26177623708463216,20.0,kinematic,False,0,0.0,,,,random,cycle,82,0,7.934163000072658,7.241614999998092,3299.999999999993
random-s0-0159,voronoi,1,0,completed,True,False,3,472,0,,22.07015099918408,0.04675879448979678,3249.999999999993,40.0296759999037,81.18976531330935,195,0,0,0,16028.26896274964,11064.105054656402,59.355047517404095,59.84456829545651,1.3000069959316818,20.0,kinematic,False,0,0.0,,,,random,event,0,0,7.915768999964712,4.002293999974427,3249.999999999993
random-s0-0159,prm,1,0,completed,True,False,3,3,0,,12.423179000052187,4.141059666684062,4499.999999999992,17.904778999991322,251.32954726792065,225,0,0,0,11292.744689862586,10995.589487036637,58.816007608636234,59.348002911095335,28.3304705817429,20.0,kinematic,False,0,0.0,,,,random,once,0,0,12.423179000052187,6.2504710000439445,4499.999999999992
random-s0-0159,prm,1,0,completed,True,False,3,371,0,,201.5326369999002,0.5432146549862539,2499.999999999996,217.78091500004848,11.47942646856562,150,0,0,0,11292.744689862586,10109.435645027617,58.9828412191472,59.7222731440685,12.367292678375463,20.0,kinematic,False,0,0.0,,,,random,cycle,23,0,12.116874999946958,9.50512700001127,2499.999999999996
random-s0-0159,prm,1,0,completed,True,False,3,371,0,,17.89443600011964,0.048232981132397955,2499.999999999996,31.436214999985168,79.52611343322265,150,0,0,0,11292.744689862586,10109.435645027617,58.9828412191472,59.7222731440685,12.367292678375463,20.0,kinematic,False,0,0.0,,,,random,event,0,0,11.965848000045298,6.023656000024857,2499.999999999996
random-s0-0159,visibility,1,0,completed,True,False,3,3,0,,18.662448999975823,6.220816333325274,4339.999999999995,23.861059000068963,181.8863110806378,217,0,2,2,10175.15884334607,9990.380830553599,58.5785569176052,59.39534627119411,-25.920441457393963,20.0,kinematic,False,0,0.0,,,,random,once,0,0,18.662448999975823,9.57186499999807,4339.999999999995
random-s0-0159,visibility,1,0,completed,True,False,3,556,0,,2225.0249819999226,4.001843492805616,4683.333333333322,2254.426820000049,2.0773942590574843,281,0,3,3,10175.15884334607,10074.738774662263,59.27227923027555,59.545817496299485,-123.84028152086752,20.0,kinematic,False,0,0.0,,,,random,cycle,226,29,18.43960899986996,24.95669900008579,4683.333333333322
random-s0-0159,visibility,1,0,completed,True,False,3,556,0,,697.7116710002065,1.2548771061154793,4683.333333333322,721.4124820000052,6.491893958293459,281,0,3,3,10175.15884334607,10076.843968078952,59.27326922359819,59.54878747626743,-126.30993903858422,20.0,kinematic,False,0,0.0,,,,random,event,61,29,18.74224400012281,33.87809900004868,4683.333333333322
random-s0-0160,voronoi,1,0,completed,True,False,3,3,0,,0.1289659999201831,0.042988666640061034,2480.000000000002,3.1716510000023845,781.9271414156656,124,0,0,0,11367.972932796316,11190.919221946753,59.01790361651916,59.449996474115416,181.9728442853139,20.0,kinematic,False,0,0.0,,,,random,once,0,0,0.1289659999201831,0.05270199994811264,2480.000000000002
random-s0-0160,voronoi,1,0,completed,True,False,3,378,0,,10.179014998698221,0.02692861110766725,2483.3333333333294,24.403918999951202,101.75961218926743,149,0,0,0,11367.972932796316,11191.047701727606,58.97507702290256,59.40228145141844,181.9728442853139,20.0,kinematic,False,0,0.0,,,,random,cycle,0,0,0.08186899992779217,0.061178999999356165,2483.3333333333294
random-s0-0160,voronoi,1,0,completed,True,False,3,378,0,,10.835423998855731,0.02866514285411569,2483.3333333333294,24.83414800008177,99.99671957037354,149,0,0,0,11367.972932796316,11191.047701727606,58.97507702290256,59.40228145141844,181.9728442853139,20.0,kinematic,False,0,0.0,,,,random,event,0,0,0.08574499997848761,0.06571599999460886,2483.3333333333294
random-s0-0160,prm,1,0,completed,True,False,3,3,0,,0.04978799995569716,0.016595999985232385,2480.000000000002,3.0794109999305874,805.348815099999,124,0,0,0,11367.972932796316,11190.919221946753,59.01790361651916,59.449996474115416,181.9728442853139,20.0,kinematic,False,0,0.0,,,,random,once,0,0,0.04978799995569716,0.020351999978629465,2480.000000000002
random-s0-0160,prm,1,0,completed,True,False,3,378,0,,48.069090000694814,0.1271669047637429,2483.3333333333294,64.36445200006347,38.58237359545733,149,0,0,0,11367.972932796316,11191.047701727606,58.97507702290256,59.40228145141844,181.9728442853139,20.0,kinematic,False,0,0.0,,,,random,cycle,0,0,0.5723399998487366,0.27861899991421524,2483.3333333333294
random-s0-0160,prm,1,0,completed,True,False,3,378,0,,5.991726998786362,0.015851129626418946,2483.3333333333294,19.467721000069105,127.56158429250729,149,0,0,0,11367.972932796316,11191.047701727606,58.97507702290256,59.40228145141844,181.9728442853139,20.0,kinematic,False,0,0.0,,,,random,event,0,0,0.08548300002075848,0.04689399997914734,2483.3333333333294
random-s0-0160,visibility,1,0,completed,True,False,3,3,0,,0.04649300001347001,0.01549766667115667,2480.000000000002,3.02744900000107,819.1715203126874,124,0,0,0,11367.972932796316,11190.919221946753,59.01790361651916,59.449996474115416,181.9728442853139,20.0,kinematic,False,0,0.0,,,,random,once,0,0,0.04649300001347001,0.017433000039090985,2480.000000000002
random-s0-0160,visibility,1,0,completed,True,False,3,378,0,,20.29496900115646,0.0536903941829536,2483.3333333333294,35.6949550000536,69.5709893269119,149,0,0,0,11367.972932796316,11191.047701727606,58.97507702290256,59.40228145141844,181.9728442853139,20.0,kinematic,False,0,0.0,,,,random,cycle,0,0,0.1869420000275568,0.09182799999507552,2483.3333333333294
random-s0-0160,visibility,1,0,completed,True,False,3,378,0,,5.9605080002711475,0.015768539683257005,2483.3333333333294,19.568873000025633,126.90221523386025,149,0,0,0,11367.972932796316,11191.047701727606,58.97507702290256,59.40228145141844,181.9728442853139,20.0,kinematic,False,0,0.0,,,,random,event,0,0,0.07398100001410057,0.04611700001078134,2483.3333333333294
random-s0-0161,voronoi,1,0,completed,True,False,3,3,0,,4.103317999920364,1.3677726666401213,7659.9999999999245,12.880892999987736,594.6792664147755,383,0,1,1,14719.960849143743,14313.642491066536,58.90630826475948,59.67575831121355,-118.36095817148731,20.0,kinematic,False,0,0.0,,,,random,once,0,0,4.103317999920364,4.028446000006625,7659.9999999999245
random-s0-0161,voronoi,1,0,completed,True,False,3,397,0,,26.124254000819747,0.06580416624891623,2733.3333333333285,41.33179200005088,66.13149832288819,164,0,0,0,14719.960849143743,12623.301310644256,59.14264952754963,59.604390819124646,18.89545020837241,20.0,kinematic,False,0,0.0,,,,random,cycle,3,0,3.953531999968618,3.8830050000342453,2733.3333333333285
random-s0-0161,voronoi,1,0,completed,True,False,3,397,0,,15.401050000377836,0.0387935768271482,2733.3333333333285,30.1975060000359,90.51520126629262,164,0,0,0,14719.960849143743,12632.177921683015,59.2899153726729,59.72798932683828,17.567522843342203,20.0,kinematic,False,0,0.0,,,,random,event,0,0,3.971694000028947,3.9096669999025835,2733.3333333333285
random-s0-0161,prm,1,0,completed,True,False,3,3,0,,6.733647000032761,2.2445490000109203,5879.999999999963,13.550652000049013,433.92745972508885,294,0,1,1,13824.118606096752,13539.87464935481,58.55690552332127,59.384572349624776,-118.36095817148731,20.0,kinematic,False,0,0.0,,,,random,once,0,0,6.733647000032761,6.697559000031106,5879.999999999963
random-s0-0161,prm,1,0,completed,True,False,3,395,0,,81.35343399919748,0.20595806075746198,2699.9999999999955,98.77411000002212,27.33509823575622,162,0,0,0,13824.118606096752,12606.344104025566,58.98629223258769,59.604390819124646,39.19362662332179,20.0,kinematic,False,0,0.0,,,,random,cycle,4,0,6.397795999987466,6.214230999944448,2699.9999999999955
random-s0-0161,prm,1,0,completed,True,False,3,476,0,,14.777031999642531,0.031044184873198596,4049.999999999991,33.772454999962065,119.92021308502862,243,0,0,0,13824.118606096752,13457.648386124705,59.048387260040464,59.604390819124646,9.795215905371805,20.0,kinematic,False,0,0.0,,,,random,event,0,0,6.316224000102011,6.270423000046321,4049.999999999991
random-s0-0161,visibility,1,0,completed,True,False,3,3,0,,10.608704999981455,3.5362349999938183,4259.999999999997,15.611380999985158,272.8778446957414,213,0,1,1,12741.179542383394,12558.529877832985,58.64394883211654,59.384572349624776,-17.61886593502109,20.0,kinematic,False,0,0.0,,,,random,once,0,0,10.608704999981455,10.569798999995328,4259.999999999997
random-s0-0161,visibility,1,0,completed,True,False,3,441,0,,560.3889149995211,1.2707231632642202,3466.6666666666592,580.580230999999,5.9710380780544785,208,0,0,0,12741.179542383394,12553.444452729178,58.74338354093067,59.604390819124646,0.652704213995321,20.0,kinematic,False,0,0.0,,,,random,cycle,54,0,9.573288000069624,14.020592000065335,3466.6666666666592
random-s0-0161,visibility,1,0,completed,True,False,3,441,0,,17.162768001071527,0.038917841272271034,3466.6666666666592,34.34388699997726,100.93984605379568,208,0,0,0,12741.179542383394,12553.444452729178,58.74338354093067,59.604390819124646,0.652704213995321,20.0,kinematic,False,0,0.0,,,,random,event,0,0,9.506176000058986,9.436935000053381,3466.6666666666592
random-s0-0162,voronoi,1,0,completed,True,False,3,3,0,,0.10115400004906405,0.033718000016354686,2780.000000000002,3.489286999979413,796.7243737807764,139,0,0,0,17225.870358178145,17049.819122580473,58.683745199224205,59.26269864540934,76.48812926218056,20.0,kinematic,False,0,0.0,,,,random,once,0,0,0.10115400004906405,0.04556099997898855,2780.000000000002
random-s0-0162,voronoi,1,0,completed,True,False,3,457,0,,69.6068250007329,0.1523125273539013,2783.3333333333285,87.66757199998665,31.748721560735735,167,0,0,0,17225.870358178145,17406.874937827342,59.1752023072685,59.732315540791305,121.53470732581155,20.0,kinematic,False,0,0.0,,,,random,cycle,14,0,0.11085899996032822,4.670142999998461,2783.3333333333285
random-s0-0162,voronoi,1,0,completed,True,False,3,455,0,,17.388916000300014,0.03821739780285718,2783.3333333333285,34.244382999986556,81.27853649266864,167,0,0,0,17225.870358178145,17267.234766362664,59.44907229436148,59.732315540791305,121.53470732581155,20.0,kinematic,False,0,0.0,,,,random,event,1,0,0.09116199998970842,4.175357999997686,2783.3333333333285
random-s0-0162,prm,1,0,completed,True,False,3,3,0,,0.0546840000197335,0.018228000006577833,2780.000000000002,3.4408249999842155,807.9457688236847,139,0,0,0,17225.870358178145,17049.819122580473,58.683745199224205,59.26269864540934,76.48812926218056,20.0,kinematic,False,0,0.0,,,,random,once,0,0,0.0546840000197335,0.020701000039480277,2780.000000000002
random-s0-0162,prm,1,0,completed,True,False,3,455,0,,142.67230999860203,0.313565516480444,2783.3333333333285,162.44639299998198,17.133857403245866,167,0,0,0,17225.870358178145,17284.649516262492,59.58739232818905,59.732315540791305,121.53470732581155,20.0,kinematic,False,0,0.0,,,,random,cycle,13,0,0.5354719999104418,7.439889000011135,2783.3333333333285
random-s0-0162,prm,1,0,completed,True,False,3,455,0,,14.5249779994856,0.03192302857029802,2783.3333333333285,30.39918599995417,91.55946916925751,167,0,0,0,17225.870358178145,17284.649516262492,59.58739232818905,59.732315540791305,121.53470732581155,20.0,kinematic,False,0,0.0,,,,random,event,1,0,0.08696700012933434,6.676189000017985,2783.3333333333285
random-s0-0162,visibility,1,0,completed,True,False,3,3,0,,0.04966400001649163,0.016554666672163876,2780.000000000002,3.382254000030116,821.9370869175551,139,0,0,0,17225.870358178145,17049.819122580473,58.683745199224205,59.26269864540934,76.48812926218056,20.0,kinematic,False,0,0.0,,,,random,once,0,0,0.04966400001649163,0.019325000039316365,2780.000000000002
random-s0-0162,visibility,1,0,completed,True,False,3,451,0,,83.91211500202189,0.1860579046608024,2783.3333333333285,101.87740200001372,27.32041923618109,167,0,0,0,17225.870358178145,17051.44488973243,59.16337175171997,59.732315540791305,99.08147330202803,20.0,kinematic,False,0,0.0,,,,random,cycle,7,0,0.2224240000714417,9.430284000018219,2783.3333333333285
random-s0-0162,visibility,1,0,completed,True,False,3,451,0,,66.9875169999159,0.14853107982242994,2783.3333333333285,82.93782199996258,33.55927689220708,167,0,0,0,17225.870358178145,17051.44488973243,59.16337175171997,59.732315540791305,99.08147330202803,20.0,kinematic,False,0,0.0,,,,random,event,7,0,0.06329200004984159,8.850123000001986,2783.3333333333285
random-s0-0163,voronoi,1,0,completed,True,False,3,3,0,,0.10780100012652838,0.03593366670884279,2300.000000000002,2.9266880000022866,785.8712647190971,115,0,0,0,12615.659168031285,12439.881719117893,58.59248297112892,58.7582476252117,27.916409350343855,20.0,kinematic,False,0,0.0,,,,random,once,0,0,0.10780100012652838,0.05198100006964523,2300.000000000002
random-s0-0163,voronoi,1,0,completed,True,False,3,410,0,,108.42392300116899,0.26444859268577803,2433.3333333333294,123.87555099996916,19.64337041240636,146,0,0,0,12615.659168031285,12927.671260992141,59.62195172632235,59.98562126512187,27.6256810036422,20.0,kinematic,False,0,0.0,,,,random,cycle,18,6,0.08852000019032857,8.463782999911018,2433.3333333333294
random-s0-0163,voronoi,1,0,completed,True,False,3,415,0,,38.903143000197815,0.09374251325348872,2516.6666666666624,54.20283599994491,46.43053486480339,151,0,0,0,12615.659168031285,13088.669653843946,59.69354319855338,59.98562126512187,27.6256810036422,20.0,kinematic,False,0,0.0,,,,random,event,3,4,0.09170899988930614,3.9487610000605855,2516.6666666666624
random-s0-0163,prm,1,0,completed,True,False,3,3,0,,0.04973000000063621,0.016576666666878737,2300.000000000002,2.874209999959021,800.2198865193545,115,0,0,0,12615.659168031285,12439.881719117893,58.59248297112892,58.7582476252117,27.916409350343855,20.0,kinematic,False,0,0.0,,,,random,once,0,0,0.04973000000063621,0.020044000052621413,2300.000000000002
random-s0-0163,prm,1,0,completed,True,False,3,455,0,,195.70486100076323,0.43012057362805106,2933.3333333333276,216.1864440000727,13.568535006442593,176,0,0,0,12615.659168031285,13696.622146037025,59.17094102458697,59.37571028259806,27.6256810036422,20.0,kinematic,False,0,0.0,,,,random,cycle,21,25,0.5101330000343296,6.804150999982994,2933.3333333333276
random-s0-0163,prm,1,0,completed,True,False,3,463,0,,33.961229999590614,0.07335038876801428,2933.3333333333276,50.680922999958966,57.87845129291948,176,0,0,0,12615.659168031285,13578.949317726274,58.92888725401297,59.37571028259806,27.6256810036422,20.0,kinematic,False,0,0.0,,,,random,event,4,0,0.09159300009287108,6.736775999911515,2933.3333333333276
random-s0-0163,visibility,1,0,completed,True,False,3,3,0,,0.049189000037586084,0.01639633334586203,2300.000000000002,2.92410099996232,786.5665378964815,115,0,0,0,12615.659168031285,12439.881719117893,58.59248297112892,58.7582476252117,27.916409350343855,20.0,kinematic,False,0,0.0,,,,random,once,0,0,0.049189000037586084,0.01949299996795162,2300.000000000002
random-s0-0163,visibility,1,0,completed,True,False,3,405,0,,276.2550119989555,0.6821111407381618,2466.666666666663,293.13044099990293,8.414911321569225,148,0,0,0,12615.659168031285,12446.231939610327,58.74068071922505,59.36731988051983,27.6256810036422,20.0,kinematic,False,0,0.0,,,,random,cycle,27,25,0.19764700004998303,10.858724999934566,2466.666666666663
random-s0-0163,visibility,1,0,completed,True,False,3,408,0,,53.16815400021824,0.13031410294171136,2516.6666666666624,68.33952600004523,36.82593096511961,151,0,0,0,12615.659168031285,12440.134339682143,59.217170119475945,59.643530319459,27.6256810036422,20.0,kinematic,False,0,0.0,,,,random,event,5,25,0.0569150001865637,9.796042000061789,2516.6666666666624
random-s0-0164,voronoi,1,0,completed,True,False,3,3,0,,4.003924999892661,1.334641666630887,6319.999999999954,11.265404000027956,561.0096184730055,316,0,0,0,14218.671934502,13861.796364815858,58.46611070010534,59.02085937458696,341.94307662155234,20.0,kinematic,False,0,0.0,,,,random,once,0,0,4.003924999892661,3.8514919999670383,6319.999999999954
random-s0-0164,voronoi,1,0,completed,True,False,3,451,0,,352.53955400105497,0.7816841552129822,3183.333333333327,371.85992700005954,8.560571070441847,191,0,0,0,14218.671934502,12838.979490982845,58.49226805806702,58.57905424805684,7.655388916946237,20.0,kinematic,False,0,0.0,,,,random,cycle,88,0,3.928046000055474,4.591792000042005,3183.333333333327
random-s0-0164,voronoi,1,0,completed,True,False,3,425,0,,16.42363000109981,0.03864383529670543,2749.999999999995,32.16341600000305,85.50086844008528,165,0,0,0,14218.671934502,13141.14535452973,58.982411704532986,59.918392517208886,0.4827327744884826,20.0,kinematic,False,0,0.0,,,,random,event,0,0,4.112996999992902,4.034400000023197,2749.999999999995
random-s0-0164,prm,1,0,completed,True,False,3,3,0,,6.887869000024693,2.2959563333415645,4699.999999999988,12.516593999976067,375.50151423054666,235,0,0,0,13763.08534572272,13319.362296937792,58.30959082488693,59.02085937458696,158.04962013303196,20.0,kinematic,False,0,0.0,,,,random,once,0,0,6.887869000024693,6.832935000034013,4699.999999999988
random-s0-0164,prm,1,0,completed,True,False,3,453,0,,653.7340020012152,1.4431214172212257,3216.66666666666,677.1576900000582,4.750247562966292,193,0,0,0,13763.08534572272,12749.840443256937,58.95613901894203,59.83957446043601,2.7595166314646065,20.0,kinematic,False,0,0.0,,,,random,cycle,91,0,6.948536999971111,8.28481799999281,3216.66666666666
random-s0-0164,prm,1,0,completed,True,False,3,504,0,,15.462404998174861,0.030679374996378694,4066.6666666666574,35.59471199992004,114.24918023429416,244,0,0,0,13763.08534572272,12943.86912734847,58.60485394454539,58.78571923724606,3.3712021679462794,20.0,kinematic,False,0,0.0,,,,random,event,0,0,6.657987999915349,6.596636999915972,4066.6666666666574
random-s0-0164,visibility,1,0,completed,True,False,3,3,0,,9.69760700002098,3.23253566667366,3460.0000000000027,13.853272000005745,249.76048979609783,173,0,1,1,12740.959226701194,12563.377918892602,58.558153437981254,59.02085937458696,-7.94329956930838,20.0,kinematic,False,0,0.0,,,,random,once,0,0,9.69760700002098,9.653362999983983,3460.0000000000027
random-s0-0164,visibility,1,0,completed,True,False,3,470,0,,1255.0919319995728,2.670408365956538,3499.9999999999923,1278.9191159999973,2.7366859688099305,210,0,1,1,12740.959226701194,12563.526373926958,58.85019643516549,59.52174670910641,-8.423047791137805,20.0,kinematic,False,0,0.0,,,,random,cycle,126,14,9.508534000133295,14.609956999947826,3499.9999999999923
random-s0-0164,visibility,1,0,completed,True,False,3,523,0,,203.83201399795325,0.389736164432033,4383.333333333323,230.50380699999096,19.016316434780165,263,0,1,1,12740.959226701194,12582.6437981356,58.80150535230811,59.375673460534244,-12.477899249084857,20.0,kinematic,False,0,0.0,,,,random,event,19,18,12.262857000109761,12.344095000003108,4383.333333333323
random-s0-0165,voronoi,1,0,completed,True,False,3,3,0,,0.10192800004915625,0.03397600001638542,2580.000000000002,3.2629229999656673,790.7020790950779,129,0,0,0,14151.269162434743,13974.591955927279,58.89240216915628,59.89005217703406,29.282028935160838,20.0,kinematic,False,0,0.0,,,,random,once,0,0,0.10192800004915625,0.046371000053113676,2580.000000000002
random-s0-0165,voronoi,1,0,completed,True,False,3,416,0,,35.846144000629465,0.08616861538612852,2583.333333333329,52.03083000003517,49.65005042840145,155,0,0,0,14151.269162434743,14198.347603315433,58.819172788989135,59.50223485682455,27.58159106309239,20.0,kinematic,False,0,0.0,,,,random,cycle,6,0,0.0863240001081067,4.416104000029009,2583.333333333329
random-s0-0165,voronoi,1,0,completed,True,False,3,418,0,,16.180361999772686,0.038708999999456185,2583.333333333329,31.634415999974408,81.66211550532239,155,0,0,0,14151.269162434743,14304.288004262922,59.33600489817045,59.87035779740951,27.58159106309239,20.0,kinematic,False,0,0.0,,,,random,event,1,0,0.0904820000187101,3.9878649999991467,2583.333333333329
random-s0-0165,prm,1,0,completed,True,False,3,3,0,,0.052481000011539436,0.017493666670513146,2580.000000000002,3.198350999923605,806.665684930024,129,0,0,0,14151.269162434743,13974.591955927279,58.89240216915628,59.89005217703406,29.282028935160838,20.0,kinematic,False,0,0.0,,,,random,once,0,0,0.052481000011539436,0.020716999983960704,2580.000000000002
random-s0-0165,prm,1,0,completed,True,False,3,415,0,,88.01695199929327,0.21208904096215245,2583.333333333329,106.15328799997314,24.33587674961121,155,0,0,0,14151.269162434743,14189.089294550566,58.99107001514437,59.50223485682455,27.58159106309239,20.0,kinematic,False,0,0.0,,,,random,cycle,5,0,0.5352050000055897,6.860590999963279,2583.333333333329
random-s0-0165,prm,1,0,completed,True,False,3,432,0,,13.050685000052908,0.030209918981603953,2599.9999999999955,28.455273000076886,91.37146566799659,156,0,0,0,14151.269162434743,15434.794799579713,58.835075735948685,59.50223485682455,27.58159106309239,20.0,kinematic,False,0,0.0,,,,random,event,1,0,0.05928400003085699,6.138193999959185,2599.9999999999955
random-s0-0165,visibility,1,0,completed,True,False,3,3,0,,0.058159999980489374,0.019386666660163126,2580.000000000002,4.5789600000034625,563.4467215258597,129,0,0,0,14151.269162434743,13974.591955927279,58.89240216915628,59.89005217703406,29.282028935160838,20.0,kinematic,False,0,0.0,,,,random,once,0,0,0.058159999980489374,0.026654999942365976,2580.000000000002
random-s0-0165,visibility,1,0,completed,True,False,3,414,0,,67.75181800117025,0.1636517343023436,2583.333333333329,84.0299959999129,30.74299007863819,155,0,0,0,14151.269162434743,13975.540305869372,58.97844100878016,59.50223485682455,27.58159106309239,20.0,kinematic,False,0,0.0,,,,random,cycle,5,0,0.19173800012595166,9.337805000086519,2583.333333333329
random-s0-0165,visibility,1,0,completed,True,False,3,414,0,,34.615853999525825,0.08361317391189813,2583.333333333329,49.41317300006176,52.280255982146706,155,0,0,0,14151.269162434743,13976.169587667533,59.00757561654515,59.50223485682455,27.58159106309239,20.0,kinematic,False,0,0.0,,,,random,event,3,0,0.05760400006238342,9.445380999977715,2583.333333333329
random-s0-0166,voronoi,1,0,completed,True,False,3,3,0,,4.065177000029507,1.3550590000098357,2860.0000000000023,7.55306999997174,378.653977787933,143,0,0,0,11600.589562963,11391.489354064839,58.601908022606985,59.78835897068267,99.53569641864613,20.0,kinematic,False,0,0.0,,,,random,once,0,0,4.065177000029507,3.98188700000901,2860.0000000000023
random-s0-0166,voronoi,1,0,completed,True,False,3,395,0,,97.34958800197546,0.24645465316955814,2383.33333333333,112.32137699994382,21.218875667225145,143,0,0,0,11600.589562963,11307.689945153405,58.56743936507462,59.459018039931635,0.7142035991495561,20.0,kinematic,False,0,0.0,,,,random,cycle,21,1,3.838463000079173,3.878460000009909,2383.33333333333
random-s0-0166,voronoi,1,0,completed,True,False,3,395,0,,19.075677000500946,0.04829285316582518,2383.33333333333,33.435800000006566,71.28088256697498,143,0,0,0,11600.589562963,11307.689945153405,58.56743936507462,59.459018039931635,0.7142035991495561,20.0,kinematic,False,0,0.0,,,,random,event,1,0,3.9677470001606707,3.9011060000575526,2383.33333333333
random-s0-0166,prm,1,0,completed,True,False,3,3,0,,6.517417999816644,2.172472666605548,3020.0000000000023,10.165471999926012,297.08409014573874,151,0,0,0,12171.046228816987,11904.616535075887,58.31364562311473,58.92357177220591,121.74407612941991,20.0,kinematic,False,0,0.0,,,,random,once,0,0,6.517417999816644,6.475476999980856,3020.0000000000023
random-s0-0166,prm,1,0,completed,True,False,3,383,0,,80.92134400192208,0.2112828825115459,2383.33333333333,97.25985800002945,24.50479964028539,143,0,0,0,12171.046228816987,11355.699981737722,58.29046186939171,58.83010434864595,15.582002671156943,20.0,kinematic,False,0,0.0,,,,random,cycle,4,3,6.485769999926561,6.888385000024755,2383.33333333333
random-s0-0166,prm,1,0,completed,True,False,3,383,0,,19.3695499997375,0.05057323759722585,2383.33333333333,33.073733000037464,72.06121345088654,143,0,0,0,12171.046228816987,11355.699981737722,58.29046186939171,58.83010434864595,15.582002671156943,20.0,kinematic,False,0,0.0,,,,random,event,1,0,6.468792999953621,6.882518999987042,2383.33333333333
random-s0-0166,visibility,1,0,completed,True,False,3,3,0,,10.06316199993762,3.35438733331254,2720.000000000002,13.379380000060337,203.29791066459995,136,0,0,0,11385.160403750735,11207.330660722564,58.517503812508885,59.535146340388366,0.6810020910647268,20.0,kinematic,False,0,0.0,,,,random,once,0,0,10.06316199993762,10.019876000001204,2720.000000000002
random-s0-0166,visibility,1,0,completed,True,False,3,426,0,,583.51448800056,1.369752319250141,2716.666666666662,601.2586890000193,4.518299221895444,163,0,1,1,11385.160403750735,11205.555155139267,59.09854420871676,59.93611466999873,-2.4254604891461042,20.0,kinematic,False,0,0.0,,,,random,cycle,57,4,9.918616999925689,10.30696700001954,2716.666666666662
random-s0-0166,visibility,1,0,completed,True,False,3,426,0,,36.65676700063614,0.08604874882778436,2716.666666666662,52.02536000001601,52.218123366485614,163,0,1,1,11385.160403750735,11205.555155139267,59.09854420871676,59.93611466999873,-2.4254604891461042,20.0,kinematic,False,0,0.0,,,,random,event,2,4,9.898656999894229,9.846588999948835,2716.666666666662
random-s0-0167,voronoi,1,0,completed,True,False,3,3,0,,0.09711100005915796,0.03237033335305265,2160.0000000000014,2.84099599991805,760.2967410240309,108,0,1,1,12040.991240153213,11864.56451667327,58.80890782664874,59.89305543281724,-139.63061369502958,20.0,kinematic,False,0,0.0,,,,random,once,0,0,0.09711100005915796,0.043374000028961746,2160.0000000000014
random-s0-0167,voronoi,1,0,completed,True,False,3,395,0,,62.949963000505704,0.15936699493798911,2316.6666666666633,77.3781869999084,29.939531494443077,139,0,0,0,12040.991240153213,12191.60800030962,58.87728904033103,59.39313528138652,10.550423367277176,20.0,kinematic,False,0,0.0,,,,random,cycle,10,4,0.0818009999647984,4.007646999980352,2316.6666666666633
random-s0-0167,voronoi,1,0,completed,True,False,3,403,0,,44.79853300119885,0.11116261290620062,2449.9999999999964,59.44006400000035,41.217990613199575,147,0,0,0,12040.991240153213,12397.326214716575,58.50792995552519,59.18960640934537,25.463275226839897,20.0,kinematic,False,0,0.0,,,,random,event,5,4,0.1199910000195814,3.9094740000109596,2449.9999999999964
random-s0-0167,prm,1,0,completed,True,False,3,3,0,,0.05098000019643223,0.016993333398810744,2160.0000000000014,2.7647250000200074,781.2711933318395,108,0,1,1,12040.991240153213,11864.56451667327,58.80890782664874,59.89305543281724,-139.63061369502958,20.0,kinematic,False,0,0.0,,,,random,once,0,0,0.05098000019643223,0.02032100007909321,2160.0000000000014
random-s0-0167,prm,1,0,completed,True,False,3,390,0,,97.11450300039814,0.24901154615486704,2233.3333333333303,112.86074500003451,19.788397935284294,134,0,1,1,12040.991240153213,11926.142614481163,58.436104032276155,59.18960640934537,-130.45665174992587,20.0,kinematic,False,0,0.0,,,,random,cycle,8,33,0.5624850000458537,6.634726000015689,2233.3333333333303
random-s0-0167,prm,1,0,completed,True,False,3,390,0,,14.129876999618318,0.036230453845175176,2233.3333333333303,27.76091999999153,80.44882278159412,134,0,1,1,12040.991240153213,11926.142614481163,58.436104032276155,59.18960640934537,-130.45665174992587,20.0,kinematic,False,0,0.0,,,,random,event,1,33,0.05868499999905907,6.547869999963041,2233.3333333333303
random-s0-0167,visibility,1,0,completed,True,False,3,3,0,,0.0496259999636095,0.016541999987869833,2160.0000000000014,2.689043000032143,803.259747045392,108,0,1,1,12040.991240153213,11864.56451667327,58.80890782664874,59.89305543281724,-139.63061369502958,20.0,kinematic,False,0,0.0,,,,random,once,0,0,0.0496259999636095,0.019574000020838866,2160.0000000000014
random-s0-0167,visibility,1,0,completed,True,False,3,389,0,,74.89112499968087,0.19252217223568346,2216.666666666664,89.88695499999722,24.66060471919126,133,0,1,1,12040.991240153213,11865.636342849337,58.85289432703201,59.31995114148948,-142.95249021683338,20.0,kinematic,False,0,0.0,,,,random,cycle,6,33,0.18384899999546178,9.525328999984595,2216.666666666664
random-s0-0167,visibility,1,0,completed,True,False,3,389,0,,44.20397899934869,0.11363490745333854,2216.666666666664,57.84679699991102,38.31960941018175,133,0,1,1,12040.991240153213,11866.167898027046,58.853107375447166,59.32059028673495,-143.28705554665876,20.0,kinematic,False,0,0.0,,,,random,event,4,33,0.060142999927847995,9.427164000044286,2216.666666666664
random-s0-0168,voronoi,1,0,completed,True,False,3,3,0,,0.10056999985863513,0.03352333328621171,2160.0000000000014,2.8058780000037586,769.8125150120953,108,0,0,0,10632.161496773344,10458.353756397919,57.935913458475056,58.470023045963224,221.2925242264052,20.0,kinematic,False,0,0.0,,,,random,once,0,0,0.10056999985863513,0.04447499998150306,2160.0000000000014
random-s0-0168,voronoi,1,0,completed,True,False,3,370,0,,10.068196998872736,0.027211343240196584,2166.666666666664,24.006607000046642,90.25293189755862,130,0,0,0,10632.161496773344,10456.89612502966,58.42179058122741,58.812679219163094,221.2925242264052,20.0,kinematic,False,0,0.0,,,,random,cycle,0,0,0.0834869999835064,0.06337600007100264,2166.666666666664
random-s0-0168,voronoi,1,0,completed,True,False,3,370,0,,10.692222999864498,0.02889789999963378,2166.666666666664,24.226720000001478,89.43293465506397,130,0,0,0,10632.161496773344,10456.89612502966,58.42179058122741,58.812679219163094,221.2925242264052,20.0,kinematic,False,0,0.0,,,,random,event,0,0,0.08828799991533742,0.0663540000687135,2166.666666666664
random-s0-0168,prm,1,0,completed,True,False,3,3,0,,0.050679000082709535,0.016893000027569844,2160.0000000000014,2.83721499999956,761.3099465498161,108,0,0,0,10632.161496773344,10458.353756397919,57.935913458475056,58.470023045963224,221.2925242264052,20.0,kinematic,False,0,0.0,,,,random,once,0,0,0.050679000082709535,0.019769000004998816,2160.0000000000014
random-s0-0168,prm,1,0,completed,True,False,3,370,0,,50.27883899902008,0.13588875405140563,2166.666666666664,66.49552800001857,32.583644822942965,130,0,0,0,10632.161496773344,10456.89612502966,58.42179058122741,58.812679219163094,221.2925242264052,20.0,kinematic,False,0,0.0,,,,random,cycle,0,0,0.5698509999092494,0.3549040000052628,2166.666666666664
random-s0-0168,prm,1,0,completed,True,False,3,370,0,,5.926888998715185,0.016018618915446446,2166.666666666664,18.959460000019135,114.27892285246928,130,0,0,0,10632.161496773344,10456.89612502966,58.42179058122741,58.812679219163094,221.2925242264052,20.0,kinematic,False,0,0.0,,,,random,event,0,0,0.06438200000502547,0.05406299999322073,2166.666666666664
random-s0-0168,visibility,1,0,completed,True,False,3,3,0,,0.050319999900239054,0.016773333300079685,2160.0000000000014,2.7444559999594276,787.0412205668204,108,0,0,0,10632.161496773344,10458.353756397919,57.935913458475056,58.470023045963224,221.2925242264052,20.0,kinematic,False,0,0.0,,,,random,once,0,0,0.050319999900239054,0.020842000026277674,2160.0000000000014
random-s0-0168,visibility,1,0,completed,True,False,3,370,0,,19.92657000039344,0.053855594595657946,2166.666666666664,34.56746500000918,62.67936241972295,130,0,0,0,10632.161496773344,10456.89612502966,58.42179058122741,58.812679219163094,221.2925242264052,20.0,kinematic,False,0,0.0,,,,random,cycle,0,0,0.2235969999446752,0.15040999994653248,2166.666666666664
random-s0-0168,visibility,1,0,completed,True,False,3,370,0,,5.721438998307349,0.015463348644073916,2166.666666666664,18.856100999983028,114.90533841904082,130,0,0,0,10632.161496773344,10456.89612502966,58.42179058122741,58.812679219163094,221.2925242264052,20.0,kinematic,False,0,0.0,,,,random,event,0,0,0.05866400010745565,0.05000599992399657,2166.666666666664
random-s0-0169,voronoi,1,0,completed,True,False,3,3,0,,4.063930000029359,1.3546433333431196,5779.9999999999645,10.887902000035865,530.86444018149,289,0,0,0,15838.496900598493,15591.107468548795,58.67502744892277,59.1112959280253,183.59961496129233,20.0,kinematic,False,0,0.0,,,,random,once,0,0,4.063930000029359,3.9817390000962405,5779.9999999999645
random-s0-0169,voronoi,1,0,completed,True,False,3,433,0,,78.993366999498,0.18243271824364432,2599.9999999999955,95.24019399998451,27.29939840316178,156,0,0,0,15838.496900598493,14592.001757075892,58.4160427491551,58.72175003498884,14.41946977147606,20.0,kinematic,False,0,0.0,,,,random,cycle,17,0,3.9550480000798416,3.8868679999950473,2599.9999999999955
random-s0-0169,voronoi,1,0,completed,True,False,3,429,0,,16.330290000382774,0.038065944056836304,2533.3333333333294,31.83176300001378,79.58507775181138,152,0,0,0,15838.496900598493,14620.064997125295,58.4386455284556,58.72175003498884,5.109800534706352,20.0,kinematic,False,0,0.0,,,,random,event,0,0,4.030750000083572,3.962269999988166,2533.3333333333294
random-s0-0169,prm,1,0,completed,True,False,3,3,0,,6.5628090001155215,2.187603000038507,2640.000000000002,9.833461999960491,268.4710633966561,132,0,1,1,14880.473880848524,14612.681517603622,58.454582619126285,59.1112959280253,-12.485089103144617,20.0,kinematic,False,0,0.0,,,,random,once,0,0,6.5628090001155215,6.517415999951481,2640.000000000002
random-s0-0169,prm,1,0,completed,True,False,3,487,0,,600.6940930006976,1.2334580965106727,3499.9999999999923,623.7989159999415,5.610782433614104,210,0,0,0,14880.473880848524,14828.81131827891,58.4680083965899,58.72175003498884,23.960733374320824,20.0,kinematic,False,0,0.0,,,,random,cycle,87,0,14.535846000057973,14.173644000038621,3499.9999999999923
random-s0-0169,prm,1,0,completed,True,False,3,487,0,,27.377703001320697,0.05621704928402607,3499.9999999999923,45.77663999998549,76.45821100021979,210,0,0,0,14880.473880848524,14828.81131827891,58.4680083965899,58.72175003498884,23.960733374320824,20.0,kinematic,False,0,0.0,,,,random,event,2,0,6.352668000090489,6.298449000041728,3499.9999999999923
random-s0-0169,visibility,1,0,completed,True,False,3,3,0,,9.629885999856924,3.209961999952308,3380.0000000000027,13.83357099996374,244.33315157806052,169,0,0,0,14720.758931576926,14544.120298228969,58.815012626991916,59.1112959280253,7.168755880509025,20.0,kinematic,False,0,0.0,,,,random,once,0,0,9.629885999856924,9.565529999917999,3380.0000000000027
random-s0-0169,visibility,1,0,completed,True,False,3,458,0,,679.327201999854,1.4832471659385458,3016.666666666661,699.0725309999561,4.315241313160466,181,0,0,0,14720.758931576926,14543.371216779598,58.99284962133234,59.988810597159414,0.09309726541692953,20.0,kinematic,False,0,0.0,,,,random,cycle,68,0,9.70348299995294,10.881963999963773,3016.666666666661
random-s0-0169,visibility,1,0,completed,True,False,3,458,0,,17.806668000503123,0.038879187774024285,3016.666666666661,34.770539000078315,86.75927245936182,181,0,0,0,14720.758931576926,14543.371216779598,58.99284962133234,59.988810597159414,0.09309726541692953,20.0,kinematic,False,0,0.0,,,,random,event,0,0,9.856326999965859,9.797533999972075,3016.666666666661
random-s0-0170,voronoi,1,0,completed,True,False,3,3,0,,0.1028140001153588,0.03427133337178626,2200.0000000000014,2.845666999974128,773.1052157613674,110,0,0,0,9021.349597066626,8843.501083598574,59.28283782268327,59.88954288529395,290.63758137265427,20.0,kinematic,False,0,0.0,,,,random,once,0,0,0.1028140001153588,0.0464150000425434,2200.0000000000014
random-s0-0170,voronoi,1,0,completed,True,False,3,349,0,,9.439327000336561,0.027046782235921378,2199.9999999999973,22.629241000004185,97.21934553614018,132,0,0,0,9021.349597066626,8843.267361007918,59.36074535290252,59.66803588822095,290.766062587027,20.0,kinematic,False,0,0.0,,,,random,cycle,0,0,0.08309599991207506,0.060243000007176306,2199.9999999999973
random-s0-0170,voronoi,1,0,completed,True,False,3,349,0,,10.467310000080943,0.029992292263842243,2199.9999999999973,23.385466000036104,94.07552537104031,132,0,0,0,9021.349597066626,8843.267361007918,59.36074535290252,59.66803588822095,290.766062587027,20.0,kinematic,False,0,0.0,,,,random,event,0,0,0.08642800003144657,0.282190999996601,2199.9999999999973
random-s0-0170,prm,1,0,completed,True,False,3,3,0,,0.05010500001390028,0.016701666671300092,2200.0000000000014,2.8196580000212634,780.2364683885105,110,0,0,0,9021.349597066626,8843.501083598574,59.28283782268327,59.88954288529395,290.63758137265427,20.0,kinematic,False,0,0.0,,,,random,once,0,0,0.05010500001390028,0.0202209999997649,2200.0000000000014
random-s0-0170,prm,1,0,completed,True,False,3,349,0,,44.76677899936021,0.1282715730640694,2199.9999999999973,59.59995700004583,36.91277830952639,132,0,0,0,9021.349597066626,8843.267361007918,59.36074535290252,59.66803588822095,290.766062587027,20.0,kinematic,False,0,0.0,,,,random,cycle,0,0,0.5872950000593846,0.27144299997416965,2199.9999999999973
random-s0-0170,prm,1,0,completed,True,False,3,349,0,,5.527874001359123,0.015839180519653648,2199.9999999999973,18.054613000003883,121.85251492233725,132,0,0,0,9021.349597066626,8843.267361007918,59.36074535290252,59.66803588822095,290.766062587027,20.0,kinematic,False,0,0.0,,,,random,event,0,0,0.05887600013920746,0.05618499994852755,2199.9999999999973
random-s0-0170,visibility,1,0,completed,True,False,3,3,0,,0.04720500010080286,0.015735000033600954,2200.0000000000014,2.811185000041405,782.5881256365548,110,0,0,0,9021.349597066626,8843.501083598574,59.28283782268327,59.88954288529395,290.63758137265427,20.0,kinematic,False,0,0.0,,,,random,once,0,0,0.04720500010080286,0.018022000062956067,2200.0000000000014
random-s0-0170,visibility,1,0,completed,True,False,3,349,0,,19.289863999915724,0.05527181661866969,2199.9999999999973,33.14622599998529,66.37256380261734,132,0,0,0,9021.349597066626,8843.267361007918,59.36074535290252,59.66803588822095,290.766062587027,20.0,kinematic,False,0,0.0,,,,random,cycle,0,0,0.19303299984585465,0.4378720000204339,2199.9999999999973
random-s0-0170,visibility,1,0,completed,True,False,3,349,0,,5.550635999725273,0.01590440114534462,2199.9999999999973,18.00559899993459,122.18421614343345,132,0,0,0,9021.349597066626,8843.267361007918,59.36074535290252,59.66803588822095,290.766062587027,20.0,kinematic,False,0,0.0,,,,random,event,0,0,0.058434999914425134,0.054441999964183196,2199.9999999999973
random-s0-0171,voronoi,1,0,completed,True,False,3,3,0,,0.10133700004644197,0.033779000015480655,2320.000000000002,2.9791100000693405,778.7560714260308,116,0,0,0,12555.693875708448,12376.507141862412,59.72891128201351,59.90953088889618,49.52740645342763,20.0,kinematic,False,0,0.0,,,,random,once,0,0,0.10133700004644197,0.045678999981646484,2320.000000000002
random-s0-0171,voronoi,1,0,completed,True,False,3,415,0,,148.88908499915487,0.35876887951603587,2383.33333333333,164.71323999996912,14.469591717907903,143,0,0,0,12555.693875708448,13036.941517683845,58.75498113674427,59.15887440503443,17.493815868064132,20.0,kinematic,False,0,0.0,,,,random,cycle,36,0,0.08442800003649609,4.096140000001469,2383.33333333333
random-s0-0171,voronoi,1,0,completed,True,False,3,520,0,,31.97574900013933,0.061491825000267945,3366.6666666666597,51.610926000080326,65.23166561013495,202,0,1,1,12555.693875708448,14419.877143530375,58.57987459968885,59.05483522236131,-45.31808982173416,20.0,kinematic,False,0,0.0,,,,random,event,4,0,0.0905419998389334,3.9726690000634335,3366.6666666666597
random-s0-0171,prm,1,0,completed,True,False,3,3,0,,0.054728000009163225,0.018242666669721075,2320.000000000002,2.952406000076735,785.7997849684981,116,0,0,0,12555.693875708448,12376.507141862412,59.72891128201351,59.90953088889618,49.52740645342763,20.0,kinematic,False,0,0.0,,,,random,once,0,0,0.054728000009163225,0.020111000026190595,2320.000000000002
random-s0-0171,prm,1,0,completed,True,False,3,399,0,,126.01344400047765,0.31582316792099663,2333.33333333333,142.65258399996128,16.35675476676934,140,0,0,0,12555.693875708448,12427.702601478682,59.62209540655237,59.92002792129162,106.72158443314919,20.0,kinematic,False,0,0.0,,,,random,cycle,11,0,0.5610469999055567,8.138164999991204,2333.33333333333
random-s0-0171,prm,1,0,completed,True,False,3,401,0,,20.703129999333214,0.05162875311554418,2333.33333333333,34.6109009999509,67.41613959534425,140,0,0,0,12555.693875708448,12452.055706339022,59.346662359133084,59.891423076004166,50.008935841204874,20.0,kinematic,False,0,0.0,,,,random,event,2,0,0.05629700001463789,7.181114999980309,2333.33333333333
random-s0-0171,visibility,1,0,completed,True,False,3,3,0,,0.049521999812895956,0.01650733327096532,2320.000000000002,2.915834000077666,795.655719748863,116,0,0,0,12555.693875708448,12376.507141862412,59.72891128201351,59.90953088889618,49.52740645342763,20.0,kinematic,False,0,0.0,,,,random,once,0,0,0.049521999812895956,0.019658999917737674,2320.000000000002
random-s0-0171,visibility,1,0,completed,True,False,3,397,0,,118.73829899923294,0.29908891435575047,2333.33333333333,134.58744199999728,17.336932024708346,140,0,0,0,12555.693875708448,12381.71184055855,59.01809765960578,59.891423076004166,110.68881868509635,20.0,kinematic,False,0,0.0,,,,random,cycle,10,0,0.19267499988018244,10.307315999966704,2333.33333333333
random-s0-0171,visibility,1,0,completed,True,False,3,396,0,,64.50630299968907,0.16289470454466937,2333.33333333333,78.58865399998649,29.690460576328626,140,0,0,0,12555.693875708448,12382.066629984805,59.41484519587752,59.891423076004166,113.07981266276033,20.0,kinematic,False,0,0.0,,,,random,event,6,0,0.06279300009737199,10.352810999961548,2333.33333333333
random-s0-0172,voronoi,1,0,completed,True,False,3,3,0,,4.174947000024076,1.3916490000080255,4699.999999999988,9.764974999939113,481.3120361321246,235,0,0,0,14395.941555122135,14012.564814513295,58.637734557613406,59.506724925758625,42.08332737832009,20.0,kinematic,False,0,0.0,,,,random,once,0,0,4.174947000024076,4.088750000050823,4699.999999999988
random-s0-0172,voronoi,1,0,completed,True,False,3,413,0,,65.92539500013572,0.15962565375335527,2516.6666666666624,81.48259500001132,30.88594155188986,151,0,1,1,14395.941555122135,13408.438062581225,59.21018281321735,59.84017470495192,-1.827423199608063,20.0,kinematic,False,0,0.0,,,,random,cycle,14,0,4.08597099999497,4.1309980000505675,2516.6666666666624
random-s0-0172,voronoi,1,0,completed,True,False,3,410,0,,27.97589499971309,0.06823389024320266,2516.6666666666624,42.917560000091726,58.6395560852314,151,0,0,0,14395.941555122135,13323.250029866012,59.52669190601545,59.84017470495192,2.676511400074361,20.0,kinematic,False,0,0.0,,,,random,event,3,0,4.1739749999578635,4.103440999983832,2516.6666666666624
random-s0-0172,prm,1,0,completed,True,False,3,3,0,,6.561032000035993,2.1870106666786646,3800.0000000000027,11.073338999949556,343.1665913973476,190,0,1,1,14450.416830908556,14043.561778382762,58.39561544752001,58.78036759547844,-109.51359702287944,20.0,kinematic,False,0,0.0,,,,random,once,0,0,6.561032000035993,6.518741000036243,3800.0000000000027
random-s0-0172,prm,1,0,completed,True,False,3,421,0,,217.64913499998784,0.5169813182897574,2516.6666666666624,235.83868500008975,10.671135936268067,151,0,1,1,14450.416830908556,13320.616488805446,59.155486881406866,59.84017470495192,-3.626862057635094,20.0,kinematic,False,0,0.0,,,,random,cycle,26,2,6.6710730000068,6.404090000046381,2516.6666666666624
random-s0-0172,prm,1,0,completed,True,False,3,567,0,,34.39298999899165,0.060657830686052294,4799.999999999988,64.95427100003326,73.89814289498423,288,0,0,0,14450.416830908556,16235.68258928643,59.23061798113785,59.84017470495192,3.126409818970558,20.0,kinematic,False,0,0.0,,,,random,event,3,0,6.350779000058537,6.26209300003211,4799.999999999988
random-s0-0172,visibility,1,0,completed,True,False,3,3,0,,22.895742000059727,7.631914000019909,2940.0000000000023,30.536892999975862,96.27698535022296,147,0,1,1,13370.554439820822,13190.945468446474,58.734960862749496,59.79840384116693,-86.02010390026486,20.0,kinematic,False,0,0.0,,,,random,once,0,0,22.895742000059727,22.84408100001656,2940.0000000000023
random-s0-0172,visibility,1,0,completed,True,False,3,418,0,,272.7436819997138,0.6524968468892673,2516.6666666666624,289.38086000005114,8.696728134218061,151,0,0,0,13370.554439820822,13179.262729671187,59.46444261389977,59.84017470495192,32.02088401187066,20.0,kinematic,False,0,0.0,,,,random,cycle,22,0,13.793719999966925,21.568698000010045,2516.6666666666624
random-s0-0172,visibility,1,0,completed,True,False,3,416,0,,46.65379999994457,0.11214855769217444,2516.6666666666624,68.03037700001369,36.99327826253493,151,0,0,0,13370.554439820822,13184.028922707272,59.299621437097926,59.84017470495192,37.16955451029585,20.0,kinematic,False,0,0.0,,,,random,event,3,0,9.899150999899575,10.229404000028808,2516.6666666666624
random-s0-0173,voronoi,1,0,completed,True,False,3,3,0,,4.1279079998730595,1.37596933329102,5439.999999999972,10.481161000029715,519.0264704439278,272,1,1,2,14839.332573862648,14539.946114753533,58.82919908427971,59.924535217614086,-127.91427441551018,20.0,kinematic,False,0,0.0,,,,random,once,0,0,4.1279079998730595,4.042778999973962,5439.999999999972
random-s0-0173,voronoi,1,0,completed,True,False,3,414,0,,81.13827300019238,0.19598616666713137,2416.666666666663,96.42559200005962,25.062502770687356,145,0,0,0,14839.332573862648,13673.446689670393,59.120394241705576,59.87408743631047,95.03629339717094,20.0,kinematic,False,0,0.0,,,,random,cycle,16,1,3.968419999978323,4.112824999992881,2416.666666666663
random-s0-0173,voronoi,1,0,completed,True,False,3,417,0,,20.45615800216183,0.049055534777366495,2433.3333333333294,35.91520699990269,67.75217342725944,146,0,0,0,14839.332573862648,13666.13264220695,58.560183355910276,59.02229625649235,90.6130537265555,20.0,kinematic,False,0,0.0,,,,random,event,1,0,4.099971000186997,4.076671000007082,2433.3333333333294
random-s0-0173,prm,1,0,planning_failed,False,False,3,3,1,B1,6.620476000080089,2.2068253333600296,4459.999999999993,11.879690999990089,375.4306404100674,223,0,0,0,10731.025515150097,10572.204520263149,1192.2989749144683,3459.9284067737585,47.91061871751822,20.0,kinematic,False,0,0.0,,,,random,once,0,0,6.620476000080089,6.504128000074161,
random-s0-0173,prm,1,0,planning_failed,False,False,3,294,1,B1,136.4590980005005,0.46414659183843704,2516.6666666666624,150.215072999913,16.753755907492188,151,0,0,0,10731.025515150097,10314.031717884132,1192.4290825681267,3459.9284067737585,2.9071058441359696,20.0,kinematic,False,0,0.0,,,,random,cycle,15,0,6.628063000107431,6.963086999917323,
random-s0-0173,prm,1,0,planning_failed,False,False,3,294,1,B1,11.418549000381972,0.038838602042115554,2516.6666666666624,23.097917000086454,108.95643389216623,151,0,0,0,10731.025515150097,10314.031717884132,1192.4290825681267,3459.9284067737585,2.9071058441359696,20.0,kinematic,False,0,0.0,,,,random,event,0,0,6.547137000097791,6.436583000095197,
random-s0-0173,visibility,1,0,planning_failed,False,False,3,3,1,B1,10.073251999870081,3.3577506666233603,3360.0000000000027,14.041150000025482,239.29663880764076,168,0,0,0,10299.986178425215,10180.351214108981,1192.7276134136723,3459.9284067737585,11.97389605098877,20.0,kinematic,False,0,0.0,,,,random,once,0,0,10.073251999870081,9.978834999969877,
random-s0-0173,visibility,1,0,planning_failed,False,False,3,333,1,B1,868.3347090002371,2.607611738739451,3166.66666666666,884.927323999932,3.578448286976958,190,0,0,0,10299.986178425215,10179.892205732573,1192.6412759886914,3459.9284067737585,0.6132837739060619,20.0,kinematic,False,0,0.0,,,,random,cycle,89,0,9.988805999910255,10.752760999935163,
random-s0-0173,visibility,1,0,planning_failed,False,False,3,333,1,B1,15.993377998370306,0.048028162157268184,3166.66666666666,29.82620099999167,106.17063388889335,190,0,0,0,10299.986178425215,10179.892205732573,1192.6412759886914,3459.9284067737585,0.6132837739060619,20.0,kinematic,False,0,0.0,,,,random,event,0,0,9.869272999935674,9.778259999961847,
random-s0-0174,voronoi,1,0,completed,True,False,3,3,0,,4.150893000087308,1.3836310000291026,6819.999999999943,12.202328000057605,558.9097424661709,341,0,0,0,15615.895529830384,15334.311524053177,59.16876296640521,59.84371631490256,40.34116888486929,20.0,kinematic,False,0,0.0,,,,random,once,0,0,4.150893000087308,4.043838000029609,6819.999999999943
random-s0-0174,voronoi,1,0,completed,True,False,3,417,0,,82.20483899992814,0.19713390647464782,2799.999999999995,98.21963599995343,28.507537942833782,168,0,0,0,15615.895529830384,14010.517662424898,59.16066423830802,59.51642937564399,3.501580048252208,20.0,kinematic,False,0,0.0,,,,random,cycle,17,0,4.143823000049451,4.066135000016402,2799.999999999995
random-s0-0174,voronoi,1,0,completed,True,False,3,419,0,,16.47565200050849,0.039321365156344844,2833.333333333328,31.872204000023885,88.8966866970105,170,0,1,1,15615.895529830384,14021.569572409939,59.243026652281706,59.74407147374021,-0.5907636316119635,20.0,kinematic,False,0,0.0,,,,random,event,1,0,4.20446600003288,4.1408739999724276,2833.333333333328
random-s0-0174,prm,1,0,completed,True,False,3,3,0,,6.472035000001597,2.1573450000005323,5619.999999999968,12.990962000003492,432.6084550165305,281,0,0,0,16089.048003654678,15689.842213230393,58.90616147823917,59.05591185040442,40.34116888486929,20.0,kinematic,False,0,0.0,,,,random,once,0,0,6.472035000001597,6.4361429999735265,5619.999999999968
random-s0-0174,prm,1,0,completed,True,False,3,424,0,,241.93937999950776,0.570611745281858,2916.666666666661,260.8084039999312,11.18317746642639,175,0,0,0,16089.048003654678,13684.0946998359,59.18672849420779,59.57517699951849,1.2961136899382382,20.0,kinematic,False,0,0.0,,,,random,cycle,31,0,6.347570999992058,6.526477999955205,2916.666666666661
random-s0-0174,prm,1,0,completed,True,False,3,507,0,,41.20451000187586,0.08127122288338434,4299.99999999999,61.134839000033026,70.3363265583748,258,0,0,0,16089.048003654678,15248.211235259194,59.237701080719496,59.72809475905361,5.584587768611783,20.0,kinematic,False,0,0.0,,,,random,event,4,0,6.144919000007576,8.166639999899417,4299.99999999999
random-s0-0174,visibility,1,0,completed,True,False,3,3,0,,8.522889999994732,2.8409633333315774,4379.9999999999945,13.784268999984306,317.7535203357524,219,0,1,1,13813.101660957294,13628.636815233618,58.6610272565996,58.90878533656644,-7.153780757711701,20.0,kinematic,False,0,0.0,,,,random,once,0,0,8.522889999994732,8.488618000001225,4379.9999999999945
random-s0-0174,visibility,1,0,completed,True,False,3,477,0,,776.8665220013418,1.6286509895206327,3799.9999999999914,798.3237910000298,4.75997338779028,228,0,1,1,13813.101660957294,13641.13436085244,58.88910721334011,59.51642937564399,-156.56462350400577,20.0,kinematic,False,0,0.0,,,,random,cycle,87,21,8.869101999948725,9.701121999910356,3799.9999999999914
random-s0-0174,visibility,1,0,completed,True,False,3,444,0,,41.9655909992116,0.09451709684507117,3249.999999999993,58.74193599993305,55.326743061442464,195,0,1,1,13813.101660957294,13639.518132745336,58.84690667778722,59.51642937564399,-60.5099105030115,20.0,kinematic,False,0,0.0,,,,random,event,3,16,8.40098199989825,8.814504000042689,3249.999999999993
random-s0-0175,voronoi,1,0,completed,True,False,3,3,0,,4.014201000018147,1.338067000006049,4499.999999999992,9.381677999954263,479.6583297808697,225,0,0,0,12053.483245483185,11797.759680460753,59.249438548044175,59.987334252876664,116.90433072145777,20.0,kinematic,False,0,0.0,,,,random,once,0,0,4.014201000018147,3.9489289999892208,4499.999999999992
random-s0-0175,voronoi,1,0,completed,True,False,3,407,0,,148.35592799920505,0.3645108796049264,2766.6666666666615,164.5452310000337,16.814019159668593,166,0,0,0,12053.483245483185,12356.458415789133,59.16698068847999,59.53546809541778,2.1641533364161205,20.0,kinematic,False,0,0.0,,,,random,cycle,35,0,3.929631000005429,4.420569000103569,2766.6666666666615
random-s0-0175,voronoi,1,0,completed,True,False,3,388,0,,20.02911900001436,0.0516214407216865,2433.3333333333294,34.40189899993129,70.73252942630258,146,1,0,1,12053.483245483185,11394.757705738153,59.18531143552076,59.7793135219692,-3.0305996456866353,20.0,kinematic,False,0,0.0,,,,random,event,3,0,4.499375000023065,4.432893000057447,2433.3333333333294
random-s0-0175,prm,1,0,completed,True,False,3,3,0,,6.647552000117685,2.215850666705895,3400.0000000000027,10.750152000014168,316.274597791317,170,0,0,0,11200.919490727887,11007.111900071497,59.63232673307718,59.987334252876664,116.90433072145777,20.0,kinematic,False,0,0.0,,,,random,once,0,0,6.647552000117685,6.582982000054471,3400.0000000000027
random-s0-0175,prm,1,0,completed,True,False,3,380,0,,144.0527889990335,0.37908628683956186,2349.9999999999964,161.67652199999338,14.535196396667246,141,0,0,0,11200.919490727887,11075.741811290794,58.9910249495121,59.9449517693716,7.418325122137617,20.0,kinematic,False,0,0.0,,,,random,cycle,13,0,7.131561000051079,6.867929999998523,2349.9999999999964
random-s0-0175,prm,1,0,completed,True,False,3,380,0,,19.863700999053435,0.05227289736593009,2349.9999999999964,33.54009299994232,70.06539904358756,141,0,0,0,11200.919490727887,11075.741811290794,58.9910249495121,59.9449517693716,7.418325122137617,20.0,kinematic,False,0,0.0,,,,random,event,1,0,7.216180000114036,7.17038400000547,2349.9999999999964
random-s0-0175,visibility,1,0,completed,True,False,3,3,0,,9.598948999951062,3.199649666650354,3360.0000000000027,13.755739999965044,244.26166822057854,168,0,0,0,11027.209084436226,10849.22154662247,59.22094502004496,59.987334252876664,18.99363382486746,20.0,kinematic,False,0,0.0,,,,random,once,0,0,9.598948999951062,9.556279999969775,3360.0000000000027
random-s0-0175,visibility,1,0,completed,True,False,3,403,0,,617.2252890003165,1.5315763995045073,2866.6666666666615,635.2572470000268,4.512607577803108,172,0,0,0,11027.209084436226,10853.972016713593,58.50315125957622,58.73131624732221,33.49657502248451,20.0,kinematic,False,0,0.0,,,,random,cycle,64,0,9.212554999976419,9.886103999974694,2866.6666666666615
random-s0-0175,visibility,1,0,completed,True,False,3,405,0,,16.51164899919877,0.04076950370172536,2899.9999999999945,31.831640000064,91.10432261718731,174,0,0,0,11027.209084436226,10849.295320179988,59.03003573345929,59.688813714019055,5.9606105871022805,20.0,kinematic,False,0,0.0,,,,random,event,0,0,9.638129999871126,9.595601999990322,2899.9999999999945
random-s0-0176,voronoi,1,0,completed,True,False,3,3,0,,0.1020209999751387,0.034006999991712895,2160.0000000000014,2.840377999973498,760.4621638458526,108,0,0,0,11280.028414667486,11105.097285513251,58.31037638474308,58.569510433316836,740.2621049248714,20.0,kinematic,False,0,0.0,,,,random,once,0,0,0.1020209999751387,0.04631100000551669,2160.0000000000014
random-s0-0176,voronoi,1,0,completed,True,False,3,377,0,,11.159262999285602,0.02960016710685836,2166.666666666664,26.07204899993576,83.10304520645855,130,0,0,0,11280.028414667486,11103.213910788316,58.93816795972282,59.81932929601796,740.6499643404622,20.0,kinematic,False,0,0.0,,,,random,cycle,0,0,0.08523500002866058,0.12144300001182273,2166.666666666664
random-s0-0176,voronoi,1,0,completed,True,False,3,377,0,,10.805549999076902,0.02866193633707401,2166.666666666664,24.300337999989097,89.16199711574531,130,0,0,0,11280.028414667486,11103.213910788316,58.93816795972282,59.81932929601796,740.6499643404622,20.0,kinematic,False,0,0.0,,,,random,event,0,0,0.09176500009289157,0.06332399993880244,2166.666666666664
random-s0-0176,prm,1,0,completed,True,False,3,3,0,,0.04942999999002495,0.01647666666334165,2160.0000000000014,2.7397439999958806,788.3948281311134,108,0,0,0,11280.028414667486,11105.097285513251,58.31037638474308,58.569510433316836,740.2621049248714,20.0,kinematic,False,0,0.0,,,,random,once,0,0,0.04942999999002495,0.020263000010345422,2160.0000000000014
random-s0-0176,prm,1,0,completed,True,False,3,377,0,,48.76582900044468,0.12935233156616627,2166.666666666664,64.21519000002718,33.74071877176953,130,0,0,0,11280.028414667486,11103.213910788316,58.93816795972282,59.81932929601796,740.6499643404622,20.0,kinematic,False,0,0.0,,,,random,cycle,0,0,0.5901019999328128,0.27031100000840524,2166.666666666664
random-s0-0176,prm,1,0,completed,True,False,3,377,0,,5.972431999680339,0.015841994694112304,2166.666666666664,19.094107000000804,113.4730556745373,130,0,0,0,11280.028414667486,11103.213910788316,58.93816795972282,59.81932929601796,740.6499643404622,20.0,kinematic,False,0,0.0,,,,random,event,0,0,0.05808000003071356,0.049976000013884914,2166.666666666664
random-s0-0176,visibility,1,0,completed,True,False,3,3,0,,0.0507899999320216,0.016929999977340533,2160.0000000000014,2.7688449999914155,780.1086734745709,108,0,0,0,11280.028414667486,11105.097285513251,58.31037638474308,58.569510433316836,740.2621049248714,20.0,kinematic,False,0,0.0,,,,random,once,0,0,0.0507899999320216,0.021037000010437623,2160.0000000000014
random-s0-0176,visibility,1,0,completed,True,False,3,377,0,,20.410825999988447,0.05414012201588447,2166.666666666664,35.21307300002263,61.53017848414625,130,0,0,0,11280.028414667486,11103.213910788316,58.93816795972282,59.81932929601796,740.6499643404622,20.0,kinematic,False,0,0.0,,,,random,cycle,0,0,0.2065420000008089,0.11219600003187225,2166.666666666664
random-s0-0176,visibility,1,0,completed,True,False,3,377,0,,5.9668080000392365,0.015827076923181,2166.666666666664,19.074093999961406,113.5921143447782,130,0,0,0,11280.028414667486,11103.213910788316,58.93816795972282,59.81932929601796,740.6499643404622,20.0,kinematic,False,0,0.0,,,,random,event,0,0,0.06045800000720192,0.054477000048791524,2166.666666666664
random-s0-0177,voronoi,1,0,completed,True,False,3,3,0,,0.10367900006258424,0.03455966668752808,2020.0000000000014,2.581120000058945,782.6060004780369,101,0,0,0,9307.048883738149,9129.047155328226,59.33390946997457,59.50849839178172,63.149503446671446,20.0,kinematic,False,0,0.0,,,,random,once,0,0,0.10367900006258424,0.046783000016148435,2020.0000000000014
random-s0-0177,voronoi,1,0,completed,True,False,3,357,0,,30.102397001201098,0.08432043977927478,2033.333333333331,43.29947100006848,46.959773095844874,122,0,0,0,9307.048883738149,9265.782869347058,58.887853081819365,59.860805662493085,62.952007118499864,20.0,kinematic,False,0,0.0,,,,random,cycle,5,0,0.08292800009712664,4.545523999922807,2033.333333333331
random-s0-0177,voronoi,1,0,completed,True,False,3,358,0,,14.379443001757863,0.04016604190435157,2033.333333333331,27.408137000065835,74.18721430531549,122,0,0,0,9307.048883738149,9277.006289267412,58.35021498042253,58.45480929220119,62.952007118499864,20.0,kinematic,False,0,0.0,,,,random,event,1,0,0.09056900000814494,4.089187999966271,2033.333333333331
random-s0-0177,prm,1,0,completed,True,False,3,3,0,,0.050762000000759144,0.016920666666919715,2020.0000000000014,2.6261330000352245,769.1918116762963,101,0,0,0,9307.048883738149,9129.047155328226,59.33390946997457,59.50849839178172,63.149503446671446,20.0,kinematic,False,0,0.0,,,,random,once,0,0,0.050762000000759144,0.020737999989250966,2020.0000000000014
random-s0-0177,prm,1,0,completed,True,False,3,356,0,,83.54286099904584,0.23467095786248832,2033.333333333331,99.5201169999973,20.43138005287299,122,0,0,0,9307.048883738149,9196.156006028403,58.77323580698422,59.516953837987636,62.952007118499864,20.0,kinematic,False,0,0.0,,,,random,cycle,5,0,0.5265259998168403,7.083914999952867,2033.333333333331
random-s0-0177,prm,1,0,completed,True,False,3,356,0,,12.665819000972078,0.035578143261157526,2033.333333333331,25.49491100000978,79.75447858329653,122,0,0,0,9307.048883738149,9196.156006028403,58.77323580698422,59.516953837987636,62.952007118499864,20.0,kinematic,False,0,0.0,,,,random,event,1,0,0.06318600003396568,6.624471999998605,2033.333333333331
random-s0-0177,visibility,1,0,completed,True,False,3,3,0,,0.04836499999782973,0.01612166666594324,2020.0000000000014,2.611743999977989,773.4295551237125,101,0,0,0,9307.048883738149,9129.047155328226,59.33390946997457,59.50849839178172,63.149503446671446,20.0,kinematic,False,0,0.0,,,,random,once,0,0,0.04836499999782973,0.019714000018211664,2020.0000000000014
random-s0-0177,visibility,1,0,completed,True,False,3,358,0,,104.42231099978017,0.2916824329602798,2033.333333333331,118.72122900001614,17.126956572636683,122,0,0,0,9307.048883738149,9132.517610889128,58.79571361160601,59.58438725185303,62.952007118499864,20.0,kinematic,False,0,0.0,,,,random,cycle,7,0,0.2043609999873297,26.343309000026238,2033.333333333331
random-s0-0177,visibility,1,0,completed,True,False,3,359,0,,15.99145100124133,0.0445444317583324,2033.333333333331,28.414997000027142,71.5584567308379,122,0,0,0,9307.048883738149,9131.485193151035,58.57254517071988,58.914881929194635,62.952007118499864,20.0,kinematic,False,0,0.0,,,,random,event,1,0,0.05947600004674314,10.168203000034737,2033.333333333331
random-s0-0178,voronoi,1,0,completed,True,False,3,3,0,,0.10560099997292127,0.03520033332430709,2780.000000000002,3.512186999955702,791.5296081999805,139,0,0,0,15965.345687921174,15788.35767045083,58.9960058234502,59.88257551982083,193.3405148118806,20.0,kinematic,False,0,0.0,,,,random,once,0,0,0.10560099997292127,0.05025199993724527,2780.000000000002
random-s0-0178,voronoi,1,0,completed,True,False,3,437,0,,39.021426000886095,0.08929388100889267,2849.9999999999945,55.50928200000271,51.34276462087647,171,0,0,0,15965.345687921174,15825.031306479763,59.06637637534502,59.82868913456566,191.7215470021378,20.0,kinematic,False,0,0.0,,,,random,cycle,7,0,0.08497800001805444,4.07245700000658,2849.9999999999945
random-s0-0178,voronoi,1,0,completed,True,False,3,441,0,,17.074403000947314,0.038717467122329506,2916.666666666661,33.640663000028326,86.70062973087674,175,0,0,0,15965.345687921174,15795.664533326006,59.40927399593135,59.82868913456566,191.7215470021378,20.0,kinematic,False,0,0.0,,,,random,event,1,0,0.08923500001856155,4.035235999936049,2916.666666666661
random-s0-0178,prm,1,0,completed,True,False,3,3,0,,0.0546679998478794,0.0182226666159598,2780.000000000002,3.4372419999044723,808.7879759636544,139,0,0,0,15965.345687921174,15788.35767045083,58.9960058234502,59.88257551982083,193.3405148118806,20.0,kinematic,False,0,0.0,,,,random,once,0,0,0.0546679998478794,0.020294999899306276,2780.000000000002
random-s0-0178,prm,1,0,completed,True,False,3,440,0,,175.7880259981448,0.39951824090487453,2899.9999999999945,195.67757800007257,14.820297908628648,174,0,0,0,15965.345687921174,16083.250926686687,59.296165425921004,59.82868913456566,191.7215470021378,20.0,kinematic,False,0,0.0,,,,random,cycle,18,0,0.5766489999814439,6.753408000008676,2899.9999999999945
random-s0-0178,prm,1,0,completed,True,False,3,440,0,,14.175281000234463,0.0322165477278056,2899.9999999999945,30.05890700001146,96.47722719920884,174,0,0,0,15965.345687921174,16083.250926686687,59.296165425921004,59.82868913456566,191.7215470021378,20.0,kinematic,False,0,0.0,,,,random,event,1,0,0.08285299998078699,6.941862000076071,2899.9999999999945
random-s0-0178,visibility,1,0,completed,True,False,3,3,0,,0.04867199993441318,0.016223999978137726,2780.000000000002,3.558424999937415,781.2445112792586,139,0,0,0,15965.345687921174,15788.35767045083,58.9960058234502,59.88257551982083,193.3405148118806,20.0,kinematic,False,0,0.0,,,,random,once,0,0,0.04867199993441318,0.018917000033980003,2780.000000000002
random-s0-0178,visibility,1,0,completed,True,False,3,435,0,,99.51749700110213,0.22877585517494742,2816.6666666666615,116.95505599993794,24.083325364472966,169,0,0,0,15965.345687921174,15789.17470132939,59.10673493689611,59.82868913456566,191.7215470021378,20.0,kinematic,False,0,0.0,,,,random,cycle,9,0,0.20573700010118046,8.803340999975262,2816.6666666666615
random-s0-0178,visibility,1,0,completed,True,False,3,435,0,,60.55848699998023,0.13921491264363273,2816.6666666666615,76.9254809999893,36.61552232175257,169,0,0,0,15965.345687921174,15789.436296597287,59.21915325146002,59.82868913456566,191.7215470021378,20.0,kinematic,False,0,0.0,,,,random,event,6,0,0.061698000195065106,10.332181999956447,2816.6666666666615
random-s0-0179,voronoi,1,0,completed,True,False,3,3,0,,4.009950999943612,1.3366503333145374,6639.999999999946,11.78404799998134,563.4736043175028,332,0,0,0,17470.54692727407,17049.792482482608,59.31556539559844,59.88229463199793,10.381929550403157,20.0,kinematic,False,0,0.0,,,,random,once,0,0,4.009950999943612,3.917727999919407,6639.999999999946
random-s0-0179,voronoi,1,0,completed,True,False,3,448,0,,103.72556200093186,0.23153027232350862,2616.6666666666624,120.75691699999425,21.66887605011303,157,0,0,0,17470.54692727407,15864.571326860316,59.045074757679856,59.44508638153046,10.381929550403612,20.0,kinematic,False,0,0.0,,,,random,cycle,23,0,3.916633999892838,4.141575000062403,2616.6666666666624
random-s0-0179,voronoi,1,0,completed,True,False,3,447,0,,21.136606001391556,0.04728547203890728,2616.6666666666624,37.24321200002123,70.25888816102034,157,0,0,0,17470.54692727407,15875.43395308161,58.925263469825744,59.44508638153046,10.381929550403612,20.0,kinematic,False,0,0.0,,,,random,event,1,0,4.028282000035688,3.956488000085301,2616.6666666666624
random-s0-0179,prm,1,0,completed,True,False,3,3,0,,6.6779040000710665,2.225968000023689,3440.0000000000027,10.890429999903972,315.8736615570125,172,0,0,0,15740.300583502007,15549.812949062703,59.0757455904236,59.78142422144242,10.381929550403157,20.0,kinematic,False,0,0.0,,,,random,once,0,0,6.6779040000710665,6.6246019999880446,3440.0000000000027
random-s0-0179,prm,1,0,completed,True,False,3,434,0,,127.21285299915053,0.2931171728091026,2616.6666666666624,145.7300340000529,17.955575764606714,157,0,0,0,15740.300583502007,15406.00252642272,59.327209718820654,59.73636875735589,10.381929550403612,20.0,kinematic,False,0,0.0,,,,random,cycle,10,0,6.864911999969081,6.873722000023008,2616.6666666666624
random-s0-0179,prm,1,0,completed,True,False,3,434,0,,20.9257489977972,0.04821601151566175,2616.6666666666624,36.75999999995838,71.18244468633365,157,0,0,0,15740.300583502007,15406.00252642272,59.327209718820654,59.73636875735589,10.381929550403612,20.0,kinematic,False,0,0.0,,,,random,event,1,0,6.804624999972475,6.746829000007892,2616.6666666666624
random-s0-0179,visibility,1,0,completed,True,False,3,3,0,,10.445891000017582,3.4819636666725273,3240.0000000000023,14.362648000087574,225.58514279402007,162,0,0,0,15579.635892414452,15402.912406559699,58.77711024562155,59.78142422144242,10.381929550403157,20.0,kinematic,False,0,0.0,,,,random,once,0,0,10.445891000017582,10.39952100006758,3240.0000000000023
random-s0-0179,visibility,1,0,completed,True,False,3,453,0,,378.2107599988649,0.8349023399533442,2749.999999999995,396.55600100002175,6.9347078169669265,165,0,0,0,15579.635892414452,15401.848008965699,59.22716340399662,59.44508638153046,1.7000816215379757,20.0,kinematic,False,0,0.0,,,,random,cycle,36,0,10.056125000005522,11.343269999997574,2749.999999999995
random-s0-0179,visibility,1,0,completed,True,False,3,454,0,,27.44239600099263,0.06044580616958729,2749.999999999995,43.50001200009501,63.21837336490823,165,0,0,0,15579.635892414452,15400.60635856643,59.30498016306049,59.44508638153046,1.7000816215379757,20.0,kinematic,False,0,0.0,,,,random,event,1,0,10.455906000174764,10.395438000045942,2749.999999999995
random-s0-0180,voronoi,1,0,completed,True,False,3,3,0,,8.018478999929357,2.6728263333097857,5899.999999999962,15.188820999924246,388.443579658315,295,0,0,0,15871.462294740397,15311.842024246802,58.68206412754171,59.30378403874296,258.68357818523225,20.0,kinematic,False,0,0.0,,,,random,once,0,0,8.018478999929357,4.005644999892866,5899.999999999962
random-s0-0180,voronoi,1,0,completed,True,False,3,419,0,,91.20677899920793,0.21767727684775162,2466.666666666663,107.53799200006142,22.937629955609122,148,0,0,0,15871.462294740397,13708.086937128865,59.283434974708904,59.65836730890859,37.23463607574672,20.0,kinematic,False,0,0.0,,,,random,cycle,19,0,7.667829999945752,4.0123290000337875,2466.666666666663
random-s0-0180,voronoi,1,0,completed,True,False,3,434,0,,21.481817000903902,0.04949727419563111,2583.333333333329,37.53145099994981,68.83116065341528,155,0,0,0,15871.462294740397,13668.182771123189,59.04842611543313,59.65836730890859,37.25165631433683,20.0,kinematic,False,0,0.0,,,,random,event,0,0,8.625677000054566,4.785582000067734,2583.333333333329
random-s0-0180,prm,1,0,completed,True,False,3,3,0,,12.732267000046704,4.244089000015568,4499.999999999992,18.218713999999636,246.998772800324,225,0,0,0,15086.527930776323,14779.583318926609,58.918680527475566,59.30378403874296,48.71159755737585,20.0,kinematic,False,0,0.0,,,,random,once,0,0,12.732267000046704,6.4258890000701285,4499.999999999992
random-s0-0180,prm,1,0,completed,True,False,3,419,0,,174.1541620000362,0.4156423914082009,2466.666666666663,192.7793909999309,12.795281974241464,148,0,0,0,15086.527930776323,13882.557241419634,59.148859717471595,59.76241480513807,36.03923381754052,20.0,kinematic,False,0,0.0,,,,random,cycle,18,0,12.39325699998517,6.399622000003546,2466.666666666663
random-s0-0180,prm,1,0,completed,True,False,3,419,0,,25.42560099811908,0.06068162529384029,2466.666666666663,40.5623529999275,60.81172526335126,148,0,0,0,15086.527930776323,13882.557241419634,59.148859717471595,59.76241480513807,36.03923381754052,20.0,kinematic,False,0,0.0,,,,random,event,1,0,12.624947999825054,6.378994999977294,2466.666666666663
random-s0-0180,visibility,1,0,completed,True,False,3,3,0,,19.34835800000201,6.449452666667336,3380.0000000000027,23.555530999942675,143.49071562038776,169,0,1,1,13725.986299428649,13545.212322758676,59.4023826196302,59.74269653715559,-5.407807735460921,20.0,kinematic,False,0,0.0,,,,random,once,0,0,19.34835800000201,9.898990000010599,3380.0000000000027
random-s0-0180,visibility,1,0,completed,True,False,3,414,0,,298.2433650012126,0.7203946014522044,2516.6666666666624,315.0159640000538,7.989013111304519,151,0,0,0,13725.986299428649,13535.376347265197,59.12139663387154,59.65836730890859,30.36507609886874,20.0,kinematic,False,0,0.0,,,,random,cycle,27,0,20.699614000022848,10.800862999985839,2516.6666666666624
random-s0-0180,visibility,1,0,completed,True,False,3,414,0,,72.28649599937853,0.17460506280043123,2516.6666666666624,87.18390000001364,28.86618592040811,151,0,0,0,13725.986299428649,13536.521532687486,59.27862041003138,59.65836730890859,30.935465607508405,20.0,kinematic,False,0,0.0,,,,random,event,5,0,19.355552000092757,9.727993000069546,2516.6666666666624
random-s0-0181,voronoi,1,0,completed,True,False,3,3,0,,0.1049809999358331,0.0349936666452777,2700.000000000002,3.435568999975658,785.8960189765166,135,1,0,1,14762.846528074817,14583.48555364216,59.78699147755206,59.99067471875609,-97.59354147127162,20.0,kinematic,False,0,0.0,,,,random,once,0,0,0.1049809999358331,0.048711999966144504,2700.000000000002
random-s0-0181,voronoi,1,0,completed,True,False,3,428,0,,70.79743100098312,0.16541455841351196,2716.666666666662,87.10460200006764,31.188554959065794,163,0,0,0,14762.846528074817,14782.074956855013,58.65524713440632,58.82915724504072,182.89443327461754,20.0,kinematic,False,0,0.0,,,,random,cycle,15,0,0.08204500011288474,4.334364000101232,2716.666666666662
random-s0-0181,voronoi,1,0,completed,True,False,3,427,0,,16.497155998763446,0.03863502575822821,2716.666666666662,32.580294000013055,83.38373701187514,163,0,0,0,14762.846528074817,14626.117814600046,58.392560297251265,58.73460905664939,96.83807910294422,20.0,kinematic,False,0,0.0,,,,random,event,1,0,0.0927879998471326,3.9984580000691494,2716.666666666662
random-s0-0181,prm,1,0,completed,True,False,3,3,0,,0.0499220001302092,0.016640666710069734,2700.000000000002,3.5498089999919102,760.6043029374692,135,1,0,1,14762.846528074817,14583.48555364216,59.78699147755206,59.99067471875609,-97.59354147127162,20.0,kinematic,False,0,0.0,,,,random,once,0,0,0.0499220001302092,0.02052600007118599,2700.000000000002
random-s0-0181,prm,1,0,completed,True,False,3,456,0,,446.03361599911295,0.9781438947348968,3049.999999999994,467.09792600006494,6.529680031162395,183,0,0,0,14762.846528074817,14862.53583151204,58.91722396954331,59.239485728046105,32.06806010439905,20.0,kinematic,False,0,0.0,,,,random,cycle,60,3,0.531235999915225,7.874880000031226,3049.999999999994
random-s0-0181,prm,1,0,completed,True,False,3,515,0,,36.1935459977758,0.07027873009276854,3749.9999999999914,55.78912900000432,67.21739642143724,225,0,0,0,14762.846528074817,15230.608654755568,58.67080154768271,59.50528415105115,19.323731531626294,20.0,kinematic,False,0,0.0,,,,random,event,4,3,0.058681000041360676,7.235824999952456,3749.9999999999914
random-s0-0181,visibility,1,0,completed,True,False,3,3,0,,0.04796299992904096,0.015987666643013654,2700.000000000002,3.390615000057551,796.3157126226874,135,1,0,1,14762.846528074817,14583.48555364216,59.78699147755206,59.99067471875609,-97.59354147127162,20.0,kinematic,False,0,0.0,,,,random,once,0,0,0.04796299992904096,0.018767000028674374,2700.000000000002
random-s0-0181,visibility,1,0,completed,True,False,3,464,0,,752.7070530010178,1.622213476295297,3099.999999999994,774.3519969999397,4.0033473304263145,186,1,0,1,14762.846528074817,14604.984936187873,59.19851383231753,59.72531142352755,-1.4788683103267601,20.0,kinematic,False,0,0.0,,,,random,cycle,77,5,0.19811499998922955,12.81062300006397,3099.999999999994
random-s0-0181,visibility,1,0,completed,True,False,3,450,0,,138.64990200033844,0.3081108933340854,2983.3333333333276,155.5436149999423,19.180043702433135,179,0,0,0,14762.846528074817,14610.535955722506,58.24773716624272,58.40197510152886,7.619003120925271,20.0,kinematic,False,0,0.0,,,,random,event,13,3,0.06094700006542553,13.239424000062172,2983.3333333333276
random-s0-0182,voronoi,1,0,completed,True,False,3,3,0,,4.207187000019985,1.4023956666733284,6219.999999999955,11.53504600006272,539.2262848337263,311,0,1,1,13027.455656527285,12709.640547524672,58.6272783501968,59.02351498962132,-99.05619505019004,20.0,kinematic,False,0,0.0,,,,random,once,0,0,4.207187000019985,4.135982999969201,6219.999999999955
random-s0-0182,voronoi,1,0,completed,True,False,3,370,0,,100.38183400070011,0.27130225405594627,2416.666666666663,114.78474199998345,21.053901629774202,145,0,0,0,13027.455656527285,9553.107763400523,58.74365459088384,59.318827067515514,9.684936624679722,20.0,kinematic,False,0,0.0,,,,random,cycle,22,0,4.0909750000537315,4.702108999936172,2416.666666666663
random-s0-0182,voronoi,1,0,completed,True,False,3,366,0,,14.763327000991922,0.04033695901910361,2349.9999999999964,28.29296799995973,83.05950793155887,141,0,0,0,13027.455656527285,9364.349950966181,58.53622486232314,59.318827067515514,6.461070103961305,20.0,kinematic,False,0,0.0,,,,random,event,0,0,4.167013000142106,4.09759700005452,2349.9999999999964
random-s0-0182,prm,1,0,completed,True,False,3,3,0,,6.618934000016452,2.2063113333388173,3060.0000000000023,10.30887599995367,296.8315847444236,153,0,0,0,9346.083895896238,9151.700371762847,58.59232948728276,59.02351498962132,15.198225346075617,20.0,kinematic,False,0,0.0,,,,random,once,0,0,6.618934000016452,6.573891000016374,3060.0000000000023
random-s0-0182,prm,1,0,completed,True,False,3,388,0,,346.279956999183,0.8924741159772758,2716.666666666662,364.2743650000284,7.457748685297825,163,0,0,0,9346.083895896238,9148.27506013863,58.682034645442904,59.318827067515514,1.8027130552935091,20.0,kinematic,False,0,0.0,,,,random,cycle,47,0,6.289767000112079,10.885121999990588,2716.666666666662
random-s0-0182,prm,1,0,completed,True,False,3,400,0,,12.759661000927736,0.03189915250231934,2916.666666666661,27.90104500002144,104.5361084742317,175,0,0,0,9346.083895896238,9144.768106912676,58.57508529029348,59.318827067515514,0.8850919264440336,20.0,kinematic,False,0,0.0,,,,random,event,0,0,6.069704999958958,6.0251060000382495,2916.666666666661
random-s0-0182,visibility,1,0,completed,True,False,3,3,0,,9.255263000000014,3.0850876666666713,3100.0000000000023,12.97481799997513,238.9243533131597,155,0,0,0,9210.473892065002,9033.70783749846,58.577390847260766,59.02351498962132,7.087583724899957,20.0,kinematic,False,0,0.0,,,,random,once,0,0,9.255263000000014,9.213412000008248,3100.0000000000023
random-s0-0182,visibility,1,0,completed,True,False,3,402,0,,747.7062160000969,1.859965711443027,2949.9999999999945,766.118911000035,3.850577185399695,177,0,0,0,9210.473892065002,9033.387363395655,59.09239064070049,59.76032030242897,0.957370419255227,20.0,kinematic,False,0,0.0,,,,random,cycle,76,0,8.875978999981271,14.055467000048338,2949.9999999999945
random-s0-0182,visibility,1,0,completed,True,False,3,401,0,,16.11885500074095,0.04019664588713454,2933.3333333333276,31.15704900005767,94.14669962254443,176,0,0,0,9210.473892065002,9033.239022919992,58.5819669369229,59.318827067515514,0.31214351044883415,20.0,kinematic,False,0,0.0,,,,random,event,0,0,9.06710399988242,9.024627000030705,2933.3333333333276
random-s0-0183,voronoi,1,0,completed,True,False,3,3,0,,0.09946999989551841,0.03315666663183947,2280.0000000000014,2.8659799999104507,795.539396671031,114,1,1,2,8637.259787658168,8460.995660884819,58.754708924450114,59.279669050904296,-50.293449054847116,20.0,kinematic,False,0,0.0,,,,random,once,0,0,0.09946999989551841,0.04490000003443129,2280.0000000000014
random-s0-0183,voronoi,1,0,completed,True,False,3,365,0,,32.95876800007136,0.09029799452074345,2566.6666666666624,47.12114599999495,54.46952980869645,154,0,1,1,8637.259787658168,8797.325322916462,59.03129789041043,59.63023779865796,-46.70962525457864,20.0,kinematic,False,0,0.0,,,,random,cycle,23,0,0.08255900002041017,3.9618260000224836,2566.6666666666624
random-s0-0183,voronoi,1,0,completed,True,False,3,366,0,,22.552118999897175,0.061617811475128896,2566.6666666666624,36.40103700001873,70.51081172949391,154,0,1,1,8637.259787658168,8859.713417702533,58.97972948152418,59.63023779865796,-46.70962525457864,20.0,kinematic,False,0,0.0,,,,random,event,20,0,0.08939299993926397,3.9171060000171565,2566.6666666666624
random-s0-0183,prm,1,0,completed,True,False,3,3,0,,0.04960600006143068,0.016535333353810227,2280.0000000000014,2.8939459999719475,787.8516047024037,114,1,1,2,8637.259787658168,8460.995660884819,58.754708924450114,59.279669050904296,-50.293449054847116,20.0,kinematic,False,0,0.0,,,,random,once,0,0,0.04960600006143068,0.019885000028807553,2280.0000000000014
random-s0-0183,prm,1,0,completed,True,False,3,353,0,,95.42542599842818,0.2703269858312413,2333.33333333333,110.3864879999037,21.137852789875566,140,0,0,0,8637.259787658168,8763.905498403059,58.59347986928632,58.77602136591197,2.7446255504480632,20.0,kinematic,False,0,0.0,,,,random,cycle,8,0,0.5167849999452301,6.938822000051914,2333.33333333333
random-s0-0183,prm,1,0,completed,True,False,3,356,0,,23.91211899919199,0.06716887359323592,2333.33333333333,38.98458500009383,59.85271699898085,140,0,0,0,8637.259787658168,8862.768231224138,58.93260181299516,59.777726372242775,2.7446255504480632,20.0,kinematic,False,0,0.0,,,,random,event,3,0,0.05887299994355999,6.1524890001010135,2333.33333333333
random-s0-0183,visibility,1,0,completed,True,False,3,3,0,,0.046723000082238286,0.015574333360746095,2280.0000000000014,2.8285989999403682,806.0527490987827,114,1,1,2,8637.259787658168,8460.995660884819,58.754708924450114,59.279669050904296,-50.293449054847116,20.0,kinematic,False,0,0.0,,,,random,once,0,0,0.046723000082238286,0.01808800004710065,2280.0000000000014
random-s0-0183,visibility,1,0,completed,True,False,3,366,0,,181.82859799981088,0.49679944808691495,2533.3333333333294,197.25358799996684,12.843027896322754,152,0,1,1,8637.259787658168,8485.587572960314,58.29520251512736,58.57006409536982,-164.8076384396178,20.0,kinematic,False,0,0.0,,,,random,cycle,17,9,0.1925990001154787,9.996232000048622,2533.3333333333294
random-s0-0183,visibility,1,0,completed,True,False,3,366,0,,110.3888159991584,0.30160878688294646,2533.3333333333294,124.1423990001067,20.406672931551388,152,0,1,1,8637.259787658168,8487.668681128414,58.43775648655523,58.54800055998885,-163.41508886692583,20.0,kinematic,False,0,0.0,,,,random,event,10,9,0.05869000005986891,15.384502000074463,2533.3333333333294
random-s0-0184,voronoi,1,0,completed,True,False,3,3,0,,4.059951999920486,1.3533173333068287,6839.999999999942,12.417598999945767,550.8311228305741,342,0,0,0,14813.966694875286,14463.630138346787,59.10693211369776,59.58099921949465,406.94861087044626,20.0,kinematic,False,0,0.0,,,,random,once,0,0,4.059951999920486,3.96973599993089,6839.999999999942
random-s0-0184,voronoi,1,0,completed,True,False,3,420,0,,128.16372099950968,0.30515171666549923,2599.9999999999955,144.1958740000473,18.031029098649125,156,0,0,0,14813.966694875286,13323.817616014932,59.121470564540296,59.740881267365936,178.69579592922133,20.0,kinematic,False,0,0.0,,,,random,cycle,29,0,4.0510389999326435,4.2300599999407495,2599.9999999999955
random-s0-0184,voronoi,1,0,completed,True,False,3,423,0,,24.66182900138847,0.05830219622077652,2649.9999999999955,40.00917300004403,66.23481070196276,159,0,0,0,14813.966694875286,13325.706922738833,58.90918489840317,59.30542299885036,144.5422064860398,20.0,kinematic,False,0,0.0,,,,random,event,2,0,3.9835389999325344,4.54390900006274,2649.9999999999955
random-s0-0184,prm,1,0,completed,True,False,3,3,0,,6.411726999886014,2.137242333295338,3400.0000000000027,10.55995299998358,321.97112998564387,170,0,0,0,13431.509702935356,13245.994559161358,58.50048855311624,59.45091882395073,434.5606595113934,20.0,kinematic,False,0,0.0,,,,random,once,0,0,6.411726999886014,6.370271999912802,3400.0000000000027
random-s0-0184,prm,1,0,completed,True,False,3,415,0,,219.8320140003034,0.5297156963862732,2499.999999999996,237.19968000000335,10.539643223801821,150,0,0,0,13431.509702935356,13398.172906538644,59.061164602099865,59.66440471292675,390.221757374944,20.0,kinematic,False,0,0.0,,,,random,cycle,27,0,6.792866999944636,10.714156999938496,2499.999999999996
random-s0-0184,prm,1,0,completed,True,False,3,415,0,,33.107776999486305,0.07977777590237664,2499.999999999996,49.47520200005329,50.53036468648078,150,0,0,0,13431.509702935356,13432.386273509252,59.123874564767455,59.66440471292675,301.393874787638,20.0,kinematic,False,0,0.0,,,,random,event,3,0,6.198529000130293,7.101538000028995,2499.999999999996
random-s0-0184,visibility,1,0,completed,True,False,3,3,0,,9.506607000048461,3.1688690000161537,3040.0000000000023,13.212973999998212,230.07689260573838,152,0,0,0,13323.273132813767,13146.86945680725,58.677475539684714,59.45091882395073,323.18857114233157,20.0,kinematic,False,0,0.0,,,,random,once,0,0,9.506607000048461,9.469618000025548,3040.0000000000023
random-s0-0184,visibility,1,0,completed,True,False,3,412,0,,361.1706399999548,0.8766277669901815,2449.9999999999964,378.86020199994164,6.466765279295221,147,0,0,0,13323.273132813767,13153.192779160556,58.19285034177326,58.29166364282328,412.8696767637931,20.0,kinematic,False,0,0.0,,,,random,cycle,33,0,12.473277000026428,15.927164999993693,2449.9999999999964
random-s0-0184,visibility,1,0,completed,True,False,3,412,0,,124.26202600192937,0.3016068592279839,2449.9999999999964,140.81219299998793,17.39906145769782,147,0,0,0,13323.273132813767,13156.79622525775,58.25872782403366,58.37256355509035,419.7551783844791,20.0,kinematic,False,0,0.0,,,,random,event,12,0,9.812970000098176,9.84578599991437,2449.9999999999964
random-s0-0185,voronoi,1,0,completed,True,False,3,3,0,,4.037042999812002,1.3456809999373338,6099.999999999958,11.263374999998632,541.5783457445658,305,0,0,0,18359.5625390399,17842.65987131729,59.41467948946538,59.90839366149118,201.0613554956866,20.0,kinematic,False,0,0.0,,,,random,once,0,0,4.037042999812002,3.9620939999167604,6099.999999999958
random-s0-0185,voronoi,1,0,completed,True,False,3,475,0,,272.4225340011799,0.5735211242130103,2899.9999999999945,291.1270129999366,9.961287927618816,174,0,0,0,18359.5625390399,16590.296929261847,59.518145611085544,59.90595847135005,3.220988379480559,20.0,kinematic,False,0,0.0,,,,random,cycle,66,0,3.977095999971425,4.555984000035096,2899.9999999999945
random-s0-0185,voronoi,1,0,completed,True,False,3,554,0,,25.564226998653794,0.046144814076992405,4183.333333333324,48.672813000052884,85.9480493418118,251,0,0,0,18359.5625390399,16745.44557410083,59.21907202454269,59.436549016704,15.983919312827481,20.0,kinematic,False,0,0.0,,,,random,event,1,0,4.021546999979364,3.960004000077788,4183.333333333324
random-s0-0185,prm,1,0,completed,True,False,3,3,0,,15.071342000055665,5.023780666685222,5419.999999999973,21.504681999999775,252.0381375553486,271,0,0,0,19463.067339642184,19002.715920266473,58.9174447778933,59.66289401981932,98.70822807687381,20.0,kinematic,False,0,0.0,,,,random,once,0,0,15.071342000055665,15.019050999967476,5419.999999999973
random-s0-0185,prm,1,0,completed,True,False,3,449,0,,174.30957099929856,0.38821730734810367,2899.9999999999945,193.86099600001216,14.959172086373746,174,0,0,0,19463.067339642184,16653.310556551554,58.97243461819039,59.436549016704,1.5711776949422074,20.0,kinematic,False,0,0.0,,,,random,cycle,18,0,6.611323000015545,6.822656999929677,2899.9999999999945
random-s0-0185,prm,1,0,completed,True,False,3,570,0,,16.39457000146649,0.028762403511344722,4449.999999999989,38.36350099993524,115.99566994700251,267,0,0,0,19463.067339642184,18697.908252228135,59.24342388576619,59.436549016704,4.87867182743156,20.0,kinematic,False,0,0.0,,,,random,event,0,0,6.225341999993361,6.177719999982401,4449.999999999989
random-s0-0185,visibility,1,0,completed,True,False,3,3,0,,10.807816999999886,3.6026056666666286,3200.0000000000023,14.733601999978418,217.19060960141923,160,0,0,0,16484.098770842218,16306.198192735155,59.21013441388851,59.66289401981932,3.06118721225576,20.0,kinematic,False,0,0.0,,,,random,once,0,0,10.807816999999886,10.773625000069842,3200.0000000000023
random-s0-0185,visibility,1,0,completed,True,False,3,486,0,,909.4741189987872,1.8713459238658172,3049.999999999994,932.7840579999247,3.2697814395968594,183,0,0,0,16484.098770842218,16306.384926807976,59.111875681997276,59.436549016704,0.217051475064153,20.0,kinematic,False,0,0.0,,,,random,cycle,89,0,9.504411000079926,20.11688199991113,3049.999999999994
random-s0-0185,visibility,1,0,completed,True,False,3,486,0,,19.80983900193678,0.04076098560069296,3049.999999999994,37.19778100003168,81.9941383061908,183,0,0,0,16484.098770842218,16306.384926807976,59.111875681997276,59.436549016704,0.217051475064153,20.0,kinematic,False,0,0.0,,,,random,event,0,0,11.49183699999412,11.429431000010482,3049.999999999994
random-s0-0186,voronoi,1,0,completed,True,False,3,3,0,,0.14579300000150397,0.04859766666716799,2380.000000000002,3.0235859999265813,787.1448009277041,119,0,0,0,11439.37439088455,11263.001399953067,58.79099697716138,59.37161778185352,216.9696870460716,20.0,kinematic,False,0,0.0,,,,random,once,0,0,0.14579300000150397,0.069208000013532,2380.000000000002
random-s0-0186,voronoi,1,0,completed,True,False,3,389,0,,71.2884079999867,0.18326068894598124,2549.999999999996,86.06737599995995,29.62795101364752,153,0,0,0,11439.37439088455,11522.099453187879,58.85175478629366,59.371411314058975,216.96724405869634,20.0,kinematic,False,0,0.0,,,,random,cycle,16,0,0.08077600000433449,4.103965000012977,2549.999999999996
random-s0-0186,voronoi,1,0,completed,True,False,3,389,0,,15.010976999633385,0.03858862981910896,2549.999999999996,29.246530000023085,87.1898307251487,153,0,0,0,11439.37439088455,11391.193314282447,59.14302866078672,59.371411314058975,216.96724405869634,20.0,kinematic,False,0,0.0,,,,random,event,1,0,0.08799300007922284,3.8943600000038714,2549.999999999996
random-s0-0186,prm,1,0,completed,True,False,3,3,0,,0.04855800000314048,0.016186000001046825,2380.000000000002,2.9423720000067988,808.8712100286784,119,0,0,0,11439.37439088455,11263.001399953067,58.79099697716138,59.37161778185352,216.9696870460716,20.0,kinematic,False,0,0.0,,,,random,once,0,0,0.04855800000314048,0.019070999996984028,2380.000000000002
random-s0-0186,prm,1,0,completed,True,False,3,386,0,,109.12746999861156,0.2827136528461439,2499.999999999996,125.15913000004275,19.97457157139988,150,0,0,0,11439.37439088455,11321.685732765336,58.851776591801325,59.371411314058975,216.96724405869634,20.0,kinematic,False,0,0.0,,,,random,cycle,10,0,0.559456000019054,6.598678999921503,2499.999999999996
random-s0-0186,prm,1,0,completed,True,False,3,388,0,,12.427392002337001,0.03202936083076546,2533.3333333333294,26.441232000024684,95.80995822475157,152,0,0,0,11439.37439088455,11307.172432537596,58.8601225777218,59.371411314058975,216.96724405869634,20.0,kinematic,False,0,0.0,,,,random,event,1,0,0.0572820000570573,6.349646999979086,2533.3333333333294
random-s0-0186,visibility,1,0,completed,True,False,3,3,0,,0.048651000042809756,0.016217000014269917,2380.000000000002,2.908862000026602,818.1893812694574,119,0,0,0,11439.37439088455,11263.001399953067,58.79099697716138,59.37161778185352,216.9696870460716,20.0,kinematic,False,0,0.0,,,,random,once,0,0,0.048651000042809756,0.019040999973185535,2380.000000000002
random-s0-0186,visibility,1,0,completed,True,False,3,384,0,,108.2694349997837,0.28195165364527003,2466.666666666663,123.40780700003506,19.987930477250618,148,0,0,0,11439.37439088455,11264.260867284254,59.104946210057626,59.371411314058975,216.96724405869634,20.0,kinematic,False,0,0.0,,,,random,cycle,9,0,0.23750599996219535,10.01173400004518,2466.666666666663
random-s0-0186,visibility,1,0,completed,True,False,3,384,0,,35.790051000958556,0.09320325781499623,2466.666666666663,49.38715399998728,49.94551147181509,148,0,0,0,11439.37439088455,11265.35832485777,59.204232222916495,59.371411314058975,216.96724405869634,20.0,kinematic,False,0,0.0,,,,random,event,3,0,0.05718399995657819,10.11871200000769,2466.666666666663
random-s0-0187,voronoi,1,0,completed,True,False,3,3,0,,7.829879000041728,2.609959666680576,7859.99999999992,16.69998099998793,470.6592181156135,393,0,0,0,17835.92061378766,17294.08512174913,57.99096083277326,58.4112734324726,21.90505634126123,20.0,kinematic,False,0,0.0,,,,random,once,0,0,7.829879000041728,4.0105369999992035,7859.99999999992
random-s0-0187,voronoi,1,0,completed,True,False,3,433,0,,75.2041219992634,0.17368157505603557,2866.6666666666615,91.53527199998734,31.31761783225004,172,0,0,0,17835.92061378766,15346.06623930493,58.6595815665255,59.279905740097135,1.0019920180602924,20.0,kinematic,False,0,0.0,,,,random,cycle,15,0,7.65543800002888,3.8843300000053205,2866.6666666666615
random-s0-0187,voronoi,1,0,completed,True,False,3,433,0,,23.988190999148173,0.05539997921281333,2866.6666666666615,39.81870600000548,71.99296397693756,172,0,0,0,17835.92061378766,15346.670914654002,59.06341061282844,59.353346173608976,1.0019920180602924,20.0,kinematic,False,0,0.0,,,,random,event,1,0,7.775798000011491,3.9601780000566578,2866.6666666666615
random-s0-0187,prm,1,0,completed,True,False,3,3,0,,12.186664999944696,4.062221666648232,3900.000000000003,16.853905999937524,231.40036499636702,195,0,0,0,16076.454087930155,15841.641575582933,58.687859949941135,59.70624348814958,101.24398967585523,20.0,kinematic,False,0,0.0,,,,random,once,0,0,12.186664999944696,6.086815999992723,3900.000000000003
random-s0-0187,prm,1,0,completed,True,False,3,455,0,,421.6860789997554,0.9267825912082537,2849.9999999999945,441.5293810000094,6.454836580852439,171,0,0,0,16076.454087930155,15519.947513644183,59.379220422690715,59.57682155928975,0.09288876579225303,20.0,kinematic,False,0,0.0,,,,random,cycle,60,0,12.384222000150658,6.431628999962413,2849.9999999999945
random-s0-0187,prm,1,0,completed,True,False,3,455,0,,19.335391999106832,0.042495367031004025,2849.9999999999945,35.521724000091126,80.23259231428867,171,0,0,0,16076.454087930155,15519.947513644183,59.379220422690715,59.57682155928975,0.09288876579225303,20.0,kinematic,False,0,0.0,,,,random,event,0,0,12.086282999916875,6.081504000007953,2849.9999999999945
random-s0-0187,visibility,1,0,completed,True,False,3,3,0,,19.861169999899175,6.620389999966392,3720.0000000000027,24.289830000043366,153.15051607991333,186,0,0,0,15405.837423415274,15229.057866174133,58.8812156878901,59.32186848118034,6.003557143769569,20.0,kinematic,False,0,0.0,,,,random,once,0,0,19.861169999899175,9.974891999945612,3720.0000000000027
random-s0-0187,visibility,1,0,completed,True,False,3,439,0,,1091.863375999992,2.4871603097949704,2866.6666666666615,1111.0579879999705,2.5801233577618974,172,0,0,0,15405.837423415274,15230.881574986515,58.51024842658936,58.70902810178429,0.2698814720296525,20.0,kinematic,False,0,0.0,,,,random,cycle,110,0,19.732494999971095,11.007771999970828,2866.6666666666615
random-s0-0187,visibility,1,0,completed,True,False,3,440,0,,36.8910400011373,0.08384327272985749,2866.6666666666615,52.51713200004815,54.58536209981979,172,0,0,0,15405.837423415274,15229.548544007997,58.60803292772652,58.924540360734255,0.2698814720296525,20.0,kinematic,False,0,0.0,,,,random,event,1,0,19.73595800006933,9.895343000039247,2866.6666666666615
random-s0-0188,voronoi,1,0,completed,True,False,3,3,0,,0.1035229997796705,0.0345076665932235,2660.000000000002,3.267091999987315,814.1797047681332,133,0,0,0,12696.412611118878,12521.051457011574,58.45371803576651,59.741169071699126,26.937734976750363,20.0,kinematic,False,0,0.0,,,,random,once,0,0,0.1035229997796705,0.0476659998867035,2660.000000000002
random-s0-0188,voronoi,1,0,completed,True,False,3,393,0,,10.561181999605651,0.026873236640217943,2666.666666666662,25.184494999962226,105.88525466445373,160,0,0,0,12696.412611118878,12517.603828313651,59.60292760174112,59.871300383807146,29.94377717744868,20.0,kinematic,False,0,0.0,,,,random,cycle,0,0,0.08174800007054728,0.07239900003241928,2666.666666666662
random-s0-0188,voronoi,1,0,completed,True,False,3,393,0,,11.131481001029897,0.028324379137480656,2666.666666666662,25.527219999958106,104.4636535694462,160,0,0,0,12696.412611118878,12517.603828313651,59.60292760174112,59.871300383807146,29.94377717744868,20.0,kinematic,False,0,0.0,,,,random,event,0,0,0.08806000005279202,0.06491899989669037,2666.666666666662
random-s0-0188,prm,1,0,completed,True,False,3,3,0,,0.04879799985246791,0.016265999950822636,2660.000000000002,3.2510450000700075,818.198456171084,133,0,0,0,12696.412611118878,12521.051457011574,58.45371803576651,59.741169071699126,26.937734976750363,20.0,kinematic,False,0,0.0,,,,random,once,0,0,0.04879799985246791,0.019645999941531045,2660.000000000002
random-s0-0188,prm,1,0,completed,True,False,3,393,0,,49.49534200113703,0.12594234605887286,2666.666666666662,66.00491899996541,40.401029303104806,160,0,0,0,12696.412611118878,12517.603828313651,59.60292760174112,59.871300383807146,29.94377717744868,20.0,kinematic,False,0,0.0,,,,random,cycle,0,0,0.5580929998814099,0.2948819999346597,2666.666666666662
random-s0-0188,prm,1,0,completed,True,False,3,393,0,,6.166696998889165,0.015691340964094566,2666.666666666662,20.220850999976392,131.87707414835188,160,0,0,0,12696.412611118878,12517.603828313651,59.60292760174112,59.871300383807146,29.94377717744868,20.0,kinematic,False,0,0.0,,,,random,event,0,0,0.060576999885597616,0.04738000006909715,2666.666666666662
random-s0-0188,visibility,1,0,completed,True,False,3,3,0,,0.0468010000531649,0.015600333351054966,2660.000000000002,3.217748999986725,826.664851736719,133,0,0,0,12696.412611118878,12521.051457011574,58.45371803576651,59.741169071699126,26.937734976750363,20.0,kinematic,False,0,0.0,,,,random,once,0,0,0.0468010000531649,0.01815699999951903,2660.000000000002
random-s0-0188,visibility,1,0,completed,True,False,3,393,0,,20.977195000341453,0.053377086514863746,2666.666666666662,36.46532599998409,73.12883111665656,160,0,0,0,12696.412611118878,12517.603828313651,59.60292760174112,59.871300383807146,29.94377717744868,20.0,kinematic,False,0,0.0,,,,random,cycle,0,0,0.19108300000425515,0.09787800001959113,2666.666666666662
random-s0-0188,visibility,1,0,completed,True,False,3,393,0,,6.701139999904626,0.01705124681909574,2666.666666666662,21.78260499999851,122.42184379080666,160,0,0,0,12696.412611118878,12517.603828313651,59.60292760174112,59.871300383807146,29.94377717744868,20.0,kinematic,False,0,0.0,,,,random,event,0,0,0.058536999972602644,0.08139600004142267,2666.666666666662
random-s0-0189,voronoi,1,0,completed,True,False,3,3,0,,7.977181999990535,2.6590606666635117,4859.9999999999845,13.705737000009321,354.59603522208835,243,0,0,0,12975.662936773717,12532.370221647847,59.00123382016255,59.48386252753075,255.9795637412377,20.0,kinematic,False,0,0.0,,,,random,once,0,0,7.977181999990535,4.002688000014132,4859.9999999999845
random-s0-0189,voronoi,1,0,completed,True,False,3,380,0,,48.04325900101958,0.12642962895005153,2199.9999999999973,61.90133199993397,35.54043069707036,132,0,0,0,12975.662936773717,11068.72875906312,58.55493586425009,59.53656657354308,30.098018944634248,20.0,kinematic,False,0,0.0,,,,random,cycle,3,5,7.810101999893959,3.9309819999289175,2199.9999999999973
random-s0-0189,voronoi,1,0,completed,True,False,3,379,0,,37.189430999660544,0.09812514775636028,2199.9999999999973,50.69137700002102,43.39988633567964,132,0,0,0,12975.662936773717,11064.576271635688,59.197606499272325,59.9821787700711,30.028324064813006,20.0,kinematic,False,0,0.0,,,,random,event,0,5,7.993787000145858,4.027519000032953,2199.9999999999973
random-s0-0189,prm,1,0,completed,True,False,3,3,0,,12.96267199995782,4.320890666652606,3980.000000000003,17.835580999985723,223.14944492154135,199,1,0,1,13251.254342742024,12771.782392930803,58.8410695157321,59.304372438627674,-10.62632946849348,20.0,kinematic,False,0,0.0,,,,random,once,0,0,12.96267199995782,6.725442999936604,3980.000000000003
random-s0-0189,prm,1,0,completed,True,False,3,394,0,,198.5663289991635,0.5039754543125977,2266.6666666666633,214.9711860000707,10.544048757613115,136,0,0,0,13251.254342742024,11092.512997439684,59.222976074634126,59.53656657354308,41.90593376806646,20.0,kinematic,False,0,0.0,,,,random,cycle,22,37,13.116760000002614,6.982760000028065,2266.6666666666633
random-s0-0189,prm,1,0,completed,True,False,3,439,0,,28.26889499965546,0.06439383826800787,2699.9999999999955,43.937684999946214,61.4506658692487,162,0,0,0,13251.254342742024,11219.309122526132,59.464801131439856,59.840872601614464,9.476707197343131,20.0,kinematic,False,0,0.0,,,,random,event,1,37,13.041324000027998,6.532853000067007,2699.9999999999955
random-s0-0189,visibility,1,0,completed,True,False,3,3,0,,19.148168000015175,6.382722666671725,3040.0000000000023,22.78579300002548,133.41646700628777,152,0,0,0,11199.9913894698,11023.540698696304,58.28677085521837,58.77421588961759,26.292560919366963,20.0,kinematic,False,0,0.0,,,,random,once,0,0,19.148168000015175,9.70316300004015,3040.0000000000023
random-s0-0189,visibility,1,0,completed,True,False,3,398,0,,333.1551989980426,0.8370733643166899,2266.6666666666633,349.13651200008644,6.4922074568531585,136,0,0,0,11199.9913894698,11014.658485157977,59.02791112016646,59.53656657354308,19.939661349142625,20.0,kinematic,False,0,0.0,,,,random,cycle,30,37,19.220026999960282,13.375677999988511,2266.6666666666633
random-s0-0189,visibility,1,0,completed,True,False,3,390,0,,26.794562999384652,0.06870400769072987,2199.9999999999973,40.281896999999844,54.61510414963838,132,0,0,0,11199.9913894698,11012.588977320524,59.81178372308898,59.99565587799637,7.682695747630817,20.0,kinematic,False,0,0.0,,,,random,event,0,37,19.066632000090067,9.55191500008823,2199.9999999999973
random-s0-0190,voronoi,1,0,completed,True,False,3,3,0,,4.084467000097902,1.361489000032634,6999.999999999939,12.171274999900561,575.1246274574462,350,0,0,0,14213.700621619955,13884.989075019472,58.81340268165106,59.80222261835362,288.1086905601635,20.0,kinematic,False,0,0.0,,,,random,once,0,0,4.084467000097902,4.009079000070415,6999.999999999939
random-s0-0190,voronoi,1,0,completed,True,False,3,402,0,,102.79241400075989,0.25570252238995,2549.999999999996,118.12613000006422,21.587095082168606,153,0,0,0,14213.700621619955,12228.43297485722,58.97751990660894,59.54590330853376,1.6305145897233615,20.0,kinematic,False,0,0.0,,,,random,cycle,23,0,4.029106000075444,4.132088999995176,2549.999999999996
random-s0-0190,voronoi,1,0,completed,True,False,3,430,0,,16.48780299876762,0.038343727904110746,3016.666666666661,32.629129999918405,92.45317502103809,181,0,0,0,14213.700621619955,12416.631927214145,59.37309528410029,59.54590330853376,1.128289502418795,20.0,kinematic,False,0,0.0,,,,random,event,0,0,4.047350999940136,3.9838779999854523,3016.666666666661
random-s0-0190,prm,1,0,completed,True,False,3,3,0,,6.778437000093618,2.259479000031206,4299.999999999996,11.921658000005664,360.6880854993453,215,0,1,1,13274.209253122888,12915.3467015329,58.99312088024066,59.80222261835362,-105.37558444161579,20.0,kinematic,False,0,0.0,,,,random,once,0,0,6.778437000093618,6.742821999978332,4299.999999999996
random-s0-0190,prm,1,0,completed,True,False,3,437,0,,351.9414189992176,0.8053579382133126,3133.333333333327,371.79171800005406,8.427657695518842,188,0,0,0,13274.209253122888,12858.387073188711,59.02892564170667,59.54590330853376,50.664289372702285,20.0,kinematic,False,0,0.0,,,,random,cycle,49,0,6.642936000048394,6.409612999959791,3133.333333333327
random-s0-0190,prm,1,0,completed,True,False,3,448,0,,19.690057000616434,0.04395102009066169,3316.6666666666597,36.3460749999831,91.25240254052746,199,0,0,0,13274.209253122888,12911.112058950152,59.03104826512233,59.54590330853376,71.65594814990448,20.0,kinematic,False,0,0.0,,,,random,event,1,0,6.2985680001474975,6.25584500005516,3316.6666666666597
random-s0-0190,visibility,1,0,completed,True,False,3,3,0,,9.603486000060002,3.2011620000200005,4000.0000000000027,14.341066000042701,278.9192937253125,200,0,0,0,11946.143326600242,11766.06432185859,59.413238595199594,59.80222261835362,10.908242810807366,20.0,kinematic,False,0,0.0,,,,random,once,0,0,9.603486000060002,9.569069000008312,4000.0000000000027
random-s0-0190,visibility,1,0,completed,True,False,3,425,0,,731.2358050006651,1.7205548352956825,2933.3333333333276,749.3255849999514,3.914631225802223,176,0,0,0,11946.143326600242,11762.650757679592,59.13238243942724,59.54590330853376,0.5159347939792269,20.0,kinematic,False,0,0.0,,,,random,cycle,74,0,9.449842999970315,9.793446000003314,2933.3333333333276
random-s0-0190,visibility,1,0,completed,True,False,3,474,0,,18.194326999605437,0.038384656117311046,3749.9999999999914,36.189214999922115,103.6220321443298,225,0,0,0,11946.143326600242,11766.588063509436,59.05461957470829,59.54590330853376,0.5565935799957344,20.0,kinematic,False,0,0.0,,,,random,event,0,0,9.656061999976373,9.610980000047675,3749.9999999999914
random-s0-0191,voronoi,1,0,completed,True,False,3,3,0,,0.10428000007323135,0.03476000002441045,2220.0000000000014,2.8660760000320806,774.5782037793667,111,1,0,1,11045.528684458695,10869.15377952379,58.79163497830287,59.81029321390568,-136.38314605368194,20.0,kinematic,False,0,0.0,,,,random,once,0,0,0.10428000007323135,0.0467799999341878,2220.0000000000014
random-s0-0191,voronoi,1,0,completed,True,False,3,392,0,,106.99429700048313,0.2729446352053141,2366.6666666666633,121.39992499999153,19.494795129954394,142,0,0,0,11045.528684458695,11413.503871815943,58.294319172433426,58.60624198948975,24.949611143023247,20.0,kinematic,False,0,0.0,,,,random,cycle,24,1,0.08015799994609552,4.0340000000469445,2366.6666666666633
random-s0-0191,voronoi,1,0,completed,True,False,3,395,0,,19.461323001223718,0.04926917215499675,2316.6666666666633,33.55123799997273,69.04861950752894,139,0,0,0,11045.528684458695,11318.319462765854,58.04795169443586,58.101737914108895,30.713486384027988,20.0,kinematic,False,0,0.0,,,,random,event,2,0,0.09382300015658984,4.075328999988415,2316.6666666666633
random-s0-0191,prm,1,0,completed,True,False,3,3,0,,0.049451999984739814,0.016483999994913272,2220.0000000000014,2.816577999965375,788.1904921600938,111,1,0,1,11045.528684458695,10869.15377952379,58.79163497830287,59.81029321390568,-136.38314605368194,20.0,kinematic,False,0,0.0,,,,random,once,0,0,0.049451999984739814,0.019598999983827525,2220.0000000000014
random-s0-0191,prm,1,0,completed,True,False,3,426,0,,460.8156240003609,1.0817268169022556,3133.333333333327,480.94039000000066,6.515013915411269,188,0,0,0,11045.528684458695,11799.749058810301,58.75761147096254,59.95847452920792,0.3576900629057036,20.0,kinematic,False,0,0.0,,,,random,cycle,70,5,0.5658060000541809,7.147488999976304,3133.333333333327
random-s0-0191,prm,1,0,completed,True,False,3,496,0,,26.623193001910295,0.05367579234256108,4049.999999999991,45.93934199999694,88.15973028086168,243,0,0,0,11045.528684458695,14753.54588441961,58.387204748098135,59.02032872165635,0.7270387236472118,20.0,kinematic,False,0,0.0,,,,random,event,3,0,0.058192999972561665,6.039757000053214,4049.999999999991
random-s0-0191,visibility,1,0,completed,True,False,3,3,0,,0.04773200009822176,0.015910666699407255,2220.0000000000014,2.8296279999722174,784.5554256678964,111,1,0,1,11045.528684458695,10869.15377952379,58.79163497830287,59.81029321390568,-136.38314605368194,20.0,kinematic,False,0,0.0,,,,random,once,0,0,0.04773200009822176,0.017958000057660684,2220.0000000000014
random-s0-0191,visibility,1,0,completed,True,False,3,390,0,,184.77305500096008,0.47377706410502585,2433.3333333333294,200.43228700001237,12.140425925156356,146,0,0,0,11045.528684458695,10880.460667316423,58.740903611298,59.25564529208815,45.48847516980621,20.0,kinematic,False,0,0.0,,,,random,cycle,19,5,0.2035639998894112,9.045616000094014,2433.3333333333294
random-s0-0191,visibility,1,0,completed,True,False,3,399,0,,50.21482299946456,0.12585168671545002,2549.999999999996,64.45737900003223,39.561025278404834,153,0,0,0,11045.528684458695,10885.717955470305,58.625660469367,59.455797045494485,42.461397353543816,20.0,kinematic,False,0,0.0,,,,random,event,5,0,0.05854099993030104,8.844551000038336,2549.999999999996
random-s0-0192,voronoi,1,0,completed,True,False,3,3,0,,0.10064599996439938,0.033548666654799796,2340.000000000002,2.9728470000236484,787.1242616863187,117,0,0,0,12039.425588764741,11863.053120315637,58.790822816368056,59.87663532694519,217.8201101000302,20.0,kinematic,False,0,0.0,,,,random,once,0,0,0.10064599996439938,0.04593899996052642,2340.000000000002
random-s0-0192,voronoi,1,0,completed,True,False,3,385,0,,10.357870000120784,0.026903558441872165,2333.33333333333,24.275102999922638,96.1204297811122,140,0,0,0,12039.425588764741,11860.384371160657,59.68040586802854,59.872405956315205,217.8201101000302,20.0,kinematic,False,0,0.0,,,,random,cycle,0,0,0.08594799987804436,0.078561999998783,2333.33333333333
random-s0-0192,voronoi,1,0,completed,True,False,3,385,0,,10.984806999545071,0.0285319662325846,2333.33333333333,24.651413000015054,94.65312732101421,140,0,0,0,12039.425588764741,11860.384371160657,59.68040586802854,59.872405956315205,217.8201101000302,20.0,kinematic,False,0,0.0,,,,random,event,0,0,0.11033200007659616,0.08510700001806981,2333.33333333333
random-s0-0192,prm,1,0,completed,True,False,3,3,0,,0.048639000056027726,0.01621300001867591,2340.000000000002,2.9521789999762404,792.6348639492505,117,0,0,0,12039.425588764741,11863.053120315637,58.790822816368056,59.87663532694519,217.8201101000302,20.0,kinematic,False,0,0.0,,,,random,once,0,0,0.048639000056027726,0.01943500001289067,2340.000000000002
random-s0-0192,prm,1,0,completed,True,False,3,385,0,,48.79342999959135,0.1267361818171204,2333.33333333333,64.66083800000888,36.085726778440595,140,0,0,0,12039.425588764741,11860.384371160657,59.68040586802854,59.872405956315205,217.8201101000302,20.0,kinematic,False,0,0.0,,,,random,cycle,0,0,0.5701219999991736,0.2628879999519995,2333.33333333333
random-s0-0192,prm,1,0,completed,True,False,3,385,0,,6.066657001724707,0.01575755065383041,2333.33333333333,19.346430000041437,120.60795368077378,140,0,0,0,12039.425588764741,11860.384371160657,59.68040586802854,59.872405956315205,217.8201101000302,20.0,kinematic,False,0,0.0,,,,random,event,0,0,0.059996000004503,0.04569800000808755,2333.33333333333
random-s0-0192,visibility,1,0,completed,True,False,3,3,0,,0.050519999831522,0.016839999943840667,2340.000000000002,2.9231859999754306,800.4964446394001,117,0,0,0,12039.425588764741,11863.053120315637,58.790822816368056,59.87663532694519,217.8201101000302,20.0,kinematic,False,0,0.0,,,,random,once,0,0,0.050519999831522,0.022097999931247614,2340.000000000002
random-s0-0192,visibility,1,0,completed,True,False,3,385,0,,20.32360999953653,0.052788597401393585,2333.33333333333,35.30425799999648,66.09212218349306,140,0,0,0,12039.425588764741,11860.384371160657,59.68040586802854,59.872405956315205,217.8201101000302,20.0,kinematic,False,0,0.0,,,,random,cycle,0,0,0.19692900002610259,0.08976000003713125,2333.33333333333
random-s0-0192,visibility,1,0,completed,True,False,3,385,0,,5.9639820000256805,0.01549086233772904,2333.33333333333,19.319065999980012,120.77878575163747,140,0,0,0,12039.425588764741,11860.384371160657,59.68040586802854,59.872405956315205,217.8201101000302,20.0,kinematic,False,0,0.0,,,,random,event,0,0,0.05741499990108423,0.044367999976202555,2333.33333333333
random-s0-0193,voronoi,1,0,completed,True,False,3,3,0,,4.172658000129559,1.3908860000431862,8659.999999999904,14.008042000000387,618.2163074610759,433,0,0,0,16511.02769423183,15833.357001500379,58.71099284242496,59.217715953387234,107.06140921617373,20.0,kinematic,False,0,0.0,,,,random,once,0,0,4.172658000129559,4.105614000081914,8659.999999999904
random-s0-0193,voronoi,1,0,completed,True,False,3,410,0,,91.48072199980106,0.22312371219463673,2616.6666666666624,106.8656129999681,24.48558140650392,157,0,0,0,16511.02769423183,12725.651267810366,58.53029438280405,59.171151750573856,17.944396769433126,20.0,kinematic,False,0,0.0,,,,random,cycle,19,1,4.081892999920456,4.021892999958254,2616.6666666666624
random-s0-0193,voronoi,1,0,completed,True,False,3,403,0,,19.31129300135126,0.04791884119442,2499.999999999996,33.81209999997736,73.9380281024151,150,0,0,0,16511.02769423183,12715.077079777146,58.55536926058911,59.24637638392904,11.9856502864655,20.0,kinematic,False,0,0.0,,,,random,event,1,0,4.058948000078999,3.997260999994978,2499.999999999996
random-s0-0193,prm,1,0,planning_failed,False,False,3,3,1,B0,0.19423299988829967,0.0647443332960999,2120.0000000000014,2.8591320000259657,741.4837789863316,106,0,0,0,7598.248181456845,7481.332918882952,1703.4642247193078,4993.4774115840355,127.21364999952186,20.0,kinematic,False,0,0.0,,,,random,once,0,0,0.19423299988829967,0.16176099995846016,
random-s0-0193,prm,1,0,planning_failed,False,False,3,254,1,B0,32.50328799936142,0.12796570078488748,2133.3333333333308,44.05835800002933,48.42062732641808,128,0,0,0,7598.248181456845,7481.828450059005,1703.2990476606246,4993.4774115840355,128.28029898188902,20.0,kinematic,False,0,0.0,,,,random,cycle,0,0,0.3507229999968331,0.225215999989814,
random-s0-0193,prm,1,0,planning_failed,False,False,3,254,1,B0,4.004887999258244,0.015767275587630882,2133.3333333333308,13.757373999965239,155.0683534036889,128,0,0,0,7598.248181456845,7481.828450059005,1703.2990476606246,4993.4774115840355,128.28029898188902,20.0,kinematic,False,0,0.0,,,,random,event,0,0,0.11311299999761104,0.08033599999635044,
random-s0-0193,visibility,1,0,planning_failed,False,False,3,3,1,B0,0.12298600017857098,0.04099533339285699,2120.0000000000014,2.722622999954183,778.6608722675439,106,0,0,0,7598.248181456845,7481.332918882952,1703.4642247193078,4993.4774115840355,127.21364999952186,20.0,kinematic,False,0,0.0,,,,random,once,0,0,0.12298600017857098,0.09200300007705664,
random-s0-0193,visibility,1,0,planning_failed,False,False,3,254,1,B0,13.289416000361598,0.05232053543449448,2133.3333333333308,24.342099999898892,87.63965858911892,128,0,0,0,7598.248181456845,7481.828450059005,1703.2990476606246,4993.4774115840355,128.28029898188902,20.0,kinematic,False,0,0.0,,,,random,cycle,0,0,0.1677169999538819,0.07859499999085529,
random-s0-0193,visibility,1,0,planning_failed,False,False,3,254,1,B0,4.045347000101174,0.015926562992524308,2133.3333333333308,13.765270000021701,154.9794034791884,128,0,0,0,7598.248181456845,7481.828450059005,1703.2990476606246,4993.4774115840355,128.28029898188902,20.0,kinematic,False,0,0.0,,,,random,event,0,0,0.09765000004335889,0.06556800008183927,
random-s0-0194,voronoi,1,0,completed,True,False,3,3,0,,0.12492899998051143,0.041642999993503814,2560.000000000002,3.2155339999917487,796.1352608949466,128,0,0,0,12693.4245578829,12518.1627829148,58.42059165603526,58.87150159497092,20.216498361619387,20.0,kinematic,False,0,0.0,,,,random,once,0,0,0.12492899998051143,0.06937299997389346,2560.000000000002
random-s0-0194,voronoi,1,0,completed,True,False,3,396,0,,26.925728001742755,0.06799426263066352,2566.6666666666624,41.70505599995522,61.54329745221822,154,0,0,0,12693.4245578829,12583.299114190377,58.95116591714808,59.8604066020225,20.21649836161933,20.0,kinematic,False,0,0.0,,,,random,cycle,4,0,0.08042699994348368,4.423678000080145,2566.6666666666624
random-s0-0194,voronoi,1,0,completed,True,False,3,397,0,,15.457311000432128,0.03893529219252425,2566.6666666666624,30.033645000003162,85.45971248799113,154,0,0,0,12693.4245578829,12591.25050975327,58.34470078284941,58.83203963416545,20.21649836161933,20.0,kinematic,False,0,0.0,,,,random,event,1,0,0.12049500003286084,4.007376000004115,2566.6666666666624
random-s0-0194,prm,1,0,completed,True,False,3,3,0,,0.05115400006161508,0.017051333353871694,2560.000000000002,3.1683729999940624,807.9856759304537,128,0,0,0,12693.4245578829,12518.1627829148,58.42059165603526,58.87150159497092,20.216498361619387,20.0,kinematic,False,0,0.0,,,,random,once,0,0,0.05115400006161508,0.020575999997163308,2560.000000000002
random-s0-0194,prm,1,0,completed,True,False,3,396,0,,78.36501099927773,0.197891441917368,2566.6666666666624,95.06190100000822,26.99995097580092,154,0,0,0,12693.4245578829,12555.285231865219,58.51762013957765,58.83203963416545,20.21649836161933,20.0,kinematic,False,0,0.0,,,,random,cycle,5,0,0.5393949999188408,6.158426000069994,2566.6666666666624
random-s0-0194,prm,1,0,completed,True,False,3,396,0,,18.474855001272772,0.046653674245638314,2566.6666666666624,32.44250199998078,79.11432560497903,154,0,0,0,12693.4245578829,12555.285231865219,58.51762013957765,58.83203963416545,20.21649836161933,20.0,kinematic,False,0,0.0,,,,random,event,2,0,0.05828600001223094,6.14739799993913,2566.6666666666624
random-s0-0194,visibility,1,0,completed,True,False,3,3,0,,0.04795199993168353,0.015983999977227843,2560.000000000002,3.1452660000468313,813.9216206075686,128,0,0,0,12693.4245578829,12518.1627829148,58.42059165603526,58.87150159497092,20.216498361619387,20.0,kinematic,False,0,0.0,,,,random,once,0,0,0.04795199993168353,0.018809000039254897,2560.000000000002
random-s0-0194,visibility,1,0,completed,True,False,3,396,0,,64.62888199871486,0.16320424747150217,2566.6666666666624,80.44093000000885,31.90747131673366,154,0,0,0,12693.4245578829,12517.61102173448,58.88027389095969,59.64773052345731,20.21649836161933,20.0,kinematic,False,0,0.0,,,,random,cycle,5,0,0.19879799981481483,8.839041999976871,2566.6666666666624
random-s0-0194,visibility,1,0,completed,True,False,3,396,0,,32.677495000598356,0.08251892676918776,2566.6666666666624,46.81236400006128,54.82881972513293,154,0,0,0,12693.4245578829,12518.31217683756,58.89159676986778,59.68169916018157,20.21649836161933,20.0,kinematic,False,0,0.0,,,,random,event,3,0,0.05889099998057645,8.992053000042688,2566.6666666666624
random-s0-0195,voronoi,1,0,completed,True,False,3,3,0,,3.9937249999866253,1.3312416666622084,6139.999999999957,10.99246800004039,558.5642823774785,307,0,0,0,12234.693839812317,11770.460559340327,58.31604344547075,58.52266480457543,428.57907321961216,20.0,kinematic,False,0,0.0,,,,random,once,0,0,3.9937249999866253,3.909189000069091,6139.999999999957
random-s0-0195,voronoi,1,0,completed,True,False,3,369,0,,69.84167099960814,0.18927282113714944,2516.6666666666624,84.05740700004571,29.939856063669602,151,0,0,0,12234.693839812317,9828.279928540676,59.63731077599832,59.855533925704606,20.208333307354167,20.0,kinematic,False,0,0.0,,,,random,cycle,15,0,3.8925029999745675,3.8667669999767895,2516.6666666666624
random-s0-0195,voronoi,1,0,completed,True,False,3,380,0,,14.661117999821727,0.03858188947321507,2699.9999999999955,29.132170000025326,92.68104641699016,162,0,0,0,12234.693839812317,9848.866281214734,59.523845986978245,59.855533925704606,4.082398880293994,20.0,kinematic,False,0,0.0,,,,random,event,0,0,3.9342550001038035,3.86479100006909,2699.9999999999955
random-s0-0195,prm,1,0,completed,True,False,3,3,0,,5.7109509999691,1.9036503333230332,3600.0000000000027,9.95972000009715,361.4559445411003,180,0,0,0,11196.025646161166,10927.365044831085,58.42994944747853,58.52266480457543,403.0263451034201,20.0,kinematic,False,0,0.0,,,,random,once,0,0,5.7109509999691,5.666406000045754,3600.0000000000027
random-s0-0195,prm,1,0,completed,True,False,3,359,0,,77.81040899976688,0.21674208635032557,2349.9999999999964,92.94035499999609,25.285033611073416,141,0,0,0,11196.025646161166,9729.95297353933,59.31495915816302,59.855533925704606,16.10881497860055,20.0,kinematic,False,0,0.0,,,,random,cycle,5,0,6.255066999869996,5.905432999952609,2349.9999999999964
random-s0-0195,prm,1,0,completed,True,False,3,359,0,,11.56841900035488,0.03222400835753448,2349.9999999999964,24.416930999905162,96.24469184964826,141,0,0,0,11196.025646161166,9729.95297353933,59.31495915816302,59.855533925704606,16.10881497860055,20.0,kinematic,False,0,0.0,,,,random,event,0,0,5.943719000015335,5.887955999924088,2349.9999999999964
random-s0-0195,visibility,1,0,completed,True,False,3,3,0,,9.785622999970656,3.261874333323552,3200.0000000000023,13.604796999970858,235.2111538310242,160,0,1,1,9782.30902614685,9604.408736723564,58.92595002872728,59.96223996582424,-3.9118556194200096,20.0,kinematic,False,0,0.0,,,,random,once,0,0,9.785622999970656,9.742383999991944,3200.0000000000023
random-s0-0195,visibility,1,0,completed,True,False,3,411,0,,655.7032100006381,1.595384939174302,3216.66666666666,676.5142309999419,4.75476570819829,193,0,1,1,9782.30902614685,9602.99729339514,59.396145317822096,59.855533925704606,-1.546544168573348,20.0,kinematic,False,0,0.0,,,,random,cycle,66,1,9.724998000024243,9.652393999999731,3216.66666666666
random-s0-0195,visibility,1,0,completed,True,False,3,411,0,,39.011178999658114,0.09491771046145527,3216.66666666666,54.67140799999015,58.83636043665163,193,0,1,1,9782.30902614685,9602.99729339514,59.396145317822096,59.855533925704606,-1.546544168573348,20.0,kinematic,False,0,0.0,,,,random,event,2,1,12.968124999929387,12.894862999928591,3216.66666666666
random-s0-0196,voronoi,1,0,completed,True,False,3,3,0,,0.10380599985637673,0.034601999952125574,2260.0000000000014,2.923387000009825,773.0758876578454,113,1,0,1,11465.109700536861,11288.161832242258,58.9826227648682,59.66929912581395,-90.55878614085856,20.0,kinematic,False,0,0.0,,,,random,once,0,0,0.10380599985637673,0.04752199993163231,2260.0000000000014
random-s0-0196,voronoi,1,0,completed,True,False,3,421,0,,202.8557300001239,0.4818425890739285,2833.333333333328,219.37935500000094,12.915223191048748,170,0,0,0,11465.109700536861,12216.514397066065,58.44394995451071,58.59076238455733,121.727013389511,20.0,kinematic,False,0,0.0,,,,random,cycle,50,0,0.08245099991199822,5.105538999941928,2833.333333333328
random-s0-0196,voronoi,1,0,completed,True,False,3,495,0,,23.133538999331904,0.04673442222087253,3216.66666666666,41.318894000028195,77.84977658560912,193,0,0,0,11465.109700536861,12879.466741019416,58.960815162240486,59.62816270888783,85.7444184376489,20.0,kinematic,False,0,0.0,,,,random,event,2,0,0.09235099992110918,4.050085000017134,3216.66666666666
random-s0-0196,prm,1,0,completed,True,False,3,3,0,,0.05172999988189986,0.017243333293966618,2260.0000000000014,2.8358670000443453,796.9344119328097,113,1,0,1,11465.109700536861,11288.161832242258,58.9826227648682,59.66929912581395,-90.55878614085856,20.0,kinematic,False,0,0.0,,,,random,once,0,0,0.05172999988189986,0.021117999949638033,2260.0000000000014
random-s0-0196,prm,1,0,completed,True,False,3,421,0,,373.0937969982051,0.8862085439387295,2883.333333333328,392.03449699994053,7.354794936155237,173,0,0,0,11465.109700536861,11977.979781486534,58.94440345308135,59.92063343838345,80.56240670405862,20.0,kinematic,False,0,0.0,,,,random,cycle,53,0,0.5475819999674059,6.711447000043336,2883.333333333328
random-s0-0196,prm,1,0,completed,True,False,3,423,0,,26.058153000008133,0.06160319858157951,2883.333333333328,41.58429599999636,69.33707218065157,173,0,0,0,11465.109700536861,11950.5498400291,59.05323460683826,59.92063343838345,80.56240670405862,20.0,kinematic,False,0,0.0,,,,random,event,3,0,0.06040899995696236,6.448117000104503,2883.333333333328
random-s0-0196,visibility,1,0,completed,True,False,3,3,0,,0.048273000174958725,0.016091000058319576,2260.0000000000014,2.8592749999916123,790.4101564230901,113,1,0,1,11465.109700536861,11288.161832242258,58.9826227648682,59.66929912581395,-90.55878614085856,20.0,kinematic,False,0,0.0,,,,random,once,0,0,0.048273000174958725,0.01860200006831292,2260.0000000000014
random-s0-0196,visibility,1,0,completed,True,False,3,394,0,,303.4772530000964,0.7702468350256254,2416.666666666663,319.46696900001825,7.564683992937388,145,0,0,0,11465.109700536861,11294.11340426966,59.11591282385385,59.72431236618866,178.0003520249038,20.0,kinematic,False,0,0.0,,,,random,cycle,31,0,0.20266999990781187,9.414222000032169,2416.666666666663
random-s0-0196,visibility,1,0,completed,True,False,3,398,0,,81.2269660000311,0.20408785427143492,2433.3333333333294,95.17770799993741,25.56621066494824,146,0,0,0,11465.109700536861,11292.768048102367,58.44408477159205,58.76587325626295,171.98671377435477,20.0,kinematic,False,0,0.0,,,,random,event,8,0,0.059412000041447754,9.459353000011106,2433.3333333333294
random-s0-0197,voronoi,1,0,completed,True,False,3,3,0,,4.256980000036492,1.4189933333454974,6459.99999999995,11.680275999992773,553.069122682028,323,0,0,0,15172.428629227175,14798.576539351403,58.77157303372696,59.785621815323445,258.05943992664936,20.0,kinematic,False,0,0.0,,,,random,once,0,0,4.256980000036492,4.064799999923707,6459.99999999995
random-s0-0197,voronoi,1,0,completed,True,False,3,399,0,,60.68912500029455,0.15210307017617683,2433.3333333333294,75.69177000004856,32.14792484482485,146,0,0,0,15172.428629227175,12539.731339289547,58.874798050520646,59.49809117952178,24.98018393737425,20.0,kinematic,False,0,0.0,,,,random,cycle,12,0,4.074851000154922,4.0155060000870435,2433.3333333333294
random-s0-0197,voronoi,1,0,completed,True,False,3,399,0,,19.32418099897859,0.048431531325760876,2433.3333333333294,33.78038099992864,72.03392209633367,146,0,0,0,15172.428629227175,12537.972909938713,58.96362570519647,59.76457414354922,24.98018393737425,20.0,kinematic,False,0,0.0,,,,random,event,1,0,4.081695000081709,4.017712000063511,2433.3333333333294
random-s0-0197,prm,1,0,completed,True,False,3,3,0,,6.28221199986001,2.0940706666200035,4279.999999999996,11.655715000074451,367.2018404681873,214,0,1,1,13518.505733206035,13178.18907111734,58.66254244811176,59.45853005847782,-22.244799286607275,20.0,kinematic,False,0,0.0,,,,random,once,0,0,6.28221199986001,6.241081999974085,4279.999999999996
random-s0-0197,prm,1,0,completed,True,False,3,430,0,,456.88380599960965,1.0625204790688596,2783.3333333333285,476.35566500002824,5.842973093084058,167,0,0,0,13518.505733206035,12917.780529515818,59.020103277863306,59.682107558284606,4.990464037969701,20.0,kinematic,False,0,0.0,,,,random,cycle,69,0,6.570451999891702,6.910311999945407,2783.3333333333285
random-s0-0197,prm,1,0,completed,True,False,3,396,0,,12.145270001838071,0.03066987374201533,2399.9999999999964,25.974725999958537,92.39750979486088,144,0,0,0,13518.505733206035,12183.590846445484,58.92254090568871,59.53379900163096,3.1734998601378095,20.0,kinematic,False,0,0.0,,,,random,event,0,0,5.971152999904916,5.928738999955385,2399.9999999999964
random-s0-0197,visibility,1,0,completed,True,False,3,3,0,,9.69200599990927,3.2306686666364235,3060.0000000000023,13.378729000010026,228.72127838135515,153,0,1,1,12330.578604972674,12151.600521496795,58.78026533752209,59.81169872670883,-4.560765508259692,20.0,kinematic,False,0,0.0,,,,random,once,0,0,9.69200599990927,9.652083999981187,3060.0000000000023
random-s0-0197,visibility,1,0,completed,True,False,3,443,0,,644.561540000609,1.4549921896176277,3116.6666666666606,663.1855850000647,4.699539219728903,187,0,0,0,12330.578604972674,12151.633271198678,58.78791789623401,59.12992997326686,0.21221587088058413,20.0,kinematic,False,0,0.0,,,,random,cycle,64,0,9.358470000051966,10.161777999996957,3116.6666666666606
random-s0-0197,visibility,1,0,completed,True,False,3,443,0,,26.41276499957712,0.05962249435570456,3116.6666666666606,42.574849999937214,73.20440745349089,187,0,0,0,12330.578604972674,12151.048094880061,59.002707749221486,59.774299532229286,0.6805824147247108,20.0,kinematic,False,0,0.0,,,,random,event,1,0,9.421689999953742,9.645869000109997,3116.6666666666606
random-s0-0198,voronoi,1,0,completed,True,False,3,3,0,,0.0989999999774227,0.03299999999247424,1980.0000000000014,2.574750999997377,769.0064010081046,99,0,1,1,7530.29563883345,7355.306271417391,58.3297891386857,59.082902455040866,-79.56804132080626,20.0,kinematic,False,0,0.0,,,,random,once,0,0,0.0989999999774227,0.045288000023901986,1980.0000000000014
random-s0-0198,voronoi,1,0,completed,True,False,3,341,0,,69.22469300025114,0.20300496481012065,2133.3333333333308,82.12289999994482,25.977325853504492,128,0,0,0,7530.29563883345,7779.957064348901,59.23058171281411,59.74839927634772,83.54163975389685,20.0,kinematic,False,0,0.0,,,,random,cycle,16,0,0.08211900012611295,3.8978069999302534,2133.3333333333308
random-s0-0198,voronoi,1,0,completed,True,False,3,343,0,,17.49386499955108,0.0510025218645804,2133.3333333333308,29.96109200000774,71.20345724824648,128,0,0,0,7530.29563883345,7860.620368592769,59.33471202893681,59.75410023887334,95.86898095170983,20.0,kinematic,False,0,0.0,,,,random,event,2,0,0.08677699986492371,3.876929999933054,2133.3333333333308
random-s0-0198,prm,1,0,completed,True,False,3,3,0,,0.054032000093684474,0.018010666697894823,1980.0000000000014,2.682099000026028,738.227783531028,99,0,1,1,7530.29563883345,7355.306271417391,58.3297891386857,59.082902455040866,-79.56804132080626,20.0,kinematic,False,0,0.0,,,,random,once,0,0,0.054032000093684474,0.025354000058541715,1980.0000000000014
random-s0-0198,prm,1,0,completed,True,False,3,340,0,,192.9194359995563,0.5674101058810479,2149.9999999999973,207.75636099995154,10.3486602751985,129,0,0,0,7530.29563883345,7466.811234735561,59.15682913670795,59.46700844110062,31.466165420033093,20.0,kinematic,False,0,0.0,,,,random,cycle,25,0,0.5251240000916368,6.773659999907977,2149.9999999999973
random-s0-0198,prm,1,0,completed,True,False,3,335,0,,18.010772000138786,0.053763498507876976,2066.6666666666642,29.966430000058608,68.96606191203364,124,0,0,0,7530.29563883345,7552.007615805118,59.119329801781305,59.46700844110062,70.85503806349462,20.0,kinematic,False,0,0.0,,,,random,event,2,0,0.057829999946079624,6.56565799999953,2066.6666666666642
random-s0-0198,visibility,1,0,completed,True,False,3,3,0,,0.04817799992906657,0.016059333309688856,1980.0000000000014,2.5300710000237814,782.586733724623,99,0,1,1,7530.29563883345,7355.306271417391,58.3297891386857,59.082902455040866,-79.56804132080626,20.0,kinematic,False,0,0.0,,,,random,once,0,0,0.04817799992906657,0.018694999994295358,1980.0000000000014
random-s0-0198,visibility,1,0,completed,True,False,3,398,0,,627.3675449989469,1.576300364318962,3083.333333333327,645.0625150000633,4.779898477487914,185,0,1,1,7530.29563883345,7473.161853476964,58.87445559618553,59.35862022747338,-127.22318075291099,20.0,kinematic,False,0,0.0,,,,random,cycle,64,26,0.1921689998880538,11.498853000034615,3083.333333333327
random-s0-0198,visibility,1,0,completed,True,False,3,398,0,,305.84852699905696,0.7684636356760225,3083.333333333327,321.8585920000123,9.579776367545934,185,0,1,1,7530.29563883345,7475.347512718542,58.87791817702384,59.35862022747338,-125.320508081534,20.0,kinematic,False,0,0.0,,,,random,event,31,26,0.06085799998345465,10.130688000003829,3083.333333333327
random-s0-0199,voronoi,1,0,completed,True,False,3,3,0,,0.11843699996916257,0.039478999989720855,2100.0000000000014,2.6832979999653617,782.6190009559542,105,0,0,0,10276.623000215273,10101.764277190747,58.286241008175644,58.635979887062064,81.55046089565309,20.0,kinematic,False,0,0.0,,,,random,once,0,0,0.11843699996916257,0.06360199995469884,2100.0000000000014
random-s0-0199,voronoi,1,0,completed,True,False,3,370,0,,33.977119999576644,0.09183005405290985,2099.9999999999973,47.83533099998749,43.90060560050366,126,0,0,0,10276.623000215273,10275.284907041281,59.285404843058785,59.58913756424586,81.48706558545274,20.0,kinematic,False,0,0.0,,,,random,cycle,6,0,0.07940800003325421,4.501010000012684,2099.9999999999973
random-s0-0199,voronoi,1,0,completed,True,False,3,372,0,,14.526693998732298,0.039050252684764246,2099.9999999999973,27.8227930000412,75.47768478875889,126,0,0,0,10276.623000215273,10346.35305258509,59.14206666067927,59.58913756424586,81.48706558545274,20.0,kinematic,False,0,0.0,,,,random,event,1,0,0.08940299983350997,3.9606599999615355,2099.9999999999973
random-s0-0199,prm,1,0,completed,True,False,3,3,0,,0.07655799993244727,0.025519333310815757,2100.0000000000014,2.7406489999748374,766.2418646164766,105,0,0,0,10276.623000215273,10101.764277190747,58.286241008175644,58.635979887062064,81.55046089565309,20.0,kinematic,False,0,0.0,,,,random,once,0,0,0.07655799993244727,0.040400999978373875,2100.0000000000014
random-s0-0199,prm,1,0,completed,True,False,3,368,0,,91.21367200032182,0.2478632391313093,2099.9999999999973,107.38356499996371,19.55606521352413,126,0,0,0,10276.623000215273,10155.371783433398,59.52039474086698,59.58913756424586,81.48706558545274,20.0,kinematic,False,0,0.0,,,,random,cycle,7,0,0.537494000013794,7.057101999976112,2099.9999999999973
random-s0-0199,prm,1,0,completed,True,False,3,368,0,,12.312893998455365,0.03345895108275915,2099.9999999999973,25.023996999948395,83.91944740100185,126,0,0,0,10276.623000215273,10155.371783433398,59.52039474086698,59.58913756424586,81.48706558545274,20.0,kinematic,False,0,0.0,,,,random,event,1,0,0.061852000044382294,6.458142999917982,2099.9999999999973
random-s0-0199,visibility,1,0,completed,True,False,3,3,0,,0.04789300010088482,0.015964333366961608,2100.0000000000014,2.760596000030091,760.7052969638117,105,0,0,0,10276.623000215273,10101.764277190747,58.286241008175644,58.635979887062064,81.55046089565309,20.0,kinematic,False,0,0.0,,,,random,once,0,0,0.04789300010088482,0.01881800005776313,2100.0000000000014
random-s0-0199,visibility,1,0,completed,True,False,3,369,0,,76.8548710000232,0.20827878319789483,2099.9999999999973,91.44743000001654,22.96401331343721,126,0,0,0,10276.623000215273,10100.702699516465,59.25091680344255,59.58913756424586,81.48706558545274,20.0,kinematic,False,0,0.0,,,,random,cycle,6,0,0.19546999999420223,10.40156700003081,2099.9999999999973
random-s0-0199,visibility,1,0,completed,True,False,3,369,0,,24.961749999761196,0.06764701896954253,2099.9999999999973,38.0022749999398,55.25984957488266,126,0,0,0,10276.623000215273,10099.210401415856,59.434713712433556,59.58913756424586,81.48706558545274,20.0,kinematic,False,0,0.0,,,,random,event,2,0,0.059571000065261615,9.61729200002992,2099.9999999999973
